"","DiscreteTrait","ContinuousTrait","Pval","ERRate","ERloglik","ERace","ARDRate0","ARDRate1","ARDloglik","ARDace","k2","convergence","simmapnumber","phylanovaP"
"1","CoopBreed","Syllable.rep.final",0.161044120154575,0.113341545698696,-218.167239158986,2.23458664156027,0.122688201955138,1.13341545698696e-05,-217.185041940846,2.23458125347192,3,"Optimization has converged.",1,0.738
"2","CoopBreed","Syllable.rep.final",0.700594949478068,0.113341545698696,-218.167239158986,2.23458664156027,0.121210144291512,0.0312748732237065,-218.093312316289,2.23453524902645,3,"Optimization has converged.",2,0.738
"3","CoopBreed","Syllable.rep.final",0.601475228165009,0.113341545698696,-218.167239158986,2.23458664156027,0.118913971456638,0.0587396524134742,-218.030850836667,2.2346305374081,3,"Optimization has converged.",3,0.738
"4","CoopBreed","Syllable.rep.final",0.529883379166955,0.113341545698696,-218.167239158986,2.23458664156027,0.106849403260753,0.171330734048671,-217.969931560031,2.23461894561658,3,"Optimization has converged.",4,0.738
"5","CoopBreed","Syllable.rep.final",0.0386079401476124,0.113341545698696,-218.167239158986,2.23458664156027,0.123694163219501,1.13341545698696e-05,-216.028221278824,2.23457459164954,3,"Optimization has converged.",5,0.738
"6","CoopBreed","Syllable.rep.final",0.992235757296015,0.113341545698696,-218.167239158986,2.23458664156027,0.113472488524652,0.112190244775125,-218.167191810969,2.23458633428806,3,"Optimization has converged.",6,0.738
"7","CoopBreed","Syllable.rep.final",0.060548367298549,0.113341545698696,-218.167239158986,2.23458664156027,0.122202297514551,1.13341545698696e-05,-216.406089143306,2.19274266339233,3,"Optimization has converged.",7,0.738
"8","CoopBreed","Syllable.rep.final",0.584183896790405,0.113341545698696,-218.167239158986,2.23458664156027,0.120099863826589,0.0494229159775193,-218.017479479733,2.23439596186864,3,"Optimization has converged.",8,0.738
"9","CoopBreed","Syllable.rep.final",0.782366684151255,0.113341545698696,-218.167239158986,2.23458664156027,0.116491736020153,0.0857876783239554,-218.129085950408,2.23455930197493,3,"Optimization has converged.",9,0.738
"10","CoopBreed","Syllable.rep.final",0.704306048324033,0.113341545698696,-218.167239158986,2.23458664156027,0.117407230252187,0.0744297220767432,-218.095223638233,2.23468380442226,3,"Optimization has converged.",10,0.738
"11","CoopBreed","Syllable.rep.final",0.527360343993395,0.113341545698696,-218.167239158986,2.23458664156027,0.121843496240102,0.0238570482384152,-217.967501495214,2.23460873398463,3,"Optimization has converged.",11,0.738
"12","CoopBreed","Syllable.rep.final",0.053331432076236,0.113341545698696,-218.167239158986,2.23458664156027,0.123458797543678,1.13341545698696e-05,-216.300487598839,2.23457942834843,3,"Optimization has converged.",12,0.738
"13","CoopBreed","Syllable.rep.final",0.148846466209147,0.113341545698696,-218.167239158986,2.23458664156027,0.122988320561567,1.13341545698696e-05,-217.125222731985,2.3231875066306,3,"Optimization has converged.",13,0.738
"14","CoopBreed","Syllable.rep.final",0.220059022585361,0.113341545698696,-218.167239158986,2.23458664156027,0.126169968423144,1.13341545698696e-05,-217.415246011314,2.23480622354775,3,"Optimization has converged.",14,0.738
"15","CoopBreed","Syllable.rep.final",0.42051196939499,0.113341545698696,-218.167239158986,2.23458664156027,0.102299423802135,0.223344003300717,-217.842797170112,2.26216759582392,3,"Optimization has converged.",15,0.738
"16","CoopBreed","Syllable.rep.final",0.23873912856839,0.113341545698696,-218.167239158986,2.23458664156027,0.123599483100558,0.0242621344269239,-217.473227295697,2.23478105841047,3,"Optimization has converged.",16,0.738
"17","CoopBreed","Syllable.rep.final",0.687451657990582,0.113341545698696,-218.167239158986,2.23458664156027,0.118544492716186,0.0709242896454054,-218.086310173875,2.23448393447412,3,"Optimization has converged.",17,0.738
"18","CoopBreed","Syllable.rep.final",0.757489338429486,0.113341545698696,-218.167239158986,2.23458664156027,0.105856095863421,0.177937972568509,-218.119566799281,2.23459177813444,3,"Optimization has converged.",18,0.738
"19","CoopBreed","Syllable.rep.final",0.187289433774445,0.113341545698696,-218.167239158986,2.23458664156027,0.12241441893258,1.13341545698696e-05,-217.297833195109,2.2345522808562,3,"Optimization has converged.",19,0.738
"20","CoopBreed","Syllable.rep.final",0.058412992649322,0.113341545698696,-218.167239158986,2.23458664156027,0.121123893910903,1.13341545698696e-05,-216.376298924376,2.23458658884327,3,"Optimization has converged.",20,0.738
"21","CoopBreed","Syllable.rep.final",0.079966905782915,0.113341545698696,-218.167239158986,2.23458664156027,0.122501403598522,1.13341545698696e-05,-216.634452056832,2.23458760466312,3,"Optimization has converged.",21,0.738
"22","CoopBreed","Syllable.rep.final",0.0771250511057793,0.113341545698696,-218.167239158986,2.23458664156027,0.122961612063881,1.13341545698696e-05,-216.605005255098,2.18516261890923,3,"Optimization has converged.",22,0.738
"23","CoopBreed","Syllable.rep.final",0.00189522392402878,0.113341545698696,-218.167239158986,2.23458664156027,0.0656336424968922,0.570363977963253,-213.343067299664,2.1319305825702,3,"Optimization has converged.",23,0.738
"24","CoopBreed","Syllable.rep.final",0.461112499121533,0.113341545698696,-218.167239158986,2.23458664156027,0.122328640239195,0.033441999105546,-217.895642721045,2.2620403801464,3,"Optimization has converged.",24,0.738
"25","CoopBreed","Syllable.rep.final",0.578438613355975,0.113341545698696,-218.167239158986,2.23458664156027,0.120902453338169,0.0536510928387953,-218.012856327514,2.24820011608568,3,"Optimization has converged.",25,0.738
"26","CoopBreed","Syllable.rep.final",0.0909632179886907,0.113341545698696,-218.167239158986,2.23458664156027,0.0886272164964825,0.325159949934272,-216.738617076261,2.23443778694101,3,"Optimization has converged.",26,0.738
"27","CoopBreed","Syllable.rep.final",0.148185647228459,0.113341545698696,-218.167239158986,2.23458664156027,0.0920733304979176,0.301380567891904,-217.121824697318,2.25577524121659,3,"Optimization has converged.",27,0.738
"28","CoopBreed","Syllable.rep.final",0.312849319924371,0.113341545698696,-218.167239158986,2.23458664156027,0.123840441284688,1.13341545698696e-05,-217.657934941709,2.23467135984906,3,"Optimization has converged.",28,0.738
"29","CoopBreed","Syllable.rep.final",0.133288122789163,0.113341545698696,-218.167239158986,2.23458664156027,0.124172311754546,1.13341545698696e-05,-217.040347182201,2.23455730506584,3,"Optimization has converged.",29,0.738
"30","CoopBreed","Syllable.rep.final",0.0491860360250578,0.113341545698696,-218.167239158986,2.23458664156027,0.0934253194133778,0.253528279185146,-216.23274286151,2.31322752260868,3,"Optimization has converged.",30,0.738
"31","CoopBreed","Syllable.rep.final",0.0356627300071707,0.113341545698696,-218.167239158986,2.23458664156027,0.120985365148749,1.13341545698696e-05,-215.960659389162,2.23457607660304,3,"Optimization has converged.",31,0.738
"32","CoopBreed","Syllable.rep.final",0.239045807689634,0.113341545698696,-218.167239158986,2.23458664156027,0.123974712734541,0.00285422471017831,-217.474133048381,2.20371553064086,3,"Optimization has converged.",32,0.738
"33","CoopBreed","Syllable.rep.final",0.686593041619889,0.113341545698696,-218.167239158986,2.23458664156027,0.117298925221385,0.0802761613223684,-218.085839949982,2.23436904357197,3,"Optimization has converged.",33,0.738
"34","CoopBreed","Syllable.rep.final",0.198135240945904,0.113341545698696,-218.167239158986,2.23458664156027,0.123988158744742,1.13341545698696e-05,-217.339205856782,2.20130478874827,3,"Optimization has converged.",34,0.738
"35","CoopBreed","Syllable.rep.final",0.0553094477286638,0.113341545698696,-218.167239158986,2.23458664156027,0.123670351016313,1.13341545698696e-05,-216.330873058831,2.27140641475088,3,"Optimization has converged.",35,0.738
"36","CoopBreed","Syllable.rep.final",0.107907650648247,0.113341545698696,-218.167239158986,2.23458664156027,0.122948997781329,1.13341545698696e-05,-216.874939052948,2.20443793128852,3,"Optimization has converged.",36,0.738
"37","CoopBreed","Syllable.rep.final",0.0359486043567043,0.113341545698696,-218.167239158986,2.23458664156027,0.121020377018336,1.13341545698696e-05,-215.967468651912,2.23460818419292,3,"Optimization has converged.",37,0.738
"38","CoopBreed","Syllable.rep.final",0.0228800487637854,0.113341545698696,-218.167239158986,2.23458664156027,0.123170013851174,1.13341545698586e-05,-215.578444570405,2.23458672900527,3,"Optimization has converged.",38,0.738
"39","CoopBreed","Syllable.rep.final",0.0283000710081081,0.113341545698696,-218.167239158986,2.23458664156027,0.12115351642454,1.13341545698696e-05,-215.762392186881,2.23454712423156,3,"Optimization has converged.",39,0.738
"40","CoopBreed","Syllable.rep.final",0.477995397176818,0.113341545698696,-218.167239158986,2.23458664156027,0.120641834461019,0.0408590077061838,-217.915522469112,2.21375179202286,3,"Optimization has converged.",40,0.738
"41","CoopBreed","Syllable.rep.final",0.96179034259786,0.113341545698696,-218.167239158986,2.23458664156027,0.113865208607975,0.108867152262709,-218.16609161758,2.23459987292975,3,"Optimization has converged.",41,0.738
"42","CoopBreed","Syllable.rep.final",0.399132642578843,0.113341545698696,-218.167239158986,2.23458664156027,0.123735012781378,1.13341545698696e-05,-217.811770231622,2.2346959746929,3,"Optimization has converged.",42,0.738
"43","CoopBreed","Syllable.rep.final",0.0648769274012686,0.113341545698696,-218.167239158986,2.23458664156027,0.121614749321697,1.13341545698696e-05,-216.463186896164,2.23457470840244,3,"Optimization has converged.",43,0.738
"44","CoopBreed","Syllable.rep.final",0.0248272838533862,0.113341545698696,-218.167239158986,2.23458664156027,0.0880148423034536,0.334293274595487,-215.649292658656,2.32165534203181,3,"Optimization has converged.",44,0.738
"45","CoopBreed","Syllable.rep.final",0.141751947212471,0.113341545698696,-218.167239158986,2.23458664156027,0.122309353210019,1.13341545698696e-05,-217.08782067999,2.23457370422892,3,"Optimization has converged.",45,0.738
"46","CoopBreed","Syllable.rep.final",0.560165682460527,0.113341545698696,-218.167239158986,2.23458664156027,0.105259655078833,0.193938691822631,-217.997530441348,2.23451333402433,3,"Optimization has converged.",46,0.738
"47","CoopBreed","Syllable.rep.final",0.382603171062854,0.113341545698696,-218.167239158986,2.23458664156027,0.123331423060905,0.0077012369397599,-217.786078698674,2.23457171819283,3,"Optimization has converged.",47,0.738
"48","CoopBreed","Syllable.rep.final",0.0415045177139941,0.113341545698696,-218.167239158986,2.23458664156027,0.123619751473589,1.13341545698696e-05,-216.089591132694,2.23462469467793,3,"Optimization has converged.",48,0.738
"49","CoopBreed","Syllable.rep.final",0.429684372091737,0.113341545698696,-218.167239158986,2.23458664156027,0.121238201931378,0.0318866225616592,-217.855400942,2.26119356632302,3,"Optimization has converged.",49,0.738
"50","CoopBreed","Syllable.rep.final",0.29226595959906,0.113341545698696,-218.167239158986,2.23458664156027,0.120955240811762,0.0252404525052159,-217.612662240581,2.23458577505509,3,"Optimization has converged.",50,0.738
"51","CoopBreed","Syllable.rep.final",0.811458975126712,0.113341545698696,-218.167239158986,2.23458664156027,0.110550101367929,0.138056379081786,-218.138787471993,2.23458798884468,3,"Optimization has converged.",51,0.738
"52","CoopBreed","Syllable.rep.final",0.112072935636702,0.113341545698696,-218.167239158986,2.23458664156027,0.12262290619036,1.13341545698696e-05,-216.904866933558,2.23456545217657,3,"Optimization has converged.",52,0.738
"53","CoopBreed","Syllable.rep.final",0.574776699359471,0.113341545698696,-218.167239158986,2.23458664156027,0.123637808379335,0.0268083311024073,-218.009861510273,2.2036780573902,3,"Optimization has converged.",53,0.738
"54","CoopBreed","Syllable.rep.final",0.0530316217533403,0.113341545698696,-218.167239158986,2.23458664156027,0.123609714674524,1.13341545698696e-05,-216.29577803822,2.18967864476694,3,"Optimization has converged.",54,0.738
"55","CoopBreed","Syllable.rep.final",0.00297791549164132,0.113341545698696,-218.167239158986,2.23458664156027,0.0790688545675277,0.378274572794347,-213.756764036407,2.2346420026711,3,"Optimization has converged.",55,0.738
"56","CoopBreed","Syllable.rep.final",0.103901011004652,0.113341545698696,-218.167239158986,2.23458664156027,0.123630944213745,1.13341545698696e-05,-216.844929251764,2.23458704465838,3,"Optimization has converged.",56,0.738
"57","CoopBreed","Syllable.rep.final",0.984190429215805,0.113341545698696,-218.167239158986,2.23458664156027,0.113069259707888,0.115881198949951,-218.167042828889,2.23458838411006,3,"Optimization has converged.",57,0.738
"58","CoopBreed","Syllable.rep.final",0.0537356347160177,0.113341545698696,-218.167239158986,2.23458664156027,0.119705344650883,1.13341545698696e-05,-216.30679281227,2.2345881306822,3,"Optimization has converged.",58,0.738
"59","CoopBreed","Syllable.rep.final",0.582624928465028,0.113341545698696,-218.167239158986,2.23458664156027,0.120382302266563,0.0510086673648679,-218.016234048292,2.23453687205848,3,"Optimization has converged.",59,0.738
"60","CoopBreed","Syllable.rep.final",0.9231585546512,0.113341545698696,-218.167239158986,2.23458664156027,0.112079219407937,0.124943772536715,-218.162587295635,2.23458661374682,3,"Optimization has converged.",60,0.738
"61","CoopBreed","Syllable.rep.final",0.223764901943122,0.113341545698696,-218.167239158986,2.23458664156027,0.121549719310146,0.0331342951813438,-217.427208414221,2.23450356245576,3,"Optimization has converged.",61,0.738
"62","CoopBreed","Syllable.rep.final",0.927930245559832,0.113341545698696,-218.167239158986,2.23458664156027,0.112135091324327,0.124615924849758,-218.163148628346,2.23452881410776,3,"Optimization has converged.",62,0.738
"63","CoopBreed","Syllable.rep.final",0.323325999829047,0.113341545698696,-218.167239158986,2.23458664156027,0.105605027647484,0.174220721687073,-217.679516748249,2.23457855081367,3,"Optimization has converged.",63,0.738
"64","CoopBreed","Syllable.rep.final",0.0979765207617194,0.113341545698696,-218.167239158986,2.23458664156027,0.123005291119001,1.13341545698696e-05,-216.798150983422,2.23457838259592,3,"Optimization has converged.",64,0.738
"65","CoopBreed","Syllable.rep.final",0.65103105213838,0.113341545698696,-218.167239158986,2.23458664156027,0.108260782066672,0.16057511244253,-218.064937809664,2.23452322474767,3,"Optimization has converged.",65,0.738
"66","CoopBreed","Syllable.rep.final",0.62077369646158,0.113341545698696,-218.167239158986,2.23458664156027,0.104082312226597,0.189963501075401,-218.044848341142,2.23457244919667,3,"Optimization has converged.",66,0.738
"67","CoopBreed","Syllable.rep.final",0.336954751299343,0.113341545698696,-218.167239158986,2.23458664156027,0.123716532347274,1.13341545698696e-05,-217.706247490936,2.27761545914937,3,"Optimization has converged.",67,0.738
"68","CoopBreed","Syllable.rep.final",0.00765777057778753,0.113341545698696,-218.167239158986,2.23458664156027,0.0784633565992752,0.420355631664136,-214.611333637597,2.14521852127856,3,"Optimization has converged.",68,0.738
"69","CoopBreed","Syllable.rep.final",0.152215087438959,0.113341545698696,-218.167239158986,2.23458664156027,0.124711140623249,1.13341545698696e-05,-217.142283657934,2.29528386343317,3,"Optimization has converged.",69,0.738
"70","CoopBreed","Syllable.rep.final",0.987324970801424,0.113341545698696,-218.167239158986,2.23458664156027,0.113522893943769,0.11195879374054,-218.167112969157,2.23458915378781,3,"Optimization has converged.",70,0.738
"71","CoopBreed","Syllable.rep.final",0.0986864123167555,0.113341545698696,-218.167239158986,2.23458664156027,0.125094504122828,1.13341545698696e-05,-216.803916776545,2.23457270731404,3,"Optimization has converged.",71,0.738
"72","CoopBreed","Syllable.rep.final",0.0345064450134464,0.113341545698696,-218.167239158986,2.23458664156027,0.121734472702427,1.13341545698696e-05,-215.932522767744,2.23459317892643,3,"Optimization has converged.",72,0.738
"73","CoopBreed","Syllable.rep.final",0.192050134476235,0.113341545698696,-218.167239158986,2.23458664156027,0.125077119520621,1.13341545698696e-05,-217.316329165724,2.23478411706892,3,"Optimization has converged.",73,0.738
"74","CoopBreed","Syllable.rep.final",0.220571838609997,0.113341545698696,-218.167239158986,2.23458664156027,0.12397977656115,1.13341545698696e-05,-217.416915663441,2.23456268275643,3,"Optimization has converged.",74,0.738
"75","CoopBreed","Syllable.rep.final",0.552071238754721,0.113341545698696,-218.167239158986,2.23458664156027,0.119714647839087,0.0483499221912083,-217.990429322866,2.23454404239557,3,"Optimization may not have converged.  Consider increasing maxit.",75,0.738
"76","CoopBreed","Syllable.rep.final",0.0370952956410531,0.113341545698696,-218.167239158986,2.23458664156027,0.0931357031989723,0.286809012066298,-215.994223537706,2.23429395351571,3,"Optimization has converged.",76,0.738
"77","CoopBreed","Syllable.rep.final",0.205073612466594,0.113341545698696,-218.167239158986,2.23458664156027,0.123877382737843,0.0152009686030358,-217.364305174912,2.23470011385921,3,"Optimization has converged.",77,0.738
"78","CoopBreed","Syllable.rep.final",0.103125758853729,0.113341545698696,-218.167239158986,2.23458664156027,0.124127274864062,1.13341545698696e-05,-216.838976250661,2.23454581028036,3,"Optimization has converged.",78,0.738
"79","CoopBreed","Syllable.rep.final",0.746599715009043,0.113341545698696,-218.167239158986,2.23458664156027,0.10740139998564,0.170903788232561,-218.115033908083,2.23459685774271,3,"Optimization has converged.",79,0.738
"80","CoopBreed","Syllable.rep.final",0.105663958522104,0.113341545698696,-218.167239158986,2.23458664156027,0.12344603094727,1.13341545698696e-05,-216.858287375971,2.23457599648398,3,"Optimization has converged.",80,0.738
"81","CoopBreed","Syllable.rep.final",0.0422046739177587,0.113341545698696,-218.167239158986,2.23458664156027,0.123015756321463,1.13341545698696e-05,-216.103750538957,2.2345626961907,3,"Optimization has converged.",81,0.738
"82","CoopBreed","Syllable.rep.final",3.64305924459163e-06,0.113341545698696,-218.167239158986,2.23458664156027,0.0561527255573087,0.6097261061197,-207.445217303887,2.23436755303618,3,"Optimization has converged.",82,0.738
"83","CoopBreed","Syllable.rep.final",0.0684643136976495,0.113341545698696,-218.167239158986,2.23458664156027,0.121083913561046,1.13341545698696e-05,-216.50750916146,2.23457065985607,3,"Optimization has converged.",83,0.738
"84","CoopBreed","Syllable.rep.final",0.141732398670088,0.113341545698696,-218.167239158986,2.23458664156027,0.122245624338489,1.13341545698696e-05,-217.087714729396,2.23460908824838,3,"Optimization has converged.",84,0.738
"85","CoopBreed","Syllable.rep.final",0.0473886604527361,0.113341545698696,-218.167239158986,2.23458664156027,0.120613426146062,1.13341545698696e-05,-216.201471479383,2.23459173866002,3,"Optimization has converged.",85,0.738
"86","CoopBreed","Syllable.rep.final",0.261663080373457,0.113341545698696,-218.167239158986,2.23458664156027,0.124382563142653,1.13341545698696e-05,-217.537270829113,2.23491307217319,3,"Optimization has converged.",86,0.738
"87","CoopBreed","Syllable.rep.final",0.0938861527734935,0.113341545698696,-218.167239158986,2.23458664156027,0.122096980210887,1.13341545698696e-05,-216.7640160922,2.23459077679666,3,"Optimization has converged.",87,0.738
"88","CoopBreed","Syllable.rep.final",0.05086240169134,0.113341545698696,-218.167239158986,2.23458664156027,0.120880301316191,1.13341545698696e-05,-216.26083987726,2.18531781479938,3,"Optimization has converged.",88,0.738
"89","CoopBreed","Syllable.rep.final",0.299110830058798,0.113341545698696,-218.167239158986,2.23458664156027,0.123660142104328,0.00729449602636805,-217.62816203396,2.23442889329232,3,"Optimization has converged.",89,0.738
"90","CoopBreed","Syllable.rep.final",0.175468049691985,0.113341545698696,-218.167239158986,2.23458664156027,0.122458935106264,1.13341545698696e-05,-217.249441364528,2.23454883149608,3,"Optimization has converged.",90,0.738
"91","CoopBreed","Syllable.rep.final",0.133108441501787,0.113341545698696,-218.167239158986,2.23458664156027,0.122417985988115,1.13341545698696e-05,-217.039303065239,2.23455968644909,3,"Optimization has converged.",91,0.738
"92","CoopBreed","Syllable.rep.final",0.293559616603301,0.113341545698696,-218.167239158986,2.23458664156027,0.124693552593564,1.13341545698696e-05,-217.615627063838,2.23458787988438,3,"Optimization has converged.",92,0.738
"93","CoopBreed","Syllable.rep.final",0.386336657220848,0.113341545698696,-218.167239158986,2.23458664156027,0.0892009354241375,0.376464936695384,-217.792018680702,2.23455118866047,3,"Optimization has converged.",93,0.738
"94","CoopBreed","Syllable.rep.final",0.0449207442249504,0.113341545698696,-218.167239158986,2.23458664156027,0.119633253547947,1.13341545698696e-05,-216.156432886389,2.23458595325689,3,"Optimization has converged.",94,0.738
"95","CoopBreed","Syllable.rep.final",0.48091291065786,0.113341545698696,-218.167239158986,2.23458664156027,0.121407716493444,0.035136478007224,-217.918842954555,2.20849408348413,3,"Optimization has converged.",95,0.738
"96","CoopBreed","Syllable.rep.final",0.516188283451772,0.113341545698696,-218.167239158986,2.23458664156027,0.124295060851316,0.00373229298681329,-217.956487915899,2.27960816079674,3,"Optimization has converged.",96,0.738
"97","CoopBreed","Syllable.rep.final",0.874600503948493,0.113341545698696,-218.167239158986,2.23458664156027,0.110900575651773,0.134398059167169,-218.154785956402,2.23465220122201,3,"Optimization has converged.",97,0.738
"98","CoopBreed","Syllable.rep.final",0.0184898722731032,0.113341545698696,-218.167239158986,2.23458664156027,0.12241856821112,1.13341545698696e-05,-215.392674025618,2.23458102670264,3,"Optimization has converged.",98,0.738
"99","CoopBreed","Syllable.rep.final",0.168384710138513,0.113341545698696,-218.167239158986,2.23458664156027,0.122164721889961,0.0297912363029027,-217.218606381962,2.23458423866383,3,"Optimization has converged.",99,0.738
"100","CoopBreed","Syllable.rep.final",0.0325062542777772,0.113341545698696,-218.167239158986,2.23458664156027,0.123369246932604,1.13341545698696e-05,-215.881440806954,2.23460747433317,3,"Optimization has converged.",100,0.738
"101","CoopBreed","Syllable.rep.final",0.206005065613406,0.113341545698696,-218.167239158986,2.23458664156027,0.0997773823009396,0.224844161373524,-217.367598420403,2.23458572316214,3,"Optimization has converged.",101,0.738
"102","CoopBreed","Syllable.rep.final",0.132263951778467,0.113341545698696,-218.167239158986,2.23458664156027,0.123837114906189,1.13341545698696e-05,-217.034374608173,2.25804985633558,3,"Optimization has converged.",102,0.738
"103","CoopBreed","Syllable.rep.final",0.917888947535994,0.113341545698696,-218.167239158986,2.23458664156027,0.114792198295875,0.102137193084789,-218.161925047984,2.23457395431726,3,"Optimization has converged.",103,0.738
"104","CoopBreed","Syllable.rep.final",0.0366083963259213,0.113341545698696,-218.167239158986,2.23458664156027,0.121780965941994,1.13341545698696e-05,-215.982970347889,2.23463727590487,3,"Optimization has converged.",104,0.738
"105","CoopBreed","Syllable.rep.final",0.150524379605661,0.113341545698696,-218.167239158986,2.23458664156027,0.12659361467019,1.13341545698696e-05,-217.133774782354,2.27426598437214,3,"Optimization has converged.",105,0.738
"106","CoopBreed","Syllable.rep.final",0.634820451332827,0.113341545698696,-218.167239158986,2.23458664156027,0.116785813108423,0.0785104189796674,-218.054448968045,2.23466092243425,3,"Optimization has converged.",106,0.738
"107","CoopBreed","Syllable.rep.final",0.0182504749319434,0.113341545698696,-218.167239158986,2.23458664156027,0.120167618748298,1.13341545698696e-05,-215.381266547167,2.23458568526323,3,"Optimization has converged.",107,0.738
"108","CoopBreed","Syllable.rep.final",0.348549812381749,0.113341545698696,-218.167239158986,2.23458664156027,0.12273460633544,1.13341545698696e-05,-217.727874257747,2.23454182557821,3,"Optimization has converged.",108,0.738
"109","CoopBreed","Syllable.rep.final",0.375514091532486,0.113341545698696,-218.167239158986,2.23458664156027,0.125260120562511,0.00307081555121516,-217.77457105766,2.23434976994379,3,"Optimization has converged.",109,0.738
"110","CoopBreed","Syllable.rep.final",0.0812731372725348,0.113341545698696,-218.167239158986,2.23458664156027,0.122719045061313,1.13341545698696e-05,-216.647610947178,2.17265346015517,3,"Optimization has converged.",110,0.738
"111","CoopBreed","Syllable.rep.final",0.0141064978298824,0.113341545698696,-218.167239158986,2.23458664156027,0.120952162031248,1.13341545698586e-05,-215.154855907763,2.23458428658431,3,"Optimization has converged.",111,0.738
"112","CoopBreed","Syllable.rep.final",0.0548829828115883,0.113341545698696,-218.167239158986,2.23458664156027,0.121162644020038,1.13341545698696e-05,-216.324420342401,2.18961765676484,3,"Optimization has converged.",112,0.738
"113","CoopBreed","Syllable.rep.final",0.450675322196839,0.113341545698696,-218.167239158986,2.23458664156027,0.124863501819514,0.00468447045413826,-217.882762729004,2.18899983809668,3,"Optimization has converged.",113,0.738
"114","CoopBreed","Syllable.rep.final",0.134027706254079,0.113341545698696,-218.167239158986,2.23458664156027,0.123949407581076,1.13341545698696e-05,-217.04462835638,2.23462277201487,3,"Optimization has converged.",114,0.738
"115","CoopBreed","Syllable.rep.final",0.916980015601961,0.113341545698696,-218.167239158986,2.23458664156027,0.110531411501986,0.135324784238718,-218.161806317851,2.23456838217092,3,"Optimization has converged.",115,0.738
"116","CoopBreed","Syllable.rep.final",0.588895785990394,0.113341545698696,-218.167239158986,2.23458664156027,0.118595060275624,0.0656439649699037,-218.021203153206,2.21930048558334,3,"Optimization has converged.",116,0.738
"117","CoopBreed","Syllable.rep.final",0.0338119539406865,0.113341545698696,-218.167239158986,2.23458664156027,0.123705510424439,1.13341545698696e-05,-215.915145351819,2.23459587789236,3,"Optimization has converged.",117,0.738
"118","CoopBreed","Syllable.rep.final",0.841641679263979,0.113341545698696,-218.167239158986,2.23458664156027,0.110667578368662,0.136505465900252,-218.147280333997,2.23458467142688,3,"Optimization may not have converged.  Consider increasing maxit.",118,0.738
"119","CoopBreed","Syllable.rep.final",0.0194486645691958,0.113341545698696,-218.167239158986,2.23458664156027,0.120664806908281,1.13341545698696e-05,-215.436880654006,2.23454956231036,3,"Optimization has converged.",119,0.738
"120","CoopBreed","Syllable.rep.final",0.698341139270924,0.113341545698696,-218.167239158986,2.23458664156027,0.108551235780559,0.164100525785364,-218.092137501679,2.23465968144905,3,"Optimization has converged.",120,0.738
"121","CoopBreed","Syllable.rep.final",0.41246306879445,0.113341545698696,-218.167239158986,2.23458664156027,0.118159049760654,0.0598877599144593,-217.831394234921,2.2348841375671,3,"Optimization has converged.",121,0.738
"122","CoopBreed","Syllable.rep.final",0.0602293602708099,0.113341545698696,-218.167239158986,2.23458664156027,0.125216207608989,1.13341545698696e-05,-216.401710383893,2.3143534054585,3,"Optimization has converged.",122,0.738
"123","CoopBreed","Syllable.rep.final",0.356415685670518,0.113341545698696,-218.167239158986,2.23458664156027,0.0996166187203387,0.271222031186036,-217.741997571176,2.20203355523613,3,"Optimization has converged.",123,0.738
"124","CoopBreed","Syllable.rep.final",0.920367833366183,0.113341545698696,-218.167239158986,2.23458664156027,0.114201969507613,0.104313481064959,-218.162242119593,2.23460392287305,3,"Optimization has converged.",124,0.738
"125","CoopBreed","Syllable.rep.final",0.22750220692259,0.113341545698696,-218.167239158986,2.23458664156027,0.123393011414751,1.13341545698696e-05,-217.439034205208,2.18327199630751,3,"Optimization has converged.",125,0.738
"126","CoopBreed","Syllable.rep.final",0.537981552915025,0.113341545698696,-218.167239158986,2.23458664156027,0.119231702288837,0.0594251284580905,-217.977592378224,2.23447557442545,3,"Optimization has converged.",126,0.738
"127","CoopBreed","Syllable.rep.final",0.0643304938042972,0.113341545698696,-218.167239158986,2.23458664156027,0.124532201821163,1.13341545698696e-05,-216.456206618536,2.23458134366974,3,"Optimization has converged.",127,0.738
"128","CoopBreed","Syllable.rep.final",0.0440687059340612,0.113341545698696,-218.167239158986,2.23458664156027,0.122715995225552,1.13341545698696e-05,-216.140275447687,2.23462697489247,3,"Optimization has converged.",128,0.738
"129","CoopBreed","Syllable.rep.final",0.287026333318168,0.113341545698696,-218.167239158986,2.23458664156027,0.122428877587147,0.0139763680690471,-217.600480507114,2.2343095463966,3,"Optimization has converged.",129,0.738
"130","CoopBreed","Syllable.rep.final",0.271568563173,0.113341545698696,-218.167239158986,2.23458664156027,0.101734470406611,0.216029376472595,-217.562835764706,2.23425555638581,3,"Optimization has converged.",130,0.738
"131","CoopBreed","Syllable.rep.final",0.398116672650756,0.113341545698696,-218.167239158986,2.23458664156027,0.12172863006744,0.022354790464002,-217.810235487708,2.197613962313,3,"Optimization has converged.",131,0.738
"132","CoopBreed","Syllable.rep.final",0.000472327970179698,0.113341545698696,-218.167239158986,2.23458664156027,0.0687476026996551,0.520963957604497,-212.056308721893,2.290349871387,3,"Optimization has converged.",132,0.738
"133","CoopBreed","Syllable.rep.final",0.674351947044746,0.113341545698696,-218.167239158986,2.23458664156027,0.11781369896065,0.0753807175559995,-218.078962382531,2.23465729220389,3,"Optimization has converged.",133,0.738
"134","CoopBreed","Syllable.rep.final",0.296201576284851,0.113341545698696,-218.167239158986,2.23458664156027,0.121838836484957,0.0423326132612038,-217.621630338196,2.23455522597325,3,"Optimization has converged.",134,0.738
"135","CoopBreed","Syllable.rep.final",0.0821370775566486,0.113341545698696,-218.167239158986,2.23458664156027,0.123493544826432,1.13341545698696e-05,-216.656189504223,2.26795011974012,3,"Optimization has converged.",135,0.738
"136","CoopBreed","Syllable.rep.final",0.471347349738981,0.113341545698696,-218.167239158986,2.23458664156027,0.120076119891169,0.0453898570436209,-217.907831357479,2.23461630802132,3,"Optimization has converged.",136,0.738
"137","CoopBreed","Syllable.rep.final",0.256432729552681,0.113341545698696,-218.167239158986,2.23458664156027,0.097109400306947,0.252303960825785,-217.523282157686,2.2001410665888,3,"Optimization has converged.",137,0.738
"138","CoopBreed","Syllable.rep.final",0.0857070795125933,0.113341545698696,-218.167239158986,2.23458664156027,0.0959250033174116,0.280783562841992,-216.690633357658,2.2890649448231,3,"Optimization has converged.",138,0.738
"139","CoopBreed","Syllable.rep.final",0.710369486092016,0.113341545698696,-218.167239158986,2.23458664156027,0.116896579472467,0.0776244428670989,-218.098285070039,2.23462046715377,3,"Optimization has converged.",139,0.738
"140","CoopBreed","Syllable.rep.final",0.0666664097225053,0.113341545698696,-218.167239158986,2.23458664156027,0.0882605561170403,0.420338788138217,-216.485614539325,2.24512491488277,3,"Optimization has converged.",140,0.738
"141","CoopBreed","Syllable.rep.final",0.338171301455729,0.113341545698696,-218.167239158986,2.23458664156027,0.123423894487537,0.0249841745654442,-217.708563327916,2.28913449777532,3,"Optimization has converged.",141,0.738
"142","CoopBreed","Syllable.rep.final",0.0837615125242387,0.113341545698696,-218.167239158986,2.23458664156027,0.122363011074169,1.13341545698696e-05,-216.672058842233,2.23458944155426,3,"Optimization has converged.",142,0.738
"143","CoopBreed","Syllable.rep.final",0.837739540150666,0.113341545698696,-218.167239158986,2.23458664156027,0.110848790314733,0.135220100174719,-218.146270562324,2.23458847455443,3,"Optimization has converged.",143,0.738
"144","CoopBreed","Syllable.rep.final",0.507483690102033,0.113341545698696,-218.167239158986,2.23458664156027,0.123431997478571,1.13341545698696e-05,-217.947613144401,2.23438903938199,3,"Optimization has converged.",144,0.738
"145","CoopBreed","Syllable.rep.final",0.0285264367125271,0.113341545698696,-218.167239158986,2.23458664156027,0.0786388957526235,0.511329944282086,-215.769255586455,2.31970726200377,3,"Optimization has converged.",145,0.738
"146","CoopBreed","Syllable.rep.final",0.200831764564343,0.113341545698696,-218.167239158986,2.23458664156027,0.121954121189813,1.13341545698696e-05,-217.34908147393,2.23443780686901,3,"Optimization has converged.",146,0.738
"147","CoopBreed","Syllable.rep.final",0.10707120413172,0.113341545698696,-218.167239158986,2.23458664156027,0.122861122290208,1.13341545698696e-05,-216.868776118979,2.23458376772166,3,"Optimization has converged.",147,0.738
"148","CoopBreed","Syllable.rep.final",0.00417268637228812,0.113341545698696,-218.167239158986,2.23458664156027,0.0794478897813867,0.359792596440351,-214.063690818832,2.23456423474048,3,"Optimization has converged.",148,0.738
"149","CoopBreed","Syllable.rep.final",0.189552409804208,0.113341545698696,-218.167239158986,2.23458664156027,0.124592708752246,1.13341545698696e-05,-217.30669264792,2.29798724970148,3,"Optimization has converged.",149,0.738
"150","CoopBreed","Syllable.rep.final",0.0287178095122344,0.113341545698696,-218.167239158986,2.23458664156027,0.121457267213051,1.13341545698696e-05,-215.775013923335,2.23457840459656,3,"Optimization has converged.",150,0.738
"151","CoopBreed","Syllable.rep.final",0.348622397813905,0.113341545698696,-218.167239158986,2.23458664156027,0.12071066173537,0.0425719527355313,-217.728006566753,2.23453108631516,3,"Optimization has converged.",151,0.738
"152","CoopBreed","Syllable.rep.final",0.324216782462274,0.113341545698696,-218.167239158986,2.23458664156027,0.0994846671425315,0.232850778486197,-217.681309248336,2.23463642108165,3,"Optimization has converged.",152,0.738
"153","CoopBreed","Syllable.rep.final",0.0449555438557676,0.113341545698696,-218.167239158986,2.23458664156027,0.120973183906939,1.13341545698696e-05,-216.157085926225,2.2346173762688,3,"Optimization has converged.",153,0.738
"154","CoopBreed","Syllable.rep.final",0.238775498747662,0.113341545698696,-218.167239158986,2.23458664156027,0.123267333473848,1.13341545698696e-05,-217.473334785976,2.23451667259924,3,"Optimization has converged.",154,0.738
"155","CoopBreed","Syllable.rep.final",0.0879277047494932,0.113341545698696,-218.167239158986,2.23458664156027,0.121850457567431,1.13341545698696e-05,-216.711284329162,2.19024537225848,3,"Optimization has converged.",155,0.738
"156","CoopBreed","Syllable.rep.final",0.0547837181267498,0.113341545698696,-218.167239158986,2.23458664156027,0.121181772642119,1.13341545698696e-05,-216.322910770808,2.18194254502764,3,"Optimization has converged.",156,0.738
"157","CoopBreed","Syllable.rep.final",0.0940553773244033,0.113341545698696,-218.167239158986,2.23458664156027,0.122296008058103,1.13341545698696e-05,-216.765460162318,2.23458941458496,3,"Optimization may not have converged.  Consider increasing maxit.",157,0.738
"158","CoopBreed","Syllable.rep.final",0.115572857889529,0.113341545698696,-218.167239158986,2.23458664156027,0.123196328505027,1.13341545698696e-05,-216.929082412252,2.2802357380812,3,"Optimization may not have converged.  Consider increasing maxit.",158,0.738
"159","CoopBreed","Syllable.rep.final",0.00217324056260994,0.113341545698696,-218.167239158986,2.23458664156027,0.0697137553542384,0.529644384902741,-213.468668608396,2.1411778924805,3,"Optimization has converged.",159,0.738
"160","CoopBreed","Syllable.rep.final",0.000381870497930855,0.113341545698696,-218.167239158986,2.23458664156027,0.0596105841881082,0.581284234819391,-211.857800214188,2.15510569195926,3,"Optimization has converged.",160,0.738
"161","CoopBreed","Syllable.rep.final",0.407214392143953,0.113341545698696,-218.167239158986,2.23458664156027,0.126229050709007,1.13341545698696e-05,-217.823779758486,2.2066631310637,3,"Optimization has converged.",161,0.738
"162","CoopBreed","Syllable.rep.final",0.147449532666222,0.113341545698696,-218.167239158986,2.23458664156027,0.122568834237733,0.00728448857366621,-217.118019275223,2.23452706306835,3,"Optimization has converged.",162,0.738
"163","CoopBreed","Syllable.rep.final",0.119778972816611,0.113341545698696,-218.167239158986,2.23458664156027,0.123509428890519,1.13341545698696e-05,-216.957134815873,2.23459328136824,3,"Optimization has converged.",163,0.738
"164","CoopBreed","Syllable.rep.final",0.0269220529003119,0.113341545698696,-218.167239158986,2.23458664156027,0.121488191197257,1.13341545698696e-05,-215.719337738048,2.2345791780874,3,"Optimization has converged.",164,0.738
"165","CoopBreed","Syllable.rep.final",0.13333129230902,0.113341545698696,-218.167239158986,2.23458664156027,0.0933496404030646,0.270938957743155,-217.040597803336,2.28573805016402,3,"Optimization has converged.",165,0.738
"166","CoopBreed","Syllable.rep.final",0.261579436804127,0.113341545698696,-218.167239158986,2.23458664156027,0.125924406779107,0.00352877431912209,-217.537049853329,2.23454295187108,3,"Optimization has converged.",166,0.738
"167","CoopBreed","Syllable.rep.final",0.0963342195215654,0.113341545698696,-218.167239158986,2.23458664156027,0.0770416445877658,0.46983326116414,-216.784635614803,2.38518894566546,3,"Optimization has converged.",167,0.738
"168","CoopBreed","Syllable.rep.final",0.188002697239204,0.113341545698696,-218.167239158986,2.23458664156027,0.122055868974294,1.13341545698696e-05,-217.300638977872,2.23454431697304,3,"Optimization has converged.",168,0.738
"169","CoopBreed","Syllable.rep.final",0.918425334848968,0.113341545698696,-218.167239158986,2.23458664156027,0.112215500829275,0.127422454907813,-218.16199449214,2.23459078457017,3,"Optimization has converged.",169,0.738
"170","CoopBreed","Syllable.rep.final",0.0751038976325255,0.113341545698696,-218.167239158986,2.23458664156027,0.124925640305907,1.13341545698696e-05,-216.583342954412,2.2346188061683,3,"Optimization has converged.",170,0.738
"171","CoopBreed","Syllable.rep.final",0.483197379780304,0.113341545698696,-218.167239158986,2.23458664156027,0.123067269688253,0.00863519423155878,-217.921419980463,2.17231249479333,3,"Optimization has converged.",171,0.738
"172","CoopBreed","Syllable.rep.final",0.936876532042984,0.113341545698696,-218.167239158986,2.23458664156027,0.114390943912247,0.104972582385838,-218.164103136452,2.23458819367928,3,"Optimization has converged.",172,0.738
"173","CoopBreed","Syllable.rep.final",0.0273742584938142,0.113341545698696,-218.167239158986,2.23458664156027,0.123965824372183,1.13341545698696e-05,-215.733714191735,2.23458505438502,3,"Optimization has converged.",173,0.738
"174","CoopBreed","Syllable.rep.final",0.205238105905632,0.113341545698696,-218.167239158986,2.23458664156027,0.121790062672521,0.0109117735018434,-217.364888039696,2.23455069510887,3,"Optimization has converged.",174,0.738
"175","CoopBreed","Syllable.rep.final",0.890264029483932,0.113341545698696,-218.167239158986,2.23458664156027,0.114955608490321,0.0980565350355731,-218.157721281462,2.23467495587258,3,"Optimization has converged.",175,0.738
"176","CoopBreed","Syllable.rep.final",0.667465342959956,0.113341545698696,-218.167239158986,2.23458664156027,0.106277697473743,0.18297219120609,-218.07494850487,2.23461012907032,3,"Optimization has converged.",176,0.738
"177","CoopBreed","Syllable.rep.final",0.93546073218057,0.113341545698696,-218.167239158986,2.23458664156027,0.114415438257699,0.104716968614316,-218.163960571454,2.23457641512427,3,"Optimization has converged.",177,0.738
"178","CoopBreed","Syllable.rep.final",0.459080958255371,0.113341545698696,-218.167239158986,2.23458664156027,0.103518944596492,0.20553419096121,-217.893171931526,2.1950354360193,3,"Optimization has converged.",178,0.738
"179","CoopBreed","Syllable.rep.final",0.0695536181929958,0.113341545698696,-218.167239158986,2.23458664156027,0.121489682789376,1.13341545698696e-05,-216.520477453571,2.23454863753227,3,"Optimization has converged.",179,0.738
"180","CoopBreed","Syllable.rep.final",0.0578183101827882,0.113341545698696,-218.167239158986,2.23458664156027,0.120358877466961,1.13341545698696e-05,-216.367796262293,2.23457902362296,3,"Optimization has converged.",180,0.738
"181","CoopBreed","Syllable.rep.final",0.0726339118852827,0.113341545698696,-218.167239158986,2.23458664156027,0.122983747330435,1.13341545698696e-05,-216.556003689879,2.23460600988653,3,"Optimization has converged.",181,0.738
"182","CoopBreed","Syllable.rep.final",0.907435529153314,0.113341545698696,-218.167239158986,2.23458664156027,0.115238112101981,0.0978768120888973,-218.160479357744,2.23463514858768,3,"Optimization has converged.",182,0.738
"183","CoopBreed","Syllable.rep.final",0.595181637019117,0.113341545698696,-218.167239158986,2.23458664156027,0.120414653002904,0.0558236057727798,-218.026076869124,2.27949290978263,3,"Optimization has converged.",183,0.738
"184","CoopBreed","Syllable.rep.final",0.339998221136019,0.113341545698696,-218.167239158986,2.23458664156027,0.123498013670254,0.00403879783848444,-217.712020140121,2.23442589063846,3,"Optimization has converged.",184,0.738
"185","CoopBreed","Syllable.rep.final",0.0676467469758549,0.113341545698696,-218.167239158986,2.23458664156027,0.12137320448795,1.13341545698696e-05,-216.49763010103,2.23459903848971,3,"Optimization has converged.",185,0.738
"186","CoopBreed","Syllable.rep.final",0.974931627574667,0.113341545698696,-218.167239158986,2.23458664156027,0.113818918629804,0.108663771961177,-218.166745434012,2.23458620084088,3,"Optimization has converged.",186,0.738
"187","CoopBreed","Syllable.rep.final",0.944565193192737,0.113341545698696,-218.167239158986,2.23458664156027,0.112409318328413,0.122078944007926,-218.164821724845,2.23458806407146,3,"Optimization has converged.",187,0.738
"188","CoopBreed","Syllable.rep.final",0.306644152830724,0.113341545698696,-218.167239158986,2.23458664156027,0.0972122883364795,0.267710490455766,-217.644701791405,2.23481017697766,3,"Optimization has converged.",188,0.738
"189","CoopBreed","Syllable.rep.final",0.737743792321774,0.113341545698696,-218.167239158986,2.23458664156027,0.119151225036825,0.0529179935505397,-218.111179361787,2.20852570828688,3,"Optimization has converged.",189,0.738
"190","CoopBreed","Syllable.rep.final",0.265011012362124,0.113341545698696,-218.167239158986,2.23458664156027,0.12427034914751,1.13341545698696e-05,-217.546044349123,2.2347316487032,3,"Optimization has converged.",190,0.738
"191","CoopBreed","Syllable.rep.final",0.137545859127636,0.113341545698696,-218.167239158986,2.23458664156027,0.123257396153137,1.13341545698696e-05,-217.064638067004,2.23462573014416,3,"Optimization has converged.",191,0.738
"192","CoopBreed","Syllable.rep.final",0.121942536953599,0.113341545698696,-218.167239158986,2.23458664156027,0.124534127504863,1.13341545698696e-05,-216.971143167205,2.23457645903813,3,"Optimization has converged.",192,0.738
"193","CoopBreed","Syllable.rep.final",0.0527586374867147,0.113341545698696,-218.167239158986,2.23458664156027,0.124324108149307,1.13341545698696e-05,-216.291465289336,2.23456302494652,3,"Optimization has converged.",193,0.738
"194","CoopBreed","Syllable.rep.final",0.0355288388021388,0.113341545698696,-218.167239158986,2.23458664156027,0.122427271456613,1.13341545698696e-05,-215.957450560406,2.23458988364253,3,"Optimization has converged.",194,0.738
"195","CoopBreed","Syllable.rep.final",0.943945121636534,0.113341545698696,-218.167239158986,2.23458664156027,0.114510641369204,0.100159847468163,-218.164767251772,2.23453562037937,3,"Optimization has converged.",195,0.738
"196","CoopBreed","Syllable.rep.final",0.0382274864199052,0.113341545698696,-218.167239158986,2.23458664156027,0.122840260797244,1.13341545698696e-05,-216.019803445413,2.23456040553114,3,"Optimization has converged.",196,0.738
"197","CoopBreed","Syllable.rep.final",0.925012892464977,0.113341545698696,-218.167239158986,2.23458664156027,0.114751597537218,0.0994903380670669,-218.162809760322,2.2345357912921,3,"Optimization has converged.",197,0.738
"198","CoopBreed","Syllable.rep.final",0.0432024720054967,0.113341545698696,-218.167239158986,2.23458664156027,0.120111243645545,1.13341545698696e-05,-216.12350823037,2.23460004562398,3,"Optimization has converged.",198,0.738
"199","CoopBreed","Syllable.rep.final",0.40749743753986,0.113341545698696,-218.167239158986,2.23458664156027,0.102099171318488,0.224144694254005,-217.824194054024,2.19323983944988,3,"Optimization has converged.",199,0.738
"200","CoopBreed","Syllable.rep.final",0.0754879149945282,0.113341545698696,-218.167239158986,2.23458664156027,0.122776001974142,1.13341545698696e-05,-216.587506623449,2.23457494313011,3,"Optimization has converged.",200,0.738
"201","CoopBreed","Syllable.rep.final",0.029195291110934,0.113341545698696,-218.167239158986,2.23458664156027,0.086863124628262,0.388149764663248,-215.789208734041,2.23465677817788,3,"Optimization has converged.",201,0.738
"202","CoopBreed","Syllable.rep.final",0.106841167005133,0.113341545698696,-218.167239158986,2.23458664156027,0.122211363361977,1.13341545698696e-05,-216.867071939258,2.26324586837671,3,"Optimization has converged.",202,0.738
"203","CoopBreed","Syllable.rep.final",0.183727279605656,0.113341545698696,-218.167239158986,2.23458664156027,0.12602184858014,1.13341545698696e-05,-217.283632300018,2.23441679539139,3,"Optimization has converged.",203,0.738
"204","CoopBreed","Syllable.rep.final",0.832423426260257,0.113341545698696,-218.167239158986,2.23458664156027,0.110262857861247,0.141635811654826,-218.144853049745,2.23458777845963,3,"Optimization has converged.",204,0.738
"205","CoopBreed","Syllable.rep.final",0.00688384957870718,0.113341545698696,-218.167239158986,2.23458664156027,0.0635539996858067,0.627426677800943,-214.515725047849,2.23461986877067,3,"Optimization has converged.",205,0.738
"206","CoopBreed","Syllable.rep.final",0.304399753425738,0.113341545698696,-218.167239158986,2.23458664156027,0.126590788766005,1.13341545698696e-05,-217.639829486412,2.29249615577681,3,"Optimization has converged.",206,0.738
"207","CoopBreed","Syllable.rep.final",0.105986374169919,0.113341545698696,-218.167239158986,2.23458664156027,0.123110644562709,1.13341545698696e-05,-216.860703937665,2.21055040975274,3,"Optimization has converged.",207,0.738
"208","CoopBreed","Syllable.rep.final",0.315581125338728,0.113341545698696,-218.167239158986,2.23458664156027,0.103806677572768,0.177609025186066,-217.663652806306,2.23459700851006,3,"Optimization has converged.",208,0.738
"209","CoopBreed","Syllable.rep.final",0.155093803067861,0.113341545698696,-218.167239158986,2.23458664156027,0.12228192672626,1.13341545698696e-05,-217.156527970904,2.23456282663089,3,"Optimization has converged.",209,0.738
"210","CoopBreed","Syllable.rep.final",0.462396293884485,0.113341545698696,-218.167239158986,2.23458664156027,0.104702499978811,0.199325754757092,-217.897195201454,2.23475995545481,3,"Optimization has converged.",210,0.738
"211","CoopBreed","Syllable.rep.final",0.167017200916774,0.113341545698696,-218.167239158986,2.23458664156027,0.121340714840594,0.0202619738461977,-217.212481918719,2.23468589759888,3,"Optimization has converged.",211,0.738
"212","CoopBreed","Syllable.rep.final",0.075235910890599,0.113341545698696,-218.167239158986,2.23458664156027,0.124454561767509,1.13341545698696e-05,-216.584776869614,2.23457602456629,3,"Optimization has converged.",212,0.738
"213","CoopBreed","Syllable.rep.final",0.136701418878959,0.113341545698696,-218.167239158986,2.23458664156027,0.0966394145446614,0.268567831569445,-217.059887949754,2.23466753263078,3,"Optimization has converged.",213,0.738
"214","CoopBreed","Syllable.rep.final",0.124053973098769,0.113341545698696,-218.167239158986,2.23458664156027,0.125106287156206,1.13341545698696e-05,-216.984550863169,2.23460992163089,3,"Optimization has converged.",214,0.738
"215","CoopBreed","Syllable.rep.final",0.922015527901189,0.113341545698696,-218.167239158986,2.23458664156027,0.114300723729902,0.10510620856767,-218.162447425914,2.23454987858815,3,"Optimization has converged.",215,0.738
"216","CoopBreed","Syllable.rep.final",0.214748700842678,0.113341545698696,-218.167239158986,2.23458664156027,0.125983460591686,1.13341545698696e-05,-217.39767869547,2.23460272837016,3,"Optimization has converged.",216,0.738
"217","CoopBreed","Syllable.rep.final",0.303242894050432,0.113341545698696,-218.167239158986,2.23458664156027,0.128666109345842,1.13341545698696e-05,-217.637299900511,2.2345814309324,3,"Optimization has converged.",217,0.738
"218","CoopBreed","Syllable.rep.final",0.12473043843767,0.113341545698696,-218.167239158986,2.23458664156027,0.122788796285969,1.13341545698696e-05,-216.988792943807,2.23454543394467,3,"Optimization has converged.",218,0.738
"219","CoopBreed","Syllable.rep.final",0.821544615917148,0.113341545698696,-218.167239158986,2.23458664156027,0.111092176188587,0.136604821259141,-218.141800780994,2.23458652845537,3,"Optimization has converged.",219,0.738
"220","CoopBreed","Syllable.rep.final",0.0440045042440207,0.113341545698696,-218.167239158986,2.23458664156027,0.0812164779105474,0.35824885048196,-216.139044678353,2.35045007494394,3,"Optimization has converged.",220,0.738
"221","CoopBreed","Syllable.rep.final",0.111560664053872,0.113341545698696,-218.167239158986,2.23458664156027,0.123806355689775,1.13341545698696e-05,-216.901252792522,2.27304714568583,3,"Optimization has converged.",221,0.738
"222","CoopBreed","Syllable.rep.final",0.103281311317747,0.113341545698696,-218.167239158986,2.23458664156027,0.123199747529412,1.13341545698696e-05,-216.840174625954,2.23459118878132,3,"Optimization has converged.",222,0.738
"223","CoopBreed","Syllable.rep.final",0.0631693469999856,0.113341545698696,-218.167239158986,2.23458664156027,0.0933951681999644,0.291527818980339,-216.441161511847,2.23452316611292,3,"Optimization has converged.",223,0.738
"224","CoopBreed","Syllable.rep.final",0.597568689639818,0.113341545698696,-218.167239158986,2.23458664156027,0.105001553199925,0.18198292146643,-218.027899912099,2.23461687185861,3,"Optimization has converged.",224,0.738
"225","CoopBreed","Syllable.rep.final",0.223223438253252,0.113341545698696,-218.167239158986,2.23458664156027,0.0972569528425259,0.263580749793972,-217.42547544585,2.23441741494936,3,"Optimization has converged.",225,0.738
"226","CoopBreed","Syllable.rep.final",0.0472874559790431,0.113341545698696,-218.167239158986,2.23458664156027,0.123764635297959,1.13341545698696e-05,-216.199673633864,2.23452884677166,3,"Optimization has converged.",226,0.738
"227","CoopBreed","Syllable.rep.final",0.149078402036589,0.113341545698696,-218.167239158986,2.23458664156027,0.0913914453051093,0.32014798597277,-217.12641134365,2.11820053091156,3,"Optimization has converged.",227,0.738
"228","CoopBreed","Syllable.rep.final",0.461652986918197,0.113341545698696,-218.167239158986,2.23458664156027,0.120189182347684,0.0601601290330582,-217.896297163845,2.27910782896616,3,"Optimization has converged.",228,0.738
"229","CoopBreed","Syllable.rep.final",0.557046477937174,0.113341545698696,-218.167239158986,2.23458664156027,0.124354785445378,1.13341545698696e-05,-217.994817201394,2.30991509498086,3,"Optimization has converged.",229,0.738
"230","CoopBreed","Syllable.rep.final",0.238624293107116,0.113341545698696,-218.167239158986,2.23458664156027,0.0998939833974259,0.226878540561907,-217.47288777461,2.16127435906597,3,"Optimization has converged.",230,0.738
"231","CoopBreed","Syllable.rep.final",0.174626780849512,0.113341545698696,-218.167239158986,2.23458664156027,0.124739908154757,1.13341545698696e-05,-217.245854790856,2.23469443075097,3,"Optimization has converged.",231,0.738
"232","CoopBreed","Syllable.rep.final",0.0410093489858583,0.113341545698696,-218.167239158986,2.23458664156027,0.123052370644453,1.13341545698696e-05,-216.079424893963,2.23455587601017,3,"Optimization has converged.",232,0.738
"233","CoopBreed","Syllable.rep.final",0.172221195578032,0.113341545698696,-218.167239158986,2.23458664156027,0.125037275294065,1.13341545698696e-05,-217.235488301419,2.19200717289443,3,"Optimization has converged.",233,0.738
"234","CoopBreed","Syllable.rep.final",0.0154788949110183,0.113341545698696,-218.167239158986,2.23458664156027,0.121311044422427,1.13341545698696e-05,-215.236676519477,2.2345785216829,3,"Optimization has converged.",234,0.738
"235","CoopBreed","Syllable.rep.final",0.426147481110578,0.113341545698696,-218.167239158986,2.23458664156027,0.10302719986084,0.217651454618009,-217.850589229276,2.25456028588666,3,"Optimization has converged.",235,0.738
"236","CoopBreed","Syllable.rep.final",0.576379810634101,0.113341545698696,-218.167239158986,2.23458664156027,0.120145801915914,0.0494717807205864,-218.011177225436,2.23474010826362,3,"Optimization has converged.",236,0.738
"237","CoopBreed","Syllable.rep.final",0.252479672848303,0.113341545698696,-218.167239158986,2.23458664156027,0.12648689452035,1.13341545698586e-05,-217.512473893448,2.23455966420207,3,"Optimization has converged.",237,0.738
"238","CoopBreed","Syllable.rep.final",0.0145877069703785,0.113341545698696,-218.167239158986,2.23458664156027,0.0842516011957755,0.349124557113303,-215.184443457612,2.23462200015757,3,"Optimization has converged.",238,0.738
"239","CoopBreed","Syllable.rep.final",0.189592194706798,0.113341545698696,-218.167239158986,2.23458664156027,0.125308771550265,1.13341545698696e-05,-217.306847300765,2.23464496040229,3,"Optimization has converged.",239,0.738
"240","CoopBreed","Syllable.rep.final",0.0880843737375087,0.113341545698696,-218.167239158986,2.23458664156027,0.123231207298515,1.13341545698696e-05,-216.712719905151,2.23455128104256,3,"Optimization has converged.",240,0.738
"241","CoopBreed","Syllable.rep.final",0.0469013188827262,0.113341545698696,-218.167239158986,2.23458664156027,0.123565855203531,1.13341545698696e-05,-216.192776631547,2.23455180110292,3,"Optimization has converged.",241,0.738
"242","CoopBreed","Syllable.rep.final",0.255128053517689,0.113341545698696,-218.167239158986,2.23458664156027,0.125261530642914,1.13341545698696e-05,-217.519737792501,2.23450796875026,3,"Optimization has converged.",242,0.738
"243","CoopBreed","Syllable.rep.final",0.393799808409386,0.113341545698696,-218.167239158986,2.23458664156027,0.123587981217158,1.13341545698696e-05,-217.803650724355,2.23461619440624,3,"Optimization has converged.",243,0.738
"244","CoopBreed","Syllable.rep.final",0.0628745180362151,0.113341545698696,-218.167239158986,2.23458664156027,0.121577690148217,1.13341545698696e-05,-216.43729442802,2.23454901017669,3,"Optimization has converged.",244,0.738
"245","CoopBreed","Syllable.rep.final",0.338905192126532,0.113341545698696,-218.167239158986,2.23458664156027,0.125294529809457,0.0160186752813093,-217.709954969888,2.23445907366483,3,"Optimization has converged.",245,0.738
"246","CoopBreed","Syllable.rep.final",0.0466707170710104,0.113341545698696,-218.167239158986,2.23458664156027,0.120477096366533,1.13341545698696e-05,-216.188629113148,2.23461396165644,3,"Optimization has converged.",246,0.738
"247","CoopBreed","Syllable.rep.final",0.0871227887432267,0.113341545698696,-218.167239158986,2.23458664156027,0.122696100125811,1.13341545698696e-05,-216.703864835362,2.23460743884004,3,"Optimization has converged.",247,0.738
"248","CoopBreed","Syllable.rep.final",0.000444649953201216,0.113341545698696,-218.167239158986,2.23458664156027,0.0667076384124466,0.534448123002849,-211.999961372352,2.23484843703102,3,"Optimization has converged.",248,0.738
"249","CoopBreed","Syllable.rep.final",0.581994348720465,0.113341545698696,-218.167239158986,2.23458664156027,0.121375234051623,0.0443429103221793,-218.015728381595,2.27811604996454,3,"Optimization has converged.",249,0.738
"250","CoopBreed","Syllable.rep.final",0.202493748723788,0.113341545698696,-218.167239158986,2.23458664156027,0.0968790311517171,0.251313295247811,-217.355090936118,2.23476272377873,3,"Optimization has converged.",250,0.738
"251","CoopBreed","Syllable.rep.final",0.0906728717704607,0.113341545698696,-218.167239158986,2.23458664156027,0.125197196510259,1.13341545698696e-05,-216.736045816838,2.26287328947607,3,"Optimization has converged.",251,0.738
"252","CoopBreed","Syllable.rep.final",0.101732403955886,0.113341545698696,-218.167239158986,2.23458664156027,0.124669872936517,1.13341545698696e-05,-216.82815282964,2.18370801395208,3,"Optimization has converged.",252,0.738
"253","CoopBreed","Syllable.rep.final",0.060054680431246,0.113341545698696,-218.167239158986,2.23458664156027,0.122119220631365,1.13341545698696e-05,-216.399302224085,2.2345886996475,3,"Optimization has converged.",253,0.738
"254","CoopBreed","Syllable.rep.final",0.032590239549001,0.113341545698696,-218.167239158986,2.23458664156027,0.122543782834185,1.13341545698696e-05,-215.883650955992,2.23459872708432,3,"Optimization has converged.",254,0.738
"255","CoopBreed","Syllable.rep.final",0.0876797702842536,0.113341545698696,-218.167239158986,2.23458664156027,0.121994560166786,1.13341545698696e-05,-216.709006804556,2.23455822103516,3,"Optimization has converged.",255,0.738
"256","CoopBreed","Syllable.rep.final",0.176266389801075,0.113341545698696,-218.167239158986,2.23458664156027,0.126096143102517,0.00796562026896785,-217.252826642566,2.18518455228833,3,"Optimization has converged.",256,0.738
"257","CoopBreed","Syllable.rep.final",0.01690777291802,0.113341545698696,-218.167239158986,2.23458664156027,0.0856848246951783,0.322301157334605,-215.314278198218,2.23457521615911,3,"Optimization has converged.",257,0.738
"258","CoopBreed","Syllable.rep.final",0.243847846132839,0.113341545698696,-218.167239158986,2.23458664156027,0.124360199766768,1.13341545698696e-05,-217.488133873523,2.23457225330774,3,"Optimization has converged.",258,0.738
"259","CoopBreed","Syllable.rep.final",0.118359492565103,0.113341545698696,-218.167239158986,2.23458664156027,0.121769200513948,1.13341545698696e-05,-216.947791106012,2.23452876071012,3,"Optimization has converged.",259,0.738
"260","CoopBreed","Syllable.rep.final",0.0741421465894464,0.113341545698696,-218.167239158986,2.23458664156027,0.123284425475018,1.13341545698696e-05,-216.572814094877,2.23454465984029,3,"Optimization has converged.",260,0.738
"261","CoopBreed","Syllable.rep.final",0.0872356586746049,0.113341545698696,-218.167239158986,2.23458664156027,0.122128139583558,1.13341545698696e-05,-216.704909704349,2.2346050398302,3,"Optimization has converged.",261,0.738
"262","CoopBreed","Syllable.rep.final",0.406759790337644,0.113341545698696,-218.167239158986,2.23458664156027,0.120037601802158,0.0514225580825267,-217.823113471328,2.23447229012282,3,"Optimization has converged.",262,0.738
"263","CoopBreed","Syllable.rep.final",0.573209970234235,0.113341545698696,-218.167239158986,2.23458664156027,0.107293658498098,0.158163581331958,-218.008568629847,2.23458240200546,3,"Optimization has converged.",263,0.738
"264","CoopBreed","Syllable.rep.final",0.249456295143013,0.113341545698696,-218.167239158986,2.23458664156027,0.123629627830694,0.00908174143296912,-217.504066117643,2.26076597436274,3,"Optimization has converged.",264,0.738
"265","CoopBreed","Syllable.rep.final",0.510373890495081,0.113341545698696,-218.167239158986,2.23458664156027,0.119566461966326,0.0587872597717165,-217.950588928645,2.23454479287847,3,"Optimization has converged.",265,0.738
"266","CoopBreed","Syllable.rep.final",0.130578591365624,0.113341545698696,-218.167239158986,2.23458664156027,0.124539649289967,1.13341545698696e-05,-217.024432953561,2.17003844546048,3,"Optimization has converged.",266,0.738
"267","CoopBreed","Syllable.rep.final",0.368219595388926,0.113341545698696,-218.167239158986,2.23458664156027,0.103540189761206,0.186447944768585,-217.762407137943,2.23457500191434,3,"Optimization has converged.",267,0.738
"268","CoopBreed","Syllable.rep.final",0.0713124724644975,0.113341545698696,-218.167239158986,2.23458664156027,0.122620356992665,1.13341545698696e-05,-216.540964607663,2.23455525684503,3,"Optimization has converged.",268,0.738
"269","CoopBreed","Syllable.rep.final",0.642511057819007,0.113341545698696,-218.167239158986,2.23458664156027,0.119933832858141,0.0536417382773073,-218.059502613353,2.2347715504606,3,"Optimization has converged.",269,0.738
"270","CoopBreed","Syllable.rep.final",0.105008580035882,0.113341545698696,-218.167239158986,2.23458664156027,0.123276967000283,1.13341545698696e-05,-216.853350187062,2.26852243639063,3,"Optimization has converged.",270,0.738
"271","CoopBreed","Syllable.rep.final",0.275655213844711,0.113341545698696,-218.167239158986,2.23458664156027,0.100109456020667,0.236798463542559,-217.573045794502,2.24676566856615,3,"Optimization has converged.",271,0.738
"272","CoopBreed","Syllable.rep.final",0.122442316414145,0.113341545698696,-218.167239158986,2.23458664156027,0.121410042866643,1.13341545698696e-05,-216.974339921589,2.32400794486583,3,"Optimization has converged.",272,0.738
"273","CoopBreed","Syllable.rep.final",0.0326746524387666,0.113341545698696,-218.167239158986,2.23458664156027,0.0922183231320699,0.287559440795772,-215.885866374527,2.19257756262908,3,"Optimization has converged.",273,0.738
"274","CoopBreed","Syllable.rep.final",0.0566539062774816,0.113341545698696,-218.167239158986,2.23458664156027,0.123720641225241,1.13341545698696e-05,-216.350875521931,2.2345952106737,3,"Optimization has converged.",274,0.738
"275","CoopBreed","Syllable.rep.final",0.513475334458199,0.113341545698696,-218.167239158986,2.23458664156027,0.120709363627824,0.0421145511644882,-217.953749955205,2.25395597077491,3,"Optimization has converged.",275,0.738
"276","CoopBreed","Syllable.rep.final",0.090238689481321,0.113341545698696,-218.167239158986,2.23458664156027,0.12386152528505,1.13341545698696e-05,-216.732184047356,2.23458247011775,3,"Optimization has converged.",276,0.738
"277","CoopBreed","Syllable.rep.final",0.038543025048344,0.113341545698696,-218.167239158986,2.23458664156027,0.124610203180919,1.13341545698696e-05,-216.026791151849,2.23461264390635,3,"Optimization has converged.",277,0.738
"278","CoopBreed","Syllable.rep.final",0.151003950093058,0.113341545698696,-218.167239158986,2.23458664156027,0.126066949735341,1.13341545698696e-05,-217.136199277942,2.23459968232596,3,"Optimization has converged.",278,0.738
"279","CoopBreed","Syllable.rep.final",0.0635962365149965,0.113341545698696,-218.167239158986,2.23458664156027,0.122050818794595,1.13341545698696e-05,-216.446726788079,2.23459518596935,3,"Optimization has converged.",279,0.738
"280","CoopBreed","Syllable.rep.final",0.107649901465496,0.113341545698696,-218.167239158986,2.23458664156027,0.12389658020304,1.13341545698696e-05,-216.873045563999,2.234561887751,3,"Optimization has converged.",280,0.738
"281","CoopBreed","Syllable.rep.final",0.0577293470010919,0.113341545698696,-218.167239158986,2.23458664156027,0.124099406195565,1.13341545698696e-05,-216.366516299039,2.23460724821845,3,"Optimization has converged.",281,0.738
"282","CoopBreed","Syllable.rep.final",0.0888847702405022,0.113341545698696,-218.167239158986,2.23458664156027,0.121095725687313,1.13341545698696e-05,-216.720011111147,2.21170075614966,3,"Optimization has converged.",282,0.738
"283","CoopBreed","Syllable.rep.final",0.60587644335554,0.113341545698696,-218.167239158986,2.23458664156027,0.122371976169741,0.0245971587952821,-218.034127437158,2.23449187118697,3,"Optimization has converged.",283,0.738
"284","CoopBreed","Syllable.rep.final",0.196348340805151,0.113341545698696,-218.167239158986,2.23458664156027,0.0952412040179425,0.282882759112455,-217.332574313219,2.14364969255635,3,"Optimization has converged.",284,0.738
"285","CoopBreed","Syllable.rep.final",0.0785284526156059,0.113341545698696,-218.167239158986,2.23458664156027,0.12456812879902,1.13341545698696e-05,-216.619690459048,2.23453789655516,3,"Optimization has converged.",285,0.738
"286","CoopBreed","Syllable.rep.final",0.0619987574999892,0.113341545698696,-218.167239158986,2.23458664156027,0.12118679179488,1.13341545698696e-05,-216.425692674382,2.23456944007795,3,"Optimization has converged.",286,0.738
"287","CoopBreed","Syllable.rep.final",0.0825673308605967,0.113341545698696,-218.167239158986,2.23458664156027,0.121502191179872,1.13341545698696e-05,-216.660425485043,2.26822650733634,3,"Optimization has converged.",287,0.738
"288","CoopBreed","Syllable.rep.final",0.560991002027604,0.113341545698696,-218.167239158986,2.23458664156027,0.12079967549477,0.0400831692142364,-217.998243525655,2.2343542758012,3,"Optimization has converged.",288,0.738
"289","CoopBreed","Syllable.rep.final",0.506105849713087,0.113341545698696,-218.167239158986,2.23458664156027,0.119623368104803,0.0569191611421058,-217.946184208078,2.23456313513592,3,"Optimization has converged.",289,0.738
"290","CoopBreed","Syllable.rep.final",0.474946015238104,0.113341545698696,-218.167239158986,2.23458664156027,0.122412486887795,0.0284611159654314,-217.912016350176,2.23452842185712,3,"Optimization may not have converged.  Consider increasing maxit.",290,0.738
"291","CoopBreed","Syllable.rep.final",0.824755409293472,0.113341545698696,-218.167239158986,2.23458664156027,0.110544369227995,0.140008788060815,-218.142722903379,2.23458699791282,3,"Optimization has converged.",291,0.738
"292","CoopBreed","Syllable.rep.final",0.180144352780042,0.113341545698696,-218.167239158986,2.23458664156027,0.124933493617317,1.13341545698696e-05,-217.269022766682,2.2345237150224,3,"Optimization has converged.",292,0.738
"293","CoopBreed","Syllable.rep.final",0.811656330438517,0.113341545698696,-218.167239158986,2.23458664156027,0.115875163761027,0.0889404048114794,-218.138848144129,2.23467168087778,3,"Optimization has converged.",293,0.738
"294","CoopBreed","Syllable.rep.final",0.214892543011593,0.113341545698696,-218.167239158986,2.23458664156027,0.0964273699334981,0.260980395655479,-217.39816133787,2.28667509809084,3,"Optimization has converged.",294,0.738
"295","CoopBreed","Syllable.rep.final",0.0855007234915459,0.113341545698696,-218.167239158986,2.23458664156027,0.120820124140752,1.13341545698586e-05,-216.688684983869,2.2346171323658,3,"Optimization has converged.",295,0.738
"296","CoopBreed","Syllable.rep.final",0.0202571815711165,0.113341545698696,-218.167239158986,2.23458664156027,0.119934123080037,1.13341545698696e-05,-215.472442075259,2.17159974933809,3,"Optimization has converged.",296,0.738
"297","CoopBreed","Syllable.rep.final",0.660699784583487,0.113341545698696,-218.167239158986,2.23458664156027,0.109119349571456,0.146715042533463,-218.070901830467,2.23458892713058,3,"Optimization has converged.",297,0.738
"298","CoopBreed","Syllable.rep.final",0.156190286111142,0.113341545698696,-218.167239158986,2.23458664156027,0.122024119603664,1.13341545698696e-05,-217.161874834175,2.23460147345593,3,"Optimization has converged.",298,0.738
"299","CoopBreed","Syllable.rep.final",0.913231265752337,0.113341545698696,-218.167239158986,2.23458664156027,0.112034477818929,0.125323871063173,-218.161302612788,2.23458729872785,3,"Optimization has converged.",299,0.738
"300","CoopBreed","Syllable.rep.final",0.109809460095303,0.113341545698696,-218.167239158986,2.23458664156027,0.12101308135405,1.13341545698696e-05,-216.888758469448,2.23458905240753,3,"Optimization has converged.",300,0.738
"301","CoopBreed","Syllable.rep.final",0.14494571212795,0.113341545698696,-218.167239158986,2.23458664156027,0.122747365380436,1.13341545698696e-05,-217.104913232081,2.23456212859964,3,"Optimization has converged.",301,0.738
"302","CoopBreed","Syllable.rep.final",0.0245565696330034,0.113341545698696,-218.167239158986,2.23458664156027,0.121174823669664,1.13341545698696e-05,-215.639795175076,2.23458846509562,3,"Optimization has converged.",302,0.738
"303","CoopBreed","Syllable.rep.final",0.314140396874305,0.113341545698696,-218.167239158986,2.23458664156027,0.101055530732714,0.23033147557333,-217.66064535672,2.27658645493857,3,"Optimization has converged.",303,0.738
"304","CoopBreed","Syllable.rep.final",0.0296202667249398,0.113341545698696,-218.167239158986,2.23458664156027,0.121188353351646,1.13341545698696e-05,-215.801640730234,2.23459755786463,3,"Optimization has converged.",304,0.738
"305","CoopBreed","Syllable.rep.final",0.527898292405591,0.113341545698696,-218.167239158986,2.23458664156027,0.104382920841355,0.189166889537824,-217.968021365182,2.23450148221475,3,"Optimization has converged.",305,0.738
"306","CoopBreed","Syllable.rep.final",0.453906240437124,0.113341545698696,-218.167239158986,2.23458664156027,0.1208772565102,0.040604984609267,-217.886799588965,2.23452172636867,3,"Optimization has converged.",306,0.738
"307","CoopBreed","Syllable.rep.final",0.210193225825149,0.113341545698696,-218.167239158986,2.23458664156027,0.123170479601042,1.13341545698696e-05,-217.38219168612,2.23457027585318,3,"Optimization has converged.",307,0.738
"308","CoopBreed","Syllable.rep.final",0.499697594348427,0.113341545698696,-218.167239158986,2.23458664156027,0.120150313814971,0.0547047208429883,-217.939449850401,2.23478156319316,3,"Optimization has converged.",308,0.738
"309","CoopBreed","Syllable.rep.final",0.216470766723729,0.113341545698696,-218.167239158986,2.23458664156027,0.121430574302657,0.02332605255369,-217.40343173482,2.28918605293392,3,"Optimization has converged.",309,0.738
"310","CoopBreed","Syllable.rep.final",0.216410445555298,0.113341545698696,-218.167239158986,2.23458664156027,0.0968976862248134,0.247663788007324,-217.403231137079,2.28691448167139,3,"Optimization has converged.",310,0.738
"311","CoopBreed","Syllable.rep.final",0.752985514234669,0.113341545698696,-218.167239158986,2.23458664156027,0.108733163499304,0.153468458759584,-218.117719485213,2.20451299248697,3,"Optimization has converged.",311,0.738
"312","CoopBreed","Syllable.rep.final",0.196628323935766,0.113341545698696,-218.167239158986,2.23458664156027,0.123183173160456,1.13341545698696e-05,-217.333618049256,2.23460154563825,3,"Optimization has converged.",312,0.738
"313","CoopBreed","Syllable.rep.final",0.132912460517988,0.113341545698696,-218.167239158986,2.23458664156027,0.123402200584536,1.13341545698696e-05,-217.038162434864,2.23458869460787,3,"Optimization has converged.",313,0.738
"314","CoopBreed","Syllable.rep.final",0.0458230550122285,0.113341545698696,-218.167239158986,2.23458664156027,0.124790498700847,1.13341545698696e-05,-216.17319553878,2.23459431750379,3,"Optimization has converged.",314,0.738
"315","CoopBreed","Syllable.rep.final",0.00485427624643071,0.113341545698696,-218.167239158986,2.23458664156027,0.0662483742461783,0.502512029919126,-214.200767352018,2.16951154365402,3,"Optimization has converged.",315,0.738
"316","CoopBreed","Syllable.rep.final",0.234576417570413,0.113341545698696,-218.167239158986,2.23458664156027,0.0997719206861099,0.22286777203981,-217.460791709928,2.23445377192673,3,"Optimization has converged.",316,0.738
"317","CoopBreed","Syllable.rep.final",0.581809524731552,0.113341545698696,-218.167239158986,2.23458664156027,0.106813891125654,0.160725278294796,-218.015579961099,2.234575793469,3,"Optimization has converged.",317,0.738
"318","CoopBreed","Syllable.rep.final",0.571262566023462,0.113341545698696,-218.167239158986,2.23458664156027,0.122069832820165,0.0274716535254226,-218.006951884097,2.23474813536973,3,"Optimization has converged.",318,0.738
"319","CoopBreed","Syllable.rep.final",0.10063636481795,0.113341545698696,-218.167239158986,2.23458664156027,0.121620648863798,1.13341545698696e-05,-216.819524389406,2.21269435981295,3,"Optimization has converged.",319,0.738
"320","CoopBreed","Syllable.rep.final",0.110712062285501,0.113341545698696,-218.167239158986,2.23458664156027,0.123618974146797,1.13341545698696e-05,-216.89522542148,2.3044696608634,3,"Optimization has converged.",320,0.738
"321","CoopBreed","Syllable.rep.final",0.117922023887887,0.113341545698696,-218.167239158986,2.23458664156027,0.124160186118128,1.13341545698696e-05,-216.94488646843,2.29561180472542,3,"Optimization has converged.",321,0.738
"322","CoopBreed","Syllable.rep.final",0.109944345575909,0.113341545698696,-218.167239158986,2.23458664156027,0.123483325431462,1.13341545698696e-05,-216.889728602346,2.23465911687989,3,"Optimization has converged.",322,0.738
"323","CoopBreed","Syllable.rep.final",0.0770178070324943,0.113341545698696,-218.167239158986,2.23458664156027,0.125404506370969,1.13341545698696e-05,-216.603871247851,2.23459546237062,3,"Optimization has converged.",323,0.738
"324","CoopBreed","Syllable.rep.final",0.0224377686995525,0.113341545698696,-218.167239158986,2.23458664156027,0.120776971811388,1.13341545698696e-05,-215.561481429165,2.23457827276881,3,"Optimization has converged.",324,0.738
"325","CoopBreed","Syllable.rep.final",0.101772602188733,0.113341545698696,-218.167239158986,2.23458664156027,0.123683494173087,1.13341545698696e-05,-216.828467351029,2.2345909320091,3,"Optimization has converged.",325,0.738
"326","CoopBreed","Syllable.rep.final",0.492237762718131,0.113341545698696,-218.167239158986,2.23458664156027,0.10577740025327,0.176740071009672,-217.931423631769,2.23457430821822,3,"Optimization has converged.",326,0.738
"327","CoopBreed","Syllable.rep.final",0.9877929582717,0.113341545698696,-218.167239158986,2.23458664156027,0.113530306941897,0.111791830900829,-218.167122116207,2.23458936197104,3,"Optimization has converged.",327,0.738
"328","CoopBreed","Syllable.rep.final",0.0788677931427679,0.113341545698696,-218.167239158986,2.23458664156027,0.124750237873755,1.13341545698696e-05,-216.62319891569,2.30583042716209,3,"Optimization has converged.",328,0.738
"329","CoopBreed","Syllable.rep.final",0.603252583895452,0.113341545698696,-218.167239158986,2.23458664156027,0.106371337096461,0.181944882740945,-218.032180126183,2.23474332302688,3,"Optimization has converged.",329,0.738
"330","CoopBreed","Syllable.rep.final",0.355746653875251,0.113341545698696,-218.167239158986,2.23458664156027,0.125063339379021,1.13341545698696e-05,-217.74081295153,2.23494491482647,3,"Optimization has converged.",330,0.738
"331","CoopBreed","Syllable.rep.final",0.785294476735376,0.113341545698696,-218.167239158986,2.23458664156027,0.117852006154423,0.0726577378875201,-218.130131193913,2.2344115475069,3,"Optimization has converged.",331,0.738
"332","CoopBreed","Syllable.rep.final",0.628647090174803,0.113341545698696,-218.167239158986,2.23458664156027,0.107478626329548,0.172884553305019,-218.05028922363,2.23451877602839,3,"Optimization has converged.",332,0.738
"333","CoopBreed","Syllable.rep.final",0.151367173808777,0.113341545698696,-218.167239158986,2.23458664156027,0.122054751224611,1.13341545698696e-05,-217.138029784535,2.23457985986697,3,"Optimization has converged.",333,0.738
"334","CoopBreed","Syllable.rep.final",0.782011997920106,0.113341545698696,-218.167239158986,2.23458664156027,0.110666691749133,0.141453306981343,-218.128958263858,2.23458751136286,3,"Optimization has converged.",334,0.738
"335","CoopBreed","Syllable.rep.final",0.109815454145783,0.113341545698696,-218.167239158986,2.23458664156027,0.121019106191587,1.13341545698696e-05,-216.888801608093,2.23455869847565,3,"Optimization has converged.",335,0.738
"336","CoopBreed","Syllable.rep.final",0.200603343148286,0.113341545698696,-218.167239158986,2.23458664156027,0.125949744070965,0.00269063455349056,-217.348250969191,2.23457506863232,3,"Optimization has converged.",336,0.738
"337","CoopBreed","Syllable.rep.final",0.0686976035565069,0.113341545698696,-218.167239158986,2.23458664156027,0.096152071749954,0.268786388158714,-216.510304991426,2.23482875818926,3,"Optimization has converged.",337,0.738
"338","CoopBreed","Syllable.rep.final",0.000418255485304193,0.113341545698696,-218.167239158986,2.23458664156027,0.0725890542374199,0.438445112456656,-211.942828060572,2.08967651419134,3,"Optimization has converged.",338,0.738
"339","CoopBreed","Syllable.rep.final",0.0198293628124886,0.113341545698696,-218.167239158986,2.23458664156027,0.121463629710732,1.13341545698696e-05,-215.453811816826,2.23454555732111,3,"Optimization has converged.",339,0.738
"340","CoopBreed","Syllable.rep.final",0.889847131811635,0.113341545698696,-218.167239158986,2.23458664156027,0.111936768291511,0.12669610426069,-218.157648360346,2.23458567867175,3,"Optimization has converged.",340,0.738
"341","CoopBreed","Syllable.rep.final",0.0469313553665468,0.113341545698696,-218.167239158986,2.23458664156027,0.123002891090019,1.13341545698696e-05,-216.193315273357,2.23457880291283,3,"Optimization has converged.",341,0.738
"342","CoopBreed","Syllable.rep.final",0.0240698353842681,0.113341545698696,-218.167239158986,2.23458664156027,0.123360380712326,1.13341545698696e-05,-215.622442493419,2.2760983563238,3,"Optimization has converged.",342,0.738
"343","CoopBreed","Syllable.rep.final",0.272982903549763,0.113341545698696,-218.167239158986,2.23458664156027,0.125282557376937,0.00373257488359173,-217.566391002843,2.15865906725642,3,"Optimization has converged.",343,0.738
"344","CoopBreed","Syllable.rep.final",0.656436363194248,0.113341545698696,-218.167239158986,2.23458664156027,0.119767634134771,0.0549150004858791,-218.06829844809,2.21679684368928,3,"Optimization has converged.",344,0.738
"345","CoopBreed","Syllable.rep.final",0.329258659607879,0.113341545698696,-218.167239158986,2.23458664156027,0.124693102729252,0.0243130290796222,-217.691333479373,2.23448066095823,3,"Optimization has converged.",345,0.738
"346","CoopBreed","Syllable.rep.final",0.0155093110475775,0.113341545698696,-218.167239158986,2.23458664156027,0.122700075186693,1.13341545698696e-05,-215.238404116466,2.23454737996715,3,"Optimization has converged.",346,0.738
"347","CoopBreed","Syllable.rep.final",0.260532490552584,0.113341545698696,-218.167239158986,2.23458664156027,0.124259682442987,1.13341545698696e-05,-217.534276523906,2.29746270529196,3,"Optimization has converged.",347,0.738
"348","CoopBreed","Syllable.rep.final",0.873796114725981,0.113341545698696,-218.167239158986,2.23458664156027,0.11489329215473,0.0975123459599055,-218.154624324342,2.23456237173662,3,"Optimization has converged.",348,0.738
"349","CoopBreed","Syllable.rep.final",0.527125524603817,0.113341545698696,-218.167239158986,2.23458664156027,0.104696632210205,0.180689147762891,-217.967274269939,2.23459918004989,3,"Optimization has converged.",349,0.738
"350","CoopBreed","Syllable.rep.final",0.10541346303875,0.113341545698696,-218.167239158986,2.23458664156027,0.123737545709396,1.13341545698696e-05,-216.856404281512,2.23455606461477,3,"Optimization has converged.",350,0.738
"351","CoopBreed","Syllable.rep.final",0.528839557854495,0.113341545698696,-218.167239158986,2.23458664156027,0.106658217599,0.183951231096325,-217.968928721421,2.23478745067222,3,"Optimization has converged.",351,0.738
"352","CoopBreed","Syllable.rep.final",0.0589171450282638,0.113341545698696,-218.167239158986,2.23458664156027,0.122637635797062,1.13341545698696e-05,-216.383435475031,2.23455337116456,3,"Optimization has converged.",352,0.738
"353","CoopBreed","Syllable.rep.final",0.129372327650439,0.113341545698696,-218.167239158986,2.23458664156027,0.0893969379628588,0.338198467175307,-217.01722912692,2.3373934885448,3,"Optimization has converged.",353,0.738
"354","CoopBreed","Syllable.rep.final",0.455540032827767,0.113341545698696,-218.167239158986,2.23458664156027,0.122890995881553,0.027266010337112,-217.888823815415,2.23459377493372,3,"Optimization may not have converged.  Consider increasing maxit.",354,0.738
"355","CoopBreed","Syllable.rep.final",0.401405945579195,0.113341545698696,-218.167239158986,2.23458664156027,0.121197186737823,0.0416639943137714,-217.815183911226,2.23454338442763,3,"Optimization has converged.",355,0.738
"356","CoopBreed","Syllable.rep.final",0.136787848281422,0.113341545698696,-218.167239158986,2.23458664156027,0.122561896850186,1.13341545698696e-05,-217.060375637592,2.23452665007365,3,"Optimization has converged.",356,0.738
"357","CoopBreed","Syllable.rep.final",0.257531925382067,0.113341545698696,-218.167239158986,2.23458664156027,0.125649876210974,0.0123309276549405,-217.526251080279,2.23457915982046,3,"Optimization has converged.",357,0.738
"358","CoopBreed","Syllable.rep.final",0.384071571559535,0.113341545698696,-218.167239158986,2.23458664156027,0.120826151208295,0.0316634357203825,-217.788424707627,2.23457618868655,3,"Optimization has converged.",358,0.738
"359","CoopBreed","Syllable.rep.final",0.702902345045691,0.113341545698696,-218.167239158986,2.23458664156027,0.108136316669679,0.161704946790314,-218.094504063044,2.23468620777625,3,"Optimization has converged.",359,0.738
"360","CoopBreed","Syllable.rep.final",0.0381119821355789,0.113341545698696,-218.167239158986,2.23458664156027,0.123329975591102,1.13341545698696e-05,-216.017230437189,2.23459314479793,3,"Optimization has converged.",360,0.738
"361","CoopBreed","Syllable.rep.final",0.00954652494550628,0.113341545698696,-218.167239158986,2.23458664156027,0.0850933856451928,0.363364650511531,-214.808432057194,2.1853992370553,3,"Optimization has converged.",361,0.738
"362","CoopBreed","Syllable.rep.final",0.0952095069369816,0.113341545698696,-218.167239158986,2.23458664156027,0.12260873039887,1.13341545698696e-05,-216.775234105438,2.23456379421796,3,"Optimization has converged.",362,0.738
"363","CoopBreed","Syllable.rep.final",0.22604634551411,0.113341545698696,-218.167239158986,2.23458664156027,0.0910839337755709,0.321107084428363,-217.4344554056,2.2345822868522,3,"Optimization has converged.",363,0.738
"364","CoopBreed","Syllable.rep.final",0.411522951754261,0.113341545698696,-218.167239158986,2.23458664156027,0.123371713753376,0.0213253673712608,-217.830040877654,2.23455043294835,3,"Optimization has converged.",364,0.738
"365","CoopBreed","Syllable.rep.final",0.0435515114301165,0.113341545698696,-218.167239158986,2.23458664156027,0.123056124625443,1.13341545698696e-05,-216.130306576005,2.23455652847278,3,"Optimization has converged.",365,0.738
"366","CoopBreed","Syllable.rep.final",0.517408519315425,0.113341545698696,-218.167239158986,2.23458664156027,0.123987185398581,1.13341545698696e-05,-217.957711220225,2.23458208462613,3,"Optimization has converged.",366,0.738
"367","CoopBreed","Syllable.rep.final",0.534736464431405,0.113341545698696,-218.167239158986,2.23458664156027,0.103722925309309,0.189752836054749,-217.974547783499,2.18733981044524,3,"Optimization has converged.",367,0.738
"368","CoopBreed","Syllable.rep.final",0.69562743031021,0.113341545698696,-218.167239158986,2.23458664156027,0.108037560478196,0.160929317980446,-218.09070880583,2.23473833905769,3,"Optimization has converged.",368,0.738
"369","CoopBreed","Syllable.rep.final",0.0223411104252696,0.113341545698696,-218.167239158986,2.23458664156027,0.121881592858424,1.13341545698696e-05,-215.557728086853,2.2345857566153,3,"Optimization has converged.",369,0.738
"370","CoopBreed","Syllable.rep.final",0.0676098347780108,0.113341545698696,-218.167239158986,2.23458664156027,0.12225660447372,1.13341545698696e-05,-216.497181065262,2.23458771616881,3,"Optimization has converged.",370,0.738
"371","CoopBreed","Syllable.rep.final",0.0866118332805215,0.113341545698696,-218.167239158986,2.23458664156027,0.122248026577381,1.13341545698696e-05,-216.699116368605,2.23454222896674,3,"Optimization has converged.",371,0.738
"372","CoopBreed","Syllable.rep.final",0.693580173712973,0.113341545698696,-218.167239158986,2.23458664156027,0.116356034891404,0.0849524626096264,-218.089620697091,2.2346909994761,3,"Optimization has converged.",372,0.738
"373","CoopBreed","Syllable.rep.final",0.03694374908443,0.113341545698696,-218.167239158986,2.23458664156027,0.122492984068386,1.13341545698696e-05,-215.990737662628,2.23459021432786,3,"Optimization has converged.",373,0.738
"374","CoopBreed","Syllable.rep.final",0.00802389771287955,0.113341545698696,-218.167239158986,2.23458664156027,0.0737399501051972,0.520537201536538,-214.653172806281,2.2909564557256,3,"Optimization has converged.",374,0.738
"375","CoopBreed","Syllable.rep.final",0.0237828867896184,0.113341545698696,-218.167239158986,2.23458664156027,0.122341298133901,1.13341545698586e-05,-215.612040998473,2.23457777945393,3,"Optimization has converged.",375,0.738
"376","CoopBreed","Syllable.rep.final",0.999424574662263,0.113341545698696,-218.167239158986,2.23458664156027,0.113485456061372,0.113251109368587,-218.16723889893,2.23458664156027,3,"Optimization has converged.",376,0.738
"377","CoopBreed","Syllable.rep.final",0.0754019386312271,0.113341545698696,-218.167239158986,2.23458664156027,0.123217948358237,1.13341545698696e-05,-216.586576413892,2.26780702553414,3,"Optimization has converged.",377,0.738
"378","CoopBreed","Syllable.rep.final",0.214820390705242,0.113341545698696,-218.167239158986,2.23458664156027,0.123362148942055,1.13341545698696e-05,-217.397919288879,2.23448093335961,3,"Optimization has converged.",378,0.738
"379","CoopBreed","Syllable.rep.final",0.128959487052266,0.113341545698696,-218.167239158986,2.23458664156027,0.123231952120289,1.13341545698696e-05,-217.014746426783,2.2346022509135,3,"Optimization has converged.",379,0.738
"380","CoopBreed","Syllable.rep.final",0.401560794170968,0.113341545698696,-218.167239158986,2.23458664156027,0.122352676559239,0.0317705805654599,-217.815415416863,2.27267296630724,3,"Optimization has converged.",380,0.738
"381","CoopBreed","Syllable.rep.final",0.179887529710291,0.113341545698696,-218.167239158986,2.23458664156027,0.125201268700268,0.00330343852184937,-217.267962663542,2.23458850044359,3,"Optimization has converged.",381,0.738
"382","CoopBreed","Syllable.rep.final",0.117142991359464,0.113341545698696,-218.167239158986,2.23458664156027,0.125752910516559,1.13341545698696e-05,-216.939684354101,2.23462901791639,3,"Optimization has converged.",382,0.738
"383","CoopBreed","Syllable.rep.final",1.59555859641808e-05,0.113341545698696,-218.167239158986,2.23458664156027,0.0611566050021912,0.462725670656362,-208.857345650514,2.37215910336898,3,"Optimization has converged.",383,0.738
"384","CoopBreed","Syllable.rep.final",0.659763948864491,0.113341545698696,-218.167239158986,2.23458664156027,0.116947104145983,0.0822436328592183,-218.070333929644,2.23460111742588,3,"Optimization has converged.",384,0.738
"385","CoopBreed","Syllable.rep.final",0.0801862220155095,0.113341545698696,-218.167239158986,2.23458664156027,0.126140218662182,1.13341545698696e-05,-216.636677551087,2.25357304587008,3,"Optimization has converged.",385,0.738
"386","CoopBreed","Syllable.rep.final",0.257720902353283,0.113341545698696,-218.167239158986,2.23458664156027,0.125268933280776,1.13341545698696e-05,-217.526759930137,2.23420707407165,3,"Optimization has converged.",386,0.738
"387","CoopBreed","Syllable.rep.final",0.058796227359261,0.113341545698696,-218.167239158986,2.23458664156027,0.123052916561799,1.13341545698696e-05,-216.381729752357,2.23457744353229,3,"Optimization has converged.",387,0.738
"388","CoopBreed","Syllable.rep.final",0.0790229986865714,0.113341545698696,-218.167239158986,2.23458664156027,0.124238159562549,1.13341545698696e-05,-216.624798178283,2.19297722626396,3,"Optimization has converged.",388,0.738
"389","CoopBreed","Syllable.rep.final",0.309520195664289,0.113341545698696,-218.167239158986,2.23458664156027,0.124288741027042,1.13341545698696e-05,-217.650878140068,2.23457305056832,3,"Optimization has converged.",389,0.738
"390","CoopBreed","Syllable.rep.final",0.846812182420659,0.113341545698696,-218.167239158986,2.23458664156027,0.115210404955927,0.0961619920187307,-218.148578467359,2.23455261646521,3,"Optimization has converged.",390,0.738
"391","CoopBreed","Syllable.rep.final",0.192784365844347,0.113341545698696,-218.167239158986,2.23458664156027,0.123696140001686,0.00953583677509877,-217.319134130738,2.23446119755326,3,"Optimization has converged.",391,0.738
"392","CoopBreed","Syllable.rep.final",0.220029418234851,0.113341545698696,-218.167239158986,2.23458664156027,0.123164821920637,1.13341545698696e-05,-217.415149482096,2.27973711742378,3,"Optimization has converged.",392,0.738
"393","CoopBreed","Syllable.rep.final",0.105177457768092,0.113341545698696,-218.167239158986,2.23458664156027,0.123926239827335,1.13341545698696e-05,-216.854625623866,2.23459168683209,3,"Optimization has converged.",393,0.738
"394","CoopBreed","Syllable.rep.final",0.950133761669557,0.113341545698696,-218.167239158986,2.23458664156027,0.114169903286265,0.106862629429416,-218.165283608014,2.2345691201258,3,"Optimization has converged.",394,0.738
"395","CoopBreed","Syllable.rep.final",0.0688897508831272,0.113341545698696,-218.167239158986,2.23458664156027,0.122108975916464,1.13341545698696e-05,-216.512600137156,2.23454007103022,3,"Optimization has converged.",395,0.738
"396","CoopBreed","Syllable.rep.final",0.0390379559468582,0.113341545698696,-218.167239158986,2.23458664156027,0.121353413577853,1.13341545698696e-05,-216.037631633358,2.23457290642573,3,"Optimization has converged.",396,0.738
"397","CoopBreed","Syllable.rep.final",0.208357458122933,0.113341545698696,-218.167239158986,2.23458664156027,0.122816883490257,1.13341545698696e-05,-217.375837841897,2.28027682323009,3,"Optimization has converged.",397,0.738
"398","CoopBreed","Syllable.rep.final",0.287505301943505,0.113341545698696,-218.167239158986,2.23458664156027,0.120447969081591,0.04813419132021,-217.601605788387,2.23451769928707,3,"Optimization has converged.",398,0.738
"399","CoopBreed","Syllable.rep.final",0.250492008196827,0.113341545698696,-218.167239158986,2.23458664156027,0.100061437564887,0.239812072719594,-217.50696037223,2.23436538336752,3,"Optimization has converged.",399,0.738
"400","CoopBreed","Syllable.rep.final",0.00360593853777004,0.113341545698696,-218.167239158986,2.23458664156027,0.079639041607447,0.343082328654224,-213.93108574984,2.17086574769281,3,"Optimization has converged.",400,0.738
"401","CoopBreed","Syllable.rep.final",0.223690735892036,0.113341545698696,-218.167239158986,2.23458664156027,0.124842536400417,0.0113194553434067,-217.426971341001,2.26485106055348,3,"Optimization has converged.",401,0.738
"402","CoopBreed","Syllable.rep.final",0.148794354845494,0.113341545698696,-218.167239158986,2.23458664156027,0.122977863478687,1.13341545698696e-05,-217.12495538669,2.23460085129753,3,"Optimization has converged.",402,0.738
"403","CoopBreed","Syllable.rep.final",0.227596924277829,0.113341545698696,-218.167239158986,2.23458664156027,0.124432564815971,1.13341545698696e-05,-217.43933087822,2.23447187461563,3,"Optimization has converged.",403,0.738
"404","CoopBreed","Syllable.rep.final",0.0508692413710031,0.113341545698696,-218.167239158986,2.23458664156027,0.124143767081153,1.13341545698696e-05,-216.260952499834,2.23456675935732,3,"Optimization has converged.",404,0.738
"405","CoopBreed","Syllable.rep.final",0.0417534893601372,0.113341545698696,-218.167239158986,2.23458664156027,0.093688176009892,0.289729982852913,-216.094654702557,2.23459937362201,3,"Optimization has converged.",405,0.738
"406","CoopBreed","Syllable.rep.final",0.65771827665181,0.113341545698696,-218.167239158986,2.23458664156027,0.117316698380861,0.0784841499700145,-218.069085590194,2.2345578808279,3,"Optimization has converged.",406,0.738
"407","CoopBreed","Syllable.rep.final",0.444831472821232,0.113341545698696,-218.167239158986,2.23458664156027,0.121487531541825,0.0367381301486948,-217.87534529788,2.19024996270283,3,"Optimization has converged.",407,0.738
"408","CoopBreed","Syllable.rep.final",0.101637575457149,0.113341545698696,-218.167239158986,2.23458664156027,0.124131535679867,1.13341545698696e-05,-216.827410328187,2.34247958118858,3,"Optimization has converged.",408,0.738
"409","CoopBreed","Syllable.rep.final",0.281814822734915,0.113341545698696,-218.167239158986,2.23458664156027,0.123557731112161,0.0127278708680272,-217.588080585066,2.23462184360045,3,"Optimization has converged.",409,0.738
"410","CoopBreed","Syllable.rep.final",0.0126111796776398,0.113341545698696,-218.167239158986,2.23458664156027,0.121797724115017,1.13341545698696e-05,-215.055813085118,2.23458200199362,3,"Optimization has converged.",410,0.738
"411","CoopBreed","Syllable.rep.final",0.584370625689013,0.113341545698696,-218.167239158986,2.23458664156027,0.119198928768619,0.0630336781058194,-218.017628204591,2.23463696087955,3,"Optimization has converged.",411,0.738
"412","CoopBreed","Syllable.rep.final",0.00511834222613748,0.113341545698696,-218.167239158986,2.23458664156027,0.0862340559179864,0.342506863075567,-214.248667388747,2.23451342358792,3,"Optimization has converged.",412,0.738
"413","CoopBreed","Syllable.rep.final",0.075154130392819,0.113341545698696,-218.167239158986,2.23458664156027,0.125919088925613,0.00739892887045512,-216.583888896698,2.23470117586336,3,"Optimization has converged.",413,0.738
"414","CoopBreed","Syllable.rep.final",0.0839156270551708,0.113341545698696,-218.167239158986,2.23458664156027,0.122439633196007,1.13341545698696e-05,-216.673547114943,2.16904547302404,3,"Optimization has converged.",414,0.738
"415","CoopBreed","Syllable.rep.final",0.0664653708262578,0.113341545698696,-218.167239158986,2.23458664156027,0.0916380782360764,0.273799694346466,-216.483127169833,2.23462913477831,3,"Optimization has converged.",415,0.738
"416","CoopBreed","Syllable.rep.final",0.205807334469194,0.113341545698696,-218.167239158986,2.23458664156027,0.124192157124242,0.0131486049607691,-217.366900793547,2.23462267086576,3,"Optimization may not have converged.  Consider increasing maxit.",416,0.738
"417","CoopBreed","Syllable.rep.final",0.0662704879840415,0.113341545698696,-218.167239158986,2.23458664156027,0.0882091996571816,0.327917881123606,-216.480708283199,2.23467135006483,3,"Optimization has converged.",417,0.738
"418","CoopBreed","Syllable.rep.final",0.200626446963262,0.113341545698696,-218.167239158986,2.23458664156027,0.124502617299885,1.13341545698696e-05,-217.348335021589,2.23446186478164,3,"Optimization has converged.",418,0.738
"419","CoopBreed","Syllable.rep.final",0.0306594134934486,0.113341545698696,-218.167239158986,2.23458664156027,0.121944248009114,1.13341545698696e-05,-215.831273005908,2.23458799127545,3,"Optimization has converged.",419,0.738
"420","CoopBreed","Syllable.rep.final",0.285001586339402,0.113341545698696,-218.167239158986,2.23458664156027,0.12485973124649,0.00477334699668122,-217.595697115322,2.2346450144901,3,"Optimization has converged.",420,0.738
"421","CoopBreed","Syllable.rep.final",0.969773349642427,0.113341545698696,-218.167239158986,2.23458664156027,0.113852287274651,0.108756402392017,-218.166521236153,2.2345812998706,3,"Optimization has converged.",421,0.738
"422","CoopBreed","Syllable.rep.final",0.0777458133325668,0.113341545698696,-218.167239158986,2.23458664156027,0.12204854730763,1.13341545698696e-05,-216.611536091315,2.2345532857749,3,"Optimization has converged.",422,0.738
"423","CoopBreed","Syllable.rep.final",0.347792035658434,0.113341545698696,-218.167239158986,2.23458664156027,0.101154636673071,0.203357299496574,-217.726490740978,2.26111258037799,3,"Optimization has converged.",423,0.738
"424","CoopBreed","Syllable.rep.final",0.081359306090674,0.113341545698696,-218.167239158986,2.23458664156027,0.124140083593811,1.13341545698696e-05,-216.648470973333,2.23462028557015,3,"Optimization has converged.",424,0.738
"425","CoopBreed","Syllable.rep.final",0.0957127791567321,0.113341545698696,-218.167239158986,2.23458664156027,0.0959081234059362,0.257979481091783,-216.779455845192,2.1483025995162,3,"Optimization has converged.",425,0.738
"426","CoopBreed","Syllable.rep.final",0.370462401428193,0.113341545698696,-218.167239158986,2.23458664156027,0.121954965630993,0.0212912112968431,-217.766182716332,2.23453263265042,3,"Optimization has converged.",426,0.738
"427","CoopBreed","Syllable.rep.final",0.0786783877109989,0.113341545698696,-218.167239158986,2.23458664156027,0.12202679897639,1.13341545698696e-05,-216.621242653735,2.23459107683849,3,"Optimization has converged.",427,0.738
"428","CoopBreed","Syllable.rep.final",0.263399257033081,0.113341545698696,-218.167239158986,2.23458664156027,0.121014590446318,0.0258224709987787,-217.541837902584,2.25362960591571,3,"Optimization has converged.",428,0.738
"429","CoopBreed","Syllable.rep.final",0.524373904898042,0.113341545698696,-218.167239158986,2.23458664156027,0.121546463539193,0.045032958636815,-217.964598122575,2.23445435930485,3,"Optimization has converged.",429,0.738
"430","CoopBreed","Syllable.rep.final",0.198435786500494,0.113341545698696,-218.167239158986,2.23458664156027,0.120223767671331,0.0270307495135698,-217.340314350571,2.23452663417285,3,"Optimization has converged.",430,0.738
"431","CoopBreed","Syllable.rep.final",0.0350912313451445,0.113341545698696,-218.167239158986,2.23458664156027,0.0865913541612603,0.332863727473735,-215.946873950583,2.28069089059937,3,"Optimization may not have converged.  Consider increasing maxit.",431,0.738
"432","CoopBreed","Syllable.rep.final",0.860543333638563,0.113341545698696,-218.167239158986,2.23458664156027,0.115031546399075,0.0977807930373597,-218.151806977224,2.23456781615647,3,"Optimization has converged.",432,0.738
"433","CoopBreed","Syllable.rep.final",0.0146106273248817,0.113341545698696,-218.167239158986,2.23458664156027,0.0845567509225834,0.370819769836191,-215.185827561677,2.23454918934506,3,"Optimization has converged.",433,0.738
"434","CoopBreed","Syllable.rep.final",0.696733328900715,0.113341545698696,-218.167239158986,2.23458664156027,0.107474440263725,0.158769758791951,-218.091292904,2.24823303565287,3,"Optimization has converged.",434,0.738
"435","CoopBreed","Syllable.rep.final",0.188296245021421,0.113341545698696,-218.167239158986,2.23458664156027,0.123586844835411,1.13341545698696e-05,-217.301790118788,2.30617586281303,3,"Optimization has converged.",435,0.738
"436","CoopBreed","Syllable.rep.final",0.654704778534218,0.113341545698696,-218.167239158986,2.23458664156027,0.105786027341348,0.180098386848184,-218.067229205729,2.23464253525717,3,"Optimization has converged.",436,0.738
"437","CoopBreed","Syllable.rep.final",0.00712987748036647,0.113341545698696,-218.167239158986,2.23458664156027,0.0742702285298367,0.421090242640282,-214.547261759176,2.20092039076068,3,"Optimization has converged.",437,0.738
"438","CoopBreed","Syllable.rep.final",0.47001648941143,0.113341545698696,-218.167239158986,2.23458664156027,0.120693074210842,0.0279776942204865,-217.906270551871,2.23473509760034,3,"Optimization has converged.",438,0.738
"439","CoopBreed","Syllable.rep.final",0.194418485341047,0.113341545698696,-218.167239158986,2.23458664156027,0.124610917024367,1.13341545698696e-05,-217.325332362037,2.23471761253124,3,"Optimization has converged.",439,0.738
"440","CoopBreed","Syllable.rep.final",0.043869913590691,0.113341545698696,-218.167239158986,2.23458664156027,0.122289620306247,1.13341545698696e-05,-216.136458383015,2.14283329811112,3,"Optimization has converged.",440,0.738
"441","CoopBreed","Syllable.rep.final",0.335004262828011,0.113341545698696,-218.167239158986,2.23458664156027,0.124843649757726,1.13341545698696e-05,-217.702511043191,2.23439166160652,3,"Optimization has converged.",441,0.738
"442","CoopBreed","Syllable.rep.final",0.187103208227,0.113341545698696,-218.167239158986,2.23458664156027,0.126784972031523,1.13341545698696e-05,-217.297098588344,2.23455131647402,3,"Optimization has converged.",442,0.738
"443","CoopBreed","Syllable.rep.final",0.52891515634249,0.113341545698696,-218.167239158986,2.23458664156027,0.121182043518344,0.0354363643795769,-217.969001470974,2.26802892514826,3,"Optimization has converged.",443,0.738
"444","CoopBreed","Syllable.rep.final",0.026026395224321,0.113341545698696,-218.167239158986,2.23458664156027,0.0911981707439912,0.27250535994844,-215.6901069583,2.23459709653879,3,"Optimization has converged.",444,0.738
"445","CoopBreed","Syllable.rep.final",0.401149835731588,0.113341545698696,-218.167239158986,2.23458664156027,0.10133249537252,0.238308413293681,-217.814800730551,2.21898443173015,3,"Optimization has converged.",445,0.738
"446","CoopBreed","Syllable.rep.final",0.0304168794155454,0.113341545698696,-218.167239158986,2.23458664156027,0.0882577821121002,0.314431515223138,-215.824451583453,2.23457769527462,3,"Optimization has converged.",446,0.738
"447","CoopBreed","Syllable.rep.final",0.34920196619414,0.113341545698696,-218.167239158986,2.23458664156027,0.123521630386925,1.13341545698696e-05,-217.729061665161,2.23473895680636,3,"Optimization has converged.",447,0.738
"448","CoopBreed","Syllable.rep.final",0.129593882783708,0.113341545698696,-218.167239158986,2.23458664156027,0.0905067663293295,0.333655541009226,-217.018557856147,2.19808605765361,3,"Optimization has converged.",448,0.738
"449","CoopBreed","Syllable.rep.final",0.406793818675425,0.113341545698696,-218.167239158986,2.23458664156027,0.11821315372516,0.0663334619714439,-217.823163382701,2.23453033941535,3,"Optimization has converged.",449,0.738
"450","CoopBreed","Syllable.rep.final",0.0267869400676165,0.113341545698696,-218.167239158986,2.23458664156027,0.0914827868814073,0.292992652973449,-215.714993496231,2.1906080475223,3,"Optimization has converged.",450,0.738
"451","CoopBreed","Syllable.rep.final",0.372077885656835,0.113341545698696,-218.167239158986,2.23458664156027,0.100769852062231,0.227624717842915,-217.768882553265,2.31160947310462,3,"Optimization has converged.",451,0.738
"452","CoopBreed","Syllable.rep.final",0.0217356543834862,0.113341545698696,-218.167239158986,2.23458664156027,0.121654653122901,1.13341545698696e-05,-215.533827973537,2.23458801190318,3,"Optimization has converged.",452,0.738
"453","CoopBreed","Syllable.rep.final",0.108958925612773,0.113341545698696,-218.167239158986,2.23458664156027,0.124072156247263,1.13341545698696e-05,-216.882610865021,2.30670432287678,3,"Optimization has converged.",453,0.738
"454","CoopBreed","Syllable.rep.final",0.385634338572077,0.113341545698696,-218.167239158986,2.23458664156027,0.122612825442122,0.0421236967419142,-217.790907535153,2.23446511657247,3,"Optimization has converged.",454,0.738
"455","CoopBreed","Syllable.rep.final",0.0509731216558902,0.113341545698696,-218.167239158986,2.23458664156027,0.121676628015552,1.13341545698696e-05,-216.262661033428,2.2345738455321,3,"Optimization has converged.",455,0.738
"456","CoopBreed","Syllable.rep.final",0.224268206425378,0.113341545698696,-218.167239158986,2.23458664156027,0.123687504285984,1.13341545698696e-05,-217.428814752826,2.23450511127948,3,"Optimization has converged.",456,0.738
"457","CoopBreed","Syllable.rep.final",0.408813442481685,0.113341545698696,-218.167239158986,2.23458664156027,0.120926630754095,0.0317189659235228,-217.826114774373,2.23480025734336,3,"Optimization has converged.",457,0.738
"458","CoopBreed","Syllable.rep.final",0.121208564803396,0.113341545698696,-218.167239158986,2.23458664156027,0.0945162781221068,0.272476982200726,-216.966422017296,2.30967917830813,3,"Optimization has converged.",458,0.738
"459","CoopBreed","Syllable.rep.final",0.172532367977127,0.113341545698696,-218.167239158986,2.23458664156027,0.122384182975179,1.13341545698696e-05,-217.236838598872,2.23456741874633,3,"Optimization has converged.",459,0.738
"460","CoopBreed","Syllable.rep.final",0.668670677291333,0.113341545698696,-218.167239158986,2.23458664156027,0.108651241632975,0.155761812854849,-218.075658655484,2.23459067543966,3,"Optimization has converged.",460,0.738
"461","CoopBreed","Syllable.rep.final",0.32035173555962,0.113341545698696,-218.167239158986,2.23458664156027,0.121978930005108,0.010141236414903,-217.673484201608,2.28530776975422,3,"Optimization has converged.",461,0.738
"462","CoopBreed","Syllable.rep.final",0.276616684906798,0.113341545698696,-218.167239158986,2.23458664156027,0.125287297750031,1.13341545698696e-05,-217.57542033464,2.23443846507021,3,"Optimization has converged.",462,0.738
"463","CoopBreed","Syllable.rep.final",0.0977919036537886,0.113341545698696,-218.167239158986,2.23458664156027,0.121967554803594,1.13341545698696e-05,-216.796644041054,2.23459880505466,3,"Optimization has converged.",463,0.738
"464","CoopBreed","Syllable.rep.final",0.018763842999941,0.113341545698696,-218.167239158986,2.23458664156027,0.120858067378012,1.13341545698696e-05,-215.405543233669,2.17881379758375,3,"Optimization has converged.",464,0.738
"465","CoopBreed","Syllable.rep.final",0.0226011618863267,0.113341545698696,-218.167239158986,2.23458664156027,0.122658287347186,1.13341545698696e-05,-215.567788222186,2.23458994217426,3,"Optimization has converged.",465,0.738
"466","CoopBreed","Syllable.rep.final",0.340748802200898,0.113341545698696,-218.167239158986,2.23458664156027,0.120831445276816,0.0434419855782256,-217.713433124968,2.2346198058525,3,"Optimization has converged.",466,0.738
"467","CoopBreed","Syllable.rep.final",0.355080676056345,0.113341545698696,-218.167239158986,2.23458664156027,0.120666247086802,0.0410294023487784,-217.739630703676,2.28355985432192,3,"Optimization has converged.",467,0.738
"468","CoopBreed","Syllable.rep.final",0.117477033954904,0.113341545698696,-218.167239158986,2.23458664156027,0.12459066069231,1.13341545698696e-05,-216.941919645348,2.23457269276459,3,"Optimization has converged.",468,0.738
"469","CoopBreed","Syllable.rep.final",0.0390371275390454,0.113341545698696,-218.167239158986,2.23458664156027,0.11983474473882,1.13341545698696e-05,-216.037613609384,2.23464362500056,3,"Optimization has converged.",469,0.738
"470","CoopBreed","Syllable.rep.final",0.133076240715164,0.113341545698696,-218.167239158986,2.23458664156027,0.123797853946484,1.13341545698696e-05,-217.039115782057,2.17324235371781,3,"Optimization has converged.",470,0.738
"471","CoopBreed","Syllable.rep.final",0.159600652719918,0.113341545698696,-218.167239158986,2.23458664156027,0.123767869923023,1.13341545698696e-05,-217.178236275132,2.2345601076136,3,"Optimization has converged.",471,0.738
"472","CoopBreed","Syllable.rep.final",0.289442398014461,0.113341545698696,-218.167239158986,2.23458664156027,0.100945310764125,0.21000973570703,-217.606132569711,2.29292753704272,3,"Optimization has converged.",472,0.738
"473","CoopBreed","Syllable.rep.final",0.0539965194232757,0.113341545698696,-218.167239158986,2.23458664156027,0.123272219905461,1.13341545698696e-05,-216.310835770072,2.23458714760508,3,"Optimization has converged.",473,0.738
"474","CoopBreed","Syllable.rep.final",0.360777723842506,0.113341545698696,-218.167239158986,2.23458664156027,0.128416024559576,1.13341545698696e-05,-217.749647040696,2.23434917096338,3,"Optimization has converged.",474,0.738
"475","CoopBreed","Syllable.rep.final",0.117671304645613,0.113341545698696,-218.167239158986,2.23458664156027,0.123248264837857,1.13341545698696e-05,-216.943216405946,2.23458485235968,3,"Optimization has converged.",475,0.738
"476","CoopBreed","Syllable.rep.final",0.07500790736113,0.113341545698696,-218.167239158986,2.23458664156027,0.122409119594678,1.13341545698696e-05,-216.582298616103,2.23457975972037,3,"Optimization has converged.",476,0.738
"477","CoopBreed","Syllable.rep.final",0.06514904008846,0.113341545698696,-218.167239158986,2.23458664156027,0.123561903583766,1.13341545698696e-05,-216.466639569113,2.28228701129354,3,"Optimization has converged.",477,0.738
"478","CoopBreed","Syllable.rep.final",0.478722306127796,0.113341545698696,-218.167239158986,2.23458664156027,0.120679061918025,0.0480732515637237,-217.916352876339,2.23452450799438,3,"Optimization has converged.",478,0.738
"479","CoopBreed","Syllable.rep.final",0.29156013137264,0.113341545698696,-218.167239158986,2.23458664156027,0.124364927091986,1.13341545698696e-05,-217.61103753397,2.23456213861884,3,"Optimization has converged.",479,0.738
"480","CoopBreed","Syllable.rep.final",0.0511773909018057,0.113341545698696,-218.167239158986,2.23458664156027,0.124571260527801,1.13341545698696e-05,-216.266009966972,2.23460569930043,3,"Optimization has converged.",480,0.738
"481","CoopBreed","Syllable.rep.final",0.690836703016651,0.113341545698696,-218.167239158986,2.23458664156027,0.119080363956217,0.0574237045256795,-218.088148619052,2.23440564809849,3,"Optimization has converged.",481,0.738
"482","CoopBreed","Syllable.rep.final",0.374319231475781,0.113341545698696,-218.167239158986,2.23458664156027,0.102701193726652,0.215273289124673,-217.772601315083,2.23464450474875,3,"Optimization has converged.",482,0.738
"483","CoopBreed","Syllable.rep.final",0.936571839623374,0.113341545698696,-218.167239158986,2.23458664156027,0.112337267691184,0.122599964962326,-218.164072724533,2.23464024159976,3,"Optimization has converged.",483,0.738
"484","CoopBreed","Syllable.rep.final",0.818413764910804,0.113341545698696,-218.167239158986,2.23458664156027,0.115975329444966,0.0897099434570193,-218.140884375482,2.23454414637431,3,"Optimization has converged.",484,0.738
"485","CoopBreed","Syllable.rep.final",0.377075221130705,0.113341545698696,-218.167239158986,2.23458664156027,0.121901754252638,0.0275190123489873,-217.777131377582,2.2343670452285,3,"Optimization has converged.",485,0.738
"486","CoopBreed","Syllable.rep.final",0.471721564143387,0.113341545698696,-218.167239158986,2.23458664156027,0.122724343878545,0.00582289124625786,-217.90826894812,2.23425172440403,3,"Optimization has converged.",486,0.738
"487","CoopBreed","Syllable.rep.final",0.30720889579343,0.113341545698696,-218.167239158986,2.23458664156027,0.12150989868955,0.0186413314491494,-217.645920504198,2.23472378826166,3,"Optimization has converged.",487,0.738
"488","CoopBreed","Syllable.rep.final",0.626592234396177,0.113341545698696,-218.167239158986,2.23458664156027,0.107389064024057,0.17346671204075,-218.048883983497,2.23447738582074,3,"Optimization has converged.",488,0.738
"489","CoopBreed","Syllable.rep.final",0.0684038262881929,0.113341545698696,-218.167239158986,2.23458664156027,0.0831345474270545,0.387729625116933,-216.506782594741,2.26622149099179,3,"Optimization has converged.",489,0.738
"490","CoopBreed","Syllable.rep.final",0.802017058000741,0.113341545698696,-218.167239158986,2.23458664156027,0.109557813797019,0.146647932357114,-218.135804509508,2.23458697956111,3,"Optimization has converged.",490,0.738
"491","CoopBreed","Syllable.rep.final",0.412834453697295,0.113341545698696,-218.167239158986,2.23458664156027,0.100423071413964,0.234024811457479,-217.831927613776,2.20421867409361,3,"Optimization has converged.",491,0.738
"492","CoopBreed","Syllable.rep.final",0.399406700329202,0.113341545698696,-218.167239158986,2.23458664156027,0.122612115543221,0.0261454208892519,-217.812183260227,2.19655619732424,3,"Optimization has converged.",492,0.738
"493","CoopBreed","Syllable.rep.final",0.135598228327541,0.113341545698696,-218.167239158986,2.23458664156027,0.122833310099464,1.13341545698696e-05,-217.053632569611,2.23452042483797,3,"Optimization has converged.",493,0.738
"494","CoopBreed","Syllable.rep.final",0.189254715544824,0.113341545698696,-218.167239158986,2.23458664156027,0.124348902991673,1.13341545698696e-05,-217.305534242065,2.18621452139664,3,"Optimization has converged.",494,0.738
"495","CoopBreed","Syllable.rep.final",0.0480339572618919,0.113341545698696,-218.167239158986,2.23458664156027,0.0851211438951512,0.342433360119368,-216.212840447115,2.23443172716879,3,"Optimization has converged.",495,0.738
"496","CoopBreed","Syllable.rep.final",0.262178239666982,0.113341545698696,-218.167239158986,2.23458664156027,0.124174014936947,1.13341545698696e-05,-217.53862988708,2.23457985584249,3,"Optimization has converged.",496,0.738
"497","CoopBreed","Syllable.rep.final",0.930161010185777,0.113341545698696,-218.167239158986,2.23458664156027,0.114611257174223,0.101873303609533,-218.163398575833,2.22890444727759,3,"Optimization has converged.",497,0.738
"498","CoopBreed","Syllable.rep.final",0.173673839735893,0.113341545698696,-218.167239158986,2.23458664156027,0.124354371179452,0.0158711456718196,-217.241768011908,2.19550156187355,3,"Optimization has converged.",498,0.738
"499","CoopBreed","Syllable.rep.final",0.0633773478172962,0.113341545698696,-218.167239158986,2.23458664156027,0.120107782885113,1.13341545698696e-05,-216.443878170229,2.14344165636604,3,"Optimization has converged.",499,0.738
"500","CoopBreed","Syllable.rep.final",0.0875213487686621,0.113341545698696,-218.167239158986,2.23458664156027,0.12657771990944,1.13341545698696e-05,-216.707547889359,2.23457799397772,3,"Optimization has converged.",500,0.738
"501","CoopBreed","Syllable.rep.final",0.0550549747426634,0.113341545698696,-218.167239158986,2.23458664156027,0.12173744364913,1.13341545698696e-05,-216.327029077136,2.23461040919923,3,"Optimization has converged.",501,0.738
"502","CoopBreed","Syllable.rep.final",0.0399913110898018,0.113341545698696,-218.167239158986,2.23458664156027,0.120140835416758,1.13341545698696e-05,-216.058112565549,2.23462065195521,3,"Optimization has converged.",502,0.738
"503","CoopBreed","Syllable.rep.final",0.0670379541152675,0.113341545698696,-218.167239158986,2.23458664156027,0.122174024801077,1.13341545698696e-05,-216.490190480842,2.23459137526385,3,"Optimization has converged.",503,0.738
"504","CoopBreed","Syllable.rep.final",0.393363774454371,0.113341545698696,-218.167239158986,2.23458664156027,0.123185731937257,0.00474794388420203,-217.802979835498,2.23434014222914,3,"Optimization has converged.",504,0.738
"505","CoopBreed","Syllable.rep.final",0.0611331336360719,0.113341545698696,-218.167239158986,2.23458664156027,0.0827249421849121,0.374445578680168,-216.414052395093,2.21045054095153,3,"Optimization has converged.",505,0.738
"506","CoopBreed","Syllable.rep.final",0.0331272989686552,0.113341545698696,-218.167239158986,2.23458664156027,0.0909113456504638,0.26332089529068,-215.897645061922,2.23467939843334,3,"Optimization has converged.",506,0.738
"507","CoopBreed","Syllable.rep.final",0.0152177951588838,0.113341545698696,-218.167239158986,2.23458664156027,0.120226567492902,1.13341545698696e-05,-215.221700916369,2.30821639808328,3,"Optimization has converged.",507,0.738
"508","CoopBreed","Syllable.rep.final",0.390142728097149,0.113341545698696,-218.167239158986,2.23458664156027,0.117438302988367,0.0667052688961016,-217.797990596241,2.23460500395194,3,"Optimization has converged.",508,0.738
"509","CoopBreed","Syllable.rep.final",0.230503944474916,0.113341545698696,-218.167239158986,2.23458664156027,0.12398849682453,0.00655590863817734,-217.448364645791,2.23456255078199,3,"Optimization has converged.",509,0.738
"510","CoopBreed","Syllable.rep.final",0.524881880144336,0.113341545698696,-218.167239158986,2.23458664156027,0.119238233146234,0.0614708401350249,-217.965094044602,2.23454365745786,3,"Optimization has converged.",510,0.738
"511","CoopBreed","Syllable.rep.final",0.203824715987751,0.113341545698696,-218.167239158986,2.23458664156027,0.101167207830205,0.208947375952558,-217.359861781538,2.23463163590379,3,"Optimization has converged.",511,0.738
"512","CoopBreed","Syllable.rep.final",0.371408512132317,0.113341545698696,-218.167239158986,2.23458664156027,0.120352405530347,0.0532026054463122,-217.767765870028,2.23448713609186,3,"Optimization has converged.",512,0.738
"513","CoopBreed","Syllable.rep.final",0.225269834048638,0.113341545698696,-218.167239158986,2.23458664156027,0.123869466271928,0.0179656745119661,-217.431998709626,2.19594941342074,3,"Optimization has converged.",513,0.738
"514","CoopBreed","Syllable.rep.final",0.108511176876254,0.113341545698696,-218.167239158986,2.23458664156027,0.0974380116004028,0.241425949350801,-216.879353344932,2.3083762114238,3,"Optimization has converged.",514,0.738
"515","CoopBreed","Syllable.rep.final",0.554722341993858,0.113341545698696,-218.167239158986,2.23458664156027,0.105674932607655,0.190794762786974,-217.992776702025,2.22370988833048,3,"Optimization has converged.",515,0.738
"516","CoopBreed","Syllable.rep.final",0.0583170866024342,0.113341545698696,-218.167239158986,2.23458664156027,0.122447267838356,1.13341545698696e-05,-216.374933913791,2.23456888087085,3,"Optimization has converged.",516,0.738
"517","CoopBreed","Syllable.rep.final",0.0520598066538547,0.113341545698696,-218.167239158986,2.23458664156027,0.124809588308436,1.13341545698696e-05,-216.280316263905,2.23459443778919,3,"Optimization has converged.",517,0.738
"518","CoopBreed","Syllable.rep.final",0.228221156369942,0.113341545698696,-218.167239158986,2.23458664156027,0.125847258432215,1.13341545698696e-05,-217.441282387419,2.27767111728303,3,"Optimization has converged.",518,0.738
"519","CoopBreed","Syllable.rep.final",0.0277572904489834,0.113341545698696,-218.167239158986,2.23458664156027,0.121741568165184,1.13341545698696e-05,-215.745699585813,2.23455155117176,3,"Optimization has converged.",519,0.738
"520","CoopBreed","Syllable.rep.final",0.448293663240707,0.113341545698696,-218.167239158986,2.23458664156027,0.10283979012333,0.206970408398263,-217.879757910416,2.21298803840591,3,"Optimization has converged.",520,0.738
"521","CoopBreed","Syllable.rep.final",0.785475397569779,0.113341545698696,-218.167239158986,2.23458664156027,0.11753108384055,0.0804436559741047,-218.130195272267,2.234662807951,3,"Optimization has converged.",521,0.738
"522","CoopBreed","Syllable.rep.final",0.13200061837628,0.113341545698696,-218.167239158986,2.23458664156027,0.123712895341578,1.13341545698696e-05,-217.032830599266,2.23458729060203,3,"Optimization has converged.",522,0.738
"523","CoopBreed","Syllable.rep.final",0.866228225168218,0.113341545698696,-218.167239158986,2.23458664156027,0.116027303681704,0.0908955186645085,-218.153051232773,2.2345117234783,3,"Optimization has converged.",523,0.738
"524","CoopBreed","Syllable.rep.final",0.327787556209525,0.113341545698696,-218.167239158986,2.23458664156027,0.11911456002229,0.0525014542928757,-217.68842977236,2.23460080746004,3,"Optimization has converged.",524,0.738
"525","CoopBreed","Syllable.rep.final",0.136380168897489,0.113341545698696,-218.167239158986,2.23458664156027,0.125476727586714,1.13341545698696e-05,-217.058072227804,2.16703278361925,3,"Optimization has converged.",525,0.738
"526","CoopBreed","Syllable.rep.final",0.771913343296639,0.113341545698696,-218.167239158986,2.23458664156027,0.109609958338753,0.142589601947521,-218.12522596016,2.23458343589564,3,"Optimization has converged.",526,0.738
"527","CoopBreed","Syllable.rep.final",0.121927674095768,0.113341545698696,-218.167239158986,2.23458664156027,0.12108076145132,1.13341545698696e-05,-216.971047877165,2.23456662904613,3,"Optimization has converged.",527,0.738
"528","CoopBreed","Syllable.rep.final",0.279326493969709,0.113341545698696,-218.167239158986,2.23458664156027,0.120313899282518,0.0361146004703688,-217.582057239386,2.23468209234707,3,"Optimization has converged.",528,0.738
"529","CoopBreed","Syllable.rep.final",0.0164184010514841,0.113341545698696,-218.167239158986,2.23458664156027,0.120101386288623,1.13341545698696e-05,-215.2884883268,2.23457162117997,3,"Optimization has converged.",529,0.738
"530","CoopBreed","Syllable.rep.final",0.259908660045683,0.113341545698696,-218.167239158986,2.23458664156027,0.123870541241493,1.13341545698696e-05,-217.532617444378,2.23479672342975,3,"Optimization has converged.",530,0.738
"531","CoopBreed","Syllable.rep.final",0.0657052591714601,0.113341545698696,-218.167239158986,2.23458664156027,0.1223522253021,1.13341545698696e-05,-216.473649456613,2.23457806602627,3,"Optimization has converged.",531,0.738
"532","CoopBreed","Syllable.rep.final",0.0135335771423369,0.113341545698696,-218.167239158986,2.23458664156027,0.0742123673323902,0.464964305375155,-215.118244418499,2.1456389141496,3,"Optimization has converged.",532,0.738
"533","CoopBreed","Syllable.rep.final",0.950301931953739,0.113341545698696,-218.167239158986,2.23458664156027,0.114169348487897,0.104656480019501,-218.165296792746,2.23460750990275,3,"Optimization has converged.",533,0.738
"534","CoopBreed","Syllable.rep.final",0.855516561203735,0.113341545698696,-218.167239158986,2.23458664156027,0.116567040243102,0.0862917907303736,-218.150661810896,2.23434654556,3,"Optimization has converged.",534,0.738
"535","CoopBreed","Syllable.rep.final",0.523137559141849,0.113341545698696,-218.167239158986,2.23458664156027,0.118575620332736,0.0621879975874824,-217.963387540184,2.26340281757351,3,"Optimization has converged.",535,0.738
"536","CoopBreed","Syllable.rep.final",0.141442432367484,0.113341545698696,-218.167239158986,2.23458664156027,0.0996258807449906,0.22934107084223,-217.086141217701,2.23497345305161,3,"Optimization has converged.",536,0.738
"537","CoopBreed","Syllable.rep.final",0.107537403664539,0.113341545698696,-218.167239158986,2.23458664156027,0.079382150574329,0.390654044945719,-216.872217566641,2.23468921262729,3,"Optimization has converged.",537,0.738
"538","CoopBreed","Syllable.rep.final",0.373309538478613,0.113341545698696,-218.167239158986,2.23458664156027,0.124182904870406,0.0143586973467884,-217.77092993761,2.2165268837491,3,"Optimization has converged.",538,0.738
"539","CoopBreed","Syllable.rep.final",0.0488289851921334,0.113341545698696,-218.167239158986,2.23458664156027,0.122846725592308,1.13341545698696e-05,-216.226627816675,2.23458636693223,3,"Optimization has converged.",539,0.738
"540","CoopBreed","Syllable.rep.final",0.161054422672164,0.113341545698696,-218.167239158986,2.23458664156027,0.123831527173492,1.13341545698696e-05,-217.185090265043,2.23452247164168,3,"Optimization has converged.",540,0.738
"541","CoopBreed","Syllable.rep.final",0.0422440743338542,0.113341545698696,-218.167239158986,2.23458664156027,0.096453742001933,0.235629109408713,-216.104539990571,2.2610376076681,3,"Optimization has converged.",541,0.738
"542","CoopBreed","Syllable.rep.final",0.0454874981937863,0.113341545698696,-218.167239158986,2.23458664156027,0.0871682483584275,0.32555069210534,-216.167002682586,2.31552614603048,3,"Optimization may not have converged.  Consider increasing maxit.",542,0.738
"543","CoopBreed","Syllable.rep.final",0.0689246822949759,0.113341545698696,-218.167239158986,2.23458664156027,0.084935899594582,0.36108997184966,-216.513016647241,2.23459150158728,3,"Optimization has converged.",543,0.738
"544","CoopBreed","Syllable.rep.final",0.126640921588395,0.113341545698696,-218.167239158986,2.23458664156027,0.123806753141476,1.13341545698696e-05,-217.000636818549,2.23452635250682,3,"Optimization has converged.",544,0.738
"545","CoopBreed","Syllable.rep.final",0.163798703920841,0.113341545698696,-218.167239158986,2.23458664156027,0.122412038542997,1.13341545698696e-05,-217.197838314484,2.31396044641913,3,"Optimization has converged.",545,0.738
"546","CoopBreed","Syllable.rep.final",0.957637465453245,0.113341545698696,-218.167239158986,2.23458664156027,0.112570330325963,0.120524313576984,-218.165828369736,2.23458213154161,3,"Optimization has converged.",546,0.738
"547","CoopBreed","Syllable.rep.final",0.28796064693816,0.113341545698696,-218.167239158986,2.23458664156027,0.101766237883075,0.208840846712295,-217.602673361243,2.2344691697045,3,"Optimization has converged.",547,0.738
"548","CoopBreed","Syllable.rep.final",0.584863132118654,0.113341545698696,-218.167239158986,2.23458664156027,0.118682509614766,0.0571646604542293,-218.01802001325,2.23461507085332,3,"Optimization has converged.",548,0.738
"549","CoopBreed","Syllable.rep.final",0.255646661721147,0.113341545698696,-218.167239158986,2.23458664156027,0.126242387994226,1.13341545698696e-05,-217.521149346324,2.2349164831735,3,"Optimization has converged.",549,0.738
"550","CoopBreed","Syllable.rep.final",0.0567910388271525,0.113341545698696,-218.167239158986,2.23458664156027,0.123501414758411,1.13341545698696e-05,-216.352887375188,2.23456510642036,3,"Optimization has converged.",550,0.738
"551","CoopBreed","Syllable.rep.final",0.326140330556866,0.113341545698696,-218.167239158986,2.23458664156027,0.124150731412803,1.13341545698696e-05,-217.685157845638,2.19084437442309,3,"Optimization has converged.",551,0.738
"552","CoopBreed","Syllable.rep.final",0.00147990719212305,0.113341545698696,-218.167239158986,2.23458664156027,0.0678077168557677,0.386923884570241,-213.115506111944,2.23476814824491,3,"Optimization has converged.",552,0.738
"553","CoopBreed","Syllable.rep.final",0.0394427522405976,0.113341545698696,-218.167239158986,2.23458664156027,0.12301077281816,1.13341545698696e-05,-216.046391280042,2.23461822360448,3,"Optimization has converged.",553,0.738
"554","CoopBreed","Syllable.rep.final",0.0617558720412202,0.113341545698696,-218.167239158986,2.23458664156027,0.0945725152798331,0.271645690849437,-216.422444079737,2.23461570361638,3,"Optimization has converged.",554,0.738
"555","CoopBreed","Syllable.rep.final",0.024588074963658,0.113341545698696,-218.167239158986,2.23458664156027,0.120964476532034,1.13341545698696e-05,-215.640906051474,2.2345919246006,3,"Optimization has converged.",555,0.738
"556","CoopBreed","Syllable.rep.final",0.0730377760219124,0.113341545698696,-218.167239158986,2.23458664156027,0.122679595272887,1.13341545698696e-05,-216.560541520876,2.23458129599499,3,"Optimization has converged.",556,0.738
"557","CoopBreed","Syllable.rep.final",0.523774497008761,0.113341545698696,-218.167239158986,2.23458664156027,0.104270510644005,0.20501231904239,-217.964011838586,2.26059308727688,3,"Optimization has converged.",557,0.738
"558","CoopBreed","Syllable.rep.final",0.0532343815320319,0.113341545698696,-218.167239158986,2.23458664156027,0.124803785826581,1.13341545698586e-05,-216.298966158772,2.34856188846894,3,"Optimization has converged.",558,0.738
"559","CoopBreed","Syllable.rep.final",0.161620977011337,0.113341545698696,-218.167239158986,2.23458664156027,0.0978509822531143,0.269101610465188,-217.1877422888,2.23454794284057,3,"Optimization has converged.",559,0.738
"560","CoopBreed","Syllable.rep.final",0.208992058011367,0.113341545698696,-218.167239158986,2.23458664156027,0.120583586581719,0.0312727564440274,-217.378041748024,2.23457980774054,3,"Optimization has converged.",560,0.738
"561","CoopBreed","Syllable.rep.final",0.115687328038915,0.113341545698696,-218.167239158986,2.23458664156027,0.121786743281332,1.13341545698696e-05,-216.929860703874,2.23463937156326,3,"Optimization has converged.",561,0.738
"562","CoopBreed","Syllable.rep.final",0.102192114787324,0.113341545698696,-218.167239158986,2.23458664156027,0.0974877939198869,0.236840544161313,-216.831741642243,2.23429730538291,3,"Optimization has converged.",562,0.738
"563","CoopBreed","Syllable.rep.final",0.144835631709811,0.113341545698696,-218.167239158986,2.23458664156027,0.124214670849012,1.13341545698696e-05,-217.10433117974,2.23449247896802,3,"Optimization has converged.",563,0.738
"564","CoopBreed","Syllable.rep.final",0.21411293029212,0.113341545698696,-218.167239158986,2.23458664156027,0.123893974137818,0.00858427863967665,-217.39554084205,2.23464089880752,3,"Optimization has converged.",564,0.738
"565","CoopBreed","Syllable.rep.final",0.0501500589122119,0.113341545698696,-218.167239158986,2.23458664156027,0.124780899962392,1.13341545698696e-05,-216.249021891046,2.23458334070425,3,"Optimization has converged.",565,0.738
"566","CoopBreed","Syllable.rep.final",0.266872572498028,0.113341545698696,-218.167239158986,2.23458664156027,0.120712697857978,0.0367407753055657,-217.550863329246,2.23454172271846,3,"Optimization has converged.",566,0.738
"567","CoopBreed","Syllable.rep.final",0.272319910572176,0.113341545698696,-218.167239158986,2.23458664156027,0.124221158576555,1.13341545698696e-05,-217.564727311638,2.2344468803262,3,"Optimization has converged.",567,0.738
"568","CoopBreed","Syllable.rep.final",0.297954139819037,0.113341545698696,-218.167239158986,2.23458664156027,0.124625800456314,1.13341545698696e-05,-217.625574909931,2.23430857605437,3,"Optimization has converged.",568,0.738
"569","CoopBreed","Syllable.rep.final",0.0531925846373509,0.113341545698696,-218.167239158986,2.23458664156027,0.122303904327059,1.13341545698696e-05,-216.298310012944,2.23462128500687,3,"Optimization has converged.",569,0.738
"570","CoopBreed","Syllable.rep.final",0.23863575503474,0.113341545698696,-218.167239158986,2.23458664156027,0.12419739895044,1.13341545698696e-05,-217.472921671712,2.23455053899523,3,"Optimization has converged.",570,0.738
"571","CoopBreed","Syllable.rep.final",0.527376280432386,0.113341545698696,-218.167239158986,2.23458664156027,0.12122447018162,0.0383955026298313,-217.967516909714,2.23503358790925,3,"Optimization has converged.",571,0.738
"572","CoopBreed","Syllable.rep.final",0.0252189363790353,0.113341545698696,-218.167239158986,2.23458664156027,0.0849082700050673,0.36434521034825,-215.662844442755,2.23467074709982,3,"Optimization has converged.",572,0.738
"573","CoopBreed","Syllable.rep.final",0.0673185050008777,0.113341545698696,-218.167239158986,2.23458664156027,0.121434684380438,1.13341545698696e-05,-216.493627824407,2.23458827161666,3,"Optimization has converged.",573,0.738
"574","CoopBreed","Syllable.rep.final",0.000701696916977479,0.113341545698696,-218.167239158986,2.23458664156027,0.0767846854794896,0.33966507649423,-212.424865837904,2.25734334629674,3,"Optimization has converged.",574,0.738
"575","CoopBreed","Syllable.rep.final",0.494073821270063,0.113341545698696,-218.167239158986,2.23458664156027,0.120295586652569,0.0498615307071866,-217.933418004937,2.2242985877256,3,"Optimization has converged.",575,0.738
"576","CoopBreed","Syllable.rep.final",0.0598273633712907,0.113341545698696,-218.167239158986,2.23458664156027,0.086587130225719,0.350054243105001,-216.396157219597,2.2346832599181,3,"Optimization has converged.",576,0.738
"577","CoopBreed","Syllable.rep.final",0.262868895365712,0.113341545698696,-218.167239158986,2.23458664156027,0.12553677387168,1.13341545698696e-05,-217.540446739442,2.2345324038858,3,"Optimization has converged.",577,0.738
"578","CoopBreed","Syllable.rep.final",0.0375123746110668,0.113341545698696,-218.167239158986,2.23458664156027,0.0912473090990042,0.298287617669667,-216.003740711927,2.18584134127695,3,"Optimization has converged.",578,0.738
"579","CoopBreed","Syllable.rep.final",0.202318940046135,0.113341545698696,-218.167239158986,2.23458664156027,0.124751739005065,1.13341545698696e-05,-217.354461592518,2.23462847385557,3,"Optimization has converged.",579,0.738
"580","CoopBreed","Syllable.rep.final",0.736800435499479,0.113341545698696,-218.167239158986,2.23458664156027,0.107729928253893,0.169897205887301,-218.110759772324,2.23461393754281,3,"Optimization has converged.",580,0.738
"581","CoopBreed","Syllable.rep.final",0.0219907998598079,0.113341545698696,-218.167239158986,2.23458664156027,0.124767187040676,1.13341545698696e-05,-215.5439827683,2.23460317800695,3,"Optimization has converged.",581,0.738
"582","CoopBreed","Syllable.rep.final",0.831297509145487,0.113341545698696,-218.167239158986,2.23458664156027,0.116227545464301,0.0881975067063029,-218.144546615043,2.23469143048422,3,"Optimization has converged.",582,0.738
"583","CoopBreed","Syllable.rep.final",0.110357086163016,0.113341545698696,-218.167239158986,2.23458664156027,0.122147115424182,1.13341545698696e-05,-216.892689035055,2.23457779413995,3,"Optimization has converged.",583,0.738
"584","CoopBreed","Syllable.rep.final",0.447418638377832,0.113341545698696,-218.167239158986,2.23458664156027,0.106721680588826,0.168127403353854,-217.878647684685,2.21577817135366,3,"Optimization has converged.",584,0.738
"585","CoopBreed","Syllable.rep.final",0.270986189960261,0.113341545698696,-218.167239158986,2.23458664156027,0.124656208651832,1.13341545698696e-05,-217.561365105573,2.23470525185202,3,"Optimization has converged.",585,0.738
"586","CoopBreed","Syllable.rep.final",0.0318578369631149,0.113341545698696,-218.167239158986,2.23458664156027,0.124628466288337,1.13341545698696e-05,-215.864173774434,2.23460124378935,3,"Optimization has converged.",586,0.738
"587","CoopBreed","Syllable.rep.final",0.074981866944048,0.113341545698696,-218.167239158986,2.23458664156027,0.123317974172959,1.13341545698696e-05,-216.582015058506,2.23461639963519,3,"Optimization has converged.",587,0.738
"588","CoopBreed","Syllable.rep.final",0.419677278939993,0.113341545698696,-218.167239158986,2.23458664156027,0.125049703176838,1.13341545698696e-05,-217.841629780541,2.23429512666603,3,"Optimization has converged.",588,0.738
"589","CoopBreed","Syllable.rep.final",0.175449934913139,0.113341545698696,-218.167239158986,2.23458664156027,0.1213969433819,1.13341545698696e-05,-217.249364344826,2.23456171841854,3,"Optimization has converged.",589,0.738
"590","CoopBreed","Syllable.rep.final",0.495378094239302,0.113341545698696,-218.167239158986,2.23458664156027,0.123125809893348,0.0229091686116515,-217.934827198138,2.23440072896397,3,"Optimization has converged.",590,0.738
"591","CoopBreed","Syllable.rep.final",0.846072788417488,0.113341545698696,-218.167239158986,2.23458664156027,0.116200195537425,0.0854744594134601,-218.148395607372,2.2345614523497,3,"Optimization has converged.",591,0.738
"592","CoopBreed","Syllable.rep.final",0.470531340718906,0.113341545698696,-218.167239158986,2.23458664156027,0.102340215680812,0.213068179087095,-217.906875203193,2.19686511918986,3,"Optimization has converged.",592,0.738
"593","CoopBreed","Syllable.rep.final",0.229642496763519,0.113341545698696,-218.167239158986,2.23458664156027,0.121349510784889,0.0204524052997817,-217.445702001794,2.30022279796211,3,"Optimization has converged.",593,0.738
"594","CoopBreed","Syllable.rep.final",0.275791073081877,0.113341545698696,-218.167239158986,2.23458664156027,0.12625188354149,0.00417915845017885,-217.573381956384,2.31177801132524,3,"Optimization has converged.",594,0.738
"595","CoopBreed","Syllable.rep.final",0.207869217768099,0.113341545698696,-218.167239158986,2.23458664156027,0.122821984947599,1.13341545698696e-05,-217.374136817075,2.2098992388344,3,"Optimization has converged.",595,0.738
"596","CoopBreed","Syllable.rep.final",0.0838014974791452,0.113341545698696,-218.167239158986,2.23458664156027,0.0748398363409164,0.492701987928064,-216.67244525807,2.16428976832491,3,"Optimization has converged.",596,0.738
"597","CoopBreed","Syllable.rep.final",0.362577683431058,0.113341545698696,-218.167239158986,2.23458664156027,0.123250474769345,0.0138594519297617,-217.752766508205,2.23459930027632,3,"Optimization has converged.",597,0.738
"598","CoopBreed","Syllable.rep.final",0.205374360249109,0.113341545698696,-218.167239158986,2.23458664156027,0.122076740042238,0.0126827929844979,-217.365370425078,2.23446080676215,3,"Optimization has converged.",598,0.738
"599","CoopBreed","Syllable.rep.final",0.722627513305034,0.113341545698696,-218.167239158986,2.23458664156027,0.116238865928008,0.0890430362620819,-218.104244627472,2.23451036056498,3,"Optimization has converged.",599,0.738
"600","CoopBreed","Syllable.rep.final",0.0600140960247336,0.113341545698696,-218.167239158986,2.23458664156027,0.121269527565318,1.13341545698696e-05,-216.398741655295,2.23458321668808,3,"Optimization has converged.",600,0.738
"601","CoopBreed","Syllable.rep.final",0.00435228042979493,0.113341545698696,-218.167239158986,2.23458664156027,0.0683747785828779,0.490438392819114,-214.101907143069,2.38954008834489,3,"Optimization has converged.",601,0.738
"602","CoopBreed","Syllable.rep.final",0.0680900329393386,0.113341545698696,-218.167239158986,2.23458664156027,0.119902064278957,1.13341545698696e-05,-216.503002288376,2.18572211532917,3,"Optimization has converged.",602,0.738
"603","CoopBreed","Syllable.rep.final",0.00447433418474157,0.113341545698696,-218.167239158986,2.23458664156027,0.0785247349969028,0.436937395323934,-214.126973833659,2.23428002638443,3,"Optimization has converged.",603,0.738
"604","CoopBreed","Syllable.rep.final",0.0837274611819383,0.113341545698696,-218.167239158986,2.23458664156027,0.121432350955824,1.13341545698696e-05,-216.671729611846,2.23455532172429,3,"Optimization has converged.",604,0.738
"605","CoopBreed","Syllable.rep.final",0.0595600238218747,0.113341545698696,-218.167239158986,2.23458664156027,0.124129726695369,1.13341545698696e-05,-216.392442188337,2.23458329674823,3,"Optimization has converged.",605,0.738
"606","CoopBreed","Syllable.rep.final",0.347103613914915,0.113341545698696,-218.167239158986,2.23458664156027,0.123375964224857,1.13341545698696e-05,-217.725230297794,2.23452298109832,3,"Optimization has converged.",606,0.738
"607","CoopBreed","Syllable.rep.final",0.0557632002184412,0.113341545698696,-218.167239158986,2.23458664156027,0.12248573638388,1.13341545698696e-05,-216.337680980713,2.23458578134622,3,"Optimization has converged.",607,0.738
"608","CoopBreed","Syllable.rep.final",0.309329576596686,0.113341545698696,-218.167239158986,2.23458664156027,0.125436811097628,0.0136090761468004,-217.650471092948,2.25857334040062,3,"Optimization has converged.",608,0.738
"609","CoopBreed","Syllable.rep.final",0.0777962985074191,0.113341545698696,-218.167239158986,2.23458664156027,0.122178101726192,1.13341545698696e-05,-216.612064760144,2.23456367954489,3,"Optimization has converged.",609,0.738
"610","CoopBreed","Syllable.rep.final",0.225389268874117,0.113341545698696,-218.167239158986,2.23458664156027,0.100998792726616,0.203415380547668,-217.432377233583,2.22317706621378,3,"Optimization has converged.",610,0.738
"611","CoopBreed","Syllable.rep.final",0.231302692917004,0.113341545698696,-218.167239158986,2.23458664156027,0.121476616621499,0.00340425445022477,-217.450822799049,2.23456447065264,3,"Optimization may not have converged.  Consider increasing maxit.",611,0.738
"612","CoopBreed","Syllable.rep.final",0.0963661035090297,0.113341545698696,-218.167239158986,2.23458664156027,0.124440983682907,1.13341545698696e-05,-216.784900388718,2.23455115937811,3,"Optimization has converged.",612,0.738
"613","CoopBreed","Syllable.rep.final",0.0554944608557332,0.113341545698696,-218.167239158986,2.23458664156027,0.121404021219581,1.13341545698696e-05,-216.333656048582,2.23458556702643,3,"Optimization has converged.",613,0.738
"614","CoopBreed","Syllable.rep.final",0.316568084268791,0.113341545698696,-218.167239158986,2.23458664156027,0.100789036118805,0.243172270671959,-217.665702683217,2.28054388331729,3,"Optimization has converged.",614,0.738
"615","CoopBreed","Syllable.rep.final",0.11772089562815,0.113341545698696,-218.167239158986,2.23458664156027,0.126116013676813,1.13341545698696e-05,-216.943547047618,2.23455671684811,3,"Optimization has converged.",615,0.738
"616","CoopBreed","Syllable.rep.final",0.457879268017186,0.113341545698696,-218.167239158986,2.23458664156027,0.125275754057488,0.00699904958390996,-217.891702254458,2.18350049386728,3,"Optimization has converged.",616,0.738
"617","CoopBreed","Syllable.rep.final",0.0819547304765292,0.113341545698696,-218.167239158986,2.23458664156027,0.119830685877744,1.13341545698696e-05,-216.654387007802,2.23462140585694,3,"Optimization has converged.",617,0.738
"618","CoopBreed","Syllable.rep.final",0.245590558822408,0.113341545698696,-218.167239158986,2.23458664156027,0.12552843423353,1.13341545698696e-05,-217.493132068406,2.23430063446458,3,"Optimization has converged.",618,0.738
"619","CoopBreed","Syllable.rep.final",0.186600365299389,0.113341545698696,-218.167239158986,2.23458664156027,0.123062113182035,0.0228748356693988,-217.295110761457,2.18934867747291,3,"Optimization has converged.",619,0.738
"620","CoopBreed","Syllable.rep.final",0.0994016360893787,0.113341545698696,-218.167239158986,2.23458664156027,0.0945590253300656,0.273469317726296,-216.809680289108,2.23453765895795,3,"Optimization has converged.",620,0.738
"621","CoopBreed","Syllable.rep.final",0.201267303795934,0.113341545698696,-218.167239158986,2.23458664156027,0.126226783382294,1.13341545698696e-05,-217.350661953568,2.23468220591628,3,"Optimization has converged.",621,0.738
"622","CoopBreed","Syllable.rep.final",0.186037649793169,0.113341545698696,-218.167239158986,2.23458664156027,0.100767302046208,0.23106250355203,-217.292878851686,2.23457726601694,3,"Optimization has converged.",622,0.738
"623","CoopBreed","Syllable.rep.final",0.0875643258274265,0.113341545698696,-218.167239158986,2.23458664156027,0.124647535991881,1.13341545698696e-05,-216.707943950765,2.2346110573274,3,"Optimization has converged.",623,0.738
"624","CoopBreed","Syllable.rep.final",0.970965813470318,0.113341545698696,-218.167239158986,2.23458664156027,0.112880489499471,0.117368178501517,-218.166576788512,2.23458886215863,3,"Optimization has converged.",624,0.738
"625","CoopBreed","Syllable.rep.final",0.418033443961033,0.113341545698696,-218.167239158986,2.23458664156027,0.124599465314255,1.13341545698696e-05,-217.839320583657,2.2340580104249,3,"Optimization has converged.",625,0.738
"626","CoopBreed","Syllable.rep.final",0.246006421490903,0.113341545698696,-218.167239158986,2.23458664156027,0.100905705402566,0.212877497103733,-217.494318387287,2.18723892339893,3,"Optimization has converged.",626,0.738
"627","CoopBreed","Syllable.rep.final",0.113340840508415,0.113341545698696,-218.167239158986,2.23458664156027,0.123224649486254,1.13341545698696e-05,-216.913734486725,2.23461530936793,3,"Optimization has converged.",627,0.738
"628","CoopBreed","Syllable.rep.final",0.60960112834029,0.113341545698696,-218.167239158986,2.23458664156027,0.119362439331439,0.0560827025119906,-218.036861071854,2.23445181095313,3,"Optimization has converged.",628,0.738
"629","CoopBreed","Syllable.rep.final",0.333184748749742,0.113341545698696,-218.167239158986,2.23458664156027,0.102025942337371,0.22813797302687,-217.698999170726,2.18384965575177,3,"Optimization has converged.",629,0.738
"630","CoopBreed","Syllable.rep.final",0.98170218659863,0.113341545698696,-218.167239158986,2.23458664156027,0.113156853894496,0.115188171414407,-218.166976153738,2.23458703176368,3,"Optimization has converged.",630,0.738
"631","CoopBreed","Syllable.rep.final",0.371062567239414,0.113341545698696,-218.167239158986,2.23458664156027,0.124712645352879,1.13341545698696e-05,-217.767187644331,2.23467498592775,3,"Optimization has converged.",631,0.738
"632","CoopBreed","Syllable.rep.final",0.245736338608556,0.113341545698696,-218.167239158986,2.23458664156027,0.125673587806146,1.13341545698696e-05,-217.49354820918,2.1727968852809,3,"Optimization has converged.",632,0.738
"633","CoopBreed","Syllable.rep.final",0.325812950855374,0.113341545698696,-218.167239158986,2.23458664156027,0.123305544701727,0.0184699619730554,-217.684504954452,2.18827781073021,3,"Optimization has converged.",633,0.738
"634","CoopBreed","Syllable.rep.final",0.318151069795245,0.113341545698696,-218.167239158986,2.23458664156027,0.121313603851025,0.0343402862581526,-217.668973055692,2.29023688266735,3,"Optimization has converged.",634,0.738
"635","CoopBreed","Syllable.rep.final",0.133149542245375,0.113341545698696,-218.167239158986,2.23458664156027,0.121641690503565,1.13341545698696e-05,-217.039542037991,2.23456965094321,3,"Optimization has converged.",635,0.738
"636","CoopBreed","Syllable.rep.final",0.346456700969968,0.113341545698696,-218.167239158986,2.23458664156027,0.124446306052117,1.13341545698696e-05,-217.724042759912,2.23459884171375,3,"Optimization has converged.",636,0.738
"637","CoopBreed","Syllable.rep.final",0.255236209700555,0.113341545698696,-218.167239158986,2.23458664156027,0.124540235668739,1.13341545698696e-05,-217.520032464923,2.36145789871235,3,"Optimization has converged.",637,0.738
"638","CoopBreed","Syllable.rep.final",0.110288687254039,0.113341545698696,-218.167239158986,2.23458664156027,0.120384152846521,1.13341545698696e-05,-216.892199277987,2.23454228536579,3,"Optimization has converged.",638,0.738
"639","CoopBreed","Syllable.rep.final",0.294825775306612,0.113341545698696,-218.167239158986,2.23458664156027,0.124986438244197,1.13341545698696e-05,-217.618512728888,2.23414165542052,3,"Optimization has converged.",639,0.738
"640","CoopBreed","Syllable.rep.final",0.168864245568786,0.113341545698696,-218.167239158986,2.23458664156027,0.123021436985045,1.13341545698696e-05,-217.220740520578,2.23454186641716,3,"Optimization has converged.",640,0.738
"641","CoopBreed","Syllable.rep.final",0.0914162088541689,0.113341545698696,-218.167239158986,2.23458664156027,0.122703584852491,1.13341545698696e-05,-216.742610948335,2.23460759057062,3,"Optimization has converged.",641,0.738
"642","CoopBreed","Syllable.rep.final",0.132455498064204,0.113341545698696,-218.167239158986,2.23458664156027,0.123932379682078,1.13341545698696e-05,-217.035495551264,2.31049253140165,3,"Optimization has converged.",642,0.738
"643","CoopBreed","Syllable.rep.final",0.533252634913133,0.113341545698696,-218.167239158986,2.23458664156027,0.121780310545585,0.0266667462748029,-217.973144427098,2.18081183923596,3,"Optimization has converged.",643,0.738
"644","CoopBreed","Syllable.rep.final",0.0879955808203432,0.113341545698696,-218.167239158986,2.23458664156027,0.122665094245013,1.13341545698696e-05,-216.711906625399,2.23464703422864,3,"Optimization has converged.",644,0.738
"645","CoopBreed","Syllable.rep.final",0.204330774919402,0.113341545698696,-218.167239158986,2.23458664156027,0.120788710116492,0.0361691183938745,-217.361666124427,2.23460012066187,3,"Optimization has converged.",645,0.738
"646","CoopBreed","Syllable.rep.final",0.233349526054505,0.113341545698696,-218.167239158986,2.23458664156027,0.124605698455012,1.13341545698696e-05,-217.457075470802,2.23503948883899,3,"Optimization has converged.",646,0.738
"647","CoopBreed","Syllable.rep.final",0.0374618373953079,0.113341545698696,-218.167239158986,2.23458664156027,0.0757466829132834,0.41805364901592,-216.002593439292,2.17719523036615,3,"Optimization has converged.",647,0.738
"648","CoopBreed","Syllable.rep.final",0.197247113994,0.113341545698696,-218.167239158986,2.23458664156027,0.0999454372957895,0.220315951441104,-217.335918643016,2.23471539270644,3,"Optimization has converged.",648,0.738
"649","CoopBreed","Syllable.rep.final",0.118363810273424,0.113341545698696,-218.167239158986,2.23458664156027,0.123977117277283,1.13341545698696e-05,-216.947819714881,2.15518840381818,3,"Optimization may not have converged.  Consider increasing maxit.",649,0.738
"650","CoopBreed","Syllable.rep.final",0.0366688155920015,0.113341545698696,-218.167239158986,2.23458664156027,0.123326771993739,1.13341545698696e-05,-215.984375244433,2.23456522797201,3,"Optimization has converged.",650,0.738
"651","CoopBreed","Syllable.rep.final",0.0890864312195538,0.113341545698696,-218.167239158986,2.23458664156027,0.121034091202794,1.13341545698696e-05,-216.721836918018,2.19357819282112,3,"Optimization has converged.",651,0.738
"652","CoopBreed","Syllable.rep.final",0.0619500926465132,0.113341545698696,-218.167239158986,2.23458664156027,0.0917957219890183,0.28679451313444,-216.425042868682,2.23459250211173,3,"Optimization has converged.",652,0.738
"653","CoopBreed","Syllable.rep.final",0.488517715977059,0.113341545698696,-218.167239158986,2.23458664156027,0.121045534914362,0.0533212070211341,-217.927344448753,2.23471820710611,3,"Optimization has converged.",653,0.738
"654","CoopBreed","Syllable.rep.final",0.115352613553648,0.113341545698696,-218.167239158986,2.23458664156027,0.12513662641615,1.13341545698696e-05,-216.927582557444,2.23460520238802,3,"Optimization has converged.",654,0.738
"655","CoopBreed","Syllable.rep.final",0.427261199289586,0.113341545698696,-218.167239158986,2.23458664156027,0.118277483289668,0.0584593408079765,-217.852110848517,2.20539460090777,3,"Optimization has converged.",655,0.738
"656","CoopBreed","Syllable.rep.final",0.172227522486885,0.113341545698696,-218.167239158986,2.23458664156027,0.120989491736165,0.0317088249767991,-217.235515784252,2.23460606159378,3,"Optimization has converged.",656,0.738
"657","CoopBreed","Syllable.rep.final",0.145854270504294,0.113341545698696,-218.167239158986,2.23458664156027,0.124997941637568,1.13341545698696e-05,-217.109698312031,2.23458891136259,3,"Optimization has converged.",657,0.738
"658","CoopBreed","Syllable.rep.final",0.0962379929205735,0.113341545698696,-218.167239158986,2.23458664156027,0.125245415318986,1.13341545698696e-05,-216.783835941836,2.23463473060591,3,"Optimization has converged.",658,0.738
"659","CoopBreed","Syllable.rep.final",0.928960996427179,0.113341545698696,-218.167239158986,2.23458664156027,0.114831818339024,0.0998977768779537,-218.163265106485,2.23462478460772,3,"Optimization has converged.",659,0.738
"660","CoopBreed","Syllable.rep.final",0.648581703171297,0.113341545698696,-218.167239158986,2.23458664156027,0.118785490239286,0.0581065128609259,-218.063392694384,2.23469884396358,3,"Optimization has converged.",660,0.738
"661","CoopBreed","Syllable.rep.final",0.143434485492395,0.113341545698696,-218.167239158986,2.23458664156027,0.124743861682487,1.13341545698696e-05,-217.096878767413,2.32508645720941,3,"Optimization has converged.",661,0.738
"662","CoopBreed","Syllable.rep.final",0.0900970426258488,0.113341545698696,-218.167239158986,2.23458664156027,0.0846114226388813,0.354640836175302,-216.730919827025,2.32283952180191,3,"Optimization has converged.",662,0.738
"663","CoopBreed","Syllable.rep.final",0.131292903870473,0.113341545698696,-218.167239158986,2.23458664156027,0.12334107250537,1.13341545698696e-05,-217.028663943846,2.23466118625911,3,"Optimization has converged.",663,0.738
"664","CoopBreed","Syllable.rep.final",0.856353386698278,0.113341545698696,-218.167239158986,2.23458664156027,0.115116000435553,0.0965589263628639,-218.150855386813,2.23464004530082,3,"Optimization has converged.",664,0.738
"665","CoopBreed","Syllable.rep.final",0.0422834753748997,0.113341545698696,-218.167239158986,2.23458664156027,0.0851673834471043,0.364814437499987,-216.10532868114,2.28277608798821,3,"Optimization has converged.",665,0.738
"666","CoopBreed","Syllable.rep.final",0.0718940651587117,0.113341545698696,-218.167239158986,2.23458664156027,0.123244393692212,1.13341545698696e-05,-216.547620117576,2.23457990147527,3,"Optimization has converged.",666,0.738
"667","CoopBreed","Syllable.rep.final",0.170238365877161,0.113341545698696,-218.167239158986,2.23458664156027,0.12279835434513,1.13341545698696e-05,-217.226817657469,2.23455242376603,3,"Optimization has converged.",667,0.738
"668","CoopBreed","Syllable.rep.final",0.0413867087808152,0.113341545698696,-218.167239158986,2.23458664156027,0.12120610931333,1.13341545698696e-05,-216.087184008475,2.23457704920535,3,"Optimization has converged.",668,0.738
"669","CoopBreed","Syllable.rep.final",0.0781173808356915,0.113341545698696,-218.167239158986,2.23458664156027,0.123310726889569,1.13341545698696e-05,-216.615418440346,2.23458503919252,3,"Optimization has converged.",669,0.738
"670","CoopBreed","Syllable.rep.final",0.0386344379555928,0.113341545698696,-218.167239158986,2.23458664156027,0.120755842827918,1.13341545698696e-05,-216.028804320423,2.23457772910791,3,"Optimization has converged.",670,0.738
"671","CoopBreed","Syllable.rep.final",0.0596127262544778,0.113341545698696,-218.167239158986,2.23458664156027,0.123850049469404,1.13341545698696e-05,-216.393175958792,2.23458536519635,3,"Optimization has converged.",671,0.738
"672","CoopBreed","Syllable.rep.final",0.188888501698483,0.113341545698696,-218.167239158986,2.23458664156027,0.122810512915162,1.13341545698696e-05,-217.30410629379,2.23456575651255,3,"Optimization has converged.",672,0.738
"673","CoopBreed","Syllable.rep.final",0.250237886128901,0.113341545698696,-218.167239158986,2.23458664156027,0.123603270738337,0.0236018209719964,-217.506251599812,2.2347312355752,3,"Optimization has converged.",673,0.738
"674","CoopBreed","Syllable.rep.final",0.200104298915922,0.113341545698696,-218.167239158986,2.23458664156027,0.124297738652129,1.13341545698696e-05,-217.34643264878,2.23455632773558,3,"Optimization has converged.",674,0.738
"675","CoopBreed","Syllable.rep.final",0.700568813289799,0.113341545698696,-218.167239158986,2.23458664156027,0.108155647081603,0.161047828591523,-218.093298753558,2.23468773411535,3,"Optimization has converged.",675,0.738
"676","CoopBreed","Syllable.rep.final",0.134512674045381,0.113341545698696,-218.167239158986,2.23458664156027,0.121957230341417,1.13341545698696e-05,-217.047421343832,2.23458923164575,3,"Optimization has converged.",676,0.738
"677","CoopBreed","Syllable.rep.final",0.547277356175033,0.113341545698696,-218.167239158986,2.23458664156027,0.102907066960676,0.198349105017288,-217.986130491718,2.23451454588092,3,"Optimization has converged.",677,0.738
"678","CoopBreed","Syllable.rep.final",0.579106381080433,0.113341545698696,-218.167239158986,2.23458664156027,0.105701500326039,0.191397227643905,-218.013398388319,2.20834232000316,3,"Optimization has converged.",678,0.738
"679","CoopBreed","Syllable.rep.final",0.108636092828581,0.113341545698696,-218.167239158986,2.23458664156027,0.124724099960697,1.13341545698586e-05,-216.880263632827,2.2345980851535,3,"Optimization has converged.",679,0.738
"680","CoopBreed","Syllable.rep.final",0.604255561954067,0.113341545698696,-218.167239158986,2.23458664156027,0.117165520662258,0.0724070447929217,-218.032926609409,2.23435221217141,3,"Optimization has converged.",680,0.738
"681","CoopBreed","Syllable.rep.final",0.308747604407437,0.113341545698696,-218.167239158986,2.23458664156027,0.120635569125686,0.0405612731291988,-217.649226331797,2.23450020307884,3,"Optimization has converged.",681,0.738
"682","CoopBreed","Syllable.rep.final",0.082167883035396,0.113341545698696,-218.167239158986,2.23458664156027,0.127045219522848,1.13341545698696e-05,-216.656493589161,2.23454774695079,3,"Optimization has converged.",682,0.738
"683","CoopBreed","Syllable.rep.final",0.143235756368259,0.113341545698696,-218.167239158986,2.23458664156027,0.123165664202062,1.13341545698696e-05,-217.095815134279,2.23464204980213,3,"Optimization has converged.",683,0.738
"684","CoopBreed","Syllable.rep.final",0.144225967773148,0.113341545698696,-218.167239158986,2.23458664156027,0.122530483550697,1.13341545698586e-05,-217.101098521634,2.23459318021669,3,"Optimization has converged.",684,0.738
"685","CoopBreed","Syllable.rep.final",0.0627825336131843,0.113341545698696,-218.167239158986,2.23458664156027,0.123201698684235,1.13341545698696e-05,-216.436083970521,2.23455241069774,3,"Optimization has converged.",685,0.738
"686","CoopBreed","Syllable.rep.final",0.377818592067093,0.113341545698696,-218.167239158986,2.23458664156027,0.122324149375326,0.0193869998276698,-217.778345304466,2.23464986713459,3,"Optimization has converged.",686,0.738
"687","CoopBreed","Syllable.rep.final",0.698813937126403,0.113341545698696,-218.167239158986,2.23458664156027,0.116643964935397,0.0855669603069067,-218.092384833332,2.23447504259541,3,"Optimization has converged.",687,0.738
"688","CoopBreed","Syllable.rep.final",0.124415343914584,0.113341545698696,-218.167239158986,2.23458664156027,0.123191113374244,1.13341545698696e-05,-216.986820188356,2.18680572067056,3,"Optimization has converged.",688,0.738
"689","CoopBreed","Syllable.rep.final",0.153826200898283,0.113341545698696,-218.167239158986,2.23458664156027,0.127359493124271,1.13341545698696e-05,-217.150292941557,2.22134676991956,3,"Optimization has converged.",689,0.738
"690","CoopBreed","Syllable.rep.final",0.132763187282508,0.113341545698696,-218.167239158986,2.23458664156027,0.123487255935989,1.13341545698696e-05,-217.037292387403,2.23458556294231,3,"Optimization has converged.",690,0.738
"691","CoopBreed","Syllable.rep.final",0.131347001159527,0.113341545698696,-218.167239158986,2.23458664156027,0.123915809515183,1.13341545698696e-05,-217.028983324363,2.23459932532612,3,"Optimization has converged.",691,0.738
"692","CoopBreed","Syllable.rep.final",0.0444022911399746,0.113341545698696,-218.167239158986,2.23458664156027,0.120854883774737,1.13341545698696e-05,-216.146640168481,2.23456728120686,3,"Optimization has converged.",692,0.738
"693","CoopBreed","Syllable.rep.final",0.20552879190163,0.113341545698696,-218.167239158986,2.23458664156027,0.093950442654324,0.281769275899509,-217.365916707768,2.30896919559213,3,"Optimization has converged.",693,0.738
"694","CoopBreed","Syllable.rep.final",0.0567025555272243,0.113341545698696,-218.167239158986,2.23458664156027,0.121353202334556,1.13341545698696e-05,-216.35158983954,2.2346100868237,3,"Optimization has converged.",694,0.738
"695","CoopBreed","Syllable.rep.final",0.111105318903421,0.113341545698696,-218.167239158986,2.23458664156027,0.121973330911287,1.13341545698696e-05,-216.898024906326,2.28963568996134,3,"Optimization has converged.",695,0.738
"696","CoopBreed","Syllable.rep.final",0.00136941450047539,0.113341545698696,-218.167239158986,2.23458664156027,0.0749472590433557,0.384490760561692,-213.043970755949,2.23464512486993,3,"Optimization has converged.",696,0.738
"697","CoopBreed","Syllable.rep.final",0.0675436815529204,0.113341545698696,-218.167239158986,2.23458664156027,0.0867552532856301,0.375772810496361,-216.496375657173,2.28979083475867,3,"Optimization has converged.",697,0.738
"698","CoopBreed","Syllable.rep.final",0.993309102276073,0.113341545698696,-218.167239158986,2.23458664156027,0.113438851751662,0.112550582413213,-218.167203997369,2.23458629629731,3,"Optimization has converged.",698,0.738
"699","CoopBreed","Syllable.rep.final",0.0600683334528161,0.113341545698696,-218.167239158986,2.23458664156027,0.1226440477651,1.13341545698696e-05,-216.399490714749,2.234633104033,3,"Optimization has converged.",699,0.738
"700","CoopBreed","Syllable.rep.final",0.137359946243461,0.113341545698696,-218.167239158986,2.23458664156027,0.122144457688464,1.13341545698696e-05,-217.063595086206,2.26731397946255,3,"Optimization has converged.",700,0.738
"701","CoopBreed","Syllable.rep.final",0.120444508523108,0.113341545698696,-218.167239158986,2.23458664156027,0.123172369346797,1.13341545698696e-05,-216.961473587192,2.23463487994051,3,"Optimization has converged.",701,0.738
"702","CoopBreed","Syllable.rep.final",0.173487077708437,0.113341545698696,-218.167239158986,2.23458664156027,0.123928426420941,1.13341545698696e-05,-217.240964040109,2.23461034835901,3,"Optimization has converged.",702,0.738
"703","CoopBreed","Syllable.rep.final",0.853593831136202,0.113341545698696,-218.167239158986,2.23458664156027,0.114753726654158,0.096091276837472,-218.150212589652,2.2345061301448,3,"Optimization has converged.",703,0.738
"704","CoopBreed","Syllable.rep.final",0.610505090044488,0.113341545698696,-218.167239158986,2.23458664156027,0.119765888585681,0.0547808883079221,-218.037519120132,2.23461177451071,3,"Optimization has converged.",704,0.738
"705","CoopBreed","Syllable.rep.final",0.719795534302974,0.113341545698696,-218.167239158986,2.23458664156027,0.109395342426542,0.162689399576703,-218.102894809777,2.23472712670068,3,"Optimization has converged.",705,0.738
"706","CoopBreed","Syllable.rep.final",0.0274804312413349,0.113341545698696,-218.167239158986,2.23458664156027,0.121016119593831,1.13341545698696e-05,-215.737053817542,2.23458227681404,3,"Optimization has converged.",706,0.738
"707","CoopBreed","Syllable.rep.final",0.108415309970666,0.113341545698696,-218.167239158986,2.23458664156027,0.123827680700016,1.13341545698696e-05,-216.878653962322,2.23457271451058,3,"Optimization has converged.",707,0.738
"708","CoopBreed","Syllable.rep.final",0.20664748853042,0.113341545698696,-218.167239158986,2.23458664156027,0.123626417482208,1.13341545698696e-05,-217.369859544692,2.23465341447371,3,"Optimization has converged.",708,0.738
"709","CoopBreed","Syllable.rep.final",0.0957692434780525,0.113341545698696,-218.167239158986,2.23458664156027,0.123333163235385,1.13341545698696e-05,-216.779927991979,2.23457316269619,3,"Optimization has converged.",709,0.738
"710","CoopBreed","Syllable.rep.final",0.212629870134042,0.113341545698696,-218.167239158986,2.23458664156027,0.0979288922556908,0.290500664918771,-217.390524419303,2.25763350693219,3,"Optimization has converged.",710,0.738
"711","CoopBreed","Syllable.rep.final",0.0551172970163591,0.113341545698696,-218.167239158986,2.23458664156027,0.119661015369417,1.13341545698696e-05,-216.327972235294,2.23458578043805,3,"Optimization has converged.",711,0.738
"712","CoopBreed","Syllable.rep.final",0.403884362459573,0.113341545698696,-218.167239158986,2.23458664156027,0.100682567992853,0.211557677741363,-217.818873735927,2.27575214281686,3,"Optimization has converged.",712,0.738
"713","CoopBreed","Syllable.rep.final",0.0546251099447661,0.113341545698696,-218.167239158986,2.23458664156027,0.123241996394861,1.13341545698696e-05,-216.320492702954,2.18042813380746,3,"Optimization has converged.",713,0.738
"714","CoopBreed","Syllable.rep.final",0.146589134634084,0.113341545698696,-218.167239158986,2.23458664156027,0.124088852062197,1.13341545698696e-05,-217.113544085726,2.23457605811213,3,"Optimization has converged.",714,0.738
"715","CoopBreed","Syllable.rep.final",0.0672875717076977,0.113341545698696,-218.167239158986,2.23458664156027,0.120989092984087,1.13341545698696e-05,-216.493249577633,2.23457379464703,3,"Optimization has converged.",715,0.738
"716","CoopBreed","Syllable.rep.final",0.0589689662316669,0.113341545698696,-218.167239158986,2.23458664156027,0.0937957293142729,0.281226084616763,-216.38416535109,2.23423260229383,3,"Optimization has converged.",716,0.738
"717","CoopBreed","Syllable.rep.final",0.475583302078276,0.113341545698696,-218.167239158986,2.23458664156027,0.102954951524063,0.199880450885253,-217.912752113831,2.23452823738393,3,"Optimization has converged.",717,0.738
"718","CoopBreed","Syllable.rep.final",0.0415700725651958,0.113341545698696,-218.167239158986,2.23458664156027,0.0795301882247866,0.403130239490262,-216.090927472028,2.1803195626767,3,"Optimization has converged.",718,0.738
"719","CoopBreed","Syllable.rep.final",0.724614268026029,0.113341545698696,-218.167239158986,2.23458664156027,0.115433125090584,0.0929840017121983,-218.105181974345,2.23457824544248,3,"Optimization has converged.",719,0.738
"720","CoopBreed","Syllable.rep.final",0.911823295158814,0.113341545698696,-218.167239158986,2.23458664156027,0.112529054900169,0.122289154413243,-218.161107592648,2.23459513943862,3,"Optimization has converged.",720,0.738
"721","CoopBreed","Syllable.rep.final",0.020608197273718,0.113341545698696,-218.167239158986,2.23458664156027,0.12055218780827,1.13341545698696e-05,-215.487426348025,2.23454448279706,3,"Optimization has converged.",721,0.738
"722","CoopBreed","Syllable.rep.final",0.450310023921689,0.113341545698696,-218.167239158986,2.23458664156027,0.120132824637857,0.0570277419517448,-217.882303459998,2.23452761435708,3,"Optimization has converged.",722,0.738
"723","CoopBreed","Syllable.rep.final",0.855280087165261,0.113341545698696,-218.167239158986,2.23458664156027,0.115871245318699,0.089179650993876,-218.150606896461,2.23467818940345,3,"Optimization has converged.",723,0.738
"724","CoopBreed","Syllable.rep.final",0.045051457634423,0.113341545698696,-218.167239158986,2.23458664156027,0.0770310087330221,0.406679508380447,-216.15888306471,2.17862203066927,3,"Optimization has converged.",724,0.738
"725","CoopBreed","Syllable.rep.final",0.325246311780987,0.113341545698696,-218.167239158986,2.23458664156027,0.101466430926261,0.227502067546071,-217.683372855325,2.25725687148043,3,"Optimization has converged.",725,0.738
"726","CoopBreed","Syllable.rep.final",0.0849187782471582,0.113341545698696,-218.167239158986,2.23458664156027,0.120157242530176,1.13341545698696e-05,-216.683162852583,2.23458011103005,3,"Optimization has converged.",726,0.738
"727","CoopBreed","Syllable.rep.final",0.478486990748,0.113341545698696,-218.167239158986,2.23458664156027,0.120252332544101,0.0452474903086775,-217.916084282068,2.23447177197166,3,"Optimization has converged.",727,0.738
"728","CoopBreed","Syllable.rep.final",0.0807663046679168,0.113341545698696,-218.167239158986,2.23458664156027,0.123225242645565,1.13341545698696e-05,-216.642532409083,2.28279055363772,3,"Optimization has converged.",728,0.738
"729","CoopBreed","Syllable.rep.final",0.384087211871018,0.113341545698696,-218.167239158986,2.23458664156027,0.125071979285651,1.13341545698696e-05,-217.788449627056,2.23458792023437,3,"Optimization has converged.",729,0.738
"730","CoopBreed","Syllable.rep.final",0.160927383895896,0.113341545698696,-218.167239158986,2.23458664156027,0.0993295717859081,0.232126596221947,-217.184494140411,2.27948023873183,3,"Optimization has converged.",730,0.738
"731","CoopBreed","Syllable.rep.final",0.0541452586225286,0.113341545698696,-218.167239158986,2.23458664156027,0.122094621150221,1.13341545698696e-05,-216.313131544947,2.23457562032487,3,"Optimization has converged.",731,0.738
"732","CoopBreed","Syllable.rep.final",0.231656101063822,0.113341545698696,-218.167239158986,2.23458664156027,0.100711060239449,0.22627414015472,-217.451907150262,2.2344512436423,3,"Optimization has converged.",732,0.738
"733","CoopBreed","Syllable.rep.final",0.414179861128581,0.113341545698696,-218.167239158986,2.23458664156027,0.120674445831055,0.0395882360930805,-217.83385395537,2.23442871334649,3,"Optimization has converged.",733,0.738
"734","CoopBreed","Syllable.rep.final",0.108937601394455,0.113341545698696,-218.167239158986,2.23458664156027,0.12304156113394,1.13341545698696e-05,-216.882456058063,2.28379650630298,3,"Optimization has converged.",734,0.738
"735","CoopBreed","Syllable.rep.final",0.0466875415620681,0.113341545698696,-218.167239158986,2.23458664156027,0.122218807703784,1.13341545698696e-05,-216.188932442115,2.2346163925339,3,"Optimization has converged.",735,0.738
"736","CoopBreed","Syllable.rep.final",0.139718787516198,0.113341545698696,-218.167239158986,2.23458664156027,0.0918579136974509,0.316359400193829,-217.076712376598,2.26893112648203,3,"Optimization has converged.",736,0.738
"737","CoopBreed","Syllable.rep.final",0.09926598433496,0.113341545698696,-218.167239158986,2.23458664156027,0.123477987364467,1.13341545698696e-05,-216.808590647424,2.23453702979849,3,"Optimization has converged.",737,0.738
"738","CoopBreed","Syllable.rep.final",0.294087862737437,0.113341545698696,-218.167239158986,2.23458664156027,0.0991653026914373,0.232209792451942,-217.616832906884,2.26403276273024,3,"Optimization has converged.",738,0.738
"739","CoopBreed","Syllable.rep.final",0.0509290326349567,0.113341545698696,-218.167239158986,2.23458664156027,0.122008259573457,1.13341545698696e-05,-216.261936345189,2.23461031681903,3,"Optimization has converged.",739,0.738
"740","CoopBreed","Syllable.rep.final",0.0476012716535858,0.113341545698696,-218.167239158986,2.23458664156027,0.121846599546287,1.13341545698696e-05,-216.205235253203,2.23460532682828,3,"Optimization has converged.",740,0.738
"741","CoopBreed","Syllable.rep.final",0.323621940171408,0.113341545698696,-218.167239158986,2.23458664156027,0.127653829672331,1.13341545698696e-05,-217.680112984441,2.23467223484348,3,"Optimization has converged.",741,0.738
"742","CoopBreed","Syllable.rep.final",0.626731362853031,0.113341545698696,-218.167239158986,2.23458664156027,0.118406323093131,0.0628716397121102,-218.048979455754,2.23474948663555,3,"Optimization has converged.",742,0.738
"743","CoopBreed","Syllable.rep.final",0.692291593177419,0.113341545698696,-218.167239158986,2.23458664156027,0.117429197305044,0.0722503540414241,-218.088931268862,2.23454497558221,3,"Optimization has converged.",743,0.738
"744","CoopBreed","Syllable.rep.final",0.000249224785807066,0.113341545698696,-218.167239158986,2.23458664156027,0.058032641989675,0.73831166777881,-211.45825238759,2.39451134501701,3,"Optimization has converged.",744,0.738
"745","CoopBreed","Syllable.rep.final",0.743424872265001,0.113341545698696,-218.167239158986,2.23458664156027,0.116499641575219,0.0830814446647355,-218.113669537235,2.25477406552799,3,"Optimization has converged.",745,0.738
"746","CoopBreed","Syllable.rep.final",0.470992770072775,0.113341545698696,-218.167239158986,2.23458664156027,0.125286249520756,1.13341545698696e-05,-217.907416209007,2.23450102017476,3,"Optimization has converged.",746,0.738
"747","CoopBreed","Syllable.rep.final",0.178239436178731,0.113341545698696,-218.167239158986,2.23458664156027,0.124206445434522,1.13341545698696e-05,-217.261117830812,2.2345955913967,3,"Optimization has converged.",747,0.738
"748","CoopBreed","Syllable.rep.final",0.0160130345503329,0.113341545698696,-218.167239158986,2.23458664156027,0.0807469456195284,0.350432489721204,-215.266518040229,2.14925280841528,3,"Optimization has converged.",748,0.738
"749","CoopBreed","Syllable.rep.final",0.0726730406797237,0.113341545698696,-218.167239158986,2.23458664156027,0.0905753037211286,0.319026991480116,-216.556444524955,2.11139535889286,3,"Optimization has converged.",749,0.738
"750","CoopBreed","Syllable.rep.final",0.0596018928312493,0.113341545698696,-218.167239158986,2.23458664156027,0.120588659027028,1.13341545698696e-05,-216.393025182515,2.23458279637686,3,"Optimization has converged.",750,0.738
"751","CoopBreed","Syllable.rep.final",0.257771570111014,0.113341545698696,-218.167239158986,2.23458664156027,0.123354730337322,1.13341545698696e-05,-217.526896282609,2.23462876549152,3,"Optimization has converged.",751,0.738
"752","CoopBreed","Syllable.rep.final",0.101618865695698,0.113341545698696,-218.167239158986,2.23458664156027,0.121859769832055,1.13341545698696e-05,-216.827263742414,2.23459319046472,3,"Optimization has converged.",752,0.738
"753","CoopBreed","Syllable.rep.final",0.00112927700216177,0.113341545698696,-218.167239158986,2.23458664156027,0.0669500663030203,0.475310803037189,-212.865930593396,2.19554045447632,3,"Optimization has converged.",753,0.738
"754","CoopBreed","Syllable.rep.final",0.359834650469799,0.113341545698696,-218.167239158986,2.23458664156027,0.101823394011127,0.214600006998162,-217.748004040271,2.19127058536324,3,"Optimization has converged.",754,0.738
"755","CoopBreed","Syllable.rep.final",0.446832535461432,0.113341545698696,-218.167239158986,2.23458664156027,0.121929526592473,0.0422200609164433,-217.87790215265,2.23463987585054,3,"Optimization has converged.",755,0.738
"756","CoopBreed","Syllable.rep.final",0.0254947347338744,0.113341545698696,-218.167239158986,2.23458664156027,0.120986410937714,1.13341545698696e-05,-215.672257008097,2.23454088199728,3,"Optimization has converged.",756,0.738
"757","CoopBreed","Syllable.rep.final",0.155926382407801,0.113341545698696,-218.167239158986,2.23458664156027,0.123511971345264,1.13341545698696e-05,-217.160591843905,2.23453976934561,3,"Optimization has converged.",757,0.738
"758","CoopBreed","Syllable.rep.final",0.506620342764878,0.113341545698696,-218.167239158986,2.23458664156027,0.105363630528196,0.181629961500583,-217.946718561709,2.25981793295889,3,"Optimization has converged.",758,0.738
"759","CoopBreed","Syllable.rep.final",0.38238517709314,0.113341545698696,-218.167239158986,2.23458664156027,0.120011380736149,0.0465725699523683,-217.785729329516,2.26699320535503,3,"Optimization has converged.",759,0.738
"760","CoopBreed","Syllable.rep.final",0.062593924922947,0.113341545698696,-218.167239158986,2.23458664156027,0.123386343129809,1.13341545698696e-05,-216.433596076966,2.23454760064935,3,"Optimization has converged.",760,0.738
"761","CoopBreed","Syllable.rep.final",0.259479281814272,0.113341545698696,-218.167239158986,2.23458664156027,0.099353183971437,0.265650413990043,-217.531472644998,2.20439653099298,3,"Optimization has converged.",761,0.738
"762","CoopBreed","Syllable.rep.final",0.0315837426745839,0.113341545698696,-218.167239158986,2.23458664156027,0.122485791015704,1.13341545698696e-05,-215.856764203203,2.23457495504965,3,"Optimization has converged.",762,0.738
"763","CoopBreed","Syllable.rep.final",0.257863443700299,0.113341545698696,-218.167239158986,2.23458664156027,0.124757737080586,1.13341545698696e-05,-217.527143440058,2.2346645690855,3,"Optimization has converged.",763,0.738
"764","CoopBreed","Syllable.rep.final",0.12130997490155,0.113341545698696,-218.167239158986,2.23458664156027,0.123483465869241,1.13341545698696e-05,-216.96707620384,2.23461127611361,3,"Optimization has converged.",764,0.738
"765","CoopBreed","Syllable.rep.final",0.147647921429073,0.113341545698696,-218.167239158986,2.23458664156027,0.123832240118245,1.13341545698696e-05,-217.119046974575,2.23447116817497,3,"Optimization has converged.",765,0.738
"766","CoopBreed","Syllable.rep.final",0.186358451398134,0.113341545698696,-218.167239158986,2.23458664156027,0.123591690704827,1.13341545698696e-05,-217.294152213337,2.23467679465878,3,"Optimization has converged.",766,0.738
"767","CoopBreed","Syllable.rep.final",0.481108136647733,0.113341545698696,-218.167239158986,2.23458664156027,0.12542667187233,1.13341545698696e-05,-217.9190639674,2.23409019975562,3,"Optimization has converged.",767,0.738
"768","CoopBreed","Syllable.rep.final",0.98896553204258,0.113341545698696,-218.167239158986,2.23458664156027,0.11353862181584,0.111566185347469,-218.167143523215,2.23458852597522,3,"Optimization has converged.",768,0.738
"769","CoopBreed","Syllable.rep.final",0.387204451660015,0.113341545698696,-218.167239158986,2.23458664156027,0.120775293551913,0.0267720182574608,-217.793387660954,2.23468762415697,3,"Optimization has converged.",769,0.738
"770","CoopBreed","Syllable.rep.final",0.0468772358165966,0.113341545698696,-218.167239158986,2.23458664156027,0.123268697257326,1.13341545698696e-05,-216.192344489089,2.23456962211102,3,"Optimization has converged.",770,0.738
"771","CoopBreed","Syllable.rep.final",0.14775812444582,0.113341545698696,-218.167239158986,2.23458664156027,0.122950575891748,1.13341545698696e-05,-217.119617178306,2.23454624128877,3,"Optimization has converged.",771,0.738
"772","CoopBreed","Syllable.rep.final",0.0944037611082459,0.113341545698696,-218.167239158986,2.23458664156027,0.0900383160502682,0.311330488990733,-216.768424200957,2.12580934161592,3,"Optimization has converged.",772,0.738
"773","CoopBreed","Syllable.rep.final",0.485833338462191,0.113341545698696,-218.167239158986,2.23458664156027,0.103062284773874,0.228734766497466,-217.924368676096,2.22774683814298,3,"Optimization has converged.",773,0.738
"774","CoopBreed","Syllable.rep.final",0.0839022350364636,0.113341545698696,-218.167239158986,2.23458664156027,0.123697645868863,1.13341545698696e-05,-216.673417906415,2.23457687788791,3,"Optimization has converged.",774,0.738
"775","CoopBreed","Syllable.rep.final",0.031315381419889,0.113341545698696,-218.167239158986,2.23458664156027,0.1196511002578,1.13341545698696e-05,-215.849444329712,2.23457337407112,3,"Optimization has converged.",775,0.738
"776","CoopBreed","Syllable.rep.final",0.437594677371878,0.113341545698696,-218.167239158986,2.23458664156027,0.118282493930667,0.0692762924491831,-217.865948302206,2.2345996640826,3,"Optimization has converged.",776,0.738
"777","CoopBreed","Syllable.rep.final",0.42782881475909,0.113341545698696,-218.167239158986,2.23458664156027,0.123186257037891,0.0235449036180839,-217.852884057277,2.23456074455045,3,"Optimization has converged.",777,0.738
"778","CoopBreed","Syllable.rep.final",0.0393336303142356,0.113341545698696,-218.167239158986,2.23458664156027,0.12173323472922,1.13341545698696e-05,-216.044039237339,2.23458301461153,3,"Optimization has converged.",778,0.738
"779","CoopBreed","Syllable.rep.final",0.80774519814928,0.113341545698696,-218.167239158986,2.23458664156027,0.10875728792676,0.153264927108985,-218.137632979602,2.23458907391643,3,"Optimization has converged.",779,0.738
"780","CoopBreed","Syllable.rep.final",0.153028085740056,0.113341545698696,-218.167239158986,2.23458664156027,0.0982296245266018,0.265528281444808,-217.146337237967,2.23459030609245,3,"Optimization has converged.",780,0.738
"781","CoopBreed","Syllable.rep.final",0.09390881064197,0.113341545698696,-218.167239158986,2.23458664156027,0.126443722525865,1.13341545698696e-05,-216.764209606197,2.23459023462798,3,"Optimization has converged.",781,0.738
"782","CoopBreed","Syllable.rep.final",0.310877502982938,0.113341545698696,-218.167239158986,2.23458664156027,0.101509794661399,0.212468580459298,-217.65376713031,2.19920997789788,3,"Optimization has converged.",782,0.738
"783","CoopBreed","Syllable.rep.final",0.488066663543134,0.113341545698696,-218.167239158986,2.23458664156027,0.124517273132811,0.0183807800520603,-217.926846332561,2.23439485833394,3,"Optimization has converged.",783,0.738
"784","CoopBreed","Syllable.rep.final",0.0822343547782343,0.113341545698696,-218.167239158986,2.23458664156027,0.124460570765045,1.13341545698696e-05,-216.657149321488,2.17199654554898,3,"Optimization has converged.",784,0.738
"785","CoopBreed","Syllable.rep.final",0.457726685185378,0.113341545698696,-218.167239158986,2.23458664156027,0.10431204427869,0.184900432253844,-217.891515208232,2.23457803148936,3,"Optimization has converged.",785,0.738
"786","CoopBreed","Syllable.rep.final",0.32592756881297,0.113341545698696,-218.167239158986,2.23458664156027,0.121447129716063,0.0358535918761037,-217.684733635059,2.26055565197504,3,"Optimization has converged.",786,0.738
"787","CoopBreed","Syllable.rep.final",0.00380120443175654,0.113341545698696,-218.167239158986,2.23458664156027,0.0843053665316384,0.325814676494613,-213.979029160261,2.28293396220444,3,"Optimization has converged.",787,0.738
"788","CoopBreed","Syllable.rep.final",0.246651676328364,0.113341545698696,-218.167239158986,2.23458664156027,0.124602296683052,1.13341545698696e-05,-217.496154243378,2.23465633006261,3,"Optimization has converged.",788,0.738
"789","CoopBreed","Syllable.rep.final",0.081288825959552,0.113341545698696,-218.167239158986,2.23458664156027,0.121220888366103,1.13341545698696e-05,-216.647767604661,2.18373874111349,3,"Optimization has converged.",789,0.738
"790","CoopBreed","Syllable.rep.final",0.0873087387475732,0.113341545698696,-218.167239158986,2.23458664156027,0.123483718048935,1.13341545698696e-05,-216.705585446804,2.23458636315217,3,"Optimization has converged.",790,0.738
"791","CoopBreed","Syllable.rep.final",1.52187099144794e-05,0.113341545698696,-218.167239158986,2.23458664156027,0.0557733892362873,0.616914086622082,-208.812269236317,2.39918948542905,3,"Optimization has converged.",791,0.738
"792","CoopBreed","Syllable.rep.final",0.19844377106626,0.113341545698696,-218.167239158986,2.23458664156027,0.124273427719809,1.13341545698696e-05,-217.340343772956,2.23451944073635,3,"Optimization has converged.",792,0.738
"793","CoopBreed","Syllable.rep.final",0.00969402954420524,0.113341545698696,-218.167239158986,2.23458664156027,0.122257129148464,1.13341545698696e-05,-214.822102074405,2.23455539669535,3,"Optimization has converged.",793,0.738
"794","CoopBreed","Syllable.rep.final",0.51007766479052,0.113341545698696,-218.167239158986,2.23458664156027,0.121885152399129,0.0314431113190628,-217.950285270257,2.23461941545915,3,"Optimization has converged.",794,0.738
"795","CoopBreed","Syllable.rep.final",0.221907952295519,0.113341545698696,-218.167239158986,2.23458664156027,0.12482268803937,1.13341545698696e-05,-217.421244144929,2.23453492691089,3,"Optimization has converged.",795,0.738
"796","CoopBreed","Syllable.rep.final",0.10615833213342,0.113341545698696,-218.167239158986,2.23458664156027,0.121570693761777,1.13341545698696e-05,-216.861989498841,2.23458353667789,3,"Optimization has converged.",796,0.738
"797","CoopBreed","Syllable.rep.final",0.012692928215552,0.113341545698696,-218.167239158986,2.23458664156027,0.0669871618282035,0.555546656665884,-215.061532707292,2.37746361009746,3,"Optimization has converged.",797,0.738
"798","CoopBreed","Syllable.rep.final",0.25869137135785,0.113341545698696,-218.167239158986,2.23458664156027,0.123484017244944,0.00528081598054797,-217.529365826392,2.23451215674993,3,"Optimization has converged.",798,0.738
"799","CoopBreed","Syllable.rep.final",0.20875084182619,0.113341545698696,-218.167239158986,2.23458664156027,0.124273979728074,1.13341545698696e-05,-217.377204960801,2.23467102079407,3,"Optimization has converged.",799,0.738
"800","CoopBreed","Syllable.rep.final",0.0260153767572266,0.113341545698696,-218.167239158986,2.23458664156027,0.122046653333335,1.13341545698696e-05,-215.689740882444,2.234574249149,3,"Optimization has converged.",800,0.738
"801","CoopBreed","Syllable.rep.final",0.0853460209371386,0.113341545698696,-218.167239158986,2.23458664156027,0.122918275194954,1.13341545698696e-05,-216.687220973111,2.23457369246311,3,"Optimization has converged.",801,0.738
"802","CoopBreed","Syllable.rep.final",0.4577405850667,0.113341545698696,-218.167239158986,2.23458664156027,0.119372363952108,0.0485562374753065,-217.891532251711,2.23478331230403,3,"Optimization has converged.",802,0.738
"803","CoopBreed","Syllable.rep.final",0.157490399984673,0.113341545698696,-218.167239158986,2.23458664156027,0.124854714229414,1.13341545698696e-05,-217.168159696208,2.23463655993511,3,"Optimization has converged.",803,0.738
"804","CoopBreed","Syllable.rep.final",0.826899368602354,0.113341545698696,-218.167239158986,2.23458664156027,0.116679353000781,0.0769268632015533,-218.143328698731,2.23439816235831,3,"Optimization has converged.",804,0.738
"805","CoopBreed","Syllable.rep.final",0.0370212455507502,0.113341545698696,-218.167239158986,2.23458664156027,0.122271396870104,1.13341545698696e-05,-215.992522104056,2.23458771708212,3,"Optimization has converged.",805,0.738
"806","CoopBreed","Syllable.rep.final",0.0257635279586344,0.113341545698696,-218.167239158986,2.23458664156027,0.122032153290853,1.13341545698696e-05,-215.681329289481,2.23457893913985,3,"Optimization has converged.",806,0.738
"807","CoopBreed","Syllable.rep.final",0.479958895956138,0.113341545698696,-218.167239158986,2.23458664156027,0.124611350461571,1.13341545698586e-05,-217.917760806468,2.23459346984617,3,"Optimization has converged.",807,0.738
"808","CoopBreed","Syllable.rep.final",0.0603644714134595,0.113341545698696,-218.167239158986,2.23458664156027,0.0930104160460344,0.279708653348527,-216.403567953792,2.23465466762407,3,"Optimization has converged.",808,0.738
"809","CoopBreed","Syllable.rep.final",0.723425074854084,0.113341545698696,-218.167239158986,2.23458664156027,0.118490874553434,0.0577583277365996,-218.104621865215,2.23460814828723,3,"Optimization has converged.",809,0.738
"810","CoopBreed","Syllable.rep.final",0.0174171296646414,0.113341545698696,-218.167239158986,2.23458664156027,0.0821146431021615,0.385314201408016,-215.340316050736,2.14744763489572,3,"Optimization has converged.",810,0.738
"811","CoopBreed","Syllable.rep.final",0.346213993569198,0.113341545698696,-218.167239158986,2.23458664156027,0.122992408495998,0.020070010018524,-217.723596446418,2.23458104489701,3,"Optimization has converged.",811,0.738
"812","CoopBreed","Syllable.rep.final",0.222701302661007,0.113341545698696,-218.167239158986,2.23458664156027,0.124879861068964,1.13341545698696e-05,-217.423799562432,2.23469258183006,3,"Optimization has converged.",812,0.738
"813","CoopBreed","Syllable.rep.final",0.108606163612327,0.113341545698696,-218.167239158986,2.23458664156027,0.124410193613032,1.13341545698696e-05,-216.880045637332,2.23458000930627,3,"Optimization has converged.",813,0.738
"814","CoopBreed","Syllable.rep.final",0.194664577686705,0.113341545698696,-218.167239158986,2.23458664156027,0.122990417580013,1.13341545698696e-05,-217.326260514242,2.23445141930075,3,"Optimization has converged.",814,0.738
"815","CoopBreed","Syllable.rep.final",0.795250441018995,0.113341545698696,-218.167239158986,2.23458664156027,0.116173791258427,0.0875054667335877,-218.133569356566,2.23459065711306,3,"Optimization has converged.",815,0.738
"816","CoopBreed","Syllable.rep.final",0.582639528381445,0.113341545698696,-218.167239158986,2.23458664156027,0.122432857325686,0.0368559606725443,-218.01624574304,2.27658631513119,3,"Optimization has converged.",816,0.738
"817","CoopBreed","Syllable.rep.final",0.264661260868365,0.113341545698696,-218.167239158986,2.23458664156027,0.125684653600682,1.13341545698696e-05,-217.545134254669,2.23483701344228,3,"Optimization has converged.",817,0.738
"818","CoopBreed","Syllable.rep.final",0.0434392102302761,0.113341545698696,-218.167239158986,2.23458664156027,0.120805398469365,1.13341545698696e-05,-216.128125524452,2.26378288806501,3,"Optimization has converged.",818,0.738
"819","CoopBreed","Syllable.rep.final",0.0410569145467171,0.113341545698696,-218.167239158986,2.23458664156027,0.122486306542784,1.13341545698696e-05,-216.080407038315,2.2345967995689,3,"Optimization has converged.",819,0.738
"820","CoopBreed","Syllable.rep.final",0.124810807896888,0.113341545698696,-218.167239158986,2.23458664156027,0.123156158208406,0.0284460433129914,-216.989295238036,2.30560401639211,3,"Optimization has converged.",820,0.738
"821","CoopBreed","Syllable.rep.final",0.288641758600173,0.113341545698696,-218.167239158986,2.23458664156027,0.0970423189000179,0.24268502465263,-217.60426625081,2.23479147532627,3,"Optimization has converged.",821,0.738
"822","CoopBreed","Syllable.rep.final",0.58856191794844,0.113341545698696,-218.167239158986,2.23458664156027,0.118955022210791,0.0533901074101131,-218.020941302476,2.23468910999776,3,"Optimization has converged.",822,0.738
"823","CoopBreed","Syllable.rep.final",0.604352394220573,0.113341545698696,-218.167239158986,2.23458664156027,0.118943643288234,0.0534672383356352,-218.032998539524,2.23432138108537,3,"Optimization has converged.",823,0.738
"824","CoopBreed","Syllable.rep.final",0.309096829290189,0.113341545698696,-218.167239158986,2.23458664156027,0.124667380668618,1.13341545698696e-05,-217.649973642945,2.23463970627197,3,"Optimization has converged.",824,0.738
"825","CoopBreed","Syllable.rep.final",0.393984099279707,0.113341545698696,-218.167239158986,2.23458664156027,0.123739903721773,0.0222973671328453,-217.80393395623,2.23454880824201,3,"Optimization has converged.",825,0.738
"826","CoopBreed","Syllable.rep.final",0.363122135282194,0.113341545698696,-218.167239158986,2.23458664156027,0.123494664225515,1.13341545698696e-05,-217.753705875037,2.26352609317887,3,"Optimization has converged.",826,0.738
"827","CoopBreed","Syllable.rep.final",0.0445297096546781,0.113341545698696,-218.167239158986,2.23458664156027,0.122721806677707,1.13341545698696e-05,-216.149058007433,2.23459000054631,3,"Optimization has converged.",827,0.738
"828","CoopBreed","Syllable.rep.final",0.921763690296427,0.113341545698696,-218.167239158986,2.23458664156027,0.114237871621864,0.104580414314945,-218.162416327909,2.23461951246974,3,"Optimization has converged.",828,0.738
"829","CoopBreed","Syllable.rep.final",0.354625020705043,0.113341545698696,-218.167239158986,2.23458664156027,0.121032905603528,0.0430255453042584,-217.738820070799,2.23456742707107,3,"Optimization has converged.",829,0.738
"830","CoopBreed","Syllable.rep.final",0.152735551103688,0.113341545698696,-218.167239158986,2.23458664156027,0.123690529249017,1.13341545698696e-05,-217.144881487005,2.23461421403521,3,"Optimization has converged.",830,0.738
"831","CoopBreed","Syllable.rep.final",0.254778617582358,0.113341545698696,-218.167239158986,2.23458664156027,0.12192508356345,0.00652951862459222,-217.518784698439,2.23454807043204,3,"Optimization has converged.",831,0.738
"832","CoopBreed","Syllable.rep.final",0.802762515637863,0.113341545698696,-218.167239158986,2.23458664156027,0.115992474798328,0.0902112880689935,-218.136045758784,2.2345177993815,3,"Optimization has converged.",832,0.738
"833","CoopBreed","Syllable.rep.final",0.819200453569198,0.113341545698696,-218.167239158986,2.23458664156027,0.115315344727002,0.094146714098216,-218.141116245449,2.234603772374,3,"Optimization has converged.",833,0.738
"834","CoopBreed","Syllable.rep.final",0.0268021428773882,0.113341545698696,-218.167239158986,2.23458664156027,0.122643193467436,1.13341545698696e-05,-215.715483443627,2.23455247456725,3,"Optimization has converged.",834,0.738
"835","CoopBreed","Syllable.rep.final",0.886417239335006,0.113341545698696,-218.167239158986,2.23458664156027,0.114796300434578,0.0962324063756865,-218.157037651665,2.2345566265191,3,"Optimization has converged.",835,0.738
"836","CoopBreed","Syllable.rep.final",0.238562982572684,0.113341545698696,-218.167239158986,2.23458664156027,0.124989466566349,0.00332999370627242,-217.472706423425,2.23459757369136,3,"Optimization has converged.",836,0.738
"837","CoopBreed","Syllable.rep.final",0.208919146319181,0.113341545698696,-218.167239158986,2.23458664156027,0.087510589800079,0.33612416051568,-217.377788935437,2.16176371473876,3,"Optimization has converged.",837,0.738
"838","CoopBreed","Syllable.rep.final",0.993151023251732,0.113341545698696,-218.167239158986,2.23458664156027,0.113261756299142,0.114159035942993,-218.167202316246,2.23458681690688,3,"Optimization has converged.",838,0.738
"839","CoopBreed","Syllable.rep.final",0.752032009247777,0.113341545698696,-218.167239158986,2.23458664156027,0.107837191588738,0.165173751603696,-218.11732344015,2.23460085511301,3,"Optimization has converged.",839,0.738
"840","CoopBreed","Syllable.rep.final",0.183758497788177,0.113341545698696,-218.167239158986,2.23458664156027,0.126529527465225,0.00299534291318445,-217.283758138909,2.23456856177549,3,"Optimization has converged.",840,0.738
"841","CoopBreed","Syllable.rep.final",0.407262237539566,0.113341545698696,-218.167239158986,2.23458664156027,0.120297768852037,0.0406169462704807,-217.823849819747,2.20307339923358,3,"Optimization has converged.",841,0.738
"842","CoopBreed","Syllable.rep.final",0.992489007191057,0.113341545698696,-218.167239158986,2.23458664156027,0.113228748038272,0.114413239260478,-218.16719484943,2.23458579512903,3,"Optimization has converged.",842,0.738
"843","CoopBreed","Syllable.rep.final",0.256304009902812,0.113341545698696,-218.167239158986,2.23458664156027,0.12371876128867,1.13341545698696e-05,-217.522933459501,2.23473741291761,3,"Optimization has converged.",843,0.738
"844","CoopBreed","Syllable.rep.final",0.688740822863798,0.113341545698696,-218.167239158986,2.23458664156027,0.117170301901776,0.0748827356564007,-218.087013219301,2.23456477128843,3,"Optimization has converged.",844,0.738
"845","CoopBreed","Syllable.rep.final",0.576304458071552,0.113341545698696,-218.167239158986,2.23458664156027,0.120515561307405,0.0499315763142627,-218.011115543984,2.19870373335643,3,"Optimization has converged.",845,0.738
"846","CoopBreed","Syllable.rep.final",0.058285920888819,0.113341545698696,-218.167239158986,2.23458664156027,0.125600440737973,1.13341545698696e-05,-216.374489825213,2.23462715427048,3,"Optimization has converged.",846,0.738
"847","CoopBreed","Syllable.rep.final",0.225457053898928,0.113341545698696,-218.167239158986,2.23458664156027,0.0993502000439425,0.23825892474869,-217.432591957139,2.23483236606929,3,"Optimization has converged.",847,0.738
"848","CoopBreed","Syllable.rep.final",0.268284663259671,0.113341545698696,-218.167239158986,2.23458664156027,0.0905841829668346,0.321895222157627,-217.554490936046,2.28201910771767,3,"Optimization has converged.",848,0.738
"849","CoopBreed","Syllable.rep.final",0.0346172340500391,0.113341545698696,-218.167239158986,2.23458664156027,0.123957814172993,1.13341545698696e-05,-215.935261061376,2.23458521692313,3,"Optimization has converged.",849,0.738
"850","CoopBreed","Syllable.rep.final",0.651194099938182,0.113341545698696,-218.167239158986,2.23458664156027,0.117824065636034,0.0688352413947935,-218.065040169261,2.23441164407297,3,"Optimization has converged.",850,0.738
"851","CoopBreed","Syllable.rep.final",0.204646346226411,0.113341545698696,-218.167239158986,2.23458664156027,0.0986557250355573,0.293714622886212,-217.362788622652,2.23542406682161,3,"Optimization has converged.",851,0.738
"852","CoopBreed","Syllable.rep.final",0.574666576478703,0.113341545698696,-218.167239158986,2.23458664156027,0.117497808388985,0.0710471378318144,-218.009770863056,2.23453937347061,3,"Optimization has converged.",852,0.738
"853","CoopBreed","Syllable.rep.final",0.197826723719948,0.113341545698696,-218.167239158986,2.23458664156027,0.125221450477497,1.13341545698696e-05,-217.338065907759,2.23449259042231,3,"Optimization has converged.",853,0.738
"854","CoopBreed","Syllable.rep.final",0.933565267536131,0.113341545698696,-218.167239158986,2.23458664156027,0.1140689523596,0.106551012247532,-218.163764711501,2.23458949976219,3,"Optimization has converged.",854,0.738
"855","CoopBreed","Syllable.rep.final",0.2360255612589,0.113341545698696,-218.167239158986,2.23458664156027,0.12397168358844,1.13341545698696e-05,-217.465150978038,2.23454345151752,3,"Optimization has converged.",855,0.738
"856","CoopBreed","Syllable.rep.final",0.221682224659009,0.113341545698696,-218.167239158986,2.23458664156027,0.125945800723576,1.13341545698696e-05,-217.420515067727,2.23465363573613,3,"Optimization has converged.",856,0.738
"857","CoopBreed","Syllable.rep.final",0.417134787196491,0.113341545698696,-218.167239158986,2.23458664156027,0.119979414698544,0.0500018222078244,-217.838052466037,2.23454903130507,3,"Optimization has converged.",857,0.738
"858","CoopBreed","Syllable.rep.final",0.874299405884987,0.113341545698696,-218.167239158986,2.23458664156027,0.111748992654835,0.130601002067065,-218.154725579568,2.23456765253302,3,"Optimization has converged.",858,0.738
"859","CoopBreed","Syllable.rep.final",0.124655491194331,0.113341545698696,-218.167239158986,2.23458664156027,0.123349227330534,1.13341545698696e-05,-216.988324213401,2.23458547037638,3,"Optimization has converged.",859,0.738
"860","CoopBreed","Syllable.rep.final",0.469505737808329,0.113341545698696,-218.167239158986,2.23458664156027,0.120954732625203,0.0460679667693472,-217.905669660088,2.22000743217243,3,"Optimization has converged.",860,0.738
"861","CoopBreed","Syllable.rep.final",0.439730607852149,0.113341545698696,-218.167239158986,2.23458664156027,0.100240221473144,0.230325177986333,-217.868746534949,2.2347141879159,3,"Optimization has converged.",861,0.738
"862","CoopBreed","Syllable.rep.final",0.275631285223156,0.113341545698696,-218.167239158986,2.23458664156027,0.122971085889257,1.13341545698696e-05,-217.572986565407,2.23447871944073,3,"Optimization has converged.",862,0.738
"863","CoopBreed","Syllable.rep.final",0.0610957538992113,0.113341545698696,-218.167239158986,2.23458664156027,0.122285550797423,1.13341545698696e-05,-216.413545794172,2.23458668531239,3,"Optimization has converged.",863,0.738
"864","CoopBreed","Syllable.rep.final",0.000498597103931678,0.113341545698696,-218.167239158986,2.23458664156027,0.0671810987987904,0.383945402986438,-212.106786846964,2.35532583258868,3,"Optimization has converged.",864,0.738
"865","CoopBreed","Syllable.rep.final",0.087280441401625,0.113341545698696,-218.167239158986,2.23458664156027,0.124878468729764,1.13341545698696e-05,-216.705323865164,2.31262345864177,3,"Optimization has converged.",865,0.738
"866","CoopBreed","Syllable.rep.final",0.0444292359744695,0.113341545698696,-218.167239158986,2.23458664156027,0.123744279450652,1.13341545698696e-05,-216.147152070497,2.2345814486235,3,"Optimization has converged.",866,0.738
"867","CoopBreed","Syllable.rep.final",0.0523921342778722,0.113341545698696,-218.167239158986,2.23458664156027,0.122292785416571,1.13341545698696e-05,-216.285637785074,2.23458824714161,3,"Optimization has converged.",867,0.738
"868","CoopBreed","Syllable.rep.final",0.26833932831639,0.113341545698696,-218.167239158986,2.23458664156027,0.122348398870501,0.0370899587369904,-217.554630889541,2.23456931801767,3,"Optimization has converged.",868,0.738
"869","CoopBreed","Syllable.rep.final",0.0782603119963542,0.113341545698696,-218.167239158986,2.23458664156027,0.121261565637189,1.13341545698696e-05,-216.616906575716,2.23457484872047,3,"Optimization has converged.",869,0.738
"870","CoopBreed","Syllable.rep.final",0.106206260522014,0.113341545698696,-218.167239158986,2.23458664156027,0.122597542126136,1.13341545698696e-05,-216.862347405506,2.23456212525755,3,"Optimization has converged.",870,0.738
"871","CoopBreed","Syllable.rep.final",0.853326064418078,0.113341545698696,-218.167239158986,2.23458664156027,0.116467902652437,0.0820820379622006,-218.150149536783,2.2348992541832,3,"Optimization has converged.",871,0.738
"872","CoopBreed","Syllable.rep.final",0.161289850783785,0.113341545698696,-218.167239158986,2.23458664156027,0.124623788574648,1.13341545698696e-05,-217.186193586638,2.23470118497327,3,"Optimization has converged.",872,0.738
"873","CoopBreed","Syllable.rep.final",0.414326463129071,0.113341545698696,-218.167239158986,2.23458664156027,0.123249197308167,1.13341545698696e-05,-217.834063299936,2.23453350634153,3,"Optimization has converged.",873,0.738
"874","CoopBreed","Syllable.rep.final",0.14152572681328,0.113341545698696,-218.167239158986,2.23458664156027,0.123452522035676,1.13341545698696e-05,-217.086593588636,2.23448386009605,3,"Optimization has converged.",874,0.738
"875","CoopBreed","Syllable.rep.final",0.123447418459241,0.113341545698696,-218.167239158986,2.23458664156027,0.12426740176807,1.13341545698696e-05,-216.98072529443,2.23463966969056,3,"Optimization has converged.",875,0.738
"876","CoopBreed","Syllable.rep.final",0.0697076184929992,0.113341545698696,-218.167239158986,2.23458664156027,0.122224817793632,1.13341545698696e-05,-216.522293292128,2.23456909209357,3,"Optimization has converged.",876,0.738
"877","CoopBreed","Syllable.rep.final",0.112658812576326,0.113341545698696,-218.167239158986,2.23458664156027,0.123259438143385,1.13341545698696e-05,-216.908978137631,2.2345788210472,3,"Optimization has converged.",877,0.738
"878","CoopBreed","Syllable.rep.final",0.266431288988491,0.113341545698696,-218.167239158986,2.23458664156027,0.119049232316442,0.0517462874380799,-217.549724780465,2.23469594649556,3,"Optimization has converged.",878,0.738
"879","CoopBreed","Syllable.rep.final",0.171916115708717,0.113341545698696,-218.167239158986,2.23458664156027,0.122749105301694,0.0176270944722051,-217.234161716235,2.27689943763883,3,"Optimization has converged.",879,0.738
"880","CoopBreed","Syllable.rep.final",0.213283024076901,0.113341545698696,-218.167239158986,2.23458664156027,0.123059913739173,1.13341545698696e-05,-217.392738804993,2.23449314169946,3,"Optimization has converged.",880,0.738
"881","CoopBreed","Syllable.rep.final",0.0577751009308821,0.113341545698696,-218.167239158986,2.23458664156027,0.122547052740763,1.13341545698696e-05,-216.367174847974,2.23452846632281,3,"Optimization has converged.",881,0.738
"882","CoopBreed","Syllable.rep.final",0.10718771151184,0.113341545698696,-218.167239158986,2.23458664156027,0.122314828304895,1.13341545698696e-05,-216.869637706352,2.2345910340164,3,"Optimization has converged.",882,0.738
"883","CoopBreed","Syllable.rep.final",0.792149709625791,0.113341545698696,-218.167239158986,2.23458664156027,0.110489757717766,0.139334685119734,-218.132517729334,2.23458616224378,3,"Optimization has converged.",883,0.738
"884","CoopBreed","Syllable.rep.final",0.0980726329654871,0.113341545698696,-218.167239158986,2.23458664156027,0.122117483452586,1.13341545698696e-05,-216.798934276666,2.23459078779656,3,"Optimization has converged.",884,0.738
"885","CoopBreed","Syllable.rep.final",0.717232959227164,0.113341545698696,-218.167239158986,2.23458664156027,0.109181197420531,0.15776437159222,-218.101659463846,2.23475878105259,3,"Optimization has converged.",885,0.738
"886","CoopBreed","Syllable.rep.final",0.959059206205487,0.113341545698696,-218.167239158986,2.23458664156027,0.113741792381893,0.109777391083202,-218.165921558287,2.23459292551869,3,"Optimization has converged.",886,0.738
"887","CoopBreed","Syllable.rep.final",0.493651085151252,0.113341545698696,-218.167239158986,2.23458664156027,0.120397449201558,0.0430675455216736,-217.93295992061,2.23476425770145,3,"Optimization has converged.",887,0.738
"888","CoopBreed","Syllable.rep.final",0.0652201491127379,0.113341545698696,-218.167239158986,2.23458664156027,0.122057559109869,1.13341545698696e-05,-216.467539292189,2.2346076214531,3,"Optimization has converged.",888,0.738
"889","CoopBreed","Syllable.rep.final",0.471712152905903,0.113341545698696,-218.167239158986,2.23458664156027,0.106654965034191,0.178340168795539,-217.908257949887,2.23459536990738,3,"Optimization has converged.",889,0.738
"890","CoopBreed","Syllable.rep.final",0.194903552317898,0.113341545698696,-218.167239158986,2.23458664156027,0.122424160453309,0.025075601388474,-217.327160508839,2.23455861203382,3,"Optimization has converged.",890,0.738
"891","CoopBreed","Syllable.rep.final",0.0839231679228001,0.113341545698696,-218.167239158986,2.23458664156027,0.122555380424365,1.13341545698696e-05,-216.673619860741,2.23459107978093,3,"Optimization has converged.",891,0.738
"892","CoopBreed","Syllable.rep.final",0.714472056416584,0.113341545698696,-218.167239158986,2.23458664156027,0.117996705366348,0.0610107718224554,-218.100313620252,2.23462732235557,3,"Optimization has converged.",892,0.738
"893","CoopBreed","Syllable.rep.final",0.522682520824697,0.113341545698696,-218.167239158986,2.23458664156027,0.0961024395231412,0.284467777084799,-217.962940705968,2.23461818048299,3,"Optimization has converged.",893,0.738
"894","CoopBreed","Syllable.rep.final",0.0224596201267969,0.113341545698696,-218.167239158986,2.23458664156027,0.0843051890084725,0.357950784317245,-215.562327621208,2.29241158900368,3,"Optimization has converged.",894,0.738
"895","CoopBreed","Syllable.rep.final",0.0683388922398167,0.113341545698696,-218.167239158986,2.23458664156027,0.122435093527288,1.13341545698696e-05,-216.506001850372,2.23458188023391,3,"Optimization has converged.",895,0.738
"896","CoopBreed","Syllable.rep.final",0.0750364655433727,0.113341545698696,-218.167239158986,2.23458664156027,0.123729881476748,1.13341545698696e-05,-216.582609468426,2.1856962737597,3,"Optimization has converged.",896,0.738
"897","CoopBreed","Syllable.rep.final",0.0554677927984697,0.113341545698696,-218.167239158986,2.23458664156027,0.123989470354021,1.13341545698696e-05,-216.333255511869,2.23456017984845,3,"Optimization has converged.",897,0.738
"898","CoopBreed","Syllable.rep.final",0.326783721315965,0.113341545698696,-218.167239158986,2.23458664156027,0.124699879111141,1.13341545698696e-05,-217.68643843029,2.28852097369937,3,"Optimization has converged.",898,0.738
"899","CoopBreed","Syllable.rep.final",0.400244608907858,0.113341545698696,-218.167239158986,2.23458664156027,0.121097036009637,0.0412239675178727,-217.813443517156,2.23444305392829,3,"Optimization has converged.",899,0.738
"900","CoopBreed","Syllable.rep.final",0.613278683337711,0.113341545698696,-218.167239158986,2.23458664156027,0.118373494761268,0.0656917751549402,-218.039525129192,2.23452833236711,3,"Optimization has converged.",900,0.738
"901","CoopBreed","Syllable.rep.final",0.0301274456746426,0.113341545698696,-218.167239158986,2.23458664156027,0.0894072311062317,0.312621666224849,-215.81623648771,2.23465107718757,3,"Optimization has converged.",901,0.738
"902","CoopBreed","Syllable.rep.final",0.211264936920751,0.113341545698696,-218.167239158986,2.23458664156027,0.123330657119216,0.00302515731355953,-217.38587071542,2.23462575431478,3,"Optimization has converged.",902,0.738
"903","CoopBreed","Syllable.rep.final",0.121408272174348,0.113341545698696,-218.167239158986,2.23458664156027,0.123338450595354,1.13341545698696e-05,-216.967709731756,2.2345274055464,3,"Optimization has converged.",903,0.738
"904","CoopBreed","Syllable.rep.final",0.619048637224214,0.113341545698696,-218.167239158986,2.23458664156027,0.109534386571342,0.158530420663384,-218.043635673194,2.25093978529268,3,"Optimization has converged.",904,0.738
"905","CoopBreed","Syllable.rep.final",0.348327530792297,0.113341545698696,-218.167239158986,2.23458664156027,0.125101099235921,1.13341545698696e-05,-217.727468849076,2.23465702543905,3,"Optimization has converged.",905,0.738
"906","CoopBreed","Syllable.rep.final",0.181818585616687,0.113341545698696,-218.167239158986,2.23458664156027,0.124134813250291,1.13341545698696e-05,-217.275891013147,2.29884164874339,3,"Optimization has converged.",906,0.738
"907","CoopBreed","Syllable.rep.final",0.173420738111917,0.113341545698696,-218.167239158986,2.23458664156027,0.123871875628026,1.13341545698696e-05,-217.240678222163,2.2026124148866,3,"Optimization has converged.",907,0.738
"908","CoopBreed","Syllable.rep.final",0.0965056284245081,0.113341545698696,-218.167239158986,2.23458664156027,0.0906525971055786,0.337496897976093,-216.786057922586,2.15827294127723,3,"Optimization has converged.",908,0.738
"909","CoopBreed","Syllable.rep.final",0.210045484958564,0.113341545698696,-218.167239158986,2.23458664156027,0.122177091223192,0.0101518885314819,-217.381682770021,2.23455301732998,3,"Optimization has converged.",909,0.738
"910","CoopBreed","Syllable.rep.final",0.0508683196546699,0.113341545698696,-218.167239158986,2.23458664156027,0.124150880900562,1.13341545698696e-05,-216.260937323731,2.23457772363383,3,"Optimization has converged.",910,0.738
"911","CoopBreed","Syllable.rep.final",0.428499536951404,0.113341545698696,-218.167239158986,2.23458664156027,0.120220622898153,0.0556939737616843,-217.853795726525,2.23469943253728,3,"Optimization has converged.",911,0.738
"912","CoopBreed","Syllable.rep.final",0.0145083778818404,0.113341545698696,-218.167239158986,2.23458664156027,0.0738242835915031,0.456695394907536,-215.179635626353,2.36350716990657,3,"Optimization has converged.",912,0.738
"913","CoopBreed","Syllable.rep.final",0.110781513511811,0.113341545698696,-218.167239158986,2.23458664156027,0.125314944708704,1.13341545698696e-05,-216.895720620173,2.23458306846016,3,"Optimization has converged.",913,0.738
"914","CoopBreed","Syllable.rep.final",0.00163982144515613,0.113341545698696,-218.167239158986,2.23458664156027,0.0796008532982711,0.345224393500817,-213.209991764763,2.09656786406145,3,"Optimization has converged.",914,0.738
"915","CoopBreed","Syllable.rep.final",0.246641529656119,0.113341545698696,-218.167239158986,2.23458664156027,0.119670648041153,0.0470697351746722,-217.496125419878,2.23457600008858,3,"Optimization has converged.",915,0.738
"916","CoopBreed","Syllable.rep.final",0.569446067033095,0.113341545698696,-218.167239158986,2.23458664156027,0.117608381048348,0.0650929369907412,-218.005434046533,2.23443565094092,3,"Optimization has converged.",916,0.738
"917","CoopBreed","Syllable.rep.final",0.320612604594974,0.113341545698696,-218.167239158986,2.23458664156027,0.119601650452113,0.0509699687659923,-217.674016255549,2.23459059446837,3,"Optimization has converged.",917,0.738
"918","CoopBreed","Syllable.rep.final",0.421271243723291,0.113341545698696,-218.167239158986,2.23458664156027,0.107031890358819,0.167707058384089,-217.843856084197,2.2345985365551,3,"Optimization has converged.",918,0.738
"919","CoopBreed","Syllable.rep.final",0.109848422652136,0.113341545698696,-218.167239158986,2.23458664156027,0.1238350343888,1.13341545698696e-05,-216.889038833215,2.23459382092919,3,"Optimization has converged.",919,0.738
"920","CoopBreed","Syllable.rep.final",0.00679645180239078,0.113341545698696,-218.167239158986,2.23458664156027,0.0830584942489994,0.375135950621305,-214.504244166905,2.07999529473411,3,"Optimization has converged.",920,0.738
"921","CoopBreed","Syllable.rep.final",0.448090963796364,0.113341545698696,-218.167239158986,2.23458664156027,0.106106740217613,0.181365307655089,-217.879501026722,2.23458959952214,3,"Optimization has converged.",921,0.738
"922","CoopBreed","Syllable.rep.final",0.290856638164191,0.113341545698696,-218.167239158986,2.23458664156027,0.125304253654128,0.00684122787052509,-217.609413199025,2.23467013618115,3,"Optimization has converged.",922,0.738
"923","CoopBreed","Syllable.rep.final",0.223345679805182,0.113341545698696,-218.167239158986,2.23458664156027,0.122439402332766,1.13341545698696e-05,-217.425867122851,2.23442416670163,3,"Optimization has converged.",923,0.738
"924","CoopBreed","Syllable.rep.final",0.851849147000501,0.113341545698696,-218.167239158986,2.23458664156027,0.111053498856862,0.140698717215981,-218.149799590357,2.23458632797005,3,"Optimization has converged.",924,0.738
"925","CoopBreed","Syllable.rep.final",0.61538490330458,0.113341545698696,-218.167239158986,2.23458664156027,0.120568208373514,0.0430650586048858,-218.041035367642,2.23433971157013,3,"Optimization has converged.",925,0.738
"926","CoopBreed","Syllable.rep.final",0.00229131273443953,0.113341545698696,-218.167239158986,2.23458664156027,0.0751070157058702,0.445072297111542,-213.51714887623,2.30767029940476,3,"Optimization has converged.",926,0.738
"927","CoopBreed","Syllable.rep.final",0.362324316555732,0.113341545698696,-218.167239158986,2.23458664156027,0.123209894903219,0.0307264855474917,-217.752328698287,2.19208325855148,3,"Optimization has converged.",927,0.738
"928","CoopBreed","Syllable.rep.final",0.441876251294108,0.113341545698696,-218.167239158986,2.23458664156027,0.12129570311474,0.0410464028042753,-217.871536560056,2.23460942472353,3,"Optimization has converged.",928,0.738
"929","CoopBreed","Syllable.rep.final",0.218180322377338,0.113341545698696,-218.167239158986,2.23458664156027,0.123941417008324,1.13341545698696e-05,-217.409089320513,2.23438743580202,3,"Optimization has converged.",929,0.738
"930","CoopBreed","Syllable.rep.final",0.17052313610564,0.113341545698696,-218.167239158986,2.23458664156027,0.124104006487931,1.13341545698696e-05,-217.228070031329,2.23452404336488,3,"Optimization has converged.",930,0.738
"931","CoopBreed","Syllable.rep.final",0.0480191644330524,0.113341545698696,-218.167239158986,2.23458664156027,0.0933705241324696,0.272877282500252,-216.212581633032,2.23466339207456,3,"Optimization has converged.",931,0.738
"932","CoopBreed","Syllable.rep.final",0.930772850543719,0.113341545698696,-218.167239158986,2.23458664156027,0.114440751540115,0.101191697836906,-218.163465742469,2.24141252416066,3,"Optimization has converged.",932,0.738
"933","CoopBreed","Syllable.rep.final",0.424242759965041,0.113341545698696,-218.167239158986,2.23458664156027,0.104927212133691,0.19338659543895,-217.847972991303,2.23440987441799,3,"Optimization has converged.",933,0.738
"934","CoopBreed","Syllable.rep.final",0.198131805796949,0.113341545698696,-218.167239158986,2.23458664156027,0.123265789381104,1.13341545698696e-05,-217.339193175618,2.19199181814379,3,"Optimization has converged.",934,0.738
"935","CoopBreed","Syllable.rep.final",0.277957448860372,0.113341545698696,-218.167239158986,2.23458664156027,0.100432350276278,0.22523893787194,-217.578714337043,2.23435614147193,3,"Optimization has converged.",935,0.738
"936","CoopBreed","Syllable.rep.final",0.108845413409961,0.113341545698696,-218.167239158986,2.23458664156027,0.124140200606312,1.13341545698696e-05,-216.881786419664,2.20528187242453,3,"Optimization has converged.",936,0.738
"937","CoopBreed","Syllable.rep.final",0.76176276181159,0.113341545698696,-218.167239158986,2.23458664156027,0.109286567914437,0.157622197824541,-218.121284109826,2.23456809926975,3,"Optimization has converged.",937,0.738
"938","CoopBreed","Syllable.rep.final",0.133552229082981,0.113341545698696,-218.167239158986,2.23458664156027,0.124404858197694,1.13341545698696e-05,-217.041879036337,2.23459559770902,3,"Optimization has converged.",938,0.738
"939","CoopBreed","Syllable.rep.final",0.0960952107153269,0.113341545698696,-218.167239158986,2.23458664156027,0.126535878550085,1.13341545698696e-05,-216.782647770746,2.28256446323333,3,"Optimization has converged.",939,0.738
"940","CoopBreed","Syllable.rep.final",0.191079843523095,0.113341545698696,-218.167239158986,2.23458664156027,0.127084714358729,1.13341545698696e-05,-217.31260312625,2.2348100731661,3,"Optimization has converged.",940,0.738
"941","CoopBreed","Syllable.rep.final",0.136278523885389,0.113341545698696,-218.167239158986,2.23458664156027,0.125415696950785,1.13341545698696e-05,-217.057496727148,2.25600984966209,3,"Optimization has converged.",941,0.738
"942","CoopBreed","Syllable.rep.final",0.0303113290786466,0.113341545698696,-218.167239158986,2.23458664156027,0.12076949335755,1.13341545698696e-05,-215.821465187939,2.23457822692177,3,"Optimization has converged.",942,0.738
"943","CoopBreed","Syllable.rep.final",0.0547597168883723,0.113341545698696,-218.167239158986,2.23458664156027,0.121220710791348,1.13341545698696e-05,-216.322545335745,2.23457590316979,3,"Optimization has converged.",943,0.738
"944","CoopBreed","Syllable.rep.final",0.134935658313087,0.113341545698696,-218.167239158986,2.23458664156027,0.123942119367329,1.13341545698696e-05,-217.049848182257,2.30374748977093,3,"Optimization has converged.",944,0.738
"945","CoopBreed","Syllable.rep.final",0.584975739864205,0.113341545698696,-218.167239158986,2.23458664156027,0.105612498263208,0.194847463187638,-218.01810950355,2.23463723633246,3,"Optimization has converged.",945,0.738
"946","CoopBreed","Syllable.rep.final",0.924163763233602,0.113341545698696,-218.167239158986,2.23458664156027,0.114714330681446,0.0995667672494897,-218.162708573016,2.2345894393652,3,"Optimization has converged.",946,0.738
"947","CoopBreed","Syllable.rep.final",0.0259575727831124,0.113341545698696,-218.167239158986,2.23458664156027,0.120038021586555,1.13341545698696e-05,-215.687817769,2.23453199930289,3,"Optimization has converged.",947,0.738
"948","CoopBreed","Syllable.rep.final",7.2384764279939e-05,0.113341545698696,-218.167239158986,2.23458664156027,0.0680093029273039,0.488821126876827,-210.293505254252,2.23475325521237,3,"Optimization has converged.",948,0.738
"949","CoopBreed","Syllable.rep.final",0.329834827999323,0.113341545698696,-218.167239158986,2.23458664156027,0.12594548713958,1.13341545698696e-05,-217.692466045057,2.23452140241074,3,"Optimization has converged.",949,0.738
"950","CoopBreed","Syllable.rep.final",0.570580558552898,0.113341545698696,-218.167239158986,2.23458664156027,0.118985533074435,0.0564267729924295,-218.006383118019,2.23477118234164,3,"Optimization has converged.",950,0.738
"951","CoopBreed","Syllable.rep.final",0.128901551612129,0.113341545698696,-218.167239158986,2.23458664156027,0.122044510249014,1.13341545698696e-05,-217.014397311975,2.23471319383247,3,"Optimization has converged.",951,0.738
"952","CoopBreed","Syllable.rep.final",0.410765730526751,0.113341545698696,-218.167239158986,2.23458664156027,0.101577478898306,0.228737637867833,-217.828947493655,2.2819156783832,3,"Optimization has converged.",952,0.738
"953","CoopBreed","Syllable.rep.final",0.0916142870784031,0.113341545698696,-218.167239158986,2.23458664156027,0.120892582830642,1.13341545698696e-05,-216.744350591266,2.23457840305753,3,"Optimization may not have converged.  Consider increasing maxit.",953,0.738
"954","CoopBreed","Syllable.rep.final",0.505882536639817,0.113341545698696,-218.167239158986,2.23458664156027,0.107566952328447,0.1729413175403,-217.945951984352,2.23456637041328,3,"Optimization has converged.",954,0.738
"955","CoopBreed","Syllable.rep.final",0.137033440102894,0.113341545698696,-218.167239158986,2.23458664156027,0.0948680852956847,0.27213842165641,-217.061759535987,2.26580453967436,3,"Optimization has converged.",955,0.738
"956","CoopBreed","Syllable.rep.final",0.032393386151815,0.113341545698696,-218.167239158986,2.23458664156027,0.122517004401564,1.13341545698696e-05,-215.87846117194,2.23457185789988,3,"Optimization has converged.",956,0.738
"957","CoopBreed","Syllable.rep.final",0.957786458854011,0.113341545698696,-218.167239158986,2.23458664156027,0.113978253181239,0.107048632184857,-218.165838285324,2.2345883625731,3,"Optimization has converged.",957,0.738
"958","CoopBreed","Syllable.rep.final",0.00234985092941729,0.113341545698696,-218.167239158986,2.23458664156027,0.0749838041959991,0.392358284841023,-213.54025272716,2.23471752380868,3,"Optimization has converged.",958,0.738
"959","CoopBreed","Syllable.rep.final",0.887958669319468,0.113341545698696,-218.167239158986,2.23458664156027,0.111052050323418,0.133895916571457,-218.157314488785,2.234586475976,3,"Optimization has converged.",959,0.738
"960","CoopBreed","Syllable.rep.final",0.370026000126953,0.113341545698696,-218.167239158986,2.23458664156027,0.124502566107719,0.00986976809029504,-217.765450570926,2.23449419567189,3,"Optimization has converged.",960,0.738
"961","CoopBreed","Syllable.rep.final",0.736407984937184,0.113341545698696,-218.167239158986,2.23458664156027,0.106905718103871,0.178750849891403,-218.11058470394,2.23458469440289,3,"Optimization has converged.",961,0.738
"962","CoopBreed","Syllable.rep.final",0.216948215246646,0.113341545698696,-218.167239158986,2.23458664156027,0.124406193025752,1.13341545698696e-05,-217.405017142172,2.23452345691638,3,"Optimization has converged.",962,0.738
"963","CoopBreed","Syllable.rep.final",0.399003883466653,0.113341545698696,-218.167239158986,2.23458664156027,0.121319982782947,0.0405428793256077,-217.811576038701,2.23441916873765,3,"Optimization has converged.",963,0.738
"964","CoopBreed","Syllable.rep.final",0.19946933433935,0.113341545698696,-218.167239158986,2.23458664156027,0.123018132018061,1.13341545698696e-05,-217.344111370878,2.23452821654624,3,"Optimization has converged.",964,0.738
"965","CoopBreed","Syllable.rep.final",0.0485972190606544,0.113341545698696,-218.167239158986,2.23458664156027,0.0933215675889991,0.284025397522593,-216.222633143019,2.23463634732645,3,"Optimization has converged.",965,0.738
"966","CoopBreed","Syllable.rep.final",0.109181589812483,0.113341545698696,-218.167239158986,2.23458664156027,0.122511803003643,1.13341545698696e-05,-216.884225349492,2.23459594122843,3,"Optimization has converged.",966,0.738
"967","CoopBreed","Syllable.rep.final",0.467584215754696,0.113341545698696,-218.167239158986,2.23458664156027,0.118776329143842,0.0455151723192514,-217.903399566425,2.23467157508386,3,"Optimization has converged.",967,0.738
"968","CoopBreed","Syllable.rep.final",0.839785100994977,0.113341545698696,-218.167239158986,2.23458664156027,0.11524318426098,0.0932752142538669,-218.146803134426,2.23454279656676,3,"Optimization has converged.",968,0.738
"969","CoopBreed","Syllable.rep.final",0.208962570758416,0.113341545698696,-218.167239158986,2.23458664156027,0.125740753053427,1.13341545698696e-05,-217.377939517068,2.23451414007964,3,"Optimization has converged.",969,0.738
"970","CoopBreed","Syllable.rep.final",0.0707273719062434,0.113341545698696,-218.167239158986,2.23458664156027,0.122465443139352,1.13341545698696e-05,-216.534210000299,2.2345799581666,3,"Optimization has converged.",970,0.738
"971","CoopBreed","Syllable.rep.final",0.0496095824783375,0.113341545698696,-218.167239158986,2.23458664156027,0.122072652136882,1.13341545698696e-05,-216.239936245875,2.23458857928955,3,"Optimization may not have converged.  Consider increasing maxit.",971,0.738
"972","CoopBreed","Syllable.rep.final",0.0980878293521786,0.113341545698696,-218.167239158986,2.23458664156027,0.096248032621427,0.269147167798917,-216.799058047202,2.18471686773521,3,"Optimization has converged.",972,0.738
"973","CoopBreed","Syllable.rep.final",0.714683424696149,0.113341545698696,-218.167239158986,2.23458664156027,0.10826570867203,0.165665710819333,-218.100417202527,2.23457958219406,3,"Optimization has converged.",973,0.738
"974","CoopBreed","Syllable.rep.final",0.267319891381364,0.113341545698696,-218.167239158986,2.23458664156027,0.102811740373031,0.211000443470904,-217.552015058544,2.23465865819277,3,"Optimization has converged.",974,0.738
"975","CoopBreed","Syllable.rep.final",0.48594094004447,0.113341545698696,-218.167239158986,2.23458664156027,0.12144549454496,0.0287257259721819,-217.924488482128,2.26105422607003,3,"Optimization has converged.",975,0.738
"976","CoopBreed","Syllable.rep.final",0.195210877295251,0.113341545698696,-218.167239158986,2.23458664156027,0.123236993855504,1.13341545698696e-05,-217.328316019359,2.17915414696725,3,"Optimization has converged.",976,0.738
"977","CoopBreed","Syllable.rep.final",0.274999525359527,0.113341545698696,-218.167239158986,2.23458664156027,0.101253656447076,0.206717275592299,-217.571420467385,2.23483660151758,3,"Optimization has converged.",977,0.738
"978","CoopBreed","Syllable.rep.final",0.192075672229087,0.113341545698696,-218.167239158986,2.23458664156027,0.1247365644762,1.13341545698696e-05,-217.316426936989,2.23463299321057,3,"Optimization has converged.",978,0.738
"979","CoopBreed","Syllable.rep.final",0.137697749808005,0.113341545698696,-218.167239158986,2.23458664156027,0.0987559485768869,0.222883940855156,-217.065489009517,2.23484991923071,3,"Optimization has converged.",979,0.738
"980","CoopBreed","Syllable.rep.final",0.0364322229510487,0.113341545698696,-218.167239158986,2.23458664156027,0.121668807398392,1.13341545698696e-05,-215.978859982562,2.23456811713563,3,"Optimization has converged.",980,0.738
"981","CoopBreed","Syllable.rep.final",0.0216778575131054,0.113341545698696,-218.167239158986,2.23458664156027,0.121187472695145,1.13341545698696e-05,-215.531510508684,2.23458172595417,3,"Optimization has converged.",981,0.738
"982","CoopBreed","Syllable.rep.final",0.676975801817458,0.113341545698696,-218.167239158986,2.23458664156027,0.119241314552656,0.0563882384818042,-218.080464108101,2.23460707798192,3,"Optimization has converged.",982,0.738
"983","CoopBreed","Syllable.rep.final",0.0967938797010205,0.113341545698696,-218.167239158986,2.23458664156027,0.124157051173512,1.13341545698696e-05,-216.788443563267,2.23458561180753,3,"Optimization has converged.",983,0.738
"984","CoopBreed","Syllable.rep.final",0.200217742940951,0.113341545698696,-218.167239158986,2.23458664156027,0.0996748011905402,0.237426801508825,-217.346846461737,2.23463233222097,3,"Optimization has converged.",984,0.738
"985","CoopBreed","Syllable.rep.final",0.0218204873675033,0.113341545698696,-218.167239158986,2.23458664156027,0.0832322076499027,0.399318203536549,-215.537217965866,2.23438035941154,3,"Optimization has converged.",985,0.738
"986","CoopBreed","Syllable.rep.final",0.864943328871363,0.113341545698696,-218.167239158986,2.23458664156027,0.115307269460597,0.0961281260311043,-218.152774713802,2.2345964061004,3,"Optimization has converged.",986,0.738
"987","CoopBreed","Syllable.rep.final",0.150798835557936,0.113341545698696,-218.167239158986,2.23458664156027,0.124744908584501,1.13341545698696e-05,-217.135163377578,2.36898065643783,3,"Optimization has converged.",987,0.738
"988","CoopBreed","Syllable.rep.final",0.126395013306014,0.113341545698696,-218.167239158986,2.23458664156027,0.123436172930615,1.13341545698696e-05,-216.999123508974,2.23451474544548,3,"Optimization has converged.",988,0.738
"989","CoopBreed","Syllable.rep.final",0.25085713820619,0.113341545698696,-218.167239158986,2.23458664156027,0.102025651093678,0.212691392101003,-217.507977214092,2.23461758648877,3,"Optimization has converged.",989,0.738
"990","CoopBreed","Syllable.rep.final",0.0825666772018419,0.113341545698696,-218.167239158986,2.23458664156027,0.124563579003317,1.13341545698696e-05,-216.660419067652,2.23454362325708,3,"Optimization has converged.",990,0.738
"991","CoopBreed","Syllable.rep.final",0.0598545086672958,0.113341545698696,-218.167239158986,2.23458664156027,0.120965175696934,1.13341545698696e-05,-216.396533451128,2.23462920147089,3,"Optimization has converged.",991,0.738
"992","CoopBreed","Syllable.rep.final",0.123621727153073,0.113341545698696,-218.167239158986,2.23458664156027,0.12249258243409,1.13341545698696e-05,-216.981826800154,2.23459003002277,3,"Optimization has converged.",992,0.738
"993","CoopBreed","Syllable.rep.final",0.81405676653576,0.113341545698696,-218.167239158986,2.23458664156027,0.11027186139551,0.141808367606767,-218.139580627073,2.2345844656515,3,"Optimization has converged.",993,0.738
"994","CoopBreed","Syllable.rep.final",0.149621469502556,0.113341545698696,-218.167239158986,2.23458664156027,0.123852052895016,1.13341545698696e-05,-217.129186269278,2.23468802722524,3,"Optimization has converged.",994,0.738
"995","CoopBreed","Syllable.rep.final",0.0361590218454678,0.113341545698696,-218.167239158986,2.23458664156027,0.122230566792676,1.13341545698696e-05,-215.972444495348,2.23460566611971,3,"Optimization has converged.",995,0.738
"996","CoopBreed","Syllable.rep.final",0.98930103030823,0.113341545698696,-218.167239158986,2.23458664156027,0.113488043959789,0.112126719996131,-218.167149250678,2.23458699544883,3,"Optimization has converged.",996,0.738
"997","CoopBreed","Syllable.rep.final",0.712438945202347,0.113341545698696,-218.167239158986,2.23458664156027,0.117704368636438,0.0729265370158488,-218.09931263114,2.21236591244938,3,"Optimization has converged.",997,0.738
"998","CoopBreed","Syllable.rep.final",0.492967401580585,0.113341545698696,-218.167239158986,2.23458664156027,0.118737504906533,0.054070985058966,-217.932217674615,2.23453849068483,3,"Optimization has converged.",998,0.738
"999","CoopBreed","Syllable.rep.final",0.376816826924673,0.113341545698696,-218.167239158986,2.23458664156027,0.123908119471463,0.0264046985257252,-217.776708630062,2.23445938662518,3,"Optimization has converged.",999,0.738
"1000","CoopBreed","Syllable.rep.final",0.135082579696208,0.113341545698696,-218.167239158986,2.23458664156027,0.0987023527677972,0.214671490781291,-217.050689141382,2.27051841027178,3,"Optimization has converged.",1000,0.738
