"species","CoopBreed","numSourcesNonCoop","numSourcesCoop","SourceDiscrepancy","Dunn","Biagolini","Downing","Jetz","Rubenstein","Cockburn","Reihl","Family","Final.polygyny","Final.EPP","Syllable.rep.min","Syllable.rep.final","Syllable.rep.max","Syll.song.min","Syll.song.final","Syll.song.max","Song.rep.min","Song.rep.final","Song.rep.max","Duration.min","Duration.final","Duration.max","Interval.min","Interval.final","Interval.max","Song.rate.min","Song.rate","Song.rate.max","Continuity.min","Continuity","Continuity.max"
"Acanthornis_magna","0","2","0","0",NA,NA,NA,"0",NA,"0",NA,"Acanthizidae",0,NA,NA,NA,NA,NA,NA,NA,NA,NA,NA,NA,NA,NA,NA,NA,NA,NA,NA,NA,NA,NA,NA
"Acridotheres_cristatellus","0","2","0","0",NA,NA,NA,"0",NA,"0",NA,"Sturnidae",0,NA,NA,NA,NA,NA,NA,NA,NA,NA,NA,NA,NA,NA,NA,NA,NA,NA,NA,NA,NA,NA,NA
"Acridotheres_fuscus","0","2","0","0",NA,NA,NA,"0",NA,"0",NA,"Sturnidae",0,NA,NA,NA,NA,NA,NA,NA,NA,NA,NA,NA,NA,NA,NA,NA,NA,NA,NA,NA,NA,NA,NA
"Acridotheres_ginginianus","0","2","0","0",NA,NA,NA,"0",NA,"0",NA,"Sturnidae",0,NA,NA,NA,NA,NA,NA,NA,NA,NA,NA,NA,NA,NA,NA,NA,NA,NA,NA,NA,NA,NA,NA
"Acridotheres_tristis","0","2","0","0",NA,NA,NA,"0",NA,"0",NA,"Sturnidae",0,NA,NA,NA,NA,NA,NA,NA,NA,NA,NA,NA,NA,NA,NA,NA,NA,NA,NA,NA,NA,NA,NA
"Acrocephalus_aequinoctialis","0","1","0","0",NA,NA,NA,NA,NA,"0",NA,"Acrocephalidae",0,NA,NA,NA,NA,NA,NA,NA,NA,NA,NA,NA,NA,NA,NA,NA,NA,NA,NA,NA,NA,NA,NA
"Acrocephalus_arundinaceus","0","4","0","0",NA,"0","0","0",NA,"0",NA,"Acrocephalidae",1,1,15,22.5,30,5,5,5,100,500,1000,3.2,7.35,11.5,1.5,1.75,2,12.76595745,6.593406593,4.444444444,0.680851064,0.807692308,0.851851852
"Acrocephalus_baeticatus","1","0","3","0",NA,NA,NA,"1",NA,"1","1","Acrocephalidae",NA,NA,NA,NA,NA,NA,NA,NA,NA,NA,NA,NA,NA,NA,NA,NA,NA,NA,NA,NA,NA,NA,NA
"Acrocephalus_bistrigiceps","0","3","0","0",NA,"0",NA,"0",NA,"0",NA,"Acrocephalidae",1,0,55,55,55,10,10,10,300,400,500,NA,NA,NA,NA,NA,NA,NA,NA,NA,NA,NA,NA
"Acrocephalus_dumetorum","0","2","0","0",NA,NA,NA,"0",NA,"0",NA,"Acrocephalidae",NA,NA,NA,NA,NA,3.48,3.48,3.48,55.3,55.3,55.3,0.75,0.75,0.75,0.25,0.25,0.25,60,60,60,0.75,0.75,0.75
"Acrocephalus_familiaris","0","1","0","0",NA,NA,NA,NA,NA,"0",NA,"Acrocephalidae",0,NA,NA,NA,NA,NA,NA,NA,NA,NA,NA,NA,NA,NA,NA,NA,NA,NA,NA,NA,NA,NA,NA
"Acrocephalus_luscinius","0","1","0","0",NA,NA,NA,"0",NA,NA,NA,"Acrocephalidae",0,NA,NA,NA,NA,NA,NA,NA,NA,NA,NA,NA,NA,NA,NA,NA,NA,NA,NA,NA,NA,NA,NA
"Acrocephalus_melanopogon","1","1","3","1",NA,"0",NA,"1",NA,"1","1","Acrocephalidae",0,NA,70,102,134,NA,NA,NA,NA,NA,NA,NA,NA,NA,NA,NA,NA,NA,NA,NA,NA,NA,NA
"Acrocephalus_orinus",NA,NA,NA,NA,NA,NA,NA,NA,NA,NA,NA,"Acrocephalidae",0,NA,NA,NA,NA,NA,NA,NA,NA,NA,NA,NA,NA,NA,NA,NA,NA,NA,NA,NA,NA,NA,NA
"Acrocephalus_paludicola","0","3","0","0",NA,"0",NA,"0",NA,"0",NA,"Acrocephalidae",NA,1,15,15,15,20,20,20,100,100,100,2.18,2.18,2.18,NA,NA,NA,NA,NA,NA,NA,NA,NA
"Acrocephalus_palustris","0","4","0","0",NA,"0","0","0",NA,"0",NA,"Acrocephalidae",1,0,90,241,411,90,90,90,100,100,100,5,5,5,0.01,0.25,0.8,11.9760479,11.42857143,10.34482759,0.998003992,0.952380952,0.862068966
"Acrocephalus_schoenobaenus","0","4","0","0",NA,"0","0","0",NA,"0",NA,"Acrocephalidae",1,0,45,55,68,5,6.35,7.7,100,100,100,19.5,19.5,19.5,1.31,1.31,1.31,2.883229217,2.883229217,2.883229217,0.937049495,0.937049495,0.937049495
"Acrocephalus_scirpaceus","0","4","0","0",NA,"0","0","0",NA,"0",NA,"Acrocephalidae",0,NA,80,80,80,80,80,80,100,500,1000,20,260,500,0.01,0.25,0.8,2.99850075,0.23054755,0.119808307,0.99950025,0.999039385,0.998402556
"Acrocephalus_sechellensis","1","0","4","0",NA,"1","1",NA,NA,"1","1","Acrocephalidae",0,1,32,32,32,NA,NA,NA,NA,NA,NA,NA,NA,NA,NA,NA,NA,NA,NA,NA,NA,NA,NA
"Acrocephalus_stentoreus","0","2","0","0",NA,NA,NA,"0",NA,"0",NA,"Acrocephalidae",0,NA,15,15,15,NA,NA,NA,NA,NA,NA,NA,NA,NA,NA,NA,NA,NA,NA,NA,NA,NA,NA
"Agelaioides_badius","1","0","2","0",NA,NA,NA,"1",NA,"1",NA,"Icteridae",0,NA,NA,NA,NA,NA,NA,NA,NA,NA,NA,NA,NA,NA,NA,NA,NA,NA,NA,NA,NA,NA,NA
"Agelaius_assimilis","0","1","0","0",NA,NA,NA,"0",NA,NA,NA,"Icteridae",0,NA,NA,NA,NA,NA,NA,NA,NA,NA,NA,NA,NA,NA,NA,NA,NA,NA,NA,NA,NA,NA,NA
"Agelaius_humeralis","0","2","0","0",NA,NA,NA,"0",NA,"0",NA,"Icteridae",0,NA,NA,NA,NA,NA,NA,NA,NA,NA,NA,NA,NA,NA,NA,NA,NA,NA,NA,NA,NA,NA,NA
"Agelaius_phoeniceus","0","4","0","0",NA,"0","0","0",NA,"0",NA,"Icteridae",1,1,18.5,18.5,18.5,3,3,3,4,5,6,1.25,1.25,1.25,14,14,14,3.93442623,3.93442623,3.93442623,0.081967213,0.081967213,0.081967213
"Agelaius_tricolor","0","2","0","0",NA,NA,NA,"0",NA,"0",NA,"Icteridae",1,NA,NA,NA,NA,NA,NA,NA,NA,NA,NA,1.25,1.25,1.25,NA,NA,NA,NA,NA,NA,NA,NA,NA
"Agelaius_xanthomus","0","3","0","0",NA,"0",NA,"0",NA,"0",NA,"Icteridae",0,NA,NA,NA,NA,NA,NA,NA,NA,NA,NA,NA,NA,NA,NA,NA,NA,NA,NA,NA,NA,NA,NA
"Agelasticus_thilius","0","2","0","0",NA,NA,NA,"0",NA,"0",NA,"Icteridae",0,NA,17.9,17.9,17.9,NA,NA,NA,6,6,6,NA,NA,NA,NA,NA,NA,NA,NA,NA,NA,NA,NA
"Ailuroedus_crassirostris","0","2","0","0",NA,NA,NA,"0",NA,"0",NA,"Ptilonorhynchidae",0,NA,NA,NA,NA,NA,NA,NA,NA,NA,NA,NA,NA,NA,NA,NA,NA,NA,NA,NA,NA,NA,NA
"Ailuroedus_melanotis","0","2","0","0",NA,NA,NA,"0",NA,"0",NA,"Ptilonorhynchidae",0,NA,NA,NA,NA,NA,NA,NA,NA,NA,NA,NA,NA,NA,NA,NA,NA,NA,NA,NA,NA,NA,NA
"Aimophila_aestivalis","0","2","0","0",NA,NA,NA,"0",NA,"0",NA,"Passerellidae",0,NA,NA,NA,NA,2,2,2,20,20,20,0.55,0.55,0.55,10,10,10,5.687203791,5.687203791,5.687203791,0.052132701,0.052132701,0.052132701
"Aimophila_botterii","0","2","0","0",NA,NA,NA,"0",NA,"0",NA,"Passerellidae",0,NA,NA,NA,NA,NA,NA,NA,NA,NA,NA,NA,NA,NA,NA,NA,NA,NA,NA,NA,NA,NA,NA
"Aimophila_carpalis","0","2","0","0",NA,NA,NA,"0",NA,"0",NA,"Passerellidae",0,NA,NA,NA,NA,NA,NA,NA,NA,NA,NA,NA,NA,NA,NA,NA,NA,NA,NA,NA,NA,NA,NA
"Aimophila_humeralis","0","1","0","0",NA,NA,NA,"0",NA,NA,NA,"Passerellidae",NA,NA,NA,NA,NA,NA,NA,NA,NA,NA,NA,1.75,1.75,1.75,NA,NA,NA,NA,NA,NA,NA,NA,NA
"Aimophila_mystacalis","0","1","0","0",NA,NA,NA,"0",NA,NA,NA,"Passerellidae",0,NA,NA,NA,NA,NA,NA,NA,NA,NA,NA,NA,NA,NA,NA,NA,NA,NA,NA,NA,NA,NA,NA
"Aimophila_quinquestriata","0","2","0","0",NA,NA,NA,"0",NA,"0",NA,"Passerellidae",0,NA,NA,NA,NA,NA,NA,NA,75,75,75,NA,NA,NA,NA,NA,NA,NA,NA,NA,NA,NA,NA
"Alauda_arvensis","0","4","0","0",NA,"0","0","0",NA,"0",NA,"Alaudidae",0,NA,341,341,341,15,15,15,NA,NA,NA,NA,NA,NA,NA,NA,NA,NA,NA,NA,NA,NA,NA
"Alauda_razae","0","2","0","0",NA,NA,NA,"0",NA,"0",NA,"Alaudidae",0,NA,NA,NA,NA,NA,NA,NA,NA,NA,NA,NA,NA,NA,NA,NA,NA,NA,NA,NA,NA,NA,NA
"Alophoixus_finschii","0","2","0","0",NA,NA,NA,"0",NA,"0",NA,"Pycnonotidae",0,NA,NA,NA,NA,NA,NA,NA,NA,NA,NA,NA,NA,NA,NA,NA,NA,NA,NA,NA,NA,NA,NA
"Amblyospiza_albifrons","0","2","0","0",NA,NA,NA,"0",NA,"0",NA,"Ploceidae",1,NA,NA,NA,NA,NA,NA,NA,NA,NA,NA,NA,NA,NA,NA,NA,NA,NA,NA,NA,NA,NA,NA
"Amblyramphus_holosericeus","0","2","0","0",NA,NA,NA,"0",NA,"0",NA,"Icteridae",NA,NA,NA,NA,NA,NA,NA,NA,NA,NA,NA,NA,NA,NA,NA,NA,NA,NA,NA,NA,NA,NA,NA
"Ammodramus_bairdii","0","2","0","0",NA,NA,NA,"0",NA,"0",NA,"Passerellidae",0,NA,NA,NA,NA,NA,NA,NA,1,1,1,NA,NA,NA,NA,NA,NA,NA,NA,NA,NA,NA,NA
"Ammodramus_caudacutus","0","3","0","0",NA,NA,"0","0",NA,"0",NA,"Passerellidae",NA,NA,NA,NA,NA,NA,NA,NA,1,1,1,NA,NA,NA,NA,NA,NA,NA,NA,NA,NA,NA,NA
"Ammodramus_henslowii","0","1","0","0",NA,NA,NA,"0",NA,NA,NA,"Passerellidae",0,NA,NA,NA,NA,NA,NA,NA,NA,NA,NA,NA,NA,NA,NA,NA,NA,NA,NA,NA,NA,NA,NA
"Ammodramus_leconteii","0","2","0","0",NA,NA,NA,"0",NA,"0",NA,"Passerellidae",0,NA,NA,NA,NA,NA,NA,NA,NA,NA,NA,NA,NA,NA,NA,NA,NA,NA,NA,NA,NA,NA,NA
"Ammodramus_maritimus","0","4","0","0",NA,"0","0","0",NA,"0",NA,"Passerellidae",0,1,NA,NA,NA,3,3,3,4,4,4,1,1,1,4.4,4.4,4.4,11.11111111,11.11111111,11.11111111,0.185185185,0.185185185,0.185185185
"Ammodramus_savannarum","1","0","3","0",NA,NA,NA,"1",NA,"1","1","Passerellidae",0,NA,NA,NA,NA,NA,NA,NA,NA,NA,NA,NA,NA,NA,NA,NA,NA,NA,NA,NA,NA,NA,NA
"Ammomanes_deserti","0","1","0","0",NA,NA,NA,"0",NA,NA,NA,"Alaudidae",0,NA,NA,NA,NA,NA,NA,NA,NA,NA,NA,NA,NA,NA,NA,NA,NA,NA,NA,NA,NA,NA,NA
"Amphispiza_belli","0","2","0","0",NA,NA,NA,"0",NA,"0",NA,"Passerellidae",0,NA,NA,NA,NA,NA,NA,NA,1,1,1,NA,NA,NA,NA,NA,NA,NA,NA,NA,NA,NA,NA
"Amphispiza_bilineata","0","2","0","0",NA,NA,NA,"0",NA,"0",NA,"Passerellidae",0,NA,NA,NA,NA,NA,NA,NA,9,9,9,1.02,1.02,1.02,0.98,0.98,0.98,30,30,30,0.51,0.51,0.51
"Anaplectes_rubriceps","0","2","0","0",NA,NA,NA,"0",NA,"0",NA,"Ploceidae",1,NA,NA,NA,NA,NA,NA,NA,NA,NA,NA,NA,NA,NA,NA,NA,NA,NA,NA,NA,NA,NA,NA
"Andropadus_gracilis","0","1","0","0",NA,NA,NA,"0",NA,NA,NA,"Pycnonotidae",0,NA,NA,NA,NA,NA,NA,NA,NA,NA,NA,NA,NA,NA,NA,NA,NA,NA,NA,NA,NA,NA,NA
"Andropadus_importunus","0","2","0","0",NA,NA,NA,"0",NA,"0",NA,"Pycnonotidae",0,NA,NA,NA,NA,NA,NA,NA,NA,NA,NA,NA,NA,NA,NA,NA,NA,NA,NA,NA,NA,NA,NA
"Andropadus_milanjensis","0","2","0","0",NA,NA,NA,"0",NA,"0",NA,"Pycnonotidae",0,NA,NA,NA,NA,NA,NA,NA,NA,NA,NA,NA,NA,NA,NA,NA,NA,NA,NA,NA,NA,NA,NA
"Andropadus_nigriceps","0","1","0","0",NA,NA,NA,NA,NA,"0",NA,"Pycnonotidae",0,NA,NA,NA,NA,NA,NA,NA,NA,NA,NA,NA,NA,NA,10,10,10,NA,NA,NA,NA,NA,NA
"Anthoscopus_caroli","1","1","1","1",NA,NA,NA,"1",NA,"0",NA,"Remizidae",0,NA,NA,NA,NA,NA,NA,NA,NA,NA,NA,2.5,2.5,2.5,NA,NA,NA,NA,NA,NA,NA,NA,NA
"Anthoscopus_minutus","1","1","2","1",NA,NA,NA,"1",NA,"0","1","Remizidae",0,NA,NA,NA,NA,NA,NA,NA,NA,NA,NA,NA,NA,NA,NA,NA,NA,NA,NA,NA,NA,NA,NA
"Anthus_campestris","0","2","0","0",NA,NA,NA,"0",NA,"0",NA,"Motacillidae",0,NA,1,1,1,3,3,3,1,1,1,0.4,0.4,0.4,NA,NA,NA,NA,NA,NA,NA,NA,NA
"Anthus_chloris","0","1","0","0",NA,NA,NA,"0",NA,NA,NA,"Motacillidae",0,NA,NA,NA,NA,NA,NA,NA,NA,NA,NA,NA,NA,NA,NA,NA,NA,NA,NA,NA,NA,NA,NA
"Anthus_crenatus","0","2","0","0",NA,NA,NA,"0",NA,"0",NA,"Motacillidae",0,NA,NA,NA,NA,NA,NA,NA,NA,NA,NA,NA,NA,NA,NA,NA,NA,NA,NA,NA,NA,NA,NA
"Anthus_hoeschi","0","2","0","0",NA,NA,NA,"0",NA,"0",NA,"Motacillidae",0,NA,NA,NA,NA,NA,NA,NA,NA,NA,NA,NA,NA,NA,NA,NA,NA,NA,NA,NA,NA,NA,NA
"Anthus_leucophrys","0","2","0","0",NA,NA,NA,"0",NA,"0",NA,"Motacillidae",0,NA,NA,NA,NA,NA,NA,NA,NA,NA,NA,NA,NA,NA,NA,NA,NA,NA,NA,NA,NA,NA,NA
"Anthus_lineiventris","0","2","0","0",NA,NA,NA,"0",NA,"0",NA,"Motacillidae",0,NA,NA,NA,NA,NA,NA,NA,NA,NA,NA,NA,NA,NA,NA,NA,NA,NA,NA,NA,NA,NA,NA
"Anthus_lutescens","0","2","0","0",NA,NA,NA,"0",NA,"0",NA,"Motacillidae",0,NA,NA,NA,NA,NA,NA,NA,NA,NA,NA,NA,NA,NA,NA,NA,NA,NA,NA,NA,NA,NA,NA
"Anthus_melindae","0","2","0","0",NA,NA,NA,"0",NA,"0",NA,"Motacillidae",0,NA,NA,NA,NA,NA,NA,NA,NA,NA,NA,NA,NA,NA,NA,NA,NA,NA,NA,NA,NA,NA,NA
"Anthus_novaeseelandiae","0","2","0","0",NA,NA,NA,"0",NA,"0",NA,"Motacillidae",0,NA,NA,NA,NA,NA,NA,NA,NA,NA,NA,NA,NA,NA,NA,NA,NA,NA,NA,NA,NA,NA,NA
"Anthus_petrosus","0","2","0","0",NA,NA,NA,"0",NA,"0",NA,"Motacillidae",0,NA,NA,NA,NA,NA,NA,NA,NA,NA,NA,18,18,18,NA,NA,NA,NA,NA,NA,NA,NA,NA
"Anthus_pratensis","0","1","0","0",NA,NA,NA,"0",NA,NA,NA,"Motacillidae",0,NA,NA,NA,NA,NA,NA,NA,1,1,1,NA,NA,NA,NA,NA,NA,NA,NA,NA,NA,NA,NA
"Anthus_similis","0","2","0","0",NA,NA,NA,"0",NA,"0",NA,"Motacillidae",0,NA,NA,NA,NA,NA,NA,NA,NA,NA,NA,NA,NA,NA,NA,NA,NA,NA,NA,NA,NA,NA,NA
"Anthus_spinoletta","0","3","0","0",NA,"0",NA,"0",NA,"0",NA,"Motacillidae",0,0,5.1,5.1,5.1,3.2,5.1,7,1,1,1,10.5,10.57,10.64,NA,NA,NA,NA,NA,NA,NA,NA,NA
"Anthus_trivialis","0","1","0","0",NA,NA,NA,"0",NA,NA,NA,"Motacillidae",0,NA,11,11,11,6,6,6,NA,NA,NA,8,8,8,NA,NA,NA,NA,NA,NA,NA,NA,NA
"Anthus_vaalensis","0","1","0","0",NA,NA,NA,"0",NA,NA,NA,"Motacillidae",0,NA,NA,NA,NA,NA,NA,NA,NA,NA,NA,NA,NA,NA,NA,NA,NA,NA,NA,NA,NA,NA,NA
"Apalis_thoracica","0","2","0","0",NA,NA,NA,"0",NA,"0",NA,"Cisticolidae",0,NA,NA,NA,NA,NA,NA,NA,NA,NA,NA,15,15,15,NA,NA,NA,NA,NA,NA,NA,NA,NA
"Aphelocoma_californica","1","0","3","0",NA,NA,NA,"1",NA,"1","1","Corvidae",0,NA,NA,NA,NA,NA,NA,NA,NA,NA,NA,NA,NA,NA,NA,NA,NA,NA,NA,NA,NA,NA,NA
"Aphelocoma_coerulescens","1","0","6","0","1","1","1","1",NA,"1","1","Corvidae",0,0,NA,NA,NA,NA,NA,NA,NA,NA,NA,NA,NA,NA,NA,NA,NA,NA,NA,NA,NA,NA,NA
"Aphelocoma_insularis","0","2","0","0",NA,NA,NA,"0",NA,"0",NA,"Corvidae",0,NA,NA,NA,NA,NA,NA,NA,NA,NA,NA,10,10,10,NA,NA,NA,NA,NA,NA,NA,NA,NA
"Aphelocoma_ultramarina","1","0","6","0","1","1","1","1",NA,"1","1","Corvidae",NA,0,NA,NA,NA,NA,NA,NA,NA,NA,NA,NA,NA,NA,NA,NA,NA,NA,NA,NA,NA,NA,NA
"Aplonis_dichroa","0","1","0","0",NA,NA,NA,"0",NA,NA,NA,"Sturnidae",0,NA,NA,NA,NA,NA,NA,NA,NA,NA,NA,NA,NA,NA,NA,NA,NA,NA,NA,NA,NA,NA,NA
"Aplonis_opaca","0","2","0","0",NA,NA,NA,"0",NA,"0",NA,"Sturnidae",0,NA,NA,NA,NA,NA,NA,NA,NA,NA,NA,NA,NA,NA,NA,NA,NA,NA,NA,NA,NA,NA,NA
"Arremonops_rufivirgatus","0","2","0","0",NA,NA,NA,"0",NA,"0",NA,"Passerellidae",NA,NA,NA,NA,NA,NA,NA,NA,1,1,1,NA,NA,NA,NA,NA,NA,NA,NA,NA,NA,NA,NA
"Arses_telescophthalmus","0","2","0","0",NA,NA,NA,"0",NA,"0",NA,"Monarchidae",0,NA,NA,NA,NA,NA,NA,NA,NA,NA,NA,NA,NA,NA,NA,NA,NA,NA,NA,NA,NA,NA,NA
"Auriparus_flaviceps","0","2","0","0",NA,NA,NA,"0",NA,"0",NA,"Remizidae",0,NA,NA,NA,NA,NA,NA,NA,NA,NA,NA,NA,NA,NA,NA,NA,NA,NA,NA,NA,NA,NA,NA
"Automolus_ochrolaemus","0","2","0","0",NA,NA,NA,"0",NA,"0",NA,"Furnariidae",0,NA,NA,NA,NA,NA,NA,NA,NA,NA,NA,3,3,3,NA,NA,NA,NA,NA,NA,NA,NA,NA
"Automolus_rubiginosus","0","2","0","0",NA,NA,NA,"0",NA,"0",NA,"Furnariidae",0,NA,NA,NA,NA,NA,NA,NA,NA,NA,NA,NA,NA,NA,NA,NA,NA,NA,NA,NA,NA,NA,NA
"Baeolophus_atricristatus","0","2","0","0",NA,NA,NA,"0",NA,"0",NA,"Paridae",0,NA,NA,NA,NA,1,1,1,9,9,9,1.27,1.27,1.27,3.75,3.75,3.75,11.95219124,11.95219124,11.95219124,0.252988048,0.252988048,0.252988048
"Baeolophus_bicolor","1","1","2","1",NA,NA,"0","1",NA,"1",NA,"Paridae",0,1,NA,NA,NA,1.5,1.5,1.5,12,12.85,13.7,1.4,1.4,1.4,1,1,1,25,25,25,0.583333333,0.583333333,0.583333333
"Baeolophus_inornatus","0","2","0","0",NA,NA,NA,"0",NA,"0",NA,"Paridae",0,NA,NA,NA,NA,1.5,1.5,1.5,11,11,11,2.5,2.5,2.5,1,1,1,17.14285714,17.14285714,17.14285714,0.714285714,0.714285714,0.714285714
"Baeolophus_wollweberi","1","0","3","0","1",NA,NA,"1",NA,"1",NA,"Paridae",0,NA,NA,NA,NA,NA,NA,NA,2,2,2,NA,NA,NA,NA,NA,NA,NA,NA,NA,NA,NA,NA
"Batis_occulta",NA,"0","0","0",NA,NA,NA,NA,NA,NA,NA,"Platysteiridae",0,NA,NA,NA,NA,NA,NA,NA,NA,NA,NA,NA,NA,NA,NA,NA,NA,NA,NA,NA,NA,NA,NA
"Bleda_notatus",NA,NA,NA,NA,NA,NA,NA,NA,NA,NA,NA,"Pycnonotidae",0,NA,NA,NA,NA,NA,NA,NA,NA,NA,NA,NA,NA,NA,NA,NA,NA,NA,NA,NA,NA,NA,NA
"Bleda_syndactylus","0","2","0","0",NA,NA,NA,"0",NA,"0",NA,"Pycnonotidae",0,NA,NA,NA,NA,NA,NA,NA,NA,NA,NA,NA,NA,NA,NA,NA,NA,NA,NA,NA,NA,NA,NA
"Bombycilla_cedrorum","0","2","0","0",NA,NA,NA,"0",NA,"0",NA,"Bombycillidae",0,NA,NA,NA,NA,NA,NA,NA,NA,NA,NA,NA,NA,NA,NA,NA,NA,NA,NA,NA,NA,NA,NA
"Bombycilla_garrulus","0","2","0","0",NA,NA,NA,"0",NA,"0",NA,"Bombycillidae",0,NA,NA,NA,NA,NA,NA,NA,NA,NA,NA,NA,NA,NA,NA,NA,NA,NA,NA,NA,NA,NA,NA
"Bradornis_infuscatus","0","2","0","0",NA,NA,NA,"0",NA,"0",NA,"Muscicapidae",0,NA,NA,NA,NA,NA,NA,NA,NA,NA,NA,3.5,3.5,3.5,NA,NA,NA,NA,NA,NA,NA,NA,NA
"Bradornis_mariquensis","1","0","2","0",NA,NA,NA,"1",NA,"1",NA,"Muscicapidae",0,NA,NA,NA,NA,2,2,2,NA,NA,NA,NA,NA,NA,NA,NA,NA,NA,NA,NA,NA,NA,NA
"Bradornis_microrhynchus","0","2","0","0",NA,NA,NA,"0",NA,"0",NA,"Muscicapidae",0,NA,NA,NA,NA,NA,NA,NA,NA,NA,NA,NA,NA,NA,NA,NA,NA,NA,NA,NA,NA,NA,NA
"Bradornis_pallidus","1","1","1","1",NA,NA,NA,"1",NA,"0",NA,"Muscicapidae",0,NA,NA,NA,NA,NA,NA,NA,NA,NA,NA,NA,NA,NA,NA,NA,NA,NA,NA,NA,NA,NA,NA
"Bradypterus_baboecala","0","2","0","0",NA,NA,NA,"0",NA,"0",NA,"Locustellidae",0,NA,NA,NA,NA,NA,NA,NA,NA,NA,NA,10,10,10,NA,NA,NA,NA,NA,NA,NA,NA,NA
"Bradypterus_barratti","0","2","0","0",NA,NA,NA,"0",NA,"0",NA,"Locustellidae",0,NA,NA,NA,NA,NA,NA,NA,NA,NA,NA,NA,NA,NA,NA,NA,NA,NA,NA,NA,NA,NA,NA
"Bradypterus_cinnamomeus","0","2","0","0",NA,NA,NA,"0",NA,"0",NA,"Locustellidae",0,NA,NA,NA,NA,NA,NA,NA,NA,NA,NA,2,2,2,NA,NA,NA,NA,NA,NA,NA,NA,NA
"Bradypterus_graueri","0","1","0","0",NA,NA,NA,"0",NA,NA,NA,"Locustellidae",0,NA,NA,NA,NA,NA,NA,NA,NA,NA,NA,1.5,1.5,1.5,NA,NA,NA,NA,NA,NA,NA,NA,NA
"Bradypterus_lopezi","0","2","0","0",NA,NA,NA,"0",NA,"0",NA,"Locustellidae",0,NA,NA,NA,NA,NA,NA,NA,NA,NA,NA,NA,NA,NA,NA,NA,NA,NA,NA,NA,NA,NA,NA
"Bradypterus_sylvaticus","0","2","0","0",NA,NA,NA,"0",NA,"0",NA,"Locustellidae",0,NA,NA,NA,NA,NA,NA,NA,NA,NA,NA,6,6,6,NA,NA,NA,NA,NA,NA,NA,NA,NA
"Bradypterus_victorini","0","2","0","0",NA,NA,NA,"0",NA,"0",NA,"Macrosphenidae",0,NA,NA,NA,NA,NA,NA,NA,NA,NA,NA,NA,NA,NA,NA,NA,NA,NA,NA,NA,NA,NA,NA
"Bubalornis_albirostris","1","1","1","1",NA,NA,NA,"1",NA,"0",NA,"Ploceidae",1,NA,NA,NA,NA,NA,NA,NA,NA,NA,NA,NA,NA,NA,NA,NA,NA,NA,NA,NA,NA,NA,NA
"Bucanetes_githagineus","0","2","0","0",NA,NA,NA,"0",NA,"0",NA,"Fringillidae",0,NA,NA,NA,NA,NA,NA,NA,NA,NA,NA,NA,NA,NA,NA,NA,NA,NA,NA,NA,NA,NA,NA
"Buphagus_africanus","1","0","3","0",NA,NA,NA,"1",NA,"1","1","Buphagidae",0,NA,NA,NA,NA,NA,NA,NA,NA,NA,NA,NA,NA,NA,NA,NA,NA,NA,NA,NA,NA,NA,NA
"Buphagus_erythrorhynchus","1","0","2","0",NA,NA,NA,"1",NA,"1",NA,"Buphagidae",0,NA,NA,NA,NA,NA,NA,NA,NA,NA,NA,NA,NA,NA,NA,NA,NA,NA,NA,NA,NA,NA,NA
"Cacicus_cela","0","2","0","0",NA,NA,NA,"0",NA,"0",NA,"Icteridae",1,NA,26,26,26,NA,NA,NA,6.5,253.25,500,NA,NA,NA,NA,NA,NA,NA,NA,NA,NA,NA,NA
"Cacicus_chrysopterus","0","1","0","0",NA,NA,NA,"0",NA,NA,NA,"Icteridae",0,NA,NA,NA,NA,NA,NA,NA,NA,NA,NA,NA,NA,NA,NA,NA,NA,NA,NA,NA,NA,NA,NA
"Cacicus_haemorrhous","0","2","0","0",NA,NA,NA,"0",NA,"0",NA,"Icteridae",1,NA,NA,NA,NA,NA,NA,NA,NA,NA,NA,NA,NA,NA,NA,NA,NA,NA,NA,NA,NA,NA,NA
"Cacicus_solitarius","0","1","0","0",NA,NA,NA,"0",NA,NA,NA,"Icteridae",0,NA,NA,NA,NA,NA,NA,NA,NA,NA,NA,NA,NA,NA,NA,NA,NA,NA,NA,NA,NA,NA,NA
"Cacicus_uropygialis","0","2","0","0",NA,NA,NA,"0",NA,"0",NA,"Icteridae",0,NA,11.3,11.3,11.3,NA,NA,NA,12,12,12,NA,NA,NA,NA,NA,NA,NA,NA,NA,NA,NA,NA
"Calamospiza_melanocorys","1","0","2","0",NA,NA,NA,"1",NA,"1",NA,"Passerellidae",1,NA,NA,NA,NA,NA,NA,NA,NA,NA,NA,NA,NA,NA,NA,NA,NA,NA,NA,NA,NA,NA,NA
"Calandrella_cinerea","0","2","0","0",NA,NA,NA,"0",NA,"0",NA,"Alaudidae",0,NA,NA,NA,NA,NA,NA,NA,NA,NA,NA,NA,NA,NA,NA,NA,NA,NA,NA,NA,NA,NA,NA
"Calandrella_somalica","0","1","0","0",NA,NA,NA,"0",NA,NA,NA,"Alaudidae",0,NA,NA,NA,NA,NA,NA,NA,NA,NA,NA,NA,NA,NA,NA,NA,NA,NA,NA,NA,NA,NA,NA
"Calcarius_lapponicus","0","2","0","0",NA,NA,NA,"0",NA,"0",NA,"Calcariidae",0,NA,NA,NA,NA,16,16,16,1,1,1,2.25,2.25,2.25,NA,NA,NA,NA,NA,NA,NA,NA,NA
"Calcarius_mccownii","0","2","0","0",NA,NA,NA,"0",NA,"0",NA,"Calcariidae",0,NA,NA,NA,NA,NA,NA,NA,NA,NA,NA,NA,NA,NA,NA,NA,NA,NA,NA,NA,NA,NA,NA
"Calcarius_ornatus","0","3","0","0",NA,NA,"0","0",NA,"0",NA,"Calcariidae",0,1,NA,NA,NA,7.5,7.5,7.5,NA,NA,NA,2.25,2.375,2.5,NA,NA,NA,NA,NA,NA,NA,NA,NA
"Calcarius_pictus","1","1","4","1",NA,"0","1","1",NA,"1","1","Calcariidae",NA,0,10.1,10.1,10.1,10.1,10.1,10.1,1,1,1,1.63,1.63,1.63,NA,NA,NA,NA,NA,NA,NA,NA,NA
"Calicalicus_madagascariensis","0","2","0","0",NA,NA,NA,"0",NA,"0",NA,"Vangidae",0,NA,NA,NA,NA,NA,NA,NA,NA,NA,NA,NA,NA,NA,NA,NA,NA,NA,NA,NA,NA,NA,NA
"Callacanthis_burtoni","0","2","0","0",NA,NA,NA,"0",NA,"0",NA,"Fringillidae",0,NA,NA,NA,NA,NA,NA,NA,NA,NA,NA,NA,NA,NA,NA,NA,NA,NA,NA,NA,NA,NA,NA
"Calocitta_formosa","1","0","3","0",NA,NA,NA,"1",NA,"1","1","Corvidae",NA,0,NA,NA,NA,NA,NA,NA,NA,NA,NA,NA,NA,NA,NA,NA,NA,NA,NA,NA,NA,NA,NA
"Camaroptera_brachyura","0","2","0","0",NA,NA,NA,"0",NA,"0",NA,"Cisticolidae",0,NA,NA,NA,NA,NA,NA,NA,NA,NA,NA,2.1,2.1,2.1,NA,NA,NA,NA,NA,NA,NA,NA,NA
"Camaroptera_superciliaris","0","2","0","0",NA,NA,NA,"0",NA,"0",NA,"Cisticolidae",0,NA,NA,NA,NA,NA,NA,NA,NA,NA,NA,NA,NA,NA,NA,NA,NA,NA,NA,NA,NA,NA,NA
"Campephaga_phoenicea","0","2","0","0",NA,NA,NA,"0",NA,"0",NA,"Campephagidae",0,NA,NA,NA,NA,NA,NA,NA,NA,NA,NA,7.5,7.5,7.5,NA,NA,NA,NA,NA,NA,NA,NA,NA
"Campephaga_quiscalina","0","2","0","0",NA,NA,NA,"0",NA,"0",NA,"Campephagidae",0,NA,NA,NA,NA,NA,NA,NA,NA,NA,NA,NA,NA,NA,NA,NA,NA,NA,NA,NA,NA,NA,NA
"Campylorhynchus_brunneicapillus","1","0","2","0",NA,NA,NA,"1",NA,"1",NA,"Troglodytidae",0,NA,NA,NA,NA,1,1,1,NA,NA,NA,2.9,2.9,2.9,7.8,7.8,7.8,5.607476636,5.607476636,5.607476636,0.271028037,0.271028037,0.271028037
"Campylorhynchus_griseus","1","0","5","0",NA,"1","1","1",NA,"1","1","Troglodytidae",NA,0,NA,NA,NA,NA,NA,NA,NA,NA,NA,NA,NA,NA,NA,NA,NA,NA,NA,NA,NA,NA,NA
"Campylorhynchus_nuchalis","1","0","5","0",NA,"1","1","1",NA,"1","1","Troglodytidae",NA,0,NA,NA,NA,NA,NA,NA,5,5,5,NA,NA,NA,NA,NA,NA,NA,NA,NA,NA,NA,NA
"Cardinalis_cardinalis","0","3","0","0",NA,"0","0","0",NA,NA,NA,"Cardinalidae",0,1,14,14,14,1,1.75,2.5,9,13.835,18.67,1.8,1.8,1.8,6.9,6.9,6.9,6.896551724,6.896551724,6.896551724,0.206896552,0.206896552,0.206896552
"Carduelis_cannabina","0","4","0","0",NA,"0","0","0",NA,"0",NA,"Fringillidae",0,NA,NA,NA,NA,NA,NA,NA,NA,NA,NA,NA,NA,NA,NA,NA,NA,NA,NA,NA,NA,NA,NA
"Carduelis_carduelis","0","2","0","0",NA,NA,NA,"0",NA,"0",NA,"Fringillidae",0,NA,60,60,60,NA,NA,NA,NA,NA,NA,NA,NA,NA,NA,NA,NA,NA,NA,NA,NA,NA,NA
"Carduelis_chloris","0","2","0","0",NA,NA,NA,"0",NA,"0",NA,"Fringillidae",0,NA,32.5,32.5,32.5,3,3,3,22,261,500,100,500,1000,NA,NA,NA,NA,NA,NA,NA,NA,NA
"Carduelis_citrinella","0","2","0","0",NA,NA,NA,"0",NA,"0",NA,"Fringillidae",0,NA,NA,NA,NA,NA,NA,NA,NA,NA,NA,NA,NA,NA,NA,NA,NA,NA,NA,NA,NA,NA,NA
"Carduelis_flammea","0","1","0","0",NA,NA,NA,"0",NA,NA,NA,"Fringillidae",0,NA,NA,NA,NA,NA,NA,NA,16,16,16,100,100,100,NA,NA,NA,NA,NA,NA,NA,NA,NA
"Carduelis_flavirostris","0","2","0","0",NA,NA,NA,"0",NA,"0",NA,"Fringillidae",0,NA,NA,NA,NA,NA,NA,NA,NA,NA,NA,NA,NA,NA,NA,NA,NA,NA,NA,NA,NA,NA,NA
"Carduelis_hornemanni","0","1","0","0",NA,NA,NA,"0",NA,NA,NA,"Fringillidae",0,NA,NA,NA,NA,NA,NA,NA,NA,NA,NA,NA,NA,NA,NA,NA,NA,NA,NA,NA,NA,NA,NA
"Carduelis_lawrencei","0","1","0","0",NA,NA,NA,"0",NA,NA,NA,"Fringillidae",0,NA,NA,NA,NA,NA,NA,NA,NA,NA,NA,NA,NA,NA,NA,NA,NA,NA,NA,NA,NA,NA,NA
"Carduelis_pinus","0","2","0","0",NA,NA,NA,"0",NA,"0",NA,"Fringillidae",0,NA,NA,NA,NA,NA,NA,NA,NA,NA,NA,NA,NA,NA,NA,NA,NA,NA,NA,NA,NA,NA,NA
"Carduelis_psaltria","0","2","0","0",NA,NA,NA,"0",NA,"0",NA,"Fringillidae",0,NA,NA,NA,NA,NA,NA,NA,NA,NA,NA,NA,NA,NA,NA,NA,NA,NA,NA,NA,NA,NA,NA
"Carduelis_spinoides","0","2","0","0",NA,NA,NA,"0",NA,"0",NA,"Fringillidae",0,NA,NA,NA,NA,NA,NA,NA,NA,NA,NA,NA,NA,NA,NA,NA,NA,NA,NA,NA,NA,NA,NA
"Carduelis_spinus","0","2","0","0",NA,NA,NA,"0",NA,"0",NA,"Fringillidae",0,NA,NA,NA,NA,15,15,15,NA,NA,NA,100,500,1000,NA,NA,NA,NA,NA,NA,NA,NA,NA
"Carduelis_tristis","0","4","0","0",NA,"0","0","0",NA,"0",NA,"Fringillidae",0,1,33,33,33,NA,NA,NA,100,100,100,100,300,500,NA,NA,NA,NA,NA,NA,NA,NA,NA
"Carpodacus_cassinii","0","2","0","0",NA,NA,NA,"0",NA,"0",NA,"Fringillidae",0,NA,27,27,27,NA,NA,NA,86,86,86,NA,NA,NA,NA,NA,NA,NA,NA,NA,NA,NA,NA
"Carpodacus_erythrinus","0","3","0","0",NA,"0","0","0",NA,NA,NA,"Fringillidae",0,1,5.3,5.3,5.3,4.5,4.9,5.3,1,1,1,NA,NA,NA,NA,NA,NA,NA,NA,NA,NA,NA,NA
"Carpodacus_mexicanus","0","4","0","0",NA,"0","0","0",NA,"0",NA,"Fringillidae",0,1,38.8,41.3,43.23,1,1.3,15.5,4,4.25,4.5,1.9,1.9,1.9,4.9,4.9,4.9,8.823529412,8.823529412,8.823529412,0.279411765,0.279411765,0.279411765
"Carpodacus_puniceus","0","1","0","0",NA,NA,NA,"0",NA,NA,NA,"Fringillidae",0,NA,NA,NA,NA,NA,NA,NA,NA,NA,NA,NA,NA,NA,NA,NA,NA,NA,NA,NA,NA,NA,NA
"Carpodacus_purpureus","0","2","0","0",NA,NA,NA,"0",NA,"0",NA,"Fringillidae",0,NA,NA,NA,NA,15,15,15,NA,NA,NA,2,2,2,NA,NA,NA,NA,NA,NA,NA,NA,NA
"Carpodacus_roseus","0","1","0","0",NA,NA,NA,"0",NA,NA,NA,"Fringillidae",0,NA,NA,NA,NA,NA,NA,NA,NA,NA,NA,NA,NA,NA,NA,NA,NA,NA,NA,NA,NA,NA,NA
"Carpodacus_rubicilla","0","2","0","0",NA,NA,NA,"0",NA,"0",NA,"Fringillidae",0,NA,NA,NA,NA,NA,NA,NA,NA,NA,NA,NA,NA,NA,NA,NA,NA,NA,NA,NA,NA,NA,NA
"Carpodacus_synoicus","0","1","0","0",NA,NA,NA,"0",NA,NA,NA,"Fringillidae",0,NA,NA,NA,NA,NA,NA,NA,NA,NA,NA,NA,NA,NA,NA,NA,NA,NA,NA,NA,NA,NA,NA
"Catharus_fuscescens","0","2","0","0",NA,NA,NA,"0",NA,"0",NA,"Turdidae",0,NA,12,12,12,3,3,3,2,2,2,1.84,1.84,1.84,4.56,5.645,6.73,9.375,8.016032064,7.001166861,0.2875,0.245824983,0.21470245
"Catharus_guttatus","0","2","0","0",NA,NA,NA,"0",NA,"0",NA,"Turdidae",NA,NA,NA,NA,NA,4,4,4,13,13,13,1.59,1.59,1.59,3.71,5.345,6.98,11.32075472,8.651766402,7.001166861,0.3,0.22927181,0.185530922
"Catharus_minimus","0","2","0","0",NA,NA,NA,"0",NA,"0",NA,"Turdidae",0,NA,NA,NA,NA,NA,NA,NA,3,3,3,2.14,2.14,2.14,6.43,6.43,6.43,7.001166861,7.001166861,7.001166861,0.249708285,0.249708285,0.249708285
"Catharus_ustulatus","0","2","0","0",NA,NA,NA,"0",NA,"0",NA,"Turdidae",NA,NA,NA,NA,NA,6,6,6,5,5,5,2,2,2,5,5,5,8.571428571,8.571428571,8.571428571,0.285714286,0.285714286,0.285714286
"Catherpes_mexicanus","0","2","0","0",NA,NA,NA,"0",NA,"0",NA,"Troglodytidae",0,NA,NA,NA,NA,3,3,3,3,3,3,4.6,4.6,4.6,NA,NA,NA,NA,NA,NA,NA,NA,NA
"Cephalopyrus_flammiceps","0","2","0","0",NA,NA,NA,"0",NA,"0",NA,"unknown",0,NA,NA,NA,NA,NA,NA,NA,NA,NA,NA,NA,NA,NA,NA,NA,NA,NA,NA,NA,NA,NA,NA
"Cercomacra_tyrannina","0","4","0","0",NA,"0","0","0",NA,"0",NA,"Thamnophilidae",NA,0,NA,NA,NA,NA,NA,NA,NA,NA,NA,NA,NA,NA,NA,NA,NA,NA,NA,NA,NA,NA,NA
"Certhia_brachydactyla","0","2","0","0",NA,NA,NA,"0",NA,"0",NA,"Certhiidae",NA,NA,NA,NA,NA,NA,NA,NA,1,1.5,2,1.3,1.3,1.3,NA,NA,NA,NA,NA,NA,NA,NA,NA
"Certhia_familiaris","0","2","0","0",NA,NA,NA,"0",NA,"0",NA,"Certhiidae",0,NA,5,5,5,5,5,5,1,1,1,1.2,2.1,3,NA,NA,NA,NA,NA,NA,NA,NA,NA
"Certhilauda_albescens","0","2","0","0",NA,NA,NA,"0",NA,"0",NA,"Alaudidae",0,NA,NA,NA,NA,NA,NA,NA,NA,NA,NA,1.25,1.25,1.25,NA,NA,NA,NA,NA,NA,NA,NA,NA
"Certhilauda_barlowi",NA,NA,NA,NA,NA,NA,NA,NA,NA,NA,NA,"Alaudidae",0,NA,NA,NA,NA,NA,NA,NA,NA,NA,NA,1.75,1.75,1.75,NA,NA,NA,NA,NA,NA,NA,NA,NA
"Certhilauda_burra","0","2","0","0",NA,NA,NA,"0",NA,"0",NA,"Alaudidae",0,NA,NA,NA,NA,NA,NA,NA,NA,NA,NA,1.25,1.25,1.25,NA,NA,NA,NA,NA,NA,NA,NA,NA
"Certhilauda_chuana","0","1","0","0",NA,NA,NA,"0",NA,NA,NA,"Alaudidae",0,NA,NA,NA,NA,NA,NA,NA,NA,NA,NA,NA,NA,NA,NA,NA,NA,NA,NA,NA,NA,NA,NA
"Certhilauda_erythrochlamys","0","2","0","0",NA,NA,NA,"0",NA,"0",NA,"Alaudidae",0,NA,NA,NA,NA,NA,NA,NA,NA,NA,NA,2.25,2.25,2.25,NA,NA,NA,NA,NA,NA,NA,NA,NA
"Certhilauda_subcoronata",NA,NA,NA,NA,NA,NA,NA,NA,NA,NA,NA,"Alaudidae",0,NA,NA,NA,NA,NA,NA,NA,NA,NA,NA,NA,NA,NA,NA,NA,NA,NA,NA,NA,NA,NA,NA
"Cettia_cetti","0","2","0","0",NA,NA,NA,"0",NA,"0",NA,"Scotocercidae",0,NA,NA,NA,NA,4,4,4,NA,NA,NA,2,2,2,17.5,17.5,17.5,3.076923077,3.076923077,3.076923077,0.102564103,0.102564103,0.102564103
"Cettia_fortipes","0","1","0","0",NA,NA,NA,"0",NA,NA,NA,"Scotocercidae",0,NA,NA,NA,NA,NA,NA,NA,NA,NA,NA,NA,NA,NA,NA,NA,NA,NA,NA,NA,NA,NA,NA
"Chaetops_aurantius",NA,"0","0","0",NA,NA,NA,NA,NA,NA,NA,"Chaetopidae",0,NA,NA,NA,NA,NA,NA,NA,NA,NA,NA,NA,NA,NA,NA,NA,NA,NA,NA,NA,NA,NA,NA
"Chaetops_frenatus","1","0","3","0",NA,NA,NA,"1",NA,"1","1","Chaetopidae",0,NA,NA,NA,NA,NA,NA,NA,NA,NA,NA,NA,NA,NA,NA,NA,NA,NA,NA,NA,NA,NA,NA
"Chamaea_fasciata","0","2","0","0",NA,NA,NA,"0",NA,"0",NA,"Paradoxornithidae",0,NA,NA,NA,NA,NA,NA,NA,NA,NA,NA,3.5,3.5,3.5,NA,NA,NA,NA,NA,NA,NA,NA,NA
"Chasiempis_sandwichensis","0","1","0","0",NA,NA,NA,"0",NA,NA,NA,"Monarchidae",0,NA,NA,NA,NA,NA,NA,NA,NA,NA,NA,NA,NA,NA,NA,NA,NA,NA,NA,NA,NA,NA,NA
"Chlamydera_cerviniventris","0","2","0","0",NA,NA,NA,"0",NA,"0",NA,"Ptilonorhynchidae",1,NA,NA,NA,NA,NA,NA,NA,NA,NA,NA,NA,NA,NA,NA,NA,NA,NA,NA,NA,NA,NA,NA
"Chlamydera_guttata","0","2","0","0",NA,NA,NA,"0",NA,"0",NA,"Ptilonorhynchidae",1,NA,NA,NA,NA,NA,NA,NA,NA,NA,NA,NA,NA,NA,NA,NA,NA,NA,NA,NA,NA,NA,NA
"Chlamydera_lauterbachi","0","2","0","0",NA,NA,NA,"0",NA,"0",NA,"Ptilonorhynchidae",1,NA,NA,NA,NA,NA,NA,NA,NA,NA,NA,NA,NA,NA,NA,NA,NA,NA,NA,NA,NA,NA,NA
"Chlamydera_maculata","0","2","0","0",NA,NA,NA,"0",NA,"0",NA,"Ptilonorhynchidae",1,NA,NA,NA,NA,NA,NA,NA,NA,NA,NA,NA,NA,NA,NA,NA,NA,NA,NA,NA,NA,NA,NA
"Chlamydera_nuchalis","0","2","0","0",NA,NA,NA,"0",NA,"0",NA,"Ptilonorhynchidae",1,NA,NA,NA,NA,NA,NA,NA,NA,NA,NA,NA,NA,NA,NA,NA,NA,NA,NA,NA,NA,NA,NA
"Chlorocichla_flaviventris","0","2","0","0",NA,NA,NA,"0",NA,"0",NA,"Pycnonotidae",0,NA,NA,NA,NA,NA,NA,NA,NA,NA,NA,NA,NA,NA,NA,NA,NA,NA,NA,NA,NA,NA,NA
"Chloropeta_natalensis","0","2","0","0",NA,NA,NA,"0",NA,"0",NA,"Acrocephalidae",0,NA,NA,NA,NA,NA,NA,NA,NA,NA,NA,NA,NA,NA,NA,NA,NA,NA,NA,NA,NA,NA,NA
"Chondestes_grammacus","0","2","0","0",NA,NA,NA,"0",NA,"0",NA,"Passerellidae",0,NA,NA,NA,NA,NA,NA,NA,NA,NA,NA,NA,NA,NA,NA,NA,NA,NA,NA,NA,NA,NA,NA
"Chrysomus_icterocephalus","0","2","0","0",NA,NA,NA,"0",NA,"0",NA,"Icteridae",1,NA,NA,NA,NA,NA,NA,NA,NA,NA,NA,NA,NA,NA,NA,NA,NA,NA,NA,NA,NA,NA,NA
"Cicinnurus_magnificus","0","2","0","0",NA,NA,NA,"0",NA,"0",NA,"Paradisaeidae",1,NA,NA,NA,NA,NA,NA,NA,NA,NA,NA,NA,NA,NA,NA,NA,NA,NA,NA,NA,NA,NA,NA
"Cinclodes_albidiventris",NA,NA,NA,NA,NA,NA,NA,NA,NA,NA,NA,"Furnariidae",0,NA,NA,NA,NA,NA,NA,NA,NA,NA,NA,2,2,2,NA,NA,NA,NA,NA,NA,NA,NA,NA
"Cinclodes_albiventris",NA,NA,NA,NA,NA,NA,NA,NA,NA,NA,NA,"Furnariidae",0,NA,NA,NA,NA,NA,NA,NA,NA,NA,NA,3.5,3.5,3.5,NA,NA,NA,NA,NA,NA,NA,NA,NA
"Cinclodes_antarcticus","0","2","0","0",NA,NA,NA,"0",NA,"0",NA,"Furnariidae",0,NA,NA,NA,NA,NA,NA,NA,NA,NA,NA,NA,NA,NA,NA,NA,NA,NA,NA,NA,NA,NA,NA
"Cinclodes_comechingonus","0","2","0","0",NA,NA,NA,"0",NA,"0",NA,"Furnariidae",0,NA,NA,NA,NA,NA,NA,NA,NA,NA,NA,NA,NA,NA,NA,NA,NA,NA,NA,NA,NA,NA,NA
"Cinclodes_fuscus","0","2","0","0",NA,NA,NA,"0",NA,"0",NA,"Furnariidae",0,NA,NA,NA,NA,NA,NA,NA,NA,NA,NA,2,2,2,NA,NA,NA,NA,NA,NA,NA,NA,NA
"Cincloramphus_cruralis","0","2","0","0",NA,NA,NA,"0",NA,"0",NA,"Locustellidae",1,NA,NA,NA,NA,NA,NA,NA,NA,NA,NA,NA,NA,NA,NA,NA,NA,NA,NA,NA,NA,NA,NA
"Cinclus_cinclus","0","4","0","0",NA,"0","0","0",NA,"0",NA,"Cinclidae",1,NA,NA,NA,NA,12,12,12,NA,NA,NA,NA,NA,NA,NA,NA,NA,NA,NA,NA,NA,NA,NA
"Cinclus_mexicanus","0","2","0","0",NA,NA,NA,"0",NA,"0",NA,"Cinclidae",0,NA,NA,NA,NA,2,2,2,NA,NA,NA,NA,NA,NA,NA,NA,NA,NA,NA,NA,NA,NA,NA
"Cinclus_pallasii","0","2","0","0",NA,NA,NA,"0",NA,"0",NA,"Cinclidae",0,NA,NA,NA,NA,NA,NA,NA,NA,NA,NA,NA,NA,NA,NA,NA,NA,NA,NA,NA,NA,NA,NA
"Cinclus_schulzi","0","2","0","0",NA,NA,NA,"0",NA,"0",NA,"Cinclidae",0,NA,NA,NA,NA,NA,NA,NA,NA,NA,NA,NA,NA,NA,NA,NA,NA,NA,NA,NA,NA,NA,NA
"Cinnyricinclus_leucogaster","1","1","1","1",NA,NA,NA,"0","1",NA,NA,"Sturnidae",0,NA,NA,NA,NA,NA,NA,NA,NA,NA,NA,NA,NA,NA,NA,NA,NA,NA,NA,NA,NA,NA,NA
"Cisticola_anonymus","1","0","2","0",NA,NA,NA,"1",NA,"1",NA,"Cisticolidae",NA,NA,NA,NA,NA,NA,NA,NA,NA,NA,NA,1.25,1.25,1.25,NA,NA,NA,NA,NA,NA,NA,NA,NA
"Cisticola_ayresii","0","2","0","0",NA,NA,NA,"0",NA,"0",NA,"Cisticolidae",0,NA,NA,NA,NA,NA,NA,NA,NA,NA,NA,NA,NA,NA,NA,NA,NA,NA,NA,NA,NA,NA,NA
"Cisticola_brunnescens","1","0","1","0",NA,NA,NA,"1",NA,NA,NA,"Cisticolidae",0,NA,NA,NA,NA,NA,NA,NA,NA,NA,NA,NA,NA,NA,NA,NA,NA,NA,NA,NA,NA,NA,NA
"Cisticola_cinereolus","1","1","1","1",NA,NA,NA,"1",NA,"0",NA,"Cisticolidae",NA,NA,NA,NA,NA,NA,NA,NA,NA,NA,NA,1.75,1.75,1.75,NA,NA,NA,NA,NA,NA,NA,NA,NA
"Cisticola_exilis","0","2","0","0",NA,NA,NA,"0",NA,"0",NA,"Cisticolidae",NA,NA,NA,NA,NA,NA,NA,NA,NA,NA,NA,NA,NA,NA,1.5,1.5,1.5,NA,NA,NA,NA,NA,NA
"Cisticola_juncidis","0","2","0","0",NA,NA,NA,"0",NA,"0",NA,"Cisticolidae",1,NA,NA,NA,NA,2,2,2,1,1,1,0.8,1,1.2,1.6,1.6,1.6,25,23.07692308,21.42857143,0.333333333,0.384615385,0.428571429
"Cisticola_robustus","1","0","2","0",NA,NA,NA,"1",NA,"1",NA,"Cisticolidae",0,NA,NA,NA,NA,NA,NA,NA,NA,NA,NA,0.75,0.75,0.75,NA,NA,NA,NA,NA,NA,NA,NA,NA
"Cisticola_tinniens","0","2","0","0",NA,NA,NA,"0",NA,"0",NA,"Cisticolidae",0,NA,NA,NA,NA,NA,NA,NA,NA,NA,NA,0.9,0.9,0.9,NA,NA,NA,NA,NA,NA,NA,NA,NA
"Cistothorus_meridae","0","1","0","0",NA,NA,NA,"0",NA,NA,NA,"Troglodytidae",NA,NA,NA,NA,NA,NA,NA,NA,22.5,22.5,22.5,NA,NA,NA,NA,NA,NA,NA,NA,NA,NA,NA,NA
"Cistothorus_palustris","0","2","0","0",NA,NA,NA,"0",NA,"0",NA,"Troglodytidae",1,NA,NA,NA,NA,3,3,3,54,106.5,159,NA,NA,NA,NA,NA,NA,NA,NA,NA,NA,NA,NA
"Cistothorus_platensis","0","2","0","0",NA,NA,NA,"0",NA,"0",NA,"Troglodytidae",1,NA,NA,NA,NA,66,66,66,110,110,110,1.5,1.5,1.5,2.1,2.1,2.1,16.66666667,16.66666667,16.66666667,0.416666667,0.416666667,0.416666667
"Clypicterus_oseryi","0","1","0","0",NA,NA,NA,"0",NA,NA,NA,"Icteridae",1,NA,NA,NA,NA,NA,NA,NA,NA,NA,NA,NA,NA,NA,NA,NA,NA,NA,NA,NA,NA,NA,NA
"Coccothraustes_coccothraustes","0","2","0","0",NA,NA,NA,"0",NA,"0",NA,"Fringillidae",0,NA,NA,NA,NA,6,6,6,NA,NA,NA,NA,NA,NA,NA,NA,NA,NA,NA,NA,NA,NA,NA
"Conopophaga_lineata","0","2","0","0",NA,NA,NA,"0",NA,"0",NA,"Conopophaga",NA,NA,NA,NA,NA,NA,NA,NA,NA,NA,NA,2.75,2.75,2.75,NA,NA,NA,NA,NA,NA,NA,NA,NA
"Contopus_sordidulus","0","2","0","0",NA,NA,NA,"0",NA,"0",NA,"Tyrannidae",0,NA,NA,NA,NA,NA,NA,NA,NA,NA,NA,NA,NA,NA,NA,NA,NA,NA,NA,NA,NA,NA,NA
"Coracina_azurea","0","1","0","0",NA,NA,NA,"0",NA,NA,NA,"Campephagidae",0,NA,NA,NA,NA,NA,NA,NA,NA,NA,NA,NA,NA,NA,NA,NA,NA,NA,NA,NA,NA,NA,NA
"Coracina_cinerea","0","1","0","0",NA,NA,NA,"0",NA,NA,NA,"Campephagidae",0,NA,NA,NA,NA,NA,NA,NA,NA,NA,NA,NA,NA,NA,NA,NA,NA,NA,NA,NA,NA,NA,NA
"Corvus_brachyrhynchos","1","0","5","0",NA,"1","1","1",NA,"1","1","Corvidae",0,1,NA,NA,NA,NA,NA,NA,17,17,17,NA,NA,NA,NA,NA,NA,NA,NA,NA,NA,NA,NA
"Corvus_corone","1","0","4","0",NA,NA,"1","1",NA,"1","1","Corvidae",0,0,NA,NA,NA,NA,NA,NA,NA,NA,NA,NA,NA,NA,NA,NA,NA,NA,NA,NA,NA,NA,NA
"Corvus_monedula","0","4","0","0",NA,"0","0","0",NA,"0",NA,"Corvidae",0,0,NA,NA,NA,NA,NA,NA,NA,NA,NA,NA,NA,NA,NA,NA,NA,NA,NA,NA,NA,NA,NA
"Corvus_rhipidurus","0","2","0","0",NA,NA,NA,"0",NA,"0",NA,"Corvidae",0,NA,NA,NA,NA,NA,NA,NA,NA,NA,NA,NA,NA,NA,NA,NA,NA,NA,NA,NA,NA,NA,NA
"Cosmopsarus_regius","1","0","4","0",NA,NA,NA,"1","1","1","1","Sturnidae",0,NA,NA,NA,NA,NA,NA,NA,NA,NA,NA,NA,NA,NA,NA,NA,NA,NA,NA,NA,NA,NA,NA
"Cosmopsarus_unicolor","1","0","4","0",NA,NA,NA,"1","1","1","1","Sturnidae",0,NA,NA,NA,NA,NA,NA,NA,NA,NA,NA,NA,NA,NA,NA,NA,NA,NA,NA,NA,NA,NA,NA
"Cranioleuca_erythrops","0","2","0","0",NA,NA,NA,"0",NA,"0",NA,"Furnariidae",0,NA,NA,NA,NA,NA,NA,NA,NA,NA,NA,NA,NA,NA,NA,NA,NA,NA,NA,NA,NA,NA,NA
"Creatophora_cinerea","0","2","0","0",NA,NA,NA,"0",NA,"0",NA,"Sturnidae",0,NA,NA,NA,NA,NA,NA,NA,NA,NA,NA,20,20,20,NA,NA,NA,NA,NA,NA,NA,NA,NA
"Criniger_calurus","1","1","1","1",NA,NA,NA,"1",NA,"0",NA,"Pycnonotidae",0,NA,NA,NA,NA,NA,NA,NA,NA,NA,NA,NA,NA,NA,NA,NA,NA,NA,NA,NA,NA,NA,NA
"Culicicapa_ceylonensis","0","2","0","0",NA,NA,NA,"0",NA,"0",NA,"Stenostiridae",0,NA,NA,NA,NA,NA,NA,NA,NA,NA,NA,NA,NA,NA,NA,NA,NA,NA,NA,NA,NA,NA,NA
"Curaeus_curaeus","1","0","2","0",NA,NA,NA,"1",NA,"1",NA,"Icteridae",NA,NA,NA,NA,NA,NA,NA,NA,NA,NA,NA,NA,NA,NA,NA,NA,NA,NA,NA,NA,NA,NA,NA
"Cyanocitta_cristata","0","1","0","0",NA,NA,NA,"0",NA,NA,NA,"Corvidae",0,NA,NA,NA,NA,NA,NA,NA,NA,NA,NA,NA,NA,NA,NA,NA,NA,NA,NA,NA,NA,NA,NA
"Cyclarhis_gujanensis","0","2","0","0",NA,NA,NA,"0",NA,"0",NA,"Vireonidae",NA,NA,NA,NA,NA,NA,NA,NA,2,2,2,NA,NA,NA,NA,NA,NA,NA,NA,NA,NA,NA,NA
"Delichon_urbicum","0","4","0","0",NA,"0","0","0",NA,"0",NA,"Hirundinidae",0,1,NA,NA,NA,4,4,4,NA,NA,NA,NA,NA,NA,NA,NA,NA,NA,NA,NA,NA,NA,NA
"Dendroica_adelaidae","0","2","0","0",NA,NA,NA,"0",NA,"0",NA,"Parulidae",NA,NA,NA,NA,NA,NA,NA,NA,NA,NA,NA,NA,NA,NA,NA,NA,NA,NA,NA,NA,NA,NA,NA
"Dendroica_caerulescens","0","4","0","0",NA,"0","0","0",NA,"0",NA,"Parulidae",0,1,NA,NA,NA,NA,NA,NA,NA,NA,NA,NA,NA,NA,NA,NA,NA,NA,NA,NA,NA,NA,NA
"Dendroica_castanea","0","2","0","0",NA,NA,NA,"0",NA,"0",NA,"Parulidae",NA,NA,NA,NA,NA,2,2,2,2,2,2,1,0.98,1,5,5,5,10,10.03344482,10,0.166666667,0.163879599,0.166666667
"Dendroica_cerulea","0","2","0","0",NA,NA,NA,"0",NA,"0",NA,"Parulidae",1,1,NA,NA,NA,NA,NA,NA,NA,NA,NA,NA,NA,NA,NA,NA,NA,NA,NA,NA,NA,NA,NA
"Dendroica_coronata","0","2","0","0",NA,NA,NA,"0",NA,"0",NA,"Parulidae",NA,NA,NA,NA,NA,1.9,1.9,1.9,2,2,2,1.49,1.495,1.5,11.1,11.105,11.11,4.765687053,4.761904762,4.758128469,0.118347895,0.118650794,0.118953212
"Dendroica_discolor","0","1","0","0",NA,NA,NA,"0",NA,NA,NA,"Parulidae",1,NA,NA,NA,NA,6,6,6,3,6,9,NA,NA,NA,NA,NA,NA,NA,NA,NA,NA,NA,NA
"Dendroica_dominica","0","2","0","0",NA,NA,NA,"0",NA,"0",NA,"Parulidae",NA,NA,NA,NA,NA,NA,NA,NA,2,2,2,NA,NA,NA,NA,NA,NA,NA,NA,NA,NA,NA,NA
"Dendroica_fusca","0","2","0","0",NA,NA,NA,"0",NA,"0",NA,"Parulidae",0,NA,NA,NA,NA,3.2,3.2,3.2,2,2,2,1.49,1.495,1.5,4.35,4.375,4.4,10.2739726,10.22146508,10.16949153,0.255136986,0.254684838,0.254237288
"Dendroica_magnolia","0","2","0","0",NA,NA,NA,"0",NA,"0",NA,"Parulidae",NA,NA,NA,NA,NA,NA,NA,NA,2,2,2,NA,0.94,NA,8.33,8.33,8.33,6.472491909,6.472491909,6.472491909,0.101402373,0.101402373,0.101402373
"Dendroica_nigrescens","0","2","0","0",NA,NA,NA,"0",NA,"0",NA,"Parulidae",NA,NA,NA,NA,NA,4,4,4,2,2,2,1.4,1.4,1.4,NA,NA,NA,NA,NA,NA,NA,NA,NA
"Dendroica_palmarum","0","2","0","0",NA,NA,NA,"0",NA,"0",NA,"Parulidae",0,NA,NA,NA,NA,NA,NA,NA,NA,NA,NA,NA,NA,NA,NA,NA,NA,NA,NA,NA,NA,NA,NA
"Dendroica_pensylvanica","0","4","0","0",NA,"0","0","0",NA,"0",NA,"Parulidae",NA,1,5.4,10.75,16.1,3.5,3.5,3.5,5,5,5,1.27,1.285,1.3,7.1,7.12,7.14,7.168458781,7.138607971,7.109004739,0.151732378,0.152885187,0.154028436
"Dendroica_petechia","0","4","0","0",NA,"0","0","0",NA,"0",NA,"Parulidae",0,1,8.3,8.3,8.3,3.7,3.7,3.7,4,12,13,1.26,1.28,1.3,7.1,7.12,7.14,7.177033493,7.142857143,7.109004739,0.150717703,0.152380952,0.154028436
"Dendroica_striata","0","1","0","0",NA,NA,NA,"0",NA,NA,NA,"Parulidae",1,NA,NA,NA,NA,NA,NA,NA,NA,NA,NA,NA,NA,NA,NA,NA,NA,NA,NA,NA,NA,NA,NA
"Dendroica_tigrina","0","2","0","0",NA,NA,NA,"0",NA,"0",NA,"Parulidae",NA,NA,NA,NA,NA,1.2,1.2,1.2,3,3,3,1,1.01,1.02,5.88,5.89,5.9,8.720930233,8.695652174,8.670520231,0.145348837,0.146376812,0.147398844
"Dendroica_townsendi","0","2","0","0",NA,NA,NA,"0",NA,"0",NA,"Parulidae",NA,NA,NA,NA,NA,3,3,3,NA,NA,NA,1.4,1.4,1.4,NA,NA,NA,NA,NA,NA,NA,NA,NA
"Dendroica_virens","0","2","0","0",NA,NA,NA,"0",NA,"0",NA,"Parulidae",0,NA,NA,NA,NA,2.4,2.4,2.4,2,2,2,1.5,1.51,1.52,8.3,8.315,8.33,6.12244898,6.106870229,6.091370558,0.153061224,0.153689567,0.154314721
"Dendronanthus_indicus","0","2","0","0",NA,NA,NA,"0",NA,"0",NA,"Motacillidae",0,NA,NA,NA,NA,NA,NA,NA,NA,NA,NA,NA,NA,NA,NA,NA,NA,NA,NA,NA,NA,NA,NA
"Dicrurus_adsimilis","0","2","0","0",NA,NA,NA,"0",NA,"0",NA,"Dicruridae",0,NA,NA,NA,NA,NA,NA,NA,NA,NA,NA,NA,NA,NA,NA,NA,NA,NA,NA,NA,NA,NA,NA
"Dicrurus_forficatus","0","2","0","0",NA,NA,NA,"0",NA,"0",NA,"Dicruridae",0,NA,NA,NA,NA,NA,NA,NA,NA,NA,NA,NA,NA,NA,NA,NA,NA,NA,NA,NA,NA,NA,NA
"Dicrurus_ludwigii","0","1","0","0",NA,NA,NA,"0",NA,NA,NA,"Dicruridae",0,NA,NA,NA,NA,NA,NA,NA,NA,NA,NA,NA,NA,NA,NA,NA,NA,NA,NA,NA,NA,NA,NA
"Dinemellia_dinemelli","1","1","1","1",NA,NA,NA,"1",NA,"0",NA,"Ploceidae",0,NA,NA,NA,NA,NA,NA,NA,NA,NA,NA,NA,NA,NA,NA,NA,NA,NA,NA,NA,NA,NA,NA
"Dioptrornis_fischeri","0","1","0","0",NA,NA,NA,NA,NA,"0",NA,"Muscicapidae",0,NA,NA,NA,NA,NA,NA,NA,NA,NA,NA,NA,NA,NA,NA,NA,NA,NA,NA,NA,NA,NA,NA
"Dives_dives","0","2","0","0",NA,NA,NA,"0",NA,"0",NA,"Icteridae",0,NA,NA,NA,NA,NA,NA,NA,NA,NA,NA,NA,NA,NA,NA,NA,NA,NA,NA,NA,NA,NA,NA
"Dolichonyx_oryzivorus","1","1","2","1",NA,NA,"0","1",NA,"1",NA,"Icteridae",1,1,NA,NA,NA,9,9.5,10,10,10,10,3.5,4.625,5.75,NA,NA,NA,NA,NA,NA,NA,NA,NA
"Drymodes_brunneopygia","0","1","0","0",NA,NA,NA,"0",NA,NA,NA,"Petroicidae",0,NA,NA,NA,NA,NA,NA,NA,NA,NA,NA,NA,NA,NA,NA,NA,NA,NA,NA,NA,NA,NA,NA
"Dryoscopus_cubla","0","1","0","0",NA,NA,NA,"0",NA,NA,NA,"Malaconotidae",0,NA,NA,NA,NA,NA,NA,NA,NA,NA,NA,NA,NA,NA,NA,NA,NA,NA,NA,NA,NA,NA,NA
"Dumetella_carolinensis","0","3","0","0",NA,"0",NA,"0",NA,"0",NA,"Mimidae",0,NA,328,328,328,100,500,1000,100,500,1000,0.27,0.27,0.27,0.19,0.19,0.19,130.4347826,130.4347826,130.4347826,0.586956522,0.586956522,0.586956522
"Elaenia_chiriquensis","0","3","0","0",NA,"0",NA,"0",NA,"0",NA,"Tyrannidae",NA,1,NA,NA,NA,NA,NA,NA,NA,NA,NA,NA,NA,NA,NA,NA,NA,NA,NA,NA,NA,NA,NA
"Elminia_albicauda","1","0","1","0",NA,NA,NA,"1",NA,NA,NA,"Stenostiridae",0,NA,NA,NA,NA,NA,NA,NA,NA,NA,NA,NA,NA,NA,NA,NA,NA,NA,NA,NA,NA,NA,NA
"Elminia_albiventris","0","2","0","0",NA,NA,NA,"0",NA,"0",NA,"Stenostiridae",0,NA,NA,NA,NA,NA,NA,NA,NA,NA,NA,NA,NA,NA,NA,NA,NA,NA,NA,NA,NA,NA,NA
"Elminia_albonotata","0","2","0","0",NA,NA,NA,"0",NA,"0",NA,"Stenostiridae",0,NA,NA,NA,NA,NA,NA,NA,NA,NA,NA,NA,NA,NA,NA,NA,NA,NA,NA,NA,NA,NA,NA
"Elminia_nigromitrata","0","2","0","0",NA,NA,NA,"0",NA,"0",NA,"Stenostiridae",0,NA,NA,NA,NA,NA,NA,NA,NA,NA,NA,NA,NA,NA,NA,NA,NA,NA,NA,NA,NA,NA,NA
"Emberiza_cabanisi","0","2","0","0",NA,NA,NA,"0",NA,"0",NA,"Emberizidae",0,NA,NA,NA,NA,NA,NA,NA,NA,NA,NA,NA,NA,NA,NA,NA,NA,NA,NA,NA,NA,NA,NA
"Emberiza_capensis","0","2","0","0",NA,NA,NA,"0",NA,"0",NA,"Emberizidae",0,NA,NA,NA,NA,NA,NA,NA,NA,NA,NA,NA,NA,NA,NA,NA,NA,NA,NA,NA,NA,NA,NA
"Emberiza_cia","0","2","0","0",NA,NA,NA,"0",NA,"0",NA,"Emberizidae",NA,NA,NA,NA,NA,NA,NA,NA,NA,NA,NA,1.5,1.5,1.5,6,6,6,8,8,8,0.2,0.2,0.2
"Emberiza_cioides","0","2","0","0",NA,NA,NA,"0",NA,"0",NA,"Emberizidae",0,NA,NA,NA,NA,NA,NA,NA,NA,NA,NA,NA,NA,NA,NA,NA,NA,NA,NA,NA,NA,NA,NA
"Emberiza_cirlus","0","2","0","0",NA,NA,NA,"0",NA,"0",NA,"Emberizidae",0,NA,NA,NA,NA,2,2,2,3,3.25,3.5,0.43,0.43,0.43,0.32,0.32,0.32,80,80,80,0.573333333,0.573333333,0.573333333
"Emberiza_citrinella","0","4","0","0",NA,"0","0","0",NA,"0",NA,"Emberizidae",0,1,4.1,4.5,5,3,3,3,2.05,2.24,2.5,2.1,2.1,2.1,7.01,7.01,7.01,6.586169045,6.586169045,6.586169045,0.230515917,0.230515917,0.230515917
"Emberiza_elegans","0","1","0","0",NA,NA,NA,"0",NA,NA,NA,"Emberizidae",NA,NA,109,109,109,NA,NA,NA,NA,NA,NA,NA,NA,NA,NA,NA,NA,NA,NA,NA,NA,NA,NA
"Emberiza_flaviventris","0","2","0","0",NA,NA,NA,"0",NA,"0",NA,"Emberizidae",0,NA,NA,NA,NA,NA,NA,NA,NA,NA,NA,NA,NA,NA,NA,NA,NA,NA,NA,NA,NA,NA,NA
"Emberiza_hortulana","0","2","0","0",NA,NA,NA,"0",NA,"0",NA,"Emberizidae",0,NA,4.2,4.2,4.2,2,2.5,3,2.5,2.75,3,1.5,1.5,1.5,9,9,9,5.714285714,5.714285714,5.714285714,0.142857143,0.142857143,0.142857143
"Emberiza_impetuani","0","2","0","0",NA,NA,NA,"0",NA,"0",NA,"Emberizidae",0,NA,NA,NA,NA,NA,NA,NA,NA,NA,NA,3,3,3,NA,NA,NA,NA,NA,NA,NA,NA,NA
"Emberiza_schoeniclus","0","4","0","0",NA,"0","0","0",NA,"0",NA,"Emberizidae",0,1,6.3,18.15,30,3,3,3,15,17.5,20,1.98,1.98,1.98,4.02,4.02,4.02,10,10,10,0.33,0.33,0.33
"Emberiza_striolata","0","2","0","0",NA,NA,NA,"0",NA,"0",NA,"Emberizidae",0,NA,NA,NA,NA,2.5,2.5,2.5,NA,NA,NA,1.75,1.75,1.75,NA,NA,NA,NA,NA,NA,NA,NA,NA
"Emberiza_tahapisi","0","2","0","0",NA,NA,NA,"0",NA,"0",NA,"Emberizidae",0,NA,NA,NA,NA,NA,NA,NA,NA,NA,NA,NA,NA,NA,NA,NA,NA,NA,NA,NA,NA,NA,NA
"Empidonax_alnorum","0","2","0","0",NA,NA,NA,"0",NA,"0",NA,"Tyrannidae",NA,NA,NA,NA,NA,NA,NA,NA,1,1,1,NA,NA,NA,NA,NA,NA,NA,NA,NA,NA,NA,NA
"Empidonax_difficilis","0","2","0","0",NA,NA,NA,"0",NA,"0",NA,"Tyrannidae",NA,NA,NA,NA,NA,3,3,3,3,3,3,2,2,2,7,7,7,6.666666667,6.666666667,6.666666667,0.222222222,0.222222222,0.222222222
"Empidonax_flaviventris","0","2","0","0",NA,NA,NA,"0",NA,"0",NA,"Tyrannidae",NA,NA,NA,NA,NA,3,3,3,NA,NA,NA,NA,NA,NA,NA,NA,NA,NA,NA,NA,NA,NA,NA
"Empidonax_minimus","0","3","0","0",NA,"0",NA,"0",NA,"0",NA,"Tyrannidae",0,1,NA,NA,NA,NA,NA,NA,NA,NA,NA,NA,NA,NA,NA,NA,NA,NA,NA,NA,NA,NA,NA
"Empidonax_traillii","0","4","0","0",NA,"0","0","0",NA,"0",NA,"Tyrannidae",1,1,NA,NA,NA,2,2,2,3,3,3,0.96,0.96,0.96,NA,NA,NA,NA,NA,NA,NA,NA,NA
"Empidonax_virescens","0","4","0","0",NA,"0","0","0",NA,"0",NA,"Tyrannidae",0,1,NA,NA,NA,3,3,3,3,3,3,NA,NA,NA,NA,NA,NA,NA,NA,NA,NA,NA,NA
"Empidornis_semipartitus","0","2","0","0",NA,NA,NA,"0",NA,"0",NA,"Muscicapidae",0,NA,NA,NA,NA,NA,NA,NA,NA,NA,NA,NA,NA,NA,NA,NA,NA,NA,NA,NA,NA,NA,NA
"Eopsaltria_australis","1","0","4","0","1",NA,NA,"1",NA,"1","1","Petroicidae",0,NA,NA,NA,NA,NA,NA,NA,NA,NA,NA,NA,NA,NA,NA,NA,NA,NA,NA,NA,NA,NA,NA
"Epimachus_albertisi","0","2","0","0",NA,NA,NA,"0",NA,"0",NA,"Paradisaeidae",1,NA,NA,NA,NA,NA,NA,NA,2,2,2,NA,NA,NA,NA,NA,NA,NA,NA,NA,NA,NA,NA
"Epimachus_fastuosus","0","2","0","0",NA,NA,NA,"0",NA,"0",NA,"Paradisaeidae",1,NA,NA,NA,NA,NA,NA,NA,NA,NA,NA,NA,NA,NA,NA,NA,NA,NA,NA,NA,NA,NA,NA
"Epimachus_meyeri","0","2","0","0",NA,NA,NA,"0",NA,"0",NA,"Paradisaeidae",1,NA,NA,NA,NA,NA,NA,NA,NA,NA,NA,NA,NA,NA,NA,NA,NA,NA,NA,NA,NA,NA,NA
"Eremalauda_starki","0","2","0","0",NA,NA,NA,"0",NA,"0",NA,"Alaudidae",0,NA,NA,NA,NA,NA,NA,NA,NA,NA,NA,NA,NA,NA,NA,NA,NA,NA,NA,NA,NA,NA,NA
"Eremomela_icteropygialis","1","0","1","0",NA,NA,NA,"1",NA,NA,NA,"Cisticolidae",0,NA,NA,NA,NA,NA,NA,NA,NA,NA,NA,NA,NA,NA,NA,NA,NA,NA,NA,NA,NA,NA,NA
"Eremophila_alpestris","0","1","0","0",NA,NA,NA,"0",NA,NA,NA,"Alaudidae",NA,NA,NA,NA,NA,NA,NA,NA,2,2,2,NA,NA,NA,NA,NA,NA,NA,NA,NA,NA,NA,NA
"Eremopsaltria_mongolicus","0","2","0","0",NA,NA,NA,"0",NA,"0",NA,"Fringillidae",0,NA,NA,NA,NA,NA,NA,NA,NA,NA,NA,NA,NA,NA,NA,NA,NA,NA,NA,NA,NA,NA,NA
"Eremopterix_australis","0","2","0","0",NA,NA,NA,"0",NA,"0",NA,"Alaudidae",0,NA,NA,NA,NA,NA,NA,NA,NA,NA,NA,NA,NA,NA,NA,NA,NA,NA,NA,NA,NA,NA,NA
"Eremopterix_leucopareia","0","2","0","0",NA,NA,NA,"0",NA,"0",NA,"Alaudidae",0,NA,NA,NA,NA,NA,NA,NA,NA,NA,NA,NA,NA,NA,NA,NA,NA,NA,NA,NA,NA,NA,NA
"Eremopterix_leucotis","0","2","0","0",NA,NA,NA,"0",NA,"0",NA,"Alaudidae",0,NA,NA,NA,NA,NA,NA,NA,NA,NA,NA,NA,NA,NA,NA,NA,NA,NA,NA,NA,NA,NA,NA
"Eremopterix_nigriceps","0","2","0","0",NA,NA,NA,"0",NA,"0",NA,"Alaudidae",0,NA,NA,NA,NA,NA,NA,NA,NA,NA,NA,NA,NA,NA,NA,NA,NA,NA,NA,NA,NA,NA,NA
"Eremopterix_verticalis","0","2","0","0",NA,NA,NA,"0",NA,"0",NA,"Alaudidae",0,NA,NA,NA,NA,NA,NA,NA,NA,NA,NA,NA,NA,NA,NA,NA,NA,NA,NA,NA,NA,NA,NA
"Erithacus_rubecula","0","2","0","0",NA,NA,"0","0",NA,NA,NA,"Muscicapidae",0,1,NA,NA,NA,4,4,4,100,500,1000,2.18,2.18,2.18,3.27,3.27,3.27,11.00917431,11.00917431,11.00917431,0.4,0.4,0.4
"Euphagus_carolinus","0","2","0","0",NA,NA,NA,"0",NA,"0",NA,"Icteridae",NA,NA,NA,NA,NA,NA,NA,NA,2,2,2,NA,NA,NA,NA,NA,NA,NA,NA,NA,NA,NA,NA
"Euphagus_cyanocephalus","0","2","0","0",NA,NA,NA,"0",NA,"0",NA,"Icteridae",1,NA,5,5,5,NA,NA,NA,4,4,4,NA,NA,NA,NA,NA,NA,NA,NA,NA,NA,NA,NA
"Euplectes_afer","0","2","0","0",NA,NA,NA,"0",NA,"0",NA,"Ploceidae",1,NA,NA,NA,NA,NA,NA,NA,NA,NA,NA,NA,NA,NA,NA,NA,NA,NA,NA,NA,NA,NA,NA
"Euplectes_albonotatus","0","2","0","0",NA,NA,NA,"0",NA,"0",NA,"Ploceidae",1,NA,NA,NA,NA,NA,NA,NA,NA,NA,NA,NA,NA,NA,NA,NA,NA,NA,NA,NA,NA,NA,NA
"Euplectes_ardens","0","2","0","0",NA,NA,NA,"0",NA,"0",NA,"Ploceidae",1,NA,NA,NA,NA,NA,NA,NA,NA,NA,NA,NA,NA,NA,NA,NA,NA,NA,NA,NA,NA,NA,NA
"Euplectes_aureus","0","2","0","0",NA,NA,NA,"0",NA,"0",NA,"Ploceidae",1,NA,NA,NA,NA,NA,NA,NA,NA,NA,NA,NA,NA,NA,NA,NA,NA,NA,NA,NA,NA,NA,NA
"Euplectes_axillaris","0","2","0","0",NA,NA,NA,"0",NA,"0",NA,"Ploceidae",1,NA,NA,NA,NA,NA,NA,NA,NA,NA,NA,NA,NA,NA,NA,NA,NA,NA,NA,NA,NA,NA,NA
"Euplectes_capensis","0","2","0","0",NA,NA,NA,"0",NA,"0",NA,"Ploceidae",1,NA,NA,NA,NA,NA,NA,NA,NA,NA,NA,NA,NA,NA,NA,NA,NA,NA,NA,NA,NA,NA,NA
"Euplectes_franciscanus","0","2","0","0",NA,NA,NA,"0",NA,"0",NA,"Ploceidae",1,NA,NA,NA,NA,NA,NA,NA,NA,NA,NA,NA,NA,NA,NA,NA,NA,NA,NA,NA,NA,NA,NA
"Euplectes_gierowii","0","2","0","0",NA,NA,NA,"0",NA,"0",NA,"Ploceidae",1,NA,NA,NA,NA,NA,NA,NA,NA,NA,NA,NA,NA,NA,NA,NA,NA,NA,NA,NA,NA,NA,NA
"Euplectes_hartlaubi","0","2","0","0",NA,NA,NA,"0",NA,"0",NA,"Ploceidae",1,NA,NA,NA,NA,NA,NA,NA,NA,NA,NA,NA,NA,NA,NA,NA,NA,NA,NA,NA,NA,NA,NA
"Euplectes_hordeaceus","0","2","0","0",NA,NA,NA,"0",NA,"0",NA,"Ploceidae",1,NA,NA,NA,NA,NA,NA,NA,NA,NA,NA,NA,NA,NA,NA,NA,NA,NA,NA,NA,NA,NA,NA
"Euplectes_jacksoni","0","2","0","0",NA,NA,NA,"0",NA,"0",NA,"Ploceidae",1,NA,NA,NA,NA,NA,NA,NA,NA,NA,NA,NA,NA,NA,NA,NA,NA,NA,NA,NA,NA,NA,NA
"Euplectes_macroura","0","2","0","0",NA,NA,NA,"0",NA,"0",NA,"Ploceidae",1,NA,NA,NA,NA,NA,NA,NA,NA,NA,NA,NA,NA,NA,NA,NA,NA,NA,NA,NA,NA,NA,NA
"Euplectes_nigroventris","0","2","0","0",NA,NA,NA,"0",NA,"0",NA,"Ploceidae",1,NA,NA,NA,NA,NA,NA,NA,NA,NA,NA,NA,NA,NA,NA,NA,NA,NA,NA,NA,NA,NA,NA
"Euplectes_orix","0","4","0","0",NA,"0","0","0",NA,"0",NA,"Ploceidae",1,1,NA,NA,NA,NA,NA,NA,NA,NA,NA,NA,NA,NA,NA,NA,NA,NA,NA,NA,NA,NA,NA
"Euplectes_progne","0","2","0","0",NA,NA,NA,"0",NA,"0",NA,"Ploceidae",1,NA,NA,NA,NA,NA,NA,NA,NA,NA,NA,NA,NA,NA,NA,NA,NA,NA,NA,NA,NA,NA,NA
"Euryceros_prevostii","0","2","0","0",NA,NA,NA,"0",NA,"0",NA,"Vangidae",0,NA,NA,NA,NA,NA,NA,NA,NA,NA,NA,NA,NA,NA,NA,NA,NA,NA,NA,NA,NA,NA,NA
"Ficedula_albicollis","0","3","0","0",NA,"0","0","0",NA,NA,NA,"Muscicapidae",1,1,26.9,31.4,31.4,6.95,7.675,8.4,100,500,1000,2.95,2.95,2.95,18.88,18.88,18.88,2.748511223,2.748511223,2.748511223,0.135135135,0.135135135,0.135135135
"Ficedula_hypoleuca","0","3","0","0",NA,"0","0","0",NA,NA,NA,"Muscicapidae",1,1,27,28.4,29.8,4.66,6.83,9,100,100,100,2,2,2,6.11,6.11,6.11,7.398273736,7.398273736,7.398273736,0.246609125,0.246609125,0.246609125
"Ficedula_parva","0","3","0","0",NA,"0",NA,"0",NA,"0",NA,"Muscicapidae",0,NA,NA,NA,NA,NA,NA,NA,NA,NA,NA,NA,NA,NA,NA,NA,NA,NA,NA,NA,NA,NA,NA
"Ficedula_semitorquata","0","2","0","0",NA,NA,NA,"0",NA,"0",NA,"Muscicapidae",NA,NA,NA,NA,NA,NA,NA,NA,NA,NA,NA,2.5,2.5,2.5,NA,NA,NA,NA,NA,NA,NA,NA,NA
"Ficedula_zanthopygia","0","2","0","0",NA,NA,NA,"0",NA,"0",NA,"Muscicapidae",NA,1,NA,NA,NA,NA,NA,NA,NA,NA,NA,NA,NA,NA,NA,NA,NA,NA,NA,NA,NA,NA,NA
"Foudia_eminentissima","0","2","0","0",NA,NA,NA,"0",NA,"0",NA,"Ploceidae",0,NA,NA,NA,NA,NA,NA,NA,NA,NA,NA,NA,NA,NA,NA,NA,NA,NA,NA,NA,NA,NA,NA
"Foudia_flavicans","0","1","0","0",NA,NA,NA,"0",NA,NA,NA,"Ploceidae",0,NA,NA,NA,NA,NA,NA,NA,NA,NA,NA,NA,NA,NA,NA,NA,NA,NA,NA,NA,NA,NA,NA
"Foudia_madagascariensis","0","2","0","0",NA,NA,NA,"0",NA,"0",NA,"Ploceidae",0,NA,NA,NA,NA,NA,NA,NA,NA,NA,NA,NA,NA,NA,NA,NA,NA,NA,NA,NA,NA,NA,NA
"Foudia_rubra","0","1","0","0",NA,NA,NA,"0",NA,NA,NA,"Ploceidae",0,NA,NA,NA,NA,NA,NA,NA,NA,NA,NA,NA,NA,NA,NA,NA,NA,NA,NA,NA,NA,NA,NA
"Foudia_sechellarum",NA,"0","0","0",NA,NA,NA,NA,NA,NA,NA,"Ploceidae",0,NA,NA,NA,NA,NA,NA,NA,NA,NA,NA,NA,NA,NA,NA,NA,NA,NA,NA,NA,NA,NA,NA
"Fringilla_coelebs","0","4","0","0",NA,"0","0","0",NA,"0",NA,"Fringillidae",0,1,17.8,17.9,18,5,5,5,2.5,2.75,3,2.1,2.1,2.1,8.09,8.09,8.09,5.888125613,5.888125613,5.888125613,0.206084396,0.206084397,0.206084396
"Fringilla_montifringilla","0","2","0","0",NA,NA,NA,"0",NA,"0",NA,"Fringillidae",0,NA,NA,NA,NA,NA,NA,NA,NA,NA,NA,NA,NA,NA,NA,NA,NA,NA,NA,NA,NA,NA,NA
"Fringilla_teydea","0","1","0","0",NA,NA,NA,"0",NA,NA,NA,"Fringillidae",0,NA,NA,NA,NA,NA,NA,NA,NA,NA,NA,NA,NA,NA,NA,NA,NA,NA,NA,NA,NA,NA,NA
"Furnarius_rufus","0","2","0","0",NA,NA,NA,"0",NA,"0",NA,"Furnariidae",0,NA,NA,NA,NA,NA,NA,NA,NA,NA,NA,NA,NA,NA,NA,NA,NA,NA,NA,NA,NA,NA,NA
"Galerida_cristata","0","1","0","0",NA,NA,NA,"0",NA,NA,NA,"Alaudidae",0,NA,55,55,55,NA,NA,NA,NA,NA,NA,NA,NA,NA,NA,NA,NA,NA,NA,NA,NA,NA,NA
"Galerida_magnirostris","0","2","0","0",NA,NA,NA,"0",NA,"0",NA,"Alaudidae",0,NA,NA,NA,NA,NA,NA,NA,NA,NA,NA,NA,NA,NA,NA,NA,NA,NA,NA,NA,NA,NA,NA
"Galerida_modesta","0","1","0","0",NA,NA,NA,"0",NA,NA,NA,"Alaudidae",0,NA,NA,NA,NA,NA,NA,NA,NA,NA,NA,NA,NA,NA,NA,NA,NA,NA,NA,NA,NA,NA,NA
"Galerida_theklae","0","2","0","0",NA,NA,NA,"0",NA,"0",NA,"Alaudidae",0,NA,NA,NA,NA,NA,NA,NA,NA,NA,NA,NA,NA,NA,NA,NA,NA,NA,NA,NA,NA,NA,NA
"Garrulax_morrisonianus","0","1","0","0",NA,NA,NA,"0",NA,NA,NA,"Leiothrichidae",0,NA,NA,NA,NA,NA,NA,NA,NA,NA,NA,NA,NA,NA,NA,NA,NA,NA,NA,NA,NA,NA,NA
"Geospiza_conirostris","0","1","0","0",NA,NA,NA,NA,NA,"0",NA,"Thraupidae",NA,NA,NA,NA,NA,NA,NA,NA,1,1,1,NA,NA,NA,NA,NA,NA,NA,NA,NA,NA,NA,NA
"Geospiza_difficilis","0","2","0","0",NA,NA,NA,"0",NA,"0",NA,"Thraupidae",NA,NA,NA,NA,NA,NA,NA,NA,1,1,1,NA,NA,NA,NA,NA,NA,NA,NA,NA,NA,NA,NA
"Geospiza_fortis","1","2","2","1",NA,"0","0","1",NA,"1",NA,"Thraupidae",NA,NA,NA,NA,NA,NA,NA,NA,1,1,1,NA,NA,NA,NA,NA,NA,NA,NA,NA,NA,NA,NA
"Geospiza_fuliginosa","0","2","0","0",NA,NA,NA,"0",NA,"0",NA,"Thraupidae",NA,NA,NA,NA,NA,NA,NA,NA,1,1,1,NA,NA,NA,NA,NA,NA,NA,NA,NA,NA,NA,NA
"Geospiza_magnirostris","0","2","0","0",NA,NA,NA,"0",NA,"0",NA,"Thraupidae",NA,NA,NA,NA,NA,NA,NA,NA,1,1,1,NA,NA,NA,NA,NA,NA,NA,NA,NA,NA,NA,NA
"Geospiza_scandens","1","2","3","1",NA,"0","0","1",NA,"1","1","Thraupidae",NA,0,NA,NA,NA,NA,NA,NA,1,1,1,NA,NA,NA,NA,NA,NA,NA,NA,NA,NA,NA,NA
"Geothlypis_trichas","0","4","0","0",NA,"0","0","0",NA,"0",NA,"Parulidae",0,1,5,5,5,4.9,4.9,4.9,1,1,1,1.86,1.88,1.9,5.56,5.58,5.6,8.086253369,8.042895442,8,0.250673854,0.252010724,0.253333333
"Gerygone_igata","0","2","0","0",NA,NA,NA,"0",NA,"0",NA,"Acanthizidae",NA,NA,NA,NA,NA,NA,NA,NA,NA,NA,NA,12,12,12,NA,NA,NA,NA,NA,NA,NA,NA,NA
"Gracula_religiosa","0","2","0","0",NA,NA,NA,"0",NA,"0",NA,"Sturnidae",0,NA,NA,NA,NA,NA,NA,NA,NA,NA,NA,NA,NA,NA,NA,NA,NA,NA,NA,NA,NA,NA,NA
"Grallina_cyanoleuca","0","2","0","0",NA,"0",NA,"0",NA,NA,NA,"Monarchidae",NA,0,NA,NA,NA,NA,NA,NA,NA,NA,NA,NA,NA,NA,NA,NA,NA,NA,NA,NA,NA,NA,NA
"Gymnopithys_leucaspis","0","2","0","0",NA,NA,NA,"0",NA,"0",NA,"Formicariidae",0,NA,NA,NA,NA,NA,NA,NA,NA,NA,NA,3.7,3.7,3.7,NA,NA,NA,NA,NA,NA,NA,NA,NA
"Gymnorhina_tibicen","1","0","5","0","1","1",NA,"1",NA,"1","1","Artamidae",NA,1,NA,NA,NA,NA,NA,NA,14,14,14,NA,NA,NA,NA,NA,NA,NA,NA,NA,NA,NA,NA
"Hemignathus_munroi","0","1","0","0",NA,NA,NA,"0",NA,NA,NA,"Fringillidae",0,NA,NA,NA,NA,NA,NA,NA,NA,NA,NA,NA,NA,NA,NA,NA,NA,NA,NA,NA,NA,NA,NA
"Hemignathus_virens","0","1","0","0",NA,NA,NA,"0",NA,NA,NA,"Fringillidae",0,NA,NA,NA,NA,NA,NA,NA,NA,NA,NA,NA,NA,NA,NA,NA,NA,NA,NA,NA,NA,NA,NA
"Heteromirafra_ruddi","0","2","0","0",NA,NA,NA,"0",NA,"0",NA,"Alaudidae",0,NA,NA,NA,NA,NA,NA,NA,NA,NA,NA,NA,NA,NA,NA,NA,NA,NA,NA,NA,NA,NA,NA
"Himatione_sanguinea","0","2","0","0",NA,NA,NA,"0",NA,"0",NA,"Fringillidae",0,NA,NA,NA,NA,NA,NA,NA,NA,NA,NA,NA,NA,NA,NA,NA,NA,NA,NA,NA,NA,NA,NA
"Hippolais_icterina","0","2","0","0",NA,NA,NA,"0",NA,"0",NA,"Acrocephalidae",NA,NA,NA,NA,NA,1.5,1.5,1.5,NA,NA,NA,NA,NA,NA,NA,NA,NA,NA,NA,NA,NA,NA,NA
"Hippolais_polyglotta","0","2","0","0",NA,NA,NA,"0",NA,"0",NA,"Acrocephalidae",NA,NA,NA,NA,NA,12,12,12,NA,NA,NA,NA,NA,NA,NA,NA,NA,NA,NA,NA,NA,NA,NA
"Hirundo_ariel","0","3","0","0",NA,"0",NA,"0",NA,"0",NA,"Hirundinidae",0,1,NA,NA,NA,NA,NA,NA,NA,NA,NA,NA,NA,NA,NA,NA,NA,NA,NA,NA,NA,NA,NA
"Hirundo_rustica","0","3","0","0",NA,"0","0","0",NA,NA,NA,"Hirundinidae",0,1,20,22.9,27.6,12,17.4,19.8,12,56,100,4.01,4.75,6,0.05,3.025,6,14.77832512,7.717041801,5,0.987684729,0.610932476,0.5
"Hirundo_semirufa","0","2","0","0",NA,NA,NA,"0",NA,"0",NA,"Hirundinidae",0,NA,NA,NA,NA,NA,NA,NA,NA,NA,NA,NA,NA,NA,NA,NA,NA,NA,NA,NA,NA,NA,NA
"Histurgops_ruficaudus","1","0","1","0",NA,NA,NA,"1",NA,NA,NA,"Ploceidae",0,NA,NA,NA,NA,NA,NA,NA,NA,NA,NA,NA,NA,NA,NA,NA,NA,NA,NA,NA,NA,NA,NA
"Hyliota_australis","0","1","0","0",NA,NA,NA,"0",NA,NA,NA,"Hyliotidae",0,NA,NA,NA,NA,NA,NA,NA,NA,NA,NA,NA,NA,NA,NA,NA,NA,NA,NA,NA,NA,NA,NA
"Hyliota_flavigaster","0","1","0","0",NA,NA,NA,"0",NA,NA,NA,"Hyliotidae",0,NA,NA,NA,NA,NA,NA,NA,NA,NA,NA,NA,NA,NA,NA,NA,NA,NA,NA,NA,NA,NA,NA
"Hyliota_violacea","0","1","0","0",NA,NA,NA,"0",NA,NA,NA,"Hyliotidae",0,NA,NA,NA,NA,NA,NA,NA,NA,NA,NA,NA,NA,NA,NA,NA,NA,NA,NA,NA,NA,NA,NA
"Hylocichla_mustelina","0","4","0","0",NA,"0","0","0",NA,"0",NA,"Turdidae",0,1,16,16,16,4,4,4,18,18,18,1.56,1.56,1.56,3,3.02,3.04,13.15789474,13.10043668,13.04347826,0.342105263,0.340611354,0.339130435
"Hypergerus_atriceps","0","2","0","0",NA,NA,NA,"0",NA,"0",NA,"Cisticolidae",0,NA,NA,NA,NA,NA,NA,NA,NA,NA,NA,NA,NA,NA,NA,NA,NA,NA,NA,NA,NA,NA,NA
"Hypothymis_azurea","0","2","0","0",NA,NA,NA,"0",NA,"0",NA,"Monarchidae",0,NA,NA,NA,NA,NA,NA,NA,NA,NA,NA,NA,NA,NA,NA,NA,NA,NA,NA,NA,NA,NA,NA
"Hypsipetes_olivaceus","1","0","2","0",NA,NA,NA,"1",NA,"1",NA,"Pycnonotidae",0,NA,NA,NA,NA,NA,NA,NA,NA,NA,NA,NA,NA,NA,NA,NA,NA,NA,NA,NA,NA,NA,NA
"Icteria_virens","0","2","0","0",NA,NA,"0","0",NA,NA,NA,"Icteriidae",0,NA,NA,NA,NA,NA,NA,NA,NA,NA,NA,NA,NA,NA,NA,NA,NA,NA,NA,NA,NA,NA,NA
"Icterus_bullockii","1","0","1","0",NA,NA,NA,"1",NA,NA,NA,"Icteridae",0,NA,NA,NA,NA,NA,NA,NA,NA,NA,NA,NA,NA,NA,NA,NA,NA,NA,NA,NA,NA,NA,NA
"Icterus_galbula","0","4","0","0",NA,"0","0","0",NA,"0",NA,"Icteridae",0,NA,8.5,8.5,8.5,10.7,10.7,10.7,6.5,6.5,6.5,1.4,1.4,1.4,10.59,10.59,10.59,5.004170142,5.004170142,5.004170142,0.11676397,0.11676397,0.11676397
"Icterus_gularis","0","2","0","0",NA,NA,NA,"0",NA,"0",NA,"Icteridae",0,NA,NA,NA,NA,NA,NA,NA,NA,NA,NA,NA,NA,NA,NA,NA,NA,NA,NA,NA,NA,NA,NA
"Icterus_pustulatus","0","2","0","0",NA,NA,NA,"0",NA,"0",NA,"Icteridae",0,NA,NA,NA,NA,NA,NA,NA,NA,NA,NA,NA,NA,NA,NA,NA,NA,NA,NA,NA,NA,NA,NA
"Ixos_amaurotis","0","1","0","0",NA,NA,NA,"0",NA,NA,NA,"Pycnonotidae",0,NA,NA,NA,NA,NA,NA,NA,NA,NA,NA,NA,NA,NA,NA,NA,NA,NA,NA,NA,NA,NA,NA
"Junco_hyemalis","0","4","0","0",NA,"0","0","0",NA,"0",NA,"Passerellidae",0,1,1.2,1.8,2.4,1,1.05,1.1,5,5,5,1.4,1.4,1.4,4.5,4.5,4.5,10.16949153,10.16949153,10.16949153,0.237288136,0.237288136,0.237288136
"Junco_phaeonotus","0","1","0","0",NA,NA,NA,"0",NA,NA,NA,"Passerellidae",NA,NA,NA,NA,NA,NA,NA,NA,2,2,2,1.63,1.63,1.63,5.46,5.46,5.46,8.462623413,8.462623413,8.462623413,0.229901269,0.229901269,0.229901269
"Lagonosticta_senegala","0","2","0","0",NA,NA,NA,"0",NA,"0",NA,"Estrildidae",NA,NA,NA,NA,NA,NA,NA,NA,1,1,1,NA,NA,NA,NA,NA,NA,NA,NA,NA,NA,NA,NA
"Lalage_tricolor","0","2","1","1","1",NA,NA,"0",NA,"0",NA,"Campephagidae",0,NA,NA,NA,NA,NA,NA,NA,NA,NA,NA,NA,NA,NA,NA,NA,NA,NA,NA,NA,NA,NA,NA
"Lamprotornis_australis","0","3","0","0",NA,NA,NA,"0","0","0",NA,"Sturnidae",0,NA,NA,NA,NA,NA,NA,NA,NA,NA,NA,NA,NA,NA,NA,NA,NA,NA,NA,NA,NA,NA,NA
"Lamprotornis_caudatus","1","0","3","0",NA,NA,NA,"1","1","1",NA,"Sturnidae",0,NA,NA,NA,NA,NA,NA,NA,NA,NA,NA,NA,NA,NA,NA,NA,NA,NA,NA,NA,NA,NA,NA
"Lamprotornis_chalybaeus","0","3","0","0",NA,NA,NA,"0","0","0",NA,"Sturnidae",0,NA,NA,NA,NA,NA,NA,NA,NA,NA,NA,NA,NA,NA,NA,NA,NA,NA,NA,NA,NA,NA,NA
"Lamprotornis_corruscus","0","3","0","0",NA,NA,NA,"0","0","0",NA,"Sturnidae",0,NA,NA,NA,NA,NA,NA,NA,NA,NA,NA,NA,NA,NA,NA,NA,NA,NA,NA,NA,NA,NA,NA
"Lamprotornis_mevesii","1","0","3","0",NA,NA,NA,"1","1","1",NA,"Sturnidae",0,NA,NA,NA,NA,NA,NA,NA,NA,NA,NA,NA,NA,NA,NA,NA,NA,NA,NA,NA,NA,NA,NA
"Lamprotornis_nitens","1","0","4","0",NA,NA,NA,"1","1","1","1","Sturnidae",0,NA,NA,NA,NA,NA,NA,NA,NA,NA,NA,NA,NA,NA,NA,NA,NA,NA,NA,NA,NA,NA,NA
"Lamprotornis_pulcher","1","0","5","0","1",NA,NA,"1","1","1","1","Sturnidae",0,NA,NA,NA,NA,NA,NA,NA,NA,NA,NA,NA,NA,NA,NA,NA,NA,NA,NA,NA,NA,NA,NA
"Lamprotornis_purpureiceps","0","2","0","0",NA,NA,NA,"0","0",NA,NA,"Sturnidae",0,NA,NA,NA,NA,NA,NA,NA,NA,NA,NA,NA,NA,NA,NA,NA,NA,NA,NA,NA,NA,NA,NA
"Lamprotornis_purpuroptera","1","0","3","0",NA,NA,NA,"1","1","1",NA,"Sturnidae",0,NA,NA,NA,NA,7,7,7,NA,NA,NA,NA,NA,NA,NA,NA,NA,NA,NA,NA,NA,NA,NA
"Lamprotornis_splendidus","0","3","0","0",NA,NA,NA,"0","0","0",NA,"Sturnidae",0,NA,NA,NA,NA,NA,NA,NA,NA,NA,NA,NA,NA,NA,NA,NA,NA,NA,NA,NA,NA,NA,NA
"Lamprotornis_superbus","1","0","5","0",NA,"1",NA,"1","1","1","1","Sturnidae",0,1,39,39,39,NA,NA,NA,NA,NA,NA,NA,NA,NA,NA,NA,NA,NA,NA,NA,NA,NA,NA
"Laniarius_erythrogaster","0","1","0","0",NA,NA,NA,"0",NA,NA,NA,"Malaconotidae",0,NA,NA,NA,NA,NA,NA,NA,NA,NA,NA,4,4,4,NA,NA,NA,NA,NA,NA,NA,NA,NA
"Lanius_bucephalus","0","3","0","0",NA,"0",NA,"0",NA,"0",NA,"Laniidae",0,1,NA,NA,NA,NA,NA,NA,NA,NA,NA,NA,NA,NA,NA,NA,NA,NA,NA,NA,NA,NA,NA
"Lanius_collaris","0","2","1","1","1",NA,NA,"0",NA,"0",NA,"Laniidae",0,NA,NA,NA,NA,NA,NA,NA,NA,NA,NA,NA,NA,NA,NA,NA,NA,NA,NA,NA,NA,NA,NA
"Lanius_collurio","1","1","1","1",NA,"1",NA,"0",NA,NA,NA,"Laniidae",NA,0,NA,NA,NA,12,12,12,NA,NA,NA,NA,NA,NA,NA,NA,NA,NA,NA,NA,NA,NA,NA
"Lanius_dorsalis","0","1","0","0",NA,NA,NA,"0",NA,NA,NA,"Laniidae",0,NA,NA,NA,NA,NA,NA,NA,NA,NA,NA,NA,NA,NA,NA,NA,NA,NA,NA,NA,NA,NA,NA
"Lanius_excubitor","0","2","0","0",NA,NA,NA,"0",NA,"0",NA,"Laniidae",0,NA,NA,NA,NA,NA,NA,NA,NA,NA,NA,NA,NA,NA,NA,NA,NA,NA,NA,NA,NA,NA,NA
"Lanius_gubernator","0","1","0","0",NA,NA,NA,"0",NA,NA,NA,"Laniidae",NA,NA,NA,NA,NA,NA,NA,NA,NA,NA,NA,NA,NA,NA,NA,NA,NA,NA,NA,NA,NA,NA,NA
"Lanius_ludovicianus","0","3","0","0",NA,"0",NA,"0",NA,"0",NA,"Laniidae",0,1,NA,NA,NA,NA,NA,NA,NA,NA,NA,NA,NA,NA,NA,NA,NA,NA,NA,NA,NA,NA,NA
"Lanius_minor","0","4","0","0",NA,"0","0","0",NA,"0",NA,"Laniidae",0,NA,NA,NA,NA,NA,NA,NA,NA,NA,NA,NA,NA,NA,NA,NA,NA,NA,NA,NA,NA,NA,NA
"Lanius_nubicus","0","2","0","0",NA,NA,NA,"0",NA,"0",NA,"Laniidae",0,NA,NA,NA,NA,NA,NA,NA,NA,NA,NA,NA,NA,NA,NA,NA,NA,NA,NA,NA,NA,NA,NA
"Lanius_schach","0","2","0","0",NA,NA,NA,"0",NA,"0",NA,"Laniidae",0,NA,NA,NA,NA,NA,NA,NA,NA,NA,NA,NA,NA,NA,NA,NA,NA,NA,NA,NA,NA,NA,NA
"Lanius_senator","0","2","0","0",NA,NA,NA,"0",NA,"0",NA,"Laniidae",0,NA,NA,NA,NA,NA,NA,NA,NA,NA,NA,NA,NA,NA,NA,NA,NA,NA,NA,NA,NA,NA,NA
"Lanius_somalicus","0","1","0","0",NA,NA,NA,"0",NA,NA,NA,"Laniidae",0,NA,NA,NA,NA,NA,NA,NA,NA,NA,NA,NA,NA,NA,NA,NA,NA,NA,NA,NA,NA,NA,NA
"Lanius_sphenocercus","0","2","0","0",NA,NA,NA,"0",NA,"0",NA,"Laniidae",0,NA,NA,NA,NA,NA,NA,NA,NA,NA,NA,NA,NA,NA,NA,NA,NA,NA,NA,NA,NA,NA,NA
"Lanius_tigrinus","0","2","0","0",NA,NA,NA,"0",NA,"0",NA,"Laniidae",0,NA,NA,NA,NA,NA,NA,NA,NA,NA,NA,NA,NA,NA,NA,NA,NA,NA,NA,NA,NA,NA,NA
"Lanius_vittatus","0","2","0","0",NA,NA,NA,"0",NA,"0",NA,"Laniidae",0,NA,NA,NA,NA,NA,NA,NA,NA,NA,NA,NA,NA,NA,NA,NA,NA,NA,NA,NA,NA,NA,NA
"Leptasthenura_striolata","0","2","0","0",NA,NA,NA,"0",NA,"0",NA,"Furnariidae",0,NA,NA,NA,NA,NA,NA,NA,NA,NA,NA,NA,NA,NA,NA,NA,NA,NA,NA,NA,NA,NA,NA
"Leptasthenura_yanacensis","0","2","0","0",NA,NA,NA,"0",NA,"0",NA,"Furnariidae",0,NA,NA,NA,NA,NA,NA,NA,NA,NA,NA,4,4,4,NA,NA,NA,NA,NA,NA,NA,NA,NA
"Leucopsar_rothschildi","0","2","0","0",NA,NA,NA,"0",NA,"0",NA,"Sturnidae",0,NA,NA,NA,NA,NA,NA,NA,NA,NA,NA,NA,NA,NA,NA,NA,NA,NA,NA,NA,NA,NA,NA
"Leucosticte_atrata","0","2","0","0",NA,NA,NA,"0",NA,"0",NA,"Fringillidae",0,NA,NA,NA,NA,NA,NA,NA,NA,NA,NA,NA,NA,NA,NA,NA,NA,NA,NA,NA,NA,NA,NA
"Leucosticte_australis","0","2","0","0",NA,NA,NA,"0",NA,"0",NA,"Fringillidae",0,NA,NA,NA,NA,NA,NA,NA,NA,NA,NA,NA,NA,NA,NA,NA,NA,NA,NA,NA,NA,NA,NA
"Leucosticte_tephrocotis","0","2","0","0",NA,NA,NA,"0",NA,"0",NA,"Fringillidae",0,NA,NA,NA,NA,NA,NA,NA,NA,NA,NA,NA,NA,NA,NA,NA,NA,NA,NA,NA,NA,NA,NA
"Limnothlypis_swainsonii","0","2","0","0",NA,NA,NA,"0",NA,"0",NA,"Parulidae",0,NA,NA,NA,NA,NA,NA,NA,1,1,1,NA,NA,NA,NA,NA,NA,NA,NA,NA,NA,NA,NA
"Locustella_fluviatilis","0","2","0","0",NA,NA,NA,"0",NA,"0",NA,"Locustellidae",0,NA,2,2.5,3,NA,NA,NA,NA,NA,NA,NA,NA,NA,NA,NA,NA,NA,NA,NA,NA,NA,NA
"Locustella_luscinioides","0","3","0","0",NA,"0",NA,"0",NA,"0",NA,"Locustellidae",0,NA,1,1.25,1.5,1,1,1,1,1,1,46,46,46,NA,NA,NA,NA,NA,NA,NA,NA,NA
"Locustella_naevia","0","2","0","0",NA,NA,NA,"0",NA,"0",NA,"Locustellidae",0,NA,1,1.25,1.5,1,1,1,1,1,1,51,51,51,1.5,1.5,1.5,1.142857143,1.142857143,1.142857143,0.971428571,0.971428571,0.971428571
"Lonchura_striata","0","2","0","0",NA,NA,NA,"0",NA,"0",NA,"Estrildidae",NA,NA,11,11,11,11,11,11,1,1,1,NA,NA,NA,NA,NA,NA,NA,NA,NA,NA,NA,NA
"Lophorina_superba","0","2","0","0",NA,NA,NA,"0",NA,"0",NA,"Paradisaeidae",1,NA,NA,NA,NA,NA,NA,NA,NA,NA,NA,NA,NA,NA,NA,NA,NA,NA,NA,NA,NA,NA,NA
"Loxia_curvirostra","0","3","0","0",NA,"0","0","0",NA,NA,NA,"Fringillidae",0,0,NA,NA,NA,NA,NA,NA,NA,NA,NA,NA,NA,NA,NA,NA,NA,NA,NA,NA,NA,NA,NA
"Loxia_leucoptera","0","2","0","0",NA,NA,NA,"0",NA,"0",NA,"Fringillidae",0,NA,NA,NA,NA,NA,NA,NA,NA,NA,NA,5,5,5,NA,NA,NA,NA,NA,NA,NA,NA,NA
"Loxia_scotica","0","1","0","0",NA,NA,NA,"0",NA,NA,NA,"Fringillidae",0,NA,NA,NA,NA,NA,NA,NA,NA,NA,NA,NA,NA,NA,NA,NA,NA,NA,NA,NA,NA,NA,NA
"Loxioides_bailleui","1","1","4","1",NA,"0","1","1",NA,"1","1","Fringillidae",NA,0,NA,NA,NA,NA,NA,NA,NA,NA,NA,NA,NA,NA,NA,NA,NA,NA,NA,NA,NA,NA,NA
"Loxops_coccineus","0","2","0","0",NA,NA,NA,"0",NA,"0",NA,"Fringillidae",0,NA,NA,NA,NA,NA,NA,NA,NA,NA,NA,NA,NA,NA,NA,NA,NA,NA,NA,NA,NA,NA,NA
"Lullula_arborea","0","2","0","0",NA,NA,NA,"0",NA,"0",NA,"Alaudidae",0,NA,NA,NA,NA,NA,NA,NA,NA,NA,NA,NA,NA,NA,NA,NA,NA,NA,NA,NA,NA,NA,NA
"Luscinia_luscinia","0","2","0","0",NA,NA,NA,"0",NA,"0",NA,"Muscicapidae",NA,NA,49,49,49,NA,NA,NA,NA,NA,NA,NA,NA,NA,NA,NA,NA,NA,NA,NA,NA,NA,NA
"Luscinia_megarhynchos","0","2","0","0",NA,NA,NA,"0",NA,"0",NA,"Muscicapidae",0,NA,1160,1160,1160,7.5,7.5,7.5,220,220,220,3.12,3.12,3.12,3.78,3.78,3.78,8.695652174,8.695652174,8.695652174,0.452173913,0.452173913,0.452173913
"Luscinia_svecica","0","3","0","0",NA,"0",NA,"0",NA,"0",NA,"Muscicapidae",1,1,NA,NA,NA,5,11.5,18,NA,NA,NA,5,10,15,NA,NA,NA,NA,NA,NA,NA,NA,NA
"Macronyx_ameliae","0","2","0","0",NA,NA,NA,"0",NA,"0",NA,"Motacillidae",0,NA,NA,NA,NA,NA,NA,NA,NA,NA,NA,NA,NA,NA,NA,NA,NA,NA,NA,NA,NA,NA,NA
"Macronyx_aurantiigula","0","2","0","0",NA,NA,NA,"0",NA,"0",NA,"Motacillidae",0,NA,NA,NA,NA,NA,NA,NA,NA,NA,NA,NA,NA,NA,NA,NA,NA,NA,NA,NA,NA,NA,NA
"Macronyx_capensis","0","2","0","0",NA,NA,NA,"0",NA,"0",NA,"Motacillidae",0,NA,NA,NA,NA,NA,NA,NA,NA,NA,NA,NA,NA,NA,NA,NA,NA,NA,NA,NA,NA,NA,NA
"Macronyx_croceus","0","2","0","0",NA,NA,NA,"0",NA,"0",NA,"Motacillidae",0,NA,NA,NA,NA,NA,NA,NA,NA,NA,NA,NA,NA,NA,NA,NA,NA,NA,NA,NA,NA,NA,NA
"Macronyx_fuellebornii","0","2","0","0",NA,NA,NA,"0",NA,"0",NA,"Motacillidae",0,NA,NA,NA,NA,NA,NA,NA,NA,NA,NA,NA,NA,NA,NA,NA,NA,NA,NA,NA,NA,NA,NA
"Macronyx_sharpei","0","1","0","0",NA,NA,NA,"0",NA,NA,NA,"Motacillidae",0,NA,NA,NA,NA,NA,NA,NA,NA,NA,NA,NA,NA,NA,NA,NA,NA,NA,NA,NA,NA,NA,NA
"Malaconotus_blanchoti","0","2","0","0",NA,NA,NA,"0",NA,"0",NA,"Malaconotidae",0,NA,NA,NA,NA,NA,NA,NA,NA,NA,NA,NA,NA,NA,3,3,3,NA,NA,NA,NA,NA,NA
"Malimbus_cassini","1","1","1","1",NA,NA,NA,"1",NA,"0",NA,"Ploceidae",0,NA,NA,NA,NA,NA,NA,NA,NA,NA,NA,NA,NA,NA,NA,NA,NA,NA,NA,NA,NA,NA,NA
"Malimbus_coronatus","1","1","1","1",NA,NA,NA,"1",NA,"0",NA,"Ploceidae",0,NA,NA,NA,NA,NA,NA,NA,NA,NA,NA,NA,NA,NA,NA,NA,NA,NA,NA,NA,NA,NA,NA
"Malimbus_erythrogaster","1","1","1","1",NA,NA,NA,"1",NA,"0",NA,"Ploceidae",0,NA,NA,NA,NA,NA,NA,NA,NA,NA,NA,NA,NA,NA,NA,NA,NA,NA,NA,NA,NA,NA,NA
"Malimbus_ibadanensis","0","2","0","0",NA,NA,NA,"0",NA,"0",NA,"Ploceidae",0,NA,NA,NA,NA,NA,NA,NA,NA,NA,NA,NA,NA,NA,NA,NA,NA,NA,NA,NA,NA,NA,NA
"Malimbus_malimbicus","0","2","0","0",NA,NA,NA,"0",NA,"0",NA,"Ploceidae",0,NA,NA,NA,NA,NA,NA,NA,NA,NA,NA,2.5,2.5,2.5,NA,NA,NA,NA,NA,NA,NA,NA,NA
"Malimbus_nitens","0","2","0","0",NA,NA,NA,"0",NA,"0",NA,"Ploceidae",0,NA,NA,NA,NA,NA,NA,NA,NA,NA,NA,NA,NA,NA,NA,NA,NA,NA,NA,NA,NA,NA,NA
"Malimbus_racheliae","1","1","1","1",NA,NA,NA,"1",NA,"0",NA,"Ploceidae",0,NA,NA,NA,NA,NA,NA,NA,NA,NA,NA,NA,NA,NA,NA,NA,NA,NA,NA,NA,NA,NA,NA
"Malimbus_rubricollis","0","1","0","0",NA,NA,NA,"0",NA,NA,NA,"Ploceidae",0,NA,NA,NA,NA,NA,NA,NA,NA,NA,NA,NA,NA,NA,NA,NA,NA,NA,NA,NA,NA,NA,NA
"Malimbus_scutatus","1","1","1","1",NA,NA,NA,"1",NA,"0",NA,"Ploceidae",0,NA,NA,NA,NA,NA,NA,NA,NA,NA,NA,NA,NA,NA,NA,NA,NA,NA,NA,NA,NA,NA,NA
"Malurus_alboscapulatus","1","0","4","0","1",NA,NA,"1",NA,"1","1","Maluridae",0,NA,NA,NA,NA,NA,NA,NA,NA,NA,NA,3.5,3.5,3.5,NA,NA,NA,NA,NA,NA,NA,NA,NA
"Malurus_amabilis","1","0","4","0","1",NA,NA,"1",NA,"1","1","Maluridae",0,NA,NA,NA,NA,NA,NA,NA,NA,NA,NA,NA,NA,NA,NA,NA,NA,NA,NA,NA,NA,NA,NA
"Malurus_coronatus","1","0","6","0","1","1","1","1",NA,"1","1","Maluridae",0,0,NA,NA,NA,NA,NA,NA,NA,NA,NA,NA,NA,NA,NA,NA,NA,NA,NA,NA,NA,NA,NA
"Malurus_cyaneus","1","0","6","0","1","1","1","1",NA,"1","1","Maluridae",NA,1,3,3,3,3,3,3,1,1,1,2.9,2.9,2.9,NA,NA,NA,NA,NA,NA,NA,NA,NA
"Malurus_cyanocephalus","1","1","2","1",NA,NA,NA,"1",NA,"0","1","Maluridae",0,NA,NA,NA,NA,NA,NA,NA,NA,NA,NA,NA,NA,NA,NA,NA,NA,NA,NA,NA,NA,NA,NA
"Malurus_elegans","1","0","5","0","1","1",NA,"1",NA,"1","1","Maluridae",0,NA,NA,NA,NA,NA,NA,NA,NA,NA,NA,NA,NA,NA,NA,NA,NA,NA,NA,NA,NA,NA,NA
"Malurus_lamberti","1","0","4","0","1",NA,NA,"1",NA,"1","1","Maluridae",0,NA,NA,NA,NA,NA,NA,NA,NA,NA,NA,NA,NA,NA,NA,NA,NA,NA,NA,NA,NA,NA,NA
"Malurus_leucopterus","1","0","4","0","1",NA,NA,"1",NA,"1","1","Maluridae",0,NA,NA,NA,NA,NA,NA,NA,NA,NA,NA,4,4,4,NA,NA,NA,NA,NA,NA,NA,NA,NA
"Malurus_melanocephalus","1","0","5","0","1","1",NA,"1",NA,"1","1","Maluridae",NA,1,NA,NA,NA,NA,NA,NA,NA,NA,NA,NA,NA,NA,NA,NA,NA,NA,NA,NA,NA,NA,NA
"Malurus_pulcherrimus","1","0","4","0","1",NA,NA,"1",NA,"1","1","Maluridae",0,NA,NA,NA,NA,NA,NA,NA,NA,NA,NA,NA,NA,NA,NA,NA,NA,NA,NA,NA,NA,NA,NA
"Malurus_splendens","1","0","6","0","1","1","1","1",NA,"1","1","Maluridae",0,1,NA,NA,NA,NA,NA,NA,NA,NA,NA,NA,NA,NA,NA,NA,NA,NA,NA,NA,NA,NA,NA
"Manorina_melanocephala","1","0","6","0","1","1","1","1",NA,"1","1","Meliphagidae",NA,0,NA,NA,NA,NA,NA,NA,NA,NA,NA,NA,NA,NA,NA,NA,NA,NA,NA,NA,NA,NA,NA
"Manucodia_chalybatus","0","2","0","0",NA,NA,NA,"0",NA,"0",NA,"Paradisaeidae",0,NA,NA,NA,NA,NA,NA,NA,NA,NA,NA,NA,NA,NA,NA,NA,NA,NA,NA,NA,NA,NA,NA
"Manucodia_keraudrenii","0","2","0","0",NA,NA,NA,"0",NA,"0",NA,"Paradisaeidae",0,NA,NA,NA,NA,NA,NA,NA,NA,NA,NA,30,30,30,NA,NA,NA,NA,NA,NA,NA,NA,NA
"Melaenornis_edolioides","0","1","0","0",NA,NA,NA,"0",NA,NA,NA,"Muscicapidae",0,NA,NA,NA,NA,NA,NA,NA,NA,NA,NA,NA,NA,NA,NA,NA,NA,NA,NA,NA,NA,NA,NA
"Melaenornis_pammelaina","0","1","0","0",NA,NA,NA,"0",NA,NA,NA,"Muscicapidae",0,NA,NA,NA,NA,NA,NA,NA,NA,NA,NA,NA,NA,NA,1,1,1,NA,NA,NA,NA,NA,NA
"Melanocorypha_calandra","0","1","0","0",NA,NA,NA,"0",NA,NA,NA,"Alaudidae",0,NA,NA,NA,NA,NA,NA,NA,NA,NA,NA,NA,NA,NA,NA,NA,NA,NA,NA,NA,NA,NA,NA
"Melanodryas_cucullata","1","0","4","0","1",NA,NA,"1",NA,"1","1","Petroicidae",0,NA,NA,NA,NA,NA,NA,NA,NA,NA,NA,NA,NA,NA,NA,NA,NA,NA,NA,NA,NA,NA,NA
"Melocichla_mentalis","0","2","0","0",NA,NA,NA,"0",NA,"0",NA,"Macrosphenidae",0,NA,NA,NA,NA,NA,NA,NA,NA,NA,NA,NA,NA,NA,NA,NA,NA,NA,NA,NA,NA,NA,NA
"Melophus_lathami","0","2","0","0",NA,NA,NA,"0",NA,"0",NA,"Emberizidae",0,NA,NA,NA,NA,NA,NA,NA,NA,NA,NA,NA,NA,NA,NA,NA,NA,NA,NA,NA,NA,NA,NA
"Melospiza_georgiana","0","4","0","0",NA,"0","0","0",NA,"0",NA,"Passerellidae",1,1,3,3,3,3.5,3.5,3.5,2.2,3,3.5,2,2,2,NA,NA,NA,NA,NA,NA,NA,NA,NA
"Melospiza_lincolnii","0","2","0","0",NA,NA,NA,"0",NA,"0",NA,"Passerellidae",0,NA,20.4,20.4,20.4,NA,NA,NA,2,2,2,NA,NA,NA,NA,NA,NA,NA,NA,NA,NA,NA,NA
"Melospiza_melodia","0","4","0","0",NA,"0","0","0",NA,"0",NA,"Passerellidae",0,0,38,38,38,5,5,5,9,12,15,2.62,2.62,2.62,6.07,7.625,9.18,6.904487917,5.856515373,5.084745763,0.301495972,0.255734505,0.222033898
"Miliaria_calandra","1","2","2","1",NA,"0","0","1",NA,"1",NA,"Emberizidae",1,0,9,9,9,20,20,20,2,2.25,2.5,1.6,1.6,1.6,10.89,10.89,10.89,4.803843074,4.803843074,4.803843074,0.128102482,0.128102482,0.128102482
"Mimus_gilvus","1","0","3","0",NA,NA,NA,"1",NA,"1","1","Mimidae",0,NA,100,500,1000,2.96,2.96,2.96,100,500,1000,NA,NA,NA,NA,NA,NA,NA,NA,NA,NA,NA,NA
"Mimus_gundlachii","0","1","0","0",NA,NA,NA,"0",NA,NA,NA,"Mimidae",0,NA,NA,NA,NA,NA,NA,NA,NA,NA,NA,NA,NA,NA,NA,NA,NA,NA,NA,NA,NA,NA,NA
"Mimus_longicaudatus","0","1","0","0",NA,NA,NA,"0",NA,NA,NA,"Mimidae",0,NA,NA,NA,NA,NA,NA,NA,NA,NA,NA,NA,NA,NA,NA,NA,NA,NA,NA,NA,NA,NA,NA
"Mimus_parvulus","1","0","2","0",NA,NA,NA,"1",NA,"1",NA,"Mimidae",1,NA,NA,NA,NA,NA,NA,NA,NA,NA,NA,NA,NA,NA,NA,NA,NA,NA,NA,NA,NA,NA,NA
"Mimus_patagonicus","0","2","0","0",NA,NA,NA,"0",NA,"0",NA,"Mimidae",0,NA,NA,NA,NA,NA,NA,NA,NA,NA,NA,NA,NA,NA,NA,NA,NA,NA,NA,NA,NA,NA,NA
"Mimus_polyglottos","0","3","0","0",NA,NA,"0","0",NA,"0",NA,"Mimidae",0,0,216,216,216,20,190,500,190,345,500,3.06,3.06,3.06,1.1,1.1,1.1,14.42307692,14.42307692,14.42307692,0.735576923,0.735576923,0.735576923
"Mimus_thenca","0","2","0","0",NA,NA,NA,"0",NA,"0",NA,"Mimidae",0,NA,NA,NA,NA,NA,NA,NA,NA,NA,NA,NA,NA,NA,NA,NA,NA,NA,NA,NA,NA,NA,NA
"Mino_anais","0","1","0","0",NA,NA,NA,"0",NA,NA,NA,"Sturnidae",0,NA,NA,NA,NA,NA,NA,NA,NA,NA,NA,NA,NA,NA,NA,NA,NA,NA,NA,NA,NA,NA,NA
"Mirafra_africana","0","2","0","0",NA,NA,NA,"0",NA,"0",NA,"Alaudidae",0,NA,NA,NA,NA,NA,NA,NA,NA,NA,NA,0.6,0.6,0.6,1,1,1,37.5,37.5,37.5,0.375,0.375,0.375
"Mirafra_africanoides","0","2","0","0",NA,NA,NA,"0",NA,"0",NA,"Alaudidae",0,NA,NA,NA,NA,NA,NA,NA,NA,NA,NA,3.5,3.5,3.5,NA,NA,NA,NA,NA,NA,NA,NA,NA
"Mirafra_gilletti","0","2","0","0",NA,NA,NA,"0",NA,"0",NA,"Alaudidae",0,NA,NA,NA,NA,NA,NA,NA,NA,NA,NA,NA,NA,NA,NA,NA,NA,NA,NA,NA,NA,NA,NA
"Mirafra_hova","0","2","0","0",NA,NA,NA,"0",NA,"0",NA,"Alaudidae",0,NA,NA,NA,NA,NA,NA,NA,NA,NA,NA,NA,NA,NA,NA,NA,NA,NA,NA,NA,NA,NA,NA
"Mirafra_hypermetra","0","2","0","0",NA,NA,NA,"0",NA,"0",NA,"Alaudidae",0,NA,NA,NA,NA,NA,NA,NA,NA,NA,NA,3,3,3,NA,NA,NA,NA,NA,NA,NA,NA,NA
"Mirafra_poecilosterna","0","2","0","0",NA,NA,NA,"0",NA,"0",NA,"Alaudidae",0,NA,NA,NA,NA,NA,NA,NA,NA,NA,NA,NA,NA,NA,NA,NA,NA,NA,NA,NA,NA,NA,NA
"Mirafra_sabota","0","2","0","0",NA,NA,NA,"0",NA,"0",NA,"Alaudidae",0,NA,NA,NA,NA,NA,NA,NA,NA,NA,NA,NA,NA,NA,NA,NA,NA,NA,NA,NA,NA,NA,NA
"Mniotilta_varia","0","2","0","0",NA,NA,NA,"0",NA,"0",NA,"Parulidae",NA,NA,NA,NA,NA,3.6,3.6,3.6,2,2,2,2,2.01,2.02,6.25,6.275,6.3,7.272727273,7.242003621,7.211538462,0.242424242,0.242607121,0.242788462
"Mohoua_albicilla","1","0","3","0",NA,NA,NA,"1",NA,"1","1","Mohouidae",0,NA,NA,NA,NA,NA,NA,NA,NA,NA,NA,NA,NA,NA,NA,NA,NA,NA,NA,NA,NA,NA,NA
"Mohoua_novaeseelandiae","1","0","2","0",NA,NA,NA,"1",NA,"1",NA,"Mohouidae",0,NA,NA,NA,NA,NA,NA,NA,NA,NA,NA,NA,NA,NA,NA,NA,NA,NA,NA,NA,NA,NA,NA
"Mohoua_ochrocephala","1","0","2","0",NA,NA,NA,"1",NA,"1",NA,"Mohouidae",0,NA,NA,NA,NA,NA,NA,NA,NA,NA,NA,NA,NA,NA,NA,NA,NA,NA,NA,NA,NA,NA,NA
"Molothrus_aeneus","0","1","0","0",NA,NA,NA,"0",NA,NA,NA,"Icteridae",1,NA,NA,NA,NA,NA,NA,NA,NA,NA,NA,NA,NA,NA,NA,NA,NA,NA,NA,NA,NA,NA,NA
"Molothrus_ater","0","2","0","0",NA,NA,"0","0",NA,NA,NA,"Icteridae",NA,1,15,15,15,NA,NA,NA,4,4,4,NA,NA,NA,NA,NA,NA,NA,NA,NA,NA,NA,NA
"Molothrus_rufoaxillaris","0","1","0","0",NA,NA,NA,"0",NA,NA,NA,"Icteridae",0,NA,NA,NA,NA,NA,NA,NA,NA,NA,NA,NA,NA,NA,NA,NA,NA,NA,NA,NA,NA,NA,NA
"Montifringilla_nivalis","0","2","0","0",NA,NA,NA,"0",NA,"0",NA,"Passeridae",0,NA,NA,NA,NA,NA,NA,NA,NA,NA,NA,NA,NA,NA,NA,NA,NA,NA,NA,NA,NA,NA,NA
"Motacilla_aguimp","0","2","0","0",NA,NA,NA,"0",NA,"0",NA,"Motacillidae",0,NA,NA,NA,NA,NA,NA,NA,NA,NA,NA,NA,NA,NA,NA,NA,NA,NA,NA,NA,NA,NA,NA
"Motacilla_alba","0","2","0","0",NA,NA,NA,"0",NA,"0",NA,"Motacillidae",0,NA,NA,NA,NA,9,9,9,NA,NA,NA,NA,NA,NA,NA,NA,NA,NA,NA,NA,NA,NA,NA
"Motacilla_capensis","0","1","0","0",NA,NA,NA,"0",NA,NA,NA,"Motacillidae",0,NA,NA,NA,NA,NA,NA,NA,NA,NA,NA,NA,NA,NA,NA,NA,NA,NA,NA,NA,NA,NA,NA
"Motacilla_cinerea","0","1","0","0",NA,NA,NA,"0",NA,NA,NA,"Motacillidae",0,NA,NA,NA,NA,NA,NA,NA,NA,NA,NA,NA,NA,NA,NA,NA,NA,NA,NA,NA,NA,NA,NA
"Motacilla_citreola","0","2","0","0",NA,NA,NA,"0",NA,"0",NA,"Motacillidae",0,NA,NA,NA,NA,NA,NA,NA,NA,NA,NA,NA,NA,NA,NA,NA,NA,NA,NA,NA,NA,NA,NA
"Motacilla_clara","0","2","0","0",NA,NA,NA,"0",NA,"0",NA,"Motacillidae",0,NA,NA,NA,NA,NA,NA,NA,NA,NA,NA,NA,NA,NA,NA,NA,NA,NA,NA,NA,NA,NA,NA
"Motacilla_flava","0","2","0","0",NA,NA,NA,"0",NA,"0",NA,"Motacillidae",0,NA,2,2,2,NA,NA,NA,NA,NA,NA,NA,NA,NA,NA,NA,NA,NA,NA,NA,NA,NA,NA
"Motacilla_grandis","0","2","0","0",NA,NA,NA,"0",NA,"0",NA,"Motacillidae",0,NA,NA,NA,NA,NA,NA,NA,NA,NA,NA,NA,NA,NA,NA,NA,NA,NA,NA,NA,NA,NA,NA
"Motacilla_madaraspatensis","0","2","0","0",NA,NA,NA,"0",NA,"0",NA,"Motacillidae",0,NA,NA,NA,NA,NA,NA,NA,NA,NA,NA,NA,NA,NA,NA,NA,NA,NA,NA,NA,NA,NA,NA
"Muscicapa_adusta","0","2","0","0",NA,NA,NA,"0",NA,"0",NA,"Muscicapidae",0,NA,NA,NA,NA,NA,NA,NA,NA,NA,NA,NA,NA,NA,NA,NA,NA,NA,NA,NA,NA,NA,NA
"Muscicapa_caerulescens","0","2","0","0",NA,NA,NA,"0",NA,"0",NA,"Muscicapidae",0,NA,NA,NA,NA,NA,NA,NA,NA,NA,NA,NA,NA,NA,NA,NA,NA,NA,NA,NA,NA,NA,NA
"Muscicapa_cassini","0","2","0","0",NA,NA,NA,"0",NA,"0",NA,"Muscicapidae",0,NA,NA,NA,NA,NA,NA,NA,NA,NA,NA,3.5,3.5,3.5,NA,NA,NA,NA,NA,NA,NA,NA,NA
"Muscicapa_comitata","0","2","0","0",NA,NA,NA,"0",NA,"0",NA,"Muscicapidae",0,NA,NA,NA,NA,NA,NA,NA,NA,NA,NA,NA,NA,NA,NA,NA,NA,NA,NA,NA,NA,NA,NA
"Muscicapa_epulata","0","2","0","0",NA,NA,NA,"0",NA,"0",NA,"Muscicapidae",0,NA,NA,NA,NA,NA,NA,NA,NA,NA,NA,NA,NA,NA,NA,NA,NA,NA,NA,NA,NA,NA,NA
"Muscicapa_infuscata","1","0","2","0",NA,NA,NA,"1",NA,"1",NA,"Muscicapidae",0,NA,NA,NA,NA,NA,NA,NA,NA,NA,NA,NA,NA,NA,NA,NA,NA,NA,NA,NA,NA,NA,NA
"Muscicapa_sethsmithi","0","2","0","0",NA,NA,NA,"0",NA,"0",NA,"Muscicapidae",0,NA,NA,NA,NA,NA,NA,NA,NA,NA,NA,NA,NA,NA,NA,NA,NA,NA,NA,NA,NA,NA,NA
"Muscicapa_striata","0","2","0","0",NA,NA,NA,"0",NA,"0",NA,"Muscicapidae",0,NA,NA,NA,NA,NA,NA,NA,NA,NA,NA,NA,NA,NA,NA,NA,NA,NA,NA,NA,NA,NA,NA
"Myadestes_palmeri","1","0","2","0",NA,NA,NA,"1",NA,"1",NA,"Turdidae",0,NA,NA,NA,NA,NA,NA,NA,NA,NA,NA,NA,NA,NA,NA,NA,NA,NA,NA,NA,NA,NA,NA
"Mycerobas_carnipes","0","2","0","0",NA,NA,NA,"0",NA,"0",NA,"Fringillidae",0,NA,NA,NA,NA,NA,NA,NA,NA,NA,NA,NA,NA,NA,NA,NA,NA,NA,NA,NA,NA,NA,NA
"Myiarchus_cinerascens","0","2","0","0",NA,NA,NA,"0",NA,"0",NA,"Tyrannidae",NA,NA,NA,NA,NA,2,2,2,2,2,2,4,4,4,NA,NA,NA,NA,NA,NA,NA,NA,NA
"Myiarchus_crinitus","0","2","0","0",NA,NA,NA,"0",NA,"0",NA,"Tyrannidae",0,NA,NA,NA,NA,2,2,2,2,2,2,3.5,3.5,3.5,NA,NA,NA,NA,NA,NA,NA,NA,NA
"Myioborus_pictus","0","2","0","0",NA,NA,NA,"0",NA,"0",NA,"Parulidae",0,NA,NA,NA,NA,NA,NA,NA,NA,NA,NA,NA,NA,NA,NA,NA,NA,NA,NA,NA,NA,NA,NA
"Myioparus_griseigularis","0","2","0","0",NA,NA,NA,"0",NA,"0",NA,"Muscicapidae",0,NA,NA,NA,NA,NA,NA,NA,NA,NA,NA,NA,NA,NA,NA,NA,NA,NA,NA,NA,NA,NA,NA
"Myioparus_plumbeus","0","2","0","0",NA,NA,NA,"0",NA,"0",NA,"Muscicapidae",0,NA,NA,NA,NA,NA,NA,NA,NA,NA,NA,NA,NA,NA,NA,NA,NA,NA,NA,NA,NA,NA,NA
"Myrmecocichla_aethiops","1","0","2","0",NA,NA,NA,"1",NA,"1",NA,"Muscicapidae",0,NA,NA,NA,NA,NA,NA,NA,NA,NA,NA,NA,NA,NA,NA,NA,NA,NA,NA,NA,NA,NA,NA
"Namibornis_herero","0","2","0","0",NA,NA,NA,"0",NA,"0",NA,"Muscicapidae",0,NA,NA,NA,NA,NA,NA,NA,NA,NA,NA,NA,NA,NA,NA,NA,NA,NA,NA,NA,NA,NA,NA
"Nectarinia_coccinigaster","0","1","0","0",NA,NA,NA,"0",NA,NA,NA,"Nectariniidae",NA,NA,NA,NA,NA,NA,NA,NA,1,1,1,NA,NA,NA,NA,NA,NA,NA,NA,NA,NA,NA,NA
"Nectarinia_dussumieri","1","0","3","0",NA,NA,NA,"1",NA,"1","1","Nectariniidae",NA,NA,NA,NA,NA,NA,NA,NA,NA,NA,NA,60,60,60,NA,NA,NA,NA,NA,NA,NA,NA,NA
"Nectarinia_osea","0","4","0","0",NA,"0","0","0",NA,"0",NA,"Nectariniidae",NA,1,NA,NA,NA,NA,NA,NA,NA,NA,NA,1.6,1.6,1.6,NA,NA,NA,NA,NA,NA,NA,NA,NA
"Nesopsar_nigerrimus","0","2","0","0",NA,NA,NA,"0",NA,"0",NA,"Icteridae",0,NA,NA,NA,NA,NA,NA,NA,NA,NA,NA,NA,NA,NA,NA,NA,NA,NA,NA,NA,NA,NA,NA
"Nesospiza_acunhae","0","1","0","0",NA,NA,NA,NA,NA,"0",NA,"Thraupidae",0,NA,NA,NA,NA,NA,NA,NA,NA,NA,NA,NA,NA,NA,NA,NA,NA,NA,NA,NA,NA,NA,NA
"Nicator_chloris","0","2","0","0",NA,NA,NA,"0",NA,"0",NA,"Nicatoridae",0,NA,NA,NA,NA,NA,NA,NA,NA,NA,NA,NA,NA,NA,NA,NA,NA,NA,NA,NA,NA,NA,NA
"Nicator_gularis","0","2","0","0",NA,NA,NA,"0",NA,"0",NA,"Nicatoridae",0,NA,NA,NA,NA,NA,NA,NA,NA,NA,NA,3,3,3,NA,NA,NA,NA,NA,NA,NA,NA,NA
"Notiomystis_cincta","1","1","4","1",NA,"0","1","1",NA,"1","1","Notiomystidae",NA,1,NA,NA,NA,NA,NA,NA,NA,NA,NA,NA,NA,NA,NA,NA,NA,NA,NA,NA,NA,NA,NA
"Oenanthe_oenanthe","0","3","0","0",NA,"0","0","0",NA,NA,NA,"Muscicapidae",0,1,46,46,46,18,18,18,NA,NA,NA,1.25,1.25,1.25,6,6,6,8.275862069,8.275862069,8.275862069,0.172413793,0.172413793,0.172413793
"Onychognathus_albirostris","0","3","0","0",NA,NA,NA,"0","0","0",NA,"Sturnidae",0,NA,NA,NA,NA,NA,NA,NA,NA,NA,NA,NA,NA,NA,NA,NA,NA,NA,NA,NA,NA,NA,NA
"Onychognathus_morio","0","3","0","0",NA,NA,NA,"0","0","0",NA,"Sturnidae",0,NA,NA,NA,NA,NA,NA,NA,NA,NA,NA,NA,NA,NA,NA,NA,NA,NA,NA,NA,NA,NA,NA
"Onychognathus_nabouroup","0","3","0","0",NA,NA,NA,"0","0","0",NA,"Sturnidae",0,NA,NA,NA,NA,NA,NA,NA,NA,NA,NA,NA,NA,NA,NA,NA,NA,NA,NA,NA,NA,NA,NA
"Onychognathus_salvadorii","0","2","0","0",NA,NA,NA,"0","0",NA,NA,"Sturnidae",0,NA,NA,NA,NA,NA,NA,NA,NA,NA,NA,NA,NA,NA,NA,NA,NA,NA,NA,NA,NA,NA,NA
"Onychognathus_tenuirostris","0","3","0","0",NA,NA,NA,"0","0","0",NA,"Sturnidae",0,NA,NA,NA,NA,NA,NA,NA,NA,NA,NA,NA,NA,NA,NA,NA,NA,NA,NA,NA,NA,NA,NA
"Onychognathus_tristramii","0","2","0","0",NA,NA,NA,"0",NA,"0",NA,"Sturnidae",0,NA,NA,NA,NA,NA,NA,NA,NA,NA,NA,NA,NA,NA,NA,NA,NA,NA,NA,NA,NA,NA,NA
"Onychognathus_walleri","0","3","0","0",NA,NA,NA,"0","0","0",NA,"Sturnidae",0,NA,NA,NA,NA,NA,NA,NA,NA,NA,NA,NA,NA,NA,NA,NA,NA,NA,NA,NA,NA,NA,NA
"Oporornis_formosus","0","3","0","0",NA,NA,"0","0",NA,"0",NA,"Parulidae",NA,1,NA,NA,NA,NA,NA,NA,1,1,1,NA,NA,NA,NA,NA,NA,NA,NA,NA,NA,NA,NA
"Oporornis_philadelphia","0","2","0","0",NA,NA,NA,"0",NA,"0",NA,"Parulidae",NA,NA,NA,NA,NA,2.4,2.4,2.4,1,1.5,2,1.25,1.275,1.3,7.1,7.12,7.14,7.185628743,7.147111376,7.109004739,0.149700599,0.151876117,0.154028436
"Oporornis_tolmiei","0","2","0","0",NA,NA,NA,"0",NA,"0",NA,"Parulidae",NA,NA,NA,NA,NA,NA,NA,NA,1,1,1,NA,NA,NA,NA,NA,NA,NA,NA,NA,NA,NA,NA
"Oreomystis_mana","0","2","0","0",NA,NA,NA,"0",NA,"0",NA,"Fringillidae",0,NA,NA,NA,NA,NA,NA,NA,NA,NA,NA,NA,NA,NA,NA,NA,NA,NA,NA,NA,NA,NA,NA
"Oreoscoptes_montanus","0","2","0","0",NA,NA,NA,"0",NA,"0",NA,"Mimidae",0,NA,NA,NA,NA,NA,NA,NA,NA,NA,NA,166,166,166,NA,NA,NA,NA,NA,NA,NA,NA,NA
"Orthonyx_spaldingii","0","1","0","0",NA,NA,NA,"0",NA,NA,NA,"Orthonychidae",0,NA,NA,NA,NA,NA,NA,NA,NA,NA,NA,NA,NA,NA,NA,NA,NA,NA,NA,NA,NA,NA,NA
"Oxyruncus_cristatus","0","2","0","0",NA,NA,NA,"0",NA,"0",NA,"Tityridae",NA,NA,NA,NA,NA,NA,NA,NA,1,1,1,NA,NA,NA,NA,NA,NA,NA,NA,NA,NA,NA,NA
"Pachycephala_pectoralis","0","4","0","0",NA,"0","0","0",NA,"0",NA,"Pachycephalidae",0,1,NA,NA,NA,3.84,3.84,3.84,10.1,10.1,10.1,NA,NA,NA,NA,NA,NA,NA,NA,NA,NA,NA,NA
"Padda_oryzivora","0","2","0","0",NA,NA,NA,"0",NA,"0",NA,"Estrildidae",NA,NA,5,5,5,NA,NA,NA,NA,NA,NA,NA,NA,NA,NA,NA,NA,NA,NA,NA,NA,NA,NA
"Panurus_biarmicus","0","4","0","0",NA,"0","0","0",NA,"0",NA,"Panuridae",0,1,NA,NA,NA,NA,NA,NA,NA,NA,NA,2,2,2,NA,NA,NA,NA,NA,NA,NA,NA,NA
"Paradisaea_minor","0","2","0","0",NA,NA,NA,"0",NA,"0",NA,"Paradisaeidae",1,NA,NA,NA,NA,NA,NA,NA,NA,NA,NA,NA,NA,NA,NA,NA,NA,NA,NA,NA,NA,NA,NA
"Paradoxornis_webbianus","0","3","0","0",NA,"0",NA,"0",NA,"0",NA,"Paradoxornithidae",0,1,NA,NA,NA,NA,NA,NA,NA,NA,NA,NA,NA,NA,NA,NA,NA,NA,NA,NA,NA,NA,NA
"Pardalotus_punctatus","0","2","0","0",NA,NA,NA,"0",NA,"0",NA,"Pardalotidae",0,NA,NA,NA,NA,NA,NA,NA,NA,NA,NA,NA,NA,NA,NA,NA,NA,NA,NA,NA,NA,NA,NA
"Pardalotus_quadragintus","0","2","0","0",NA,NA,NA,"0",NA,"0",NA,"Pardalotidae",0,NA,NA,NA,NA,NA,NA,NA,NA,NA,NA,NA,NA,NA,NA,NA,NA,NA,NA,NA,NA,NA,NA
"Pardalotus_striatus","1","0","3","0","1",NA,NA,"1",NA,"1",NA,"Pardalotidae",0,NA,NA,NA,NA,NA,NA,NA,NA,NA,NA,NA,NA,NA,NA,NA,NA,NA,NA,NA,NA,NA,NA
"Paroreomyza_montana","1","0","3","0",NA,NA,NA,"1",NA,"1","1","Fringillidae",0,NA,NA,NA,NA,NA,NA,NA,NA,NA,NA,NA,NA,NA,NA,NA,NA,NA,NA,NA,NA,NA,NA
"Parotia_carolae","0","2","0","0",NA,NA,NA,"0",NA,"0",NA,"Paradisaeidae",1,NA,NA,NA,NA,NA,NA,NA,NA,NA,NA,NA,NA,NA,NA,NA,NA,NA,NA,NA,NA,NA,NA
"Parotia_wahnesi","0","2","0","0",NA,NA,NA,"0",NA,"0",NA,"Paradisaeidae",1,NA,NA,NA,NA,NA,NA,NA,NA,NA,NA,NA,NA,NA,NA,NA,NA,NA,NA,NA,NA,NA,NA
"Parula_americana","0","2","0","0",NA,NA,NA,"0",NA,"0",NA,"Parulidae",0,NA,NA,NA,NA,2.7,2.7,2.7,2,2,2,1.55,1.575,1.6,5.26,5.28,5.3,8.810572687,8.75273523,8.695652174,0.227606461,0.2297593,0.231884058
"Parus_albiventris","1","0","1","0",NA,NA,NA,"1",NA,NA,NA,"Paridae",0,NA,NA,NA,NA,NA,NA,NA,NA,NA,NA,NA,NA,NA,NA,NA,NA,NA,NA,NA,NA,NA,NA
"Parus_ater","0","4","0","0",NA,"0","0","0",NA,"0",NA,"Paridae",0,NA,NA,NA,NA,2,2,2,3,8.5,14,2.1,2.1,2.1,NA,NA,NA,NA,NA,NA,NA,NA,NA
"Parus_atricapillus","0","4","0","0",NA,"0","0","0",NA,"0",NA,"Paridae",0,1,2,2,2,1,2,2.5,1,1.5,2,NA,NA,NA,NA,NA,NA,NA,NA,NA,NA,NA,NA
"Parus_caeruleus","0","3","0","0",NA,"0","0","0",NA,NA,NA,"Paridae",1,1,3.4,6.5,9.6,2,2.44,2.88,3,4.5,5.5,2.4,2.4,2.4,4.6,4.6,4.6,8.571428571,8.571428571,8.571428571,0.342857143,0.342857143,0.342857143
"Parus_carolinensis","0","2","0","0",NA,NA,"0","0",NA,NA,NA,"Paridae",0,1,NA,NA,NA,4,4,4,3,3,3,1.2,1.2,1.2,3,3,3,14.28571429,14.28571429,14.28571429,0.285714286,0.285714286,0.285714286
"Parus_cinctus","0","2","0","0",NA,NA,NA,"0",NA,"0",NA,"Paridae",0,NA,NA,NA,NA,NA,NA,NA,1,1,1,NA,NA,NA,NA,NA,NA,NA,NA,NA,NA,NA,NA
"Parus_cinerascens","1","1","1","1",NA,NA,NA,"1",NA,"0",NA,"Paridae",0,NA,NA,NA,NA,NA,NA,NA,NA,NA,NA,NA,NA,NA,NA,NA,NA,NA,NA,NA,NA,NA,NA
"Parus_cristatus","0","4","0","0",NA,"0","0","0",NA,"0",NA,"Paridae",0,1,2,2,2,2,2,2,1,1,1,3.2,3.2,3.2,7.1,7.1,7.1,5.825242718,5.825242718,5.825242718,0.310679612,0.310679612,0.310679612
"Parus_cyanus","0","1","0","0",NA,NA,NA,"0",NA,NA,NA,"Paridae",0,NA,NA,NA,NA,NA,NA,NA,NA,NA,NA,NA,NA,NA,NA,NA,NA,NA,NA,NA,NA,NA,NA
"Parus_hudsonicus","0","2","0","0",NA,NA,NA,"0",NA,"0",NA,"Paridae",0,NA,NA,NA,NA,NA,NA,NA,NA,NA,NA,NA,NA,NA,NA,NA,NA,NA,NA,NA,NA,NA,NA
"Parus_leucomelas","1","0","1","0",NA,NA,NA,"1",NA,NA,NA,"Paridae",0,NA,NA,NA,NA,NA,NA,NA,NA,NA,NA,NA,NA,NA,NA,NA,NA,NA,NA,NA,NA,NA,NA
"Parus_lugubris","0","1","0","0",NA,NA,NA,"0",NA,NA,NA,"Paridae",0,NA,NA,NA,NA,NA,NA,NA,NA,NA,NA,NA,NA,NA,NA,NA,NA,NA,NA,NA,NA,NA,NA
"Parus_major","0","4","0","0",NA,"0","0","0",NA,"0",NA,"Paridae",0,0,3.4,7.9,10,2,2.2,2.4,3,3.75,4.5,3,3,3,NA,NA,NA,NA,NA,NA,NA,NA,NA
"Parus_montanus","0","4","0","0",NA,"0","0","0",NA,"0",NA,"Paridae",0,NA,1,1,1,1,1,1,1,1,1,1,1,1,NA,NA,NA,NA,NA,NA,NA,NA,NA
"Parus_niger","1","0","3","0",NA,NA,NA,"1",NA,"1","1","Paridae",0,NA,NA,NA,NA,NA,NA,NA,NA,NA,NA,NA,NA,NA,NA,NA,NA,NA,NA,NA,NA,NA,NA
"Parus_palustris","0","2","0","0",NA,NA,NA,"0",NA,"0",NA,"Paridae",0,NA,NA,NA,NA,2,2,2,4,12,20,1.5,1.5,1.5,3.5,3.5,3.5,12,12,12,0.3,0.3,0.3
"Parus_rufescens","0","2","0","0",NA,NA,NA,"0",NA,"0",NA,"Paridae",0,NA,NA,NA,NA,NA,NA,NA,NA,NA,NA,NA,NA,NA,NA,NA,NA,NA,NA,NA,NA,NA,NA
"Parus_rufonuchalis","0","2","0","0",NA,NA,NA,"0",NA,"0",NA,"Paridae",0,NA,NA,NA,NA,NA,NA,NA,NA,NA,NA,NA,NA,NA,NA,NA,NA,NA,NA,NA,NA,NA,NA
"Parus_sclateri","0","1","0","0",NA,NA,NA,"0",NA,NA,NA,"Paridae",0,NA,NA,NA,NA,NA,NA,NA,NA,NA,NA,NA,NA,NA,NA,NA,NA,NA,NA,NA,NA,NA,NA
"Passer_domesticus","1","2","2","1",NA,"0","0","1",NA,"1",NA,"Passeridae",0,1,6,6,6,1,1,1,1,1,1,0.17,0.17,0.17,NA,NA,NA,NA,NA,NA,NA,NA,NA
"Passer_griseus","0","2","0","0",NA,NA,NA,"0",NA,"0",NA,"Passeridae",0,NA,NA,NA,NA,NA,NA,NA,NA,NA,NA,NA,NA,NA,NA,NA,NA,NA,NA,NA,NA,NA,NA
"Passer_montanus","0","4","0","0",NA,"0","0","0",NA,"0",NA,"Passeridae",0,NA,10,10,10,6,6,6,1,1,1,0.11,0.11,0.11,7.1,7.1,7.1,8.321775312,8.321775312,8.321775312,0.015256588,0.015256588,0.015256588
"Passer_rutilans","0","2","0","0",NA,NA,NA,"0",NA,"0",NA,"Passeridae",0,NA,NA,NA,NA,NA,NA,NA,NA,NA,NA,NA,NA,NA,NA,NA,NA,NA,NA,NA,NA,NA,NA
"Passerculus_sandwichensis","0","4","0","0",NA,"0","0","0",NA,"0",NA,"Passerellidae",1,1,5,5,5,5,5,5,1,1,1,2.25,2.25,2.25,6.3,6.3,6.3,7.01754386,7.01754386,7.01754386,0.263157895,0.263157895,0.263157895
"Passerella_iliaca","0","2","0","0",NA,NA,NA,"0",NA,"0",NA,"Passerellidae",NA,NA,19.87,19.87,19.87,7,7,7,1,3,3.2,2.2,2.2,2.2,NA,NA,NA,NA,NA,NA,NA,NA,NA
"Passerina_amoena","0","2","0","0",NA,NA,NA,"0",NA,"0",NA,"Cardinalidae",0,NA,7.32,8.16,9,7.32,8.16,9,1,1,1,2.13,2.13,2.13,8.61,8.7,8.79,5.586592179,5.540166205,5.494505495,0.198324022,0.1966759,0.195054945
"Passerina_caerulea","0","2","0","0",NA,"0","0",NA,NA,NA,NA,"Cardinalidae",NA,1,NA,NA,NA,NA,NA,NA,NA,NA,NA,4,4,4,NA,NA,NA,NA,NA,NA,NA,NA,NA
"Passerina_ciris","0","2","0","0",NA,NA,NA,"0",NA,"0",NA,"Cardinalidae",1,NA,NA,NA,NA,12.21,12.21,12.21,4,4,4,1.955,1.955,1.955,7.37,7.37,7.37,6.434316354,6.434316354,6.434316354,0.209651475,0.209651475,0.209651475
"Passerina_cyanea","0","4","0","0",NA,"0","0","0",NA,"0",NA,"Cardinalidae",0,1,8,8,8,5.63,7.315,9,1,1,1,2.2,2.35,2.5,8.59,8.6,8.61,5.560704356,5.479452055,5.400540054,0.203892493,0.214611872,0.225022502
"Passerina_leclancherii","0","1","0","0",NA,NA,NA,"0",NA,NA,NA,"Cardinalidae",NA,NA,NA,NA,NA,18,18,18,5,5,5,2.21,2.21,2.21,3.4,3.4,3.4,10.69518717,10.69518717,10.69518717,0.393939394,0.393939394,0.393939394
"Passerina_versicolor","0","2","0","0",NA,NA,NA,"0",NA,"0",NA,"Cardinalidae",NA,NA,NA,NA,NA,5,5,5,2,2,2,1.7,1.7,1.7,2,2,2,16.21621622,16.21621622,16.21621622,0.459459459,0.45945946,0.459459459
"Perisoreus_canadensis","0","2","1","1",NA,NA,"0","0",NA,NA,"1","Corvidae",0,NA,NA,NA,NA,NA,NA,NA,NA,NA,NA,NA,NA,NA,NA,NA,NA,NA,NA,NA,NA,NA,NA
"Perisoreus_infaustus","0","3","0","0",NA,"0","0","0",NA,NA,NA,"Corvidae",0,NA,NA,NA,NA,NA,NA,NA,NA,NA,NA,NA,NA,NA,NA,NA,NA,NA,NA,NA,NA,NA,NA
"Petrochelidon_fulva","0","2","0","0",NA,NA,NA,"0",NA,"0",NA,"Hirundinidae",0,NA,NA,NA,NA,NA,NA,NA,NA,NA,NA,NA,NA,NA,NA,NA,NA,NA,NA,NA,NA,NA,NA
"Petrochelidon_pyrrhonota","0","2","0","0",NA,NA,NA,"0",NA,"0",NA,"Hirundinidae",0,0,NA,NA,NA,NA,NA,NA,NA,NA,NA,7,7,7,NA,NA,NA,NA,NA,NA,NA,NA,NA
"Petroica_australis","0","4","0","0",NA,"0","0","0",NA,"0",NA,"Petroicidae",0,0,23.6,23.6,23.6,NA,NA,NA,NA,NA,NA,NA,NA,NA,NA,NA,NA,NA,NA,NA,NA,NA,NA
"Petroica_goodenovii","0","4","0","0",NA,"0","0","0",NA,"0",NA,"Petroicidae",0,1,NA,NA,NA,NA,NA,NA,NA,NA,NA,NA,NA,NA,NA,NA,NA,NA,NA,NA,NA,NA,NA
"Petroica_macrocephala","0","2","0","0",NA,NA,NA,"0",NA,"0",NA,"Petroicidae",0,NA,NA,NA,NA,NA,NA,NA,NA,NA,NA,NA,NA,NA,NA,NA,NA,NA,NA,NA,NA,NA,NA
"Petronia_petronia","0","4","0","0",NA,"0","0","0",NA,"0",NA,"Passeridae",NA,1,NA,NA,NA,NA,NA,NA,NA,NA,NA,NA,NA,NA,NA,NA,NA,NA,NA,NA,NA,NA,NA
"Petronia_xanthocollis","0","2","0","0",NA,NA,NA,"0",NA,"0",NA,"Passeridae",0,NA,NA,NA,NA,NA,NA,NA,NA,NA,NA,NA,NA,NA,NA,NA,NA,NA,NA,NA,NA,NA,NA
"Pezopetes_capitalis","0","2","0","0",NA,NA,NA,"0",NA,"0",NA,"Passerellidae",0,NA,NA,NA,NA,NA,NA,NA,NA,NA,NA,NA,NA,NA,NA,NA,NA,NA,NA,NA,NA,NA,NA
"Phacellodomus_maculipectus","0","1","0","0",NA,NA,NA,"0",NA,NA,NA,"Furnariidae",0,NA,NA,NA,NA,NA,NA,NA,NA,NA,NA,2.75,2.75,2.75,NA,NA,NA,NA,NA,NA,NA,NA,NA
"Phacellodomus_striaticollis","0","1","0","0",NA,NA,NA,"0",NA,NA,NA,"Furnariidae",0,NA,NA,NA,NA,NA,NA,NA,NA,NA,NA,NA,NA,NA,NA,NA,NA,NA,NA,NA,NA,NA,NA
"Phainopepla_nitens","0","3","0","0",NA,"0",NA,"0",NA,"0",NA,"Bombycillidae",0,0,NA,NA,NA,NA,NA,NA,NA,NA,NA,NA,NA,NA,NA,NA,NA,NA,NA,NA,NA,NA,NA
"Pheucticus_ludovicianus","0","2","0","0",NA,NA,NA,"0",NA,"0",NA,"Cardinalidae",0,NA,19,19,19,10,10,10,19,259.5,500,3.7,3.7,3.7,10.5,10.5,10.5,4.225352113,4.225352113,4.225352113,0.26056338,0.26056338,0.26056338
"Pheucticus_melanocephalus","0","2","0","0",NA,NA,NA,"0",NA,"0",NA,"Cardinalidae",0,NA,NA,NA,NA,NA,NA,NA,25,25,25,NA,NA,NA,NA,NA,NA,NA,NA,NA,NA,NA,NA
"Philetairus_socius","1","0","4","0",NA,NA,"1","1",NA,"1","1","Ploceidae",0,0,NA,NA,NA,NA,NA,NA,NA,NA,NA,NA,NA,NA,NA,NA,NA,NA,NA,NA,NA,NA,NA
"Phoenicurus_ochruros","1","1","2","1",NA,"0",NA,"1",NA,"1",NA,"Muscicapidae",NA,NA,5,5,5,NA,NA,NA,NA,NA,NA,NA,NA,NA,NA,NA,NA,NA,NA,NA,NA,NA,NA
"Phoenicurus_phoenicurus","0","4","0","0",NA,"0","0","0",NA,"0",NA,"Muscicapidae",1,NA,NA,NA,NA,18,18,18,200,200,200,NA,NA,NA,NA,NA,NA,NA,NA,NA,NA,NA,NA
"Pholidornis_rushiae","1","0","2","0",NA,NA,NA,"1",NA,"1",NA,"unknown",0,NA,NA,NA,NA,NA,NA,NA,NA,NA,NA,2,2,2,NA,NA,NA,NA,NA,NA,NA,NA,NA
"Phyllastrephus_cabanisi","0","2","1","1",NA,NA,NA,"0",NA,"0","1","Pycnonotidae",0,NA,NA,NA,NA,NA,NA,NA,NA,NA,NA,NA,NA,NA,NA,NA,NA,NA,NA,NA,NA,NA,NA
"Phyllastrephus_debilis","0","2","0","0",NA,NA,NA,"0",NA,"0",NA,"Pycnonotidae",0,NA,NA,NA,NA,NA,NA,NA,NA,NA,NA,NA,NA,NA,NA,NA,NA,NA,NA,NA,NA,NA,NA
"Phyllastrephus_fischeri","0","1","0","0",NA,NA,NA,"0",NA,NA,NA,"Pycnonotidae",0,NA,NA,NA,NA,NA,NA,NA,NA,NA,NA,NA,NA,NA,NA,NA,NA,NA,NA,NA,NA,NA,NA
"Phyllastrephus_flavostriatus","0","2","0","0",NA,NA,NA,"0",NA,"0",NA,"Pycnonotidae",0,NA,NA,NA,NA,NA,NA,NA,NA,NA,NA,NA,NA,NA,NA,NA,NA,NA,NA,NA,NA,NA,NA
"Phyllastrephus_icterinus","0","2","0","0",NA,NA,NA,"0",NA,"0",NA,"Pycnonotidae",0,NA,NA,NA,NA,NA,NA,NA,NA,NA,NA,NA,NA,NA,NA,NA,NA,NA,NA,NA,NA,NA,NA
"Phyllastrephus_terrestris","0","2","0","0",NA,NA,NA,"0",NA,"0",NA,"Pycnonotidae",0,NA,NA,NA,NA,NA,NA,NA,NA,NA,NA,NA,NA,NA,7,7,7,NA,NA,NA,NA,NA,NA
"Phylloscopus_bonelli","0","1","0","0",NA,NA,NA,"0",NA,NA,NA,"Phylloscopidae",0,NA,NA,NA,NA,1,1,1,5,5,5,0.7,0.7,0.7,8,8,8,6.896551724,6.896551724,6.896551724,0.08045977,0.08045977,0.08045977
"Phylloscopus_collybita","0","2","0","0",NA,NA,NA,"0",NA,"0",NA,"Phylloscopidae",1,NA,2,2,2,2,2,2,1,1,1,4,4,4,2.7,2.7,2.7,8.955223881,8.955223881,8.955223881,0.597014925,0.597014925,0.597014925
"Phylloscopus_fuscatus","0","3","0","0",NA,"0",NA,"0",NA,"0",NA,"Phylloscopidae",1,1,18.6,25.3,27,1.5,1.5,1.5,NA,NA,NA,NA,NA,NA,NA,NA,NA,NA,NA,NA,NA,NA,NA
"Phylloscopus_humei","0","1","0","0",NA,NA,NA,"0",NA,NA,NA,"Phylloscopidae",0,NA,NA,NA,NA,NA,NA,NA,NA,NA,NA,NA,NA,NA,NA,NA,NA,NA,NA,NA,NA,NA,NA
"Phylloscopus_nitidus","0","1","0","0",NA,NA,NA,"0",NA,NA,NA,"Phylloscopidae",0,NA,NA,NA,NA,NA,NA,NA,NA,NA,NA,NA,NA,NA,NA,NA,NA,NA,NA,NA,NA,NA,NA
"Phylloscopus_ruficapilla","0","2","0","0",NA,NA,NA,"0",NA,"0",NA,"Phylloscopidae",0,NA,NA,NA,NA,NA,NA,NA,NA,NA,NA,NA,NA,NA,NA,NA,NA,NA,NA,NA,NA,NA,NA
"Phylloscopus_sibilatrix","0","3","0","0",NA,"0",NA,"0",NA,"0",NA,"Phylloscopidae",1,0,NA,NA,NA,1.5,1.5,1.5,2,2,2,3,3.2,3.4,4.6,4.6,4.6,7.894736842,7.692307692,7.5,0.394736842,0.41025641,0.425
"Phylloscopus_sindianus","0","2","0","0",NA,NA,NA,"0",NA,"0",NA,"Phylloscopidae",0,NA,NA,NA,NA,NA,NA,NA,NA,NA,NA,NA,NA,NA,NA,NA,NA,NA,NA,NA,NA,NA,NA
"Phylloscopus_trochilus","0","3","0","0",NA,"0","0","0",NA,NA,NA,"Phylloscopidae",0,1,29.7,35.1,80,9,9,9,31,31,31,3.31,3.31,3.31,7.28,7.28,7.28,5.66572238,5.66572238,5.66572238,0.312559018,0.312559018,0.312559018
"Phylloscopus_umbrovirens","0","2","0","0",NA,NA,NA,"0",NA,"0",NA,"Phylloscopidae",0,NA,NA,NA,NA,NA,NA,NA,NA,NA,NA,NA,NA,NA,NA,NA,NA,NA,NA,NA,NA,NA,NA
"Pica_hudsonia","0","1","0","0",NA,NA,NA,"0",NA,NA,NA,"Corvidae",0,1,NA,NA,NA,NA,NA,NA,3,3,3,NA,NA,NA,NA,NA,NA,NA,NA,NA,NA,NA,NA
"Pica_nuttalli","0","2","0","0",NA,NA,NA,"0",NA,"0",NA,"Corvidae",0,NA,NA,NA,NA,NA,NA,NA,NA,NA,NA,NA,NA,NA,NA,NA,NA,NA,NA,NA,NA,NA,NA
"Pica_pica","0","3","0","0",NA,NA,"0","0",NA,"0",NA,"Corvidae",0,1,NA,NA,NA,NA,NA,NA,NA,NA,NA,NA,NA,NA,NA,NA,NA,NA,NA,NA,NA,NA,NA
"Pinicola_enucleator","0","2","0","0",NA,NA,NA,"0",NA,"0",NA,"Fringillidae",0,NA,NA,NA,NA,NA,NA,NA,NA,NA,NA,NA,NA,NA,NA,NA,NA,NA,NA,NA,NA,NA,NA
"Pipilo_aberti","0","2","0","0",NA,NA,NA,"0",NA,"0",NA,"Passerellidae",NA,NA,NA,NA,NA,NA,NA,NA,1,1,1,NA,NA,NA,NA,NA,NA,NA,NA,NA,NA,NA,NA
"Pipilo_chlorurus","0","2","0","0",NA,NA,NA,"0",NA,"0",NA,"Passerellidae",0,NA,NA,NA,NA,NA,NA,NA,NA,NA,NA,NA,NA,NA,NA,NA,NA,NA,NA,NA,NA,NA,NA
"Pipilo_erythrophthalmus","0","2","0","0",NA,NA,NA,"0",NA,"0",NA,"Passerellidae",0,NA,15,15,15,1,1,1,6,6.5,7,0.83,0.83,0.83,4.39,4.39,4.39,11.49425287,11.49425287,11.49425287,0.159003831,0.159003831,0.159003831
"Pipilo_fuscus","0","2","0","0",NA,NA,NA,"0",NA,"0",NA,"Passerellidae",NA,NA,NA,NA,NA,1,1,1,6,6,6,1.49,1.505,1.52,10.4,11,11.6,5.046257359,4.798080768,4.573170732,0.125315391,0.120351859,0.115853659
"Pipilo_maculatus","0","2","0","0",NA,"0",NA,"0",NA,NA,NA,"Passerellidae",0,NA,13,13,13,2,2,2,7.75,7.75,7.75,NA,NA,NA,NA,NA,NA,NA,NA,NA,NA,NA,NA
"Piranga_ludoviciana","0","2","0","0",NA,NA,NA,"0",NA,"0",NA,"Cardinalidae",NA,NA,NA,NA,NA,5,5,5,100,500,1000,NA,NA,NA,NA,NA,NA,NA,NA,NA,NA,NA,NA
"Piranga_olivacea","0","4","0","0",NA,"0","0","0",NA,"0",NA,"Cardinalidae",NA,1,NA,NA,NA,5.5,5.5,5.5,100,500,1000,2.75,2.75,2.75,9.5,9.5,9.5,4.897959184,4.897959184,4.897959184,0.224489796,0.224489796,0.224489796
"Piranga_rubra","0","2","0","0",NA,NA,NA,"0",NA,"0",NA,"Cardinalidae",NA,NA,NA,NA,NA,10.7,10.7,10.7,100,500,1000,21,21,21,NA,NA,NA,NA,NA,NA,NA,NA,NA
"Platysteira_castanea","1","0","2","0",NA,NA,NA,"1",NA,"1",NA,"Platysteiridae",0,NA,NA,NA,NA,NA,NA,NA,NA,NA,NA,NA,NA,NA,NA,NA,NA,NA,NA,NA,NA,NA,NA
"Platysteira_chalybea","1","0","1","0",NA,NA,NA,NA,NA,"1",NA,"Platysteiridae",0,NA,NA,NA,NA,NA,NA,NA,NA,NA,NA,NA,NA,NA,NA,NA,NA,NA,NA,NA,NA,NA,NA
"Platysteira_concreta","0","1","0","0",NA,NA,NA,"0",NA,NA,NA,"Platysteiridae",0,NA,NA,NA,NA,NA,NA,NA,NA,NA,NA,NA,NA,NA,NA,NA,NA,NA,NA,NA,NA,NA,NA
"Platysteira_cyanea","0","2","0","0",NA,NA,NA,"0",NA,"0",NA,"Platysteiridae",0,NA,NA,NA,NA,NA,NA,NA,NA,NA,NA,NA,NA,NA,NA,NA,NA,NA,NA,NA,NA,NA,NA
"Platysteira_peltata","1","0","2","0",NA,NA,NA,"1",NA,"1",NA,"Platysteiridae",0,NA,NA,NA,NA,NA,NA,NA,NA,NA,NA,NA,NA,NA,NA,NA,NA,NA,NA,NA,NA,NA,NA
"Plectrophenax_nivalis","0","3","0","0",NA,"0",NA,"0",NA,"0",NA,"Calcariidae",0,1,7.46,7.46,7.46,7.46,7.46,7.46,1,1,1,NA,NA,NA,NA,NA,NA,NA,NA,NA,NA,NA,NA
"Plocepasser_donaldsoni","1","0","1","0",NA,NA,NA,"1",NA,NA,NA,"Ploceidae",0,NA,NA,NA,NA,NA,NA,NA,NA,NA,NA,NA,NA,NA,NA,NA,NA,NA,NA,NA,NA,NA,NA
"Plocepasser_mahali","1","0","5","0",NA,"1","1","1",NA,"1","1","Ploceidae",0,NA,NA,NA,NA,NA,NA,NA,NA,NA,NA,100,500,1000,NA,NA,NA,NA,NA,NA,NA,NA,NA
"Ploceus_alienus","0","2","0","0",NA,NA,NA,"0",NA,"0",NA,"Ploceidae",0,NA,NA,NA,NA,NA,NA,NA,NA,NA,NA,NA,NA,NA,NA,NA,NA,NA,NA,NA,NA,NA,NA
"Ploceus_angolensis","0","1","0","0",NA,NA,NA,"0",NA,NA,NA,"Ploceidae",0,NA,NA,NA,NA,NA,NA,NA,NA,NA,NA,NA,NA,NA,NA,NA,NA,NA,NA,NA,NA,NA,NA
"Ploceus_baglafecht","0","2","0","0",NA,NA,NA,"0",NA,"0",NA,"Ploceidae",0,NA,NA,NA,NA,NA,NA,NA,NA,NA,NA,NA,NA,NA,NA,NA,NA,NA,NA,NA,NA,NA,NA
"Ploceus_benghalensis","0","2","0","0",NA,NA,NA,"0",NA,"0",NA,"Ploceidae",1,NA,NA,NA,NA,NA,NA,NA,NA,NA,NA,NA,NA,NA,NA,NA,NA,NA,NA,NA,NA,NA,NA
"Ploceus_bertrandi","0","2","0","0",NA,NA,NA,"0",NA,"0",NA,"Ploceidae",0,NA,NA,NA,NA,NA,NA,NA,NA,NA,NA,NA,NA,NA,NA,NA,NA,NA,NA,NA,NA,NA,NA
"Ploceus_bicolor","0","2","0","0",NA,NA,NA,"0",NA,"0",NA,"Ploceidae",0,NA,NA,NA,NA,NA,NA,NA,NA,NA,NA,NA,NA,NA,NA,NA,NA,NA,NA,NA,NA,NA,NA
"Ploceus_capensis","0","2","0","0",NA,NA,NA,"0",NA,"0",NA,"Ploceidae",1,NA,NA,NA,NA,NA,NA,NA,NA,NA,NA,27,27,27,NA,NA,NA,NA,NA,NA,NA,NA,NA
"Ploceus_cucullatus","0","2","0","0",NA,NA,NA,"0",NA,"0",NA,"Ploceidae",1,NA,NA,NA,NA,NA,NA,NA,NA,NA,NA,NA,NA,NA,NA,NA,NA,NA,NA,NA,NA,NA,NA
"Ploceus_galbula","0","1","0","0",NA,NA,NA,"0",NA,NA,NA,"Ploceidae",1,NA,NA,NA,NA,NA,NA,NA,NA,NA,NA,NA,NA,NA,NA,NA,NA,NA,NA,NA,NA,NA,NA
"Ploceus_grandis","0","1","0","0",NA,NA,NA,"0",NA,NA,NA,"Ploceidae",0,NA,NA,NA,NA,NA,NA,NA,NA,NA,NA,NA,NA,NA,NA,NA,NA,NA,NA,NA,NA,NA,NA
"Ploceus_heuglini","0","2","0","0",NA,NA,NA,"0",NA,"0",NA,"Ploceidae",1,NA,NA,NA,NA,NA,NA,NA,NA,NA,NA,NA,NA,NA,NA,NA,NA,NA,NA,NA,NA,NA,NA
"Ploceus_intermedius","0","2","0","0",NA,NA,NA,"0",NA,"0",NA,"Ploceidae",1,NA,NA,NA,NA,NA,NA,NA,NA,NA,NA,NA,NA,NA,NA,NA,NA,NA,NA,NA,NA,NA,NA
"Ploceus_jacksoni","0","1","0","0",NA,NA,NA,"0",NA,NA,NA,"Ploceidae",1,NA,NA,NA,NA,NA,NA,NA,NA,NA,NA,NA,NA,NA,NA,NA,NA,NA,NA,NA,NA,NA,NA
"Ploceus_luteolus","0","2","0","0",NA,NA,NA,"0",NA,"0",NA,"Ploceidae",0,NA,NA,NA,NA,NA,NA,NA,NA,NA,NA,NA,NA,NA,NA,NA,NA,NA,NA,NA,NA,NA,NA
"Ploceus_megarhynchus","0","2","0","0",NA,NA,NA,"0",NA,"0",NA,"Ploceidae",1,NA,NA,NA,NA,NA,NA,NA,NA,NA,NA,NA,NA,NA,NA,NA,NA,NA,NA,NA,NA,NA,NA
"Ploceus_melanocephalus","0","2","0","0",NA,NA,NA,"0",NA,"0",NA,"Ploceidae",1,NA,NA,NA,NA,NA,NA,NA,NA,NA,NA,NA,NA,NA,NA,NA,NA,NA,NA,NA,NA,NA,NA
"Ploceus_melanogaster","0","2","0","0",NA,NA,NA,"0",NA,"0",NA,"Ploceidae",0,NA,NA,NA,NA,NA,NA,NA,NA,NA,NA,NA,NA,NA,NA,NA,NA,NA,NA,NA,NA,NA,NA
"Ploceus_nigerrimus","0","2","0","0",NA,NA,NA,"0",NA,"0",NA,"Ploceidae",1,NA,NA,NA,NA,NA,NA,NA,NA,NA,NA,NA,NA,NA,NA,NA,NA,NA,NA,NA,NA,NA,NA
"Ploceus_nigricollis","0","2","0","0",NA,NA,NA,"0",NA,"0",NA,"Ploceidae",0,NA,NA,NA,NA,NA,NA,NA,NA,NA,NA,NA,NA,NA,NA,NA,NA,NA,NA,NA,NA,NA,NA
"Ploceus_ocularis","0","2","0","0",NA,NA,NA,"0",NA,"0",NA,"Ploceidae",0,NA,NA,NA,NA,NA,NA,NA,NA,NA,NA,NA,NA,NA,NA,NA,NA,NA,NA,NA,NA,NA,NA
"Ploceus_olivaceiceps","0","2","0","0",NA,NA,NA,"0",NA,"0",NA,"Ploceidae",0,NA,NA,NA,NA,NA,NA,NA,NA,NA,NA,NA,NA,NA,NA,NA,NA,NA,NA,NA,NA,NA,NA
"Ploceus_pelzelni","0","2","0","0",NA,NA,NA,"0",NA,"0",NA,"Ploceidae",0,NA,NA,NA,NA,NA,NA,NA,NA,NA,NA,NA,NA,NA,NA,NA,NA,NA,NA,NA,NA,NA,NA
"Ploceus_philippinus","0","2","0","0",NA,NA,NA,"0",NA,"0",NA,"Ploceidae",1,NA,NA,NA,NA,NA,NA,NA,NA,NA,NA,NA,NA,NA,NA,NA,NA,NA,NA,NA,NA,NA,NA
"Ploceus_preussi","0","2","0","0",NA,NA,NA,"0",NA,"0",NA,"Ploceidae",0,NA,NA,NA,NA,NA,NA,NA,NA,NA,NA,NA,NA,NA,NA,NA,NA,NA,NA,NA,NA,NA,NA
"Ploceus_princeps","0","1","0","0",NA,NA,NA,NA,NA,"0",NA,"Ploceidae",0,NA,NA,NA,NA,NA,NA,NA,NA,NA,NA,NA,NA,NA,NA,NA,NA,NA,NA,NA,NA,NA,NA
"Ploceus_sanctithomae","0","2","0","0",NA,NA,NA,"0",NA,"0",NA,"Ploceidae",0,NA,NA,NA,NA,NA,NA,NA,NA,NA,NA,NA,NA,NA,NA,NA,NA,NA,NA,NA,NA,NA,NA
"Ploceus_spekei","0","2","0","0",NA,NA,NA,"0",NA,"0",NA,"Ploceidae",1,NA,NA,NA,NA,NA,NA,NA,NA,NA,NA,NA,NA,NA,NA,NA,NA,NA,NA,NA,NA,NA,NA
"Ploceus_superciliosus","0","1","0","0",NA,NA,NA,"0",NA,NA,NA,"Ploceidae",0,NA,NA,NA,NA,NA,NA,NA,NA,NA,NA,NA,NA,NA,NA,NA,NA,NA,NA,NA,NA,NA,NA
"Ploceus_taeniopterus","0","2","0","0",NA,NA,NA,"0",NA,"0",NA,"Ploceidae",1,NA,NA,NA,NA,NA,NA,NA,NA,NA,NA,NA,NA,NA,NA,NA,NA,NA,NA,NA,NA,NA,NA
"Ploceus_tricolor","0","2","0","0",NA,NA,NA,"0",NA,"0",NA,"Ploceidae",0,NA,NA,NA,NA,NA,NA,NA,NA,NA,NA,NA,NA,NA,NA,NA,NA,NA,NA,NA,NA,NA,NA
"Ploceus_velatus","0","2","0","0",NA,NA,NA,"0",NA,"0",NA,"Ploceidae",1,NA,NA,NA,NA,NA,NA,NA,NA,NA,NA,NA,NA,NA,NA,NA,NA,NA,NA,NA,NA,NA,NA
"Ploceus_vitellinus","0","2","0","0",NA,NA,NA,"0",NA,"0",NA,"Ploceidae",1,NA,NA,NA,NA,NA,NA,NA,NA,NA,NA,NA,NA,NA,NA,NA,NA,NA,NA,NA,NA,NA,NA
"Ploceus_xanthops","0","2","0","0",NA,NA,NA,"0",NA,"0",NA,"Ploceidae",0,NA,NA,NA,NA,NA,NA,NA,NA,NA,NA,NA,NA,NA,NA,NA,NA,NA,NA,NA,NA,NA,NA
"Ploceus_xanthopterus","0","2","0","0",NA,NA,NA,"0",NA,"0",NA,"Ploceidae",1,NA,NA,NA,NA,NA,NA,NA,NA,NA,NA,NA,NA,NA,NA,NA,NA,NA,NA,NA,NA,NA,NA
"Poephila_acuticauda","0","3","0","0",NA,"0",NA,"0",NA,"0",NA,"Estrildidae",NA,NA,NA,NA,NA,NA,NA,NA,NA,NA,NA,NA,NA,NA,NA,NA,NA,NA,NA,NA,NA,NA,NA
"Polioptila_dumicola","0","1","0","0",NA,NA,NA,"0",NA,NA,NA,"unknown",0,NA,NA,NA,NA,NA,NA,NA,NA,NA,NA,NA,NA,NA,NA,NA,NA,NA,NA,NA,NA,NA,NA
"Pomatostomus_temporalis","1","0","6","0","1","1","1","1",NA,"1","1","Pomatostomidae",0,NA,NA,NA,NA,NA,NA,NA,NA,NA,NA,NA,NA,NA,NA,NA,NA,NA,NA,NA,NA,NA,NA
"Pooecetes_gramineus","0","2","0","0",NA,NA,NA,"0",NA,"0",NA,"Passerellidae",0,NA,NA,NA,NA,6.6,6.6,6.6,6,6.2,6.4,2.7,2.7,2.7,NA,NA,NA,NA,NA,NA,NA,NA,NA
"Prinia_gracilis","0","2","0","0",NA,NA,NA,"0",NA,"0",NA,"unknown",0,NA,NA,NA,NA,NA,NA,NA,NA,NA,NA,NA,NA,NA,NA,NA,NA,NA,NA,NA,NA,NA,NA
"Prionodura_newtoniana","0","2","0","0",NA,NA,NA,"0",NA,"0",NA,"Ptilonorhynchidae",1,NA,NA,NA,NA,NA,NA,NA,NA,NA,NA,1.5,1.5,1.5,NA,NA,NA,NA,NA,NA,NA,NA,NA
"Prionops_retzii","1","0","2","0",NA,NA,NA,"1",NA,"1",NA,"unknown",0,NA,NA,NA,NA,NA,NA,NA,NA,NA,NA,NA,NA,NA,NA,NA,NA,NA,NA,NA,NA,NA,NA
"Progne_subis","0","4","0","0",NA,"0","0","0",NA,"0",NA,"Hirundinidae",0,1,10,10,10,10,10,10,1,1,1,3,3,3,17,17,17,3,3,3,0.15,0.15,0.15
"Promerops_cafer","0","3","0","0",NA,NA,"0","0",NA,"0",NA,"Promeropidae",0,1,NA,NA,NA,NA,NA,NA,NA,NA,NA,NA,NA,NA,NA,NA,NA,NA,NA,NA,NA,NA,NA
"Promerops_gurneyi","0","2","0","0",NA,NA,NA,"0",NA,"0",NA,"unknown",0,NA,NA,NA,NA,NA,NA,NA,NA,NA,NA,NA,NA,NA,NA,NA,NA,NA,NA,NA,NA,NA,NA
"Protonotaria_citrea","0","2","0","0",NA,NA,NA,"0",NA,"0",NA,"Parulidae",0,NA,NA,NA,NA,NA,NA,NA,NA,NA,NA,NA,NA,NA,NA,NA,NA,NA,NA,NA,NA,NA,NA
"Prunella_collaris","1","1","4","1",NA,"0","1","1",NA,"1","1","Prunellidae",NA,0,NA,NA,NA,NA,NA,NA,NA,NA,NA,NA,NA,NA,NA,NA,NA,NA,NA,NA,NA,NA,NA
"Prunella_modularis","1","1","4","1",NA,"0","1","1",NA,"1","1","Prunellidae",NA,0,48,48,48,12,12,12,4,4,4,2.75,2.875,3,NA,NA,NA,NA,NA,NA,NA,NA,NA
"Psaltriparus_minimus","1","0","5","0",NA,"1","1","1",NA,"1","1","Aegithalidae",NA,0,NA,NA,NA,NA,NA,NA,NA,NA,NA,NA,NA,NA,NA,NA,NA,NA,NA,NA,NA,NA,NA
"Psarocolius_angustifrons","0","2","0","0",NA,NA,NA,"0",NA,"0",NA,"Icteridae",1,NA,NA,NA,NA,NA,NA,NA,NA,NA,NA,1.2,1.2,1.2,NA,NA,NA,NA,NA,NA,NA,NA,NA
"Psarocolius_atrovirens","0","1","0","0",NA,NA,NA,"0",NA,NA,NA,"Icteridae",1,NA,NA,NA,NA,NA,NA,NA,NA,NA,NA,1,1,1,NA,NA,NA,NA,NA,NA,NA,NA,NA
"Psarocolius_bifasciatus","0","1","0","0",NA,NA,NA,"0",NA,NA,NA,"Icteridae",1,NA,NA,NA,NA,NA,NA,NA,NA,NA,NA,NA,NA,NA,NA,NA,NA,NA,NA,NA,NA,NA,NA
"Psarocolius_guatimozinus","0","1","0","0",NA,NA,NA,"0",NA,NA,NA,"Icteridae",1,NA,NA,NA,NA,NA,NA,NA,NA,NA,NA,NA,NA,NA,NA,NA,NA,NA,NA,NA,NA,NA,NA
"Psarocolius_viridis","0","2","0","0",NA,NA,NA,"0",NA,"0",NA,"Icteridae",1,NA,NA,NA,NA,NA,NA,NA,NA,NA,NA,1.5,1.5,1.5,NA,NA,NA,NA,NA,NA,NA,NA,NA
"Psarocolius_wagleri","0","2","0","0",NA,NA,NA,"0",NA,"0",NA,"Icteridae",1,NA,NA,NA,NA,NA,NA,NA,NA,NA,NA,NA,NA,NA,NA,NA,NA,NA,NA,NA,NA,NA,NA
"Pseudonestor_xanthophrys","0","2","0","0",NA,NA,NA,"0",NA,"0",NA,"Fringillidae",NA,NA,NA,NA,NA,NA,NA,NA,NA,NA,NA,NA,NA,NA,NA,NA,NA,NA,NA,NA,NA,NA,NA
"Pseudonigrita_arnaudi","1","0","3","0",NA,NA,NA,"1",NA,"1","1","Ploceidae",0,NA,NA,NA,NA,8.5,8.5,8.5,NA,NA,NA,NA,NA,NA,NA,NA,NA,NA,NA,NA,NA,NA,NA
"Pseudopodoces_humilis","1","2","2","1",NA,"1",NA,"0",NA,"0","1","Paridae",NA,1,NA,NA,NA,NA,NA,NA,NA,NA,NA,NA,NA,NA,NA,NA,NA,NA,NA,NA,NA,NA,NA
"Pseudoseisura_cristata","1","0","2","0",NA,NA,NA,"1",NA,"1",NA,"Furnariidae",NA,NA,NA,NA,NA,NA,NA,NA,NA,NA,NA,7,7,7,NA,NA,NA,NA,NA,NA,NA,NA,NA
"Pseudoseisura_lophotes","1","1","1","1",NA,NA,NA,"0",NA,NA,"1","Furnariidae",0,NA,NA,NA,NA,NA,NA,NA,NA,NA,NA,15,15,15,NA,NA,NA,NA,NA,NA,NA,NA,NA
"Psophodes_olivaceus","0","2","0","0",NA,NA,NA,"0",NA,"0",NA,"unknown",NA,NA,NA,NA,NA,NA,NA,NA,NA,NA,NA,NA,NA,NA,NA,NA,NA,NA,NA,NA,NA,NA,NA
"Pteridophora_alberti","0","2","0","0",NA,NA,NA,"0",NA,"0",NA,"Paradisaeidae",1,NA,NA,NA,NA,NA,NA,NA,NA,NA,NA,NA,NA,NA,NA,NA,NA,NA,NA,NA,NA,NA,NA
"Ptilonorhynchus_violaceus","0","2","0","0",NA,NA,NA,"0",NA,"0",NA,"Ptilonorhynchidae",1,NA,NA,NA,NA,3.6,3.6,3.6,NA,NA,NA,NA,NA,NA,NA,NA,NA,NA,NA,NA,NA,NA,NA
"Ptiloris_magnificus","0","2","0","0",NA,NA,NA,"0",NA,"0",NA,"Paradisaeidae",1,NA,NA,NA,NA,NA,NA,NA,NA,NA,NA,NA,NA,NA,NA,NA,NA,NA,NA,NA,NA,NA,NA
"Pycnonotus_barbatus","1","0","2","0",NA,NA,NA,"1",NA,"1",NA,"Pycnonotidae",0,NA,NA,NA,NA,NA,NA,NA,5.5,5.5,5.5,1.4,1.4,1.4,4.5,4.5,4.5,10.16949153,10.16949153,10.16949153,0.237288136,0.237288136,0.237288136
"Pycnonotus_capensis","0","2","0","0",NA,NA,NA,"0",NA,"0",NA,"Pycnonotidae",0,NA,NA,NA,NA,NA,NA,NA,NA,NA,NA,NA,NA,NA,NA,NA,NA,NA,NA,NA,NA,NA,NA
"Pycnonotus_nigricans","0","2","0","0",NA,NA,NA,"0",NA,"0",NA,"Pycnonotidae",0,NA,NA,NA,NA,NA,NA,NA,NA,NA,NA,NA,NA,NA,NA,NA,NA,NA,NA,NA,NA,NA,NA
"Pycnonotus_sinensis","0","1","0","0",NA,NA,NA,"0",NA,NA,NA,"Pycnonotidae",0,NA,NA,NA,NA,NA,NA,NA,NA,NA,NA,NA,NA,NA,NA,NA,NA,NA,NA,NA,NA,NA,NA
"Pycnonotus_xanthopygos","0","2","0","0",NA,NA,NA,"0",NA,"0",NA,"Pycnonotidae",0,NA,NA,NA,NA,NA,NA,NA,NA,NA,NA,NA,NA,NA,NA,NA,NA,NA,NA,NA,NA,NA,NA
"Pycnoptilus_floccosus","0","2","0","0",NA,NA,NA,"0",NA,"0",NA,"Acanthizidae",NA,NA,NA,NA,NA,4,4,4,NA,NA,NA,NA,NA,NA,NA,NA,NA,NA,NA,NA,NA,NA,NA
"Pyrocephalus_rubinus","0","4","0","0",NA,"0","0","0",NA,"0",NA,"Tyrannidae",0,1,NA,NA,NA,NA,NA,NA,NA,NA,NA,NA,NA,NA,NA,NA,NA,NA,NA,NA,NA,NA,NA
"Pyrrhocorax_graculus","0","2","0","0",NA,NA,NA,"0",NA,"0",NA,"unknown",0,NA,NA,NA,NA,NA,NA,NA,NA,NA,NA,NA,NA,NA,NA,NA,NA,NA,NA,NA,NA,NA,NA
"Pyrrhula_pyrrhula","0","2","0","0",NA,NA,NA,"0",NA,"0",NA,"Fringillidae",0,NA,NA,NA,NA,NA,NA,NA,NA,NA,NA,NA,NA,NA,NA,NA,NA,NA,NA,NA,NA,NA,NA
"Quelea_cardinalis","0","2","0","0",NA,NA,NA,"0",NA,"0",NA,"Ploceidae",1,NA,NA,NA,NA,NA,NA,NA,NA,NA,NA,NA,NA,NA,NA,NA,NA,NA,NA,NA,NA,NA,NA
"Quelea_quelea","0","4","0","0",NA,"0","0","0",NA,"0",NA,"Ploceidae",0,1,NA,NA,NA,NA,NA,NA,NA,NA,NA,NA,NA,NA,NA,NA,NA,NA,NA,NA,NA,NA,NA
"Quiscalus_lugubris","0","2","0","0",NA,NA,NA,"0",NA,"0",NA,"Icteridae",0,NA,NA,NA,NA,NA,NA,NA,NA,NA,NA,NA,NA,NA,NA,NA,NA,NA,NA,NA,NA,NA,NA
"Quiscalus_major","0","2","0","0",NA,NA,NA,"0",NA,"0",NA,"Icteridae",1,NA,10,10,10,NA,NA,NA,NA,NA,NA,NA,NA,NA,NA,NA,NA,NA,NA,NA,NA,NA,NA
"Quiscalus_mexicanus","0","2","0","0",NA,NA,NA,"0",NA,"0",NA,"Icteridae",1,1,NA,NA,NA,NA,NA,NA,NA,NA,NA,NA,NA,NA,NA,NA,NA,NA,NA,NA,NA,NA,NA
"Quiscalus_quiscula","0","2","0","0",NA,NA,NA,"0",NA,"0",NA,"Icteridae",0,NA,3,3,3,NA,NA,NA,1,1,1,NA,NA,NA,NA,NA,NA,NA,NA,NA,NA,NA,NA
"Ramphocelus_costaricensis","0","2","0","0",NA,"0",NA,"0",NA,NA,NA,"Thraupidae",NA,1,NA,NA,NA,NA,NA,NA,NA,NA,NA,NA,NA,NA,NA,NA,NA,NA,NA,NA,NA,NA,NA
"Regulus_ignicapilla","0","2","0","0",NA,NA,NA,"0",NA,"0",NA,"Regulidae",NA,NA,4,4,4,4,4,4,1,1,1,2,2,2,5.5,5.5,5.5,8,8,8,0.266666667,0.266666667,0.266666667
"Regulus_regulus","0","2","0","0",NA,NA,NA,"0",NA,"0",NA,"Regulidae",NA,NA,6,6,6,6,6,6,1,1,1,3.7,3.7,3.7,6.3,6.3,6.3,6,6,6,0.37,0.37,0.37
"Remiz_pendulinus","0","3","0","0",NA,"0",NA,"0",NA,"0",NA,"Remizidae",NA,0,NA,NA,NA,NA,NA,NA,NA,NA,NA,NA,NA,NA,NA,NA,NA,NA,NA,NA,NA,NA,NA
"Rhipidura_leucophrys","0","2","0","0",NA,NA,NA,"0",NA,"0",NA,"Rhipiduridae",0,NA,NA,NA,NA,NA,NA,NA,3.5,3.5,3.5,NA,NA,NA,NA,NA,NA,NA,NA,NA,NA,NA,NA
"Rhodopechys_obsoletus","0","2","0","0",NA,NA,NA,"0",NA,"0",NA,"Fringillidae",0,NA,NA,NA,NA,NA,NA,NA,NA,NA,NA,NA,NA,NA,NA,NA,NA,NA,NA,NA,NA,NA,NA
"Rhodopechys_sanguineus","0","2","0","0",NA,NA,NA,"0",NA,"0",NA,"Fringillidae",0,NA,NA,NA,NA,NA,NA,NA,NA,NA,NA,NA,NA,NA,NA,NA,NA,NA,NA,NA,NA,NA,NA
"Riparia_riparia","0","4","0","0",NA,"0","0","0",NA,"0",NA,"Hirundinidae",0,1,3,3,3,NA,NA,NA,NA,NA,NA,NA,NA,NA,NA,NA,NA,NA,NA,NA,NA,NA,NA
"Salpinctes_obsoletus","0","2","0","0",NA,NA,NA,"0",NA,"0",NA,"Troglodytidae",0,NA,94,94,94,1,1,1,9.4,9.4,9.4,1.5,1.5,1.5,3.5,3.5,3.5,12,12,12,0.3,0.3,0.3
"Saroglossa_spiloptera","0","1","0","0",NA,NA,NA,"0",NA,NA,NA,"unknown",0,NA,NA,NA,NA,NA,NA,NA,NA,NA,NA,NA,NA,NA,NA,NA,NA,NA,NA,NA,NA,NA,NA
"Saxicola_rubetra","0","1","0","0",NA,NA,NA,"0",NA,NA,NA,"Muscicapidae",NA,NA,130,130,130,15,15,15,NA,NA,NA,NA,NA,NA,NA,NA,NA,NA,NA,NA,NA,NA,NA
"Saxicola_torquatus","0","2","0","0",NA,NA,NA,"0",NA,"0",NA,"Muscicapidae",NA,NA,NA,NA,NA,8,8,8,100,500,1000,NA,NA,NA,NA,NA,NA,NA,NA,NA,NA,NA,NA
"Sayornis_nigricans","0","2","0","0",NA,NA,NA,"0",NA,"0",NA,"Tyrannidae",0,1,NA,NA,NA,NA,NA,NA,NA,NA,NA,NA,NA,NA,NA,NA,NA,NA,NA,NA,NA,NA,NA
"Sayornis_phoebe","0","4","0","0",NA,"0","0","0",NA,"0",NA,"Tyrannidae",0,1,5,5,5,2,2,2,2,2,2,0.4,0.4,0.4,1.7,1.7,1.7,28.57142857,28.57142857,28.57142857,0.19047619,0.190476191,0.19047619
"Scenopoeetes_dentirostris","0","2","0","0",NA,NA,NA,"0",NA,"0",NA,"unknown",1,NA,NA,NA,NA,NA,NA,NA,NA,NA,NA,NA,NA,NA,NA,NA,NA,NA,NA,NA,NA,NA,NA
"Scissirostrum_dubium","0","2","0","0",NA,NA,NA,"0",NA,"0",NA,"unknown",0,NA,NA,NA,NA,NA,NA,NA,NA,NA,NA,NA,NA,NA,NA,NA,NA,NA,NA,NA,NA,NA,NA
"Sclerurus_caudacutus","0","2","0","0",NA,NA,NA,"0",NA,"0",NA,"Furnariidae",0,NA,NA,NA,NA,NA,NA,NA,NA,NA,NA,NA,NA,NA,NA,NA,NA,NA,NA,NA,NA,NA,NA
"Sclerurus_guatemalensis","0","2","0","0",NA,NA,NA,"0",NA,"0",NA,"Furnariidae",0,NA,NA,NA,NA,NA,NA,NA,NA,NA,NA,NA,NA,NA,NA,NA,NA,NA,NA,NA,NA,NA,NA
"Scotocerca_inquieta","0","2","0","0",NA,NA,NA,"0",NA,"0",NA,"unknown",0,NA,NA,NA,NA,NA,NA,NA,NA,NA,NA,NA,NA,NA,NA,NA,NA,NA,NA,NA,NA,NA,NA
"Seiurus_aurocapilla","1","0","2","0",NA,NA,NA,"1",NA,"1",NA,"Parulidae",0,NA,3,3,3,3,3,3,1,1,1,2.7,2.715,2.73,4.76,4.78,4.8,8.042895442,8.005336891,7.96812749,0.361930295,0.362241494,0.362549801
"Seiurus_motacilla","0","2","0","0",NA,NA,NA,"0",NA,"0",NA,"Parulidae",0,NA,NA,NA,NA,NA,NA,NA,NA,NA,NA,NA,NA,NA,NA,NA,NA,NA,NA,NA,NA,NA,NA
"Seiurus_noveboracensis","0","2","0","0",NA,NA,NA,"0",NA,"0",NA,"Parulidae",0,NA,3.8,3.8,3.8,3.8,3.8,3.8,1,1,1,1.8,1.805,1.81,7.69,7.695,7.7,6.322444679,6.315789474,6.309148265,0.18967334,0.19,0.190325973
"Sericornis_frontalis","1","0","6","0","1","1","1","1",NA,"1","1","Acanthizidae",NA,1,NA,NA,NA,NA,NA,NA,NA,NA,NA,NA,NA,NA,NA,NA,NA,NA,NA,NA,NA,NA,NA
"Serinus_alario","0","2","0","0",NA,NA,NA,"0",NA,"0",NA,"Fringillidae",0,NA,NA,NA,NA,NA,NA,NA,NA,NA,NA,NA,NA,NA,NA,NA,NA,NA,NA,NA,NA,NA,NA
"Serinus_albogularis","0","2","0","0",NA,NA,NA,"0",NA,"0",NA,"Fringillidae",0,NA,NA,NA,NA,NA,NA,NA,NA,NA,NA,NA,NA,NA,NA,NA,NA,NA,NA,NA,NA,NA,NA
"Serinus_atrogularis","0","2","0","0",NA,NA,NA,"0",NA,"0",NA,"Fringillidae",0,NA,NA,NA,NA,NA,NA,NA,NA,NA,NA,NA,NA,NA,NA,NA,NA,NA,NA,NA,NA,NA,NA
"Serinus_burtoni","0","2","0","0",NA,NA,NA,"0",NA,"0",NA,"Fringillidae",0,NA,NA,NA,NA,NA,NA,NA,NA,NA,NA,NA,NA,NA,NA,NA,NA,NA,NA,NA,NA,NA,NA
"Serinus_canaria","0","3","0","0",NA,"0",NA,"0",NA,"0",NA,"Fringillidae",0,NA,25,69.85,81,9,9.5,10,100,300,316.2,8.3,8.3,8.3,NA,NA,NA,NA,NA,NA,NA,NA,NA
"Serinus_canicollis","0","2","0","0",NA,NA,NA,"0",NA,"0",NA,"Fringillidae",0,NA,NA,NA,NA,NA,NA,NA,NA,NA,NA,20,20,20,NA,NA,NA,NA,NA,NA,NA,NA,NA
"Serinus_citrinipectus","0","2","0","0",NA,NA,NA,"0",NA,"0",NA,"Fringillidae",0,NA,NA,NA,NA,NA,NA,NA,NA,NA,NA,NA,NA,NA,NA,NA,NA,NA,NA,NA,NA,NA,NA
"Serinus_flaviventris","0","2","0","0",NA,NA,NA,"0",NA,"0",NA,"Fringillidae",0,NA,NA,NA,NA,NA,NA,NA,NA,NA,NA,NA,NA,NA,NA,NA,NA,NA,NA,NA,NA,NA,NA
"Serinus_flavivertex","0","1","0","0",NA,NA,NA,"0",NA,NA,NA,"Fringillidae",0,NA,NA,NA,NA,NA,NA,NA,NA,NA,NA,15,15,15,NA,NA,NA,NA,NA,NA,NA,NA,NA
"Serinus_gularis","0","2","0","0",NA,NA,NA,"0",NA,"0",NA,"Fringillidae",0,NA,NA,NA,NA,NA,NA,NA,NA,NA,NA,NA,NA,NA,NA,NA,NA,NA,NA,NA,NA,NA,NA
"Serinus_leucopterus","0","2","0","0",NA,NA,NA,"0",NA,"0",NA,"Fringillidae",0,NA,NA,NA,NA,NA,NA,NA,NA,NA,NA,NA,NA,NA,NA,NA,NA,NA,NA,NA,NA,NA,NA
"Serinus_mennelli","0","2","0","0",NA,NA,NA,"0",NA,"0",NA,"Fringillidae",0,NA,NA,NA,NA,NA,NA,NA,NA,NA,NA,NA,NA,NA,NA,NA,NA,NA,NA,NA,NA,NA,NA
"Serinus_mozambicus","0","2","0","0",NA,NA,NA,"0",NA,"0",NA,"Fringillidae",0,NA,NA,NA,NA,NA,NA,NA,NA,NA,NA,NA,NA,NA,NA,NA,NA,NA,NA,NA,NA,NA,NA
"Serinus_nigriceps","0","1","0","0",NA,NA,NA,"0",NA,NA,NA,"Fringillidae",0,NA,NA,NA,NA,NA,NA,NA,NA,NA,NA,NA,NA,NA,NA,NA,NA,NA,NA,NA,NA,NA,NA
"Serinus_pusillus","0","2","0","0",NA,NA,NA,"0",NA,"0",NA,"Fringillidae",0,NA,NA,NA,NA,NA,NA,NA,NA,NA,NA,NA,NA,NA,NA,NA,NA,NA,NA,NA,NA,NA,NA
"Serinus_scotops","0","2","0","0",NA,NA,NA,"0",NA,"0",NA,"Fringillidae",0,NA,NA,NA,NA,NA,NA,NA,NA,NA,NA,NA,NA,NA,NA,NA,NA,NA,NA,NA,NA,NA,NA
"Serinus_serinus","0","4","0","0",NA,"0","0","0",NA,"0",NA,"Fringillidae",0,0,54,58.75,63.5,NA,NA,NA,NA,NA,NA,NA,NA,NA,NA,NA,NA,NA,NA,NA,NA,NA,NA
"Serinus_striolatus","0","2","0","0",NA,NA,NA,"0",NA,"0",NA,"Fringillidae",0,NA,NA,NA,NA,NA,NA,NA,NA,NA,NA,NA,NA,NA,NA,NA,NA,NA,NA,NA,NA,NA,NA
"Serinus_sulphuratus","0","2","0","0",NA,NA,NA,"0",NA,"0",NA,"Fringillidae",0,NA,NA,NA,NA,NA,NA,NA,NA,NA,NA,NA,NA,NA,NA,NA,NA,NA,NA,NA,NA,NA,NA
"Serinus_syriacus","0","2","0","0",NA,NA,NA,"0",NA,"0",NA,"Fringillidae",0,NA,NA,NA,NA,NA,NA,NA,NA,NA,NA,NA,NA,NA,NA,NA,NA,NA,NA,NA,NA,NA,NA
"Serinus_totta","0","2","0","0",NA,NA,NA,"0",NA,"0",NA,"Fringillidae",0,NA,NA,NA,NA,NA,NA,NA,NA,NA,NA,NA,NA,NA,NA,NA,NA,NA,NA,NA,NA,NA,NA
"Serinus_tristriatus","0","2","0","0",NA,NA,NA,"0",NA,"0",NA,"Fringillidae",0,NA,NA,NA,NA,NA,NA,NA,NA,NA,NA,NA,NA,NA,NA,NA,NA,NA,NA,NA,NA,NA,NA
"Setophaga_ruticilla","0","4","0","0",NA,"0","0","0",NA,"0",NA,"Parulidae",0,1,4,4,4,1.6,1.6,1.6,4,4,4,0.9,0.91,0.92,5.26,5.28,5.3,9.74025974,9.693053312,9.646302251,0.146103896,0.147011309,0.147909968
"Sialia_currucoides","0","2","0","0",NA,"0",NA,"0",NA,NA,NA,"Turdidae",NA,NA,NA,NA,NA,NA,NA,NA,2,2,2,NA,NA,NA,NA,NA,NA,NA,NA,NA,NA,NA,NA
"Sialia_mexicana","1","0","4","0",NA,"1",NA,"1",NA,"1","1","Turdidae",0,1,NA,NA,NA,NA,NA,NA,NA,NA,NA,NA,NA,NA,NA,NA,NA,NA,NA,NA,NA,NA,NA
"Sialia_sialis","0","3","0","0",NA,"0","0","0",NA,NA,NA,"Turdidae",0,1,NA,NA,NA,NA,NA,NA,NA,NA,NA,NA,NA,NA,NA,NA,NA,NA,NA,NA,NA,NA,NA
"Sigelus_silens","0","1","0","0",NA,NA,NA,"0",NA,NA,NA,"Muscicapidae",0,NA,NA,NA,NA,NA,NA,NA,NA,NA,NA,NA,NA,NA,NA,NA,NA,NA,NA,NA,NA,NA,NA
"Sitta_carolinensis","0","2","0","0",NA,NA,NA,"0",NA,"0",NA,"Sittidae",0,NA,NA,NA,NA,1,1,1,2,2,2,2,2,2,NA,NA,NA,NA,NA,NA,NA,NA,NA
"Sitta_europaea","0","3","0","0",NA,NA,"0","0",NA,"0",NA,"Sittidae",0,NA,NA,NA,NA,NA,NA,NA,NA,NA,NA,NA,NA,NA,NA,NA,NA,NA,NA,NA,NA,NA,NA
"Speculipastor_bicolor","1","1","2","1",NA,NA,NA,"1","1","0",NA,"unknown",0,NA,NA,NA,NA,NA,NA,NA,NA,NA,NA,NA,NA,NA,NA,NA,NA,NA,NA,NA,NA,NA,NA
"Sphenoeacus_afer","0","2","0","0",NA,NA,NA,"0",NA,"0",NA,"Macrosphenidae",0,NA,NA,NA,NA,NA,NA,NA,NA,NA,NA,NA,NA,NA,NA,NA,NA,NA,NA,NA,NA,NA,NA
"Spiza_americana","0","4","0","0",NA,"0","0","0",NA,"0",NA,"Cardinalidae",1,NA,2,2,2,2,2,2,1,1,1,1.5,1.5,1.5,NA,NA,NA,NA,NA,NA,NA,NA,NA
"Spizella_arborea","0","2","0","0",NA,NA,NA,"0",NA,"0",NA,"Passerellidae",0,NA,NA,NA,NA,NA,NA,NA,1,1,1,NA,NA,NA,NA,NA,NA,NA,NA,NA,NA,NA,NA
"Spizella_atrogularis","0","2","0","0",NA,NA,NA,"0",NA,"0",NA,"Passerellidae",0,NA,NA,NA,NA,NA,NA,NA,2,2,2,NA,NA,NA,NA,NA,NA,NA,NA,NA,NA,NA,NA
"Spizella_breweri","0","1","0","0",NA,NA,NA,"0",NA,NA,NA,"Passerellidae",0,NA,NA,NA,NA,NA,NA,NA,NA,NA,NA,NA,NA,NA,NA,NA,NA,NA,NA,NA,NA,NA,NA
"Spizella_pallida","0","2","0","0",NA,NA,NA,"0",NA,"0",NA,"Passerellidae",0,NA,1,1,1,1,1,1,1,1,1,1.75,1.75,1.75,6.25,6.25,6.25,7.5,7.5,7.5,0.21875,0.21875,0.21875
"Spizella_passerina","1","1","1","1",NA,NA,NA,"1",NA,"0",NA,"Passerellidae",0,NA,1,1,1,1,1,1,1,1,1,2.61,2.61,2.61,6.79,6.79,6.79,6.382978723,6.382978723,6.382978723,0.277659574,0.277659575,0.277659574
"Spizella_pusilla","0","3","0","0",NA,NA,"0","0",NA,"0",NA,"Passerellidae",0,1,2,2,2,2,2,2,1,1,1,3,3,3,NA,NA,NA,NA,NA,NA,NA,NA,NA
"Spizocorys_conirostris","0","2","0","0",NA,NA,NA,"0",NA,"0",NA,"Alaudidae",0,NA,NA,NA,NA,NA,NA,NA,NA,NA,NA,NA,NA,NA,NA,NA,NA,NA,NA,NA,NA,NA,NA
"Spizocorys_fringillaris","0","2","0","0",NA,NA,NA,"0",NA,"0",NA,"Alaudidae",0,NA,NA,NA,NA,NA,NA,NA,NA,NA,NA,NA,NA,NA,NA,NA,NA,NA,NA,NA,NA,NA,NA
"Sporophila_minuta","0","1","0","0",NA,NA,NA,"0",NA,NA,NA,"unknown",0,NA,NA,NA,NA,NA,NA,NA,NA,NA,NA,NA,NA,NA,NA,NA,NA,NA,NA,NA,NA,NA,NA
"Sporopipes_frontalis","1","0","1","0",NA,NA,NA,"1",NA,NA,NA,"Ploceidae",0,NA,NA,NA,NA,NA,NA,NA,NA,NA,NA,NA,NA,NA,NA,NA,NA,NA,NA,NA,NA,NA,NA
"Sporopipes_squamifrons","1","0","1","0",NA,NA,NA,"1",NA,NA,NA,"Ploceidae",0,NA,NA,NA,NA,2,2,2,NA,NA,NA,NA,NA,NA,NA,NA,NA,NA,NA,NA,NA,NA,NA
"Spreo_bicolor","1","0","4","0",NA,NA,NA,"1","1","1","1","Sturnidae",0,NA,NA,NA,NA,NA,NA,NA,NA,NA,NA,NA,NA,NA,NA,NA,NA,NA,NA,NA,NA,NA,NA
"Spreo_fischeri","1","0","3","0",NA,NA,NA,"1","1","1",NA,"Sturnidae",0,NA,NA,NA,NA,NA,NA,NA,NA,NA,NA,NA,NA,NA,NA,NA,NA,NA,NA,NA,NA,NA,NA
"Stenostira_scita","0","2","0","0",NA,NA,NA,"0",NA,"0",NA,"Stenostiridae",0,NA,NA,NA,NA,NA,NA,NA,NA,NA,NA,NA,NA,NA,NA,NA,NA,NA,NA,NA,NA,NA,NA
"Sturnella_bellicosa","0","1","0","0",NA,NA,NA,"0",NA,NA,NA,"Icteridae",NA,NA,34.5,34.5,34.5,NA,NA,NA,3,3,3,NA,NA,NA,NA,NA,NA,NA,NA,NA,NA,NA,NA
"Sturnella_defilippii",NA,NA,NA,NA,NA,NA,NA,NA,NA,NA,NA,"Icteridae",NA,NA,NA,NA,NA,NA,NA,NA,2,2,2,NA,NA,NA,NA,NA,NA,NA,NA,NA,NA,NA,NA
"Sturnella_loyca","0","2","0","0",NA,NA,NA,"0",NA,"0",NA,"Icteridae",NA,NA,NA,NA,NA,NA,NA,NA,8,8,8,NA,NA,NA,NA,NA,NA,NA,NA,NA,NA,NA,NA
"Sturnella_magna","0","2","0","0",NA,NA,NA,"0",NA,"0",NA,"Icteridae",1,NA,389.5,389.5,389.5,5,5,5,70,70,70,1.28,1.28,1.28,NA,NA,NA,NA,NA,NA,NA,NA,NA
"Sturnella_neglecta","0","2","0","0",NA,NA,NA,"0",NA,"0",NA,"Icteridae",1,NA,86,86,86,8,8,8,8,8,8,1.5,1.75,2,8,8,8,6.315789474,6.153846154,6,0.157894737,0.17948718,0.2
"Sturnella_superciliaris","0","1","0","0",NA,NA,NA,"0",NA,NA,NA,"Icteridae",NA,NA,NA,NA,NA,NA,NA,NA,2,2,2,NA,NA,NA,NA,NA,NA,NA,NA,NA,NA,NA,NA
"Sturnus_contra","0","2","0","0",NA,NA,NA,"0",NA,"0",NA,"Sturnidae",0,NA,NA,NA,NA,NA,NA,NA,NA,NA,NA,NA,NA,NA,NA,NA,NA,NA,NA,NA,NA,NA,NA
"Sturnus_malabaricus","0","2","0","0",NA,NA,NA,"0",NA,"0",NA,"Sturnidae",0,NA,NA,NA,NA,NA,NA,NA,NA,NA,NA,NA,NA,NA,NA,NA,NA,NA,NA,NA,NA,NA,NA
"Sturnus_pagodarum","0","2","0","0",NA,NA,NA,"0",NA,"0",NA,"Sturnidae",0,NA,NA,NA,NA,NA,NA,NA,NA,NA,NA,NA,NA,NA,NA,NA,NA,NA,NA,NA,NA,NA,NA
"Sturnus_philippensis","0","2","0","0",NA,NA,NA,"0",NA,"0",NA,"Sturnidae",0,NA,NA,NA,NA,NA,NA,NA,NA,NA,NA,NA,NA,NA,NA,NA,NA,NA,NA,NA,NA,NA,NA
"Sturnus_roseus","0","1","0","0",NA,NA,NA,"0",NA,NA,NA,"Sturnidae",0,NA,NA,NA,NA,NA,NA,NA,NA,NA,NA,NA,NA,NA,NA,NA,NA,NA,NA,NA,NA,NA,NA
"Sturnus_sturninus","0","2","0","0",NA,NA,NA,"0",NA,"0",NA,"Sturnidae",0,NA,NA,NA,NA,NA,NA,NA,NA,NA,NA,NA,NA,NA,NA,NA,NA,NA,NA,NA,NA,NA,NA
"Sturnus_unicolor","0","3","0","0",NA,"0",NA,"0",NA,"0",NA,"Sturnidae",NA,1,NA,NA,NA,NA,NA,NA,NA,NA,NA,NA,NA,NA,NA,NA,NA,NA,NA,NA,NA,NA,NA
"Sturnus_vulgaris","0","3","0","0",NA,"0","0","0",NA,NA,NA,"Sturnidae",1,0,39.9,41.95,44,4.2,9.6,15,35,40.13,49,24.77,24.77,24.77,5,5,5,2.015451797,2.015451797,2.015451797,0.832045684,0.832045684,0.832045684
"Sylvia_atricapilla","0","2","0","0",NA,NA,NA,"0",NA,"0",NA,"Sylviidae",1,NA,NA,NA,NA,25,25,25,100,500,1000,4.5,4.5,4.5,4.2,4.2,4.2,6.896551724,6.896551724,6.896551724,0.517241379,0.517241379,0.517241379
"Sylvia_boehmi","0","2","0","0",NA,NA,NA,"0",NA,"0",NA,"Sylviidae",0,NA,NA,NA,NA,NA,NA,NA,NA,NA,NA,3,3,3,3.5,3.5,3.5,9.230769231,9.230769231,9.230769231,0.461538462,0.461538462,0.461538462
"Sylvia_borin","0","2","0","0",NA,NA,NA,"0",NA,"0",NA,"Sylviidae",0,NA,NA,NA,NA,20,20,20,100,500,1000,3.5,3.75,4,1.55,1.55,1.55,11.88118812,11.32075472,10.81081081,0.693069307,0.70754717,0.720720721
"Sylvia_buryi","0","2","0","0",NA,NA,NA,"0",NA,"0",NA,"Sylviidae",0,NA,NA,NA,NA,NA,NA,NA,NA,NA,NA,NA,NA,NA,NA,NA,NA,NA,NA,NA,NA,NA,NA
"Sylvia_cantillans","0","2","0","0",NA,NA,NA,"0",NA,"0",NA,"Sylviidae",0,NA,NA,NA,NA,NA,NA,NA,NA,NA,NA,3,3,3,NA,NA,NA,NA,NA,NA,NA,NA,NA
"Sylvia_communis","0","2","0","0",NA,NA,NA,"0",NA,"0",NA,"Sylviidae",1,NA,119,367.5,616,15,15,15,3,3,3,2.5,4.125,5.75,5,5,5,8,6.575342466,5.581395349,0.333333333,0.452054795,0.534883721
"Sylvia_conspicillata","0","2","0","0",NA,NA,NA,"0",NA,"0",NA,"Sylviidae",0,NA,NA,NA,NA,NA,NA,NA,NA,NA,NA,1.95,1.95,1.95,NA,NA,NA,NA,NA,NA,NA,NA,NA
"Sylvia_curruca","0","2","0","0",NA,NA,NA,"0",NA,"0",NA,"Sylviidae",0,NA,68,68,68,8,8,8,NA,NA,NA,1.75,1.75,1.75,9,9,9,5.581395349,5.581395349,5.581395349,0.162790698,0.162790698,0.162790698
"Sylvia_deserticola","0","2","0","0",NA,NA,NA,"0",NA,"0",NA,"Sylviidae",NA,NA,NA,NA,NA,NA,NA,NA,NA,NA,NA,3.45,3.45,3.45,NA,NA,NA,NA,NA,NA,NA,NA,NA
"Sylvia_hortensis","0","2","0","0",NA,NA,NA,"0",NA,"0",NA,"Sylviidae",0,NA,NA,NA,NA,NA,NA,NA,NA,NA,NA,4,4,4,6,6,6,6,6,6,0.4,0.4,0.4
"Sylvia_leucomelaena","0","2","0","0",NA,NA,NA,"0",NA,"0",NA,"Sylviidae",0,NA,NA,NA,NA,NA,NA,NA,NA,NA,NA,1.4,1.4,1.4,NA,NA,NA,NA,NA,NA,NA,NA,NA
"Sylvia_melanocephala","0","2","0","0",NA,NA,NA,"0",NA,"0",NA,"Sylviidae",0,NA,NA,NA,NA,NA,NA,NA,NA,NA,NA,3.5,3.5,3.5,NA,NA,NA,NA,NA,NA,NA,NA,NA
"Sylvia_melanothorax","0","2","0","0",NA,NA,NA,"0",NA,"0",NA,"Sylviidae",0,NA,NA,NA,NA,NA,NA,NA,NA,NA,NA,3,3,3,NA,NA,NA,NA,NA,NA,NA,NA,NA
"Sylvia_mystacea","0","2","0","0",NA,NA,NA,"0",NA,"0",NA,"Sylviidae",0,NA,NA,NA,NA,NA,NA,NA,NA,NA,NA,6,6,6,NA,NA,NA,NA,NA,NA,NA,NA,NA
"Sylvia_nana","0","2","0","0",NA,NA,NA,"0",NA,"0",NA,"Sylviidae",NA,NA,NA,NA,NA,NA,NA,NA,NA,NA,NA,1.5,1.5,1.5,NA,NA,NA,NA,NA,NA,NA,NA,NA
"Sylvia_nisoria","0","2","0","0",NA,NA,NA,"0",NA,"0",NA,"Sylviidae",NA,NA,74,74,74,NA,NA,NA,NA,NA,NA,6,6,6,11,11,11,3.529411765,3.529411765,3.529411765,0.352941176,0.352941177,0.352941176
"Sylvia_rueppelli","0","2","0","0",NA,NA,NA,"0",NA,"0",NA,"Sylviidae",0,NA,NA,NA,NA,NA,NA,NA,NA,NA,NA,1.8,1.8,1.8,NA,NA,NA,NA,NA,NA,NA,NA,NA
"Sylvia_sarda","0","2","0","0",NA,NA,NA,"0",NA,"0",NA,"Sylviidae",0,NA,NA,NA,NA,NA,NA,NA,NA,NA,NA,2.85,2.85,2.85,NA,NA,NA,NA,NA,NA,NA,NA,NA
"Sylvia_subcaerulea","0","2","0","0",NA,NA,NA,"0",NA,"0",NA,"Sylviidae",0,NA,NA,NA,NA,NA,NA,NA,NA,NA,NA,NA,NA,NA,NA,NA,NA,NA,NA,NA,NA,NA,NA
"Sylvia_undata","1","0","2","0",NA,NA,NA,"1",NA,"1",NA,"Sylviidae",0,NA,NA,NA,NA,NA,NA,NA,NA,NA,NA,2.25,2.25,2.25,NA,NA,NA,NA,NA,NA,NA,NA,NA
"Sylvietta_brachyura","0","2","0","0",NA,NA,NA,"0",NA,"0",NA,"Macrosphenidae",0,NA,NA,NA,NA,NA,NA,NA,NA,NA,NA,NA,NA,NA,NA,NA,NA,NA,NA,NA,NA,NA,NA
"Sylvietta_denti","0","2","0","0",NA,NA,NA,"0",NA,"0",NA,"Macrosphenidae",0,NA,NA,NA,NA,NA,NA,NA,NA,NA,NA,3.5,3.5,3.5,NA,NA,NA,NA,NA,NA,NA,NA,NA
"Sylvietta_rufescens","0","2","0","0",NA,NA,NA,"0",NA,"0",NA,"Macrosphenidae",0,NA,NA,NA,NA,NA,NA,NA,NA,NA,NA,NA,NA,NA,NA,NA,NA,NA,NA,NA,NA,NA,NA
"Sylvietta_virens","1","0","2","0",NA,NA,NA,"1",NA,"1",NA,"Macrosphenidae",0,NA,NA,NA,NA,NA,NA,NA,NA,NA,NA,NA,NA,NA,NA,NA,NA,NA,NA,NA,NA,NA,NA
"Sylvietta_whytii","0","2","0","0",NA,NA,NA,"0",NA,"0",NA,"Macrosphenidae",0,NA,NA,NA,NA,NA,NA,NA,NA,NA,NA,NA,NA,NA,NA,NA,NA,NA,NA,NA,NA,NA,NA
"Synallaxis_brachyura","0","2","0","0",NA,NA,NA,"0",NA,"0",NA,"Furnariidae",0,NA,NA,NA,NA,NA,NA,NA,NA,NA,NA,0.3,0.3,0.3,1.5,1.5,1.5,33.33333333,33.33333333,33.33333333,0.166666667,0.166666667,0.166666667
"Synallaxis_erythrothorax","0","2","0","0",NA,NA,NA,"0",NA,"0",NA,"Furnariidae",0,NA,NA,NA,NA,NA,NA,NA,NA,NA,NA,NA,NA,NA,NA,NA,NA,NA,NA,NA,NA,NA,NA
"Synallaxis_zimmeri","0","2","0","0",NA,NA,NA,"0",NA,"0",NA,"Furnariidae",0,NA,NA,NA,NA,NA,NA,NA,NA,NA,NA,1,1,1,1.5,1.5,1.5,24,24,24,0.4,0.4,0.4
"Tachycineta_albilinea","0","3","0","0",NA,"0",NA,"0",NA,"0",NA,"Hirundinidae",0,1,NA,NA,NA,NA,NA,NA,NA,NA,NA,NA,NA,NA,NA,NA,NA,NA,NA,NA,NA,NA,NA
"Tachycineta_bicolor","0","3","0","0",NA,"0","0","0",NA,NA,NA,"Hirundinidae",0,1,2.6,2.6,2.6,2.5,2.5,2.5,2.6,2.6,2.6,NA,NA,NA,NA,NA,NA,NA,NA,NA,NA,NA,NA
"Tachycineta_thalassina","0","1","0","0",NA,NA,NA,"0",NA,NA,NA,"Hirundinidae",0,NA,NA,NA,NA,NA,NA,NA,NA,NA,NA,NA,NA,NA,NA,NA,NA,NA,NA,NA,NA,NA,NA
"Taeniopygia_guttata","0","4","0","0",NA,"0","0","0",NA,"0",NA,"Estrildidae",0,0,8,8,8,6.8,7.4,8,1,1,1,0.9,0.9,0.9,NA,NA,NA,NA,NA,NA,NA,NA,NA
"Tchagra_minutus","0","1","0","0",NA,NA,NA,"0",NA,NA,NA,"Malaconotidae",0,NA,NA,NA,NA,NA,NA,NA,NA,NA,NA,NA,NA,NA,NA,NA,NA,NA,NA,NA,NA,NA,NA
"Telespiza_cantans","0","1","0","0",NA,NA,NA,NA,NA,"0",NA,"Fringillidae",0,NA,NA,NA,NA,NA,NA,NA,NA,NA,NA,NA,NA,NA,NA,NA,NA,NA,NA,NA,NA,NA,NA
"Telespiza_ultima","0","1","0","0",NA,NA,NA,NA,NA,"0",NA,"Fringillidae",0,NA,NA,NA,NA,NA,NA,NA,NA,NA,NA,NA,NA,NA,NA,NA,NA,NA,NA,NA,NA,NA,NA
"Tephrodornis_pondicerianus","0","2","0","0",NA,NA,NA,"0",NA,"0",NA,"Vangidae",0,NA,NA,NA,NA,NA,NA,NA,NA,NA,NA,NA,NA,NA,NA,NA,NA,NA,NA,NA,NA,NA,NA
"Terpsiphone_atrochalybeia","0","2","0","0",NA,NA,NA,"0",NA,"0",NA,"Monarchidae",0,NA,NA,NA,NA,NA,NA,NA,NA,NA,NA,NA,NA,NA,NA,NA,NA,NA,NA,NA,NA,NA,NA
"Terpsiphone_bedfordi","0","1","0","0",NA,NA,NA,"0",NA,NA,NA,"Monarchidae",0,NA,NA,NA,NA,NA,NA,NA,NA,NA,NA,NA,NA,NA,NA,NA,NA,NA,NA,NA,NA,NA,NA
"Terpsiphone_corvina","0","1","0","0",NA,NA,NA,NA,NA,"0",NA,"Monarchidae",0,NA,NA,NA,NA,NA,NA,NA,NA,NA,NA,NA,NA,NA,NA,NA,NA,NA,NA,NA,NA,NA,NA
"Terpsiphone_paradisi","0","2","0","0",NA,NA,NA,"0",NA,"0",NA,"Monarchidae",0,NA,NA,NA,NA,NA,NA,NA,NA,NA,NA,NA,NA,NA,NA,NA,NA,NA,NA,NA,NA,NA,NA
"Terpsiphone_rufiventer","0","2","0","0",NA,NA,NA,"0",NA,"0",NA,"Monarchidae",0,NA,NA,NA,NA,NA,NA,NA,NA,NA,NA,NA,NA,NA,NA,NA,NA,NA,NA,NA,NA,NA,NA
"Terpsiphone_rufocinerea","0","2","0","0",NA,NA,NA,"0",NA,"0",NA,"Monarchidae",0,NA,NA,NA,NA,NA,NA,NA,NA,NA,NA,NA,NA,NA,NA,NA,NA,NA,NA,NA,NA,NA,NA
"Terpsiphone_viridis","0","2","0","0",NA,NA,NA,"0",NA,"0",NA,"Monarchidae",0,NA,NA,NA,NA,NA,NA,NA,NA,NA,NA,NA,NA,NA,NA,NA,NA,NA,NA,NA,NA,NA,NA
"Thraupis_episcopus","0","2","0","0",NA,NA,NA,"0",NA,"0",NA,"Thraupidae",0,NA,NA,NA,NA,NA,NA,NA,NA,NA,NA,NA,NA,NA,NA,NA,NA,NA,NA,NA,NA,NA,NA
"Thripadectes_rufobrunneus","0","2","0","0",NA,NA,NA,"0",NA,"0",NA,"Furnariidae",0,NA,NA,NA,NA,NA,NA,NA,NA,NA,NA,NA,NA,NA,NA,NA,NA,NA,NA,NA,NA,NA,NA
"Thryomanes_bewickii","0","2","0","0",NA,NA,NA,"0",NA,"0",NA,"Troglodytidae",0,NA,NA,NA,NA,4,4,4,3,9.5,16,1.71,2.05,2.39,4.48,5.35,6.22,9.693053312,8.108108108,6.968641115,0.276252019,0.277027027,0.277584204
"Thryothorus_felix","0","1","0","0",NA,NA,NA,"0",NA,NA,NA,"Troglodytidae",NA,NA,NA,NA,NA,NA,NA,NA,5,5,5,1.2,1.2,1.2,6.1,6.1,6.1,8.219178082,8.219178082,8.219178082,0.164383562,0.164383562,0.164383562
"Thryothorus_leucotis","0","3","0","0",NA,"0","0","0",NA,NA,NA,"Troglodytidae",NA,NA,NA,NA,NA,NA,NA,NA,NA,NA,NA,NA,NA,NA,NA,NA,NA,NA,NA,NA,NA,NA,NA
"Thryothorus_ludovicianus","0","4","0","0",NA,"0","0","0",NA,"0",NA,"Troglodytidae",0,0,NA,NA,NA,2.5,2.5,2.5,28,30,36,1.6,1.63,1.66,3.6,3.6,3.6,11.53846154,11.47227533,11.40684411,0.307692308,0.31166348,0.315589354
"Thryothorus_rufalbus","0","3","0","0",NA,"0",NA,"0",NA,"0",NA,"Troglodytidae",NA,NA,NA,NA,NA,NA,NA,NA,14,14,14,NA,NA,NA,NA,NA,NA,NA,NA,NA,NA,NA,NA
"Thryothorus_sinaloa","0","1","0","0",NA,NA,NA,"0",NA,NA,NA,"Troglodytidae",NA,NA,NA,NA,NA,NA,NA,NA,8,8,8,2.6,2.6,2.6,7.95,7.95,7.95,5.687203791,5.687203791,5.687203791,0.246445498,0.246445498,0.246445498
"Tiaris_olivaceus","0","2","0","0",NA,NA,NA,"0",NA,"0",NA,"Thraupidae",0,NA,NA,NA,NA,NA,NA,NA,NA,NA,NA,NA,NA,NA,NA,NA,NA,NA,NA,NA,NA,NA,NA
"Tmetothylacus_tenellus","0","2","0","0",NA,NA,NA,"0",NA,"0",NA,"unknown",0,NA,NA,NA,NA,NA,NA,NA,NA,NA,NA,NA,NA,NA,NA,NA,NA,NA,NA,NA,NA,NA,NA
"Toxostoma_bendirei","0","2","0","0",NA,NA,NA,"0",NA,"0",NA,"Mimidae",0,NA,NA,NA,NA,NA,NA,NA,NA,NA,NA,NA,NA,NA,NA,NA,NA,NA,NA,NA,NA,NA,NA
"Toxostoma_crissale","0","2","0","0",NA,NA,NA,"0",NA,"0",NA,"Mimidae",0,NA,NA,NA,NA,NA,NA,NA,NA,NA,NA,NA,NA,NA,NA,NA,NA,NA,NA,NA,NA,NA,NA
"Toxostoma_curvirostre","0","2","0","0",NA,NA,NA,"0",NA,"0",NA,"Mimidae",0,NA,NA,NA,NA,NA,NA,NA,NA,NA,NA,NA,NA,NA,NA,NA,NA,NA,NA,NA,NA,NA,NA
"Toxostoma_lecontei","0","2","0","0",NA,NA,NA,"0",NA,"0",NA,"Mimidae",0,NA,NA,NA,NA,NA,NA,NA,NA,NA,NA,NA,NA,NA,NA,NA,NA,NA,NA,NA,NA,NA,NA
"Toxostoma_longirostre","0","2","0","0",NA,NA,NA,"0",NA,"0",NA,"Mimidae",0,NA,NA,NA,NA,NA,NA,NA,NA,NA,NA,NA,NA,NA,NA,NA,NA,NA,NA,NA,NA,NA,NA
"Toxostoma_rufum","0","2","0","0",NA,NA,NA,"0",NA,"0",NA,"Mimidae",0,NA,2400,2400,2400,100,500,1000,1000,1450,2000,0.6255,0.6255,0.6255,0.7965,0.7965,0.7965,42.19409283,42.19409283,42.19409283,0.439873418,0.439873418,0.439873418
"Trochocercus_cyanomelas","0","2","0","0",NA,NA,NA,"0",NA,"0",NA,"Monarchidae",0,NA,NA,NA,NA,NA,NA,NA,NA,NA,NA,2,2,2,NA,NA,NA,NA,NA,NA,NA,NA,NA
"Trochocercus_nitens","0","2","0","0",NA,NA,NA,"0",NA,"0",NA,"Monarchidae",0,NA,NA,NA,NA,NA,NA,NA,NA,NA,NA,NA,NA,NA,NA,NA,NA,NA,NA,NA,NA,NA,NA
"Troglodytes_aedon","0","3","0","0",NA,"0","0","0",NA,NA,NA,"Troglodytidae",1,0,28,28,28,6,6,6,100,100,100,1.7,1.7,1.7,NA,NA,NA,NA,NA,NA,NA,NA,NA
"Troglodytes_cobbi","0","1","0","0",NA,NA,NA,"0",NA,NA,NA,"Troglodytidae",0,NA,NA,NA,NA,NA,NA,NA,NA,NA,NA,NA,NA,NA,NA,NA,NA,NA,NA,NA,NA,NA,NA
"Troglodytes_troglodytes","0","2","0","0",NA,NA,NA,"0",NA,"0",NA,"Troglodytidae",1,NA,NA,NA,NA,47,47,47,6.5,13.75,21,6.3,6.3,6.3,5.6,5.6,5.6,5.042016807,5.042016807,5.042016807,0.529411765,0.529411765,0.529411765
"Turdoides_altirostris","1","0","2","0",NA,NA,NA,"1",NA,"1",NA,"Leiothrichidae",0,NA,NA,NA,NA,NA,NA,NA,NA,NA,NA,NA,NA,NA,NA,NA,NA,NA,NA,NA,NA,NA,NA
"Turdoides_squamiceps","1","0","5","0",NA,"1","1","1",NA,"1","1","Leiothrichidae",NA,0,NA,NA,NA,NA,NA,NA,NA,NA,NA,NA,NA,NA,NA,NA,NA,NA,NA,NA,NA,NA,NA
"Turdus_albicollis","0","3","0","0",NA,"0",NA,"0",NA,"0",NA,"Turdidae",NA,1,NA,NA,NA,NA,NA,NA,NA,NA,NA,NA,NA,NA,NA,NA,NA,NA,NA,NA,NA,NA,NA
"Turdus_cardis","0","2","0","0",NA,NA,NA,"0",NA,"0",NA,"Turdidae",1,NA,NA,NA,NA,NA,NA,NA,NA,NA,NA,NA,NA,NA,NA,NA,NA,NA,NA,NA,NA,NA,NA
"Turdus_grayi","0","4","0","0",NA,"0","0","0",NA,"0",NA,"Turdidae",NA,1,14.5,14.5,14.5,NA,NA,NA,NA,NA,NA,NA,NA,NA,NA,NA,NA,NA,NA,NA,NA,NA,NA
"Turdus_helleri","0","1","0","0",NA,NA,NA,"0",NA,NA,NA,"Turdidae",0,NA,NA,NA,NA,NA,NA,NA,NA,NA,NA,NA,NA,NA,NA,NA,NA,NA,NA,NA,NA,NA,NA
"Turdus_iliacus","0","2","0","0",NA,NA,NA,"0",NA,"0",NA,"Turdidae",NA,NA,685.2,685.2,685.2,2,2,2,1,1,1,0.9,0.9,0.9,8.49,8.49,8.49,6.389776358,6.389776358,6.389776358,0.095846645,0.095846645,0.095846645
"Turdus_merula","0","3","0","0",NA,NA,"0","0",NA,"0",NA,"Turdidae",0,1,108,108,108,6,13,20,32,34,500,2.4,2.4,2.4,1.6,2.55,3.5,15,12.12121212,10.16949153,0.6,0.484848485,0.406779661
"Turdus_migratorius","0","4","0","0",NA,"0","0","0",NA,"0",NA,"Turdidae",0,1,38,38,38,NA,NA,NA,13,256.5,500,1.93,1.93,1.93,2.28,2.28,2.28,14.25178147,14.25178147,14.25178147,0.458432304,0.458432304,0.458432304
"Turdus_philomelos","0","2","0","0",NA,NA,NA,"0",NA,"0",NA,"Turdidae",NA,NA,305.9,344.6,383.2,9,9,9,149,160,171,0.6,0.6,0.6,0.9,0.9,0.9,40,40,40,0.4,0.4,0.4
"Turdus_pilaris","0","2","0","0",NA,NA,NA,"0",NA,"0",NA,"Turdidae",0,1,NA,NA,NA,NA,NA,NA,27,27,27,NA,NA,NA,NA,NA,NA,NA,NA,NA,NA,NA,NA
"Turdus_torquatus","0","2","0","0",NA,NA,NA,"0",NA,"0",NA,"Turdidae",NA,NA,NA,NA,NA,NA,NA,NA,2,2,2,NA,NA,NA,NA,NA,NA,NA,NA,NA,NA,NA,NA
"Turdus_viscivorus","0","2","0","0",NA,NA,NA,"0",NA,"0",NA,"Turdidae",NA,NA,NA,NA,NA,3.5,3.5,3.5,12,256,500,1,1,1,0.6,1.1,1.6,37.5,28.57142857,23.07692308,0.625,0.476190476,0.384615385
"Tylas_eduardi","0","1","0","0",NA,NA,NA,"0",NA,NA,NA,"Vangidae",0,NA,NA,NA,NA,NA,NA,NA,NA,NA,NA,NA,NA,NA,NA,NA,NA,NA,NA,NA,NA,NA,NA
"Tyrannus_tyrannus","0","3","0","0",NA,"0","0","0",NA,NA,NA,"Tyrannidae",NA,1,NA,NA,NA,NA,NA,NA,NA,NA,NA,NA,NA,NA,NA,NA,NA,NA,NA,NA,NA,NA,NA
"Vanga_curvirostris","0","2","0","0",NA,NA,NA,"0",NA,"0",NA,"Vangidae",0,NA,NA,NA,NA,NA,NA,NA,NA,NA,NA,2,2,2,NA,NA,NA,NA,NA,NA,NA,NA,NA
"Vermivora_chrysoptera","0","2","0","0",NA,NA,NA,"0",NA,"0",NA,"Parulidae",NA,1,NA,NA,NA,NA,NA,NA,2,2,2,NA,NA,NA,NA,NA,NA,NA,NA,NA,NA,NA,NA
"Vermivora_peregrina","0","2","0","0",NA,NA,NA,"0",NA,"0",NA,"Parulidae",NA,NA,4.5,4.5,4.5,4.5,4.5,4.5,1,1,1,2.87,2.885,2.9,3.57,3.585,3.6,9.316770186,9.273570325,9.230769231,0.445652174,0.445904173,0.446153846
"Vermivora_pinus","0","1","0","0",NA,NA,NA,"0",NA,NA,NA,"Parulidae",NA,NA,4,4,4,2,2,2,2,2,2,2.6,2.6,2.6,NA,NA,NA,NA,NA,NA,NA,NA,NA
"Vermivora_ruficapilla","0","2","0","0",NA,NA,NA,"0",NA,"0",NA,"Parulidae",NA,NA,NA,NA,NA,NA,NA,NA,1,1,1,1.93,1.93,1.93,5.88,5.88,5.88,7.682458387,7.682458387,7.682458387,0.247119078,0.247119078,0.247119078
"Vestiaria_coccinea","0","2","0","0",NA,NA,NA,"0",NA,"0",NA,"Fringillidae",0,NA,NA,NA,NA,NA,NA,NA,NA,NA,NA,NA,NA,NA,NA,NA,NA,NA,NA,NA,NA,NA,NA
"Vidua_chalybeata","0","1","0","0",NA,NA,NA,"0",NA,NA,NA,"Viduidae",1,NA,NA,NA,NA,NA,NA,NA,18,18,18,NA,NA,NA,NA,NA,NA,NA,NA,NA,NA,NA,NA
"Vidua_macroura","0","1","0","0",NA,NA,NA,"0",NA,NA,NA,"Viduidae",1,NA,NA,NA,NA,NA,NA,NA,NA,NA,NA,NA,NA,NA,NA,NA,NA,NA,NA,NA,NA,NA,NA
"Vidua_paradisaea","0","1","0","0",NA,NA,NA,"0",NA,NA,NA,"Viduidae",NA,NA,33,33,33,33,33,33,1,1,1,NA,NA,NA,NA,NA,NA,NA,NA,NA,NA,NA,NA
"Vireo_altiloquus","0","1","0","0",NA,NA,NA,"0",NA,NA,NA,"Vireonidae",NA,NA,NA,NA,NA,NA,NA,NA,9,9,9,0.51,0.51,0.51,1.57,1.57,1.57,28.84615385,28.84615385,28.84615385,0.245192308,0.245192308,0.245192308
"Vireo_atricapilla","0","2","0","0",NA,NA,NA,"0",NA,"0",NA,"Vireonidae",0,NA,NA,NA,NA,NA,NA,NA,100,500,1000,NA,NA,NA,NA,NA,NA,NA,NA,NA,NA,NA,NA
"Vireo_bellii","0","2","0","0",NA,NA,NA,"0",NA,"0",NA,"Vireonidae",0,NA,NA,NA,NA,NA,NA,NA,NA,NA,NA,1.4,1.4,1.4,NA,NA,NA,NA,NA,NA,NA,NA,NA
"Vireo_flavifrons","0","2","0","0",NA,NA,NA,"0",NA,"0",NA,"Vireonidae",0,NA,NA,NA,NA,1.5,1.5,1.5,6,6,6,0.35,0.35,0.35,2.45,2.45,2.45,21.42857143,21.42857143,21.42857143,0.125,0.125,0.125
"Vireo_flavoviridis","0","2","0","0",NA,NA,NA,"0",NA,"0",NA,"Vireonidae",NA,NA,NA,NA,NA,NA,NA,NA,21,21,21,0.17,0.17,0.17,1.29,1.29,1.29,41.09589041,41.09589041,41.09589041,0.116438356,0.116438356,0.116438356
"Vireo_griseus","0","3","0","0",NA,"0",NA,"0",NA,"0",NA,"Vireonidae",0,NA,NA,NA,NA,4,4,4,5,5.1,5.2,1,1,1,3,3,3,15,15,15,0.25,0.25,0.25
"Vireo_huttoni","0","2","0","0",NA,NA,NA,"0",NA,"0",NA,"Vireonidae",NA,NA,NA,NA,NA,NA,NA,NA,1,1,1,0.29,0.29,0.29,1.54,1.54,1.54,32.78688525,32.78688525,32.78688525,0.158469945,0.158469945,0.158469945
"Vireo_olivaceus","0","4","0","0",NA,"0","0","0",NA,"0",NA,"Vireonidae",0,1,NA,NA,NA,2,2,2,43,43,43,0.35,0.425,0.5,1.42,1.71,2,33.89830508,28.1030445,24,0.197740113,0.199063232,0.2
"Vireo_philadelphicus","0","2","0","0",NA,NA,NA,"0",NA,"0",NA,"Vireonidae",0,NA,NA,NA,NA,NA,NA,NA,25,25,25,0.4,0.4,0.4,1.5,2.25,2.47,31.57894737,22.64150943,20.90592334,0.210526316,0.150943396,0.139372822
"Vireo_solitarius","0","4","0","0",NA,"0","0","0",NA,"0",NA,"Vireonidae",0,0,NA,NA,NA,2,2,2,13,17,20,0.3,0.34,0.36,2.09,2.3,2.51,25.10460251,22.72727273,20.90592334,0.125523013,0.128787879,0.12543554
"Vireo_vicinior","0","2","0","0",NA,NA,NA,"0",NA,"0",NA,"Vireonidae",NA,NA,NA,NA,NA,NA,NA,NA,12,12,12,0.21,0.21,0.21,1.39,1.39,1.39,37.5,37.5,37.5,0.13125,0.13125,0.13125
"Volatinia_jacarina","0","3","0","0",NA,"0",NA,"0",NA,"0",NA,"Thraupidae",0,1,NA,NA,NA,NA,NA,NA,NA,NA,NA,NA,NA,NA,NA,NA,NA,NA,NA,NA,NA,NA,NA
"Wilsonia_canadensis","0","1","0","0",NA,NA,NA,"0",NA,NA,NA,"Parulidae",NA,1,17.43,17.43,17.43,12.1,12.1,12.1,5,5,5,1.5,1.505,1.51,4.17,4.185,4.2,10.58201058,10.54481547,10.50788091,0.264550265,0.264499121,0.264448336
"Wilsonia_citrina","0","4","0","0",NA,"0","0","0",NA,"0",NA,"Parulidae",0,1,NA,NA,NA,4,4,4,7,7,7,1.1,1.1,1.1,6.7,6.7,6.7,7.692307692,7.692307692,7.692307692,0.141025641,0.141025641,0.141025641
"Wilsonia_pusilla","0","3","0","0",NA,NA,"0","0",NA,"0",NA,"Parulidae",0,1,NA,NA,NA,2,2,2,3,3,3,1.2,1.2,1.2,4,4,4,11.53846154,11.53846154,11.53846154,0.230769231,0.230769231,0.230769231
"Xanthocephalus_xanthocephalus","0","2","0","0",NA,NA,NA,"0",NA,"0",NA,"Icteridae",1,NA,NA,NA,NA,3,3,3,2,2,2,2.75,2.75,2.75,46,46,46,1.230769231,1.230769231,1.230769231,0.056410256,0.056410256,0.056410256
"Xenops_minutus","0","2","0","0",NA,NA,NA,"0",NA,"0",NA,"Furnariidae",0,NA,NA,NA,NA,NA,NA,NA,NA,NA,NA,NA,NA,NA,NA,NA,NA,NA,NA,NA,NA,NA,NA
"Yuhina_brunneiceps","1","0","3","0",NA,NA,NA,"1",NA,"1","1","Zosteropidae",0,1,NA,NA,NA,NA,NA,NA,NA,NA,NA,NA,NA,NA,NA,NA,NA,NA,NA,NA,NA,NA,NA
"Zonotrichia_albicollis","0","3","0","0",NA,NA,"0","0",NA,"0",NA,"Passerellidae",0,1,5,5,5,4,4.5,5,1,1,1,2.87,2.87,2.87,5.83,9.165,12.5,6.896551724,4.985459078,3.903708523,0.329885057,0.238471126,0.186727391
"Zonotrichia_atricapilla","0","2","0","0",NA,NA,NA,"0",NA,"0",NA,"Passerellidae",0,NA,NA,NA,NA,NA,NA,NA,1,1,1,NA,NA,NA,NA,NA,NA,NA,NA,NA,NA,NA,NA
"Zonotrichia_capensis","0","3","0","0",NA,"0",NA,"0",NA,"0",NA,"Passerellidae",0,NA,NA,NA,NA,NA,NA,NA,1,1,1,NA,NA,NA,NA,NA,NA,NA,NA,NA,NA,NA,NA
"Zonotrichia_leucophrys","0","4","0","0",NA,"0","0","0",NA,"0",NA,"Passerellidae",0,1,4,4,4,4,4,4,1,1,1,1.9,1.9,1.9,11,11,11,4.651162791,4.651162791,4.651162791,0.147286822,0.147286822,0.147286822
"Zonotrichia_querula","0","2","0","0",NA,NA,NA,"0",NA,"0",NA,"Passerellidae",0,NA,NA,NA,NA,NA,NA,NA,2,2,2,NA,NA,NA,NA,NA,NA,NA,NA,NA,NA,NA,NA
"Zoothera_naevia","0","1","0","0",NA,NA,NA,"0",NA,NA,NA,"Turdidae",NA,NA,NA,NA,NA,NA,NA,NA,5,5,5,NA,NA,NA,NA,NA,NA,NA,NA,NA,NA,NA,NA
"Zosterops_lateralis","0","4","0","0",NA,"0","0","0",NA,"0",NA,"Zosteropidae",NA,0,60,60,60,NA,NA,NA,NA,NA,NA,NA,NA,NA,NA,NA,NA,NA,NA,NA,NA,NA,NA
