"","Tree.No","Lh","q12","q13","q21","q24","q31","q34","q42","q43","Root...P.0.0.","Root...P.0.1.","Root...P.1.0.","Root...P.1.1.","LRstat[i]","LRpval[i]","songcontvec[i]"
"1",1,-51.453925,0.000819,0.292391,0.10539,0,5.051959,0,1.982587,3.230386,0.255084,0.240454,0.255086,0.249376,0.0634160000000037,0.801176072753755,500
"2",1,-90.987327,0.004438,0.139431,0.040293,0.043268,2.531938,0,0.39623,0.223371,0.283598,0.205036,0.283741,0.227625,0.284240000000011,0.593935541826863,400
"3",1,-125.33733,0.011102,0.1758,0.063795,0.032789,2.792065,0,1.04778,0.176351,0.222904,0.279792,0.222672,0.274631,0.310430000000025,0.577416439982334,55.3
"4",1,-118.311656,0.010968,0.257997,0.074301,0.026418,4.028416,0,0.552991,0.070428,0.244666,0.255316,0.244637,0.255381,0.0700799999999902,0.791220335860888,100
"5",1,-172.088361,0.037303,0.249709,0.040191,0.473879,5.634836,0,6.350068,0.227186,0.245935,0.254194,0.245877,0.253994,0.485099999999989,0.486121262667302,5
"6",1,-170.116523,0.020607,0.291671,0.059023,0.314664,5.329987,0.242885,5.301466,0,0.242855,0.256785,0.243438,0.256922,0.00324799999998504,0.954552183309129,6
"7",1,-135.177942,0.005324,1.442216,0.014558,0.083399,21.644504,0.137133,1.504081,1.580903,0.20798,0.3182,0.208309,0.26551,3.03585800000002,0.0814434818375177,20
"8",1,-117.280895,0.007501,0.252249,0.0474,0.096237,4.180009,0,2.78241,0.758001,0.200107,0.310458,0.199905,0.289529,0.186732000000006,0.665650578705652,75
"9",1,-163.134016,0.082897,0.163946,0.032401,0.111555,3.122551,0,1.896689,0,0.248864,0.251147,0.248804,0.251186,0.167441999999994,0.682395261515695,1
"10",1,-178.024753,0.043727,0.108191,0.049619,0.150753,2.505648,0,1.930395,0,0.253327,0.246707,0.253435,0.246532,0.503218000000004,0.478089563280918,4
"11",1,-161.651368,0,0.122333,0.0455,0.035821,2.166037,0.790201,1.040248,0.592699,0.233135,0.267754,0.240219,0.258892,3.48672200000004,0.0618629676978089,9
"12",1,-147.950903,0,0.319134,0.037138,0.047466,5.333406,0.397906,1.11917,0.718095,0.213946,0.298124,0.217902,0.270027,0.616749999999968,0.432257576440656,12.85
"13",1,-157.54955,0,0.286482,0.036981,0.046469,5.139063,0.80139,1.217319,1.269252,0.236428,0.269767,0.238919,0.254886,3.40749399999999,0.0649009368821452,11
"14",1,-187.378331,0.083432,0.271763,0.063122,0.182776,6.251316,0.00157,2.825281,0,0.249187,0.250805,0.249166,0.250841,0.608654000000001,0.435295053465016,2
"15",1,-107.232837,0.008414,0.303816,0.092391,0.128145,5.369192,0,2.371845,0,0.221155,0.277825,0.221068,0.279952,0.0461699999999894,0.829867072917741,253.25
"16",1,-149.661058,0,0.153552,0.037711,0.038273,2.76214,0.583933,0.906854,0.914603,0.221194,0.289442,0.228293,0.261071,5.11366400000003,0.0237381371467884,12
"17",1,-146.507129,0,0.287764,0.021404,0.092084,5.038646,0.464827,1.672212,1.315668,0.208252,0.308808,0.213432,0.269508,0.071264000000042,0.789505210602948,13.835
"18",1,-94.29628,0.003623,0.233479,0.082326,0.029566,4.114919,0,0.377638,0.009287,0.140378,0.339285,0.140202,0.380134,0.216447999999986,0.641759794988016,261
"19",1,-145.069922,0.015377,0.272364,0.065942,0.07479,4.326322,0.001913,1.948881,0,0.207717,0.291089,0.207455,0.29374,0.36501800000002,0.545732488535732,16
"20",1,-118.494566,0.008222,0.197032,0.068521,0.041487,3.211442,0,1.318717,0.04796,0.206567,0.292923,0.206342,0.294168,0.249601999999982,0.617355460979015,86
"21",1,-179.21961,0.047051,0.186068,0.054087,0.105015,4.235345,0,1.391104,0,0.251434,0.248612,0.251462,0.248492,0.938944000000049,0.332549565872363,4.25
"22",1,-146.934788,0,0.13417,0.04455,0.043422,2.128261,0.350507,1.174593,0.521617,0.206335,0.299447,0.21672,0.277498,0.189074000000005,0.663688439213912,13
"23",1,-184.614517,0.059158,0.204827,0.061113,0.449785,5.808363,4e-05,5.69964,6e-06,0.248859,0.251142,0.248835,0.251164,1.63856599999997,0.200522332219247,3
"24",1,-162.033917,0.071424,0.19637,0.030058,0.127716,3.944566,0.000119,2.118086,0,0.249082,0.250922,0.249049,0.250947,0.00778600000001006,0.929687266155377,1.5
"25",1,-135.959344,0,0.067525,0.055997,0.053427,0.893143,0.193342,2.55872,0.100475,0.226677,0.2694,0.234907,0.269016,0.942838000000052,0.331549047845369,22.5
"26",1,-116.568202,0.010307,0.216717,0.053994,0.073172,3.683954,0,1.439559,0.480443,0.247367,0.253235,0.247349,0.25205,0.0862559999999917,0.768991955031837,106.5
"27",1,-113.240109,0.008731,0.255589,0.073855,0.249376,4.31583,0,4.853416,0.025948,0.232078,0.267799,0.232005,0.268118,0.0085640000000069,0.92626751661631,110
"28",1,-143.611652,0,0.064488,0.045963,0.203884,0.819065,0.286013,9.665293,0.825851,0.235618,0.261544,0.242552,0.260286,2.87297599999999,0.0900781628244461,17
"29",1,-160.251796,0,0.250251,0.04353,0.060858,4.306228,0.604601,1.634636,0.630775,0.233303,0.26894,0.236758,0.260998,2.31472399999996,0.128154045840092,10
"30",1,-183.513604,0.055925,0.191159,0.055248,0.176176,5.461925,0.00085,2.18771,0,0.249571,0.250427,0.24956,0.250443,1.804618,0.179155202332479,3.25
"31",1,-188.566232,0.088491,0.156858,0.067011,0.179914,3.649298,0.002706,2.621227,5e-05,0.249437,0.250562,0.24941,0.250591,0.492565999999954,0.482784898057913,2.24
"32",1,-189.862046,0.088503,0.207715,0.07038,0.185812,5.033577,0,2.668255,0,0.249488,0.250507,0.249471,0.250534,0.847895999999992,0.357148231326293,2.75
"33",1,-141.612368,0.013456,0.519135,0.054007,0.045852,7.753436,0,1.550032,0.465951,0.211673,0.2968,0.211525,0.280002,2.050072,0.152198991947652,17.5
"34",1,-143.868141,0.014681,0.409896,0.063089,0.032304,6.464555,0.008185,0.914257,0,0.206947,0.290299,0.206869,0.295885,0.487045999999964,0.485247983606126,14
"35",1,-123.693289,0.010495,0.201607,0.065605,0.033388,3.242131,0,1.055725,0.117733,0.227451,0.273633,0.227298,0.271617,0.398530000000022,0.527849404117046,56
"36",1,-138.541588,0,0.063672,0.044806,0.072518,0.918743,0.322621,2.584038,0.695704,0.237273,0.261386,0.243183,0.258158,1.33763800000003,0.247450941544283,18
"37",1,-168.235932,0.029578,0.237476,0.057284,0.242139,4.611275,0,3.625615,0,0.237702,0.262212,0.237536,0.26255,0.129099999999994,0.719367020709556,6.5
"38",1,-111.03314,0.010783,0.225232,0.051445,0.048159,3.991998,0,0.114744,1.49096,0.243116,0.268962,0.243047,0.244875,1.13166800000002,0.287419830978686,220
"39",1,-189.009569,0.091581,0.291791,0.069423,0.18075,6.792944,0,2.637274,0,0.249549,0.250445,0.249537,0.250469,0.735962000000029,0.390957471889222,2.25
"40",1,-91.439733,0.002333,0.173612,0.064566,0.037823,3.132466,0,0.390482,0.267977,0.110105,0.443459,0.109853,0.336583,0.0159419999999955,0.899524825480488,345
"41",1,-159.356053,0,0.273298,0.045406,0.066371,4.740272,0.565064,1.774668,0.590368,0.237842,0.263608,0.240073,0.258476,2.49190199999998,0.114433356823206,10.1
"42",1,-159.575498,0.023915,0.247781,0.054648,0.252554,5.034268,0.002809,3.466185,0,0.225422,0.274358,0.225204,0.275016,0.335117999999966,0.562660852374853,8.5
"43",1,-178.689172,0.043534,0.138252,0.051994,0.167673,3.29317,0,2.213424,0,0.252007,0.248019,0.252054,0.24792,0.886633999999958,0.346391094886348,4.5
"44",1,-183.349088,0.053973,0.185238,0.056966,0.247769,5.261779,0,2.819108,0.00994,0.249848,0.250153,0.249844,0.250155,1.88648799999999,0.16959857279606,3.75
"45",1,-98.237445,0.00459,0.113066,0.068743,0.103523,1.996296,0,1.744195,0.265075,0.172074,0.335796,0.17169,0.32044,0.913749999999993,0.339121387340871,259.5
"46",1,-133.43913,0.012152,0.366983,0.05486,0.120137,5.655107,0,5.023422,0.200942,0.229063,0.271515,0.228967,0.270455,1.20553999999998,0.272217215708844,25
"47",1,-111.958668,0.009545,0.094066,0.064584,0.101538,1.630007,0,2.149908,0.464288,0.233918,0.26878,0.233708,0.263594,1.208754,0.271579029465401,200
"48",1,-130.231588,0.011461,0.121171,0.058348,0.077912,1.88606,0,3.047492,0.127505,0.228485,0.272091,0.228202,0.271222,0.195692000000008,0.65822084387231,31
"49",1,-162.217697,0.015628,0.207438,0.054615,0.121249,3.893985,0.201804,2.009766,0,0.231685,0.267017,0.233439,0.26786,0.0989360000000374,0.753110230987219,7.75
"50",1,-168.508905,0.026345,0.218143,0.058143,0.337336,4.072019,0.093442,5.257858,7e-06,0.240147,0.259592,0.24048,0.25978,0.0229780000000233,0.879514296751618,6.2
"51",1,-174.134226,0.038706,0.211475,0.06181,0.195187,3.90884,0,3.197791,0.002946,0.24638,0.253598,0.246305,0.253717,0.104908000000023,0.746017495674425,5.5
"52",1,-183.543258,0.055975,0.37643,0.057777,0.253555,10.586963,0,3.208072,0,0.249974,0.250027,0.249973,0.250025,1.89342999999997,0.168815558424593,3.5
"53",1,-161.32494,0,0.207145,0.033301,0.04003,4.315698,1.782835,0.88446,2.105938,0.233889,0.276747,0.23876,0.250604,3.14157,0.0763203094115648,9.4
"54",1,-90.103325,0.002308,0.080555,0.078391,0.039903,1.444226,0.001114,0.646078,0.000592,0.099193,0.383798,0.098977,0.418032,0.862055999999995,0.353163973545054,300
"55",1,-161.280352,0.021023,0.007194,0.056104,0.211825,0,0.128932,3.089981,0.074145,0.223082,0.25161,0.272733,0.252574,0.400513999999987,0.526823925224447,8
"56",1,-120.233109,0.009046,0.125558,0.068343,0.052812,2.004678,0,1.821431,0,0.215698,0.283263,0.215382,0.285657,0.059995999999984,0.806502262780732,70
"57",1,-128.060357,0.012197,0.255245,0.065158,0.051759,4.027158,0,1.921356,0.000894,0.233156,0.266381,0.233052,0.267411,0.790273999999954,0.37401728678187,40.13
"58",1,-189.298482,0.088449,0.486388,0.069761,0.242053,11.9742,0,3.548814,0.000608,0.249441,0.250552,0.249433,0.250574,0.747515999999962,0.387263821214199,2.6
"59",1,-161.131472,0,0.160024,0.045003,0.045074,2.905333,0.778487,1.155985,0.654662,0.235803,0.265978,0.240518,0.257701,3.60129599999999,0.0577345460979658,9.5
"60",1,-132.03876,0.011673,0.269019,0.055079,0.199481,4.138205,0,8.660067,0.267577,0.225753,0.274845,0.225608,0.273794,0.917974000000015,0.338007496598331,30
"61",1,-45.407252,0,1.061146,6.10857,0,18.746847,0,18.38406,3.470971,0.25,0.25,0.25,0.25,0.248159999999999,0.618373668200253,1450
"62",1,-147.02184,0,0.220895,0.035038,0.06689,3.727875,0.399031,1.419461,0.841602,0.206571,0.305744,0.21322,0.274465,0.222006000000022,0.637515679547394,13.75
"63",1,-129.172936,0.012083,0.277503,0.02182,0.177661,4.480566,0,6.284675,1.76333,0.234945,0.268395,0.23485,0.261809,0.557090000000017,0.455435107682285,34
"64",1,-101.300815,0.005598,0.32179,0.07505,0.233832,5.683974,0,4.133139,0.231385,0.187997,0.314193,0.187874,0.309936,0.0661780000000078,0.796985131593006,256.5
"65",1,-111.534233,0.009067,0.283646,0.03271,0.210011,4.902751,0,4.95224,0.208674,0.335183,0.162164,0.335532,0.167121,0.0237820000000113,0.877440895946289,160
"66",1,-134.387382,0.01309,0.42928,0.034808,0.237897,6.634199,0,9.677874,1.292696,0.229696,0.2726,0.229609,0.268094,0.992617999999993,0.319103353158405,27
"67",1,-105.183872,0.007565,0.141135,0.041664,0.156521,2.51483,0,2.711653,1.196031,0.219327,0.291071,0.21911,0.270492,1.11372799999998,0.291272997446274,256
"68",1,-134.262538,0,0.088056,0.039486,0.118035,1.285278,0.237011,4.986655,0.901145,0.231553,0.267702,0.236998,0.263748,1.58092799999997,0.208627073222282,21
"69",1,-173.776398,0.038128,0.332936,0.004232,1.341,7.976017,0,17.404077,0.750458,0.245166,0.255036,0.245117,0.254681,0.444015999999976,0.505190445177961,5.1
"70",1,-124.280953,0.010802,1.196917,0.05163,0.423212,19.05978,0,15.380206,0.478626,0.225234,0.275391,0.225205,0.274171,0.780684000000008,0.376932029892937,43
"71",1,-166.090139,0.025621,0.189337,0.056423,0.129625,3.661629,0.050177,2.020987,0.000235,0.23536,0.264179,0.235573,0.264889,0.0368080000000077,0.847856483537089,7
"72",1,-51.430494,0.000798,0.366851,0.10014,0,6.447324,0,4.067925,2.132386,0.257709,0.239236,0.257712,0.245343,0.097463999999988,0.754894422757736,500
"73",1,-90.363721,0.004316,0.200113,0.031878,0.030885,3.675775,1.8e-05,0.126066,0.39773,0.26727,0.212923,0.267335,0.252473,1.55080599999999,0.213016492890401,400
"74",1,-125.254191,0.01105,0.198655,0.066934,0.060697,3.141344,0,2.159151,0.053425,0.221699,0.278242,0.221495,0.278564,0.476121999999975,0.4901841621624,55.3
"75",1,-118.613522,0.010886,0.144096,0.076382,0.01141,2.381389,0,0.261027,0.024206,0.2439,0.254936,0.243848,0.257316,0.673668000000021,0.41177569083703,100
"76",1,-172.139111,0.037168,0.216367,0.026182,0.232886,4.964955,0,2.818574,0.414117,0.245944,0.254542,0.245875,0.253639,0.383633999999972,0.535664769169419,5
"77",1,-170.08642,0.032843,0.728115,0.018311,0.502457,14.133552,0.003086,7.285457,0.633517,0.242367,0.258193,0.242333,0.257107,0.0634359999999674,0.801145380157989,6
"78",1,-135.249769,0.005302,0.503967,0.024226,0.065297,7.595938,0.135382,1.299189,1.336495,0.207444,0.317979,0.208386,0.26619,2.89235200000002,0.0890009087754339,20
"79",1,-117.45889,0.007619,0.256554,0.025522,0.105554,4.253543,0,2.810387,1.882542,0.20449,0.316918,0.204285,0.274308,0.169293999999979,0.680740015821136,75
"80",1,-162.997592,0.08199,0.52172,0.031973,0.253678,10.243008,0,4.294359,0,0.248864,0.251137,0.248846,0.251153,0.105410000000006,0.745431551953618,1
"81",1,-177.851056,0.044669,0.16702,0.049927,0.101352,3.933863,0,1.338268,0,0.253343,0.24675,0.253413,0.246494,0.850627999999972,0.356374740319984,4
"82",1,-161.352724,0,0.243463,0.042269,0.037577,4.7054,0.778047,1.001025,0.621871,0.233583,0.270272,0.237245,0.2589,4.08397400000001,0.0432917269515523,9
"83",1,-148.006191,1e-06,0.326129,0.026231,0.067016,5.559566,0.455849,1.323214,1.090183,0.213419,0.302165,0.217509,0.266906,0.506236000000001,0.476772818375565,12.85
"84",1,-157.682312,0,0.14915,0.046373,0.049737,2.528864,0.59821,1.502677,0.653884,0.23609,0.265008,0.240472,0.258431,3.141952,0.0763024378654961,11
"85",1,-187.385646,0.083866,0.388069,0.063057,0.286644,8.980326,0,4.30551,0,0.249224,0.250773,0.249209,0.250794,0.59402399999999,0.440867267939742,2
"86",1,-107.284642,0.008236,0.565107,0.075203,0.507215,9.776392,0.000185,7.763953,0.269333,0.220435,0.280262,0.220387,0.278916,0.0579160000000059,0.80982063303276,253.25
"87",1,-149.762132,0,0.144635,0.036063,0.03673,2.658383,0.695308,0.839596,1.129635,0.221707,0.291185,0.229307,0.257801,4.91152399999999,0.0266780926859767,12
"88",1,-146.521695,0,0.196442,0.042399,0.06404,3.283632,0.374903,1.456595,0.661112,0.206879,0.301606,0.214194,0.277322,0.0406839999999988,0.840149111354516,13.835
"89",1,-94.882474,0.003583,0.139237,0.028877,0.126686,2.502079,0,1.832308,1.190566,0.154327,0.389213,0.153985,0.302476,1.411216,0.234854635194585,261
"90",1,-145.129576,0.015537,0.219218,0.066023,0.02759,3.483577,0.001055,0.732849,0,0.206746,0.289677,0.206398,0.297179,0.245674000000008,0.620137755117329,16
"91",1,-118.451343,0.008211,0.292757,0.058742,0.108421,4.840204,0,3.254281,0.395243,0.206909,0.297084,0.206754,0.289253,0.336219999999997,0.562019278560178,86
"92",1,-179.176051,0.04578,0.207483,0.052542,0.161108,4.853752,3.3e-05,2.1059,0.004867,0.25171,0.248317,0.251738,0.248235,1.02606800000001,0.311083973916326,4.25
"93",1,-147.146743,0,0.144064,0.040001,0.127631,2.346735,0.316726,2.958065,0.576434,0.196468,0.304394,0.2081,0.291038,0.613147999999967,0.4336049885964,13
"94",1,-184.600852,0.059957,0.186349,0.061574,0.179081,5.677367,0,2.160896,0.000994,0.24896,0.251025,0.248937,0.251078,1.66590200000002,0.196808328046085,3
"95",1,-161.88872,0.067111,0.181612,0.030672,0.009869,3.441915,0.058559,0.128802,0.000133,0.247497,0.251881,0.247507,0.253114,0.28259399999996,0.595006035944777,1.5
"96",1,-135.749716,0.013041,0.310889,0.059433,0.085358,4.701349,0,3.813329,0.018795,0.231413,0.268466,0.231305,0.268817,1.362346,0.243131312798003,22.5
"97",1,-116.501825,0.010238,0.259015,0.061082,0.045894,4.37337,0,0.87349,0.294869,0.246635,0.254079,0.246617,0.25267,0.0464620000000195,0.829338176580335,106.5
"98",1,-113.223711,0.00883,0.479984,0.047102,0.23864,8.337712,3.1e-05,5.653451,0.710822,0.234217,0.267404,0.234182,0.264197,0.0251360000000034,0.874028648901257,110
"99",1,-143.966317,0,0.107774,0.034392,0.346358,1.52974,0.290538,14.74278,1.391769,0.232657,0.265804,0.237868,0.263671,2.16367400000001,0.141306468989406,17
"100",1,-160.302212,0,0.218105,0.043573,0.047586,3.67223,0.647844,1.328035,0.70416,0.233696,0.269314,0.237597,0.259393,2.21391799999998,0.136770922478626,10
"101",1,-183.507453,0.056077,0.230102,0.055781,0.214552,6.392337,0.000196,2.684972,0,0.249441,0.250555,0.24943,0.250573,1.81743399999999,0.177619018585133,3.25
"102",1,-188.529522,0.089042,0.188208,0.066976,0.088666,4.218043,0,1.318426,9e-05,0.24943,0.250552,0.249406,0.250612,0.565980000000025,0.451860793962253,2.24
"103",1,-189.825972,0.088735,0.37952,0.070215,0.163619,9.208681,0,2.348459,0.001221,0.249496,0.250495,0.249486,0.250524,0.920048000000008,0.33746236934997,2.75
"104",1,-141.159226,0.010243,1.020754,0.011766,0.092425,15.133306,0.069215,1.713799,1.784883,0.218039,0.302089,0.218176,0.261696,2.95647200000002,0.0855343852807885,17.5
"105",1,-143.890564,0.014457,0.358448,0.063647,0.125724,5.538873,0.01563,3.1815,0,0.209364,0.289886,0.209386,0.291363,0.442299999999989,0.506014427306654,14
"106",1,-123.819252,0.010647,0.229057,0.040282,0.089821,3.785833,0,2.51942,1.215029,0.228869,0.278729,0.228726,0.263675,0.146505999999988,0.701896964459278,56
"107",1,-137.781804,0.00855,0.634369,0.019497,0.076761,9.57443,0.087964,1.413097,1.452527,0.218145,0.301381,0.218464,0.26201,2.85691200000002,0.0909820066936846,18
"108",1,-168.322593,0.030471,0.194075,0.039619,0.446589,3.918911,0,6.562808,0.279975,0.238773,0.261676,0.238586,0.260965,0.0442140000000109,0.833455970207049,6.5
"109",1,-110.96412,0.010566,0.160829,0.028394,0.170126,2.884553,0,2.84497,1.829902,0.238022,0.267615,0.237914,0.256449,0.993159999999989,0.318971267427464,220
"110",1,-189.016927,0.092165,0.444541,0.069597,0.218523,10.468529,1.9e-05,3.196887,0.000146,0.249572,0.250423,0.249564,0.250441,0.721246000000008,0.395735502488563,2.25
"111",1,-91.573783,0.002421,0.199131,0.065617,0.089689,3.552093,0,1.100801,0.261698,0.107675,0.413581,0.107465,0.371279,0.287334000000016,0.591934052774487,345
"112",1,-159.678534,0,0.137267,0.054544,0.052758,2.161024,0.517555,1.660183,0.321378,0.237375,0.261701,0.241713,0.259211,1.84666599999997,0.174171656720027,10.1
"113",1,-159.638712,0.018836,0.204386,0.05469,0.111303,4.043266,0.103406,1.66653,0,0.225748,0.273038,0.226816,0.274398,0.208586000000025,0.647877947164337,8.5
"114",1,-178.710714,0.043723,0.144588,0.052162,0.080654,3.460914,0,1.057942,0,0.251911,0.248171,0.251953,0.247965,0.843522000000007,0.358391415997753,4.5
"115",1,-183.28602,0.054127,0.25781,0.056811,0.161801,7.437676,0,2.00845,0.00805,0.249857,0.250143,0.249854,0.250146,2.01261399999999,0.155996333874932,3.75
"116",1,-98.013754,0.004968,0.136466,0.081105,0.081683,2.383277,0,1.453028,0.012271,0.178339,0.31865,0.178042,0.32497,0.466678000000002,0.494519426751947,259.5
"117",1,-133.715031,0.012231,0.357306,0.012527,0.094706,5.586254,0,2.733169,2.707703,0.231535,0.279898,0.231425,0.257141,0.654740000000004,0.418423086163808,25
"118",1,-111.463292,0.009389,0.33468,0.029279,0.177819,5.812511,0,3.013564,1.252214,0.234818,0.270034,0.234761,0.260387,0.21775199999999,0.640758145789919,200
"119",1,-130.11205,0.010931,0.171447,0.053111,0.027281,2.679055,0,0.897445,0.325887,0.228103,0.277282,0.22789,0.266724,0.440606000000002,0.506830109921912,31
"120",1,-162.170341,0.016895,0.452171,0.054575,0.076679,8.807777,0.177056,1.33609,0,0.23209,0.266931,0.232774,0.268205,0.193595999999957,0.659940399476815,7.75
"121",1,-168.558042,0.031747,0.194924,0.058067,0.103101,3.721858,7e-05,1.585622,0.005067,0.240454,0.259345,0.240285,0.259915,0.121223999999984,0.727710735866355,6.2
"122",1,-174.140868,0.03888,0.341229,0.010895,0.239982,6.945686,0,3.197609,0.860186,0.246455,0.254328,0.24641,0.252806,0.118188000000032,0.73100811977832,5.5
"123",1,-183.564188,0.056416,0.329257,0.057562,0.362534,9.236891,0,4.40786,0.007729,0.250006,0.249996,0.250005,0.249994,1.85156799999999,0.173601136758842,3.5
"124",1,-161.043692,0,0.148858,0.045022,0.042531,2.704679,0.753102,1.145867,0.610277,0.233123,0.268524,0.238973,0.259379,3.704092,0.0542791969340716,9.4
"125",1,-89.927193,0.002021,0.342194,0,0.343115,6.38739,0.006698,7.297146,2.111025,0.10419,0.429962,0.104354,0.361495,0.794195999999999,0.372834355338051,300
"126",1,-161.366262,0.025793,0.216113,0.055882,0.172422,4.357455,0.003455,2.435548,0,0.230289,0.269427,0.230077,0.270208,0.228709999999978,0.632481998044796,8
"127",1,-120.299188,0.008949,0.140651,0.05529,0.052196,2.294667,0,1.480142,0.459266,0.21757,0.28983,0.217279,0.275321,0.192430000000002,0.660901798464443,70
"128",1,-128.170539,0.01228,0.28254,0.037105,0.112038,4.495893,0,3.497507,1.194215,0.233623,0.270729,0.233519,0.262129,0.57001600000001,0.450252558478811,40.13
"129",1,-189.305436,0.089105,0.204599,0.069329,0.099756,4.842072,0,1.44961,2.9e-05,0.249451,0.250532,0.249431,0.250586,0.733600000000024,0.3917187714295,2.6
"130",1,-161.086604,0,0.178695,0.048045,0.034122,3.283718,0.759266,0.970519,0.552568,0.235803,0.266335,0.240014,0.257848,3.69112799999999,0.0547026098147742,9.5
"131",1,-132.430917,0.012271,0.008397,0.055848,0.03653,0.060651,0,1.029182,0.01264,0.251282,0.254529,0.239751,0.254438,0.13340199999999,0.714930481640534,30
"132",1,-45.41078,0,0.449965,2.454461,1.938423,7.949345,0,0.004674,3.742221,0.25,0.25,0.25,0.25,0.111191999999988,0.738791120546255,1450
"133",1,-147.26921,0.004532,0.163456,0.062293,0.066608,2.649481,0.179021,1.689734,0,0.194752,0.299961,0.201711,0.303576,0.271971999999948,0.602011995299292,13.75
"134",1,-129.369117,0.011991,0.133349,0.051476,0.102662,2.087485,0,3.924119,0.375272,0.235315,0.26581,0.235126,0.263749,0.164400000000001,0.685137431788717,34
"135",1,-101.579035,0.005712,0.219321,0.045063,0.150618,3.889803,0,2.723561,1.040214,0.194906,0.321317,0.194722,0.289055,0.622376000000003,0.43016571755052,256.5
"136",1,-111.516356,0.008777,0.237127,0.035974,0.044961,4.144208,0,0.987738,0.097218,0.338394,0.15697,0.338816,0.16582,0.00643999999999778,0.93603873381428,160
"137",1,-134.419093,0.013111,0.265782,0.049855,0.060784,4.125957,0,2.12204,0.568364,0.231002,0.272864,0.230865,0.265269,0.929052000000013,0.335109383494967,27
"138",1,-104.996794,0.007194,0.103379,0.090216,0.04017,1.775666,0,0.71627,0.005015,0.209436,0.285994,0.20912,0.295451,0.737393999999995,0.390496953768028,256
"139",1,-134.599831,0,0.153376,0.039981,0.079811,2.284014,0.24168,3.362118,0.899125,0.232145,0.269342,0.235299,0.263215,0.905318000000022,0.341359750716297,21
"140",1,-173.787658,0.037566,0.170772,0.058558,0.122451,3.723939,0,1.662257,0.005943,0.245044,0.254869,0.244939,0.255147,0.421414000000027,0.516232327752766,5.1
"141",1,-124.281287,0.0108,0.317407,0.064475,0.046695,4.944914,0.000181,1.846303,0,0.224661,0.274582,0.224551,0.276206,0.779733999999991,0.37722250438182,43
"142",1,-166.135504,0.028268,0.146675,0.056921,0.173797,2.910358,0,2.531408,0.000307,0.235192,0.264671,0.234887,0.26525,0.127597999999978,0.7209356313277,7
"143",1,-51.457417,0.00074,0.257131,0.0918,0,4.564348,0,0,1.381136,0.256482,0.23053,0.256487,0.256501,0.0444180000000074,0.833077843671595,500
"144",1,-91.258857,0.00393,0.42105,0.002744,0.85968,7.709486,0.015997,13.050042,1.026381,0.267419,0.23141,0.267369,0.233802,0.258896000000021,0.610879633941075,400
"145",1,-125.44882,0.011195,0.267477,0.02033,0.106093,4.393941,0,2.656288,2.190095,0.226525,0.286503,0.22637,0.260601,0.0868059999999957,0.768277627305582,55.3
"146",1,-118.304759,0.010892,0.550757,0.008805,0.343965,9.568369,0,8.861222,2.058576,0.247811,0.252586,0.247806,0.251797,0.0561360000000093,0.812710809203049,100
"147",1,-172.057756,0.036977,0.291488,0.056458,0.419639,6.308347,0.000854,5.901513,0.003609,0.245698,0.254296,0.245645,0.254361,0.546295999999984,0.459835108561622,5
"148",1,-170.079231,0.033427,0.294332,0.058517,0.337756,5.618802,0,5.251626,0.015018,0.242509,0.257483,0.242417,0.257591,0.0778139999999894,0.78028196180285,6
"149",1,-135.729379,0,0.155018,0.028894,0.061086,2.270097,0.294073,1.809384,1.684872,0.208683,0.308932,0.215456,0.266928,1.93293399999999,0.164437807692391,20
"150",1,-117.165103,0.007478,0.257324,0.069303,0.108928,4.054579,0,3.365433,0.000869,0.195008,0.304066,0.194804,0.306123,0.418047999999999,0.517912664767383,75
"151",1,-163.073871,0.083026,0.252129,0.032442,0.060978,4.886856,0,1.016682,0,0.248842,0.251139,0.248804,0.251216,0.0471459999999979,0.828106024502083,1
"152",1,-177.773227,0.044876,0.250372,0.049599,0.180909,6.069876,0,2.434329,0,0.253686,0.246363,0.253737,0.246214,1.00626400000004,0.315799535617292,4
"153",1,-161.504481,0,0.164035,0.046007,0.03553,3.019763,0.705545,1.016676,0.460817,0.232855,0.268521,0.238225,0.260399,3.78043200000002,0.0518552709154065,9
"154",1,-147.983693,0,0.405167,0.038708,0.037028,7.002056,0.429319,0.872288,0.682692,0.215754,0.298535,0.218748,0.266963,0.551444000000004,0.457728276098009,12.85
"155",1,-157.472597,0,0.266845,0.039035,0.053543,4.721314,0.660738,1.399867,0.951744,0.236029,0.268171,0.238645,0.257155,3.56148200000001,0.0591349207566178,11
"156",1,-187.598031,0.08498,0.108254,0.063836,0.126375,2.533677,0,1.886609,0,0.249271,0.250729,0.249221,0.250779,0.169258000000013,0.680772090111499,2
"157",1,-107.665374,0.008448,0.105696,0.09481,0.060869,1.93787,0,0.868439,0.037463,0.220949,0.277356,0.220699,0.280997,0.820018000000005,0.365174903108333,253.25
"158",1,-149.570719,0,0.18701,0.036406,0.040638,3.443603,0.59253,0.93403,0.941591,0.222096,0.289287,0.227866,0.260751,5.294398,0.021394124569897,12
"159",1,-146.531321,0.012475,0.648056,0.064111,0.792645,11.255112,0.044177,14.102688,0,0.189034,0.310547,0.189382,0.311037,0.0213340000000244,0.883872735676825,13.835
"160",1,-94.443766,0.003521,0.345738,0.042607,0.588905,6.364949,0,4.998197,0.3725,0.143789,0.362148,0.143668,0.350396,0.533731999999986,0.465042061346871,261
"161",1,-145.180353,0,0.929887,0,0.225104,15.76338,0.389,6.44141,2.710022,0.219157,0.289975,0.220377,0.270492,0.144725999999991,0.703627209631584,16
"162",1,-118.546283,0.008106,0.320665,0.060679,0.025112,5.29116,0,0.557649,0.333876,0.210397,0.304401,0.210252,0.27495,0.146267999999992,0.702127611705635,86
"163",1,-179.248718,0.04738,0.170235,0.054296,0.319009,4.14295,0,4.262277,0.000598,0.251491,0.248513,0.251522,0.248474,0.880743999999993,0.347997984793516,4.25
"164",1,-146.939739,0,0.188645,0.020774,0.070437,3.246996,0.539408,1.366318,1.524583,0.211226,0.306907,0.218702,0.263164,0.199281999999982,0.655301020136571,13
"165",1,-184.616798,0.059387,0.262319,0.06188,0.747925,7.349866,0,9.490523,0.000656,0.248786,0.251217,0.248766,0.251231,1.63403200000005,0.20114627210169,3
"166",1,-162.104191,0.045521,0.208423,0.030526,0.208439,3.850996,0.538914,3.61228,0,0.248947,0.250933,0.249173,0.250948,0.148341999999957,0.700124864320195,1.5
"167",1,-135.763028,0.01286,0.512912,0.052392,0.026419,7.577441,0,0.864029,0.332737,0.231795,0.27287,0.231722,0.263612,1.33556400000003,0.247817783321574,22.5
"168",1,-116.54378,0.010394,0.206274,0.07533,0.033003,3.312215,0,0.678311,0.015256,0.243763,0.255743,0.243724,0.256771,0.0374439999999936,0.846563865010572,106.5
"169",1,-113.371016,0.009048,0.317128,0.020407,0.112087,5.433513,0,1.846797,1.558371,0.240049,0.265461,0.240006,0.254483,0.267641999999995,0.604917942499674,110
"170",1,-143.812355,0,0.073841,0.055742,0.084368,0.942189,0.266166,4.317048,0.203607,0.236685,0.26075,0.242308,0.260256,2.47159800000003,0.115920017199593,17
"171",1,-160.489116,2.9e-05,0.171874,0.054881,0.058945,2.761316,0.491564,1.73421,0.220464,0.23114,0.267436,0.236381,0.265044,1.840082,0.174941336651661,10
"172",1,-183.546385,0.055817,0.240663,0.049908,0.230067,6.441786,0,2.721086,0.063607,0.249541,0.250465,0.249532,0.250462,1.73907800000001,0.187255692644469,3.25
"173",1,-188.496611,0.088385,0.27377,0.066727,0.076627,6.545099,0.000812,1.110637,0,0.249408,0.250563,0.249392,0.250637,0.631801999999993,0.426695097958527,2.24
"174",1,-189.844076,0.089111,0.208751,0.070118,0.106813,5.068181,0,1.51037,0,0.249505,0.25048,0.249488,0.250527,0.883838000000026,0.347152632563546,2.75
"175",1,-141.141975,0.010448,1.277625,0.017238,0.081194,18.917778,0.062936,1.494312,1.553734,0.218639,0.301054,0.218732,0.261574,2.991062,0.0837252428940954,17.5
"176",1,-143.833967,0.00742,0.551214,0.035326,0.073296,8.721856,0.173125,1.676921,0.861509,0.21896,0.291609,0.219882,0.269548,0.555384000000004,0.456126101264758,14
"177",1,-123.650627,0.010512,0.599259,0.033828,0.134581,9.813581,0,3.921254,1.417729,0.227988,0.278204,0.227934,0.265874,0.484007999999989,0.486612444330189,56
"178",1,-138.39529,0,0.051078,0.047449,0.068095,0.69386,0.335387,3.421014,0.886763,0.236582,0.261076,0.244237,0.258105,1.62993800000004,0.201711624237128,18
"179",1,-168.207185,0.030188,0.506601,0.043975,0.300963,10.395349,0,4.392855,0.214112,0.238649,0.261763,0.238579,0.261008,0.186776000000009,0.665613581010377,6.5
"180",1,-110.639096,0.010232,0.246154,0.047289,0.158243,4.386408,0,2.728858,1.16408,0.235872,0.268768,0.235796,0.259564,0.342955999999987,0.558127912078644,220
"181",1,-189.044872,0.092757,0.242328,0.069629,0.26269,5.549296,0,3.883467,0.000801,0.24959,0.25041,0.249576,0.250424,0.665360000000021,0.414674014878292,2.25
"182",1,-91.83433,0.002624,0.550494,0.082335,0,9.90126,0.235164,0.069271,2.800179,0.16604,0.493617,0.166138,0.174205,0.80835399999998,0.368607338970687,345
"183",1,-159.326369,0,0.282004,0.043176,0.059968,4.869176,0.591177,1.610334,0.703452,0.237975,0.264216,0.240135,0.257674,2.55106999999998,0.110219586891352,10.1
"184",1,-159.540438,0.022024,0.452739,0.054728,0.188627,9.147828,0.038005,2.668399,0,0.224848,0.274665,0.224944,0.275543,0.405160000000024,0.524436377621061,8.5
"185",1,-178.653521,0.043739,0.177531,0.052194,0.419437,4.233685,0,5.474861,0.007008,0.251635,0.248365,0.251664,0.248337,0.957923999999991,0.327710479296586,4.5
"186",1,-183.426222,0.054774,0.128766,0.057892,0.342357,3.67109,0.000144,4.134079,0,0.249976,0.250027,0.249972,0.250025,1.73223999999999,0.188125081488061,3.75
"187",1,-97.919244,0.004797,0.186748,0.076476,0.122676,3.279008,1e-06,1.913036,0.125155,0.175146,0.326686,0.174923,0.323245,0.277642000000014,0.598250914797792,259.5
"188",1,-133.70054,0.012192,0.265119,0.029154,0.080305,4.092922,0,2.71802,1.655396,0.230566,0.277752,0.230419,0.261264,0.682732000000044,0.408647554284597,25
"189",1,-111.926854,0.009512,0.114428,0.052356,0.093609,1.996661,0,1.962243,0.880882,0.235192,0.26983,0.235023,0.259955,1.14450000000002,0.284703459032039,200
"190",1,-130.103812,0.011224,0.327719,0.011867,0.154378,5.212931,0,5.705936,2.658359,0.228176,0.279425,0.228061,0.264338,0.450231999999971,0.502224801854311,31
"191",1,-162.093585,0.020005,0.008713,0.05461,0.039698,0,0.149845,0.766318,0.09109,0.228661,0.250952,0.266257,0.25413,0.347102000000007,0.55575821978241,7.75
"192",1,-168.454476,0.031327,0.276131,0.058055,0.244006,5.249849,2.1e-05,3.742419,0,0.240134,0.259794,0.240011,0.260062,0.0859060000000227,0.769447816037772,6.2
"193",1,-174.450864,0.036163,0.0053,0.060348,0.084447,0,0.050864,1.409328,0.04128,0.256768,0.265374,0.213524,0.264333,0.73818799999998,0.390241945279042,5.5
"194",1,-183.599438,0.055952,0.312178,0.057981,1.102494,8.406584,0,13.353532,0,0.249988,0.250013,0.249987,0.250012,1.781068,0.182018236863247,3.5
"195",1,-160.941248,0,0.190396,0.04333,0.047885,3.622187,0.755346,1.207346,0.62924,0.233271,0.269211,0.237903,0.259615,3.90903600000001,0.048027138608724,9.4
"196",1,-89.989887,0.002159,0.106342,0.073646,0.319541,1.88605,0,3.730314,0.080102,0.09294,0.407487,0.092569,0.407004,0.867629999999991,0.351612261429888,300
"197",1,-161.355233,0.023828,0.225245,0.055888,0.181563,4.539303,0.039533,2.592194,0,0.22996,0.269593,0.230112,0.270335,0.250756000000024,0.616543257001672,8
"198",1,-119.994297,0.009095,0.222581,0.067186,0.089455,3.560624,0,3.027912,0.040179,0.2162,0.283613,0.216024,0.284163,0.419274000000001,0.517299526591625,70
"199",1,-128.298261,0.012491,0.339718,0.00018,0.124099,5.61004,0,3.075863,3.393163,0.236117,0.273291,0.236032,0.254561,0.314735999999982,0.574788423565543,40.13
"200",1,-189.271032,0.089792,0.291978,0.069525,0.118342,6.860703,0,1.732341,0,0.249481,0.250505,0.249468,0.250546,0.802406000000019,0.370374987263803,2.6
"201",1,-161.576702,0,0.076521,0.049478,0.041211,1.253245,0.992875,1.137025,0.727086,0.237301,0.261168,0.245735,0.255796,2.7115,0.0996272731134492,9.5
"202",1,-132.50605,0.011703,0.114773,0.050778,0.038054,1.792162,0,1.345362,0.480876,0.227866,0.277935,0.227517,0.266682,0.0163679999999999,0.89819844625749,30
"203",1,-45.412858,0,0.419633,1.040029,4.098316,7.405101,0,0,0.232808,0.250029,0.249976,0.250029,0.249965,0.515007999999995,0.472978930547604,1450
"204",1,-147.023835,0,0.311892,0.03067,0.110923,5.498616,0.376733,2.150873,0.81036,0.205281,0.303714,0.21019,0.280814,0.219232000000034,0.639625719874575,13.75
"205",1,-129.129731,0.012111,0.303691,0.028547,0.177981,4.752498,0,6.674147,1.438119,0.236227,0.266149,0.236146,0.261478,0.643766000000028,0.422350355096974,34
"206",1,-101.734828,0.005625,0.163594,0.04862,0.088042,2.925454,0,1.209351,0.896676,0.197037,0.329354,0.196782,0.276828,0.929251999999991,0.335057367862156,256.5
"207",1,-111.582538,0.009253,0.269092,0.020096,0.101772,4.661019,0,1.470104,0.954816,0.267107,0.225053,0.267191,0.240649,0.125463999999994,0.723182275843509,160
"208",1,-134.511772,0.013001,0.192242,0.053545,0.045572,2.977044,0,1.625066,0.40826,0.230336,0.273324,0.230141,0.266199,0.743745999999987,0.38846353681805,27
"209",1,-104.779694,0.007173,0.19229,0.074934,0.136414,3.385959,0,2.602794,0.296369,0.212217,0.290757,0.212051,0.284975,0.30883,0.57839903301577,256
"210",1,-134.348875,0,0.135285,0.033869,0.143195,2.01228,0.233515,6.220276,1.250246,0.23067,0.270001,0.23446,0.264868,1.40738600000003,0.235490817223272,21
"211",1,-173.69862,0.038118,0.269809,0.059829,0.306795,5.822258,0.000154,4.207341,0.001627,0.245268,0.254707,0.245204,0.254821,0.599479999999971,0.438776498439717,5.1
"212",1,-124.404533,0.010757,0.189802,0.063625,0.038217,3.056187,0,1.414586,0.037176,0.224508,0.275151,0.224323,0.276017,0.533128000000005,0.465294744017639,43
"213",1,-165.981443,0.027977,0.3194,0.042823,0.790175,6.451237,0,11.437663,0.196432,0.234909,0.265333,0.234771,0.264987,0.180621999999971,0.670839247636763,7
"214",1,-51.732846,0.003426,0.457844,0.695653,0,8.054644,0,6.911189,8.115814,0.25,0.25,0.25,0.25,0.506810000000002,0.476523052946526,500
"215",1,-91.262175,0,0.270452,0.056601,0.010926,4.821102,0.247068,0.838934,1.754509,0.257841,0.234813,0.257466,0.24988,0.26549,0.606373290811588,400
"216",1,-125.241774,0.011208,0.37175,0.053489,0.037285,5.950271,0,0.930951,0.534794,0.227603,0.281105,0.227501,0.263791,0.501731999999976,0.478740083432272,55.3
"217",1,-118.337239,0.010908,0.178415,0.071515,0.034159,3.012146,3.6e-05,0.782368,0.107818,0.246243,0.253926,0.246214,0.253617,0.12054999999998,0.728438734127151,100
"218",1,-172.283729,0.037225,0.126863,0.057556,0.217523,2.634324,0,3.083546,0,0.245387,0.254609,0.245246,0.254758,0.0943700000000263,0.758693424906349,5
"219",1,-170.110336,0.033202,0.238298,0.058934,0.169443,4.529598,0,2.637478,0.001577,0.24234,0.257571,0.242223,0.257866,0.0156200000000126,0.900539385133889,6
"220",1,-135.61113,0,0.371945,0,0.11778,5.610294,0.323542,4.171713,4.387067,0.207087,0.317508,0.210224,0.265181,2.169422,0.14077913819918,20
"221",1,-117.450468,0.007591,0.164931,0.054915,0.046771,2.681264,0,1.258894,0.500763,0.202207,0.311394,0.20189,0.284509,0.152072000000004,0.696563092887291,75
"222",1,-162.993056,0.082089,0.370731,0.031528,0.096838,7.252899,0,1.641101,0.005853,0.248877,0.251118,0.248852,0.251153,0.114504000000011,0.735073530905529,1
"223",1,-177.788263,0.044708,0.289472,0.049553,0.326856,6.8725,0,4.336255,0.000886,0.253645,0.246373,0.253689,0.246293,0.97621399999997,0.323135299423085,4
"224",1,-161.464167,0,0.183935,0.045084,0.032673,3.346868,0.706952,0.954979,0.509646,0.232606,0.269878,0.237508,0.260008,3.86120199999999,0.0494149149121651,9
"225",1,-148.482731,0,0.133821,0.058153,0.210811,2.042351,0.270435,4.33047,0.040919,0.196242,0.297338,0.208629,0.297791,0.44676400000003,0.503875698573622,12.85
"226",1,-157.786302,0,0.13412,0.052431,0.039507,2.140816,0.500271,1.325858,0.36693,0.23463,0.26504,0.239708,0.260622,2.934032,0.0867306380487751,11
"227",1,-187.391541,0.084057,0.405595,0.062789,0.300596,8.966333,0,4.570445,0,0.249231,0.250766,0.249217,0.250786,0.582238000000018,0.44543643101906,2
"228",1,-107.443396,0.008357,0.207131,0.062259,0.093586,3.656303,0,1.461137,0.63611,0.224819,0.283121,0.224687,0.267372,0.375826000000018,0.539845599670265,253.25
"229",1,-149.620984,0,0.181984,0.042866,0.025072,3.262484,0.547993,0.66028,0.684258,0.220175,0.292139,0.226218,0.261469,5.194052,0.0226643136543086,12
"230",1,-146.93028,0,0.066975,0.063301,0.116869,0.939691,0.31772,2.778383,0.01036,0.210634,0.279379,0.229343,0.280645,0.776606000000015,0.37818115968061,13.835
"231",1,-94.228862,0.003629,0.248613,0.074485,0.228198,4.395556,0,3.513341,0.104494,0.145947,0.35494,0.145774,0.35334,0.0835940000000051,0.772484751125249,261
"232",1,-145.059862,0.006666,0.408571,0.065216,0.192741,6.403369,0.139065,5.537569,0.002121,0.209474,0.289283,0.211123,0.29012,0.38543199999998,0.534710363407612,16
"233",1,-118.49126,0.008244,0.217304,0.065051,0.060102,3.533589,0,1.854633,0.16467,0.207559,0.294594,0.207353,0.290494,0.256261999999992,0.612699920386554,86
"234",1,-179.295222,0.045919,0.175861,0.050248,0.073899,4.232367,0,0.918734,0.036099,0.251529,0.248481,0.251558,0.248431,0.78773799999999,0.374784982165669,4.25
"235",1,-147.054418,0,0.108877,0.042638,0.042116,1.710127,0.391242,1.146507,0.657076,0.208899,0.297256,0.221177,0.272668,0.428607999999997,0.512672773041979,13
"236",1,-184.658784,0.059362,0.168326,0.060862,0.075079,4.536835,0,0.923556,0,0.248785,0.251154,0.248753,0.251307,1.550028,0.213131307363678,3
"237",1,-162.020548,0.068757,0.211101,0.030305,0.420861,4.445928,0.059588,7.009082,0,0.249075,0.250924,0.249071,0.250931,0.0189540000000079,0.890498442633688,1.5
"238",1,-135.959353,0,0.071813,0.048207,0.060566,0.983072,0.230457,2.836247,0.617334,0.225818,0.272862,0.234233,0.267087,0.943858000000034,0.331287633819071,22.5
"239",1,-116.581198,0.010421,0.500269,0,0.144857,8.659196,0,2.345625,2.195911,0.250586,0.248971,0.250587,0.249856,0.111874,0.738020617761699,106.5
"240",1,-113.497935,0.008902,0.449993,0,0.094006,7.994938,0.008773,0.665757,1.688235,0.248749,0.252492,0.248746,0.250014,0.522816000000006,0.469642922297522,110
"241",1,-143.628365,0.014537,0.566945,0.024136,0.075063,8.399046,0.000456,1.436905,1.367738,0.225019,0.28998,0.224906,0.260095,2.83948800000002,0.0919735159233533,17
"242",1,-160.174983,0,0.361842,0.041863,0.05894,6.368879,0.612519,1.529138,0.670608,0.233346,0.270133,0.23577,0.260751,2.46845200000001,0.116152269005105,10
"243",1,-183.572979,0.055913,0.139104,0.055181,0.134831,3.899882,0.000557,1.702884,0,0.249533,0.250464,0.249517,0.250486,1.68591800000002,0.194139941816504,3.25
"244",1,-188.493773,0.088765,0.309621,0.066714,0.295247,7.166942,0,4.401614,0,0.24945,0.250549,0.249436,0.250565,0.637477999999987,0.424625528066734,2.24
"245",1,-189.860091,0.088823,0.209396,0.07006,0.07996,5.220021,0,1.121888,0,0.249487,0.250488,0.249471,0.250554,0.851808000000005,0.356041366047602,2.75
"246",1,-141.121995,0.010412,2.089296,0.014511,0.085796,30.912288,0.064092,1.548468,1.642198,0.218636,0.301391,0.218694,0.261279,3.03078399999998,0.0816985312268227,17.5
"247",1,-143.894049,0.000635,0.534546,0.020309,0.130735,8.437655,0.3274,3.22783,1.460256,0.218099,0.291102,0.220061,0.270738,0.435224000000005,0.509436681131313,14
"248",1,-123.688731,0.010546,0.270476,0.049378,0.143504,4.358454,0,4.714518,0.75002,0.227442,0.275504,0.227324,0.269729,0.407982000000004,0.522995543540465,56
"249",1,-137.710275,0.008306,2.747557,0.005288,0.103226,40.989889,0.096609,1.742309,1.839766,0.218755,0.301077,0.218836,0.261333,3.00014800000002,0.0832569108091724,18
"250",1,-168.23153,0.030193,0.28453,0.049135,1.120303,5.680027,0,16.29407,0.123912,0.238765,0.261343,0.238639,0.261253,0.137927999999988,0.710349611387211,6.5
"251",1,-110.540699,0.010025,0.23055,0.097063,0.014243,4.100326,0,0.253496,0,0.228199,0.262516,0.228117,0.281168,0.146510000000006,0.701893089870812,220
"252",1,-189.031191,0.091268,0.282574,0.0691,0.262071,6.534661,3.5e-05,3.835826,0,0.249544,0.250454,0.249532,0.25047,0.692720000000008,0.40524074595232,2.25
"253",1,-91.536265,0.002337,0.161185,0.060802,0.038299,2.886545,0,0.388918,0.380582,0.114356,0.460026,0.114073,0.311545,0.211714000000001,0.645427292634829,345
"254",1,-159.266012,0,0.358045,0.044128,0.048547,6.272202,0.603771,1.320669,0.666853,0.238569,0.264216,0.240205,0.257009,2.671716,0.102145836013945,10.1
"255",1,-159.594375,0.023385,0.269706,0.020121,0.393741,5.894107,0.011369,5.028347,0.479198,0.225069,0.276846,0.224949,0.273136,0.297207999999955,0.585638071383445,8.5
"256",1,-178.663057,0.04402,0.20414,0.045329,0.481219,4.961672,0,6.340305,0.099011,0.251531,0.248443,0.251555,0.248471,0.938873999999998,0.332567588364986,4.5
"257",1,-183.30688,0.054732,0.288756,0.058183,0.229726,8.747787,0,2.880996,0,0.249832,0.250168,0.249829,0.250172,1.97089199999999,0.160353213026032,3.75
"258",1,-98.12218,0.004692,0.153365,0.075171,0.03594,2.689851,0,0.511434,0.129552,0.175043,0.332066,0.174766,0.318124,0.679954000000009,0.40960256450294,259.5
"259",1,-133.664613,0.012107,0.202836,0.04439,0.076765,3.112766,0.000192,2.967116,0.71708,0.229481,0.274376,0.229298,0.266845,0.754562000000021,0.385035707096723,25
"260",1,-111.618073,0.009476,0.16681,0.054981,0.085856,2.902277,0,1.511356,0.678791,0.23517,0.269702,0.235056,0.260072,0.527607999999987,0.467614245567573,200
"261",1,-130.193627,0.010892,0.133335,0.056062,0.127745,2.061405,0,5.426731,0.203414,0.225583,0.275142,0.225304,0.273971,0.272348000000022,0.60176104541438,31
"262",1,-162.149591,0.006237,0.328779,0.054284,0.359524,6.145407,0.391217,5.70408,0.003797,0.231475,0.267268,0.233716,0.267541,0.235062000000028,0.627795571363583,7.75
"263",1,-168.520277,0.031575,0.201576,0.0585,0.168657,3.903264,0,2.502046,0.002002,0.240295,0.259594,0.240131,0.259981,0.0457020000000057,0.830718418542597,6.2
"264",1,-174.153576,0.038675,0.203499,0.03392,0.313442,4.097605,0.000589,4.723407,0.458913,0.246211,0.254123,0.246135,0.253532,0.143615999999952,0.70471235680059,5.5
"265",1,-183.580646,0.055185,0.334962,0.056966,0.555402,9.30831,0.001535,7.114468,0,0.250063,0.249938,0.250063,0.249936,1.81871599999999,0.177466190825801,3.5
"266",1,-161.145578,0,0.123529,0.043594,0.041241,2.244715,0.870438,1.109889,0.773895,0.233519,0.268213,0.240463,0.257805,3.50030800000002,0.0613574169644033,9.4
"267",1,-90.530925,0.002397,0.120667,0.040803,0.061077,2.201025,0,0.699086,0.99848,0.121267,0.478987,0.120867,0.278879,1.94984399999998,0.162603662203036,300
"268",1,-161.379269,0.022446,0.007163,0.056383,0.014184,0,0.217516,0.319483,0.263259,0.222413,0.246207,0.270274,0.261106,0.202723999999989,0.65253103791311,8
"269",1,-120.212348,0.009128,0.13001,0.068358,0.049278,2.074595,0,1.703995,0,0.216435,0.282462,0.216133,0.28497,0.016050000000007,0.899186873293155,70
"270",1,-128.333564,0.007418,0.20259,0.065559,0.11546,3.132429,0.074743,4.703854,0,0.232197,0.267194,0.232969,0.26764,0.244186000000013,0.621198978290448,40.13
"271",1,-189.319242,0.089189,0.588162,0.070291,0.414948,13.993733,0.00019,6.029946,0,0.249469,0.250528,0.249463,0.25054,0.705985999999996,0.400779591907115,2.6
"272",1,-160.892266,0,0.581367,0.047875,0.039139,12.201196,0.722748,1.043326,0.449512,0.236511,0.266617,0.237788,0.259084,4.079702,0.0434013126060505,9.5
"273",1,-132.448402,0.012022,0.293009,0.018428,0.049646,4.722643,0,0.39148,2.912439,0.234347,0.290211,0.234201,0.241241,0.098700000000008,0.753395297409799,30
"274",1,-45.407291,0,0.764645,0.663844,0,13.508653,0,6.216816,4.834879,0.25,0.25,0.25,0.25,1.13790399999999,0.286095658874328,1450
"275",1,-147.098567,0,0.186582,0.045179,0.046302,3.018344,0.349794,1.177114,0.543045,0.205282,0.303289,0.213017,0.278412,0.0692020000000184,0.792502229499193,13.75
"276",1,-129.458102,0.012353,0.238801,0.013359,0.050716,3.821387,0,0.181188,2.789681,0.240443,0.276611,0.240321,0.242625,0.0134079999999699,0.907816662894609,34
"277",1,-101.288263,0.005476,0.331283,0.078691,0.300548,5.839087,0,5.519272,0.154844,0.185235,0.315645,0.185114,0.314005,0.0405739999999923,0.840362446452375,256.5
"278",1,-111.62382,0.009054,0.858973,0.003028,0.118229,16.557643,0,2.193239,1.822937,0.273297,0.213791,0.27333,0.239582,0.208691999999985,0.647794538185255,160
"279",1,-134.562513,0.012974,0.144231,0.06207,0.031187,2.22478,0,1.291671,0.036825,0.228841,0.270913,0.228583,0.271663,0.643034,0.422614272549985,27
"280",1,-104.752621,0.007294,0.431805,0.054652,0.073348,7.491688,0,0.828692,0.713877,0.219765,0.296713,0.219692,0.26383,0.256002000000024,0.612880235924952,256
"281",1,-134.316339,0,0.108297,0.050602,0.08515,1.536528,0.195917,3.746268,0.222743,0.233025,0.265532,0.236945,0.264498,1.473186,0.224843686678773,21
"282",1,-173.693371,0.037859,0.263341,0.059692,0.214332,5.748111,0.000754,2.937374,0,0.245141,0.254804,0.245076,0.254978,0.609975999999961,0.434796846708769,5.1
"283",1,-124.335062,0.010916,0.361527,0.050677,0.057856,5.940243,0,1.707782,0.539592,0.227546,0.277672,0.227451,0.26733,0.672108000000009,0.412317626356616,43
"284",1,-166.147148,0.028191,0.270365,0.028437,0.145221,5.643522,0,1.807752,0.427925,0.235934,0.266639,0.235773,0.261655,0.150869999999998,0.697705337780152,7
"285",1,-51.526324,0.000794,0.207599,0.096958,0,3.628423,0,1.269274,1.339017,0.257991,0.2368,0.257996,0.247214,0.0875360000000001,0.767333307759081,500
"286",1,-91.134351,0.004603,1.656959,0,0.540741,30.313061,0,7.328455,0.991772,0.268141,0.229766,0.268147,0.233946,0.00971199999997907,0.921495983816995,400
"287",1,-125.249108,0.01109,0.32843,0.044843,0.07802,5.286216,0,2.140992,0.897598,0.225113,0.282683,0.22499,0.267214,0.486247999999989,0.48560577668041,55.3
"288",1,-118.175121,0.010805,0.729779,0.07526,0.598695,12.328166,0,15.61493,0.002384,0.245808,0.254178,0.2458,0.254213,0.203219999999988,0.652134212972344,100
"289",1,-172.056042,0.036019,0.33154,0.056938,0.255334,7.383336,0.028731,3.538436,0,0.245936,0.254013,0.245928,0.254123,0.549757999999997,0.458416592053798,5
"290",1,-170.07497,0.033374,0.335018,0.051474,0.183663,6.522184,0,2.756436,0.123534,0.24246,0.257754,0.242379,0.257408,0.0863640000000032,0.76885149223644,6
"291",1,-135.171422,0.004669,2.242374,0,0.11681,34.002925,0.153309,2.0946,2.061617,0.205636,0.321048,0.205892,0.267424,3.048652,0.0808041846508647,20
"292",1,-117.144603,0.007526,0.309316,0.065273,0.029359,4.982517,0,0.988658,0.08954,0.198494,0.302737,0.198333,0.300436,0.459890000000001,0.49767538630194,75
"293",1,-163.09307,0.08055,0.33037,0.032028,0.062047,5.572343,5e-06,1.043882,0,0.248212,0.251756,0.248163,0.25187,0.0855440000000272,0.769920368683091,1
"294",1,-177.84991,0.043943,0.232517,0.051741,0.167921,5.997053,0,1.983789,0,0.252055,0.247988,0.252081,0.247876,0.852912000000003,0.355729850284242,4
"295",1,-161.37887,0,0.415474,0.036058,0.054378,9.20229,0.928971,1.219803,0.804769,0.235985,0.268601,0.237979,0.257435,4.031654,0.0446541417809152,9
"296",1,-148.290874,0.013032,0.211109,0.060674,0.009163,3.630872,0.029845,0.219347,0,0.185055,0.29537,0.185943,0.333633,0.0630820000000085,0.801689401694643,12.85
"297",1,-157.587305,0,0.238097,0.035176,0.05304,4.277892,0.780429,1.342821,1.281399,0.235884,0.269659,0.23893,0.255527,3.33201000000003,0.0679437938452613,11
"298",1,-187.517764,0.085967,0.204629,0.0635,0.136955,3.84634,0,2.115663,0,0.249281,0.250713,0.24925,0.250756,0.329791999999998,0.565781591681102,2
"299",1,-107.591907,0.00885,0.200388,0.033051,0.27825,3.603039,0,5.25005,1.412646,0.227232,0.277861,0.227108,0.267799,0.673012,0.412003453638135,253.25
"300",1,-150.039638,0,0.102389,0.046329,0.021602,1.947941,0.706245,0.636984,0.691856,0.2246,0.282127,0.234066,0.259206,4.35650800000002,0.0368678049823727,12
"301",1,-146.447382,0,0.323819,0.027459,0.113561,5.535387,0.371895,2.152172,0.959667,0.203649,0.307879,0.208485,0.279987,0.189189999999996,0.663591630140962,13.835
"302",1,-94.516917,0.003462,0.112247,0.079886,0.132043,1.986322,3.6e-05,2.194844,0.01095,0.140188,0.356845,0.139804,0.363163,0.154842000000002,0.693950458563581,261
"303",1,-144.997157,0.008388,0.876233,0.039205,0.074717,14.003864,0.153792,1.666027,0.781141,0.217601,0.292937,0.218134,0.271328,0.511878000000024,0.474327012439871,16
"304",1,-118.498997,0.008413,0.23631,0.062543,0.037105,3.864798,0,0.993962,0.228328,0.211593,0.293985,0.211411,0.283011,0.241196000000002,0.623343631966748,86
"305",1,-179.382081,0.045785,0.108844,0.052817,0.159133,2.603207,0.000477,2.152605,0.000101,0.251761,0.248257,0.251816,0.248166,0.614006000000018,0.433283455038697,4.25
"306",1,-146.510656,0,0.336182,0.036826,0.049627,5.695981,0.378817,1.091193,0.686468,0.208244,0.305815,0.212379,0.273562,0.658867999999984,0.416959866491445,13
"307",1,-184.634055,0.059304,0.148367,0.060551,0.187783,4.045913,0,2.385153,0,0.248928,0.251064,0.248895,0.251113,1.59949600000004,0.205974649499657,3
"308",1,-161.980416,0.070672,0.255594,0.030107,0.197086,5.582918,0.007668,3.279202,0.000331,0.248998,0.251005,0.248975,0.251022,0.0992060000000379,0.752784553551325,1.5
"309",1,-135.770585,0.012566,0.283601,0.022311,0.061084,4.396736,0,1.102457,1.725654,0.230147,0.286366,0.22998,0.253507,1.32038,0.250523863961007,22.5
"310",1,-116.935188,0.010687,0.138649,0.032304,0.070916,2.406876,0,1.1158,1.160625,0.253492,0.244135,0.253531,0.248842,0.820018000000005,0.365174903108333,106.5
"311",1,-113.421995,0.008783,0.145005,0.073895,0.157043,2.430398,0,3.640844,0.037612,0.231145,0.268753,0.231005,0.269096,0.370632000000001,0.542659975403103,110
"312",1,-144.004722,0,0.051944,0.045703,0.077063,0.604748,0.32449,5.751442,1.488537,0.236195,0.261153,0.244535,0.258117,2.08690800000005,0.148566494660018,17
"313",1,-160.244865,0,0.249868,0.043494,0.052446,4.334344,0.641439,1.424793,0.675633,0.233783,0.269127,0.237187,0.259903,2.328552,0.127019983338725,10
"314",1,-183.488588,0.055861,0.259134,0.055798,0.132731,7.179495,0.002594,1.634451,0,0.249373,0.250615,0.249363,0.250649,1.85464999999999,0.173243538959148,3.25
"315",1,-188.523302,0.089839,0.191595,0.066936,0.086314,4.397413,5.4e-05,1.272586,0.000686,0.249469,0.250513,0.249448,0.25057,0.578427999999974,0.446929155224403,2.24
"316",1,-189.896781,0.088354,0.36291,0.070572,0.889207,8.96203,0.003562,12.592875,0,0.2495,0.250502,0.249491,0.250507,0.778428000000019,0.377622344817743,2.75
"317",1,-141.1829,0.007904,1.111652,0,0.115071,16.415092,0.133642,2.421145,2.516338,0.217875,0.302245,0.218181,0.261698,2.90925200000004,0.0880727137852099,17.5
"318",1,-143.790483,0.008177,1.252713,0.033174,0.078554,19.909129,0.154123,1.676015,0.868669,0.218538,0.292705,0.218899,0.269858,0.642372000000023,0.422853164618564,14
"319",1,-123.9666,0.010851,0.189463,0.04807,0.037928,3.11774,0,0.725576,0.975587,0.232418,0.280942,0.232246,0.254394,0.14776599999999,0.700679455790977,56
"320",1,-137.783698,0.008408,0.624577,0.019493,0.076022,9.369403,0.093495,1.421313,1.481741,0.218774,0.300528,0.219116,0.261582,2.85390800000005,0.0911521173175173,18
"321",1,-168.189031,0.030001,0.374146,0.057701,0.209383,7.42049,0,3.230698,0,0.238223,0.261643,0.238124,0.262011,0.22296,0.636793743469714,6.5
"322",1,-110.509173,0.010101,0.302676,0.070633,0.216919,5.322995,0,4.2934,0.537684,0.233656,0.267972,0.233592,0.26478,0.0834240000000079,0.772709842397657,220
"323",1,-189.03983,0.091939,0.286824,0.069387,0.323682,6.707489,0.000214,4.765643,0,0.249569,0.250431,0.249557,0.250443,0.675440000000037,0.411161380204173,2.25
"324",1,-92.18364,0,0.253159,0.000231,0.402833,4.388013,0.062429,9.620635,2.717555,0.124476,0.402942,0.127523,0.345058,0.926522000000006,0.335768314966487,345
"325",1,-159.570513,0,0.155344,0.041761,0.052024,2.646454,0.754543,1.442581,1.008346,0.238913,0.263144,0.242614,0.255329,2.06274400000001,0.150938154170764,10.1
"326",1,-159.586263,0.014812,0.243852,0.054502,0.208793,4.774337,0.184851,3.090717,0.000627,0.225878,0.272898,0.227622,0.273602,0.313528000000019,0.57552328974876,8.5
"327",1,-178.627974,0.043478,0.335812,0.034544,0.196743,8.360332,0,2.355173,0.230687,0.251494,0.248371,0.251508,0.248627,1.00903,0.315135333167415,4.5
"328",1,-183.282478,0.05428,0.23629,0.057459,0.131334,6.6674,0,1.594671,0,0.249897,0.250104,0.249894,0.250105,2.0197,0.155269815287171,3.75
"329",1,-98.03152,0.004948,0.126913,0.085358,0.072487,2.297026,0,1.056614,0,0.176406,0.318179,0.176096,0.32932,0.485500000000002,0.485941548064071,259.5
"330",1,-133.537937,0.012143,0.259132,0.054899,0.022014,3.95289,0,0.783057,0.193953,0.230284,0.272686,0.230146,0.266884,1.00784600000003,0.31541942429808,25
"331",1,-111.622236,0.009271,0.128008,0.0828,0.234487,2.177052,0,5.071628,0,0.231386,0.268411,0.231226,0.268977,0.535682000000008,0.464227775559461,200
"332",1,-129.963245,0.011042,0.293422,0.039278,0.128022,4.59042,0,4.792424,0.967797,0.226904,0.276835,0.226778,0.269483,0.731512000000009,0.392393529076107,31
"333",1,-162.055208,0.020447,0.00844,0.054984,0.042995,0,0.138431,0.771079,0.071238,0.22921,0.250704,0.266529,0.253557,0.423896000000013,0.514999390150044,7.75
"334",1,-168.472481,0.031252,0.255373,0.057968,0.139226,4.850037,0.000135,2.157796,0,0.239921,0.259907,0.239787,0.260386,0.0499020000000314,0.823233888824731,6.2
"335",1,-174.066679,0.038669,0.323185,0.057531,0.315668,6.047844,0,5.124187,0.071627,0.246375,0.253658,0.246327,0.25364,0.0302140000000009,0.862005552316225,5.5
"336",1,-183.626835,0.055246,0.177313,0.057211,0.50069,5.265048,0,6.667313,0,0.249974,0.250027,0.249972,0.250026,1.72628800000001,0.188885649293775,3.5
"337",1,-160.982372,0,0.17778,0.044533,0.049888,3.311982,0.710157,1.247342,0.546587,0.232967,0.268658,0.237928,0.260448,3.82672000000002,0.0504415515788608,9.4
"338",1,-89.737281,0.002057,0.144827,0.080125,0.427195,2.632911,0.001408,6.250761,0,0.092009,0.406211,0.091932,0.409847,0.406937999999997,0.523527761318505,300
"339",1,-161.325474,0.024141,0.291857,0.056007,0.151611,5.85492,0.035769,2.159584,0,0.230226,0.269287,0.230314,0.270173,0.310329999999965,0.577477754743761,8
"340",1,-120.5766,0.009227,0.113171,0.047996,0.055652,1.86419,0,1.543792,0.89377,0.219858,0.292623,0.219483,0.268035,0.747287999999998,0.38733622670552,70
"341",1,-128.27508,0.012238,0.208594,0.047264,0.042019,3.326055,0,1.042958,0.797321,0.234997,0.272573,0.234854,0.257576,0.360753999999986,0.548087781153047,40.13
"342",1,-189.327754,0.088076,0.240486,0.069124,0.38057,5.848978,0,5.517545,0,0.249435,0.250567,0.249418,0.250581,0.688962000000004,0.406517667521323,2.6
"343",1,-161.262935,0,0.135898,0.049887,0.055073,2.443699,0.713306,1.380544,0.442918,0.235905,0.263693,0.241279,0.259123,3.338348,0.067682530701329,9.5
"344",1,-132.022549,0.011662,0.262281,0.056338,0.042821,4.031617,0,1.584741,0.19751,0.226393,0.275496,0.226245,0.271867,0.950589999999977,0.329569163356751,30
"345",1,-45.407294,0,0.760256,3.071735,0,13.431106,0,2.725838,7.977153,0.25,0.25,0.25,0.25,0.551798000000005,0.457583961600264,1450
"346",1,-146.866747,0,0.392013,0.037775,0.06127,6.663326,0.368601,1.295216,0.689188,0.205981,0.307306,0.209733,0.276981,0.532363999999973,0.465614677020335,13.75
"347",1,-129.535906,0.012068,0.12261,0.042086,0.045787,1.950446,0,1.283176,0.792213,0.237769,0.267389,0.23757,0.257272,0.168648000000019,0.68131617851261,34
"348",1,-101.33662,0.005588,0.232005,0.079695,0.104779,4.094455,0,1.9882,0.144351,0.187872,0.314063,0.187701,0.310365,0.131341999999989,0.717044645295222,256.5
"349",1,-112.018312,0.009389,0.104101,0.041756,0.077413,1.807708,0.000116,1.405088,0.521575,0.263562,0.232584,0.263723,0.240132,0.988447999999977,0.320121992901178,160
"350",1,-134.417163,0.013102,0.551332,0.021563,0.153953,8.430855,0,4.859611,1.815233,0.230301,0.275391,0.23023,0.264078,0.932830000000024,0.334128629473142,27
"351",1,-104.724813,0.007263,0.758351,0.020294,0.195657,13.113774,0,2.452898,1.307404,0.217838,0.294786,0.217796,0.26958,0.198489999999993,0.655942445075008,256
"352",1,-134.46882,0.012591,0.440163,0,0.0934,6.906761,0,3.072394,4.856385,0.233878,0.279544,0.23379,0.252788,1.16750999999999,0.279913459747519,21
"353",1,-173.754163,0.037997,0.191854,0.059797,0.288563,4.128664,0,3.943285,0,0.245229,0.254753,0.245137,0.25488,0.488409999999988,0.484637425570632,5.1
"354",1,-125.006362,0.011024,0.153384,0.043585,0.021392,2.512292,2.4e-05,0.000108,1.227196,0.236182,0.29252,0.235926,0.235372,0.670349999999985,0.412929607730253,43
"355",1,-166.123661,0.028339,0.197946,0.056549,0.07906,3.866768,0,1.17816,0,0.235041,0.264433,0.234813,0.265712,0.103834000000006,0.74727631120553,7
"356",1,-51.523171,0.000783,0.235227,0.077943,0.066208,4.22775,0,0.941931,0.898876,0.254986,0.24208,0.254988,0.247946,0.0470100000000002,0.828350264749363,500
"357",1,-90.600038,0.004514,0.11643,0.038412,0.016835,2.228473,0,0.048529,0.219396,0.278434,0.185049,0.278634,0.257882,1.06942800000002,0.301074682787978,400
"358",1,-125.737255,0.011371,0.174989,0.019812,0.093333,2.91289,0.000151,2.523681,2.735742,0.227635,0.287543,0.227398,0.257424,0.489630000000005,0.484092399394439,55.3
"359",1,-118.255823,0.011059,0.222835,0.07179,0.072938,3.681832,0,1.862125,0.109745,0.246379,0.253698,0.246356,0.253567,0.041579999999982,0.83842246624783,100
"360",1,-172.047191,0.037101,0.365792,0.056455,0.424269,7.80188,0,5.929873,0.001035,0.245861,0.254128,0.245818,0.254193,0.567453999999998,0.451272406333989,5
"361",1,-170.162122,0.032,0.199553,0.059058,0.15786,3.752781,0.021861,2.461413,0,0.242346,0.257512,0.242305,0.257837,0.0879560000000197,0.766791940208818,6
"362",1,-135.35257,0,0.443753,0.000163,0.117122,6.683905,0.295788,2.721751,2.683073,0.206386,0.317737,0.208937,0.266939,2.68663400000003,0.10119337579117,20
"363",1,-117.227277,0.007568,0.249946,0.064954,0.020733,4.113214,0,0.674834,0.07988,0.200254,0.300848,0.200064,0.298834,0.295583999999991,0.586664193026283,75
"364",1,-163.027139,0.081727,0.247522,0.032033,0.193554,4.819307,0.007401,3.298908,0,0.24886,0.251146,0.248826,0.251168,0.0463199999999802,0.829595161711742,1
"365",1,-177.896443,0.044557,0.179248,0.049451,0.06696,4.318247,0,0.873335,0,0.253702,0.246483,0.253772,0.246044,0.759839999999997,0.38337859887303,4
"366",1,-162.049476,0,0.07393,0.039259,0.045455,1.297586,1.396592,1.177218,1.429179,0.234348,0.265355,0.245329,0.254968,2.69046600000001,0.100950286718906,9
"367",1,-148.268624,0,0.151753,0.040359,0.050948,2.417682,0.377964,1.290874,0.66437,0.210313,0.297012,0.219101,0.273574,0.0173099999999522,0.895326414464481,12.85
"368",1,-157.720405,0,0.186239,0.057933,0.041425,3.284136,0.479582,1.407441,0.16483,0.234336,0.264601,0.238084,0.262979,3.06578200000001,0.0799566827493218,11
"369",1,-187.418732,0.082666,0.198109,0.062327,0.221295,4.475894,0.000485,3.275176,0,0.249153,0.250847,0.249122,0.250878,0.527859999999976,0.467507951973628,2
"370",1,-107.403541,0.008201,0.166059,0.089695,0.034557,2.710531,0,0.736839,0,0.218479,0.277803,0.218299,0.285419,0.296121999999997,0.586323854789043,253.25
"371",1,-149.862845,0,0.110512,0.039021,0.036418,2.047833,0.697997,0.892444,0.993111,0.224163,0.283659,0.23323,0.258948,4.710286,0.0299826631524244,12
"372",1,-146.431998,0,0.28785,0.030999,0.092699,4.927293,0.388572,1.800265,0.913896,0.205804,0.306172,0.211041,0.276983,0.220397999999989,0.638736829554225,13.835
"373",1,-94.438384,0.003554,0.122993,0.080869,0.095735,2.204453,0,1.516148,0,0.14248,0.352405,0.142134,0.362982,0.501231999999987,0.478959291726178,261
"374",1,-145.138468,0.01211,0.226221,0.066971,0.057671,3.620967,0.057909,1.815527,0,0.210834,0.287314,0.211845,0.290007,0.227958000000001,0.633042091745267,16
"375",1,-118.452309,0.008365,0.53782,0.035056,0.25665,8.998062,0,7.141904,1.126375,0.209741,0.295566,0.20966,0.285033,0.33416600000001,0.563216232510265,86
"376",1,-179.178015,0.04584,0.251242,0.052723,0.321729,5.947458,0,4.31516,0.000208,0.251833,0.248177,0.251858,0.248132,1.022132,0.312013826046846,4.25
"377",1,-146.551482,0,0.278876,0.037313,0.049929,4.670938,0.372869,1.127977,0.679497,0.207797,0.30518,0.212797,0.274225,0.577472,0.44730492568033,13
"378",1,-184.644599,0.059328,0.149808,0.060789,0.246443,4.08993,0,3.125433,0.000191,0.248909,0.251089,0.248876,0.251127,1.578396,0.208991888096728,3
"379",1,-162.063958,0.067843,0.183398,0.03013,0.155786,3.671965,0.073106,2.641518,8.7e-05,0.24909,0.250899,0.249093,0.250918,0.0678560000000061,0.794484406937174,1.5
"380",1,-135.639075,0,0.077501,0.051754,0.100332,1.072978,0.208738,4.640151,0.367436,0.226144,0.271126,0.233681,0.26905,1.58322600000002,0.2082966255409,22.5
"381",1,-116.539097,0.010377,0.284824,0.049378,0.258169,4.882446,0,5.82787,0.588164,0.247127,0.253097,0.247114,0.252662,0.0280679999999904,0.866949054838657,106.5
"382",1,-113.302715,0.008738,0.213811,0.065551,0.09946,3.649562,0,2.696121,0.235872,0.233116,0.267878,0.233031,0.265974,0.133702,0.714624140200779,110
"383",1,-143.620985,0.01312,0.878009,0,0.113689,12.903811,0.037151,2.088657,2.326401,0.226034,0.289978,0.226058,0.25793,2.85432600000001,0.0911284261299517,17
"384",1,-160.122709,0,1.142099,0.042412,0.056946,20.737836,0.594074,1.468626,0.602974,0.234216,0.269932,0.234961,0.260892,2.5729,0.108708281052416,10
"385",1,-183.547858,0.057112,0.173166,0.056087,0.235535,4.811837,0,2.970679,0.000255,0.249606,0.250394,0.249594,0.250405,1.73611,0.187632471211972,3.25
"386",1,-188.513283,0.087751,0.395221,0.065366,0.450226,9.180762,0,6.857633,0,0.249424,0.250577,0.249413,0.250587,0.598457999999994,0.439166974473128,2.24
"387",1,-189.866391,0.089324,0.341042,0.071134,0.323489,8.185509,0,4.691849,0,0.249518,0.25048,0.249507,0.250494,0.839216000000022,0.359621091496518,2.75
"388",1,-141.78216,0.014343,0.282562,0.063378,0.049597,4.232414,0,2.781468,0.176751,0.213558,0.287936,0.213304,0.285201,1.71089799999999,0.190868901038007,17.5
"389",1,-143.931198,0,0.465236,0.017316,0.141244,7.33188,0.34554,3.558499,1.61614,0.217882,0.291149,0.220263,0.270706,0.36090999999999,0.548001278690435,14
"390",1,-123.796658,0.010419,0.186273,0.055961,0.083758,3.024383,0,2.793284,0.54206,0.226176,0.27747,0.225995,0.270359,0.191786000000008,0.661434283809358,56
"391",1,-137.746835,0.008534,1.112071,0.014014,0.085522,16.93346,0.092014,1.527341,1.668988,0.218076,0.302559,0.218261,0.261103,2.92679800000002,0.0871201250381215,18
"392",1,-168.20136,0.029636,0.305564,0.05669,0.164272,6.124291,0,2.441412,0.004456,0.237957,0.261879,0.237835,0.262329,0.198248000000035,0.656138741898494,6.5
"393",1,-110.376824,0.010066,0.389551,0.095491,0.049368,6.707966,0,1.004304,0.015359,0.231908,0.266706,0.231857,0.269529,0.182622000000009,0.669129551298592,220
"394",1,-189.037979,0.092748,0.28326,0.069623,0.299141,6.624065,0,4.401456,0.000747,0.249593,0.250406,0.249582,0.250418,0.679144000000008,0.409881640533003,2.25
"395",1,-91.567125,0.002405,0.629359,0.033338,0.213127,11.275794,0,2.415511,0.72937,0.109666,0.42258,0.1096,0.358154,0.266382000000021,0.605769148477928,345
"396",1,-159.518523,0,0.210368,0.037509,0.049328,3.715745,0.864477,1.247247,1.242819,0.239414,0.264447,0.242177,0.253962,2.16668200000004,0.141030233947087,10.1
"397",1,-159.588065,0.018725,0.260081,0.054905,0.119948,5.143072,0.105803,1.79426,0,0.225703,0.273227,0.226569,0.2745,0.310022000000004,0.577666685577335,8.5
"398",1,-178.674906,0.043825,0.418395,0.018761,0.510732,10.462995,0,6.279379,0.442885,0.25141,0.248487,0.25142,0.248682,0.915140000000008,0.338754293648941,4.5
"399",1,-183.303056,0.053951,0.370359,0.056656,0.252648,10.055181,0,3.074706,0.003375,0.250017,0.249985,0.250016,0.249982,1.97854000000001,0.159544299257336,3.75
"400",1,-98.126236,0.004637,0.108218,0.083095,0.046939,1.898785,0,0.893063,0.002435,0.169,0.324202,0.168612,0.338185,0.69068200000001,0.405932504080698,259.5
"401",1,-133.701668,0.012419,0.25038,0.034492,0.080488,3.879123,0,3.311071,1.524508,0.230779,0.275778,0.230629,0.262814,0.680399999999963,0.409449019600146,25
"402",1,-111.363914,0.009182,0.411183,0.057193,0.208032,6.982338,0,4.173135,0.546827,0.232461,0.269369,0.232413,0.265758,0.0190099999999802,0.890337820519213,200
"403",1,-129.923919,0.011051,0.231955,0.058468,0.112856,3.554783,0,4.739581,0.080935,0.227401,0.272768,0.227253,0.272578,0.81033599999995,0.368020930842685,31
"404",1,-162.14528,0.017958,0.436241,0.05453,0.107372,8.429324,0.156822,1.764802,0,0.23183,0.267373,0.232458,0.26834,0.24370399999998,0.621543597294128,7.75
"405",1,-168.435483,0.031437,0.334098,0.058184,0.19264,6.452144,0.001174,2.946578,0,0.240329,0.25955,0.240236,0.259885,0.123905999999977,0.724836131933572,6.2
"406",1,-174.127066,0.038913,0.259136,0.06166,0.179119,4.477023,0,3.114856,0.008078,0.246291,0.253684,0.246225,0.253799,0.0905860000000303,0.763433495707748,5.5
"407",1,-183.559997,0.055496,0.495424,0.054162,0.30855,14.025325,6.8e-05,3.807579,0.039036,0.250028,0.249973,0.250027,0.249972,1.859962,0.172629186071479,3.5
"408",1,-160.889244,0.000144,0.458646,0.050977,0.029793,10.014543,0.673552,0.907344,0.290795,0.233275,0.269081,0.235156,0.262489,4.01345200000003,0.0451386426102371,9.4
"409",1,-90.233319,0.002238,0.123559,0.034712,0.123116,2.150359,0,1.252509,0.631775,0.103984,0.447406,0.103616,0.344993,1.39691199999999,0.237241287443892,300
"410",1,-161.315608,0.018226,0.011411,0.057922,0.024035,0.002049,0.160871,0.557985,0.004394,0.239229,0.250649,0.258165,0.251957,0.330054000000018,0.565627292648782,8
"411",1,-119.968842,0.008758,0.235885,0.067624,0.068479,3.873611,0,2.491116,0,0.213678,0.285495,0.213512,0.287315,0.46834800000002,0.493748149055361,70
"412",1,-128.306321,0.012141,0.232141,0.027791,0.08436,3.735329,0,2.108577,1.686798,0.234239,0.274217,0.234106,0.257438,0.298538000000008,0.584800418342799,40.13
"413",1,-189.297558,0.090532,0.333903,0.07007,0.157627,7.248204,0,2.192878,0.005217,0.249499,0.250492,0.249487,0.250521,0.749355999999977,0.386680201598663,2.6
"414",1,-160.940256,0,0.322739,0.042572,0.054349,6.417421,0.770464,1.253533,0.644022,0.236581,0.266468,0.238905,0.258046,3.98380800000001,0.0459395946248709,9.5
"415",1,-132.395749,0.011861,0.224703,0.037576,0.037174,3.36133,0,0.885842,1.434967,0.232081,0.283126,0.231893,0.252901,0.204248000000007,0.651313612909734,30
"416",1,-45.407255,0,0.935499,1.17423,8.984357,16.527058,0,0.002671,9.951387,0.25,0.25,0.25,0.25,0.476962,0.48980163785405,1450
"417",1,-146.916682,0,0.3097,0.042041,0.043363,5.246913,0.383437,1.020969,0.628333,0.208032,0.305548,0.212557,0.273863,0.432447999999965,0.510790190277558,13.75
"418",1,-129.013381,0.011947,0.500391,0.041222,0.154861,7.897016,0,5.534247,0.761155,0.236387,0.26509,0.236341,0.262182,0.877057999999977,0.349008737540281,34
"419",1,-101.638035,0.005665,0.284093,0.02579,0.121391,4.805315,0.000162,1.066882,1.045647,0.19994,0.330805,0.199789,0.269466,0.737405999999993,0.390493097960298,256.5
"420",1,-111.691405,0.009091,0.137261,0.072873,0.032544,2.348152,0,0.705022,0.003028,0.242782,0.256587,0.242726,0.257905,0.342538000000019,0.55836789093353,160
"421",1,-134.407018,0.013025,0.290998,0.050329,0.055509,4.41695,0,1.951303,0.574504,0.230252,0.274123,0.230119,0.265506,0.953278000000012,0.328886311839421,27
"422",1,-104.882806,0.007062,0.132119,0.085272,0.027239,2.318431,0,0.51673,0.000939,0.209107,0.284351,0.208875,0.297667,0.511624000000012,0.474436682762111,256
"423",1,-134.410533,0.012532,0.226794,0.054409,0.045347,3.366659,0,1.979584,0.095015,0.235176,0.265143,0.235055,0.264627,1.28937200000001,0.256163715309348,21
"424",1,-173.69384,0.037063,0.386889,0.059424,0.522521,8.425104,0.014656,7.332162,0,0.245151,0.254828,0.245124,0.254896,0.609059999999999,0.435141956409103,5.1
"425",1,-124.643813,0.010894,0.142345,0.057904,0.025723,2.224373,0,0.797633,0.219332,0.22848,0.275285,0.228239,0.267995,0.0546440000000246,0.815170868878357,43
"426",1,-165.963911,0.028011,0.463506,0.042263,0.398293,9.251362,0,5.722821,0.207342,0.235051,0.265364,0.234954,0.264631,0.215664000000004,0.642363781452021,7
"427",1,-51.430354,0.00082,0.385255,0.09872,0,6.762449,0,7.303213,2.693011,0.258602,0.238829,0.258605,0.243964,0.0978879999999975,0.754378989795342,500
"428",1,-91.425145,0.00216,0.177743,0.062982,1e-05,3.150248,0.252164,0.418914,2.050451,0.259575,0.227686,0.259163,0.253576,0.591182000000003,0.441962410310748,400
"429",1,-125.414389,0.01095,0.138181,0.06843,0.067352,2.184828,0,2.478676,0.003039,0.220757,0.278675,0.220457,0.28011,0.156103999999999,0.692769098208349,55.3
"430",1,-118.318981,0.010765,0.188644,0.071229,0.037634,3.069218,0,1.00127,0.093716,0.24659,0.253491,0.246564,0.253355,0.0844259999999792,0.771386689361835,100
"431",1,-172.061535,0.037356,0.418565,0.040125,0.562896,9.29084,0,7.389959,0.224932,0.246002,0.254099,0.245967,0.253933,0.53876200000002,0.462946247081808,5
"432",1,-170.077206,0.03323,0.295495,0.059413,0.19754,5.629132,0.004806,3.101704,0,0.242553,0.25736,0.242475,0.257612,0.0819160000000352,0.774717504639628,6
"433",1,-135.177452,0.005936,1.778603,0.022046,0.069743,26.811252,0.115496,1.268097,1.302674,0.207177,0.319076,0.207402,0.266345,3.03744600000005,0.0813638361123773,20
"434",1,-117.31663,0.001669,0.567997,7.1e-05,0.511467,9.067853,0.106381,17.370477,2.703975,0.195446,0.31112,0.1966,0.296834,0.114925999999997,0.734604174699348,75
"435",1,-163.021336,0.083816,0.246963,0.032699,0.162731,4.878421,0,2.750291,0,0.249006,0.250999,0.248972,0.251022,0.0579220000000191,0.80981097088135,1
"436",1,-177.811081,0.043995,0.199558,0.049842,0.194053,4.73447,0.006767,2.5327,9.6e-05,0.253335,0.246706,0.253383,0.246575,0.930558000000019,0.334717971098059,4
"437",1,-161.534641,0,0.152017,0.044945,0.035868,2.742074,0.743513,1.022395,0.541182,0.233453,0.268125,0.239121,0.259301,3.72042199999999,0.0537507845506313,9
"438",1,-148.094479,0,0.209197,0.039219,0.052092,3.412755,0.372029,1.258987,0.653472,0.210196,0.299052,0.216622,0.27413,0.329676000000006,0.565849933315888,12.85
"439",1,-157.956668,0,0.10307,0.046619,0.035811,1.614729,0.683748,1.198315,0.854367,0.235786,0.265459,0.242152,0.256603,2.593254,0.107319648684605,11
"440",1,-187.50102,0.082818,0.157208,0.062167,0.279092,3.437034,0,4.123204,0.000339,0.249164,0.250844,0.249123,0.250869,0.363279999999975,0.546690226547098,2
"441",1,-107.24072,0.008206,0.320566,0.09139,0.188463,5.556549,0,3.970824,0.00211,0.219365,0.280029,0.219277,0.281329,0.0294100000000128,0.863835788072224,253.25
"442",1,-149.609951,0,0.161126,0.039578,0.034826,2.928539,0.573823,0.853656,0.825319,0.221597,0.288735,0.228254,0.261413,5.21604600000001,0.0223793804136043,12
"443",1,-146.543584,0,0.236276,0.029997,0.107483,4.008879,0.38159,2.117664,0.949871,0.204648,0.305376,0.211156,0.278821,0.00320400000003929,0.954860738298524,13.835
"444",1,-94.746755,0.003802,0.342923,0.088136,0.141292,5.796437,0,0.869893,0,0.148837,0.34252,0.14871,0.359933,1.143304,0.284955256700974,261
"445",1,-144.982894,0.008298,1.307329,0.037223,0.078465,21.058663,0.155234,1.672088,0.803977,0.217362,0.29363,0.217723,0.271285,0.539382000000046,0.462688958568986,16
"446",1,-118.599545,0.008389,0.221434,0.052891,0.044762,3.632812,0,0.991413,0.597127,0.21384,0.300955,0.213635,0.27157,0.039763999999991,0.84194272140493,86
"447",1,-179.630112,0.045513,0.077266,0.05258,0.083096,1.790335,0.003928,1.105334,0,0.25187,0.248187,0.251949,0.247994,0.117931999999996,0.731288316021221,4.25
"448",1,-146.984206,0.00641,0.160688,0.05982,0.05945,2.617784,0.136381,1.46182,0,0.189878,0.304991,0.195788,0.309343,0.287952000000018,0.59153593567744,13
"449",1,-184.631071,0.059256,0.259005,0.054001,0.461555,7.209421,0.000612,5.699156,0.086281,0.248909,0.251106,0.24889,0.251095,1.60545999999999,0.205131162223004,3
"450",1,-161.878361,0.066731,0.159046,0.02951,0.010643,2.932073,0.011919,0.128695,0,0.245383,0.25339,0.245248,0.255978,0.30331799999999,0.581809771077445,1.5
"451",1,-135.736817,0.012709,0.377916,0.042686,0.03159,5.789523,0,0.653287,0.765282,0.231497,0.280977,0.231384,0.256142,1.38794799999999,0.238751939142152,22.5
"452",1,-116.526862,0.010339,1.185004,0.00965,0.788167,21.444689,0,22.369259,1.983994,0.244919,0.255469,0.244914,0.254698,0.00346599999997466,0.95305346742837,106.5
"453",1,-113.398783,0.008814,0.154806,0.06721,0.068384,2.621413,3e-06,1.496062,0.154258,0.234681,0.266166,0.234572,0.26458,0.326049999999981,0.567994300723997,110
"454",1,-144.00047,0.014793,0.22104,0.044446,0.035011,3.237286,0,0.732795,0.704135,0.225226,0.2896,0.224924,0.26025,2.09532799999999,0.147750000222393,17
"455",1,-160.551703,0,0.145453,0.046115,0.080937,2.35568,0.580257,2.143456,0.556414,0.231991,0.267551,0.238124,0.262334,1.71490799999998,0.190349818851845,10
"456",1,-183.568455,0.056496,0.152088,0.055596,0.240264,4.40033,0,3.020474,0,0.249624,0.250377,0.249612,0.250387,1.69491599999998,0.192954197844789,3.25
"457",1,-188.497848,0.088629,0.369507,0.06462,0.247521,8.869012,0,3.697418,0.029433,0.249452,0.250549,0.249441,0.250559,0.629327999999987,0.427601915066558,2.24
"458",1,-189.867157,0.08856,0.188929,0.07041,0.089319,4.586285,0,1.26921,0,0.249473,0.250507,0.249453,0.250567,0.837678000000039,0.360061709484363,2.75
"459",1,-141.177182,0.01041,0.733441,0.023096,0.069807,10.879166,0.063914,1.335485,1.387478,0.218589,0.301005,0.218756,0.26165,2.92074000000002,0.0874477521041261,17.5
"460",1,-143.786407,0.007817,1.405279,0.031011,0.084977,22.351325,0.162866,1.800737,0.931098,0.218523,0.292756,0.218866,0.269854,0.65054600000002,0.419917537944686,14
"461",1,-123.986681,0.010593,0.122709,0.065767,0.190788,1.951894,0,8.513911,0.168438,0.226527,0.273868,0.226261,0.273344,0.187588000000005,0.66493173188336,56
"462",1,-137.82338,0.0059,0.619241,0,0.114695,9.38517,0.171966,2.22441,2.308947,0.219056,0.299805,0.219757,0.261381,2.77551200000005,0.0957160446418401,18
"463",1,-168.247752,0.030057,0.23455,0.057357,0.520872,4.533105,0,7.858338,0.002993,0.238552,0.261459,0.238392,0.261597,0.105538000000024,0.745282394843424,6.5
"464",1,-110.833817,0.010313,0.166472,0.049124,0.154184,2.978838,0,2.994533,1.263781,0.236098,0.268479,0.235987,0.259436,0.732521999999989,0.392066929642482,220
"465",1,-189.000036,0.093018,0.322653,0.069749,0.113259,7.200467,0,1.663273,0,0.249582,0.250405,0.249572,0.250441,0.755028000000038,0.384888990301419,2.25
"466",1,-91.593508,0,0.448448,0.037373,0.301717,8.015395,0.053332,4.99118,0.893241,0.112706,0.406272,0.114363,0.366658,0.316370000000006,0.573797352149709,345
"467",1,-159.566695,0,0.181464,0.054333,0.067545,3.024979,0.511311,1.949188,0.294666,0.237136,0.262238,0.240533,0.260093,2.07040599999999,0.150181536852756,10.1
"468",1,-159.641276,4.8e-05,0.202887,0.046084,0.374155,3.727648,0.505715,5.675336,0.142941,0.225472,0.271907,0.231263,0.271358,0.203493999999978,0.651915248990404,8.5
"469",1,-178.647607,0.043359,0.29921,0.051747,0.063135,7.031536,0,0.796611,0,0.252065,0.248073,0.252086,0.247776,0.969776000000024,0.324736050200064,4.5
"470",1,-183.283265,0.054386,0.255485,0.057232,0.163754,7.120973,0.000139,2.00314,0.002121,0.249947,0.250055,0.249944,0.250054,2.01812200000001,0.155431272538562,3.75
"471",1,-97.949681,0.004762,0.278728,0.037099,0.205902,5.029356,0,3.040996,0.840814,0.178918,0.33651,0.178769,0.305803,0.337165999999996,0.561469646144991,259.5
"472",1,-133.688071,0.012078,0.285676,0.019541,0.116238,4.493615,0,3.431637,1.811861,0.229457,0.278394,0.22932,0.262828,0.708181999999965,0.400048005258133,25
"473",1,-111.396761,0.009187,1.24165,0.0136,0.522977,21.23739,0,12.882739,1.906783,0.232308,0.269967,0.232292,0.265434,0.0846339999999941,0.77111309156426,200
"474",1,-130.052042,0.010881,0.157688,0.059216,0.049531,2.46205,0,1.834214,0.073283,0.225202,0.275086,0.224969,0.274742,0.553832,0.456756154545474,31
"475",1,-162.152914,0.024303,0.327888,0.055035,0.446797,6.313235,0.036551,6.65021,0,0.231033,0.268795,0.231111,0.269062,0.228465999999969,0.632663606449226,7.75
"476",1,-168.529753,0.028028,0.19795,0.058394,0.209921,3.767937,0.064337,3.311389,0,0.240204,0.259546,0.240402,0.259848,0.0646219999999857,0.799334425668672,6.2
"477",1,-174.151395,0.016898,0.346457,0.062071,0.43952,6.130379,0.416058,7.592684,0,0.24675,0.253029,0.247147,0.253074,0.139196000000027,0.709081608797491,5.5
"478",1,-183.636882,0.055585,0.184103,0.046361,0.183274,5.100264,0,2.162595,0.133723,0.249993,0.250005,0.249992,0.25001,1.70622799999995,0.191475500501534,3.5
"479",1,-160.756882,0,0.645353,0.045514,0.038254,13.447486,0.725387,1.01761,0.490888,0.234608,0.269546,0.235919,0.259927,4.27835400000004,0.0386007118522043,9.4
"480",1,-89.776974,0.002157,0.129363,0.079002,0.134199,2.357431,0,1.821039,0.004962,0.092346,0.402023,0.092056,0.413575,0.491681999999997,0.483177960683692,300
"481",1,-161.346089,0.022827,0.234599,0.055832,0.303575,4.688955,0.06129,4.298225,0.001648,0.230261,0.269357,0.230602,0.26978,0.269158000000004,0.603897152956018,8
"482",1,-120.780561,0.00937,0.142733,0.020175,0.083101,2.413814,0,2.282677,3.110078,0.22287,0.298445,0.222567,0.256118,1.15513800000002,0.282476163467869,70
"483",1,-128.202128,0.012324,0.514744,0.000784,0.176405,8.662519,0,5.607568,3.28648,0.234039,0.272759,0.233983,0.25922,0.507240000000024,0.476336086028733,40.13
"484",1,-189.300971,0.09009,0.205151,0.070435,0.113536,4.812948,0,1.63956,9e-06,0.249486,0.250502,0.249467,0.250546,0.742531999999983,0.388850993542865,2.6
"485",1,-160.881454,0,0.55756,0.043716,0.044641,11.261495,0.756985,1.079917,0.595158,0.236794,0.267173,0.238132,0.257901,4.10141600000003,0.0428473141858177,9.5
"486",1,-131.957715,0.011636,0.629306,0.053537,0.092156,9.941117,0,3.615584,0.311791,0.226487,0.274991,0.226428,0.272094,1.079926,0.298714110887341,30
"487",1,-45.407287,0,0.773519,6.814165,3.484166,13.665601,0,0,18.70596,0.25,0.25,0.25,0.25,0.681412000000009,0.409100930690353,1450
"488",1,-147.491326,0,0.110122,0.056666,0.043927,1.674832,0.296205,1.335144,0.1895,0.202999,0.293447,0.216153,0.287401,0.71676599999995,0.397206772976846,13.75
"489",1,-129.265155,0.011712,0.228276,0.046447,0.026163,3.663711,0,0.530188,0.595744,0.236687,0.271889,0.236568,0.254856,0.37281200000001,0.541475462968634,34
"490",1,-101.426833,0.00561,0.391323,0.088994,0.013551,5.994069,0,0.239257,0,0.175866,0.294543,0.175757,0.353834,0.317521999999997,0.573100651555274,256.5
"491",1,-111.601558,0.009028,0.224038,0.022863,0.046944,3.90056,0,0.509965,0.64288,0.2878,0.185377,0.288048,0.238775,0.164199999999994,0.685318751079044,160
"492",1,-134.708549,0.013206,0.473037,0.002422,0.081211,7.739639,0,1.717993,4.793139,0.235797,0.280275,0.235719,0.248209,0.351093999999989,0.553494495599382,27
"493",1,-104.975706,0.007224,0.108992,0.089462,0.0269,1.894121,0,0.513442,0.000176,0.209084,0.283874,0.208794,0.298248,0.701634000000013,0.402235190691963,256
"494",1,-134.338405,0,0.078967,0.045561,0.077382,1.085641,0.207408,3.553513,0.560973,0.228687,0.269937,0.235248,0.266129,1.42828800000001,0.232044041083468,21
"495",1,-173.681623,0.037895,0.531744,0.059788,0.340348,11.509149,7.9e-05,4.591814,0.000237,0.245143,0.254819,0.24511,0.254929,0.633471999999983,0.426084614345457,5.1
"496",1,-124.624885,0.010861,0.143917,0.053835,0.070893,2.27602,2e-05,2.371252,0.414212,0.226142,0.277075,0.225888,0.270895,0.0927099999999825,0.760759813859819,43
"497",1,-166.104178,0.028208,0.166718,0.056591,0.172228,3.159155,0.000981,2.577619,0,0.235165,0.264685,0.234896,0.265254,0.0640219999999658,0.800248360932482,7
"498",1,-51.408946,0.000751,0.610044,0.061705,0.041276,10.773307,0,3.163721,15.352983,0.256386,0.234621,0.256388,0.252605,0.140736000000004,0.707550422312057,500
"499",1,-91.155494,0.004641,0.239996,0.05834,0.129866,4.370838,0,2.080282,0.029591,0.283631,0.216746,0.283703,0.21592,0.0470960000000105,0.828195775780101,400
"500",1,-125.333369,0.010995,0.18943,0.068257,0.015875,2.988746,0,0.542546,0.012688,0.220174,0.276964,0.21996,0.282902,0.318073999999996,0.572767405777349,55.3
"501",1,-118.47672,0.010928,0.123152,0.075231,0.06368,2.104029,0,1.56601,0.037758,0.244941,0.254977,0.244886,0.255196,0.400362000000001,0.526902364217099,100
"502",1,-172.075925,0.037049,0.241867,0.055586,0.396872,5.20085,0,5.496694,0.010689,0.245935,0.254069,0.245872,0.254124,0.509957999999983,0.475157038126066,5
"503",1,-170.070078,0.033409,0.320751,0.058789,0.270197,6.135769,3.1e-05,4.204228,0.011191,0.242454,0.257514,0.242369,0.257664,0.0961920000000305,0.756448144574471,6
"504",1,-135.220582,0.005448,0.678612,0.021243,0.070534,10.200407,0.131397,1.34724,1.403301,0.207578,0.318274,0.208251,0.265897,2.95047999999997,0.0858520553598522,20
"505",1,-117.596754,0.00742,0.102076,0.066727,0.097432,1.627745,0,3.330735,0.060116,0.195707,0.304458,0.195188,0.304647,0.445184000000012,0.504630913545736,75
"506",1,-163.074914,0.072139,0.340221,0.032355,0.136324,6.436981,0.208142,2.360366,0,0.248974,0.250992,0.249015,0.251019,0.0492399999999975,0.824391046424116,1
"507",1,-177.782061,0.044681,0.306468,0.045356,0.205102,7.311224,0,2.662905,0.058964,0.253321,0.246643,0.253359,0.246677,0.988607999999999,0.320082829587254,4
"508",1,-161.540068,0,0.181122,0.034431,0.054808,3.554463,0.94424,1.246238,1.019628,0.233204,0.271071,0.23836,0.257366,3.70924200000002,0.0541119596107937,9
"509",1,-148.101407,2.6e-05,0.214578,0.036638,0.042487,3.564965,0.435822,1.010736,0.821442,0.214051,0.299207,0.219899,0.266843,0.315752000000032,0.574171791408081,12.85
"510",1,-157.653687,0,0.204199,0.035417,0.058303,3.536337,0.71968,1.52649,1.251332,0.235429,0.269136,0.239011,0.256424,3.19921600000004,0.073673579630849,11
"511",1,-187.408135,0.083031,0.20719,0.062096,0.201141,4.647481,0,3.017844,0,0.249178,0.25082,0.249149,0.250853,0.549056000000007,0.458703668725182,2
"512",1,-107.318606,0.008391,0.301259,0.066009,0.14409,5.25778,0,2.587209,0.541767,0.223395,0.280877,0.223305,0.272422,0.126492000000013,0.722097347550152,253.25
"513",1,-150.483422,0,0.063015,0.050316,0.045289,0.9939,0.501097,1.376845,0.459884,0.222878,0.273112,0.238089,0.265921,3.46940599999999,0.0625137553883336,12
"514",1,-146.30036,0.013153,0.133169,0.06501,0.006873,2.447482,0.006138,0.11216,0,0.135064,0.274782,0.135192,0.454962,0.483518000000004,0.486833113692605,13.835
"515",1,-94.283705,0.003537,0.246903,0.062169,0.100419,4.422366,1.7e-05,1.313605,0.294062,0.147022,0.368267,0.146845,0.337865,0.217909999999989,0.640637028563254,261
"516",1,-145.20245,0.015175,0.189145,0.065982,0.02654,2.931495,0,0.65792,0,0.203367,0.292357,0.202896,0.30138,0.100215999999989,0.751570579441263,16
"517",1,-118.757335,0.008435,0.24746,0.025069,0.083297,4.088956,0,1.739949,1.92554,0.217072,0.305233,0.216887,0.260809,0.275922000000008,0.599386625655278,86
"518",1,-179.16758,0.045141,0.24285,0.051746,0.229466,5.938702,0,3.0464,0,0.252242,0.247781,0.252273,0.247703,1.04299800000001,0.307125240097586,4.25
"519",1,-146.571738,0,0.263579,0.035112,0.051702,4.392091,0.383705,1.114062,0.757922,0.206923,0.307792,0.212316,0.272968,0.536671999999953,0.463815239532945,13
"520",1,-184.606199,0.059046,0.175996,0.060833,0.226456,4.781671,0,2.866616,0,0.248834,0.251158,0.248805,0.251203,1.65520199999997,0.198252387331751,3
"521",1,-162.183223,0.071118,0.173592,0.029526,0.048226,3.827247,0,0.791279,0.003773,0.249176,0.250813,0.249145,0.250866,0.306412000000023,0.579890317014866,1.5
"522",1,-135.817081,0.013369,0.324912,0.04836,0.031724,4.681578,0,1.065589,0.59258,0.234203,0.271771,0.234091,0.259935,1.22851800000001,0.267695445482614,22.5
"523",1,-116.601201,0.010417,0.152855,0.074915,0.036997,2.568585,0,0.873954,1.4e-05,0.245174,0.254465,0.245134,0.255226,0.151178000000016,0.697412151653735,106.5
"524",1,-113.282925,0.008963,0.433673,0.021731,0.182622,7.509014,0,3.643786,1.394592,0.23812,0.265367,0.238087,0.258425,0.0927460000000053,0.760714787017311,110
"525",1,-143.589355,0.014346,1.028217,0.004772,0.110926,15.155865,0,1.982907,1.981854,0.224837,0.290841,0.224773,0.259549,2.91756999999996,0.0876197227762755,17
"526",1,-160.241475,0.000758,0.286437,0.042282,0.046136,4.986632,0.6496,1.252999,0.749568,0.233844,0.27045,0.236754,0.258953,2.33545999999996,0.126457629823387,10
"527",1,-183.574399,0.0567,0.183487,0.055825,0.493522,5.065037,0.001055,6.172929,0,0.249631,0.250372,0.249621,0.250376,1.68303400000002,0.194521792624832,3.25
"528",1,-188.509417,0.088795,0.235027,0.06687,0.29774,5.471246,0,4.413037,0,0.249451,0.25055,0.249434,0.250566,0.606191999999965,0.43622520265104,2.24
"529",1,-189.902885,0.088115,0.160669,0.069814,0.092034,3.891659,0,1.303512,0,0.249462,0.250521,0.249438,0.25058,0.766220000000033,0.381388971743016,2.75
"530",1,-141.167459,0.010465,0.836353,0.020728,0.075052,12.394149,0.061631,1.431025,1.46504,0.2183,0.301328,0.21844,0.261932,2.93982,0.0864203628832586,17.5
"531",1,-144.330257,0,0.090199,0.062211,0.128782,1.194387,0.250521,4.254136,0,0.215501,0.27829,0.227077,0.279132,0.437135999999953,0.508508035223579,14
"532",1,-123.96838,0.010572,0.209258,0.028888,0.103053,3.437832,0,3.013417,1.983216,0.228135,0.282132,0.227966,0.261767,0.150763999999981,0.697806319158495,56
"533",1,-137.723162,0.008243,1.799128,0.013387,0.088802,27.052853,0.098347,1.566768,1.609409,0.218936,0.300317,0.219062,0.261685,2.974422,0.0845903380140477,18
"534",1,-168.270071,0.029749,0.299913,0.053291,0.095851,6.279268,0,1.40625,0.050724,0.238357,0.261685,0.23824,0.261718,0.0608720000000176,0.805122979742533,6.5
"535",1,-110.60908,0.010352,0.228985,0.065886,0.534423,3.960625,0,11.692285,0.679853,0.234358,0.266441,0.234276,0.264925,0.282956000000013,0.594770262794224,220
"536",1,-189.037919,0.091532,0.269286,0.068916,0.071458,6.314224,0,1.032385,0,0.24953,0.250444,0.249517,0.25051,0.679262000000051,0.409840967625533,2.25
"537",1,-91.407304,0.002376,0.423687,0.077733,0.059806,7.466152,0,0.863108,0.086121,0.102107,0.399234,0.102013,0.396646,0.195744000000019,0.658178323368434,345
"538",1,-159.714789,0,0.11958,0.048998,0.055268,1.902782,0.626469,1.648071,0.622605,0.238421,0.2614,0.243154,0.257025,1.77430600000002,0.18285007416742,10.1
"539",1,-159.540052,0.020993,0.389153,0.054586,0.230873,7.893014,0.060823,3.275366,0.000933,0.225366,0.274159,0.225631,0.274843,0.40616399999999,0.52392295696067,8.5
"540",1,-178.570282,0.044063,0.37108,0.050886,0.269592,9.000002,0,3.475584,0.019849,0.251966,0.248044,0.251983,0.248008,1.12440800000002,0.288971273554707,4.5
"541",1,-183.332933,0.054192,0.161967,0.057255,0.116878,4.525583,5.7e-05,1.418997,0.000178,0.249919,0.250084,0.249915,0.250083,1.91879799999998,0.165989228653844,3.75
"542",1,-97.97328,0.004694,0.194138,0.079738,0.030578,3.454913,0,0.472569,0.058599,0.171939,0.324932,0.17173,0.331398,0.366332,0.545010462755615,259.5
"543",1,-133.429671,0.01211,0.382741,0.056535,0.027759,5.875494,0,1.053355,0.145976,0.228459,0.273162,0.228363,0.270015,1.22433799999999,0.268510994799342,25
"544",1,-111.625812,0.009535,0.161158,0.064527,0.176763,2.748993,4.7e-05,4.425811,0.496124,0.233472,0.268035,0.233352,0.265141,0.541471999999999,0.461823321398903,200
"545",1,-129.835977,0.01094,0.4022,0.055172,0.084766,6.410275,0,3.294192,0.245785,0.225751,0.27551,0.225662,0.273076,0.986601999999948,0.32057429591125,31
"546",1,-162.111134,0.020799,0.008325,0.055052,0.080455,0,0.138275,1.329199,0.065825,0.229893,0.251296,0.265992,0.252819,0.312073999999996,0.57641027601574,7.75
"547",1,-168.459158,0.031151,0.264753,0.057206,0.245985,5.091586,0.001311,3.766706,0.011206,0.240044,0.259911,0.239922,0.260123,0.0765279999999962,0.782058892422191,6.2
"548",1,-174.07899,0.038784,0.295287,0.062114,0.432033,5.487434,0.000484,7.169246,0,0.246438,0.253561,0.246386,0.253615,0.00560200000001032,0.940336836257028,5.5
"549",1,-183.597474,0.055207,0.369113,0.056991,1.176319,10.230641,0.005357,15.085198,0,0.2501,0.249901,0.2501,0.2499,1.78515799999997,0.181517227197738,3.5
"550",1,-160.797409,0,0.312696,0.044398,0.040258,6.234356,0.744063,1.059515,0.564524,0.233919,0.269822,0.236694,0.259566,4.19660000000005,0.0405051133714848,9.4
"551",1,-89.986977,0.002348,0.139466,0.065351,0.049671,2.464679,0.000157,0.563795,0.195952,0.105885,0.421284,0.105595,0.367236,0.911891999999995,0.339612913355712,300
"552",1,-161.756123,0.017193,0.010826,0.05485,0.091925,0,0.306461,1.582808,0.217573,0.224858,0.25507,0.263181,0.256891,0.550970000000007,0.45792162333975,8
"553",1,-120.204871,0.008844,0.22193,0.033003,0.119746,3.708875,0,3.343376,1.368043,0.216409,0.294119,0.216219,0.273253,0.0031579999999849,0.955185599736416,70
"554",1,-128.373901,0.012149,0.153157,0.054189,0.032904,2.415329,0,0.94027,0.4498,0.234647,0.270439,0.234458,0.260456,0.163488000000029,0.685965293168535,40.13
"555",1,-189.305353,0.0889,0.250464,0.069935,0.251381,5.945504,0,3.664721,0,0.249456,0.250542,0.24944,0.250562,0.733766000000003,0.391665198340582,2.6
"556",1,-160.914457,0,0.349848,0.047079,0.038638,6.846757,0.715864,1.043261,0.501998,0.236401,0.266538,0.238523,0.258538,4.03530599999999,0.0445575940817118,9.5
"557",1,-132.111132,0.011673,0.184671,0.059752,0.048589,2.855868,0,1.95017,0.066099,0.225566,0.274613,0.225356,0.274465,0.773380000000031,0.379173449078111,30
"558",1,-45.407253,0,0.979986,15.221256,8.105117,17.31309,0,0,3.057436,0.25,0.25,0.25,0.25,0.203920000000011,0.651575168010209,1450
"559",1,-147.125063,0.001945,0.306289,0.062466,0.126578,5.169057,0.228416,2.955041,0,0.19331,0.303221,0.198127,0.305342,0.0156279999999924,0.900514050698397,13.75
"560",1,-129.022466,0.012034,0.530619,0.040542,0.101485,8.242025,0,3.502762,0.827445,0.237055,0.265274,0.237011,0.26066,0.857798000000003,0.354355640126657,34
"561",1,-101.30205,0.005571,0.505808,0.080831,0.065898,9.761861,0,0.941553,0.086437,0.188131,0.312241,0.188061,0.311567,0.0678439999999796,0.794502172662653,256.5
"562",1,-111.932123,0.009141,0.123062,0.02382,0.05228,2.137463,0,0.683832,0.745933,0.283944,0.193783,0.284348,0.237925,0.82510000000002,0.363693252857549,160
"563",1,-134.721828,0.013099,0.179339,0.035344,0.085008,2.914332,0,3.271663,1.601735,0.230305,0.27693,0.230087,0.262677,0.323700000000031,0.569392518956163,27
"564",1,-104.804105,0.007153,0.173183,0.080123,0.170096,2.986181,0,2.96308,0.165993,0.211231,0.289893,0.211043,0.287832,0.357258000000002,0.550033029810491,256
"565",1,-134.21114,0,0.128327,0.043813,0.165576,1.842572,0.206289,7.19271,0.58158,0.234167,0.265039,0.237386,0.263408,1.68304799999999,0.194519936859561,21
"566",1,-173.699174,0.03817,0.34524,0.059853,0.103604,7.43885,0,1.404417,0.000865,0.245116,0.254725,0.245065,0.255093,0.59838400000001,0.43919526837897,5.1
"567",1,-124.560142,0.010977,0.205542,0.039261,0.090683,3.299481,0,3.089287,1.198397,0.227174,0.279616,0.226993,0.266217,0.222061999999994,0.637473249425281,43
"568",1,-166.074409,0.028211,0.188071,0.05656,0.107492,3.739421,0.000146,1.599735,0.000476,0.234993,0.264661,0.234757,0.265589,0.00535800000000108,0.941648270912147,7
"569",1,-51.444697,0.00071,0.329652,0.079598,0.01407,5.694593,0,1.752709,2.24892,0.261482,0.229866,0.261486,0.247166,0.082018000000005,0.774581080308965,500
"570",1,-91.153686,0.004553,0.228938,0.05942,0.20779,4.102841,0,2.938236,0.029505,0.280361,0.219879,0.280429,0.219332,0.0215119999999729,0.883392738227865,400
"571",1,-125.310601,0.011222,0.365794,0.042685,0.053096,5.84517,0,1.202837,1.134719,0.227634,0.285752,0.227521,0.259093,0.363329999999991,0.546662630066174,55.3
"572",1,-118.48977,0.010893,0.131323,0.069966,0.066889,2.201482,0,1.685376,0.151085,0.245987,0.254205,0.245944,0.253864,0.426427999999987,0.51374689965716,100
"573",1,-172.213501,0.036998,0.213745,0.035556,0.105628,4.821841,0,1.18519,0.289265,0.245774,0.25499,0.245698,0.253538,0.234817999999962,0.627974139865218,5
"574",1,-170.065766,0.03294,0.38249,0.059003,0.349617,7.231117,0.005409,5.655397,0,0.242394,0.257566,0.242335,0.257705,0.104750000000024,0.746202236608984,6
"575",1,-135.272381,0.002067,0.625194,0.000992,0.107599,9.415943,0.245844,2.146615,2.396137,0.207748,0.318832,0.209144,0.264276,2.84680200000003,0.0915558924251556,20
"576",1,-117.222235,0.007404,0.34609,0.037378,0.271777,5.726286,6.6e-05,7.863927,0.989074,0.197407,0.308153,0.197262,0.297178,0.303638000000007,0.581610659255773,75
"577",1,-162.994185,0.083155,0.368861,0.032446,0.090088,7.281415,0.000156,1.53576,0,0.248909,0.251079,0.248885,0.251126,0.112218000000041,0.737632967583271,1
"578",1,-177.758879,0.044147,0.304758,0.048994,0.138879,7.080014,0.000116,1.830433,0.003071,0.253698,0.246374,0.25374,0.246187,1.03495399999997,0.308997948969091,4
"579",1,-161.329054,0,0.313239,0.046374,0.033174,6.200289,0.680245,0.974954,0.41026,0.233209,0.269608,0.236039,0.261144,4.13132399999995,0.0420964029953529,9
"580",1,-148.179927,0,0.175328,0.035836,0.052488,2.848575,0.413034,1.246826,0.839606,0.211916,0.298801,0.219414,0.269869,0.159216000000015,0.689879354368821,12.85
"581",1,-157.822997,0,0.130189,0.053382,0.048028,2.114091,0.502257,1.545211,0.325368,0.234654,0.264374,0.239893,0.261079,2.86068400000005,0.0907688936410456,11
"582",1,-187.399291,0.083958,0.286539,0.06311,0.338639,6.467953,0.000163,5.146878,5.3e-05,0.249226,0.250775,0.249206,0.250793,0.566733999999997,0.451559664359572,2
"583",1,-107.458372,0.00862,0.318321,0.022773,0.223742,5.745325,0,3.830317,1.674638,0.226976,0.280855,0.226896,0.265273,0.405045999999999,0.524494730890011,253.25
"584",1,-149.730866,0,0.201445,0.028716,0.053742,3.755581,0.660084,1.12657,1.341762,0.221235,0.292755,0.226946,0.259064,4.97452000000004,0.0257233406339695,12
"585",1,-146.478335,0.009598,0.353305,0.064701,0.037289,6.063816,0.097339,0.917828,0,0.197054,0.298659,0.198643,0.305644,0.132432000000051,0.715923665758443,13.835
"586",1,-94.506971,0,0.188962,0.077705,0.216977,3.277079,0.059407,4.136505,0.036886,0.137588,0.35938,0.141613,0.361419,0.659417999999988,0.416765486363211,261
"587",1,-145.18569,0.015883,0.193414,0.066435,0.121515,3.069078,0,2.774748,0,0.210329,0.289007,0.209914,0.29075,0.13417400000003,0.714142950772753,16
"588",1,-118.696993,0.00837,0.2311,0.031006,0.101836,3.859147,0,2.626909,1.57545,0.213399,0.302384,0.213202,0.271015,0.155214000000001,0.693601652426177,86
"589",1,-179.153461,0.045894,0.249839,0.052453,0.187601,6.004216,0,2.463413,0,0.252071,0.24796,0.252099,0.24787,1.07122800000002,0.300668234371542,4.25
"590",1,-146.505179,0,0.440195,0.039452,0.040382,7.41875,0.372393,0.937335,0.626003,0.208355,0.307167,0.211481,0.272997,0.670204000000012,0.412980492400297,13
"591",1,-184.696945,0.058866,0.137342,0.061052,0.085053,3.762125,0.014072,1.084803,0,0.248789,0.25116,0.24876,0.25129,1.47371399999997,0.224760621177676,3
"592",1,-161.987073,0.071644,0.243244,0.030154,0.135892,4.969994,0.003916,2.267776,0,0.24918,0.250821,0.249158,0.250841,0.085897999999986,0.76945824749628,1.5
"593",1,-136.142014,0.012772,0.130316,0.059045,0.012981,1.907204,0,0.575803,0.008323,0.230673,0.267886,0.230405,0.271036,0.577532000000019,0.447281327332166,22.5
"594",1,-116.454854,0.010355,0.558319,0.063103,0.127308,9.183226,0,3.397829,0.198192,0.251844,0.248077,0.251848,0.248231,0.14070000000001,0.707586106943453,106.5
"595",1,-113.608935,0.00884,0.099155,0.071988,0.0398,1.681712,0,0.987541,0.031719,0.235259,0.264267,0.235098,0.265376,0.745764000000008,0.387820696380477,110
"596",1,-143.570124,0.014358,1.147309,0.017338,0.08446,16.936144,0.001133,1.477356,1.531642,0.225289,0.290421,0.225235,0.259055,2.95605800000004,0.0855562928372353,17
"597",1,-160.255877,0,0.264789,0.04053,0.069704,4.586994,0.620929,1.774136,0.730706,0.233303,0.269331,0.236611,0.260755,2.30675400000001,0.128812799497124,10
"598",1,-183.582277,0.056362,0.187379,0.054256,0.425957,5.284404,0.000884,5.6631,0,0.249946,0.250056,0.249943,0.250055,1.667282,0.196622983982931,3.25
"599",1,-188.475401,0.089369,0.246944,0.067265,0.15921,5.861701,0,2.370795,0,0.249466,0.250527,0.24945,0.250557,0.674225999999976,0.411582099608531,2.24
"600",1,-189.856306,0.088289,0.202973,0.070154,0.159633,4.934863,0,2.287183,0,0.24948,0.250514,0.249461,0.250545,0.859378000000049,0.353912812391373,2.75
"601",1,-141.135584,0.010122,1.538205,0.009598,0.09579,22.687743,0.074061,1.735602,1.816262,0.21907,0.300489,0.219167,0.261273,3.00390400000003,0.0830641375059422,17.5
"602",1,-143.790492,0.007723,1.270865,0.029964,0.084538,20.23671,0.167849,1.771816,0.965248,0.218958,0.292638,0.219339,0.269065,0.642517999999995,0.422800461078597,14
"603",1,-123.624576,0.010607,0.292616,0.059744,0.129187,4.705994,0,4.343332,0.358861,0.227129,0.274329,0.227021,0.271521,0.536745999999994,0.4637844269952,56
"604",1,-137.731509,0.007802,1.524724,0.007082,0.09948,22.7136,0.110078,1.741618,1.833242,0.218922,0.300651,0.219094,0.261333,2.95780999999999,0.0854636240839266,18
"605",1,-168.19117,0.030178,0.374026,0.057688,0.155623,7.146696,7.7e-05,2.381237,0,0.238403,0.2614,0.238302,0.261895,0.218641999999988,0.640076599951065,6.5
"606",1,-110.502788,0.010128,0.19327,0.093751,0.04088,3.255553,0,0.869363,0.000299,0.232579,0.265615,0.232477,0.26933,0.0707379999999773,0.790265268520445,220
"607",1,-189.059951,0.09255,0.183382,0.069867,0.167791,4.26852,0.000262,2.461117,0,0.24958,0.250418,0.249562,0.250441,0.635198000000003,0.425455039190212,2.25
"608",1,-91.342966,0.002324,0.215099,0.063734,0.03835,3.881749,0,0.389668,0.276564,0.110185,0.445358,0.109983,0.334474,0.174503999999985,0.676139593095802,345
"609",1,-159.71419,0,0.120609,0.050294,0.036546,1.895143,0.634414,1.223357,0.603206,0.238648,0.261764,0.243213,0.256374,1.77536199999997,0.182719879012294,10.1
"610",1,-159.614636,0.018145,0.207431,0.054752,0.17577,4.103679,0.11889,2.600145,0,0.225743,0.273208,0.226977,0.274072,0.256764000000032,0.612352097572171,8.5
"611",1,-178.550659,0.043864,0.304968,0.051627,0.144647,7.320495,0,1.899271,0.008916,0.251882,0.248152,0.251902,0.248063,1.163636,0.280712740428774,4.5
"612",1,-183.454917,0.053846,0.109761,0.057121,0.168321,3.084844,0.000297,2.112594,0,0.249895,0.250108,0.249888,0.250109,1.67482000000001,0.195614177014859,3.75
"613",1,-97.853855,0.004755,0.251354,0.073355,0.16369,4.649932,0.002571,2.844771,0.169584,0.177962,0.324268,0.177891,0.319879,0.143757999999991,0.704573269188629,259.5
"614",1,-133.535874,0.012116,0.27957,0.056711,0.016272,4.328773,0,0.605514,0.113414,0.229791,0.2719,0.229667,0.268642,1.01257399999997,0.314286977035264,25
"615",1,-111.993484,0.009085,0.009299,0.084316,0.035995,0.087732,0.002437,1.297178,0.023451,0.233222,0.268194,0.228839,0.269746,1.27609199999998,0.258626928253253,200
"616",1,-129.944041,0.010848,0.347645,0.047048,0.034432,5.53997,0,0.981224,0.582815,0.229513,0.278594,0.229413,0.26248,0.770330000000001,0.380114983546556,31
"617",1,-162.22929,0.003426,0.200643,0.054363,0.25024,3.55536,0.444688,4.196235,0.000186,0.23141,0.266333,0.235534,0.266722,0.0756580000000326,0.783270147045199,7.75
"618",1,-168.426364,0.030829,0.499681,0.057932,0.360201,9.636119,0.009072,5.646632,0,0.240181,0.259755,0.240135,0.25993,0.142110000000002,0.706192332248129,6.2
"619",1,-174.065289,0.038737,0.320823,0.061812,0.260561,5.933953,0,4.274264,0.002396,0.246412,0.253568,0.246364,0.253657,0.0329679999999826,0.855919469753708,5.5
"620",1,-183.605647,0.054483,0.158689,0.057677,0.163683,4.489354,0.034614,2.017301,0,0.249989,0.250013,0.249989,0.250009,1.76867799999997,0.183545771597011,3.5
"621",1,-161.069349,0,0.145322,0.048446,0.035661,2.582384,0.695092,1.029335,0.459238,0.233013,0.267863,0.238926,0.260198,3.652738,0.0559771175222295,9.4
"622",1,-90.0346,0.002313,0.100519,0.071266,0.071705,1.781367,0,1.121646,0.137031,0.100566,0.407361,0.100154,0.391919,1.00758400000001,0.315482334338689,300
"623",1,-161.296803,0.025811,0.416946,0.055876,0.370105,8.456639,0.000687,5.193944,0,0.230092,0.269787,0.229968,0.270153,0.367633999999953,0.544296773841032,8
"624",1,-120.024533,0.009037,0.32566,0.03995,0.253597,5.251107,0,8.161477,1.038311,0.21544,0.288292,0.215313,0.280956,0.357137999999992,0.550100029415818,70
"625",1,-128.252695,0.000735,0.509624,0.011081,0.377722,8.023993,0.216534,15.138803,2.591678,0.232831,0.269126,0.233665,0.264377,0.405636000000015,0.524192851705253,40.13
"626",1,-189.336102,0.091833,0.206461,0.071354,0.246516,4.754672,0,3.609982,0.002236,0.249555,0.250446,0.249538,0.250462,0.672265999999979,0.412262690165287,2.6
"627",1,-160.941916,0,0.275413,0.046538,0.040373,5.366324,0.750947,1.04515,0.542164,0.236412,0.266372,0.239109,0.258107,3.98063400000001,0.0460262361489478,9.5
"628",1,-132.204028,0.011503,0.160519,0.061225,0.017692,2.392112,0,0.717054,0.000414,0.223851,0.274207,0.223596,0.278346,0.587919999999997,0.443224570815564,30
"629",1,-45.407926,0,0.565558,6.86192,15.646355,9.990542,0,0,8.170139,0.25,0.25,0.25,0.25,0.848437999999987,0.356994595835239,1450
"630",1,-147.10821,0,0.200136,0.044766,0.063195,3.292409,0.336975,1.507967,0.515924,0.203448,0.30287,0.210951,0.282731,0.0493679999999586,0.824166672271905,13.75
"631",1,-129.035634,0.012034,0.574814,0.030885,0.137927,9.099272,0,4.499118,1.19774,0.23721,0.265401,0.237171,0.260217,0.831720000000018,0.36177564417868,34
"632",1,-101.283053,0.005623,0.336627,0.081142,0.29953,5.961059,0,4.870095,0.114678,0.187871,0.312579,0.187754,0.311796,0.0291699999999935,0.864387106245254,256.5
"633",1,-112.080927,0.009575,0.196821,0,0.121767,3.47853,0,2.14939,2.971633,0.247219,0.254906,0.247197,0.250678,1.117524,0.29045222609832,160
"634",1,-134.551907,0.012423,0.153625,0.062696,0.211447,2.462861,0,8.230067,0,0.226372,0.273592,0.226122,0.273915,0.663804000000027,0.415220191795607,27
"635",1,-104.647838,0.00713,0.22671,0.088923,0.091075,3.946536,0,1.686796,0.014239,0.209827,0.288562,0.209686,0.291925,0.0457839999999976,0.830568922851589,256
"636",1,-134.632216,0,0.071748,0.037916,0.060162,1.018224,0.279859,2.670464,1.253423,0.229433,0.271717,0.236949,0.2619,0.841387999999995,0.359000103665039,21
"637",1,-173.698867,0.038197,0.269029,0.055175,0.164852,5.92625,0,2.195562,0.063152,0.245343,0.254704,0.24528,0.254673,0.598977999999988,0.438968231260562,5.1
"638",1,-124.409397,0.011002,0.372713,0.040092,0.065323,5.769191,0,1.443875,0.855431,0.229419,0.279034,0.229322,0.262225,0.52349000000001,0.469356732330767,43
"639",1,-165.999875,0.028139,0.231898,0.056692,0.151148,4.538128,0,2.223018,0,0.234844,0.264916,0.234648,0.265592,0.143721999999968,0.704608523399925,7
"640",1,-51.419623,0.000783,0.365751,0.093544,0,6.430795,0,1.65657,9.258563,0.257023,0.232698,0.257026,0.253253,0.121122,0.727820761767737,500
"641",1,-91.256803,0.004644,0.273153,0.02919,0.403436,4.897348,0,5.660849,0.533682,0.270717,0.227665,0.270758,0.23086,0.249788000000024,0.617224392724507,400
"642",1,-125.289879,0.011022,0.211015,0.064022,0.025059,3.438488,0,0.772002,0.178854,0.222588,0.281067,0.222397,0.273947,0.405456000000015,0.524284917714508,55.3
"643",1,-118.164312,0.010922,0.343641,0.075866,0.104921,5.889247,0,2.607291,0.012874,0.245328,0.254579,0.24531,0.254783,0.224888000000021,0.635340482974538,100
"644",1,-172.114607,0.037149,0.195612,0.055837,0.360557,4.224516,0,4.922673,0.014918,0.245756,0.254254,0.245676,0.254314,0.432614000000001,0.510709077994852,5
"645",1,-170.121409,0.033391,0.31977,0.058032,0.0889,6.320565,0,1.36164,0.020041,0.242359,0.257491,0.242276,0.257873,0.00654200000002447,0.935535293144761,6
"646",1,-135.18172,0.005422,1.32991,0.014831,0.083452,19.901119,0.134817,1.521651,1.587073,0.20806,0.317926,0.20841,0.265604,3.02815799999996,0.0818308678902303,20
"647",1,-117.450561,0.007706,0.309037,0.008493,0.176173,5.173485,0,5.466576,2.77253,0.203903,0.31363,0.203737,0.27873,0.152369999999991,0.696280712368309,75
"648",1,-163.031218,0.08187,0.228904,0.03192,0.134543,4.461072,0.001668,2.266471,0,0.248859,0.251145,0.248819,0.251177,0.0381740000000264,0.845094159238389,1
"649",1,-177.781094,0.044547,0.272436,0.047226,0.117752,6.437509,0,1.539816,0.034861,0.253204,0.246801,0.253245,0.24675,0.990523999999994,0.319614338036936,4
"650",1,-161.623083,0,0.12981,0.041972,0.04764,2.369174,0.812128,1.212137,0.678005,0.23323,0.267884,0.239973,0.258914,3.54337199999998,0.0597838074750977,9
"651",1,-148.25342,0.010671,0.240304,0.059811,0.04502,4.089162,0.073863,1.050106,0,0.192068,0.303999,0.19395,0.309983,0.0122579999999743,0.91184167477178,12.85
"652",1,-157.548182,0,0.195382,0.045224,0.046207,3.241376,0.553007,1.376687,0.651474,0.235235,0.267028,0.238764,0.258973,3.41044399999998,0.0647850131337435,11
"653",1,-187.412366,0.082564,0.186756,0.062149,0.152485,4.253359,0,2.276243,0,0.249141,0.250853,0.249108,0.250899,0.540593999999999,0.462186657819061,2
"654",1,-107.652518,0.008424,0.145401,0.063653,0.126807,2.544152,0,2.616791,0.726438,0.223973,0.281717,0.223782,0.270528,0.789627999999993,0.374212633825397,253.25
"655",1,-150.142913,0,0.12485,0.054889,0.027591,2.25858,0.425736,0.950322,0.237862,0.219328,0.280047,0.228076,0.272549,4.14996000000002,0.0416355074135086,12
"656",1,-146.685744,0,0.235536,0.013408,0.147147,4.05655,0.416041,2.737884,1.465071,0.204305,0.308045,0.211071,0.276579,0.287548000000015,0.591796131116042,13.835
"657",1,-94.50057,0.003461,0.113735,0.081039,0.115518,1.999468,0,1.821154,0.000291,0.13967,0.356029,0.139286,0.365016,0.534505999999993,0.464718579743506,261
"658",1,-145.544155,0.01477,0.120844,0.066077,0.009547,1.849795,0.005315,0.230859,0,0.198265,0.285812,0.197907,0.318017,0.583482000000004,0.444950715508536,16
"659",1,-118.695656,0.008361,0.245703,0.039241,0.053728,4.065181,0,0.954071,1.214167,0.217072,0.307083,0.216884,0.258962,0.152114000000012,0.696523275004032,86
"660",1,-179.263274,0.04678,0.187298,0.053323,0.07037,4.471796,0,0.899845,0,0.251845,0.248257,0.251878,0.24802,0.851609999999994,0.3560972752607,4.25
"661",1,-147.272427,0,0.089786,0.052125,0.064088,1.357355,0.308202,1.76501,0.254404,0.202232,0.292927,0.218561,0.286279,0.86448200000001,0.352487467777605,13
"662",1,-184.618931,0.059637,0.185886,0.057049,0.156313,4.962269,0,1.952019,0.048252,0.248922,0.251088,0.248894,0.251096,1.62973999999997,0.201739013974116,3
"663",1,-162.089281,0.069658,0.166724,0.030107,0.311035,3.366387,0.033902,5.200906,0,0.249077,0.250928,0.249057,0.250938,0.118523999999979,0.730640876679595,1.5
"664",1,-135.545673,0,0.073766,0.05652,0.112898,0.984175,0.192741,5.245546,0.090317,0.227124,0.269208,0.234593,0.269075,1.77039200000002,0.183333573393444,22.5
"665",1,-116.882154,0.010521,0.135702,0.04687,0.145605,2.340597,0,3.532925,0.7627,0.247545,0.252861,0.247518,0.252076,0.714292,0.398022643532937,106.5
"666",1,-113.626113,0.008741,0.096116,0.074616,0.068566,1.612817,0,1.689641,1e-05,0.231932,0.267426,0.23173,0.268912,0.774276000000015,0.37889747946071,110
"667",1,-143.614371,0.013953,0.644192,0.026364,0.066619,9.491827,0.011675,1.223465,1.262046,0.225332,0.29022,0.225276,0.259173,2.86776199999997,0.0903704567377489,17
"668",1,-160.241231,0,0.254591,0.044322,0.050946,4.359856,0.615421,1.417872,0.629858,0.233514,0.269238,0.236876,0.260373,2.33585800000003,0.126425314648291,10
"669",1,-183.489673,0.055684,0.290579,0.055473,0.178602,8.083268,0,2.233291,0,0.249407,0.250586,0.249398,0.250609,1.85248799999999,0.173494302298651,3.25
"670",1,-188.510703,0.086886,0.229089,0.06612,0.248241,5.35791,0.013663,3.613576,0,0.249398,0.250599,0.249382,0.25062,0.603619999999978,0.437200155896339,2.24
"671",1,-189.826084,0.088331,0.269716,0.070404,0.129234,6.807306,0,1.793979,0.001945,0.249479,0.250508,0.249466,0.250548,0.919822000000011,0.337521713592135,2.75
"672",1,-141.175348,0.01034,0.755479,0.023579,0.068749,11.20291,0.065915,1.313978,1.35637,0.218949,0.300308,0.219117,0.261626,2.92446999999999,0.0872458697538215,17.5
"673",1,-143.78348,0.007496,1.577883,0.028545,0.092681,25.059935,0.1702,1.952331,1.007742,0.21823,0.293204,0.218554,0.270012,0.65625799999998,0.417884126657722,14
"674",1,-123.771376,0.010565,0.192462,0.057127,0.119359,3.088586,0,3.842652,0.464604,0.226367,0.275926,0.226194,0.271513,0.242627999999996,0.622314444672611,56
"675",1,-137.767137,0.008297,0.75741,0.019553,0.075894,11.348858,0.095399,1.396167,1.45467,0.2187,0.300679,0.218992,0.261629,2.88624200000004,0.089339092464553,18
"676",1,-168.308752,0.030118,0.177654,0.057887,0.219867,3.469281,0,3.223129,0.004703,0.23831,0.261627,0.238097,0.261965,0.01655599999998,0.897618678942168,6.5
"677",1,-110.544377,0.010036,0.322206,0.054021,0.250412,5.710187,0,4.84122,0.951017,0.233691,0.268966,0.23363,0.263713,0.154039999999981,0.694704104047649,220
"678",1,-189.040322,0.09007,0.217782,0.068141,0.20773,5.278435,0,3.074184,0.000956,0.249511,0.250487,0.249495,0.250508,0.674453999999969,0.41150303640925,2.25
"679",1,-91.945152,0.002408,0.096452,0.063281,0.04315,1.732713,0,0.516379,0.341893,0.113113,0.441417,0.112643,0.332827,1.02888399999998,0.310420928156295,345
"680",1,-159.461653,0,0.180093,0.045019,0.048321,3.012999,0.63429,1.352568,0.713827,0.238324,0.263447,0.24157,0.256658,2.28060399999998,0.131000847917327,10.1
"681",1,-159.538785,0.022197,0.407106,0.05467,0.322821,8.256767,0.036884,4.5259,0.000197,0.225357,0.274345,0.225451,0.274847,0.40851200000003,0.522725723157021,8.5
"682",1,-178.703562,0.043602,0.140266,0.052185,0.265952,3.326609,0.000252,3.444002,0,0.251982,0.248027,0.252028,0.247964,0.857899999999972,0.354327029638385,4.5
"683",1,-183.334604,0.05528,0.341962,0.058213,0.092533,8.470841,0,1.16228,0,0.249755,0.250239,0.249751,0.250255,1.91545599999995,0.166358454738894,3.75
"684",1,-97.850794,0.004766,0.22437,0.082298,0.412902,3.959351,0,6.200167,0,0.174577,0.324606,0.174396,0.326421,0.139729999999986,0.708549576454631,259.5
"685",1,-133.521517,0.012156,0.290667,0.048467,0.048583,4.459825,0,1.741517,0.512225,0.230039,0.274262,0.229913,0.265787,1.04081400000001,0.307632232603357,25
"686",1,-111.400785,0.009307,0.217844,0.07879,0.095433,3.694311,0,2.215744,0.097747,0.231421,0.268775,0.231327,0.268477,0.0915660000000003,0.762195671601155,200
"687",1,-130.117973,0.011017,0.265042,0.03078,0.062655,4.227671,0,1.686193,1.572811,0.22899,0.283421,0.228843,0.258745,0.421965999999998,0.515957675159774,31
"688",1,-162.137915,0.016824,0.377318,0.054639,0.178082,7.303445,0.181121,2.825149,0.000126,0.231536,0.267733,0.232392,0.268339,0.258430000000033,0.611200823133331,7.75
"689",1,-168.499082,0.031086,0.222651,0.05827,0.13533,4.283029,0.006687,2.083825,0,0.240143,0.25967,0.240028,0.260159,0.00328999999999269,0.954259603544036,6.2
"690",1,-174.150885,0.021236,0.478822,0,0.537208,9.506156,0.409082,8.092149,1.097621,0.246439,0.253814,0.2467,0.253048,0.138177999999982,0.710099087367752,5.5
"691",1,-183.560285,0.055506,0.364695,0.048872,0.153025,10.438486,0,1.76979,0.101719,0.249999,0.249999,0.249998,0.250003,1.859374,0.172697067021556,3.5
"692",1,-160.958211,0,0.178546,0.046421,0.041027,3.314769,0.70524,1.121174,0.509913,0.233022,0.268731,0.237919,0.260328,3.87516199999999,0.0490055802709748,9.4
"693",1,-89.837049,0.002212,0.115293,0.078282,0.043857,2.054679,0,0.750936,7.9e-05,0.092854,0.391933,0.092523,0.42269,0.613759999999985,0.433375605894573,300
"694",1,-161.22696,0.020808,0.0076,0.055332,0.184273,0,0.115869,2.806543,0.047042,0.227021,0.250923,0.270375,0.251681,0.507334000000014,0.47629523010058,8
"695",1,-120.078111,0.008998,0.166919,0.068479,0.035769,2.706208,0,1.278909,0.00268,0.214531,0.283875,0.214294,0.287301,0.249773999999974,0.617234255954226,70
"696",1,-128.046963,0.012296,0.411315,0.063935,0.043064,6.018734,0,1.443549,0.109419,0.231323,0.269247,0.231245,0.268184,0.817020000000014,0.366052890928862,40.13
"697",1,-189.295485,0.089776,0.239582,0.07038,0.194533,5.684711,0,2.839886,0,0.249486,0.25051,0.24947,0.250535,0.753503999999964,0.38536910619179,2.6
"698",1,-161.038105,0,0.24935,0.046789,0.058391,4.73473,0.672927,1.39623,0.463841,0.235826,0.265499,0.238861,0.259813,3.78820400000001,0.0516150032611556,9.5
"699",1,-132.084851,0.011667,0.372249,0.047032,0.034709,5.720712,0,0.955501,0.640965,0.229124,0.280116,0.229016,0.261744,0.825672000000054,0.363527008365817,30
"700",1,-45.407274,0,0.805214,5.803606,9e-06,14.224996,0,7.510295,5.554245,0.25,0.25,0.25,0.25,0.931438,0.334489540256325,1450
"701",1,-147.099406,0.000366,0.203591,0.048469,0.036414,3.365213,0.337931,0.981461,0.4298,0.206282,0.301862,0.213017,0.278839,0.0713300000000459,0.789410054545761,13.75
"702",1,-129.238186,0.012089,0.147886,0.05913,0.0465,2.313005,0,1.802803,0.047131,0.23669,0.26331,0.236539,0.263461,0.426401999999996,0.513759733961581,34
"703",1,-101.32897,0.005598,0.322229,0.068315,0.325532,5.61628,0,6.055173,0.367361,0.188112,0.314716,0.187987,0.309185,0.119271999999995,0.72982540928952,256.5
"704",1,-111.523841,0.009122,0.252695,0.067671,0.239688,4.284533,0,5.506484,0.034852,0.249949,0.250053,0.249948,0.25005,0.00578400000000556,0.939377239951274,160
"705",1,-134.635055,0.013083,0.241971,0.031308,0.059358,3.780345,0,1.484452,1.674586,0.23281,0.278918,0.232646,0.255626,0.497016000000031,0.480814208433424,27
"706",1,-104.760042,0.007111,0.177419,0.089733,0.202103,3.025236,0,3.914564,0.002399,0.209715,0.289536,0.209527,0.291222,0.25709599999999,0.612122298046754,256
"707",1,-134.417168,0.012598,0.213231,0.055823,0.025146,3.19636,0,1.111239,0.034101,0.235386,0.264434,0.235261,0.26492,1.27156400000001,0.259473479517791,21
"708",1,-173.82647,0.037987,0.150008,0.059555,0.221063,3.234674,0,3.021255,0.002002,0.245242,0.254737,0.245124,0.254897,0.343777999999986,0.557656564252681,5.1
"709",1,-124.315223,0.01082,0.279108,0.064115,0.14619,4.419209,0,5.319304,0.019468,0.224972,0.274902,0.224846,0.275281,0.712091999999984,0.398750192205273,43
"710",1,-166.186938,0.028049,0.138307,0.056878,0.121391,2.701537,5.2e-05,1.760045,0.000293,0.234534,0.265197,0.234195,0.266073,0.230445999999972,0.631193323257414,7
"711",1,-51.549763,0.000764,0.195214,0.095242,0.006953,3.4434,0,3.797274,1.272353,0.259384,0.238127,0.259389,0.243101,0.125965999999991,0.72265185350807,500
"712",1,-91.207736,0.004704,0.204576,0.047831,0.119232,3.661187,0,1.460936,0.208567,0.275312,0.222295,0.275381,0.227011,0.151457999999991,0.697145917010692,400
"713",1,-125.220093,0.010936,0.242669,0.060938,0.055341,3.9255,0,1.819064,0.273652,0.22211,0.280831,0.221944,0.275115,0.544321999999994,0.460647048298715,55.3
"714",1,-118.51875,0.011162,0.357144,0,0.127099,6.223765,0,2.195891,3.008222,0.248794,0.252099,0.248788,0.250319,0.484297999999995,0.486481922165231,100
"715",1,-172.035974,0.037037,0.337328,0.056111,0.192641,7.226456,0,2.650866,0.006457,0.245716,0.25424,0.245669,0.254376,0.589931999999976,0.442445415099563,5
"716",1,-170.16065,0.033396,0.196339,0.059219,0.283655,3.719631,0,4.546609,0.002062,0.2425,0.257487,0.242359,0.257654,0.0850120000000061,0.77061681215517,6
"717",1,-135.184502,0.004853,1.290328,0.01095,0.090054,19.413672,0.152235,1.648166,1.747818,0.207882,0.318493,0.208295,0.26533,3.02266800000001,0.0821082830955718,20
"718",1,-117.373559,0.007598,0.141779,0.068083,0.092771,2.279294,0,3.098546,2e-06,0.198804,0.300336,0.198454,0.302406,0.00115199999999049,0.972924098662659,75
"719",1,-163.007286,0.081617,0.348536,0.031664,0.311609,6.727009,0,5.347287,0,0.24888,0.251126,0.248854,0.251139,0.0860160000000292,0.769304436937417,1
"720",1,-177.756805,0.044543,0.369854,0.048671,0.1455,8.817757,0,1.911088,0.015614,0.253314,0.246728,0.253344,0.246613,1.03911799999997,0.308026690513804,4
"721",1,-161.340482,1.1e-05,0.266371,0.045442,0.034493,5.227114,0.709509,0.981917,0.460252,0.233404,0.269469,0.236709,0.260417,4.10843599999998,0.0426698047156276,9
"722",1,-147.947373,0,0.333631,0.038994,0.046841,5.555901,0.379469,1.103687,0.634106,0.212701,0.298648,0.21656,0.272091,0.62393800000001,0.429587653894987,12.85
"723",1,-157.455863,0,0.238726,0.045877,0.04808,4.212885,0.567408,1.39245,0.597457,0.23571,0.266573,0.238547,0.25917,3.59484000000003,0.0579592076227977,11
"724",1,-187.389002,0.083958,0.20846,0.062949,0.13575,4.775166,0.000768,2.013371,0.000108,0.249219,0.25077,0.249192,0.250818,0.587311999999997,0.443460438078592,2
"725",1,-107.306999,0.008392,0.310709,0.074028,0.072259,5.277582,0,1.311211,0.401753,0.223866,0.2817,0.223775,0.270659,0.102706000000012,0.74860618068127,253.25
"726",1,-149.566911,0,0.256161,0.034959,0.035879,4.77731,0.634703,0.772784,1.06116,0.218476,0.300085,0.22317,0.25827,5.30259000000001,0.0212937390937326,12
"727",1,-146.506117,0.010379,0.285264,0.064911,0.024958,4.960695,0.088994,0.664925,0,0.199478,0.294954,0.201173,0.304394,0.0718160000000125,0.788710807723017,13.835
"728",1,-94.331852,0.003564,0.258599,0.056124,0.220366,4.544472,0,4.298274,0.499157,0.145986,0.363481,0.145815,0.344718,0.311002000000002,0.577065968067981,261
"729",1,-145.672519,0,0.114731,0.047003,0.046527,1.656568,0.376757,1.695374,0.938124,0.220563,0.284034,0.229199,0.266203,0.837734000000012,0.360045653137814,16
"730",1,-118.692848,0.008352,0.132547,0.068308,0.089655,2.155827,0,3.058947,0.057559,0.208237,0.291798,0.207903,0.292062,0.146867999999984,0.701546559505696,86
"731",1,-179.270592,0.045667,0.154683,0.052982,0.088816,3.643457,0,1.155614,0.001182,0.251552,0.248508,0.251585,0.248356,0.837010000000021,0.360253314841785,4.25
"732",1,-146.522133,0,0.31899,0.036726,0.048615,5.350925,0.37514,1.082318,0.69159,0.208047,0.306105,0.212401,0.273448,0.636173999999983,0.42509965250808,13
"733",1,-184.58379,0.059251,0.192758,0.06075,0.164646,5.122829,0.000233,2.048981,0,0.248873,0.25111,0.248846,0.251171,1.70001600000001,0.192285884673902,3
"734",1,-162.067481,0.057763,0.243699,0.030713,0.107684,4.832081,0.287662,1.861969,0,0.248913,0.251022,0.24901,0.251056,0.0749299999999948,0.784289472127198,1.5
"735",1,-135.748896,0,0.115754,0.047585,0.121625,1.67786,0.218904,4.787762,0.548652,0.227015,0.272119,0.232112,0.268754,1.36445600000002,0.242766708290215,22.5
"736",1,-116.501309,0.010446,0.244131,0.064222,0.04494,4.152949,0,0.92317,0.198838,0.24907,0.251023,0.249063,0.250844,0.0503559999999936,0.822444961178266,106.5
"737",1,-113.340481,0.008776,0.171941,0.075385,0.023298,2.846513,5e-06,0.496281,0.001391,0.231199,0.266119,0.231089,0.271594,0.208923999999996,0.647612071987555,110
"738",1,-143.823603,0,0.060489,0.039606,0.12951,0.787236,0.355425,8.477653,2.041452,0.235486,0.262259,0.243323,0.258932,2.44911400000001,0.117591224903146,17
"739",1,-160.205523,0,0.331574,0.040675,0.054002,5.705562,0.633735,1.470958,0.790193,0.233175,0.271085,0.235861,0.259879,2.40729800000003,0.120770660310706,10
"740",1,-183.565636,0.056421,0.172787,0.055293,0.327885,4.8067,0,4.138891,0.002455,0.249626,0.250377,0.249615,0.250383,1.70056999999997,0.192213450415546,3.25
"741",1,-188.689289,0.089986,0.495904,0.040246,0.142398,11.449379,0,1.733347,0.413249,0.249559,0.25053,0.249552,0.250359,0.246445999999992,0.619588750794077,2.24
"742",1,-189.866243,0.088287,0.301648,0.07028,0.31886,7.228929,0.001531,4.535342,0.00016,0.249487,0.250511,0.249475,0.250526,0.839504000000034,0.359538665593484,2.75
"743",1,-141.141139,0.009838,1.523086,0.004378,0.107853,22.380184,0.07972,1.996802,2.025496,0.218371,0.301233,0.218485,0.261911,2.99251799999996,0.0836500032100952,17.5
"744",1,-143.811822,0.007378,0.777104,0.033356,0.081086,12.352397,0.171538,1.803861,0.888346,0.218509,0.292053,0.219172,0.270265,0.599666000000013,0.438705490590932,14
"745",1,-123.53469,0.010538,0.394146,0.07055,0.037072,6.294411,0,1.328352,0.001523,0.224729,0.274071,0.224646,0.276554,0.715638000000013,0.397578462370066,56
"746",1,-138.30941,0,0.090246,0.054001,0.090751,1.290002,0.241841,4.398464,0.308881,0.230576,0.267188,0.236507,0.265728,1.80193999999995,0.179478135174568,18
"747",1,-168.249997,0.030428,0.290469,0.058131,0.094954,5.538528,0,1.448059,0,0.238449,0.261201,0.238319,0.262031,0.100959999999986,0.750680623917618,6.5
"748",1,-110.516349,0.009961,0.28609,0.085158,0.039612,4.944942,0,0.625874,0.214336,0.23365,0.269308,0.233579,0.263463,0.097834000000006,0.754444566374726,220
"749",1,-189.021409,0.091698,0.35536,0.069381,0.238684,8.378978,0,3.533472,0,0.249558,0.250438,0.249549,0.250455,0.712282000000016,0.398687282564488,2.25
"750",1,-91.494285,0,0.257431,0.081915,0.321185,4.287312,0.041958,5.42147,0,0.107002,0.389649,0.10978,0.393568,0.109904,0.740253456898753,345
"751",1,-159.680225,0,0.284407,0.055481,0.14561,4.85438,0.46385,3.526953,0.205204,0.234893,0.264329,0.237419,0.263359,1.84331599999996,0.174562788579076,10.1
"752",1,-159.460292,0.019733,0.006707,0.052192,0.100288,0.016788,0.080112,1.437263,0.050223,0.215022,0.2542,0.274615,0.256162,0.565387999999984,0.452097444844123,8.5
"753",1,-178.61425,0.043508,0.178238,0.052154,0.187747,4.264618,0,2.456555,0,0.251903,0.248122,0.251937,0.248037,1.03645,0.308648547699948,4.5
"754",1,-183.344119,0.052147,0.354957,0.057851,0.217051,9.891805,0.048265,2.490067,0,0.249839,0.25016,0.249839,0.250163,1.89641799999998,0.168479807390342,3.75
"755",1,-97.739637,0.004715,0.410473,0.080373,0.06378,7.234406,0,1.079075,0.03182,0.172335,0.324473,0.172236,0.330957,0.0910319999999842,0.76286925826544,259.5
"756",1,-133.556595,0.012082,0.273974,0.043051,0.186983,4.215609,0.000163,8.432684,0.815602,0.228156,0.273619,0.228021,0.270205,0.971746000000053,0.324245117264782,25
"757",1,-111.7319,0.009262,0.141256,0.055483,0.052743,2.454228,0,0.702629,0.561506,0.236816,0.269913,0.236689,0.256582,0.755307999999985,0.384800872497863,200
"758",1,-130.259562,0.011149,0.251712,0.022129,0.054923,4.034117,0,0.954724,2.271718,0.231996,0.286851,0.231838,0.249316,0.139110000000016,0.709167400551279,31
"759",1,-162.160275,0.00996,0.292212,0.054515,0.202908,5.497076,0.317714,3.336279,0.002458,0.231864,0.266905,0.233852,0.267379,0.213719999999967,0.643867200018268,7.75
"760",1,-168.509398,0.031029,0.206309,0.056278,0.266782,4.004886,0,4.057926,0.023557,0.239831,0.26018,0.239666,0.260323,0.0239280000000122,0.877068252334723,6.2
"761",1,-174.047884,0.038803,0.62967,0.060335,0.252467,11.642573,0,4.169558,0.022117,0.246525,0.253459,0.246501,0.253515,0.0677779999999757,0.794599914155709,5.5
"762",1,-183.570316,0.055452,0.24861,0.057449,0.406063,6.97621,0.000666,5.012697,0,0.250014,0.249988,0.250013,0.249986,1.83931799999999,0.175030902851657,3.5
"763",1,-160.794361,0,0.322498,0.044895,0.038575,6.329901,0.724829,1.020173,0.543126,0.233618,0.27025,0.236344,0.259788,4.20271600000001,0.0403592901423768,9.4
"764",1,-89.857556,0.002277,0.18959,0.053135,0.062658,3.470048,0,0.693723,0.391194,0.107359,0.443974,0.107134,0.341533,0.653412000000003,0.418895435515341,300
"765",1,-161.315779,0.025968,0.295698,0.05569,0.205366,5.941415,0,2.886431,0.00504,0.230187,0.269605,0.230005,0.270203,0.329720000000009,0.565824008745076,8
"766",1,-120.130126,0.009114,0.163933,0.063943,0.085997,2.647928,0,2.92467,0.152586,0.216796,0.284236,0.216557,0.282411,0.146085999999997,0.702304134186525,70
"767",1,-128.344041,0.012228,0.150119,0.052585,0.101713,2.457643,0,3.80789,0.551295,0.232923,0.2691,0.232735,0.265241,0.222831999999983,0.636890497185272,40.13
"768",1,-189.3398,0.090591,0.275301,0.070569,0.748591,6.602021,0,11.081445,0.005686,0.249525,0.250479,0.249512,0.250484,0.664872000000003,0.414845194908029,2.6
"769",1,-161.255926,0,0.121355,0.048526,0.037588,2.201383,0.86287,1.063078,0.628407,0.236849,0.263811,0.242583,0.256758,3.35242600000004,0.0671060457694672,9.5
"770",1,-132.170396,0.011635,0.167077,0.061332,0.193141,2.560322,0.000192,8.599827,0.000118,0.225244,0.274714,0.225012,0.27503,0.655147999999997,0.418278125933374,30
"771",1,-45.407674,0,0.598467,6.535186,0,10.570072,0,4.078901,2.660295,0.25,0.25,0.25,0.25,0.197935999999999,0.656392030764014,1450
"772",1,-147.250454,0,0.189926,0.035796,0.045973,3.418404,0.573721,1.025894,1.129878,0.2143,0.302152,0.221246,0.262301,0.235187999999994,0.62770340457273,13.75
"773",1,-129.227721,0.012049,0.257084,0.027496,0.07137,4.147335,0,1.828303,1.566149,0.236835,0.270424,0.236732,0.256009,0.447299999999984,0.503619937874471,34
"774",1,-101.742928,0.00564,0.092013,0.086048,0.105361,1.598631,0,2.12898,0.000287,0.187728,0.310129,0.187284,0.314859,0.948908000000017,0.329997412341608,256.5
"775",1,-111.854554,0.008859,0.118061,0.033015,0.04636,2.02159,0,0.884144,0.175607,0.331488,0.157789,0.33233,0.178393,0.666129999999981,0.414404127749402,160
"776",1,-134.2962,0.012947,0.492202,0.059906,0.089929,7.701011,5e-06,3.821706,0.142175,0.228458,0.271994,0.228383,0.271164,1.17539199999999,0.278296093203174,27
"777",1,-104.714388,0.007267,0.2357,0.073025,0.08625,4.133054,0,1.374009,0.313657,0.214532,0.290888,0.214399,0.28018,0.178983999999986,0.672247832588997,256
"778",1,-134.451704,0,0.090535,0.043734,0.067202,1.278879,0.227206,2.975982,0.710241,0.229206,0.270769,0.235024,0.265002,1.20169799999996,0.272982566754654,21
"779",1,-173.693824,0.039051,0.375878,0.060262,0.13636,7.666276,0,1.911377,0.00014,0.245667,0.254234,0.245621,0.254478,0.609069999999974,0.435138186581772,5.1
"780",1,-124.501828,0.01084,0.421546,0,0.147853,7.08259,0,3.946547,3.029189,0.228394,0.282868,0.228309,0.26043,0.340754000000004,0.559394321858219,43
"781",1,-165.976647,0.028119,0.27409,0.052326,0.321018,5.49976,0,4.739474,0.059453,0.235222,0.264877,0.235063,0.264838,0.190127999999959,0.66281010559041,7
