"","treenum","column1","column2","coopQ01","coopQ10","FSQAbsPres","FSQPresAbs","Nspecies","propFSabsent","propFSpresent","propNoncoop","propCoop","ObsProp0Absent","ObsProp0Present","ObsProp1Absent","ObsProp1Present","totaltime"
"temprow","1","MeanCoopTie2Noncoop","FemaleSong","0.00855969537492181","0.0629655558339774","0.0552415095457942","0.0222091656681094","315","0.216428835115027","0.783571164884973","0.80516586181162","0.19483413818838","0.177350340869905","0.627815520941715","0.0390784942451216","0.155755643943259","3570.65874121"
"temprow.1","2","MeanCoopTie2Noncoop","FemaleSong","0.00855969537492181","0.0629655558339774","0.0552415095457942","0.0222091656681094","315","0.206044765544405","0.793955234455595","0.889297820675211","0.110702179324789","0.189331626892888","0.699966193782324","0.0167131386515169","0.0939890406732718","3570.65874121"
"temprow.2","3","MeanCoopTie2Noncoop","FemaleSong","0.00855969537492181","0.0629655558339774","0.0552415095457942","0.0222091656681094","315","0.221479093412437","0.778520906587563","0.854596314869573","0.145403685130427","0.18534572168293","0.669250593186643","0.0361333717295068","0.10927031340092","3570.65874121"
"temprow.3","4","MeanCoopTie2Noncoop","FemaleSong","0.00855969537492181","0.0629655558339774","0.0552415095457942","0.0222091656681094","315","0.269351403977606","0.730648596022394","0.870347947658246","0.129652052341754","0.215013692171523","0.655334255486723","0.054337711806083","0.0753143405356714","3570.65874121"
"temprow.4","5","MeanCoopTie2Noncoop","FemaleSong","0.00855969537492181","0.0629655558339774","0.0552415095457942","0.0222091656681094","315","0.218608365153893","0.781391634846107","0.851413298943971","0.148586701056029","0.186929710409039","0.664483588534932","0.0316786547448541","0.116908046311175","3570.65874121"
"temprow.5","6","MeanCoopTie2Noncoop","FemaleSong","0.00855969537492181","0.0629655558339774","0.0552415095457942","0.0222091656681094","315","0.211222065769355","0.788777934230645","0.757640218076165","0.242359781923835","0.16777725459603","0.589862963480135","0.0434448111733256","0.19891497075051","3570.65874121"
"temprow.6","7","MeanCoopTie2Noncoop","FemaleSong","0.00855969537492181","0.0629655558339774","0.0552415095457942","0.0222091656681094","315","0.273527810212919","0.726472189787081","0.712728523148116","0.287271476851885","0.177573253958731","0.535155269189384","0.0959545562541879","0.191316920597697","3570.65874121"
"temprow.7","8","MeanCoopTie2Noncoop","FemaleSong","0.00855969537492181","0.0629655558339774","0.0552415095457942","0.0222091656681094","315","0.245608208137339","0.754391791862661","0.729757520843974","0.270242479156026","0.18130856374377","0.548448957100203","0.0642996443935689","0.205942834762458","3570.65874121"
"temprow.8","9","MeanCoopTie2Noncoop","FemaleSong","0.00855969537492181","0.0629655558339774","0.0552415095457942","0.0222091656681094","315","0.282547548012406","0.717452451987594","0.780797060690177","0.219202939309823","0.239950166504024","0.540846894186153","0.0425973815083821","0.176605557801441","3570.65874121"
"temprow.9","10","MeanCoopTie2Noncoop","FemaleSong","0.00855969537492181","0.0629655558339774","0.0552415095457942","0.0222091656681094","315","0.283341148816423","0.716658851183577","0.892247884584376","0.107752115415624","0.258286366862869","0.633961517721507","0.0250547819535541","0.0826973334620697","3570.65874121"
"temprow.10","11","MeanCoopTie2Noncoop","FemaleSong","0.00855969537492181","0.0629655558339774","0.0552415095457942","0.0222091656681094","315","0.201588080530868","0.798411919469132","0.807481336601649","0.192518663398351","0.150242412242656","0.657238924358993","0.051345668288212","0.141172995110139","3570.65874121"
"temprow.11","12","MeanCoopTie2Noncoop","FemaleSong","0.00855969537492181","0.0629655558339774","0.0552415095457942","0.0222091656681094","315","0.183327871628862","0.816672128371138","0.785263088380833","0.214736911619167","0.149777630495473","0.63548545788536","0.033550241133389","0.181186670485778","3570.65874121"
"temprow.12","13","MeanCoopTie2Noncoop","FemaleSong","0.00855969537492181","0.0629655558339774","0.0552415095457942","0.0222091656681094","315","0.272384476632307","0.727615523367693","0.868404116507711","0.131595883492289","0.240883743890499","0.627520372617212","0.0315007327418078","0.100095150750482","3570.65874121"
"temprow.13","14","MeanCoopTie2Noncoop","FemaleSong","0.00855969537492181","0.0629655558339774","0.0552415095457942","0.0222091656681094","315","0.261342367866196","0.738657632133804","0.788784849608672","0.211215150391328","0.194519080777932","0.59426576883074","0.066823287088264","0.144391863303064","3570.65874121"
"temprow.14","15","MeanCoopTie2Noncoop","FemaleSong","0.00855969537492181","0.0629655558339774","0.0552415095457942","0.0222091656681094","315","0.300324009624431","0.699675990375569","0.883850721003856","0.116149278996144","0.269504706033659","0.614346014970197","0.0308193035907723","0.085329975405372","3570.65874121"
"temprow.15","16","MeanCoopTie2Noncoop","FemaleSong","0.00855969537492181","0.0629655558339774","0.0552415095457942","0.0222091656681094","315","0.233540760842394","0.766459239157606","0.862803118245006","0.137196881754994","0.203700890185351","0.659102228059655","0.0298398706570427","0.107357011097951","3570.65874121"
"temprow.16","17","MeanCoopTie2Noncoop","FemaleSong","0.00855969537492181","0.0629655558339774","0.0552415095457942","0.0222091656681094","315","0.191634959903237","0.808365040096763","0.848733608618973","0.151266391381027","0.155726976200419","0.693006632418554","0.0359079837028176","0.115358407678209","3570.65874121"
"temprow.17","18","MeanCoopTie2Noncoop","FemaleSong","0.00855969537492181","0.0629655558339774","0.0552415095457942","0.0222091656681094","315","0.293312746664612","0.706687253335388","0.713657184706293","0.286342815293707","0.183794457914274","0.529862726792019","0.109518288750337","0.176824526543369","3570.65874121"
"temprow.18","19","MeanCoopTie2Noncoop","FemaleSong","0.00855969537492181","0.0629655558339774","0.0552415095457942","0.0222091656681094","315","0.252039965968733","0.747960034031267","0.787859993827337","0.212140006172663","0.202174929613983","0.585685064213354","0.0498650363547503","0.162274969817913","3570.65874121"
"temprow.19","20","MeanCoopTie2Noncoop","FemaleSong","0.00855969537492181","0.0629655558339774","0.0552415095457942","0.0222091656681094","315","0.226657016189285","0.773342983810715","0.826158215296539","0.173841784703461","0.185369088124204","0.640789127172335","0.0412879280650817","0.13255385663838","3570.65874121"
"temprow.20","21","MeanCoopTie2Noncoop","FemaleSong","0.00855969537492181","0.0629655558339774","0.0552415095457942","0.0222091656681094","315","0.17347454022349","0.82652545977651","0.826050698985494","0.173949301014506","0.14204330364645","0.684007395339044","0.0314312365770397","0.142518064437466","3570.65874121"
"temprow.21","22","MeanCoopTie2Noncoop","FemaleSong","0.00855969537492181","0.0629655558339774","0.0552415095457942","0.0222091656681094","315","0.286339468491412","0.713660531508588","0.895683732648046","0.104316267351954","0.257663506945238","0.638020225702809","0.0286759615461747","0.0756403058057789","3570.65874121"
"temprow.22","23","MeanCoopTie2Noncoop","FemaleSong","0.00855969537492181","0.0629655558339774","0.0552415095457942","0.0222091656681094","315","0.238284706067678","0.761715293932322","0.838293917682871","0.161706082317128","0.186117790435663","0.652176127247209","0.0521669156320154","0.109539166685113","3570.65874121"
"temprow.23","24","MeanCoopTie2Noncoop","FemaleSong","0.00855969537492181","0.0629655558339774","0.0552415095457942","0.0222091656681094","315","0.236588945875707","0.763411054124293","0.859446104047009","0.140553895952991","0.185041600000927","0.674404504046082","0.05154734587478","0.0890065500782107","3570.65874121"
"temprow.24","25","MeanCoopTie2Noncoop","FemaleSong","0.00855969537492181","0.0629655558339774","0.0552415095457942","0.0222091656681094","315","0.247305486814919","0.752694513185081","0.885403642102684","0.114596357897316","0.214821573675634","0.67058206842705","0.0324839131392844","0.0821124447580316","3570.65874121"
"temprow.25","26","MeanCoopTie2Noncoop","FemaleSong","0.00855969537492181","0.0629655558339774","0.0552415095457942","0.0222091656681094","315","0.191651768107558","0.808348231892442","0.887600521711189","0.112399478288811","0.163960435288874","0.723640086422315","0.0276913328186842","0.0847081454701266","3570.65874121"
"temprow.26","27","MeanCoopTie2Noncoop","FemaleSong","0.00855969537492181","0.0629655558339774","0.0552415095457942","0.0222091656681094","315","0.240655910482632","0.759344089517368","0.907283596307132","0.092716403692868","0.22130988667649","0.685973709630642","0.0193460238061425","0.0733703798867255","3570.65874121"
"temprow.27","28","MeanCoopTie2Noncoop","FemaleSong","0.00855969537492181","0.0629655558339774","0.0552415095457942","0.0222091656681094","315","0.267981135457014","0.732018864542986","0.843418926835101","0.1565810731649","0.233107695859465","0.610311230975636","0.0348734395975491","0.12170763356735","3570.65874121"
"temprow.28","29","MeanCoopTie2Noncoop","FemaleSong","0.00855969537492181","0.0629655558339774","0.0552415095457942","0.0222091656681094","315","0.265761468816628","0.734238531183372","0.7724666020404","0.2275333979596","0.223607402003203","0.548859200037196","0.0421540668134245","0.185379331146176","3570.65874121"
"temprow.29","30","MeanCoopTie2Noncoop","FemaleSong","0.00855969537492181","0.0629655558339774","0.0552415095457942","0.0222091656681094","315","0.273445862561606","0.726554137438394","0.800800061135204","0.199199938864796","0.24883093607646","0.551969125058744","0.0246149264851456","0.17458501237965","3570.65874121"
"temprow.30","31","MeanCoopTie2Noncoop","FemaleSong","0.00855969537492181","0.0629655558339774","0.0552415095457942","0.0222091656681094","315","0.234271558334876","0.765728441665124","0.77193677844171","0.22806322155829","0.181568283246989","0.590368495194721","0.0527032750878873","0.175359946470403","3570.65874121"
"temprow.31","32","MeanCoopTie2Noncoop","FemaleSong","0.00855969537492181","0.0629655558339774","0.0552415095457942","0.0222091656681094","315","0.242795862110088","0.757204137889912","0.882203501032745","0.117796498967255","0.21466130743342","0.667542193599325","0.0281345546766675","0.0896619442905875","3570.65874121"
"temprow.32","33","MeanCoopTie2Noncoop","FemaleSong","0.00855969537492181","0.0629655558339774","0.0552415095457942","0.0222091656681094","315","0.215933170573737","0.784066829426263","0.820505735624222","0.179494264375778","0.173135356373435","0.647370379250788","0.0427978142003027","0.136696450175475","3570.65874121"
"temprow.33","34","MeanCoopTie2Noncoop","FemaleSong","0.00855969537492181","0.0629655558339774","0.0552415095457942","0.0222091656681094","315","0.245066958371762","0.754933041628238","0.800592270768347","0.199407729231653","0.198112571397755","0.602479699370592","0.0469543869740065","0.152453342257646","3570.65874121"
"temprow.34","35","MeanCoopTie2Noncoop","FemaleSong","0.00855969537492181","0.0629655558339774","0.0552415095457942","0.0222091656681094","315","0.256727985416438","0.743272014583562","0.860664283982746","0.139335716017254","0.227666747902019","0.632997536080727","0.0290612375144189","0.110274478502835","3570.65874121"
"temprow.35","36","MeanCoopTie2Noncoop","FemaleSong","0.00855969537492181","0.0629655558339774","0.0552415095457942","0.0222091656681094","315","0.151824916924424","0.848175083075576","0.874322371437064","0.125677628562936","0.133522161896001","0.740800209541063","0.0183027550284233","0.107374873534513","3570.65874121"
"temprow.36","37","MeanCoopTie2Noncoop","FemaleSong","0.00855969537492181","0.0629655558339774","0.0552415095457942","0.0222091656681094","315","0.25742873127042","0.74257126872958","0.859405735767567","0.140594264232433","0.210855209311031","0.648550526456536","0.0465735219593886","0.0940207422730443","3570.65874121"
"temprow.37","38","MeanCoopTie2Noncoop","FemaleSong","0.00855969537492181","0.0629655558339774","0.0552415095457942","0.0222091656681094","315","0.270418256767256","0.729581743232744","0.804545884577025","0.195454115422975","0.207510312157709","0.597035572419315","0.0629079446095469","0.132546170813428","3570.65874121"
"temprow.38","39","MeanCoopTie2Noncoop","FemaleSong","0.00855969537492181","0.0629655558339774","0.0552415095457942","0.0222091656681094","315","0.243827841003889","0.756172158996111","0.836706309280749","0.163293690719251","0.207313275375763","0.629393033904986","0.0365145656281269","0.126779125091124","3570.65874121"
"temprow.39","40","MeanCoopTie2Noncoop","FemaleSong","0.00855969537492181","0.0629655558339774","0.0552415095457942","0.0222091656681094","315","0.1931575076303","0.8068424923697","0.885580057449447","0.114419942550553","0.171259373504338","0.714320683945109","0.0218981341259619","0.0925218084245909","3570.65874121"
"temprow.40","41","MeanCoopTie2Noncoop","FemaleSong","0.00855969537492181","0.0629655558339774","0.0552415095457942","0.0222091656681094","315","0.269885390702949","0.730114609297051","0.891422285908964","0.108577714091037","0.262730829427999","0.628691456480965","0.00715456127495034","0.101423152816086","3570.65874121"
"temprow.41","42","MeanCoopTie2Noncoop","FemaleSong","0.00855969537492181","0.0629655558339774","0.0552415095457942","0.0222091656681094","315","0.234943286793658","0.765056713206342","0.899743981870702","0.100256018129298","0.203755108858031","0.695988873012671","0.0311881779356274","0.0690678401936708","3570.65874121"
"temprow.42","43","MeanCoopTie2Noncoop","FemaleSong","0.00855969537492181","0.0629655558339774","0.0552415095457942","0.0222091656681094","315","0.268246413169926","0.731753586830074","0.79487917552556","0.20512082447444","0.199005462070546","0.595873713455015","0.0692409510993804","0.135879873375059","3570.65874121"
"temprow.43","44","MeanCoopTie2Noncoop","FemaleSong","0.00855969537492181","0.0629655558339774","0.0552415095457942","0.0222091656681094","315","0.328433032221873","0.671566967778127","0.855335232628131","0.144664767371869","0.293803976876365","0.561531255751766","0.0346290553455077","0.110035712026362","3570.65874121"
"temprow.44","45","MeanCoopTie2Noncoop","FemaleSong","0.00855969537492181","0.0629655558339774","0.0552415095457942","0.0222091656681094","315","0.266599987789447","0.733400012210553","0.865058357798258","0.134941642201742","0.231258780916305","0.633799576881953","0.0353412068731419","0.0996004353286003","3570.65874121"
"temprow.45","46","MeanCoopTie2Noncoop","FemaleSong","0.00855969537492181","0.0629655558339774","0.0552415095457942","0.0222091656681094","315","0.189908827761745","0.810091172238255","0.88376218619832","0.11623781380168","0.155931793990223","0.727830392208097","0.0339770337715218","0.0822607800301584","3570.65874121"
"temprow.46","47","MeanCoopTie2Noncoop","FemaleSong","0.00855969537492181","0.0629655558339774","0.0552415095457942","0.0222091656681094","315","0.30875606434309","0.69124393565691","0.846984906868521","0.153015093131479","0.255537874670932","0.59144703219759","0.0532181896721587","0.0997969034593199","3570.65874121"
"temprow.47","48","MeanCoopTie2Noncoop","FemaleSong","0.00855969537492181","0.0629655558339774","0.0552415095457942","0.0222091656681094","315","0.21372114952291","0.786278850477091","0.876071247161415","0.123928752838585","0.187724388083397","0.688346859078019","0.0259967614395128","0.0979319913990717","3570.65874121"
"temprow.48","49","MeanCoopTie2Noncoop","FemaleSong","0.00855969537492181","0.0629655558339774","0.0552415095457942","0.0222091656681094","315","0.2037157174791","0.7962842825209","0.857057697326309","0.142942302673691","0.162611970103317","0.694445727222992","0.0411037473757835","0.101838555297908","3570.65874121"
"temprow.49","50","MeanCoopTie2Noncoop","FemaleSong","0.00855969537492181","0.0629655558339774","0.0552415095457942","0.0222091656681094","315","0.308910080370435","0.691089919629566","0.891293294986907","0.108706705013093","0.285154838956621","0.606138456030286","0.0237552414138136","0.0849514635992797","3570.65874121"
"temprow.50","51","MeanCoopTie2Noncoop","FemaleSong","0.00855969537492181","0.0629655558339774","0.0552415095457942","0.0222091656681094","315","0.253834194051637","0.746165805948363","0.836244973996837","0.163755026003163","0.21752724798681","0.618717726010027","0.0363069460648272","0.127448079938336","3570.65874121"
"temprow.51","52","MeanCoopTie2Noncoop","FemaleSong","0.00855969537492181","0.0629655558339774","0.0552415095457942","0.0222091656681094","315","0.190316984536332","0.809683015463668","0.834092304613806","0.165907695386194","0.159762653381528","0.674329651232278","0.0305543311548046","0.13535336423139","3570.65874121"
"temprow.52","53","MeanCoopTie2Noncoop","FemaleSong","0.00855969537492181","0.0629655558339774","0.0552415095457942","0.0222091656681094","315","0.330381775446579","0.669618224553421","0.885076218587164","0.114923781412836","0.297323971477069","0.587752247110095","0.0330578039695099","0.0818659774433262","3570.65874121"
"temprow.53","54","MeanCoopTie2Noncoop","FemaleSong","0.00855969537492181","0.0629655558339774","0.0552415095457942","0.0222091656681094","315","0.196138151140043","0.803861848859957","0.868662661150117","0.131337338849883","0.180591538960121","0.688071122189997","0.0155466121799224","0.11579072666996","3570.65874121"
"temprow.54","55","MeanCoopTie2Noncoop","FemaleSong","0.00855969537492181","0.0629655558339774","0.0552415095457942","0.0222091656681094","315","0.237519422844461","0.762480577155539","0.747403612463581","0.252596387536419","0.177605575906741","0.56979803655684","0.0599138469377203","0.192682540598699","3570.65874121"
"temprow.55","56","MeanCoopTie2Noncoop","FemaleSong","0.00855969537492181","0.0629655558339774","0.0552415095457942","0.0222091656681094","315","0.226948491523004","0.773051508476996","0.879270290415483","0.120729709584517","0.197920983605934","0.681349306809549","0.0290275079170705","0.0917022016674464","3570.65874121"
"temprow.56","57","MeanCoopTie2Noncoop","FemaleSong","0.00855969537492181","0.0629655558339774","0.0552415095457942","0.0222091656681094","315","0.198752161845461","0.801247838154539","0.835076406508757","0.164923593491243","0.165271666801323","0.669804739707434","0.0334804950441383","0.131443098447105","3570.65874121"
"temprow.57","58","MeanCoopTie2Noncoop","FemaleSong","0.00855969537492181","0.0629655558339774","0.0552415095457942","0.0222091656681094","315","0.27791353958685","0.72208646041315","0.796157118781517","0.203842881218483","0.206550874360415","0.589606244421103","0.0713626652264351","0.132480215992048","3570.65874121"
"temprow.58","59","MeanCoopTie2Noncoop","FemaleSong","0.00855969537492181","0.0629655558339774","0.0552415095457942","0.0222091656681094","315","0.27382144434841","0.72617855565159","0.803736076716247","0.196263923283753","0.228422387731639","0.575313688984608","0.0453990566167705","0.150864866666982","3570.65874121"
"temprow.59","60","MeanCoopTie2Noncoop","FemaleSong","0.00855969537492181","0.0629655558339774","0.0552415095457942","0.0222091656681094","315","0.237329538033613","0.762670461966387","0.805420320652892","0.194579679347108","0.211206523411921","0.594213797240971","0.0261230146216919","0.168456664725416","3570.65874121"
"temprow.60","61","MeanCoopTie2Noncoop","FemaleSong","0.00855969537492181","0.0629655558339774","0.0552415095457942","0.0222091656681094","315","0.24078181949306","0.75921818050694","0.804353713205484","0.195646286794516","0.188237510860984","0.6161162023445","0.0525443086320761","0.14310197816244","3570.65874121"
"temprow.61","62","MeanCoopTie2Noncoop","FemaleSong","0.00855969537492181","0.0629655558339774","0.0552415095457942","0.0222091656681094","315","0.265744296196302","0.734255703803698","0.824370035124634","0.175629964875366","0.222731669651117","0.601638365473517","0.0430126265451848","0.132617338330181","3570.65874121"
"temprow.62","63","MeanCoopTie2Noncoop","FemaleSong","0.00855969537492181","0.0629655558339774","0.0552415095457942","0.0222091656681094","315","0.195988210594211","0.804011789405789","0.832680008469675","0.167319991530325","0.159284328115414","0.673395680354261","0.0367038824787968","0.130616109051528","3570.65874121"
"temprow.63","64","MeanCoopTie2Noncoop","FemaleSong","0.00855969537492181","0.0629655558339774","0.0552415095457942","0.0222091656681094","315","0.220891346670995","0.779108653329005","0.889613746040283","0.110386253959717","0.195303418573942","0.694310327466341","0.0255879280970527","0.0847983258626645","3570.65874121"
"temprow.64","65","MeanCoopTie2Noncoop","FemaleSong","0.00855969537492181","0.0629655558339774","0.0552415095457942","0.0222091656681094","315","0.257739137313852","0.742260862686148","0.872458702670292","0.127541297329708","0.22569761963107","0.646761083039222","0.0320415176827814","0.0954997796469263","3570.65874121"
"temprow.65","66","MeanCoopTie2Noncoop","FemaleSong","0.00855969537492181","0.0629655558339774","0.0552415095457942","0.0222091656681094","315","0.276576853435017","0.723423146564983","0.762426310553939","0.237573689446061","0.210151948807168","0.552274361746771","0.0664249046278491","0.171148784818212","3570.65874121"
"temprow.66","67","MeanCoopTie2Noncoop","FemaleSong","0.00855969537492181","0.0629655558339774","0.0552415095457942","0.0222091656681094","315","0.237521237618787","0.762478762381213","0.895563161081378","0.104436838918622","0.210601385686701","0.684961775394677","0.0269198519320855","0.0775169869865362","3570.65874121"
"temprow.67","68","MeanCoopTie2Noncoop","FemaleSong","0.00855969537492181","0.0629655558339774","0.0552415095457942","0.0222091656681094","315","0.336910490605216","0.663089509394784","0.852093631660578","0.147906368339422","0.31271200889508","0.539381622765499","0.0241984817101358","0.123707886629286","3570.65874121"
"temprow.68","69","MeanCoopTie2Noncoop","FemaleSong","0.00855969537492181","0.0629655558339774","0.0552415095457942","0.0222091656681094","315","0.258783760515142","0.741216239484858","0.867174358609619","0.132825641390381","0.212562009102078","0.654612349507541","0.0462217514130636","0.0866038899773171","3570.65874121"
"temprow.69","70","MeanCoopTie2Noncoop","FemaleSong","0.00855969537492181","0.0629655558339774","0.0552415095457942","0.0222091656681094","315","0.251063624908142","0.748936375091858","0.787478974301209","0.212521025698791","0.202737367986653","0.584741606314556","0.0483262569214891","0.164194768777302","3570.65874121"
"temprow.70","71","MeanCoopTie2Noncoop","FemaleSong","0.00855969537492181","0.0629655558339774","0.0552415095457942","0.0222091656681094","315","0.278810484841426","0.721189515158574","0.783747834558337","0.216252165441663","0.193496334019804","0.590251500538533","0.0853141508216222","0.130938014620041","3570.65874121"
"temprow.71","72","MeanCoopTie2Noncoop","FemaleSong","0.00855969537492181","0.0629655558339774","0.0552415095457942","0.0222091656681094","315","0.231363607177773","0.768636392822227","0.810158650953033","0.189841349046967","0.191083769179482","0.61907488177355","0.0402798379982904","0.149561511048677","3570.65874121"
"temprow.72","73","MeanCoopTie2Noncoop","FemaleSong","0.00855969537492181","0.0629655558339774","0.0552415095457942","0.0222091656681094","315","0.263485385111758","0.736514614888242","0.883823014128552","0.116176985871449","0.237111223966291","0.64671179016226","0.026374161145467","0.0898028247259816","3570.65874121"
"temprow.73","74","MeanCoopTie2Noncoop","FemaleSong","0.00855969537492181","0.0629655558339774","0.0552415095457942","0.0222091656681094","315","0.209769204569034","0.790230795430966","0.775800040364218","0.224199959635782","0.159142447256374","0.616657593107844","0.0506267573126599","0.173573202323122","3570.65874121"
"temprow.74","75","MeanCoopTie2Noncoop","FemaleSong","0.00855969537492181","0.0629655558339774","0.0552415095457942","0.0222091656681094","315","0.271179766314557","0.728820233685443","0.895840682506568","0.104159317493432","0.237241065478247","0.658599617028321","0.0339387008363103","0.070220616657122","3570.65874121"
"temprow.75","76","MeanCoopTie2Noncoop","FemaleSong","0.00855969537492181","0.0629655558339774","0.0552415095457942","0.0222091656681094","315","0.197666468776772","0.802333531223228","0.885321576141806","0.114678423858194","0.170234885862274","0.715086690279532","0.0274315829144983","0.0872468409436958","3570.65874121"
"temprow.76","77","MeanCoopTie2Noncoop","FemaleSong","0.00855969537492181","0.0629655558339774","0.0552415095457942","0.0222091656681094","315","0.321022196852679","0.678977803147321","0.830589076055909","0.169410923944092","0.240310534153308","0.5902785419026","0.0807116626993704","0.0886992612447212","3570.65874121"
"temprow.77","78","MeanCoopTie2Noncoop","FemaleSong","0.00855969537492181","0.0629655558339774","0.0552415095457942","0.0222091656681094","315","0.218563173873177","0.781436826126823","0.832326406358512","0.167673593641488","0.178769817631039","0.653556588727473","0.0397933562421383","0.12788023739935","3570.65874121"
"temprow.78","79","MeanCoopTie2Noncoop","FemaleSong","0.00855969537492181","0.0629655558339774","0.0552415095457942","0.0222091656681094","315","0.266736996778034","0.733263003221966","0.870508417376372","0.129491582623628","0.239121062819527","0.631387354556845","0.0276159339585072","0.10187564866512","3570.65874121"
"temprow.79","80","MeanCoopTie2Noncoop","FemaleSong","0.00855969537492181","0.0629655558339774","0.0552415095457942","0.0222091656681094","315","0.198320534901876","0.801679465098124","0.828129340532897","0.171870659467103","0.167340604320958","0.66078873621194","0.0309799305809177","0.140890728886185","3570.65874121"
"temprow.80","81","MeanCoopTie2Noncoop","FemaleSong","0.00855969537492181","0.0629655558339774","0.0552415095457942","0.0222091656681094","315","0.264763015041282","0.735236984958718","0.805441138709814","0.194558861290186","0.219205287509481","0.586235851200333","0.0455577275318007","0.149001133758385","3570.65874121"
"temprow.81","82","MeanCoopTie2Noncoop","FemaleSong","0.00855969537492181","0.0629655558339774","0.0552415095457942","0.0222091656681094","315","0.194190782300481","0.805809217699519","0.854539766624645","0.145460233375355","0.167022162223546","0.6875176044011","0.0271686200769357","0.118291613298419","3570.65874121"
"temprow.82","83","MeanCoopTie2Noncoop","FemaleSong","0.00855969537492181","0.0629655558339774","0.0552415095457942","0.0222091656681094","315","0.215674930216775","0.784325069783225","0.748788729208557","0.251211270791443","0.170883169263951","0.577905559944605","0.0447917609528235","0.20641950983862","3570.65874121"
"temprow.83","84","MeanCoopTie2Noncoop","FemaleSong","0.00855969537492181","0.0629655558339774","0.0552415095457942","0.0222091656681094","315","0.227650636669891","0.772349363330109","0.87127361522497","0.12872638477503","0.189072987197166","0.682200628027804","0.0385776494727253","0.0901487353023048","3570.65874121"
"temprow.84","85","MeanCoopTie2Noncoop","FemaleSong","0.00855969537492181","0.0629655558339774","0.0552415095457942","0.0222091656681094","315","0.239976520778347","0.760023479221653","0.833623244167998","0.166376755832002","0.195116553367393","0.638506690800604","0.0448599674109537","0.121516788421049","3570.65874121"
"temprow.85","86","MeanCoopTie2Noncoop","FemaleSong","0.00855969537492181","0.0629655558339774","0.0552415095457942","0.0222091656681094","315","0.267598328850882","0.732401671149118","0.791006406391647","0.208993593608353","0.226507668487208","0.564498737904439","0.0410906603636741","0.167902933244679","3570.65874121"
"temprow.86","87","MeanCoopTie2Noncoop","FemaleSong","0.00855969537492181","0.0629655558339774","0.0552415095457942","0.0222091656681094","315","0.245158362666686","0.754841637333314","0.775928988198495","0.224071011801505","0.190823604451411","0.585105383747084","0.0543347582152754","0.16973625358623","3570.65874121"
"temprow.87","88","MeanCoopTie2Noncoop","FemaleSong","0.00855969537492181","0.0629655558339774","0.0552415095457942","0.0222091656681094","315","0.218288858550122","0.781711141449878","0.859573529099844","0.140426470900156","0.185597494062185","0.673976035037659","0.032691364487937","0.107735106412219","3570.65874121"
"temprow.88","89","MeanCoopTie2Noncoop","FemaleSong","0.00855969537492181","0.0629655558339774","0.0552415095457942","0.0222091656681094","315","0.255404726827897","0.744595273172103","0.807037604441821","0.192962395558179","0.202053394078048","0.604984210363773","0.0533513327498489","0.13961106280833","3570.65874121"
"temprow.89","90","MeanCoopTie2Noncoop","FemaleSong","0.00855969537492181","0.0629655558339774","0.0552415095457942","0.0222091656681094","315","0.222882923678309","0.777117076321691","0.917465571319049","0.0825344286809514","0.197091559402502","0.720374011916547","0.0257913642758071","0.0567430644051443","3570.65874121"
"temprow.90","91","MeanCoopTie2Noncoop","FemaleSong","0.00855969537492181","0.0629655558339774","0.0552415095457942","0.0222091656681094","315","0.207911080168052","0.792088919831948","0.777400541159836","0.222599458840164","0.168971288027936","0.6084292531319","0.0389397921401156","0.183659666700049","3570.65874121"
"temprow.91","92","MeanCoopTie2Noncoop","FemaleSong","0.00855969537492181","0.0629655558339774","0.0552415095457942","0.0222091656681094","315","0.27189560493467","0.72810439506533","0.865290975049242","0.134709024950759","0.240920395679259","0.624370579369982","0.0309752092554103","0.103733815695348","3570.65874121"
"temprow.92","93","MeanCoopTie2Noncoop","FemaleSong","0.00855969537492181","0.0629655558339774","0.0552415095457942","0.0222091656681094","315","0.225635650815193","0.774364349184807","0.851888522930682","0.148111477069318","0.201102305618469","0.650786217312213","0.0245333451967236","0.123578131872594","3570.65874121"
"temprow.93","94","MeanCoopTie2Noncoop","FemaleSong","0.00855969537492181","0.0629655558339774","0.0552415095457942","0.0222091656681094","315","0.229917225205613","0.770082774794387","0.75568782126673","0.24431217873327","0.203712422015566","0.551975399251164","0.0262048031900471","0.218107375543223","3570.65874121"
"temprow.94","95","MeanCoopTie2Noncoop","FemaleSong","0.00855969537492181","0.0629655558339774","0.0552415095457942","0.0222091656681094","315","0.29371302141697","0.70628697858303","0.847154789497716","0.152845210502284","0.231508436975965","0.615646352521751","0.0622045844410053","0.0906406260612787","3570.65874121"
"temprow.95","96","MeanCoopTie2Noncoop","FemaleSong","0.00855969537492181","0.0629655558339774","0.0552415095457942","0.0222091656681094","315","0.186327466588989","0.813672533411012","0.823243987389336","0.176756012610664","0.161583273279413","0.661660714109923","0.0247441933095752","0.152011819301088","3570.65874121"
"temprow.96","97","MeanCoopTie2Noncoop","FemaleSong","0.00855969537492181","0.0629655558339774","0.0552415095457942","0.0222091656681094","315","0.230049039462445","0.769950960537555","0.823774324555856","0.176225675444144","0.193501405798504","0.630272918757352","0.03654763366394","0.139678041780204","3570.65874121"
"temprow.97","98","MeanCoopTie2Noncoop","FemaleSong","0.00855969537492181","0.0629655558339774","0.0552415095457942","0.0222091656681094","315","0.228957713952376","0.771042286047624","0.767730482655424","0.232269517344576","0.178067592439575","0.589662890215849","0.0508901215128005","0.181379395831775","3570.65874121"
"temprow.98","99","MeanCoopTie2Noncoop","FemaleSong","0.00855969537492181","0.0629655558339774","0.0552415095457942","0.0222091656681094","315","0.29923245857594","0.70076754142406","0.848243334330322","0.151756665669678","0.258790894476902","0.58945243985342","0.0404415640990382","0.11131510157064","3570.65874121"
"temprow.99","100","MeanCoopTie2Noncoop","FemaleSong","0.00855969537492181","0.0629655558339774","0.0552415095457942","0.0222091656681094","315","0.240257936081633","0.759742063918367","0.733838751205296","0.266161248794704","0.192375157772059","0.541463593433236","0.0478827783095735","0.218278470485131","3570.65874121"
"temprow.100","101","MeanCoopTie2Noncoop","FemaleSong","0.00855969537492181","0.0629655558339774","0.0552415095457942","0.0222091656681094","315","0.224381667130248","0.775618332869752","0.819010475288033","0.180989524711967","0.185457077373623","0.63355339791441","0.0389245897566247","0.142064934955342","3570.65874121"
"temprow.101","102","MeanCoopTie2Noncoop","FemaleSong","0.00855969537492181","0.0629655558339774","0.0552415095457942","0.0222091656681094","315","0.242144097170473","0.757855902829527","0.721371175196504","0.278628824803496","0.204045489826106","0.517325685370398","0.0380986073443673","0.240530217459129","3570.65874121"
"temprow.102","103","MeanCoopTie2Noncoop","FemaleSong","0.00855969537492181","0.0629655558339774","0.0552415095457942","0.0222091656681094","315","0.310339387215325","0.689660612784675","0.865652469535273","0.134347530464727","0.268371669258032","0.597280800277241","0.0419677179572926","0.0923798125074348","3570.65874121"
"temprow.103","104","MeanCoopTie2Noncoop","FemaleSong","0.00855969537492181","0.0629655558339774","0.0552415095457942","0.0222091656681094","315","0.215255550868305","0.784744449131695","0.875873399817497","0.124126600182503","0.186942489091795","0.688930910725702","0.0283130617765095","0.0958135384059933","3570.65874121"
"temprow.104","105","MeanCoopTie2Noncoop","FemaleSong","0.00855969537492181","0.0629655558339774","0.0552415095457942","0.0222091656681094","315","0.259556156144688","0.740443843855312","0.870696499513814","0.129303500486186","0.226771546630311","0.643924952883503","0.0327846095143775","0.0965188909718084","3570.65874121"
"temprow.105","106","MeanCoopTie2Noncoop","FemaleSong","0.00855969537492181","0.0629655558339774","0.0552415095457942","0.0222091656681094","315","0.287509780616333","0.712490219383667","0.785118566651539","0.214881433348461","0.206450637299664","0.578667929351876","0.0810591433166693","0.133822290031791","3570.65874121"
"temprow.106","107","MeanCoopTie2Noncoop","FemaleSong","0.00855969537492181","0.0629655558339774","0.0552415095457942","0.0222091656681094","315","0.218110990962966","0.781889009037034","0.802759336804066","0.197240663195934","0.179644465998693","0.623114870805373","0.0384665249642728","0.158774138231661","3570.65874121"
"temprow.107","108","MeanCoopTie2Noncoop","FemaleSong","0.00855969537492181","0.0629655558339774","0.0552415095457942","0.0222091656681094","315","0.290991751935895","0.709008248064105","0.834098743568726","0.165901256431274","0.237077374798189","0.597021368770537","0.0539143771377052","0.111986879293568","3570.65874121"
"temprow.108","109","MeanCoopTie2Noncoop","FemaleSong","0.00855969537492181","0.0629655558339774","0.0552415095457942","0.0222091656681094","315","0.248257552386502","0.751742447613498","0.882047754320566","0.117952245679434","0.222506787039883","0.659540967280683","0.0257507653466196","0.0922014803328141","3570.65874121"
"temprow.109","110","MeanCoopTie2Noncoop","FemaleSong","0.00855969537492181","0.0629655558339774","0.0552415095457942","0.0222091656681094","315","0.262313550895133","0.737686449104867","0.780141662159997","0.219858337840003","0.205278338636916","0.574863323523081","0.0570352122582174","0.162823125581786","3570.65874121"
"temprow.110","111","MeanCoopTie2Noncoop","FemaleSong","0.00855969537492181","0.0629655558339774","0.0552415095457942","0.0222091656681094","315","0.215397906624571","0.784602093375429","0.859501422388986","0.140498577611014","0.180418164942328","0.679083257446658","0.0349797416822426","0.105518835928772","3570.65874121"
"temprow.111","112","MeanCoopTie2Noncoop","FemaleSong","0.00855969537492181","0.0629655558339774","0.0552415095457942","0.0222091656681094","315","0.226233045889118","0.773766954110882","0.887240693292805","0.112759306707196","0.204204345846743","0.683036347446062","0.0220287000423751","0.0907306066648203","3570.65874121"
"temprow.112","113","MeanCoopTie2Noncoop","FemaleSong","0.00855969537492181","0.0629655558339774","0.0552415095457942","0.0222091656681094","315","0.204197193164696","0.795802806835304","0.83131145154721","0.16868854845279","0.177432408869226","0.653879042677985","0.0267647842954702","0.141923764157319","3570.65874121"
"temprow.113","114","MeanCoopTie2Noncoop","FemaleSong","0.00855969537492181","0.0629655558339774","0.0552415095457942","0.0222091656681094","315","0.201597078379874","0.798402921620126","0.748031524869889","0.251968475130111","0.159512446513784","0.588519078356105","0.0420846318660898","0.209883843264021","3570.65874121"
"temprow.114","115","MeanCoopTie2Noncoop","FemaleSong","0.00855969537492181","0.0629655558339774","0.0552415095457942","0.0222091656681094","315","0.256491202764359","0.743508797235641","0.811080951064156","0.188919048935844","0.198143874427645","0.612937076636512","0.0583473283367143","0.13057172059913","3570.65874121"
"temprow.115","116","MeanCoopTie2Noncoop","FemaleSong","0.00855969537492181","0.0629655558339774","0.0552415095457942","0.0222091656681094","315","0.183006805084728","0.816993194915273","0.826069297233085","0.173930702766915","0.167037169544914","0.659032127688172","0.015969635539814","0.157961067227101","3570.65874121"
"temprow.116","117","MeanCoopTie2Noncoop","FemaleSong","0.00855969537492181","0.0629655558339774","0.0552415095457942","0.0222091656681094","315","0.140379444115855","0.859620555884145","0.771667566586016","0.228332433413984","0.112587332185972","0.659080234400045","0.0277921119298832","0.2005403214841","3570.65874121"
"temprow.117","118","MeanCoopTie2Noncoop","FemaleSong","0.00855969537492181","0.0629655558339774","0.0552415095457942","0.0222091656681094","315","0.289941135144169","0.710058864855831","0.695722305458715","0.304277694541285","0.19412851315729","0.501593792301425","0.0958126219868787","0.208465072554406","3570.65874121"
"temprow.118","119","MeanCoopTie2Noncoop","FemaleSong","0.00855969537492181","0.0629655558339774","0.0552415095457942","0.0222091656681094","315","0.286953525307998","0.713046474692002","0.885290327469525","0.114709672530475","0.252335080316257","0.632955247153268","0.0346184449917411","0.0800912275387341","3570.65874121"
"temprow.119","120","MeanCoopTie2Noncoop","FemaleSong","0.00855969537492181","0.0629655558339774","0.0552415095457942","0.0222091656681094","315","0.169910165746733","0.830089834253268","0.913000928558274","0.086999071441726","0.137962872578655","0.775038055979619","0.0319472931680771","0.0550517782736488","3570.65874121"
"temprow.120","121","MeanCoopTie2Noncoop","FemaleSong","0.00855969537492181","0.0629655558339774","0.0552415095457942","0.0222091656681094","315","0.27616088670588","0.72383911329412","0.900361423624348","0.0996385763756521","0.25086311882577","0.649498304798578","0.0252977678801093","0.0743408084955428","3570.65874121"
"temprow.121","122","MeanCoopTie2Noncoop","FemaleSong","0.00855969537492181","0.0629655558339774","0.0552415095457942","0.0222091656681094","315","0.272936355595036","0.727063644404964","0.879025417680097","0.120974582319903","0.239319608229961","0.639705809450135","0.0336167473650747","0.0873578349548287","3570.65874121"
"temprow.122","123","MeanCoopTie2Noncoop","FemaleSong","0.00855969537492181","0.0629655558339774","0.0552415095457942","0.0222091656681094","315","0.242192032807063","0.757807967192937","0.870323316765875","0.129676683234125","0.210254020910914","0.66006929585496","0.031938011896149","0.0977386713379761","3570.65874121"
"temprow.123","124","MeanCoopTie2Noncoop","FemaleSong","0.00855969537492181","0.0629655558339774","0.0552415095457942","0.0222091656681094","315","0.250834373778904","0.749165626221096","0.854925663206746","0.145074336793254","0.207545248544865","0.647380414661881","0.0432891252340388","0.101785211559215","3570.65874121"
"temprow.124","125","MeanCoopTie2Noncoop","FemaleSong","0.00855969537492181","0.0629655558339774","0.0552415095457942","0.0222091656681094","315","0.279269799025659","0.720730200974341","0.803821763994533","0.196178236005467","0.19369331626511","0.610128447729422","0.0855764827605479","0.110601753244919","3570.65874121"
"temprow.125","126","MeanCoopTie2Noncoop","FemaleSong","0.00855969537492181","0.0629655558339774","0.0552415095457942","0.0222091656681094","315","0.294143104575516","0.705856895424484","0.930043220534508","0.0699567794654916","0.272709367741237","0.657333852793271","0.0214337368342786","0.0485230426312131","3570.65874121"
"temprow.126","127","MeanCoopTie2Noncoop","FemaleSong","0.00855969537492181","0.0629655558339774","0.0552415095457942","0.0222091656681094","315","0.259998594245439","0.740001405754561","0.878449126342214","0.121550873657787","0.233307594045787","0.645141532296426","0.0266910001996513","0.0948598734581352","3570.65874121"
"temprow.127","128","MeanCoopTie2Noncoop","FemaleSong","0.00855969537492181","0.0629655558339774","0.0552415095457942","0.0222091656681094","315","0.276479669175828","0.723520330824172","0.741965204100372","0.258034795899628","0.186800499486666","0.555164704613706","0.0896791696891615","0.168355626210466","3570.65874121"
"temprow.128","129","MeanCoopTie2Noncoop","FemaleSong","0.00855969537492181","0.0629655558339774","0.0552415095457942","0.0222091656681094","315","0.264029554803822","0.735970445196178","0.846305459832526","0.153694540167474","0.224246315778763","0.622059144053763","0.0397832390250583","0.113911301142416","3570.65874121"
"temprow.129","130","MeanCoopTie2Noncoop","FemaleSong","0.00855969537492181","0.0629655558339774","0.0552415095457942","0.0222091656681094","315","0.368317526134424","0.631682473865576","0.830221615371955","0.169778384628045","0.317680552088572","0.512541063283384","0.050636974045852","0.119141410582193","3570.65874121"
"temprow.130","131","MeanCoopTie2Noncoop","FemaleSong","0.00855969537492181","0.0629655558339774","0.0552415095457942","0.0222091656681094","315","0.281618908914046","0.718381091085954","0.837689682621763","0.162310317378237","0.251935722246327","0.585753960375436","0.0296831866677186","0.132627130710519","3570.65874121"
"temprow.131","132","MeanCoopTie2Noncoop","FemaleSong","0.00855969537492181","0.0629655558339774","0.0552415095457942","0.0222091656681094","315","0.203631505046742","0.796368494953258","0.786445092448338","0.213554907551662","0.165513606226207","0.620931486222131","0.0381178988205355","0.175437008731126","3570.65874121"
"temprow.132","133","MeanCoopTie2Noncoop","FemaleSong","0.00855969537492181","0.0629655558339774","0.0552415095457942","0.0222091656681094","315","0.200098868153643","0.799901131846357","0.858996510556643","0.141003489443357","0.151341734759502","0.707654775797141","0.0487571333941407","0.0922463560492166","3570.65874121"
"temprow.133","134","MeanCoopTie2Noncoop","FemaleSong","0.00855969537492181","0.0629655558339774","0.0552415095457942","0.0222091656681094","315","0.209046466417805","0.790953533582195","0.745129541622935","0.254870458377065","0.144606975885237","0.600522565737698","0.0644394905325677","0.190430967844498","3570.65874121"
"temprow.134","135","MeanCoopTie2Noncoop","FemaleSong","0.00855969537492181","0.0629655558339774","0.0552415095457942","0.0222091656681094","315","0.230115154730456","0.769884845269544","0.8629502887305","0.1370497112695","0.206267115713851","0.656683173016649","0.0238480390166056","0.113201672252894","3570.65874121"
"temprow.135","136","MeanCoopTie2Noncoop","FemaleSong","0.00855969537492181","0.0629655558339774","0.0552415095457942","0.0222091656681094","315","0.240106790127363","0.759893209872637","0.889645572521633","0.110354427478367","0.203355944776524","0.686289627745109","0.0367508453508394","0.0736035821275275","3570.65874121"
"temprow.136","137","MeanCoopTie2Noncoop","FemaleSong","0.00855969537492181","0.0629655558339774","0.0552415095457942","0.0222091656681094","315","0.287609142375032","0.712390857624968","0.717887801900141","0.282112198099859","0.221753230529113","0.496134571371027","0.0658559118459182","0.216256286253941","3570.65874121"
"temprow.137","138","MeanCoopTie2Noncoop","FemaleSong","0.00855969537492181","0.0629655558339774","0.0552415095457942","0.0222091656681094","315","0.23909190047593","0.76090809952407","0.794560742860443","0.205439257139557","0.196328099801599","0.598232643058844","0.0427638006743312","0.162675456465226","3570.65874121"
"temprow.138","139","MeanCoopTie2Noncoop","FemaleSong","0.00855969537492181","0.0629655558339774","0.0552415095457942","0.0222091656681094","315","0.201514816043879","0.798485183956121","0.775699428120521","0.224300571879479","0.171043542367771","0.60465588575275","0.0304712736761084","0.19382929820337","3570.65874121"
"temprow.139","140","MeanCoopTie2Noncoop","FemaleSong","0.00855969537492181","0.0629655558339774","0.0552415095457942","0.0222091656681094","315","0.16721490253667","0.832785097463331","0.757867688321246","0.242132311678754","0.149310497804773","0.608557190516473","0.0179044047318963","0.224227906946858","3570.65874121"
"temprow.140","141","MeanCoopTie2Noncoop","FemaleSong","0.00855969537492181","0.0629655558339774","0.0552415095457942","0.0222091656681094","315","0.238695784567394","0.761304215432606","0.770530433486969","0.229469566513031","0.193541489037313","0.576988944449656","0.0451542955300808","0.18431527098295","3570.65874121"
"temprow.141","142","MeanCoopTie2Noncoop","FemaleSong","0.00855969537492181","0.0629655558339774","0.0552415095457942","0.0222091656681094","315","0.203219637259107","0.796780362740893","0.789019277514568","0.210980722485432","0.15945975740022","0.629559520114348","0.0437598798588875","0.167220842626545","3570.65874121"
"temprow.142","143","MeanCoopTie2Noncoop","FemaleSong","0.00855969537492181","0.0629655558339774","0.0552415095457942","0.0222091656681094","315","0.272628283293638","0.727371716706362","0.845598175391797","0.154401824608203","0.257797036931045","0.587801138460753","0.0148312463625929","0.13957057824561","3570.65874121"
"temprow.143","144","MeanCoopTie2Noncoop","FemaleSong","0.00855969537492181","0.0629655558339774","0.0552415095457942","0.0222091656681094","315","0.225586842330189","0.774413157669811","0.760628271611043","0.239371728388957","0.160320458073799","0.600307813537244","0.0652663842563899","0.174105344132567","3570.65874121"
"temprow.144","145","MeanCoopTie2Noncoop","FemaleSong","0.00855969537492181","0.0629655558339774","0.0552415095457942","0.0222091656681094","315","0.320885230548249","0.679114769451751","0.870179995796087","0.129820004203913","0.286392033522142","0.583787962273945","0.0344931970261069","0.0953268071778057","3570.65874121"
"temprow.145","146","MeanCoopTie2Noncoop","FemaleSong","0.00855969537492181","0.0629655558339774","0.0552415095457942","0.0222091656681094","315","0.275652475757594","0.724347524242406","0.822454244577999","0.177545755422001","0.210324478772141","0.612129765805859","0.0653279969854527","0.112217758436548","3570.65874121"
"temprow.146","147","MeanCoopTie2Noncoop","FemaleSong","0.00855969537492181","0.0629655558339774","0.0552415095457942","0.0222091656681094","315","0.331288487286445","0.668711512713555","0.812621144395554","0.187378855604446","0.26528001160806","0.547341132787494","0.0660084756783857","0.121370379926061","3570.65874121"
"temprow.147","148","MeanCoopTie2Noncoop","FemaleSong","0.00855969537492181","0.0629655558339774","0.0552415095457942","0.0222091656681094","315","0.258953292189851","0.741046707810149","0.888129084387523","0.111870915612477","0.23371710695615","0.654411977431373","0.0252361852337013","0.086634730378776","3570.65874121"
"temprow.148","149","MeanCoopTie2Noncoop","FemaleSong","0.00855969537492181","0.0629655558339774","0.0552415095457942","0.0222091656681094","315","0.286045307007203","0.713954692992797","0.854110310342621","0.145889689657379","0.238489465614712","0.615620844727908","0.0475558413924907","0.0983338482648886","3570.65874121"
"temprow.149","150","MeanCoopTie2Noncoop","FemaleSong","0.00855969537492181","0.0629655558339774","0.0552415095457942","0.0222091656681094","315","0.20738806761403","0.79261193238597","0.715253666369212","0.284746333630788","0.147149174519165","0.568104491850047","0.0602388930948644","0.224507440535923","3570.65874121"
"temprow.150","151","MeanCoopTie2Noncoop","FemaleSong","0.00855969537492181","0.0629655558339774","0.0552415095457942","0.0222091656681094","315","0.153322060626752","0.846677939373248","0.886254182201327","0.113745817798673","0.139277407123975","0.746976775077352","0.0140446535027767","0.0997011642958964","3570.65874121"
"temprow.151","152","MeanCoopTie2Noncoop","FemaleSong","0.00855969537492181","0.0629655558339774","0.0552415095457942","0.0222091656681094","315","0.199897978993061","0.800102021006939","0.883773628097371","0.116226371902629","0.177287978141696","0.706485649955676","0.0226100008513658","0.0936163710512627","3570.65874121"
"temprow.152","153","MeanCoopTie2Noncoop","FemaleSong","0.00855969537492181","0.0629655558339774","0.0552415095457942","0.0222091656681094","315","0.209062941023458","0.790937058976542","0.767255183838621","0.232744816161379","0.173175343782298","0.594079840056324","0.0358875972411605","0.196857218920218","3570.65874121"
"temprow.153","154","MeanCoopTie2Noncoop","FemaleSong","0.00855969537492181","0.0629655558339774","0.0552415095457942","0.0222091656681094","315","0.230650653434055","0.769349346565945","0.777949394588369","0.222050605411631","0.189766083896301","0.588183310692068","0.0408845695377541","0.181166035873877","3570.65874121"
"temprow.154","155","MeanCoopTie2Noncoop","FemaleSong","0.00855969537492181","0.0629655558339774","0.0552415095457942","0.0222091656681094","315","0.15103737987205","0.84896262012795","0.832967568456987","0.167032431543013","0.117502251543852","0.715465316913135","0.0335351283281978","0.133497303214815","3570.65874121"
"temprow.155","156","MeanCoopTie2Noncoop","FemaleSong","0.00855969537492181","0.0629655558339774","0.0552415095457942","0.0222091656681094","315","0.213187637606637","0.786812362393363","0.807562613499396","0.192437386500604","0.168134670106594","0.639427943392802","0.0450529675000432","0.147384419000561","3570.65874121"
"temprow.156","157","MeanCoopTie2Noncoop","FemaleSong","0.00855969537492181","0.0629655558339774","0.0552415095457942","0.0222091656681094","315","0.197251842876041","0.802748157123959","0.863631676316692","0.136368323683308","0.162818689396033","0.700812986920659","0.0344331534800074","0.1019351702033","3570.65874121"
"temprow.157","158","MeanCoopTie2Noncoop","FemaleSong","0.00855969537492181","0.0629655558339774","0.0552415095457942","0.0222091656681094","315","0.207262348923268","0.792737651076732","0.796854597934911","0.203145402065089","0.164774769774737","0.632079828160174","0.0424875791485307","0.160657822916559","3570.65874121"
"temprow.158","159","MeanCoopTie2Noncoop","FemaleSong","0.00855969537492181","0.0629655558339774","0.0552415095457942","0.0222091656681094","315","0.27094046590237","0.72905953409763","0.818163660084652","0.181836339915348","0.205788558156374","0.612375101928279","0.0651519077459957","0.116684432169352","3570.65874121"
"temprow.159","160","MeanCoopTie2Noncoop","FemaleSong","0.00855969537492181","0.0629655558339774","0.0552415095457942","0.0222091656681094","315","0.273430281192173","0.726569718807827","0.911689182189251","0.0883108178107489","0.249955585312134","0.661733596877117","0.0234746958800392","0.0648361219307096","3570.65874121"
"temprow.160","161","MeanCoopTie2Noncoop","FemaleSong","0.00855969537492181","0.0629655558339774","0.0552415095457942","0.0222091656681094","315","0.247308019859346","0.752691980140654","0.891889367066408","0.108110632933593","0.215414825768631","0.676474541297776","0.0318931940907142","0.0762174388428783","3570.65874121"
"temprow.161","162","MeanCoopTie2Noncoop","FemaleSong","0.00855969537492181","0.0629655558339774","0.0552415095457942","0.0222091656681094","315","0.211293061277946","0.788706938722054","0.832893253669463","0.167106746330537","0.178232511677993","0.65466074199147","0.0330605495999531","0.134046196730584","3570.65874121"
"temprow.162","163","MeanCoopTie2Noncoop","FemaleSong","0.00855969537492181","0.0629655558339774","0.0552415095457942","0.0222091656681094","315","0.293526719287791","0.706473280712209","0.857635195914923","0.142364804085078","0.254836769765739","0.602798426149183","0.038689949522052","0.103674854563026","3570.65874121"
"temprow.163","164","MeanCoopTie2Noncoop","FemaleSong","0.00855969537492181","0.0629655558339774","0.0552415095457942","0.0222091656681094","315","0.235557156849423","0.764442843150578","0.849105895273251","0.150894104726749","0.193538848439602","0.655567046833648","0.0420183084098201","0.108875796316929","3570.65874121"
"temprow.164","165","MeanCoopTie2Noncoop","FemaleSong","0.00855969537492181","0.0629655558339774","0.0552415095457942","0.0222091656681094","315","0.199197670091255","0.800802329908745","0.854142901745247","0.145857098254753","0.174650860492858","0.679492041252389","0.0245468095983963","0.121310288656356","3570.65874121"
"temprow.165","166","MeanCoopTie2Noncoop","FemaleSong","0.00855969537492181","0.0629655558339774","0.0552415095457942","0.0222091656681094","315","0.311268327943296","0.688731672056704","0.843457740310819","0.156542259689181","0.268807317420684","0.574650422890135","0.0424610105226124","0.114081249166569","3570.65874121"
"temprow.166","167","MeanCoopTie2Noncoop","FemaleSong","0.00855969537492181","0.0629655558339774","0.0552415095457942","0.0222091656681094","315","0.307592700081636","0.692407299918364","0.848689855564781","0.151310144435219","0.251721450117226","0.596968405447554","0.0558712499644102","0.0954388944708092","3570.65874121"
"temprow.167","168","MeanCoopTie2Noncoop","FemaleSong","0.00855969537492181","0.0629655558339774","0.0552415095457942","0.0222091656681094","315","0.292032474386513","0.707967525613487","0.858558521021","0.141441478979","0.260450036312028","0.598108484708972","0.0315824380744854","0.109859040904515","3570.65874121"
"temprow.168","169","MeanCoopTie2Noncoop","FemaleSong","0.00855969537492181","0.0629655558339774","0.0552415095457942","0.0222091656681094","315","0.243657281299214","0.756342718700787","0.820142216848329","0.179857783151671","0.185371265032854","0.634770951815476","0.0582860162663601","0.12157176688531","3570.65874121"
"temprow.169","170","MeanCoopTie2Noncoop","FemaleSong","0.00855969537492181","0.0629655558339774","0.0552415095457942","0.0222091656681094","315","0.337536294627176","0.662463705372824","0.911885904357377","0.0881140956426227","0.309611485754097","0.60227441860328","0.0279248088730789","0.0601892867695439","3570.65874121"
"temprow.170","171","MeanCoopTie2Noncoop","FemaleSong","0.00855969537492181","0.0629655558339774","0.0552415095457942","0.0222091656681094","315","0.283966070658126","0.716033929341874","0.863495441316294","0.136504558683706","0.237620253956553","0.625875187359741","0.0463458167015724","0.0901587419821335","3570.65874121"
"temprow.171","172","MeanCoopTie2Noncoop","FemaleSong","0.00855969537492181","0.0629655558339774","0.0552415095457942","0.0222091656681094","315","0.266500368811153","0.733499631188847","0.889795608506595","0.110204391493405","0.239433604708084","0.650362003798511","0.0270667641030695","0.0831376273903356","3570.65874121"
"temprow.172","173","MeanCoopTie2Noncoop","FemaleSong","0.00855969537492181","0.0629655558339774","0.0552415095457942","0.0222091656681094","315","0.191812685550704","0.808187314449296","0.781906030740486","0.218093969259514","0.136265642593698","0.645640388146787","0.0555470429570061","0.162546926302508","3570.65874121"
"temprow.173","174","MeanCoopTie2Noncoop","FemaleSong","0.00855969537492181","0.0629655558339774","0.0552415095457942","0.0222091656681094","315","0.206273702501364","0.793726297498636","0.87555719115907","0.12444280884093","0.18062732272826","0.694929868430811","0.0256463797731041","0.0987964290678259","3570.65874121"
"temprow.174","175","MeanCoopTie2Noncoop","FemaleSong","0.00855969537492181","0.0629655558339774","0.0552415095457942","0.0222091656681094","315","0.211301793280429","0.788698206719571","0.82480238549809","0.17519761450191","0.170639984311171","0.65416240118692","0.0406618089692586","0.134535805532651","3570.65874121"
"temprow.175","176","MeanCoopTie2Noncoop","FemaleSong","0.00855969537492181","0.0629655558339774","0.0552415095457942","0.0222091656681094","315","0.236964967306909","0.763035032693092","0.704057407178453","0.295942592821547","0.157374612624168","0.546682794554285","0.0795903546827405","0.216352238138806","3570.65874121"
"temprow.176","177","MeanCoopTie2Noncoop","FemaleSong","0.00855969537492181","0.0629655558339774","0.0552415095457942","0.0222091656681094","315","0.234259596905497","0.765740403094503","0.845468038757923","0.154531961242077","0.198058959500042","0.647409079257881","0.0362006374054548","0.118331323836622","3570.65874121"
"temprow.177","178","MeanCoopTie2Noncoop","FemaleSong","0.00855969537492181","0.0629655558339774","0.0552415095457942","0.0222091656681094","315","0.229529180162003","0.770470819837997","0.797300147628563","0.202699852371436","0.180991532462948","0.616308615165615","0.0485376476990542","0.154162204672382","3570.65874121"
"temprow.178","179","MeanCoopTie2Noncoop","FemaleSong","0.00855969537492181","0.0629655558339774","0.0552415095457942","0.0222091656681094","315","0.223931648753059","0.776068351246941","0.769520238586628","0.230479761413373","0.160091483887553","0.609428754699074","0.0638401648655062","0.166639596547866","3570.65874121"
"temprow.179","180","MeanCoopTie2Noncoop","FemaleSong","0.00855969537492181","0.0629655558339774","0.0552415095457942","0.0222091656681094","315","0.19056614685846","0.80943385314154","0.817901987155193","0.182098012844807","0.161487585358496","0.656414401796697","0.0290785614999634","0.153019451344844","3570.65874121"
"temprow.180","181","MeanCoopTie2Noncoop","FemaleSong","0.00855969537492181","0.0629655558339774","0.0552415095457942","0.0222091656681094","315","0.232509748738203","0.767490251261798","0.851819357955839","0.148180642044161","0.188722112362824","0.663097245593016","0.0437876363753785","0.104393005668782","3570.65874121"
"temprow.181","182","MeanCoopTie2Noncoop","FemaleSong","0.00855969537492181","0.0629655558339774","0.0552415095457942","0.0222091656681094","315","0.251507918205814","0.748492081794186","0.817412724596546","0.182587275403454","0.21397296466338","0.603439759933166","0.037534953542434","0.14505232186102","3570.65874121"
"temprow.182","183","MeanCoopTie2Noncoop","FemaleSong","0.00855969537492181","0.0629655558339774","0.0552415095457942","0.0222091656681094","315","0.250987490701749","0.749012509298251","0.821721591933421","0.178278408066579","0.204162845286586","0.617558746646836","0.0468246454151631","0.131453762651416","3570.65874121"
"temprow.183","184","MeanCoopTie2Noncoop","FemaleSong","0.00855969537492181","0.0629655558339774","0.0552415095457942","0.0222091656681094","315","0.238430394493632","0.761569605506368","0.785196605848051","0.214803394151949","0.191965845018095","0.593230760829956","0.0464645494755369","0.168338844676412","3570.65874121"
"temprow.184","185","MeanCoopTie2Noncoop","FemaleSong","0.00855969537492181","0.0629655558339774","0.0552415095457942","0.0222091656681094","315","0.233078038356236","0.766921961643764","0.816239829386152","0.183760170613848","0.180665643209944","0.635574186176208","0.0524123951462913","0.131347775467556","3570.65874121"
"temprow.185","186","MeanCoopTie2Noncoop","FemaleSong","0.00855969537492181","0.0629655558339774","0.0552415095457942","0.0222091656681094","315","0.271283061184172","0.728716938815828","0.7477127247591","0.2522872752409","0.193652564191843","0.554060160567257","0.0776304969923284","0.174656778248572","3570.65874121"
"temprow.186","187","MeanCoopTie2Noncoop","FemaleSong","0.00855969537492181","0.0629655558339774","0.0552415095457942","0.0222091656681094","315","0.248742099225019","0.751257900774981","0.833618239307358","0.166381760692642","0.204772559614654","0.628845679692704","0.0439695396103657","0.122412221082277","3570.65874121"
"temprow.187","188","MeanCoopTie2Noncoop","FemaleSong","0.00855969537492181","0.0629655558339774","0.0552415095457942","0.0222091656681094","315","0.248124764204379","0.751875235795621","0.826858872735338","0.173141127264662","0.218650846514964","0.608208026220374","0.0294739176894149","0.143667209575247","3570.65874121"
"temprow.188","189","MeanCoopTie2Noncoop","FemaleSong","0.00855969537492181","0.0629655558339774","0.0552415095457942","0.0222091656681094","315","0.291046352984829","0.708953647015171","0.828140607859087","0.171859392140913","0.255401072125734","0.572739535733353","0.0356452808590952","0.136214111281818","3570.65874121"
"temprow.189","190","MeanCoopTie2Noncoop","FemaleSong","0.00855969537492181","0.0629655558339774","0.0552415095457942","0.0222091656681094","315","0.246468932622361","0.753531067377639","0.726396963902727","0.273603036097273","0.184587782462269","0.541809181440458","0.0618811501600926","0.21172188593718","3570.65874121"
"temprow.190","191","MeanCoopTie2Noncoop","FemaleSong","0.00855969537492181","0.0629655558339774","0.0552415095457942","0.0222091656681094","315","0.248097400328422","0.751902599671578","0.881590643981225","0.118409356018775","0.206994851014412","0.674595792966813","0.0411025493140105","0.0773068067047644","3570.65874121"
"temprow.191","192","MeanCoopTie2Noncoop","FemaleSong","0.00855969537492181","0.0629655558339774","0.0552415095457942","0.0222091656681094","315","0.240232077422902","0.759767922577098","0.825320457383306","0.174679542616694","0.197680461524895","0.627639995858411","0.0425516158980074","0.132127926718687","3570.65874121"
"temprow.192","193","MeanCoopTie2Noncoop","FemaleSong","0.00855969537492181","0.0629655558339774","0.0552415095457942","0.0222091656681094","315","0.270214602930843","0.729785397069157","0.736670105156522","0.263329894843478","0.166081541608427","0.570588563548095","0.104133061322415","0.159196833521063","3570.65874121"
"temprow.193","194","MeanCoopTie2Noncoop","FemaleSong","0.00855969537492181","0.0629655558339774","0.0552415095457942","0.0222091656681094","315","0.236123206343609","0.763876793656391","0.869821542540852","0.130178457459148","0.206508626638772","0.66331291590208","0.0296145797048371","0.100563877754311","3570.65874121"
"temprow.194","195","MeanCoopTie2Noncoop","FemaleSong","0.00855969537492181","0.0629655558339774","0.0552415095457942","0.0222091656681094","315","0.188387435080595","0.811612564919405","0.831559221208221","0.168440778791779","0.159711745308112","0.671847475900109","0.0286756897724828","0.139765089019296","3570.65874121"
"temprow.195","196","MeanCoopTie2Noncoop","FemaleSong","0.00855969537492181","0.0629655558339774","0.0552415095457942","0.0222091656681094","315","0.245669684910305","0.754330315089695","0.736363488125183","0.263636511874817","0.182771603927829","0.553591884197354","0.0628980809824764","0.200738430892341","3570.65874121"
"temprow.196","197","MeanCoopTie2Noncoop","FemaleSong","0.00855969537492181","0.0629655558339774","0.0552415095457942","0.0222091656681094","315","0.242766900714744","0.757233099285256","0.83524081634138","0.16475918365862","0.215486891454387","0.619753924886993","0.0272800092603569","0.137479174398263","3570.65874121"
"temprow.197","198","MeanCoopTie2Noncoop","FemaleSong","0.00855969537492181","0.0629655558339774","0.0552415095457942","0.0222091656681094","315","0.224447932460501","0.775552067539499","0.871191216974934","0.128808783025066","0.182502131031388","0.688689085943546","0.0419458014291127","0.0868629815959533","3570.65874121"
"temprow.198","199","MeanCoopTie2Noncoop","FemaleSong","0.00855969537492181","0.0629655558339774","0.0552415095457942","0.0222091656681094","315","0.232499603677387","0.767500396322613","0.844400673611871","0.155599326388129","0.197020997309451","0.647379676302421","0.0354786063679362","0.120120720020193","3570.65874121"
"temprow.199","200","MeanCoopTie2Noncoop","FemaleSong","0.00855969537492181","0.0629655558339774","0.0552415095457942","0.0222091656681094","315","0.183958811197553","0.816041188802447","0.732153667380913","0.267846332619087","0.138873835327052","0.593279832053861","0.045084975870501","0.222761356748586","3570.65874121"
"temprow.200","201","MeanCoopTie2Noncoop","FemaleSong","0.00855969537492181","0.0629655558339774","0.0552415095457942","0.0222091656681094","315","0.230725771254466","0.769274228745535","0.772029681432795","0.227970318567205","0.167011269119698","0.605018412313097","0.0637145021347675","0.164255816432437","3570.65874121"
"temprow.201","202","MeanCoopTie2Noncoop","FemaleSong","0.00855969537492181","0.0629655558339774","0.0552415095457942","0.0222091656681094","315","0.339210349484389","0.660789650515612","0.863961621194957","0.136038378805043","0.296985848788137","0.56697577240682","0.0422245006962512","0.0938138781087913","3570.65874121"
"temprow.202","203","MeanCoopTie2Noncoop","FemaleSong","0.00855969537492181","0.0629655558339774","0.0552415095457942","0.0222091656681094","315","0.239172031701761","0.760827968298239","0.859705460440571","0.140294539559429","0.211510506567461","0.64819495387311","0.0276615251342998","0.11263301442513","3570.65874121"
"temprow.203","204","MeanCoopTie2Noncoop","FemaleSong","0.00855969537492181","0.0629655558339774","0.0552415095457942","0.0222091656681094","315","0.24068022273195","0.759319777268051","0.829526379064471","0.170473620935529","0.193868211457004","0.635658167607466","0.046812011274945","0.123661609660584","3570.65874121"
"temprow.204","205","MeanCoopTie2Noncoop","FemaleSong","0.00855969537492181","0.0629655558339774","0.0552415095457942","0.0222091656681094","315","0.199092648339811","0.800907351660189","0.855057037001425","0.144942962998575","0.168225012151766","0.686832024849659","0.0308676361880452","0.11407532681053","3570.65874121"
"temprow.205","206","MeanCoopTie2Noncoop","FemaleSong","0.00855969537492181","0.0629655558339774","0.0552415095457942","0.0222091656681094","315","0.218706284755799","0.781293715244201","0.809628611522295","0.190371388477705","0.171023307427758","0.638605304094537","0.0476829773280413","0.142688411149664","3570.65874121"
"temprow.206","207","MeanCoopTie2Noncoop","FemaleSong","0.00855969537492181","0.0629655558339774","0.0552415095457942","0.0222091656681094","315","0.212439992407724","0.787560007592276","0.853103635957914","0.146896364042086","0.186653348316226","0.666450287641688","0.0257866440914976","0.121109719950588","3570.65874121"
"temprow.207","208","MeanCoopTie2Noncoop","FemaleSong","0.00855969537492181","0.0629655558339774","0.0552415095457942","0.0222091656681094","315","0.15989894069341","0.84010105930659","0.88468799531844","0.11531200468156","0.137520201890141","0.747167793428299","0.0223787388032694","0.092933265878291","3570.65874121"
"temprow.208","209","MeanCoopTie2Noncoop","FemaleSong","0.00855969537492181","0.0629655558339774","0.0552415095457942","0.0222091656681094","315","0.225490930992002","0.774509069007998","0.712318934970184","0.287681065029817","0.164490561729223","0.54782837324096","0.0610003692627789","0.226680695767038","3570.65874121"
"temprow.209","210","MeanCoopTie2Noncoop","FemaleSong","0.00855969537492181","0.0629655558339774","0.0552415095457942","0.0222091656681094","315","0.199482235600963","0.800517764399037","0.891552121479438","0.108447878520562","0.171180223354011","0.720371898125427","0.0283020122469523","0.0801458662736097","3570.65874121"
"temprow.210","211","MeanCoopTie2Noncoop","FemaleSong","0.00855969537492181","0.0629655558339774","0.0552415095457942","0.0222091656681094","315","0.246974666231668","0.753025333768332","0.734523867536576","0.265476132463424","0.184681733618601","0.549842133917976","0.0622929326130674","0.203183199850356","3570.65874121"
"temprow.211","212","MeanCoopTie2Noncoop","FemaleSong","0.00855969537492181","0.0629655558339774","0.0552415095457942","0.0222091656681094","315","0.227842212456356","0.772157787543644","0.811107350062898","0.188892649937102","0.176925801465856","0.634181548597043","0.0509164109905005","0.137976238946601","3570.65874121"
"temprow.212","213","MeanCoopTie2Noncoop","FemaleSong","0.00855969537492181","0.0629655558339774","0.0552415095457942","0.0222091656681094","315","0.228380942872123","0.771619057127877","0.7334461079856","0.2665538920144","0.170101971352385","0.563344136633215","0.0582789715197381","0.208274920494662","3570.65874121"
"temprow.213","214","MeanCoopTie2Noncoop","FemaleSong","0.00855969537492181","0.0629655558339774","0.0552415095457942","0.0222091656681094","315","0.20680075619984","0.79319924380016","0.854579074930127","0.145420925069873","0.18020008136789","0.674378993562237","0.0266006748319502","0.118820250237923","3570.65874121"
"temprow.214","215","MeanCoopTie2Noncoop","FemaleSong","0.00855969537492181","0.0629655558339774","0.0552415095457942","0.0222091656681094","315","0.22302380950605","0.77697619049395","0.861549693597742","0.138450306402258","0.198115534460457","0.663434159137285","0.0249082750455931","0.113542031356665","3570.65874121"
"temprow.215","216","MeanCoopTie2Noncoop","FemaleSong","0.00855969537492181","0.0629655558339774","0.0552415095457942","0.0222091656681094","315","0.221026976260358","0.778973023739643","0.824043052246935","0.175956947753065","0.167080382613153","0.656962669633783","0.0539465936472047","0.12201035410586","3570.65874121"
"temprow.216","217","MeanCoopTie2Noncoop","FemaleSong","0.00855969537492181","0.0629655558339774","0.0552415095457942","0.0222091656681094","315","0.297816175370178","0.702183824629822","0.833087643547839","0.166912356452162","0.251668778826396","0.581418864721443","0.0461473965437827","0.120764959908379","3570.65874121"
"temprow.217","218","MeanCoopTie2Noncoop","FemaleSong","0.00855969537492181","0.0629655558339774","0.0552415095457942","0.0222091656681094","315","0.239774658063162","0.760225341936838","0.840491116673411","0.159508883326589","0.201023261610241","0.639467855063171","0.0387513964529216","0.120757486873667","3570.65874121"
"temprow.218","219","MeanCoopTie2Noncoop","FemaleSong","0.00855969537492181","0.0629655558339774","0.0552415095457942","0.0222091656681094","315","0.202831097232666","0.797168902767334","0.84825467516211","0.15174532483789","0.165289912735997","0.682964762426113","0.037541184496669","0.114204140341221","3570.65874121"
"temprow.219","220","MeanCoopTie2Noncoop","FemaleSong","0.00855969537492181","0.0629655558339774","0.0552415095457942","0.0222091656681094","315","0.258134264200755","0.741865735799245","0.858401052253233","0.141598947746767","0.231031484820667","0.627369567432566","0.027102779380088","0.114496168366679","3570.65874121"
"temprow.220","221","MeanCoopTie2Noncoop","FemaleSong","0.00855969537492181","0.0629655558339774","0.0552415095457942","0.0222091656681094","315","0.178807171512101","0.821192828487899","0.800630282709855","0.199369717290145","0.165044850910925","0.63558543179893","0.0137623206011754","0.185607396688969","3570.65874121"
"temprow.221","222","MeanCoopTie2Noncoop","FemaleSong","0.00855969537492181","0.0629655558339774","0.0552415095457942","0.0222091656681094","315","0.26775165260489","0.73224834739511","0.866027618517202","0.133972381482798","0.2335650331761","0.632462585341103","0.0341866194287902","0.0997857620540078","3570.65874121"
"temprow.222","223","MeanCoopTie2Noncoop","FemaleSong","0.00855969537492181","0.0629655558339774","0.0552415095457942","0.0222091656681094","315","0.270596296696451","0.729403703303549","0.881402728922355","0.118597271077645","0.234167196098844","0.647235532823511","0.036429100597606","0.082168170480039","3570.65874121"
"temprow.223","224","MeanCoopTie2Noncoop","FemaleSong","0.00855969537492181","0.0629655558339774","0.0552415095457942","0.0222091656681094","315","0.203538035543448","0.796461964456552","0.894630397668659","0.105369602331341","0.177701362406232","0.716929035262428","0.0258366731372165","0.0795329291941241","3570.65874121"
"temprow.224","225","MeanCoopTie2Noncoop","FemaleSong","0.00855969537492181","0.0629655558339774","0.0552415095457942","0.0222091656681094","315","0.22734313972928","0.77265686027072","0.826893787578619","0.173106212421381","0.167776635724795","0.659117151853824","0.0595665040044851","0.113539708416896","3570.65874121"
"temprow.225","226","MeanCoopTie2Noncoop","FemaleSong","0.00855969537492181","0.0629655558339774","0.0552415095457942","0.0222091656681094","315","0.169305887363202","0.830694112636798","0.809242736473323","0.190757263526677","0.142482427517519","0.666760308955805","0.0268234598456831","0.163933803680993","3570.65874121"
"temprow.226","227","MeanCoopTie2Noncoop","FemaleSong","0.00855969537492181","0.0629655558339774","0.0552415095457942","0.0222091656681094","315","0.206499068811955","0.793500931188045","0.856926178211504","0.143073821788497","0.175223843410069","0.681702334801434","0.0312752254018858","0.111798596386611","3570.65874121"
"temprow.227","228","MeanCoopTie2Noncoop","FemaleSong","0.00855969537492181","0.0629655558339774","0.0552415095457942","0.0222091656681094","315","0.241830075295947","0.758169924704053","0.908233358417088","0.0917666415829123","0.22309402530026","0.685139333116828","0.018736049995687","0.0730305915872253","3570.65874121"
"temprow.228","229","MeanCoopTie2Noncoop","FemaleSong","0.00855969537492181","0.0629655558339774","0.0552415095457942","0.0222091656681094","315","0.226868429138183","0.773131570861817","0.867568944905932","0.132431055094068","0.202065951648068","0.665502993257863","0.0248024774901151","0.107628577603953","3570.65874121"
"temprow.229","230","MeanCoopTie2Noncoop","FemaleSong","0.00855969537492181","0.0629655558339774","0.0552415095457942","0.0222091656681094","315","0.18593689890983","0.81406310109017","0.856311488974719","0.143688511025282","0.158396719582504","0.697914769392214","0.0275401793273259","0.116148331697956","3570.65874121"
"temprow.230","231","MeanCoopTie2Noncoop","FemaleSong","0.00855969537492181","0.0629655558339774","0.0552415095457942","0.0222091656681094","315","0.378617588529298","0.621382411470702","0.834372979414586","0.165627020585414","0.316133073772072","0.518239905642515","0.0624845147572266","0.103142505828187","3570.65874121"
"temprow.231","232","MeanCoopTie2Noncoop","FemaleSong","0.00855969537492181","0.0629655558339774","0.0552415095457942","0.0222091656681094","315","0.197918242472746","0.802081757527254","0.768166438818639","0.231833561181361","0.151819876744592","0.616346562074047","0.0460983657281542","0.185735195453207","3570.65874121"
"temprow.232","233","MeanCoopTie2Noncoop","FemaleSong","0.00855969537492181","0.0629655558339774","0.0552415095457942","0.0222091656681094","315","0.230694035687498","0.769305964312502","0.708289349276155","0.291710650723845","0.166808902147018","0.541480447129138","0.0638851335404808","0.227825517183364","3570.65874121"
"temprow.233","234","MeanCoopTie2Noncoop","FemaleSong","0.00855969537492181","0.0629655558339774","0.0552415095457942","0.0222091656681094","315","0.212387466003946","0.787612533996054","0.801676070254957","0.198323929745043","0.175639962760248","0.626036107494709","0.0367475032436978","0.161576426501345","3570.65874121"
"temprow.234","235","MeanCoopTie2Noncoop","FemaleSong","0.00855969537492181","0.0629655558339774","0.0552415095457942","0.0222091656681094","315","0.198347161316271","0.801652838683729","0.84973145608491","0.15026854391509","0.156781130299554","0.692950325785356","0.0415660310167166","0.108702512898373","3570.65874121"
"temprow.235","236","MeanCoopTie2Noncoop","FemaleSong","0.00855969537492181","0.0629655558339774","0.0552415095457942","0.0222091656681094","315","0.161381712602857","0.838618287397143","0.824204688313071","0.175795311686929","0.143720766971311","0.68048392134176","0.0176609456315455","0.158134366055384","3570.65874121"
"temprow.236","237","MeanCoopTie2Noncoop","FemaleSong","0.00855969537492181","0.0629655558339774","0.0552415095457942","0.0222091656681094","315","0.196773243604139","0.803226756395861","0.90230824121094","0.0976917587890603","0.175081668672988","0.727226572537951","0.0216915749311506","0.0760001838579096","3570.65874121"
"temprow.237","238","MeanCoopTie2Noncoop","FemaleSong","0.00855969537492181","0.0629655558339774","0.0552415095457942","0.0222091656681094","315","0.307533815337197","0.692466184662803","0.827884694042513","0.172115305957487","0.24427089165982","0.583613802382693","0.0632629236773769","0.10885238228011","3570.65874121"
"temprow.238","239","MeanCoopTie2Noncoop","FemaleSong","0.00855969537492181","0.0629655558339774","0.0552415095457942","0.0222091656681094","315","0.220397800713262","0.779602199286738","0.855218151896434","0.144781848103566","0.194639479264468","0.660578672631966","0.0257583214487939","0.119023526654772","3570.65874121"
"temprow.239","240","MeanCoopTie2Noncoop","FemaleSong","0.00855969537492181","0.0629655558339774","0.0552415095457942","0.0222091656681094","315","0.306562092425616","0.693437907574384","0.904306002037844","0.0956939979621556","0.275052687846634","0.62925331419121","0.0315094045789817","0.0641845933831739","3570.65874121"
"temprow.240","241","MeanCoopTie2Noncoop","FemaleSong","0.00855969537492181","0.0629655558339774","0.0552415095457942","0.0222091656681094","315","0.222781123426621","0.777218876573379","0.827311188544629","0.172688811455371","0.193348775333253","0.633962413211375","0.0294323480933674","0.143256463362004","3570.65874121"
"temprow.241","242","MeanCoopTie2Noncoop","FemaleSong","0.00855969537492181","0.0629655558339774","0.0552415095457942","0.0222091656681094","315","0.225792220642","0.774207779358","0.867583628805525","0.132416371194475","0.190383885062473","0.677199743743052","0.0354083355795269","0.0970080356149477","3570.65874121"
"temprow.242","243","MeanCoopTie2Noncoop","FemaleSong","0.00855969537492181","0.0629655558339774","0.0552415095457942","0.0222091656681094","315","0.221043644282897","0.778956355717103","0.919479240688119","0.0805207593118808","0.196943034423044","0.722536206265076","0.0241006098598531","0.0564201494520275","3570.65874121"
"temprow.243","244","MeanCoopTie2Noncoop","FemaleSong","0.00855969537492181","0.0629655558339774","0.0552415095457942","0.0222091656681094","315","0.261316160811649","0.738683839188351","0.797390354572371","0.202609645427629","0.213673363167454","0.583716991404918","0.0476427976441949","0.154966847783434","3570.65874121"
"temprow.244","245","MeanCoopTie2Noncoop","FemaleSong","0.00855969537492181","0.0629655558339774","0.0552415095457942","0.0222091656681094","315","0.204959172739037","0.795040827260963","0.809736067238079","0.190263932761921","0.164144197372251","0.645591869865828","0.0408149753667855","0.149448957395135","3570.65874121"
"temprow.245","246","MeanCoopTie2Noncoop","FemaleSong","0.00855969537492181","0.0629655558339774","0.0552415095457942","0.0222091656681094","315","0.266401802327502","0.733598197672499","0.814828149475357","0.185171850524643","0.231344391051954","0.583483758423403","0.0350574112755478","0.150114439249096","3570.65874121"
"temprow.246","247","MeanCoopTie2Noncoop","FemaleSong","0.00855969537492181","0.0629655558339774","0.0552415095457942","0.0222091656681094","315","0.296540959660774","0.703459040339227","0.803816227123403","0.196183772876597","0.246319168266296","0.557497058857108","0.0502217913944778","0.145961981482119","3570.65874121"
"temprow.247","248","MeanCoopTie2Noncoop","FemaleSong","0.00855969537492181","0.0629655558339774","0.0552415095457942","0.0222091656681094","315","0.268761274738451","0.731238725261549","0.890674583374471","0.109325416625529","0.246341342606846","0.644333240767625","0.0224199321316046","0.086905484493924","3570.65874121"
"temprow.248","249","MeanCoopTie2Noncoop","FemaleSong","0.00855969537492181","0.0629655558339774","0.0552415095457942","0.0222091656681094","315","0.204702377191148","0.795297622808852","0.854088086497618","0.145911913502382","0.176061623226413","0.678026463271206","0.0286407539647348","0.117271159537647","3570.65874121"
"temprow.249","250","MeanCoopTie2Noncoop","FemaleSong","0.00855969537492181","0.0629655558339774","0.0552415095457942","0.0222091656681094","315","0.211149601776392","0.788850398223608","0.873496141918752","0.126503858081249","0.18428423603103","0.689211905887721","0.0268653657453618","0.0996384923358867","3570.65874121"
"temprow.250","251","MeanCoopTie2Noncoop","FemaleSong","0.00855969537492181","0.0629655558339774","0.0552415095457942","0.0222091656681094","315","0.212900236970848","0.787099763029152","0.776412259015224","0.223587740984776","0.168301971615041","0.608110287400183","0.0445982653558074","0.178989475628968","3570.65874121"
"temprow.251","252","MeanCoopTie2Noncoop","FemaleSong","0.00855969537492181","0.0629655558339774","0.0552415095457942","0.0222091656681094","315","0.322296317543218","0.677703682456782","0.775291442373223","0.224708557626777","0.22058161221128","0.554709830161944","0.101714705331938","0.122993852294838","3570.65874121"
"temprow.252","253","MeanCoopTie2Noncoop","FemaleSong","0.00855969537492181","0.0629655558339774","0.0552415095457942","0.0222091656681094","315","0.213099389836619","0.786900610163381","0.817047369011932","0.182952630988068","0.19365942268493","0.623387946327003","0.0194399671516892","0.163512663836379","3570.65874121"
"temprow.253","254","MeanCoopTie2Noncoop","FemaleSong","0.00855969537492181","0.0629655558339774","0.0552415095457942","0.0222091656681094","315","0.203943375933878","0.796056624066122","0.908129747316555","0.0918702526834445","0.188924943560502","0.719204803756054","0.0150184323733767","0.0768518203100678","3570.65874121"
"temprow.254","255","MeanCoopTie2Noncoop","FemaleSong","0.00855969537492181","0.0629655558339774","0.0552415095457942","0.0222091656681094","315","0.213021231503518","0.786978768496483","0.856013329743484","0.143986670256516","0.17968801241888","0.676325317324604","0.0333332190846375","0.110653451171878","3570.65874121"
"temprow.255","256","MeanCoopTie2Noncoop","FemaleSong","0.00855969537492181","0.0629655558339774","0.0552415095457942","0.0222091656681094","315","0.318494473913523","0.681505526086477","0.717807263365083","0.282192736634917","0.204668823490402","0.513138439874681","0.113825650423121","0.168367086211796","3570.65874121"
"temprow.256","257","MeanCoopTie2Noncoop","FemaleSong","0.00855969537492181","0.0629655558339774","0.0552415095457942","0.0222091656681094","315","0.277474568331589","0.722525431668411","0.894952634596086","0.105047365403915","0.237414489474073","0.657538145122012","0.0400600788575159","0.0649872865463986","3570.65874121"
"temprow.257","258","MeanCoopTie2Noncoop","FemaleSong","0.00855969537492181","0.0629655558339774","0.0552415095457942","0.0222091656681094","315","0.271632246814868","0.728367753185132","0.886120472205672","0.113879527794328","0.238593589827772","0.6475268823779","0.0330386569870965","0.0808408708072314","3570.65874121"
"temprow.258","259","MeanCoopTie2Noncoop","FemaleSong","0.00855969537492181","0.0629655558339774","0.0552415095457942","0.0222091656681094","315","0.291939101458905","0.708060898541095","0.709219335949623","0.290780664050377","0.18823843234935","0.520980903600274","0.103700669109556","0.187079994940821","3570.65874121"
"temprow.259","260","MeanCoopTie2Noncoop","FemaleSong","0.00855969537492181","0.0629655558339774","0.0552415095457942","0.0222091656681094","315","0.270722209932943","0.729277790067057","0.881454263988529","0.118545736011471","0.238336624429395","0.643117639559135","0.0323855855035484","0.0861601505079223","3570.65874121"
"temprow.260","261","MeanCoopTie2Noncoop","FemaleSong","0.00855969537492181","0.0629655558339774","0.0552415095457942","0.0222091656681094","315","0.225202565992382","0.774797434007618","0.772479448946975","0.227520551053025","0.151430971751741","0.621048477195234","0.0737715942406405","0.153748956812384","3570.65874121"
"temprow.261","262","MeanCoopTie2Noncoop","FemaleSong","0.00855969537492181","0.0629655558339774","0.0552415095457942","0.0222091656681094","315","0.184011951060112","0.815988048939888","0.798479740251239","0.201520259748761","0.146941875000812","0.651537865250427","0.0370700760592997","0.164450183689462","3570.65874121"
"temprow.262","263","MeanCoopTie2Noncoop","FemaleSong","0.00855969537492181","0.0629655558339774","0.0552415095457942","0.0222091656681094","315","0.227989592359688","0.772010407640312","0.90824849279458","0.09175150720542","0.209418648083074","0.698829844711506","0.0185709442766141","0.0731805629288059","3570.65874121"
"temprow.263","264","MeanCoopTie2Noncoop","FemaleSong","0.00855969537492181","0.0629655558339774","0.0552415095457942","0.0222091656681094","315","0.257780473892241","0.742219526107759","0.868987476025719","0.131012523974281","0.213328481927919","0.6556589940978","0.0444519919643223","0.0865605320099589","3570.65874121"
"temprow.264","265","MeanCoopTie2Noncoop","FemaleSong","0.00855969537492181","0.0629655558339774","0.0552415095457942","0.0222091656681094","315","0.226737948476907","0.773262051523093","0.7905570269223","0.2094429730777","0.18617494515325","0.60438208176905","0.0405630033236572","0.168879969754043","3570.65874121"
"temprow.265","266","MeanCoopTie2Noncoop","FemaleSong","0.00855969537492181","0.0629655558339774","0.0552415095457942","0.0222091656681094","315","0.196027784236514","0.803972215763486","0.711039956702852","0.288960043297148","0.144943805635124","0.566096151067728","0.0510839786013903","0.237876064695758","3570.65874121"
"temprow.266","267","MeanCoopTie2Noncoop","FemaleSong","0.00855969537492181","0.0629655558339774","0.0552415095457942","0.0222091656681094","315","0.223915245447108","0.776084754552892","0.83196000617559","0.16803999382441","0.198274199104703","0.633685807070887","0.0256410463424046","0.142398947482005","3570.65874121"
"temprow.267","268","MeanCoopTie2Noncoop","FemaleSong","0.00855969537492181","0.0629655558339774","0.0552415095457942","0.0222091656681094","315","0.267359592723899","0.732640407276101","0.896742881376037","0.103257118623963","0.250501951458501","0.646240929917535","0.0168576412653973","0.0863994773585659","3570.65874121"
"temprow.268","269","MeanCoopTie2Noncoop","FemaleSong","0.00855969537492181","0.0629655558339774","0.0552415095457942","0.0222091656681094","315","0.318671574512568","0.681328425487432","0.872591175515233","0.127408824484767","0.281784423632582","0.59080675188265","0.0368871508799861","0.0905216736047812","3570.65874121"
"temprow.269","270","MeanCoopTie2Noncoop","FemaleSong","0.00855969537492181","0.0629655558339774","0.0552415095457942","0.0222091656681094","315","0.280542499553238","0.719457500446762","0.828909464478174","0.171090535521826","0.251386776813428","0.577522687664746","0.0291557227398097","0.141934812782016","3570.65874121"
"temprow.270","271","MeanCoopTie2Noncoop","FemaleSong","0.00855969537492181","0.0629655558339774","0.0552415095457942","0.0222091656681094","315","0.175504461436917","0.824495538563083","0.82076917363139","0.17923082636861","0.14791593181821","0.67285324181318","0.027588529618707","0.151642296749903","3570.65874121"
"temprow.271","272","MeanCoopTie2Noncoop","FemaleSong","0.00855969537492181","0.0629655558339774","0.0552415095457942","0.0222091656681094","315","0.284406796387437","0.715593203612563","0.860644817809264","0.139355182190736","0.255412087259714","0.60523273054955","0.028994709127723","0.110360473063013","3570.65874121"
"temprow.272","273","MeanCoopTie2Noncoop","FemaleSong","0.00855969537492181","0.0629655558339774","0.0552415095457942","0.0222091656681094","315","0.238536718675482","0.761463281324518","0.87383686562648","0.12616313437352","0.202921659810642","0.670915205815838","0.0356150588648399","0.0905480755086803","3570.65874121"
"temprow.273","274","MeanCoopTie2Noncoop","FemaleSong","0.00855969537492181","0.0629655558339774","0.0552415095457942","0.0222091656681094","315","0.271364562099712","0.728635437900288","0.727061010203934","0.272938989796066","0.22550152385027","0.501559486353665","0.0458630382494423","0.227075951546623","3570.65874121"
"temprow.274","275","MeanCoopTie2Noncoop","FemaleSong","0.00855969537492181","0.0629655558339774","0.0552415095457942","0.0222091656681094","315","0.255973777634993","0.744026222365007","0.867620639285581","0.132379360714419","0.220524592152066","0.647096047133514","0.0354491854829263","0.0969301752314928","3570.65874121"
"temprow.275","276","MeanCoopTie2Noncoop","FemaleSong","0.00855969537492181","0.0629655558339774","0.0552415095457942","0.0222091656681094","315","0.239288993992124","0.760711006007876","0.861831005253702","0.138168994746298","0.219782817807158","0.642048187446544","0.0195061761849664","0.118662818561332","3570.65874121"
"temprow.276","277","MeanCoopTie2Noncoop","FemaleSong","0.00855969537492181","0.0629655558339774","0.0552415095457942","0.0222091656681094","315","0.246960436394292","0.753039563605708","0.765008858554372","0.234991141445628","0.185653881435448","0.579354977118924","0.0613065549588441","0.173684586486784","3570.65874121"
"temprow.277","278","MeanCoopTie2Noncoop","FemaleSong","0.00855969537492181","0.0629655558339774","0.0552415095457942","0.0222091656681094","315","0.225690255271251","0.774309744728749","0.863096778178387","0.136903221821613","0.192240096031956","0.670856682146431","0.0334501592392947","0.103453062582318","3570.65874121"
"temprow.278","279","MeanCoopTie2Noncoop","FemaleSong","0.00855969537492181","0.0629655558339774","0.0552415095457942","0.0222091656681094","315","0.237260961144513","0.762739038855487","0.826700602563447","0.173299397436553","0.195491624301747","0.6312089782617","0.0417693368427658","0.131530060593787","3570.65874121"
"temprow.279","280","MeanCoopTie2Noncoop","FemaleSong","0.00855969537492181","0.0629655558339774","0.0552415095457942","0.0222091656681094","315","0.263154228410295","0.736845771589705","0.850888679607843","0.149111320392157","0.216615722550921","0.634272957056921","0.0465385058593735","0.102572814532784","3570.65874121"
"temprow.280","281","MeanCoopTie2Noncoop","FemaleSong","0.00855969537492181","0.0629655558339774","0.0552415095457942","0.0222091656681094","315","0.262256344076756","0.737743655923244","0.892130406659657","0.107869593340343","0.223007373460732","0.669123033198926","0.039248970616024","0.0686206227243186","3570.65874121"
"temprow.281","282","MeanCoopTie2Noncoop","FemaleSong","0.00855969537492181","0.0629655558339774","0.0552415095457942","0.0222091656681094","315","0.231652664790773","0.768347335209227","0.901122655834522","0.0988773441654778","0.207934711720711","0.693187944113811","0.0237179530700612","0.0751593910954165","3570.65874121"
"temprow.282","283","MeanCoopTie2Noncoop","FemaleSong","0.00855969537492181","0.0629655558339774","0.0552415095457942","0.0222091656681094","315","0.24338050890494","0.75661949109506","0.874807518630619","0.125192481369381","0.182633102035427","0.692174416595192","0.0607474068695129","0.0644450744998684","3570.65874121"
"temprow.283","284","MeanCoopTie2Noncoop","FemaleSong","0.00855969537492181","0.0629655558339774","0.0552415095457942","0.0222091656681094","315","0.242813634405357","0.757186365594643","0.77750326673312","0.22249673326688","0.198848611861576","0.578654654871545","0.043965022543781","0.178531710723099","3570.65874121"
"temprow.284","285","MeanCoopTie2Noncoop","FemaleSong","0.00855969537492181","0.0629655558339774","0.0552415095457942","0.0222091656681094","315","0.237468044468982","0.762531955531018","0.813299121617775","0.186700878382226","0.169884310993348","0.643414810624427","0.0675837334756342","0.119117144906591","3570.65874121"
"temprow.285","286","MeanCoopTie2Noncoop","FemaleSong","0.00855969537492181","0.0629655558339774","0.0552415095457942","0.0222091656681094","315","0.21567224812745","0.78432775187255","0.900706080190099","0.0992939198099008","0.182226617800278","0.718479462389822","0.033445630327172","0.0658482894827287","3570.65874121"
"temprow.286","287","MeanCoopTie2Noncoop","FemaleSong","0.00855969537492181","0.0629655558339774","0.0552415095457942","0.0222091656681094","315","0.21546174950859","0.78453825049141","0.864866747812567","0.135133252187433","0.182158530794499","0.682708217018068","0.0333032187140908","0.101830033473342","3570.65874121"
"temprow.287","288","MeanCoopTie2Noncoop","FemaleSong","0.00855969537492181","0.0629655558339774","0.0552415095457942","0.0222091656681094","315","0.284001418192761","0.715998581807239","0.734132999847598","0.265867000152402","0.213868959534983","0.520264040312615","0.0701324586577771","0.195734541494625","3570.65874121"
"temprow.288","289","MeanCoopTie2Noncoop","FemaleSong","0.00855969537492181","0.0629655558339774","0.0552415095457942","0.0222091656681094","315","0.199144505370317","0.800855494629683","0.825660631126243","0.174339368873757","0.161738588901972","0.663922042224272","0.037405916468345","0.136933452405412","3570.65874121"
"temprow.289","290","MeanCoopTie2Noncoop","FemaleSong","0.00855969537492181","0.0629655558339774","0.0552415095457942","0.0222091656681094","315","0.243221329430605","0.756778670569395","0.856666585870678","0.143333414129322","0.183732467959008","0.67293411791167","0.0594888614715968","0.0838445526577251","3570.65874121"
"temprow.290","291","MeanCoopTie2Noncoop","FemaleSong","0.00855969537492181","0.0629655558339774","0.0552415095457942","0.0222091656681094","315","0.240137416491254","0.759862583508746","0.873175825296157","0.126824174703843","0.207189922502677","0.66598590279348","0.0329474939885772","0.0938766807152657","3570.65874121"
"temprow.291","292","MeanCoopTie2Noncoop","FemaleSong","0.00855969537492181","0.0629655558339774","0.0552415095457942","0.0222091656681094","315","0.216875900928254","0.783124099071746","0.814249014390926","0.185750985609074","0.177163488316739","0.637085526074187","0.0397124126115148","0.146038572997559","3570.65874121"
"temprow.292","293","MeanCoopTie2Noncoop","FemaleSong","0.00855969537492181","0.0629655558339774","0.0552415095457942","0.0222091656681094","315","0.182830295724768","0.817169704275232","0.866645628002212","0.133354371997788","0.160024678405069","0.706620949597142","0.0228056173196988","0.11054875467809","3570.65874121"
"temprow.293","294","MeanCoopTie2Noncoop","FemaleSong","0.00855969537492181","0.0629655558339774","0.0552415095457942","0.0222091656681094","315","0.282136239390493","0.717863760609507","0.764366797044432","0.235633202955568","0.209073322575792","0.55529347446864","0.0730629168147012","0.162570286140867","3570.65874121"
"temprow.294","295","MeanCoopTie2Noncoop","FemaleSong","0.00855969537492181","0.0629655558339774","0.0552415095457942","0.0222091656681094","315","0.228220928174955","0.771779071825045","0.838261027088323","0.161738972911677","0.198537772213296","0.639723254875027","0.0296831559616586","0.132055816950018","3570.65874121"
"temprow.295","296","MeanCoopTie2Noncoop","FemaleSong","0.00855969537492181","0.0629655558339774","0.0552415095457942","0.0222091656681094","315","0.22568215437091","0.77431784562909","0.766793336631802","0.233206663368198","0.181210632356365","0.585582704275437","0.0444715220145448","0.188735141353653","3570.65874121"
"temprow.296","297","MeanCoopTie2Noncoop","FemaleSong","0.00855969537492181","0.0629655558339774","0.0552415095457942","0.0222091656681094","315","0.195533924657871","0.804466075342129","0.729181546249301","0.270818453750699","0.156057298284976","0.573124247964325","0.0394766263728952","0.231341827377804","3570.65874121"
"temprow.297","298","MeanCoopTie2Noncoop","FemaleSong","0.00855969537492181","0.0629655558339774","0.0552415095457942","0.0222091656681094","315","0.347172368441128","0.652827631558872","0.848621629469219","0.151378370530781","0.298625991898923","0.549995637570296","0.0485463765422049","0.102831993988576","3570.65874121"
"temprow.298","299","MeanCoopTie2Noncoop","FemaleSong","0.00855969537492181","0.0629655558339774","0.0552415095457942","0.0222091656681094","315","0.291178073580255","0.708821926419745","0.816891685516884","0.183108314483116","0.233047425927034","0.58384425958985","0.0581306476532212","0.124977666829895","3570.65874121"
"temprow.299","300","MeanCoopTie2Noncoop","FemaleSong","0.00855969537492181","0.0629655558339774","0.0552415095457942","0.0222091656681094","315","0.214526113877559","0.785473886122441","0.821921467935475","0.178078532064525","0.181962933256449","0.639958534679027","0.0325631806211106","0.145515351443414","3570.65874121"
"temprow.300","301","MeanCoopTie2Noncoop","FemaleSong","0.00855969537492181","0.0629655558339774","0.0552415095457942","0.0222091656681094","315","0.21269220307039","0.78730779692961","0.843742990225306","0.156257009774694","0.17495828433854","0.668784705886766","0.0377339187318502","0.118523091042844","3570.65874121"
"temprow.301","302","MeanCoopTie2Noncoop","FemaleSong","0.00855969537492181","0.0629655558339774","0.0552415095457942","0.0222091656681094","315","0.230014379561309","0.769985620438691","0.817516576151577","0.182483423848423","0.152051799287156","0.665464776864421","0.0779625802741528","0.10452084357427","3570.65874121"
"temprow.302","303","MeanCoopTie2Noncoop","FemaleSong","0.00855969537492181","0.0629655558339774","0.0552415095457942","0.0222091656681094","315","0.228486131407317","0.771513868592683","0.877561306147008","0.122438693852992","0.199454154878511","0.678107151268498","0.0290319765288066","0.0934067173241852","3570.65874121"
"temprow.303","304","MeanCoopTie2Noncoop","FemaleSong","0.00855969537492181","0.0629655558339774","0.0552415095457942","0.0222091656681094","315","0.253006428621405","0.746993571378595","0.824157894174781","0.175842105825219","0.196354085120922","0.62780380905386","0.0566523435004836","0.119189762324735","3570.65874121"
"temprow.304","305","MeanCoopTie2Noncoop","FemaleSong","0.00855969537492181","0.0629655558339774","0.0552415095457942","0.0222091656681094","315","0.287063545824424","0.712936454175576","0.775004473926627","0.224995526073373","0.204172275902563","0.570832198024065","0.082891269921861","0.142104256151512","3570.65874121"
"temprow.305","306","MeanCoopTie2Noncoop","FemaleSong","0.00855969537492181","0.0629655558339774","0.0552415095457942","0.0222091656681094","315","0.224173385648751","0.775826614351249","0.824641409494456","0.175358590505544","0.185989933148631","0.638651476345825","0.0381834525001201","0.137175138005424","3570.65874121"
"temprow.306","307","MeanCoopTie2Noncoop","FemaleSong","0.00855969537492181","0.0629655558339774","0.0552415095457942","0.0222091656681094","315","0.296422892444307","0.703577107555694","0.823912758429591","0.176087241570409","0.241398618075258","0.582514140354332","0.0550242743690484","0.121062967201361","3570.65874121"
"temprow.307","308","MeanCoopTie2Noncoop","FemaleSong","0.00855969537492181","0.0629655558339774","0.0552415095457942","0.0222091656681094","315","0.173716686127064","0.826283313872936","0.827484864964861","0.172515135035139","0.155872015215072","0.671612849749789","0.0178446709119923","0.154670464123147","3570.65874121"
"temprow.308","309","MeanCoopTie2Noncoop","FemaleSong","0.00855969537492181","0.0629655558339774","0.0552415095457942","0.0222091656681094","315","0.275488715686542","0.724511284313458","0.851961316427406","0.148038683572594","0.229622143288283","0.622339173139122","0.0458665723982582","0.102172111174336","3570.65874121"
"temprow.309","310","MeanCoopTie2Noncoop","FemaleSong","0.00855969537492181","0.0629655558339774","0.0552415095457942","0.0222091656681094","315","0.255479497114266","0.744520502885734","0.816783991964389","0.183216008035611","0.220696240357955","0.596087751606434","0.0347832567563106","0.148432751279301","3570.65874121"
"temprow.310","311","MeanCoopTie2Noncoop","FemaleSong","0.00855969537492181","0.0629655558339774","0.0552415095457942","0.0222091656681094","315","0.2128942904804","0.7871057095196","0.8080170001572","0.1919829998428","0.173948743754182","0.634068256403019","0.0389455467262185","0.153037453116581","3570.65874121"
"temprow.311","312","MeanCoopTie2Noncoop","FemaleSong","0.00855969537492181","0.0629655558339774","0.0552415095457942","0.0222091656681094","315","0.203026488456952","0.796973511543048","0.796982228055733","0.203017771944267","0.169252767274179","0.627729460781554","0.0337737211827727","0.169244050761495","3570.65874121"
"temprow.312","313","MeanCoopTie2Noncoop","FemaleSong","0.00855969537492181","0.0629655558339774","0.0552415095457942","0.0222091656681094","315","0.227731162244401","0.7722688377556","0.868867706377382","0.131132293622618","0.205734315478934","0.663133390898448","0.0219968467654664","0.109135446857152","3570.65874121"
"temprow.313","314","MeanCoopTie2Noncoop","FemaleSong","0.00855969537492181","0.0629655558339774","0.0552415095457942","0.0222091656681094","315","0.297467614811751","0.702532385188249","0.875981211494259","0.124018788505741","0.25218973718731","0.623791474306949","0.0452778776244407","0.0787409108813004","3570.65874121"
"temprow.314","315","MeanCoopTie2Noncoop","FemaleSong","0.00855969537492181","0.0629655558339774","0.0552415095457942","0.0222091656681094","315","0.232531914404355","0.767468085595645","0.794477144928265","0.205522855071735","0.173284470415726","0.621192674512539","0.0592474439886291","0.146275411083106","3570.65874121"
"temprow.315","316","MeanCoopTie2Noncoop","FemaleSong","0.00855969537492181","0.0629655558339774","0.0552415095457942","0.0222091656681094","315","0.243258303283625","0.756741696716375","0.807874122866634","0.192125877133367","0.185944633007347","0.621929489859286","0.0573136702762779","0.134812206857089","3570.65874121"
"temprow.316","317","MeanCoopTie2Noncoop","FemaleSong","0.00855969537492181","0.0629655558339774","0.0552415095457942","0.0222091656681094","315","0.206774169918731","0.793225830081269","0.844530042327686","0.155469957672314","0.166667658633993","0.677862383693693","0.0401065112847387","0.115363446387575","3570.65874121"
"temprow.317","318","MeanCoopTie2Noncoop","FemaleSong","0.00855969537492181","0.0629655558339774","0.0552415095457942","0.0222091656681094","315","0.192962714885194","0.807037285114806","0.88016402499426","0.11983597500574","0.161856914070151","0.718307110924109","0.0311058008150432","0.0887301741906968","3570.65874121"
"temprow.318","319","MeanCoopTie2Noncoop","FemaleSong","0.00855969537492181","0.0629655558339774","0.0552415095457942","0.0222091656681094","315","0.258500272561044","0.741499727438956","0.865950287561945","0.134049712438055","0.220395654138214","0.645554633423731","0.0381046184228293","0.0959450940152259","3570.65874121"
"temprow.319","320","MeanCoopTie2Noncoop","FemaleSong","0.00855969537492181","0.0629655558339774","0.0552415095457942","0.0222091656681094","315","0.252700539357164","0.747299460642836","0.803957844562668","0.196042155437332","0.213764518621585","0.590193325941083","0.0389360207355793","0.157106134701752","3570.65874121"
"temprow.320","321","MeanCoopTie2Noncoop","FemaleSong","0.00855969537492181","0.0629655558339774","0.0552415095457942","0.0222091656681094","315","0.233992468790288","0.766007531209712","0.85013179487586","0.14986820512414","0.20686671599291","0.64326507888295","0.0271257527973779","0.122742452326762","3570.65874121"
"temprow.321","322","MeanCoopTie2Noncoop","FemaleSong","0.00855969537492181","0.0629655558339774","0.0552415095457942","0.0222091656681094","315","0.21099409842131","0.78900590157869","0.827832700985056","0.172167299014944","0.172194383566509","0.655638317418546","0.038799714854801","0.133367584160143","3570.65874121"
"temprow.322","323","MeanCoopTie2Noncoop","FemaleSong","0.00855969537492181","0.0629655558339774","0.0552415095457942","0.0222091656681094","315","0.312897706093583","0.687102293906417","0.855754201582176","0.144245798417825","0.268052057146845","0.58770214443533","0.0448456489467376","0.099400149471087","3570.65874121"
"temprow.323","324","MeanCoopTie2Noncoop","FemaleSong","0.00855969537492181","0.0629655558339774","0.0552415095457942","0.0222091656681094","315","0.160672299561787","0.839327700438213","0.865294391882091","0.134705608117909","0.140867394513862","0.724426997368229","0.0198049050479253","0.114900703069984","3570.65874121"
"temprow.324","325","MeanCoopTie2Noncoop","FemaleSong","0.00855969537492181","0.0629655558339774","0.0552415095457942","0.0222091656681094","315","0.268193793185985","0.731806206814015","0.896466272555296","0.103533727444705","0.240966575004272","0.655499697551023","0.0272272181817127","0.076306509262992","3570.65874121"
"temprow.325","326","MeanCoopTie2Noncoop","FemaleSong","0.00855969537492181","0.0629655558339774","0.0552415095457942","0.0222091656681094","315","0.24727312213006","0.75272687786994","0.779925050214389","0.220074949785611","0.181509272104376","0.598415778110013","0.0657638500256831","0.154311099759928","3570.65874121"
"temprow.326","327","MeanCoopTie2Noncoop","FemaleSong","0.00855969537492181","0.0629655558339774","0.0552415095457942","0.0222091656681094","315","0.193579035915907","0.806420964084093","0.820482175866696","0.179517824133304","0.149874199230989","0.670607976635707","0.0437048366849183","0.135812987448385","3570.65874121"
"temprow.327","328","MeanCoopTie2Noncoop","FemaleSong","0.00855969537492181","0.0629655558339774","0.0552415095457942","0.0222091656681094","315","0.18712005486976","0.81287994513024","0.820501901359689","0.179498098640311","0.147259335343738","0.673242566015951","0.0398607195260216","0.139637379114289","3570.65874121"
"temprow.328","329","MeanCoopTie2Noncoop","FemaleSong","0.00855969537492181","0.0629655558339774","0.0552415095457942","0.0222091656681094","315","0.280810121023907","0.719189878976093","0.889242906041075","0.110757093958925","0.258261475412379","0.630981430628695","0.0225486456115275","0.0882084483473978","3570.65874121"
"temprow.329","330","MeanCoopTie2Noncoop","FemaleSong","0.00855969537492181","0.0629655558339774","0.0552415095457942","0.0222091656681094","315","0.180734315700601","0.819265684299399","0.877938001429983","0.122061998570017","0.159240530324378","0.718697471105605","0.021493785376223","0.100568213193794","3570.65874121"
"temprow.330","331","MeanCoopTie2Noncoop","FemaleSong","0.00855969537492181","0.0629655558339774","0.0552415095457942","0.0222091656681094","315","0.289957051753564","0.710042948246436","0.871254498452177","0.128745501547823","0.265078883698816","0.606175614753361","0.0248781680547478","0.103867333493075","3570.65874121"
"temprow.331","332","MeanCoopTie2Noncoop","FemaleSong","0.00855969537492181","0.0629655558339774","0.0552415095457942","0.0222091656681094","315","0.224120796448349","0.775879203551651","0.845177689332819","0.154822310667181","0.196927155065576","0.648250534267243","0.0271936413827729","0.127628669284408","3570.65874121"
"temprow.332","333","MeanCoopTie2Noncoop","FemaleSong","0.00855969537492181","0.0629655558339774","0.0552415095457942","0.0222091656681094","315","0.281982536323171","0.718017463676829","0.796185854731157","0.203814145268843","0.233109785026506","0.563076069704651","0.0488727512966653","0.154941393972178","3570.65874121"
"temprow.333","334","MeanCoopTie2Noncoop","FemaleSong","0.00855969537492181","0.0629655558339774","0.0552415095457942","0.0222091656681094","315","0.201830470588514","0.798169529411486","0.905918769884733","0.0940812301152672","0.177151261942964","0.728767507941769","0.0246792086455499","0.0694020214697173","3570.65874121"
"temprow.334","335","MeanCoopTie2Noncoop","FemaleSong","0.00855969537492181","0.0629655558339774","0.0552415095457942","0.0222091656681094","315","0.231678585365852","0.768321414634148","0.888676622172865","0.111323377827135","0.199007558603111","0.689669063569754","0.032671026762741","0.0786523510643944","3570.65874121"
"temprow.335","336","MeanCoopTie2Noncoop","FemaleSong","0.00855969537492181","0.0629655558339774","0.0552415095457942","0.0222091656681094","315","0.190434227627089","0.809565772372911","0.887434962078212","0.112565037921788","0.164737084002178","0.722697878076034","0.0256971436249101","0.0868678942968778","3570.65874121"
"temprow.336","337","MeanCoopTie2Noncoop","FemaleSong","0.00855969537492181","0.0629655558339774","0.0552415095457942","0.0222091656681094","315","0.231993337143072","0.768006662856928","0.872508291934782","0.127491708065218","0.196573519951062","0.675934771983721","0.0354198171920108","0.0920718908732068","3570.65874121"
"temprow.337","338","MeanCoopTie2Noncoop","FemaleSong","0.00855969537492181","0.0629655558339774","0.0552415095457942","0.0222091656681094","315","0.230882537653194","0.769117462346806","0.822611905099608","0.177388094900392","0.200261651987439","0.62235025311217","0.0306208856657555","0.146767209234636","3570.65874121"
"temprow.338","339","MeanCoopTie2Noncoop","FemaleSong","0.00855969537492181","0.0629655558339774","0.0552415095457942","0.0222091656681094","315","0.283283681382122","0.716716318617878","0.866231559567071","0.133768440432929","0.249717365686075","0.616514193880996","0.0335663156960469","0.100202124736882","3570.65874121"
"temprow.339","340","MeanCoopTie2Noncoop","FemaleSong","0.00855969537492181","0.0629655558339774","0.0552415095457942","0.0222091656681094","315","0.201601484615489","0.798398515384511","0.810880328234867","0.189119671765134","0.175368144027222","0.635512184207644","0.0262333405882663","0.162886331176867","3570.65874121"
"temprow.340","341","MeanCoopTie2Noncoop","FemaleSong","0.00855969537492181","0.0629655558339774","0.0552415095457942","0.0222091656681094","315","0.284822843966322","0.715177156033678","0.882226670089439","0.117773329910561","0.238552456751044","0.643674213338395","0.0462703872152776","0.0715029426952834","3570.65874121"
"temprow.341","342","MeanCoopTie2Noncoop","FemaleSong","0.00855969537492181","0.0629655558339774","0.0552415095457942","0.0222091656681094","315","0.187514839363238","0.812485160636762","0.861405439254643","0.138594560745358","0.15824301307501","0.703162426179633","0.0292718262882284","0.109322734457129","3570.65874121"
"temprow.342","343","MeanCoopTie2Noncoop","FemaleSong","0.00855969537492181","0.0629655558339774","0.0552415095457942","0.0222091656681094","315","0.27731512845711","0.72268487154289","0.859709022047239","0.140290977952761","0.255069545185897","0.604639476861341","0.0222455832712125","0.118045394681549","3570.65874121"
"temprow.343","344","MeanCoopTie2Noncoop","FemaleSong","0.00855969537492181","0.0629655558339774","0.0552415095457942","0.0222091656681094","315","0.248807225571227","0.751192774428773","0.885820543349878","0.114179456650122","0.219142399634348","0.66667814371553","0.0296648259368786","0.0845146307132435","3570.65874121"
"temprow.344","345","MeanCoopTie2Noncoop","FemaleSong","0.00855969537492181","0.0629655558339774","0.0552415095457942","0.0222091656681094","315","0.209036274781805","0.790963725218195","0.844518432690627","0.155481567309373","0.183092056797707","0.66142637589292","0.0259442179840972","0.129537349325275","3570.65874121"
"temprow.345","346","MeanCoopTie2Noncoop","FemaleSong","0.00855969537492181","0.0629655558339774","0.0552415095457942","0.0222091656681094","315","0.191754409251072","0.808245590748928","0.897621650421655","0.102378349578345","0.170024179491964","0.727597470929691","0.021730229759108","0.080648119819237","3570.65874121"
"temprow.346","347","MeanCoopTie2Noncoop","FemaleSong","0.00855969537492181","0.0629655558339774","0.0552415095457942","0.0222091656681094","315","0.317377534366847","0.682622465633153","0.807882379198685","0.192117620801315","0.241522391020966","0.566359988177719","0.0758551433458814","0.116262477455434","3570.65874121"
"temprow.347","348","MeanCoopTie2Noncoop","FemaleSong","0.00855969537492181","0.0629655558339774","0.0552415095457942","0.0222091656681094","315","0.19840178995019","0.80159821004981","0.779424171835253","0.220575828164747","0.160912961859583","0.61851120997567","0.0374888280906068","0.18308700007414","3570.65874121"
"temprow.348","349","MeanCoopTie2Noncoop","FemaleSong","0.00855969537492181","0.0629655558339774","0.0552415095457942","0.0222091656681094","315","0.283733931297414","0.716266068702586","0.854572899544224","0.145427100455776","0.233016747040198","0.621556152504026","0.0507171842572155","0.0947099161985605","3570.65874121"
"temprow.349","350","MeanCoopTie2Noncoop","FemaleSong","0.00855969537492181","0.0629655558339774","0.0552415095457942","0.0222091656681094","315","0.299747566914781","0.700252433085219","0.836985575801005","0.163014424198995","0.239748520019278","0.597237055781727","0.0599990468955021","0.103015377303493","3570.65874121"
"temprow.350","351","MeanCoopTie2Noncoop","FemaleSong","0.00855969537492181","0.0629655558339774","0.0552415095457942","0.0222091656681094","315","0.289314711028299","0.710685288971701","0.712012443289874","0.287987556710126","0.186164272870449","0.525848170419426","0.10315043815785","0.184837118552275","3570.65874121"
"temprow.351","352","MeanCoopTie2Noncoop","FemaleSong","0.00855969537492181","0.0629655558339774","0.0552415095457942","0.0222091656681094","315","0.199661971386818","0.800338028613182","0.849111266426668","0.150888733573332","0.174600396815707","0.674510869610961","0.0250615745711105","0.125827159002221","3570.65874121"
"temprow.352","353","MeanCoopTie2Noncoop","FemaleSong","0.00855969537492181","0.0629655558339774","0.0552415095457942","0.0222091656681094","315","0.303155422624794","0.696844577375206","0.868827159923724","0.131172840076276","0.262068050361276","0.606759109562448","0.0410873722635173","0.0900854678127586","3570.65874121"
"temprow.353","354","MeanCoopTie2Noncoop","FemaleSong","0.00855969537492181","0.0629655558339774","0.0552415095457942","0.0222091656681094","315","0.26301136998975","0.73698863001025","0.782135105149318","0.217864894850682","0.209977371080939","0.57215773406838","0.0530339989088117","0.16483089594187","3570.65874121"
"temprow.354","355","MeanCoopTie2Noncoop","FemaleSong","0.00855969537492181","0.0629655558339774","0.0552415095457942","0.0222091656681094","315","0.1779516396101","0.8220483603899","0.788091365767205","0.211908634232795","0.162957489166093","0.625133876601112","0.0149941504440068","0.196914483788788","3570.65874121"
"temprow.355","356","MeanCoopTie2Noncoop","FemaleSong","0.00855969537492181","0.0629655558339774","0.0552415095457942","0.0222091656681094","315","0.345053009160328","0.654946990839672","0.866269738148075","0.133730261851925","0.299271566036733","0.566998172111342","0.0457814431235946","0.0879488187283305","3570.65874121"
"temprow.356","357","MeanCoopTie2Noncoop","FemaleSong","0.00855969537492181","0.0629655558339774","0.0552415095457942","0.0222091656681094","315","0.206590982938044","0.793409017061956","0.882442124381887","0.117557875618113","0.183032147098924","0.699409977282962","0.0235588358391202","0.0939990397789931","3570.65874121"
"temprow.357","358","MeanCoopTie2Noncoop","FemaleSong","0.00855969537492181","0.0629655558339774","0.0552415095457942","0.0222091656681094","315","0.305398833112322","0.694601166887678","0.775527363462864","0.224472636537136","0.210121848786202","0.565405514676661","0.0952769843261195","0.129195652211017","3570.65874121"
"temprow.358","359","MeanCoopTie2Noncoop","FemaleSong","0.00855969537492181","0.0629655558339774","0.0552415095457942","0.0222091656681094","315","0.25190732897812","0.74809267102188","0.879825514060998","0.120174485939002","0.233035483610972","0.646790030450026","0.0188718453671478","0.101302640571854","3570.65874121"
"temprow.359","360","MeanCoopTie2Noncoop","FemaleSong","0.00855969537492181","0.0629655558339774","0.0552415095457942","0.0222091656681094","315","0.292439348093728","0.707560651906272","0.813960819254438","0.186039180745562","0.2566853773592","0.557275441895238","0.0357539707345279","0.150285210011034","3570.65874121"
"temprow.360","361","MeanCoopTie2Noncoop","FemaleSong","0.00855969537492181","0.0629655558339774","0.0552415095457942","0.0222091656681094","315","0.29234022805314","0.70765977194686","0.847410404926893","0.152589595073107","0.26326051741189","0.584149887515003","0.0290797106412494","0.123509884431858","3570.65874121"
"temprow.361","362","MeanCoopTie2Noncoop","FemaleSong","0.00855969537492181","0.0629655558339774","0.0552415095457942","0.0222091656681094","315","0.236036042776878","0.763963957223122","0.896448519293193","0.103551480706807","0.214425903621957","0.682022615671236","0.0216101391549209","0.0819413415518865","3570.65874121"
"temprow.362","363","MeanCoopTie2Noncoop","FemaleSong","0.00855969537492181","0.0629655558339774","0.0552415095457942","0.0222091656681094","315","0.254806383843205","0.745193616156795","0.91474030556149","0.0852596944385099","0.233199316875181","0.681540988686309","0.0216070669680241","0.0636526274704858","3570.65874121"
"temprow.363","364","MeanCoopTie2Noncoop","FemaleSong","0.00855969537492181","0.0629655558339774","0.0552415095457942","0.0222091656681094","315","0.219190337366698","0.780809662633302","0.830707636090363","0.169292363909637","0.173914742574389","0.656792893515974","0.0452755947923089","0.124016769117328","3570.65874121"
"temprow.364","365","MeanCoopTie2Noncoop","FemaleSong","0.00855969537492181","0.0629655558339774","0.0552415095457942","0.0222091656681094","315","0.213643129125678","0.786356870874322","0.755907162365174","0.244092837634826","0.144190977649618","0.611716184715557","0.0694521514760603","0.174640686158765","3570.65874121"
"temprow.365","366","MeanCoopTie2Noncoop","FemaleSong","0.00855969537492181","0.0629655558339774","0.0552415095457942","0.0222091656681094","315","0.257017214280185","0.742982785719816","0.8665883968238","0.1334116031762","0.229802514883695","0.636785881940105","0.0272146993964896","0.106196903779711","3570.65874121"
"temprow.366","367","MeanCoopTie2Noncoop","FemaleSong","0.00855969537492181","0.0629655558339774","0.0552415095457942","0.0222091656681094","315","0.288908065480697","0.711091934519303","0.884353444416717","0.115646555583283","0.268473407217654","0.615880037199064","0.0204346582630428","0.0952118973202399","3570.65874121"
"temprow.367","368","MeanCoopTie2Noncoop","FemaleSong","0.00855969537492181","0.0629655558339774","0.0552415095457942","0.0222091656681094","315","0.172312164024843","0.827687835975157","0.850293039497406","0.149706960502594","0.153776345706967","0.696516693790438","0.0185358183178757","0.131171142184718","3570.65874121"
"temprow.368","369","MeanCoopTie2Noncoop","FemaleSong","0.00855969537492181","0.0629655558339774","0.0552415095457942","0.0222091656681094","315","0.312836713664229","0.687163286335772","0.877766170122951","0.12223382987705","0.271256697895704","0.606509472227246","0.0415800157685241","0.0806538141085254","3570.65874121"
"temprow.369","370","MeanCoopTie2Noncoop","FemaleSong","0.00855969537492181","0.0629655558339774","0.0552415095457942","0.0222091656681094","315","0.195057402865845","0.804942597134155","0.870578801541852","0.129421198458148","0.18239023504639","0.688188566495462","0.0126671678194556","0.116754030638692","3570.65874121"
"temprow.370","371","MeanCoopTie2Noncoop","FemaleSong","0.00855969537492181","0.0629655558339774","0.0552415095457942","0.0222091656681094","315","0.213712170307669","0.786287829692331","0.84614574667504","0.15385425332496","0.177597817790772","0.668547928884268","0.0361143525168968","0.117739900808063","3570.65874121"
"temprow.371","372","MeanCoopTie2Noncoop","FemaleSong","0.00855969537492181","0.0629655558339774","0.0552415095457942","0.0222091656681094","315","0.204356694211794","0.795643305788206","0.839501278986156","0.160498721013844","0.176460474979621","0.663040804006535","0.0278962192321723","0.132602501781671","3570.65874121"
"temprow.372","373","MeanCoopTie2Noncoop","FemaleSong","0.00855969537492181","0.0629655558339774","0.0552415095457942","0.0222091656681094","315","0.263193182024842","0.736806817975159","0.818845071252268","0.181154928747732","0.217654319395977","0.601190751856292","0.045538862628865","0.135616066118867","3570.65874121"
"temprow.373","374","MeanCoopTie2Noncoop","FemaleSong","0.00855969537492181","0.0629655558339774","0.0552415095457942","0.0222091656681094","315","0.288275875817607","0.711724124182393","0.910859330648901","0.0891406693510993","0.26091492938901","0.649944401259891","0.0273609464285973","0.0617797229225019","3570.65874121"
"temprow.374","375","MeanCoopTie2Noncoop","FemaleSong","0.00855969537492181","0.0629655558339774","0.0552415095457942","0.0222091656681094","315","0.177831757454312","0.822168242545688","0.859828407685185","0.140171592314815","0.154619443801749","0.705208963883435","0.0232123136525625","0.116959278662253","3570.65874121"
"temprow.375","376","MeanCoopTie2Noncoop","FemaleSong","0.00855969537492181","0.0629655558339774","0.0552415095457942","0.0222091656681094","315","0.28930775639067","0.71069224360933","0.752939242452665","0.247060757547335","0.213931413192624","0.539007829260041","0.0753763431980459","0.171684414349289","3570.65874121"
"temprow.376","377","MeanCoopTie2Noncoop","FemaleSong","0.00855969537492181","0.0629655558339774","0.0552415095457942","0.0222091656681094","315","0.27346009307903","0.72653990692097","0.868353260168617","0.131646739831383","0.241348637646918","0.627004622521699","0.0321114554321128","0.0995352843992704","3570.65874121"
"temprow.377","378","MeanCoopTie2Noncoop","FemaleSong","0.00855969537492181","0.0629655558339774","0.0552415095457942","0.0222091656681094","315","0.209809448465479","0.790190551534521","0.872423362457777","0.127576637542223","0.185395054373884","0.687028308083893","0.0244143940915945","0.103162243450628","3570.65874121"
"temprow.378","379","MeanCoopTie2Noncoop","FemaleSong","0.00855969537492181","0.0629655558339774","0.0552415095457942","0.0222091656681094","315","0.246836397601289","0.753163602398711","0.893552536462951","0.106447463537049","0.225444103111026","0.668108433351924","0.0213922944902623","0.0850551690467869","3570.65874121"
"temprow.379","380","MeanCoopTie2Noncoop","FemaleSong","0.00855969537492181","0.0629655558339774","0.0552415095457942","0.0222091656681094","315","0.206503981791309","0.793496018208691","0.787647533811413","0.212352466188587","0.160958955799454","0.626688578011959","0.0455450259918558","0.166807440196732","3570.65874121"
"temprow.380","381","MeanCoopTie2Noncoop","FemaleSong","0.00855969537492181","0.0629655558339774","0.0552415095457942","0.0222091656681094","315","0.280714153809845","0.719285846190155","0.889884264550293","0.110115735449707","0.238338400701026","0.651545863849268","0.0423757531088195","0.067739982340887","3570.65874121"
"temprow.381","382","MeanCoopTie2Noncoop","FemaleSong","0.00855969537492181","0.0629655558339774","0.0552415095457942","0.0222091656681094","315","0.276006695981715","0.723993304018285","0.816979625971817","0.183020374028183","0.202068810830145","0.614910815141672","0.0739378851515694","0.109082488876614","3570.65874121"
"temprow.382","383","MeanCoopTie2Noncoop","FemaleSong","0.00855969537492181","0.0629655558339774","0.0552415095457942","0.0222091656681094","315","0.254698302191871","0.745301697808129","0.768317162432645","0.231682837567355","0.187401834107633","0.580915328325012","0.0672964680842386","0.164386369483117","3570.65874121"
"temprow.383","384","MeanCoopTie2Noncoop","FemaleSong","0.00855969537492181","0.0629655558339774","0.0552415095457942","0.0222091656681094","315","0.291457760165509","0.708542239834491","0.790693446931745","0.209306553068255","0.23631633844523","0.554377108486515","0.0551414217202783","0.154165131347977","3570.65874121"
"temprow.384","385","MeanCoopTie2Noncoop","FemaleSong","0.00855969537492181","0.0629655558339774","0.0552415095457942","0.0222091656681094","315","0.299612045479672","0.700387954520328","0.816384627241566","0.183615372758434","0.216017837541561","0.600366789700005","0.0835942079381107","0.100021164820323","3570.65874121"
"temprow.385","386","MeanCoopTie2Noncoop","FemaleSong","0.00855969537492181","0.0629655558339774","0.0552415095457942","0.0222091656681094","315","0.325194354788097","0.674805645211903","0.837202066538992","0.162797933461008","0.275399622386823","0.561802444152169","0.0497947324012747","0.113003201059733","3570.65874121"
"temprow.386","387","MeanCoopTie2Noncoop","FemaleSong","0.00855969537492181","0.0629655558339774","0.0552415095457942","0.0222091656681094","315","0.251180398340102","0.748819601659898","0.879180027588894","0.120819972411106","0.223072526843234","0.656107500745661","0.028107871496868","0.0927121009142376","3570.65874121"
"temprow.387","388","MeanCoopTie2Noncoop","FemaleSong","0.00855969537492181","0.0629655558339774","0.0552415095457942","0.0222091656681094","315","0.203486773555714","0.796513226444286","0.775757325051916","0.224242674948084","0.171682991441188","0.604074333610729","0.0318037821145267","0.192438892833557","3570.65874121"
"temprow.388","389","MeanCoopTie2Noncoop","FemaleSong","0.00855969537492181","0.0629655558339774","0.0552415095457942","0.0222091656681094","315","0.248701202010729","0.751298797989271","0.885505358206622","0.114494641793378","0.222841280887293","0.662664077319329","0.0258599211234361","0.0886347206699415","3570.65874121"
"temprow.389","390","MeanCoopTie2Noncoop","FemaleSong","0.00855969537492181","0.0629655558339774","0.0552415095457942","0.0222091656681094","315","0.225943421502856","0.774056578497144","0.848947112874323","0.151052887125677","0.163620966200293","0.68532614667403","0.0623224553025632","0.088730431823114","3570.65874121"
"temprow.390","391","MeanCoopTie2Noncoop","FemaleSong","0.00855969537492181","0.0629655558339774","0.0552415095457942","0.0222091656681094","315","0.265660208490631","0.734339791509369","0.776153792110592","0.223846207889408","0.200055219826186","0.576098572284406","0.0656049886644451","0.158241219224963","3570.65874121"
"temprow.391","392","MeanCoopTie2Noncoop","FemaleSong","0.00855969537492181","0.0629655558339774","0.0552415095457942","0.0222091656681094","315","0.267001876960601","0.732998123039399","0.690526057300782","0.309473942699218","0.184915390806662","0.50561066649412","0.0820864861539386","0.227387456545279","3570.65874121"
"temprow.392","393","MeanCoopTie2Noncoop","FemaleSong","0.00855969537492181","0.0629655558339774","0.0552415095457942","0.0222091656681094","315","0.177036471255945","0.822963528744055","0.801680576791791","0.198319423208209","0.143423303037737","0.658257273754055","0.0336131682182079","0.164706254990001","3570.65874121"
"temprow.393","394","MeanCoopTie2Noncoop","FemaleSong","0.00855969537492181","0.0629655558339774","0.0552415095457942","0.0222091656681094","315","0.236959065891856","0.763040934108144","0.83755722198832","0.16244277801168","0.189580562436499","0.647976659551822","0.0473785034553578","0.115064274556322","3570.65874121"
"temprow.394","395","MeanCoopTie2Noncoop","FemaleSong","0.00855969537492181","0.0629655558339774","0.0552415095457942","0.0222091656681094","315","0.202029134662201","0.7979708653378","0.75889952151965","0.24110047848035","0.15574672826934","0.60315279325031","0.0462824063928606","0.194818072087489","3570.65874121"
"temprow.395","396","MeanCoopTie2Noncoop","FemaleSong","0.00855969537492181","0.0629655558339774","0.0552415095457942","0.0222091656681094","315","0.22237270590046","0.77762729409954","0.820587604723843","0.179412395276158","0.177236694382413","0.64335091034143","0.045136011518047","0.134276383758111","3570.65874121"
"temprow.396","397","MeanCoopTie2Noncoop","FemaleSong","0.00855969537492181","0.0629655558339774","0.0552415095457942","0.0222091656681094","315","0.261271564872075","0.738728435127925","0.844821813977068","0.155178186022932","0.233679339376414","0.611142474600654","0.0275922254956609","0.127585960527271","3570.65874121"
"temprow.397","398","MeanCoopTie2Noncoop","FemaleSong","0.00855969537492181","0.0629655558339774","0.0552415095457942","0.0222091656681094","315","0.191141428824841","0.80885857117516","0.785407082135851","0.214592917864149","0.162177018208496","0.623230063927355","0.0289644106163441","0.185628507247804","3570.65874121"
"temprow.398","399","MeanCoopTie2Noncoop","FemaleSong","0.00855969537492181","0.0629655558339774","0.0552415095457942","0.0222091656681094","315","0.216585574590127","0.783414425409873","0.781383040322437","0.218616959677563","0.16272425838577","0.618658781936667","0.0538613162043569","0.164755643473206","3570.65874121"
"temprow.399","400","MeanCoopTie2Noncoop","FemaleSong","0.00855969537492181","0.0629655558339774","0.0552415095457942","0.0222091656681094","315","0.240911715802131","0.759088284197869","0.807491679990618","0.192508320009382","0.198689980809412","0.608801699181206","0.0422217349927192","0.150286585016663","3570.65874121"
"temprow.400","401","MeanCoopTie2Noncoop","FemaleSong","0.00855969537492181","0.0629655558339774","0.0552415095457942","0.0222091656681094","315","0.217978195889956","0.782021804110044","0.840353618540873","0.159646381459127","0.17824382801424","0.662109790526633","0.0397343678757162","0.119912013583411","3570.65874121"
"temprow.401","402","MeanCoopTie2Noncoop","FemaleSong","0.00855969537492181","0.0629655558339774","0.0552415095457942","0.0222091656681094","315","0.327463996643454","0.672536003356546","0.894138684886985","0.105861315113015","0.301197753907082","0.592940930979903","0.0262662427363723","0.0795950723766422","3570.65874121"
"temprow.402","403","MeanCoopTie2Noncoop","FemaleSong","0.00855969537492181","0.0629655558339774","0.0552415095457942","0.0222091656681094","315","0.230245624437456","0.769754375562543","0.886504658168663","0.113495341831337","0.203716405523824","0.682788252644839","0.0265292189136328","0.0869661229177045","3570.65874121"
"temprow.403","404","MeanCoopTie2Noncoop","FemaleSong","0.00855969537492181","0.0629655558339774","0.0552415095457942","0.0222091656681094","315","0.298470028079803","0.701529971920198","0.839126389735741","0.160873610264259","0.257916765361127","0.581209624374614","0.0405532627186755","0.120320347545583","3570.65874121"
"temprow.404","405","MeanCoopTie2Noncoop","FemaleSong","0.00855969537492181","0.0629655558339774","0.0552415095457942","0.0222091656681094","315","0.201338401254176","0.798661598745824","0.84268711534444","0.15731288465556","0.16590962032545","0.67677749501899","0.0354287809287257","0.121884103726834","3570.65874121"
"temprow.405","406","MeanCoopTie2Noncoop","FemaleSong","0.00855969537492181","0.0629655558339774","0.0552415095457942","0.0222091656681094","315","0.289862028170443","0.710137971829557","0.688165424371874","0.311834575628126","0.19686271863871","0.491302705733164","0.0929993095317334","0.218835266096393","3570.65874121"
"temprow.406","407","MeanCoopTie2Noncoop","FemaleSong","0.00855969537492181","0.0629655558339774","0.0552415095457942","0.0222091656681094","315","0.199035562460426","0.800964437539574","0.804766349399265","0.195233650600735","0.1671150984567","0.637651250942565","0.031920464003726","0.163313186597009","3570.65874121"
"temprow.407","408","MeanCoopTie2Noncoop","FemaleSong","0.00855969537492181","0.0629655558339774","0.0552415095457942","0.0222091656681094","315","0.188124281784389","0.811875718215611","0.836655893864501","0.163344106135499","0.168079633823385","0.668576260041117","0.0200446479610041","0.143299458174494","3570.65874121"
"temprow.408","409","MeanCoopTie2Noncoop","FemaleSong","0.00855969537492181","0.0629655558339774","0.0552415095457942","0.0222091656681094","315","0.234285145980354","0.765714854019647","0.863455054606998","0.136544945393002","0.20044260154217","0.663012453064827","0.0338425444381832","0.102702400954819","3570.65874121"
"temprow.409","410","MeanCoopTie2Noncoop","FemaleSong","0.00855969537492181","0.0629655558339774","0.0552415095457942","0.0222091656681094","315","0.178190139748082","0.821809860251918","0.858212558092473","0.141787441907527","0.153066071408609","0.705146486683864","0.025124068339473","0.116663373568054","3570.65874121"
"temprow.410","411","MeanCoopTie2Noncoop","FemaleSong","0.00855969537492181","0.0629655558339774","0.0552415095457942","0.0222091656681094","315","0.223350676488003","0.776649323511998","0.876238359049877","0.123761640950123","0.183762258443458","0.692476100606419","0.0395884180445448","0.0841732229055784","3570.65874121"
"temprow.411","412","MeanCoopTie2Noncoop","FemaleSong","0.00855969537492181","0.0629655558339774","0.0552415095457942","0.0222091656681094","315","0.260490717619033","0.739509282380967","0.790269955789823","0.209730044210177","0.232267135375404","0.558002820414419","0.0282235822436288","0.181506461966548","3570.65874121"
"temprow.412","413","MeanCoopTie2Noncoop","FemaleSong","0.00855969537492181","0.0629655558339774","0.0552415095457942","0.0222091656681094","315","0.207019459967587","0.792980540032413","0.84074413361693","0.15925586638307","0.178118805479515","0.662625328137415","0.0289006544880719","0.130355211894998","3570.65874121"
"temprow.413","414","MeanCoopTie2Noncoop","FemaleSong","0.00855969537492181","0.0629655558339774","0.0552415095457942","0.0222091656681094","315","0.227990578628685","0.772009421371316","0.883085168977257","0.116914831022743","0.212563551369916","0.67052161760734","0.015427027258768","0.101487803763975","3570.65874121"
"temprow.414","415","MeanCoopTie2Noncoop","FemaleSong","0.00855969537492181","0.0629655558339774","0.0552415095457942","0.0222091656681094","315","0.211419284716538","0.788580715283462","0.767280209988848","0.232719790011152","0.156900754759359","0.610379455229489","0.0545185299571791","0.178201260053973","3570.65874121"
"temprow.415","416","MeanCoopTie2Noncoop","FemaleSong","0.00855969537492181","0.0629655558339774","0.0552415095457942","0.0222091656681094","315","0.290963007288438","0.709036992711562","0.870538020986639","0.129461979013361","0.258214102182716","0.612323918803923","0.0327489051057221","0.0967130739076387","3570.65874121"
"temprow.416","417","MeanCoopTie2Noncoop","FemaleSong","0.00855969537492181","0.0629655558339774","0.0552415095457942","0.0222091656681094","315","0.218099919823253","0.781900080176747","0.70245233585152","0.297547664148481","0.127444323872705","0.575008011978814","0.0906555959505483","0.206892068197932","3570.65874121"
"temprow.417","418","MeanCoopTie2Noncoop","FemaleSong","0.00855969537492181","0.0629655558339774","0.0552415095457942","0.0222091656681094","315","0.24258130428186","0.75741869571814","0.847009373201551","0.152990626798449","0.208111003174832","0.638898370026719","0.0344703011070274","0.118520325691422","3570.65874121"
"temprow.418","419","MeanCoopTie2Noncoop","FemaleSong","0.00855969537492181","0.0629655558339774","0.0552415095457942","0.0222091656681094","315","0.247371178901405","0.752628821098595","0.875724509497491","0.124275490502509","0.210399180271695","0.665325329225796","0.0369719986297105","0.0873034918727989","3570.65874121"
"temprow.419","420","MeanCoopTie2Noncoop","FemaleSong","0.00855969537492181","0.0629655558339774","0.0552415095457942","0.0222091656681094","315","0.290622949021704","0.709377050978296","0.88679079443537","0.11320920556463","0.266607283731031","0.620183510704339","0.0240156652906739","0.0891935402739565","3570.65874121"
"temprow.420","421","MeanCoopTie2Noncoop","FemaleSong","0.00855969537492181","0.0629655558339774","0.0552415095457942","0.0222091656681094","315","0.198015101595078","0.801984898404922","0.817970554544104","0.182029445455897","0.154152346237551","0.663818208306553","0.0438627553575274","0.138166690098369","3570.65874121"
"temprow.421","422","MeanCoopTie2Noncoop","FemaleSong","0.00855969537492181","0.0629655558339774","0.0552415095457942","0.0222091656681094","315","0.204715406213101","0.795284593786899","0.827134636929398","0.172865363070602","0.171869319159188","0.65526531777021","0.0328460870539126","0.140019276016689","3570.65874121"
"temprow.422","423","MeanCoopTie2Noncoop","FemaleSong","0.00855969537492181","0.0629655558339774","0.0552415095457942","0.0222091656681094","315","0.263556371668933","0.736443628331067","0.821835098838994","0.178164901161006","0.192594574129253","0.629240524709741","0.0709617975396806","0.107203103621325","3570.65874121"
"temprow.423","424","MeanCoopTie2Noncoop","FemaleSong","0.00855969537492181","0.0629655558339774","0.0552415095457942","0.0222091656681094","315","0.216120469305838","0.783879530694162","0.83305587183425","0.16694412816575","0.165399033353139","0.667656838481112","0.0507214359526994","0.11622269221305","3570.65874121"
"temprow.424","425","MeanCoopTie2Noncoop","FemaleSong","0.00855969537492181","0.0629655558339774","0.0552415095457942","0.0222091656681094","315","0.307592548105207","0.692407451894792","0.839954498312857","0.160045501687143","0.253505267390004","0.586449230922854","0.0540872807152041","0.105958220971939","3570.65874121"
"temprow.425","426","MeanCoopTie2Noncoop","FemaleSong","0.00855969537492181","0.0629655558339774","0.0552415095457942","0.0222091656681094","315","0.224360679307035","0.775639320692965","0.849761379080521","0.150238620919479","0.201034398325284","0.648726980755237","0.0233262809817507","0.126912339937728","3570.65874121"
"temprow.426","427","MeanCoopTie2Noncoop","FemaleSong","0.00855969537492181","0.0629655558339774","0.0552415095457942","0.0222091656681094","315","0.234366239178219","0.765633760821781","0.825081188940385","0.174918811059615","0.19394609330821","0.631135095632175","0.0404201458700088","0.134498665189606","3570.65874121"
"temprow.427","428","MeanCoopTie2Noncoop","FemaleSong","0.00855969537492181","0.0629655558339774","0.0552415095457942","0.0222091656681094","315","0.231306607838827","0.768693392161173","0.87190753713103","0.12809246286897","0.214984089208916","0.656923447922114","0.0163225186299115","0.111769944239059","3570.65874121"
"temprow.428","429","MeanCoopTie2Noncoop","FemaleSong","0.00855969537492181","0.0629655558339774","0.0552415095457942","0.0222091656681094","315","0.257827168208314","0.742172831791686","0.816177320390409","0.183822679609591","0.218279621190065","0.597897699200344","0.0395475470182487","0.144275132591342","3570.65874121"
"temprow.429","430","MeanCoopTie2Noncoop","FemaleSong","0.00855969537492181","0.0629655558339774","0.0552415095457942","0.0222091656681094","315","0.241521756464027","0.758478243535973","0.866751981982685","0.133248018017315","0.201980422085925","0.664771559896761","0.039541334378102","0.0937066836392126","3570.65874121"
"temprow.430","431","MeanCoopTie2Noncoop","FemaleSong","0.00855969537492181","0.0629655558339774","0.0552415095457942","0.0222091656681094","315","0.285500499369602","0.714499500630398","0.840241591374758","0.159758408625242","0.245413299224451","0.594828292150307","0.0400872001451513","0.11967120848009","3570.65874121"
"temprow.431","432","MeanCoopTie2Noncoop","FemaleSong","0.00855969537492181","0.0629655558339774","0.0552415095457942","0.0222091656681094","315","0.200315026100745","0.799684973899255","0.885353388606481","0.114646611393519","0.186818471240464","0.698534917366017","0.0134965548602806","0.101150056533238","3570.65874121"
"temprow.432","433","MeanCoopTie2Noncoop","FemaleSong","0.00855969537492181","0.0629655558339774","0.0552415095457942","0.0222091656681094","315","0.271563154588431","0.728436845411569","0.865657420769414","0.134342579230586","0.239570725669958","0.626086695099456","0.0319924289184732","0.102350150312113","3570.65874121"
"temprow.433","434","MeanCoopTie2Noncoop","FemaleSong","0.00855969537492181","0.0629655558339774","0.0552415095457942","0.0222091656681094","315","0.269752694549045","0.730247305450955","0.86801344835008","0.13198655164992","0.233406201552344","0.634607246797735","0.0363464929967011","0.0956400586532194","3570.65874121"
"temprow.434","435","MeanCoopTie2Noncoop","FemaleSong","0.00855969537492181","0.0629655558339774","0.0552415095457942","0.0222091656681094","315","0.205438467699223","0.794561532300777","0.880808687264212","0.119191312735788","0.17215574936813","0.708652937896082","0.033282718331093","0.0859085944046948","3570.65874121"
"temprow.435","436","MeanCoopTie2Noncoop","FemaleSong","0.00855969537492181","0.0629655558339774","0.0552415095457942","0.0222091656681094","315","0.30429168015882","0.69570831984118","0.832782072569046","0.167217927430954","0.256866616402635","0.575915456166411","0.0474250637561845","0.11979286367477","3570.65874121"
"temprow.436","437","MeanCoopTie2Noncoop","FemaleSong","0.00855969537492181","0.0629655558339774","0.0552415095457942","0.0222091656681094","315","0.233646701842471","0.766353298157529","0.870349300146546","0.129650699853454","0.209065884164311","0.661283415982234","0.0245808176781599","0.105069882175294","3570.65874121"
"temprow.437","438","MeanCoopTie2Noncoop","FemaleSong","0.00855969537492181","0.0629655558339774","0.0552415095457942","0.0222091656681094","315","0.308723031712681","0.691276968287319","0.773363553567009","0.226636446432991","0.235973053948798","0.537390499618211","0.0727499777638834","0.153886468669108","3570.65874121"
"temprow.438","439","MeanCoopTie2Noncoop","FemaleSong","0.00855969537492181","0.0629655558339774","0.0552415095457942","0.0222091656681094","315","0.290037908003126","0.709962091996874","0.741429456054161","0.258570543945839","0.1979547785168","0.543474677537361","0.0920831294863262","0.166487414459513","3570.65874121"
"temprow.439","440","MeanCoopTie2Noncoop","FemaleSong","0.00855969537492181","0.0629655558339774","0.0552415095457942","0.0222091656681094","315","0.305091103701211","0.694908896298789","0.824734979570649","0.175265020429351","0.269312845802818","0.555422133767831","0.0357782578983936","0.139486762530957","3570.65874121"
"temprow.440","441","MeanCoopTie2Noncoop","FemaleSong","0.00855969537492181","0.0629655558339774","0.0552415095457942","0.0222091656681094","315","0.240791864336142","0.759208135663858","0.756126662294674","0.243873337705326","0.177061335943065","0.579065326351609","0.0637305283930777","0.180142809312248","3570.65874121"
"temprow.441","442","MeanCoopTie2Noncoop","FemaleSong","0.00855969537492181","0.0629655558339774","0.0552415095457942","0.0222091656681094","315","0.203943144788583","0.796056855211417","0.895559382199199","0.104440617800802","0.182897503738916","0.712661878460282","0.021045641049667","0.0833949767511345","3570.65874121"
"temprow.442","443","MeanCoopTie2Noncoop","FemaleSong","0.00855969537492181","0.0629655558339774","0.0552415095457942","0.0222091656681094","315","0.253799885411255","0.746200114588745","0.785510146622256","0.214489853377744","0.215443811141133","0.570066335481123","0.0383560742701221","0.176133779107622","3570.65874121"
"temprow.443","444","MeanCoopTie2Noncoop","FemaleSong","0.00855969537492181","0.0629655558339774","0.0552415095457942","0.0222091656681094","315","0.249021432859111","0.750978567140889","0.727616317128592","0.272383682871408","0.192903153495059","0.534713163633533","0.0561182793640519","0.216265403507356","3570.65874121"
"temprow.444","445","MeanCoopTie2Noncoop","FemaleSong","0.00855969537492181","0.0629655558339774","0.0552415095457942","0.0222091656681094","315","0.257838513047116","0.742161486952884","0.776790730922298","0.223209269077703","0.196506199510683","0.580284531411615","0.061332313536433","0.16187695554127","3570.65874121"
"temprow.445","446","MeanCoopTie2Noncoop","FemaleSong","0.00855969537492181","0.0629655558339774","0.0552415095457942","0.0222091656681094","315","0.218661432193893","0.781338567806107","0.818399833878228","0.181600166121772","0.161166186732716","0.657233647145512","0.0574952454611762","0.124104920660595","3570.65874121"
"temprow.446","447","MeanCoopTie2Noncoop","FemaleSong","0.00855969537492181","0.0629655558339774","0.0552415095457942","0.0222091656681094","315","0.233684394342979","0.766315605657021","0.882924216075196","0.117075783924804","0.198000415216501","0.684923800858695","0.035683979126478","0.0813918047983263","3570.65874121"
"temprow.447","448","MeanCoopTie2Noncoop","FemaleSong","0.00855969537492181","0.0629655558339774","0.0552415095457942","0.0222091656681094","315","0.292665125342349","0.707334874657651","0.781945317379901","0.218054682620099","0.21834755418064","0.563597763199261","0.0743175711617082","0.143737111458391","3570.65874121"
"temprow.448","449","MeanCoopTie2Noncoop","FemaleSong","0.00855969537492181","0.0629655558339774","0.0552415095457942","0.0222091656681094","315","0.338560162467053","0.661439837532947","0.798579197428436","0.201420802571564","0.281146294221909","0.517432903206527","0.0574138682451434","0.14400693432642","3570.65874121"
"temprow.449","450","MeanCoopTie2Noncoop","FemaleSong","0.00855969537492181","0.0629655558339774","0.0552415095457942","0.0222091656681094","315","0.297050655412632","0.702949344587368","0.819572978967824","0.180427021032176","0.249568525921107","0.570004453046717","0.0474821294915251","0.132944891540651","3570.65874121"
"temprow.450","451","MeanCoopTie2Noncoop","FemaleSong","0.00855969537492181","0.0629655558339774","0.0552415095457942","0.0222091656681094","315","0.327037255070157","0.672962744929843","0.846951408727999","0.153048591272001","0.287721395784681","0.559230012943318","0.0393158592854756","0.113732731986526","3570.65874121"
"temprow.451","452","MeanCoopTie2Noncoop","FemaleSong","0.00855969537492181","0.0629655558339774","0.0552415095457942","0.0222091656681094","315","0.273867193223536","0.726132806776464","0.846888961014465","0.153111038985535","0.221092159395222","0.625796801619244","0.0527750338283145","0.10033600515722","3570.65874121"
"temprow.452","453","MeanCoopTie2Noncoop","FemaleSong","0.00855969537492181","0.0629655558339774","0.0552415095457942","0.0222091656681094","315","0.23503363552756","0.76496636447244","0.738220758289212","0.261779241710788","0.169230836615047","0.568989921674166","0.0658027989125133","0.195976442798274","3570.65874121"
"temprow.453","454","MeanCoopTie2Noncoop","FemaleSong","0.00855969537492181","0.0629655558339774","0.0552415095457942","0.0222091656681094","315","0.196682432194671","0.803317567805329","0.8263456050743","0.1736543949257","0.171051843112462","0.655293761961837","0.0256305890822091","0.148023805843491","3570.65874121"
"temprow.454","455","MeanCoopTie2Noncoop","FemaleSong","0.00855969537492181","0.0629655558339774","0.0552415095457942","0.0222091656681094","315","0.225843389410335","0.774156610589665","0.867934594955876","0.132065405044124","0.193161700177311","0.674772894778565","0.0326816892330242","0.0993837158111002","3570.65874121"
"temprow.455","456","MeanCoopTie2Noncoop","FemaleSong","0.00855969537492181","0.0629655558339774","0.0552415095457942","0.0222091656681094","315","0.239149528496888","0.760850471503112","0.823631070506934","0.176368929493066","0.203883094488413","0.619747976018521","0.0352664340084752","0.141102495484591","3570.65874121"
"temprow.456","457","MeanCoopTie2Noncoop","FemaleSong","0.00855969537492181","0.0629655558339774","0.0552415095457942","0.0222091656681094","315","0.168568855135084","0.831431144864917","0.860139863475094","0.139860136524906","0.137783991764095","0.722355871710999","0.0307848633709886","0.109075273153917","3570.65874121"
"temprow.457","458","MeanCoopTie2Noncoop","FemaleSong","0.00855969537492181","0.0629655558339774","0.0552415095457942","0.0222091656681094","315","0.304797044658347","0.695202955341653","0.892076958956671","0.107923041043329","0.269275672008423","0.622801286948248","0.0355213726499242","0.0724016683934049","3570.65874121"
"temprow.458","459","MeanCoopTie2Noncoop","FemaleSong","0.00855969537492181","0.0629655558339774","0.0552415095457942","0.0222091656681094","315","0.260009708450092","0.739990291549908","0.848242413134434","0.151757586865566","0.231729694063228","0.616512719071206","0.028280014386864","0.123477572478702","3570.65874121"
"temprow.459","460","MeanCoopTie2Noncoop","FemaleSong","0.00855969537492181","0.0629655558339774","0.0552415095457942","0.0222091656681094","315","0.267286915636027","0.732713084363973","0.757745629358676","0.242254370641324","0.208554543591574","0.549191085767101","0.0587323720444528","0.183521998596872","3570.65874121"
"temprow.460","461","MeanCoopTie2Noncoop","FemaleSong","0.00855969537492181","0.0629655558339774","0.0552415095457942","0.0222091656681094","315","0.32672734660579","0.67327265339421","0.81686819817022","0.18313180182978","0.234898780533893","0.581969417636327","0.091828566071897","0.091303235757883","3570.65874121"
"temprow.461","462","MeanCoopTie2Noncoop","FemaleSong","0.00855969537492181","0.0629655558339774","0.0552415095457942","0.0222091656681094","315","0.280782864417428","0.719217135582572","0.812474933284695","0.187525066715305","0.214990190726795","0.597484742557899","0.0657926736906323","0.121732393024673","3570.65874121"
"temprow.462","463","MeanCoopTie2Noncoop","FemaleSong","0.00855969537492181","0.0629655558339774","0.0552415095457942","0.0222091656681094","315","0.211575673383029","0.788424326616971","0.79890614749838","0.20109385250162","0.153069203512119","0.645836943986261","0.05850646987091","0.14258738263071","3570.65874121"
"temprow.463","464","MeanCoopTie2Noncoop","FemaleSong","0.00855969537492181","0.0629655558339774","0.0552415095457942","0.0222091656681094","315","0.236750787205823","0.763249212794177","0.851933610320446","0.148066389679554","0.175529754129257","0.67640385619119","0.0612210330765664","0.086845356602987","3570.65874121"
"temprow.464","465","MeanCoopTie2Noncoop","FemaleSong","0.00855969537492181","0.0629655558339774","0.0552415095457942","0.0222091656681094","315","0.23567578333567","0.76432421666433","0.811640418706125","0.188359581293875","0.198349162995088","0.613291255711037","0.0373266203405824","0.151032960953293","3570.65874121"
"temprow.465","466","MeanCoopTie2Noncoop","FemaleSong","0.00855969537492181","0.0629655558339774","0.0552415095457942","0.0222091656681094","315","0.238065975880565","0.761934024119435","0.754063985626042","0.245936014373958","0.173441979015194","0.580622006610848","0.0646239968653705","0.181312017508588","3570.65874121"
"temprow.466","467","MeanCoopTie2Noncoop","FemaleSong","0.00855969537492181","0.0629655558339774","0.0552415095457942","0.0222091656681094","315","0.292821347425793","0.707178652574207","0.823785485679038","0.176214514320962","0.23035541756483","0.593430068114208","0.0624659298609626","0.11374858446","3570.65874121"
"temprow.467","468","MeanCoopTie2Noncoop","FemaleSong","0.00855969537492181","0.0629655558339774","0.0552415095457942","0.0222091656681094","315","0.242819581350264","0.757180418649736","0.885350087771999","0.114649912228001","0.202354759029049","0.68299532874295","0.0404648223212152","0.0741850899067862","3570.65874121"
"temprow.468","469","MeanCoopTie2Noncoop","FemaleSong","0.00855969537492181","0.0629655558339774","0.0552415095457942","0.0222091656681094","315","0.267913315003894","0.732086684996106","0.872625353261482","0.127374646738518","0.237111587585786","0.635513765675696","0.0308017274181081","0.0965729193204099","3570.65874121"
"temprow.469","470","MeanCoopTie2Noncoop","FemaleSong","0.00855969537492181","0.0629655558339774","0.0552415095457942","0.0222091656681094","315","0.205837825827277","0.794162174172724","0.844267158992982","0.155732841007018","0.165855019729667","0.678412139263314","0.0399828060976092","0.115750034909409","3570.65874121"
"temprow.470","471","MeanCoopTie2Noncoop","FemaleSong","0.00855969537492181","0.0629655558339774","0.0552415095457942","0.0222091656681094","315","0.301906032658752","0.698093967341248","0.750961131737248","0.249038868262752","0.222706483926582","0.528254647810666","0.0791995487321698","0.169839319530582","3570.65874121"
"temprow.471","472","MeanCoopTie2Noncoop","FemaleSong","0.00855969537492181","0.0629655558339774","0.0552415095457942","0.0222091656681094","315","0.27893792684287","0.72106207315713","0.812234492149494","0.187765507850506","0.230969602936564","0.58126488921293","0.0479683239063058","0.1397971839442","3570.65874121"
"temprow.472","473","MeanCoopTie2Noncoop","FemaleSong","0.00855969537492181","0.0629655558339774","0.0552415095457942","0.0222091656681094","315","0.210812431951987","0.789187568048013","0.787018897091526","0.212981102908474","0.177861352393718","0.609157544697808","0.0329510795582689","0.180030023350205","3570.65874121"
"temprow.473","474","MeanCoopTie2Noncoop","FemaleSong","0.00855969537492181","0.0629655558339774","0.0552415095457942","0.0222091656681094","315","0.245842250253192","0.754157749746808","0.817520857134297","0.182479142865703","0.205591670891305","0.611929186242992","0.0402505793618865","0.142228563503816","3570.65874121"
"temprow.474","475","MeanCoopTie2Noncoop","FemaleSong","0.00855969537492181","0.0629655558339774","0.0552415095457942","0.0222091656681094","315","0.287541218334051","0.712458781665949","0.873643665439068","0.126356334560932","0.267208846827496","0.606434818611572","0.0203323715065545","0.106023963054378","3570.65874121"
"temprow.475","476","MeanCoopTie2Noncoop","FemaleSong","0.00855969537492181","0.0629655558339774","0.0552415095457942","0.0222091656681094","315","0.227614825352586","0.772385174647414","0.796996545774605","0.203003454225395","0.184676474764103","0.612320071010502","0.0429383505884831","0.160065103636912","3570.65874121"
"temprow.476","477","MeanCoopTie2Noncoop","FemaleSong","0.00855969537492181","0.0629655558339774","0.0552415095457942","0.0222091656681094","315","0.252486827395435","0.747513172604565","0.894170564252941","0.10582943574706","0.2193361272968","0.67483443695614","0.033150700098635","0.0726787356484245","3570.65874121"
"temprow.477","478","MeanCoopTie2Noncoop","FemaleSong","0.00855969537492181","0.0629655558339774","0.0552415095457942","0.0222091656681094","315","0.216091253281817","0.783908746718183","0.803200637989409","0.196799362010591","0.166947143814434","0.636253494174975","0.049144109467383","0.147655252543208","3570.65874121"
"temprow.478","479","MeanCoopTie2Noncoop","FemaleSong","0.00855969537492181","0.0629655558339774","0.0552415095457942","0.0222091656681094","315","0.303489000648526","0.696510999351474","0.79422756473021","0.20577243526979","0.240048935239161","0.554178629491049","0.063440065409365","0.142332369860425","3570.65874121"
"temprow.479","480","MeanCoopTie2Noncoop","FemaleSong","0.00855969537492181","0.0629655558339774","0.0552415095457942","0.0222091656681094","315","0.22527632390595","0.77472367609405","0.797997306841777","0.202002693158223","0.184724205097567","0.61327310174421","0.0405521188083826","0.16145057434984","3570.65874121"
"temprow.480","481","MeanCoopTie2Noncoop","FemaleSong","0.00855969537492181","0.0629655558339774","0.0552415095457942","0.0222091656681094","315","0.279849947590222","0.720150052409778","0.684279347735078","0.315720652264922","0.204260900626179","0.480018447108899","0.0755890469640428","0.240131605300879","3570.65874121"
"temprow.481","482","MeanCoopTie2Noncoop","FemaleSong","0.00855969537492181","0.0629655558339774","0.0552415095457942","0.0222091656681094","315","0.198725649465967","0.801274350534033","0.875650317021403","0.124349682978597","0.183312500255735","0.692337816765668","0.015413149210232","0.108936533768365","3570.65874121"
"temprow.482","483","MeanCoopTie2Noncoop","FemaleSong","0.00855969537492181","0.0629655558339774","0.0552415095457942","0.0222091656681094","315","0.240916070098552","0.759083929901448","0.827559318597606","0.172440681402394","0.185676301376845","0.64188301722076","0.0552397687217068","0.117200912680687","3570.65874121"
"temprow.483","484","MeanCoopTie2Noncoop","FemaleSong","0.00855969537492181","0.0629655558339774","0.0552415095457942","0.0222091656681094","315","0.21337357516518","0.78662642483482","0.827627142691834","0.172372857308166","0.185685107735401","0.641942034956432","0.0276884674297791","0.144684389878387","3570.65874121"
"temprow.484","485","MeanCoopTie2Noncoop","FemaleSong","0.00855969537492181","0.0629655558339774","0.0552415095457942","0.0222091656681094","315","0.227007320295064","0.772992679704936","0.777794550974719","0.222205449025281","0.178969792147515","0.598824758827205","0.0480375281475496","0.174167920877731","3570.65874121"
"temprow.485","486","MeanCoopTie2Noncoop","FemaleSong","0.00855969537492181","0.0629655558339774","0.0552415095457942","0.0222091656681094","315","0.21312612325724","0.78687387674276","0.849206597140755","0.150793402859245","0.180013406740411","0.669193190400343","0.033112716516829","0.117680686342416","3570.65874121"
"temprow.486","487","MeanCoopTie2Noncoop","FemaleSong","0.00855969537492181","0.0629655558339774","0.0552415095457942","0.0222091656681094","315","0.249765362695472","0.750234637304528","0.765954688030743","0.234045311969257","0.217190510859448","0.548764177171295","0.0325748518360238","0.201470460133233","3570.65874121"
"temprow.487","488","MeanCoopTie2Noncoop","FemaleSong","0.00855969537492181","0.0629655558339774","0.0552415095457942","0.0222091656681094","315","0.321293710251059","0.678706289748941","0.797427909425053","0.202572090574947","0.216858458357101","0.580569451067952","0.104435251893958","0.0981368386809884","3570.65874121"
"temprow.488","489","MeanCoopTie2Noncoop","FemaleSong","0.00855969537492181","0.0629655558339774","0.0552415095457942","0.0222091656681094","315","0.248204160758313","0.751795839241687","0.881931617169401","0.118068382830599","0.211424918226152","0.670506698943249","0.0367792425321606","0.0812891402984382","3570.65874121"
"temprow.489","490","MeanCoopTie2Noncoop","FemaleSong","0.00855969537492181","0.0629655558339774","0.0552415095457942","0.0222091656681094","315","0.304617972000514","0.695382027999486","0.768583189387008","0.231416810612992","0.243456185310059","0.525127004076949","0.0611617866904551","0.170255023922536","3570.65874121"
"temprow.490","491","MeanCoopTie2Noncoop","FemaleSong","0.00855969537492181","0.0629655558339774","0.0552415095457942","0.0222091656681094","315","0.216488944424217","0.783511055575783","0.730989149719514","0.269010850280486","0.173626508014335","0.557362641705179","0.0428624364098821","0.226148413870604","3570.65874121"
"temprow.491","492","MeanCoopTie2Noncoop","FemaleSong","0.00855969537492181","0.0629655558339774","0.0552415095457942","0.0222091656681094","315","0.291462993076155","0.708537006923845","0.779861111427658","0.220138888572342","0.244432300515597","0.535428810912061","0.0470306925605571","0.173108196011785","3570.65874121"
"temprow.492","493","MeanCoopTie2Noncoop","FemaleSong","0.00855969537492181","0.0629655558339774","0.0552415095457942","0.0222091656681094","315","0.261246434076618","0.738753565923382","0.857595004160521","0.14240499583948","0.226424062703271","0.631170941457249","0.034822371373347","0.107582624466133","3570.65874121"
"temprow.493","494","MeanCoopTie2Noncoop","FemaleSong","0.00855969537492181","0.0629655558339774","0.0552415095457942","0.0222091656681094","315","0.249833596000017","0.750166403999983","0.897547935376187","0.102452064623813","0.216333761036265","0.681214174339923","0.0334998349637523","0.0689522296600603","3570.65874121"
"temprow.494","495","MeanCoopTie2Noncoop","FemaleSong","0.00855969537492181","0.0629655558339774","0.0552415095457942","0.0222091656681094","315","0.199602180888174","0.800397819111826","0.868608519371138","0.131391480628862","0.175454304735066","0.693154214636072","0.0241478761531078","0.107243604475754","3570.65874121"
"temprow.495","496","MeanCoopTie2Noncoop","FemaleSong","0.00855969537492181","0.0629655558339774","0.0552415095457942","0.0222091656681094","315","0.216441060283746","0.783558939716254","0.835553098345295","0.164446901654705","0.166133786170824","0.669419312174471","0.0503072741129212","0.114139627541784","3570.65874121"
"temprow.496","497","MeanCoopTie2Noncoop","FemaleSong","0.00855969537492181","0.0629655558339774","0.0552415095457942","0.0222091656681094","315","0.25693034354107","0.74306965645893","0.716751154828726","0.283248845171274","0.192679135550759","0.524072019277967","0.0642512079903106","0.218997637180963","3570.65874121"
"temprow.497","498","MeanCoopTie2Noncoop","FemaleSong","0.00855969537492181","0.0629655558339774","0.0552415095457942","0.0222091656681094","315","0.335309312806036","0.664690687193964","0.748678545796658","0.251321454203341","0.273166569252825","0.475511976543834","0.0621427435532113","0.18917871065013","3570.65874121"
"temprow.498","499","MeanCoopTie2Noncoop","FemaleSong","0.00855969537492181","0.0629655558339774","0.0552415095457942","0.0222091656681094","315","0.194268101220851","0.805731898779149","0.833412584333317","0.166587415666683","0.148621572020802","0.684791012312515","0.0456465292000491","0.120940886466634","3570.65874121"
"temprow.499","500","MeanCoopTie2Noncoop","FemaleSong","0.00855969537492181","0.0629655558339774","0.0552415095457942","0.0222091656681094","315","0.30970515959119","0.69029484040881","0.786559060056573","0.213440939943427","0.228456574269099","0.558102485787474","0.0812485853220908","0.132192354621336","3570.65874121"
"temprow.500","501","MeanCoopTie2Noncoop","FemaleSong","0.00855969537492181","0.0629655558339774","0.0552415095457942","0.0222091656681094","315","0.300388825036274","0.699611174963726","0.865921394676839","0.134078605323161","0.249637296013996","0.616284098662843","0.0507515290222786","0.0833270763008825","3570.65874121"
"temprow.501","502","MeanCoopTie2Noncoop","FemaleSong","0.00855969537492181","0.0629655558339774","0.0552415095457942","0.0222091656681094","315","0.268312850453877","0.731687149546123","0.71864222574655","0.28135777425345","0.185421985501189","0.53322024024536","0.0828908649526879","0.198466909300763","3570.65874121"
"temprow.502","503","MeanCoopTie2Noncoop","FemaleSong","0.00855969537492181","0.0629655558339774","0.0552415095457942","0.0222091656681094","315","0.214271097728223","0.785728902271777","0.849045767100899","0.150954232899101","0.181710597141991","0.667335169958908","0.0325605005862323","0.118393732312869","3570.65874121"
"temprow.503","504","MeanCoopTie2Noncoop","FemaleSong","0.00855969537492181","0.0629655558339774","0.0552415095457942","0.0222091656681094","315","0.275690083278763","0.724309916721237","0.867274739098592","0.132725260901408","0.236829762598445","0.630444976500146","0.0388603206803177","0.0938649402210906","3570.65874121"
"temprow.504","505","MeanCoopTie2Noncoop","FemaleSong","0.00855969537492181","0.0629655558339774","0.0552415095457942","0.0222091656681094","315","0.31514725358878","0.68485274641122","0.848488421896807","0.151511578103193","0.253377213063611","0.595111208833196","0.0617700405251687","0.089741537578024","3570.65874121"
"temprow.505","506","MeanCoopTie2Noncoop","FemaleSong","0.00855969537492181","0.0629655558339774","0.0552415095457942","0.0222091656681094","315","0.264129382120374","0.735870617879626","0.844522617803222","0.155477382196778","0.230195187797424","0.614327430005798","0.0339341943229493","0.121543187873828","3570.65874121"
"temprow.506","507","MeanCoopTie2Noncoop","FemaleSong","0.00855969537492181","0.0629655558339774","0.0552415095457942","0.0222091656681094","315","0.256425865883144","0.743574134116856","0.866554825025922","0.133445174974078","0.230187153201107","0.636367671824815","0.0262387126820372","0.10720646229204","3570.65874121"
"temprow.507","508","MeanCoopTie2Noncoop","FemaleSong","0.00855969537492181","0.0629655558339774","0.0552415095457942","0.0222091656681094","315","0.2923960727022","0.7076039272978","0.802480056220056","0.197519943779944","0.233047156023524","0.569432900196532","0.0593489166786759","0.138171027101268","3570.65874121"
"temprow.508","509","MeanCoopTie2Noncoop","FemaleSong","0.00855969537492181","0.0629655558339774","0.0552415095457942","0.0222091656681094","315","0.251733079958178","0.748266920041822","0.889991571029726","0.110008428970274","0.221764913478976","0.66822665755075","0.0299681664792021","0.0800402624910716","3570.65874121"
"temprow.509","510","MeanCoopTie2Noncoop","FemaleSong","0.00855969537492181","0.0629655558339774","0.0552415095457942","0.0222091656681094","315","0.280858016153941","0.71914198384606","0.867357549129284","0.132642450870716","0.250835446719347","0.616522102409937","0.030022569434593","0.102619881436123","3570.65874121"
"temprow.510","511","MeanCoopTie2Noncoop","FemaleSong","0.00855969537492181","0.0629655558339774","0.0552415095457942","0.0222091656681094","315","0.210482073189052","0.789517926810948","0.77765791089705","0.22234208910295","0.146897766163085","0.630760144733965","0.063584307025967","0.158757782076983","3570.65874121"
"temprow.511","512","MeanCoopTie2Noncoop","FemaleSong","0.00855969537492181","0.0629655558339774","0.0552415095457942","0.0222091656681094","315","0.245809435069235","0.754190564930765","0.888934046795863","0.111065953204137","0.217086992969715","0.671847053826149","0.0287224420995199","0.082343511104617","3570.65874121"
"temprow.512","513","MeanCoopTie2Noncoop","FemaleSong","0.00855969537492181","0.0629655558339774","0.0552415095457942","0.0222091656681094","315","0.307912551261566","0.692087448738434","0.86698680622986","0.13301319377014","0.264523516305493","0.602463289924366","0.0433890349560727","0.0896241588140676","3570.65874121"
"temprow.513","514","MeanCoopTie2Noncoop","FemaleSong","0.00855969537492181","0.0629655558339774","0.0552415095457942","0.0222091656681094","315","0.200543805120209","0.799456194879792","0.874857880131876","0.125142119868124","0.170239063495428","0.704618816636448","0.0303047416247805","0.0948373782433433","3570.65874121"
"temprow.514","515","MeanCoopTie2Noncoop","FemaleSong","0.00855969537492181","0.0629655558339774","0.0552415095457942","0.0222091656681094","315","0.180987335066495","0.819012664933505","0.838306159947843","0.161693840052157","0.160283525617939","0.678022634329904","0.0207038094485557","0.140990030603601","3570.65874121"
"temprow.515","516","MeanCoopTie2Noncoop","FemaleSong","0.00855969537492181","0.0629655558339774","0.0552415095457942","0.0222091656681094","315","0.209741925913858","0.790258074086142","0.870025231254414","0.129974768745586","0.190074051476159","0.679951179778255","0.019667874437698","0.110306894307888","3570.65874121"
"temprow.516","517","MeanCoopTie2Noncoop","FemaleSong","0.00855969537492181","0.0629655558339774","0.0552415095457942","0.0222091656681094","315","0.263888030043178","0.736111969956822","0.802707257698112","0.197292742301889","0.207734370713831","0.59497288698428","0.0561536593293467","0.141139082972542","3570.65874121"
"temprow.517","518","MeanCoopTie2Noncoop","FemaleSong","0.00855969537492181","0.0629655558339774","0.0552415095457942","0.0222091656681094","315","0.183972420309423","0.816027579690577","0.691877640730234","0.308122359269766","0.126858854360689","0.565018786369545","0.0571135659487336","0.251008793321032","3570.65874121"
"temprow.518","519","MeanCoopTie2Noncoop","FemaleSong","0.00855969537492181","0.0629655558339774","0.0552415095457942","0.0222091656681094","315","0.233384373485699","0.766615626514301","0.896862585329434","0.103137414670566","0.1953541779429","0.701508407386534","0.0380301955427982","0.0651072191277674","3570.65874121"
"temprow.519","520","MeanCoopTie2Noncoop","FemaleSong","0.00855969537492181","0.0629655558339774","0.0552415095457942","0.0222091656681094","315","0.277147780777905","0.722852219222095","0.850669961737932","0.149330038262068","0.224136882790194","0.626533078947738","0.0530108979877115","0.0963191402743567","3570.65874121"
"temprow.520","521","MeanCoopTie2Noncoop","FemaleSong","0.00855969537492181","0.0629655558339774","0.0552415095457942","0.0222091656681094","315","0.24396941000623","0.75603058999377","0.719052773753239","0.280947226246761","0.190539681290191","0.528513092463048","0.0534297287160391","0.227517497530722","3570.65874121"
"temprow.521","522","MeanCoopTie2Noncoop","FemaleSong","0.00855969537492181","0.0629655558339774","0.0552415095457942","0.0222091656681094","315","0.232447681500731","0.76755231849927","0.75898929190771","0.241010708092291","0.173915697233503","0.585073594674207","0.0585319842672277","0.182478723825063","3570.65874121"
"temprow.522","523","MeanCoopTie2Noncoop","FemaleSong","0.00855969537492181","0.0629655558339774","0.0552415095457942","0.0222091656681094","315","0.30521117470041","0.69478882529959","0.794179053454297","0.205820946545703","0.229510792463115","0.564668260991183","0.0757003822372956","0.130120564308407","3570.65874121"
"temprow.523","524","MeanCoopTie2Noncoop","FemaleSong","0.00855969537492181","0.0629655558339774","0.0552415095457942","0.0222091656681094","315","0.223529095737191","0.776470904262809","0.806902064848863","0.193097935151137","0.184656515958612","0.622245548890251","0.0388725797785789","0.154225355372558","3570.65874121"
"temprow.524","525","MeanCoopTie2Noncoop","FemaleSong","0.00855969537492181","0.0629655558339774","0.0552415095457942","0.0222091656681094","315","0.261084604605044","0.738915395394956","0.823409760427543","0.176590239572457","0.203363914648483","0.62004584577906","0.0577206899565609","0.118869549615896","3570.65874121"
"temprow.525","526","MeanCoopTie2Noncoop","FemaleSong","0.00855969537492181","0.0629655558339774","0.0552415095457942","0.0222091656681094","315","0.294513586563531","0.705486413436469","0.853621416134985","0.146378583865015","0.267328185607921","0.586293230527063","0.0271854009556094","0.119193182909406","3570.65874121"
"temprow.526","527","MeanCoopTie2Noncoop","FemaleSong","0.00855969537492181","0.0629655558339774","0.0552415095457942","0.0222091656681094","315","0.236273962331965","0.763726037668035","0.829834404764222","0.170165595235778","0.183938966231503","0.645895438532719","0.0523349961004615","0.117830599135316","3570.65874121"
"temprow.527","528","MeanCoopTie2Noncoop","FemaleSong","0.00855969537492181","0.0629655558339774","0.0552415095457942","0.0222091656681094","315","0.36663076384374","0.63336923615626","0.792415882402006","0.207584117597994","0.277103250755763","0.515312631646243","0.0895275130879766","0.118056604510017","3570.65874121"
"temprow.528","529","MeanCoopTie2Noncoop","FemaleSong","0.00855969537492181","0.0629655558339774","0.0552415095457942","0.0222091656681094","315","0.194558075669221","0.805441924330779","0.855301702581738","0.144698297418262","0.176722743666936","0.678578958914802","0.0178353320022853","0.126862965415977","3570.65874121"
"temprow.529","530","MeanCoopTie2Noncoop","FemaleSong","0.00855969537492181","0.0629655558339774","0.0552415095457942","0.0222091656681094","315","0.247639905051482","0.752360094948518","0.833941253804268","0.166058746195732","0.194194683290856","0.639746570513412","0.053445221760626","0.112613524435106","3570.65874121"
"temprow.530","531","MeanCoopTie2Noncoop","FemaleSong","0.00855969537492181","0.0629655558339774","0.0552415095457942","0.0222091656681094","315","0.319979023499539","0.680020976500461","0.864898259877347","0.135101740122653","0.266553394283075","0.598344865594272","0.0534256292164641","0.0816761109061887","3570.65874121"
"temprow.531","532","MeanCoopTie2Noncoop","FemaleSong","0.00855969537492181","0.0629655558339774","0.0552415095457942","0.0222091656681094","315","0.257787263013598","0.742212736986402","0.842547704336515","0.157452295663485","0.209488091465129","0.633059612871386","0.0482991715484689","0.109153124115016","3570.65874121"
"temprow.532","533","MeanCoopTie2Noncoop","FemaleSong","0.00855969537492181","0.0629655558339774","0.0552415095457942","0.0222091656681094","315","0.294727965627001","0.705272034373","0.873902766969941","0.12609723303006","0.257048965018636","0.616853801951304","0.0376790006083645","0.088418232421695","3570.65874121"
"temprow.533","534","MeanCoopTie2Noncoop","FemaleSong","0.00855969537492181","0.0629655558339774","0.0552415095457942","0.0222091656681094","315","0.278905635737305","0.721094364262695","0.706566739931085","0.293433260068915","0.218391212046072","0.488175527885014","0.0605144236912334","0.232918836377681","3570.65874121"
"temprow.534","535","MeanCoopTie2Noncoop","FemaleSong","0.00855969537492181","0.0629655558339774","0.0552415095457942","0.0222091656681094","315","0.21515710392654","0.78484289607346","0.847252623218794","0.152747376781206","0.187628285499583","0.659624337719211","0.0275288184269572","0.125218558354248","3570.65874121"
"temprow.535","536","MeanCoopTie2Noncoop","FemaleSong","0.00855969537492181","0.0629655558339774","0.0552415095457942","0.0222091656681094","315","0.28498279719089","0.715017202809111","0.84995513920749","0.15004486079251","0.248853303714639","0.601101835492851","0.0361294934762503","0.11391536731626","3570.65874121"
"temprow.536","537","MeanCoopTie2Noncoop","FemaleSong","0.00855969537492181","0.0629655558339774","0.0552415095457942","0.0222091656681094","315","0.208258267921065","0.791741732078935","0.788922505633662","0.211077494366338","0.163832481154095","0.625090024479567","0.0444257867669696","0.166651707599368","3570.65874121"
"temprow.537","538","MeanCoopTie2Noncoop","FemaleSong","0.00855969537492181","0.0629655558339774","0.0552415095457942","0.0222091656681094","315","0.260440548082208","0.739559451917792","0.781374330069308","0.218625669930692","0.205392850669157","0.575981479400151","0.0550476974130503","0.163577972517641","3570.65874121"
"temprow.538","539","MeanCoopTie2Noncoop","FemaleSong","0.00855969537492181","0.0629655558339774","0.0552415095457942","0.0222091656681094","315","0.222261109363339","0.777738890636661","0.797512039446321","0.202487960553679","0.177854943345367","0.619657096100954","0.0444061660179725","0.158081794535707","3570.65874121"
"temprow.539","540","MeanCoopTie2Noncoop","FemaleSong","0.00855969537492181","0.0629655558339774","0.0552415095457942","0.0222091656681094","315","0.285117649564775","0.714882350435225","0.835118567762826","0.164881432237174","0.247159270928105","0.587959296834721","0.0379583786366703","0.126923053600504","3570.65874121"
"temprow.540","541","MeanCoopTie2Noncoop","FemaleSong","0.00855969537492181","0.0629655558339774","0.0552415095457942","0.0222091656681094","315","0.264567442183107","0.735432557816893","0.792736887666844","0.207263112333156","0.2037915728148","0.588945314852043","0.0607758693683069","0.146487242964849","3570.65874121"
"temprow.541","542","MeanCoopTie2Noncoop","FemaleSong","0.00855969537492181","0.0629655558339774","0.0552415095457942","0.0222091656681094","315","0.225159066680889","0.774840933319111","0.826453959920134","0.173546040079866","0.194651202588939","0.631802757331195","0.0305078640919493","0.143038175987917","3570.65874121"
"temprow.542","543","MeanCoopTie2Noncoop","FemaleSong","0.00855969537492181","0.0629655558339774","0.0552415095457942","0.0222091656681094","315","0.277585829383278","0.722414170616722","0.864854672493452","0.135145327506548","0.250226788703504","0.614627883789949","0.0273590406797742","0.107786286826774","3570.65874121"
"temprow.543","544","MeanCoopTie2Noncoop","FemaleSong","0.00855969537492181","0.0629655558339774","0.0552415095457942","0.0222091656681094","315","0.319487815620688","0.680512184379312","0.879438656671857","0.120561343328143","0.295212343452063","0.584226313219794","0.0242754721686245","0.0962858711595185","3570.65874121"
"temprow.544","545","MeanCoopTie2Noncoop","FemaleSong","0.00855969537492181","0.0629655558339774","0.0552415095457942","0.0222091656681094","315","0.214028216755527","0.785971783244473","0.854389692423948","0.145610307576052","0.185759072567018","0.66863061985693","0.0282691441885091","0.117341163387543","3570.65874121"
"temprow.545","546","MeanCoopTie2Noncoop","FemaleSong","0.00855969537492181","0.0629655558339774","0.0552415095457942","0.0222091656681094","315","0.252286297755665","0.747713702244335","0.816941917758824","0.183058082241176","0.20265117695527","0.614290740803554","0.049635120800395","0.133422961440781","3570.65874121"
"temprow.546","547","MeanCoopTie2Noncoop","FemaleSong","0.00855969537492181","0.0629655558339774","0.0552415095457942","0.0222091656681094","315","0.221916948415449","0.778083051584551","0.847370941022509","0.152629058977491","0.1846536544788","0.662717286543709","0.0372632939366488","0.115365765040842","3570.65874121"
"temprow.547","548","MeanCoopTie2Noncoop","FemaleSong","0.00855969537492181","0.0629655558339774","0.0552415095457942","0.0222091656681094","315","0.223712797112559","0.776287202887441","0.699636406681963","0.300363593318037","0.179991147628149","0.519645259053814","0.0437216494844099","0.256641943833627","3570.65874121"
"temprow.548","549","MeanCoopTie2Noncoop","FemaleSong","0.00855969537492181","0.0629655558339774","0.0552415095457942","0.0222091656681094","315","0.250238784209016","0.749761215790984","0.843070009816077","0.156929990183923","0.201264753992496","0.641805255823581","0.0489740302165199","0.107955959967403","3570.65874121"
"temprow.549","550","MeanCoopTie2Noncoop","FemaleSong","0.00855969537492181","0.0629655558339774","0.0552415095457942","0.0222091656681094","315","0.312170071433484","0.687829928566516","0.877970877455073","0.122029122544927","0.265807998167003","0.61216287928807","0.0463620732664808","0.0756670492784464","3570.65874121"
"temprow.550","551","MeanCoopTie2Noncoop","FemaleSong","0.00855969537492181","0.0629655558339774","0.0552415095457942","0.0222091656681094","315","0.202065873828288","0.797934126171712","0.81973558693206","0.18026441306794","0.171622653669452","0.648112933262608","0.0304432201588361","0.149821192909104","3570.65874121"
"temprow.551","552","MeanCoopTie2Noncoop","FemaleSong","0.00855969537492181","0.0629655558339774","0.0552415095457942","0.0222091656681094","315","0.218500786926409","0.781499213073591","0.761871760247168","0.238128239752832","0.1780095476407","0.583862212606468","0.0404912392857087","0.197637000467123","3570.65874121"
"temprow.552","553","MeanCoopTie2Noncoop","FemaleSong","0.00855969537492181","0.0629655558339774","0.0552415095457942","0.0222091656681094","315","0.246151596404639","0.753848403595361","0.780517718588718","0.219482281411282","0.210935005250828","0.56958271333789","0.035216591153811","0.18426569025747","3570.65874121"
"temprow.553","554","MeanCoopTie2Noncoop","FemaleSong","0.00855969537492181","0.0629655558339774","0.0552415095457942","0.0222091656681094","315","0.205440726959446","0.794559273040554","0.81128050330201","0.188719496697991","0.16874698639632","0.64253351690569","0.036693740563126","0.152025756134865","3570.65874121"
"temprow.554","555","MeanCoopTie2Noncoop","FemaleSong","0.00855969537492181","0.0629655558339774","0.0552415095457942","0.0222091656681094","315","0.265291112554065","0.734708887445935","0.87863657031893","0.12136342968107","0.230170400732317","0.648466169586612","0.0351207118217481","0.0862427178593223","3570.65874121"
"temprow.555","556","MeanCoopTie2Noncoop","FemaleSong","0.00855969537492181","0.0629655558339774","0.0552415095457942","0.0222091656681094","315","0.192781501699294","0.807218498300706","0.892039264176816","0.107960735823184","0.158362831526947","0.733676432649869","0.0344186701723466","0.0735420656508372","3570.65874121"
"temprow.556","557","MeanCoopTie2Noncoop","FemaleSong","0.00855969537492181","0.0629655558339774","0.0552415095457942","0.0222091656681094","315","0.330030824476559","0.669969175523441","0.794993734774268","0.205006265225732","0.245735983461325","0.549257751312943","0.0842948410152336","0.120711424210498","3570.65874121"
"temprow.557","558","MeanCoopTie2Noncoop","FemaleSong","0.00855969537492181","0.0629655558339774","0.0552415095457942","0.0222091656681094","315","0.257834711118735","0.742165288881265","0.888916893868001","0.111083106131999","0.225561720759234","0.663355173108767","0.0322729903595015","0.0788101157724979","3570.65874121"
"temprow.558","559","MeanCoopTie2Noncoop","FemaleSong","0.00855969537492181","0.0629655558339774","0.0552415095457942","0.0222091656681094","315","0.213218258919765","0.786781741080235","0.784249439869536","0.215750560130464","0.172860005660232","0.611389434209305","0.0403582532595327","0.175392306870931","3570.65874121"
"temprow.559","560","MeanCoopTie2Noncoop","FemaleSong","0.00855969537492181","0.0629655558339774","0.0552415095457942","0.0222091656681094","315","0.197758109188253","0.802241890811747","0.730012528086211","0.269987471913789","0.151907646854756","0.578104881231455","0.0458504623334967","0.224137009580292","3570.65874121"
"temprow.560","561","MeanCoopTie2Noncoop","FemaleSong","0.00855969537492181","0.0629655558339774","0.0552415095457942","0.0222091656681094","315","0.201374767437589","0.798625232562411","0.851550234010487","0.148449765989513","0.178369532010323","0.673180702000164","0.0230052354272654","0.125444530562247","3570.65874121"
"temprow.561","562","MeanCoopTie2Noncoop","FemaleSong","0.00855969537492181","0.0629655558339774","0.0552415095457942","0.0222091656681094","315","0.268176413220727","0.731823586779274","0.767402649274132","0.232597350725868","0.214198656325177","0.553203992948955","0.0539777568955492","0.178619593830319","3570.65874121"
"temprow.562","563","MeanCoopTie2Noncoop","FemaleSong","0.00855969537492181","0.0629655558339774","0.0552415095457942","0.0222091656681094","315","0.235528550877324","0.764471449122676","0.884597017935526","0.115402982064474","0.212481666685919","0.672115351249606","0.0230468841914045","0.0923560978730699","3570.65874121"
"temprow.563","564","MeanCoopTie2Noncoop","FemaleSong","0.00855969537492181","0.0629655558339774","0.0552415095457942","0.0222091656681094","315","0.221701424592582","0.778298575407418","0.760185654281367","0.239814345718633","0.172993097755209","0.587192556526158","0.0487083268373731","0.19110601888126","3570.65874121"
"temprow.564","565","MeanCoopTie2Noncoop","FemaleSong","0.00855969537492181","0.0629655558339774","0.0552415095457942","0.0222091656681094","315","0.201867403162429","0.798132596837571","0.832992327457828","0.167007672542172","0.179359608450458","0.65363271900737","0.0225077947119712","0.144499877830201","3570.65874121"
"temprow.565","566","MeanCoopTie2Noncoop","FemaleSong","0.00855969537492181","0.0629655558339774","0.0552415095457942","0.0222091656681094","315","0.240752903924737","0.759247096075263","0.874432899165617","0.125567100834383","0.200077420064717","0.6743554791009","0.0406754838600194","0.0848916169743632","3570.65874121"
"temprow.566","567","MeanCoopTie2Noncoop","FemaleSong","0.00855969537492181","0.0629655558339774","0.0552415095457942","0.0222091656681094","315","0.257291691303871","0.742708308696129","0.867754016969573","0.132245983030427","0.207347845494795","0.660406171474778","0.0499438458090759","0.082302137221351","3570.65874121"
"temprow.567","568","MeanCoopTie2Noncoop","FemaleSong","0.00855969537492181","0.0629655558339774","0.0552415095457942","0.0222091656681094","315","0.236096236839547","0.763903763160453","0.819094145713275","0.180905854286725","0.209751125283913","0.609343020429362","0.0263451115556338","0.154560742731091","3570.65874121"
"temprow.568","569","MeanCoopTie2Noncoop","FemaleSong","0.00855969537492181","0.0629655558339774","0.0552415095457942","0.0222091656681094","315","0.261051351293975","0.738948648706025","0.795446703869885","0.204553296130115","0.212060251097219","0.583386452772666","0.0489911001967556","0.155562195933359","3570.65874121"
"temprow.569","570","MeanCoopTie2Noncoop","FemaleSong","0.00855969537492181","0.0629655558339774","0.0552415095457942","0.0222091656681094","315","0.225158608935905","0.774841391064095","0.838903799005107","0.161096200994893","0.204470741753817","0.63443305725129","0.0206878671820883","0.140408333812805","3570.65874121"
"temprow.570","571","MeanCoopTie2Noncoop","FemaleSong","0.00855969537492181","0.0629655558339774","0.0552415095457942","0.0222091656681094","315","0.283891199028895","0.716108800971105","0.837600712749862","0.162399287250138","0.24191373314862","0.595686979601242","0.0419774658802753","0.120421821369863","3570.65874121"
"temprow.571","572","MeanCoopTie2Noncoop","FemaleSong","0.00855969537492181","0.0629655558339774","0.0552415095457942","0.0222091656681094","315","0.267579031196295","0.732420968803706","0.829597372692416","0.170402627307584","0.225256531374057","0.60434084131836","0.0423224998222379","0.128080127485346","3570.65874121"
"temprow.572","573","MeanCoopTie2Noncoop","FemaleSong","0.00855969537492181","0.0629655558339774","0.0552415095457942","0.0222091656681094","315","0.331323277774076","0.668676722225924","0.898137920257231","0.101862079742769","0.302336145379718","0.595801774877513","0.0289871323943589","0.0728749473484105","3570.65874121"
"temprow.573","574","MeanCoopTie2Noncoop","FemaleSong","0.00855969537492181","0.0629655558339774","0.0552415095457942","0.0222091656681094","315","0.243608501964483","0.756391498035517","0.865215118215619","0.134784881784381","0.200593924282465","0.664621193933154","0.0430145776820177","0.0917703041023632","3570.65874121"
"temprow.574","575","MeanCoopTie2Noncoop","FemaleSong","0.00855969537492181","0.0629655558339774","0.0552415095457942","0.0222091656681094","315","0.219411225024966","0.780588774975034","0.896762805020114","0.103237194979886","0.182391962329981","0.714370842690132","0.0370192626949844","0.066217932284902","3570.65874121"
"temprow.575","576","MeanCoopTie2Noncoop","FemaleSong","0.00855969537492181","0.0629655558339774","0.0552415095457942","0.0222091656681094","315","0.255673191039736","0.744326808960264","0.802939284827506","0.197060715172494","0.204244774761108","0.598694510066398","0.0514284162786283","0.145632298893866","3570.65874121"
"temprow.576","577","MeanCoopTie2Noncoop","FemaleSong","0.00855969537492181","0.0629655558339774","0.0552415095457942","0.0222091656681094","315","0.294716435837038","0.705283564162962","0.741005531865686","0.258994468134314","0.229996807814145","0.511008724051541","0.0647196280228925","0.194274840111421","3570.65874121"
"temprow.577","578","MeanCoopTie2Noncoop","FemaleSong","0.00855969537492181","0.0629655558339774","0.0552415095457942","0.0222091656681094","315","0.205137503135997","0.794862496864003","0.859366209138173","0.140633790861827","0.169030939393808","0.690335269744365","0.0361065637421888","0.104527227119638","3570.65874121"
"temprow.578","579","MeanCoopTie2Noncoop","FemaleSong","0.00855969537492181","0.0629655558339774","0.0552415095457942","0.0222091656681094","315","0.213432045352417","0.786567954647583","0.822541495318694","0.177458504681306","0.18500419581995","0.637537299498745","0.0284278495324674","0.149030655148838","3570.65874121"
"temprow.579","580","MeanCoopTie2Noncoop","FemaleSong","0.00855969537492181","0.0629655558339774","0.0552415095457942","0.0222091656681094","315","0.27146616030742","0.72853383969258","0.893084917143081","0.106915082856919","0.229095956665175","0.663988960477906","0.0423702036422452","0.0645448792146736","3570.65874121"
"temprow.580","581","MeanCoopTie2Noncoop","FemaleSong","0.00855969537492181","0.0629655558339774","0.0552415095457942","0.0222091656681094","315","0.283257480905195","0.716742519094805","0.853534557802667","0.146465442197333","0.232250856056221","0.621283701746446","0.0510066248489737","0.0954588173483596","3570.65874121"
"temprow.581","582","MeanCoopTie2Noncoop","FemaleSong","0.00855969537492181","0.0629655558339774","0.0552415095457942","0.0222091656681094","315","0.200925423745315","0.799074576254685","0.905584892316644","0.0944151076833566","0.182585753150636","0.722999139166008","0.0183396705946787","0.0760754370886778","3570.65874121"
"temprow.582","583","MeanCoopTie2Noncoop","FemaleSong","0.00855969537492181","0.0629655558339774","0.0552415095457942","0.0222091656681094","315","0.338678099310894","0.661321900689106","0.817054858197015","0.182945141802985","0.275842641490703","0.541212216706312","0.0628354578201906","0.120109683982794","3570.65874121"
"temprow.583","584","MeanCoopTie2Noncoop","FemaleSong","0.00855969537492181","0.0629655558339774","0.0552415095457942","0.0222091656681094","315","0.293189079065525","0.706810920934475","0.863436715779231","0.136563284220769","0.245423406782859","0.618013308996372","0.0477656722826661","0.0887976119381033","3570.65874121"
"temprow.584","585","MeanCoopTie2Noncoop","FemaleSong","0.00855969537492181","0.0629655558339774","0.0552415095457942","0.0222091656681094","315","0.223432759913174","0.776567240086826","0.840389301368241","0.159610698631759","0.202823035376195","0.637566265992046","0.0206097245369789","0.13900097409478","3570.65874121"
"temprow.585","586","MeanCoopTie2Noncoop","FemaleSong","0.00855969537492181","0.0629655558339774","0.0552415095457942","0.0222091656681094","315","0.24461325608511","0.75538674391489","0.837924947141659","0.162075052858341","0.2146954565812","0.623229490560459","0.0299177995039096","0.132157253354431","3570.65874121"
"temprow.586","587","MeanCoopTie2Noncoop","FemaleSong","0.00855969537492181","0.0629655558339774","0.0552415095457942","0.0222091656681094","315","0.263230495883774","0.736769504116226","0.894873322869677","0.105126677130323","0.228578607585339","0.666294715284338","0.0346518882984351","0.0704747888318882","3570.65874121"
"temprow.587","588","MeanCoopTie2Noncoop","FemaleSong","0.00855969537492181","0.0629655558339774","0.0552415095457942","0.0222091656681094","315","0.204860458209229","0.795139541790771","0.860602252761083","0.139397747238917","0.158616724052865","0.701985528708219","0.0462437341563641","0.0931540130825525","3570.65874121"
"temprow.588","589","MeanCoopTie2Noncoop","FemaleSong","0.00855969537492181","0.0629655558339774","0.0552415095457942","0.0222091656681094","315","0.259291337914577","0.740708662085423","0.73382122509468","0.26617877490532","0.17951517415815","0.55430605093653","0.079776163756427","0.186402611148893","3570.65874121"
"temprow.589","590","MeanCoopTie2Noncoop","FemaleSong","0.00855969537492181","0.0629655558339774","0.0552415095457942","0.0222091656681094","315","0.320769120273254","0.679230879726746","0.845083897724085","0.154916102275915","0.270467604938709","0.574616292785376","0.0503015153345451","0.10461458694137","3570.65874121"
"temprow.590","591","MeanCoopTie2Noncoop","FemaleSong","0.00855969537492181","0.0629655558339774","0.0552415095457942","0.0222091656681094","315","0.301361124475324","0.698638875524677","0.80748849394047","0.19251150605953","0.230639965679036","0.576848528261434","0.0707211587962878","0.121790347263243","3570.65874121"
"temprow.591","592","MeanCoopTie2Noncoop","FemaleSong","0.00855969537492181","0.0629655558339774","0.0552415095457942","0.0222091656681094","315","0.300603896115294","0.699396103884706","0.857562795463363","0.142437204536637","0.283272291840223","0.57429050362314","0.0173316042750707","0.125105600261566","3570.65874121"
"temprow.592","593","MeanCoopTie2Noncoop","FemaleSong","0.00855969537492181","0.0629655558339774","0.0552415095457942","0.0222091656681094","315","0.228699143423753","0.771300856576247","0.785716988759283","0.214283011240717","0.195761396960887","0.589955591798397","0.0329377464628659","0.181345264777851","3570.65874121"
"temprow.593","594","MeanCoopTie2Noncoop","FemaleSong","0.00855969537492181","0.0629655558339774","0.0552415095457942","0.0222091656681094","315","0.228603925828668","0.771396074171332","0.834739426922389","0.165260573077611","0.176533951148642","0.658205475773747","0.0520699746800256","0.113190598397585","3570.65874121"
"temprow.594","595","MeanCoopTie2Noncoop","FemaleSong","0.00855969537492181","0.0629655558339774","0.0552415095457942","0.0222091656681094","315","0.28078422151105","0.71921577848895","0.842095870673035","0.157904129326965","0.249403032621985","0.592692838051049","0.0313811888890647","0.1265229404379","3570.65874121"
"temprow.595","596","MeanCoopTie2Noncoop","FemaleSong","0.00855969537492181","0.0629655558339774","0.0552415095457942","0.0222091656681094","315","0.280490912548554","0.719509087451446","0.835803945070003","0.164196054929998","0.235441937893032","0.600362007176971","0.0450489746555217","0.119147080274476","3570.65874121"
"temprow.596","597","MeanCoopTie2Noncoop","FemaleSong","0.00855969537492181","0.0629655558339774","0.0552415095457942","0.0222091656681094","315","0.170021047283066","0.829978952716934","0.83052452897223","0.16947547102777","0.146624186496421","0.683900342475809","0.0233968607866454","0.146078610241125","3570.65874121"
"temprow.597","598","MeanCoopTie2Noncoop","FemaleSong","0.00855969537492181","0.0629655558339774","0.0552415095457942","0.0222091656681094","315","0.237389735547796","0.762610264452204","0.831979798764604","0.168020201235396","0.186793916558061","0.645185882206542","0.0505958189897345","0.117424382245662","3570.65874121"
"temprow.598","599","MeanCoopTie2Noncoop","FemaleSong","0.00855969537492181","0.0629655558339774","0.0552415095457942","0.0222091656681094","315","0.184462581925494","0.815537418074506","0.796327675370073","0.203672324629927","0.153953956885033","0.64237371848504","0.0305086250404607","0.173163699589466","3570.65874121"
"temprow.599","600","MeanCoopTie2Noncoop","FemaleSong","0.00855969537492181","0.0629655558339774","0.0552415095457942","0.0222091656681094","315","0.286974558212815","0.713025441787185","0.777133020132958","0.222866979867042","0.224690709027408","0.552442311105551","0.062283849185407","0.160583130681635","3570.65874121"
"temprow.600","601","MeanCoopTie2Noncoop","FemaleSong","0.00855969537492181","0.0629655558339774","0.0552415095457942","0.0222091656681094","315","0.203475555831858","0.796524444168142","0.850523889708058","0.149476110291942","0.168205255248272","0.682318634459786","0.0352703005835859","0.114205809708356","3570.65874121"
"temprow.601","602","MeanCoopTie2Noncoop","FemaleSong","0.00855969537492181","0.0629655558339774","0.0552415095457942","0.0222091656681094","315","0.264741591043651","0.735258408956349","0.790661970100565","0.209338029899435","0.203877335118045","0.58678463498252","0.0608642559256065","0.148473773973829","3570.65874121"
"temprow.602","603","MeanCoopTie2Noncoop","FemaleSong","0.00855969537492181","0.0629655558339774","0.0552415095457942","0.0222091656681094","315","0.226572685837453","0.773427314162547","0.85734859649318","0.14265140350682","0.173176720542782","0.684171875950399","0.0533959652946713","0.0892554382121485","3570.65874121"
"temprow.603","604","MeanCoopTie2Noncoop","FemaleSong","0.00855969537492181","0.0629655558339774","0.0552415095457942","0.0222091656681094","315","0.291756635877283","0.708243364122717","0.881125047212164","0.118874952787836","0.239744741541652","0.641380305670512","0.0520118943356307","0.0668630584522057","3570.65874121"
"temprow.604","605","MeanCoopTie2Noncoop","FemaleSong","0.00855969537492181","0.0629655558339774","0.0552415095457942","0.0222091656681094","315","0.26897851355862","0.73102148644138","0.759485189604604","0.240514810395396","0.190420441998287","0.569064747606317","0.0785580715603326","0.161956738835064","3570.65874121"
"temprow.605","606","MeanCoopTie2Noncoop","FemaleSong","0.00855969537492181","0.0629655558339774","0.0552415095457942","0.0222091656681094","315","0.255546520601744","0.744453479398256","0.841759691722355","0.158240308277645","0.195695802256719","0.646063889465637","0.059850718345025","0.0983895899326195","3570.65874121"
"temprow.606","607","MeanCoopTie2Noncoop","FemaleSong","0.00855969537492181","0.0629655558339774","0.0552415095457942","0.0222091656681094","315","0.270952980386902","0.729047019613098","0.858229073708465","0.141770926291536","0.234587266412327","0.623641807296138","0.0363657139745754","0.10540521231696","3570.65874121"
"temprow.607","608","MeanCoopTie2Noncoop","FemaleSong","0.00855969537492181","0.0629655558339774","0.0552415095457942","0.0222091656681094","315","0.257780575679222","0.742219424320778","0.885871591593948","0.114128408406052","0.233419509253232","0.652452082340716","0.0243610664259899","0.0897673419800623","3570.65874121"
"temprow.608","609","MeanCoopTie2Noncoop","FemaleSong","0.00855969537492181","0.0629655558339774","0.0552415095457942","0.0222091656681094","315","0.242601262339677","0.757398737660323","0.885839314268676","0.114160685731324","0.204287107913935","0.681552206354741","0.0383141544257426","0.0758465313055815","3570.65874121"
"temprow.609","610","MeanCoopTie2Noncoop","FemaleSong","0.00855969537492181","0.0629655558339774","0.0552415095457942","0.0222091656681094","315","0.198052378016986","0.801947621983014","0.828646517126515","0.171353482873485","0.151400764443723","0.677245752682792","0.0466516135732624","0.124701869300222","3570.65874121"
"temprow.610","611","MeanCoopTie2Noncoop","FemaleSong","0.00855969537492181","0.0629655558339774","0.0552415095457942","0.0222091656681094","315","0.30503603608703","0.69496396391297","0.885596200087237","0.114403799912764","0.263442517532999","0.622153682554237","0.0415935185540311","0.0728102813587324","3570.65874121"
"temprow.611","612","MeanCoopTie2Noncoop","FemaleSong","0.00855969537492181","0.0629655558339774","0.0552415095457942","0.0222091656681094","315","0.294295840737786","0.705704159262214","0.839606618067231","0.160393381932769","0.230072518660823","0.609534099406408","0.064223322076963","0.0961700598558059","3570.65874121"
"temprow.612","613","MeanCoopTie2Noncoop","FemaleSong","0.00855969537492181","0.0629655558339774","0.0552415095457942","0.0222091656681094","315","0.30430459290243","0.69569540709757","0.735338411784523","0.264661588215477","0.243231952445949","0.492106459338574","0.0610726404564809","0.203588947758996","3570.65874121"
"temprow.613","614","MeanCoopTie2Noncoop","FemaleSong","0.00855969537492181","0.0629655558339774","0.0552415095457942","0.0222091656681094","315","0.277158341070059","0.722841658929941","0.790379576524742","0.209620423475258","0.199291536000655","0.591088040524087","0.077866805069404","0.131753618405854","3570.65874121"
"temprow.614","615","MeanCoopTie2Noncoop","FemaleSong","0.00855969537492181","0.0629655558339774","0.0552415095457942","0.0222091656681094","315","0.27234062501273","0.72765937498727","0.837434850374363","0.162565149625637","0.223742742787663","0.613692107586701","0.0485978822250676","0.113967267400569","3570.65874121"
"temprow.615","616","MeanCoopTie2Noncoop","FemaleSong","0.00855969537492181","0.0629655558339774","0.0552415095457942","0.0222091656681094","315","0.189408288362413","0.810591711637587","0.788153949079686","0.211846050920314","0.167299077209851","0.620854871869836","0.0221092111525625","0.189736839767751","3570.65874121"
"temprow.616","617","MeanCoopTie2Noncoop","FemaleSong","0.00855969537492181","0.0629655558339774","0.0552415095457942","0.0222091656681094","315","0.177322523227876","0.822677476772124","0.748579223404033","0.251420776595967","0.131257058342818","0.617322165061215","0.0460654648850583","0.205355311710909","3570.65874121"
"temprow.617","618","MeanCoopTie2Noncoop","FemaleSong","0.00855969537492181","0.0629655558339774","0.0552415095457942","0.0222091656681094","315","0.301899992292438","0.698100007707562","0.810402338543857","0.189597661456143","0.240993568228158","0.569408770315699","0.0609064240642802","0.128691237391863","3570.65874121"
"temprow.618","619","MeanCoopTie2Noncoop","FemaleSong","0.00855969537492181","0.0629655558339774","0.0552415095457942","0.0222091656681094","315","0.276558303024152","0.723441696975848","0.75259215886832","0.24740784113168","0.228818138180112","0.523774020688209","0.0477401648440404","0.199667676287639","3570.65874121"
"temprow.619","620","MeanCoopTie2Noncoop","FemaleSong","0.00855969537492181","0.0629655558339774","0.0552415095457942","0.0222091656681094","315","0.262417382416486","0.737582617583514","0.855482808866566","0.144517191133434","0.195867794849168","0.659615014017398","0.0665495875673178","0.0779676035661163","3570.65874121"
"temprow.620","621","MeanCoopTie2Noncoop","FemaleSong","0.00855969537492181","0.0629655558339774","0.0552415095457942","0.0222091656681094","315","0.292713114632503","0.707286885367498","0.897879126554137","0.102120873445863","0.246040084762647","0.651839041791489","0.046673029869855","0.0554478435760083","3570.65874121"
"temprow.621","622","MeanCoopTie2Noncoop","FemaleSong","0.00855969537492181","0.0629655558339774","0.0552415095457942","0.0222091656681094","315","0.355806901321032","0.644193098678968","0.749105351383677","0.250894648616323","0.27789060041891","0.471214750964768","0.0779163009021228","0.1729783477142","3570.65874121"
"temprow.622","623","MeanCoopTie2Noncoop","FemaleSong","0.00855969537492181","0.0629655558339774","0.0552415095457942","0.0222091656681094","315","0.309748812310059","0.690251187689941","0.791269691338031","0.208730308661969","0.24515754743053","0.546112143907502","0.0645912648795297","0.144139043782439","3570.65874121"
"temprow.623","624","MeanCoopTie2Noncoop","FemaleSong","0.00855969537492181","0.0629655558339774","0.0552415095457942","0.0222091656681094","315","0.214369583652433","0.785630416347567","0.885334579275136","0.114665420724864","0.175483579253195","0.709851000021941","0.0388860043992383","0.0757794163256255","3570.65874121"
"temprow.624","625","MeanCoopTie2Noncoop","FemaleSong","0.00855969537492181","0.0629655558339774","0.0552415095457942","0.0222091656681094","315","0.252358739150296","0.747641260849704","0.774414674605975","0.225585325394025","0.192063588300708","0.582351086305267","0.0602951508495877","0.165290174544437","3570.65874121"
"temprow.625","626","MeanCoopTie2Noncoop","FemaleSong","0.00855969537492181","0.0629655558339774","0.0552415095457942","0.0222091656681094","315","0.292559107585701","0.707440892414299","0.801876893591919","0.198123106408081","0.233573383550297","0.568303510041621","0.0589857240354032","0.139137382372678","3570.65874121"
"temprow.626","627","MeanCoopTie2Noncoop","FemaleSong","0.00855969537492181","0.0629655558339774","0.0552415095457942","0.0222091656681094","315","0.301468773607822","0.698531226392178","0.871575236061377","0.128424763938624","0.264130499960136","0.607444736101241","0.0373382736476863","0.0910864902909372","3570.65874121"
"temprow.627","628","MeanCoopTie2Noncoop","FemaleSong","0.00855969537492181","0.0629655558339774","0.0552415095457942","0.0222091656681094","315","0.245524528039083","0.754475471960917","0.862277340732715","0.137722659267285","0.21488639847601","0.647390942256705","0.0306381295630724","0.107084529704213","3570.65874121"
"temprow.628","629","MeanCoopTie2Noncoop","FemaleSong","0.00855969537492181","0.0629655558339774","0.0552415095457942","0.0222091656681094","315","0.215697316656193","0.784302683343807","0.794631049792214","0.205368950207786","0.189479562457676","0.605151487334538","0.0262177541985169","0.179151196009269","3570.65874121"
"temprow.629","630","MeanCoopTie2Noncoop","FemaleSong","0.00855969537492181","0.0629655558339774","0.0552415095457942","0.0222091656681094","315","0.242438776858808","0.757561223141193","0.791081961555763","0.208918038444237","0.201404309393726","0.589677652162036","0.0410344674650814","0.167883570979156","3570.65874121"
"temprow.630","631","MeanCoopTie2Noncoop","FemaleSong","0.00855969537492181","0.0629655558339774","0.0552415095457942","0.0222091656681094","315","0.253931451795625","0.746068548204375","0.829639320737192","0.170360679262808","0.203848730895128","0.625790589842065","0.0500827209004976","0.12027795836231","3570.65874121"
"temprow.631","632","MeanCoopTie2Noncoop","FemaleSong","0.00855969537492181","0.0629655558339774","0.0552415095457942","0.0222091656681094","315","0.212862234519866","0.787137765480134","0.826945081843641","0.173054918156359","0.193359438927434","0.633585642916207","0.0195027955924317","0.153552122563927","3570.65874121"
"temprow.632","633","MeanCoopTie2Noncoop","FemaleSong","0.00855969537492181","0.0629655558339774","0.0552415095457942","0.0222091656681094","315","0.236532789930498","0.763467210069502","0.814451759184957","0.185548240815043","0.185391363314024","0.629060395870933","0.0511414266164746","0.134406814198569","3570.65874121"
"temprow.633","634","MeanCoopTie2Noncoop","FemaleSong","0.00855969537492181","0.0629655558339774","0.0552415095457942","0.0222091656681094","315","0.313316104675126","0.686683895324874","0.779381522932491","0.220618477067509","0.216874071777835","0.562507451154656","0.0964420328972908","0.124176444170218","3570.65874121"
"temprow.634","635","MeanCoopTie2Noncoop","FemaleSong","0.00855969537492181","0.0629655558339774","0.0552415095457942","0.0222091656681094","315","0.216846474904414","0.783153525095586","0.829585937562956","0.170414062437045","0.19539497983224","0.634190957730716","0.0214514950721742","0.14896256736487","3570.65874121"
"temprow.635","636","MeanCoopTie2Noncoop","FemaleSong","0.00855969537492181","0.0629655558339774","0.0552415095457942","0.0222091656681094","315","0.256492427567504","0.743507572432497","0.857307834614075","0.142692165385925","0.215737121475855","0.64157071313822","0.0407553060916485","0.101936859294276","3570.65874121"
"temprow.636","637","MeanCoopTie2Noncoop","FemaleSong","0.00855969537492181","0.0629655558339774","0.0552415095457942","0.0222091656681094","315","0.320283618372887","0.679716381627113","0.876233392970431","0.123766607029569","0.29595910770893","0.580274285261501","0.0243245106639572","0.099442096365612","3570.65874121"
"temprow.637","638","MeanCoopTie2Noncoop","FemaleSong","0.00855969537492181","0.0629655558339774","0.0552415095457942","0.0222091656681094","315","0.259351728151644","0.740648271848356","0.74571018934269","0.25428981065731","0.180405215984582","0.565304973358108","0.0789465121670617","0.175343298490248","3570.65874121"
"temprow.638","639","MeanCoopTie2Noncoop","FemaleSong","0.00855969537492181","0.0629655558339774","0.0552415095457942","0.0222091656681094","315","0.243502181484464","0.756497818515536","0.88263222904738","0.11736777095262","0.219900938360595","0.662731290686786","0.0236012431238699","0.0937665278287498","3570.65874121"
"temprow.639","640","MeanCoopTie2Noncoop","FemaleSong","0.00855969537492181","0.0629655558339774","0.0552415095457942","0.0222091656681094","315","0.237933273376991","0.762066726623009","0.85216577150735","0.14783422849265","0.191371048694345","0.660794722813004","0.046562224682646","0.101272003810005","3570.65874121"
"temprow.640","641","MeanCoopTie2Noncoop","FemaleSong","0.00855969537492181","0.0629655558339774","0.0552415095457942","0.0222091656681094","315","0.290356268105708","0.709643731894292","0.853505695003306","0.146494304996694","0.253803037332097","0.599702657671209","0.0365532307736104","0.109941074223083","3570.65874121"
"temprow.641","642","MeanCoopTie2Noncoop","FemaleSong","0.00855969537492181","0.0629655558339774","0.0552415095457942","0.0222091656681094","315","0.244017098724548","0.755982901275452","0.838695195458734","0.161304804541266","0.208948843592304","0.62974635186643","0.0350682551322435","0.126236549409023","3570.65874121"
"temprow.642","643","MeanCoopTie2Noncoop","FemaleSong","0.00855969537492181","0.0629655558339774","0.0552415095457942","0.0222091656681094","315","0.250983186067972","0.749016813932028","0.669724371921135","0.330275628078866","0.180837647540734","0.4888867243804","0.0701455385272375","0.260130089551628","3570.65874121"
"temprow.643","644","MeanCoopTie2Noncoop","FemaleSong","0.00855969537492181","0.0629655558339774","0.0552415095457942","0.0222091656681094","315","0.208102839941801","0.791897160058199","0.796987896642151","0.203012103357849","0.160564667299512","0.636423229342639","0.0475381726422888","0.15547393071556","3570.65874121"
"temprow.644","645","MeanCoopTie2Noncoop","FemaleSong","0.00855969537492181","0.0629655558339774","0.0552415095457942","0.0222091656681094","315","0.174910236675945","0.825089763324055","0.798612095093217","0.201387904906783","0.128157880851504","0.670454214241713","0.0467523558244411","0.154635549082342","3570.65874121"
"temprow.645","646","MeanCoopTie2Noncoop","FemaleSong","0.00855969537492181","0.0629655558339774","0.0552415095457942","0.0222091656681094","315","0.258113695896266","0.741886304103734","0.852350188903982","0.147649811096018","0.208261310459428","0.644088878444554","0.0498523854368382","0.0977974256591798","3570.65874121"
"temprow.646","647","MeanCoopTie2Noncoop","FemaleSong","0.00855969537492181","0.0629655558339774","0.0552415095457942","0.0222091656681094","315","0.295643772283415","0.704356227716585","0.852259214328577","0.147740785671423","0.257096110323686","0.59516310400489","0.0385476619597281","0.109193123711695","3570.65874121"
"temprow.647","648","MeanCoopTie2Noncoop","FemaleSong","0.00855969537492181","0.0629655558339774","0.0552415095457942","0.0222091656681094","315","0.186557202668665","0.813442797331335","0.855412880846186","0.144587119153814","0.164945201980756","0.690467678865431","0.0216120006879087","0.122975118465905","3570.65874121"
"temprow.648","649","MeanCoopTie2Noncoop","FemaleSong","0.00855969537492181","0.0629655558339774","0.0552415095457942","0.0222091656681094","315","0.211917375657342","0.788082624342658","0.814716788199117","0.185283211800883","0.18544795030815","0.629268837890967","0.0264694253491916","0.158813786451692","3570.65874121"
"temprow.649","650","MeanCoopTie2Noncoop","FemaleSong","0.00855969537492181","0.0629655558339774","0.0552415095457942","0.0222091656681094","315","0.270886324740257","0.729113675259743","0.919008366290123","0.0809916337098776","0.249313598280664","0.669694768009458","0.0215727264595923","0.0594189072502852","3570.65874121"
"temprow.650","651","MeanCoopTie2Noncoop","FemaleSong","0.00855969537492181","0.0629655558339774","0.0552415095457942","0.0222091656681094","315","0.272971029977156","0.727028970022844","0.751604023120428","0.248395976879572","0.208135111694925","0.543468911425503","0.0648359182822311","0.183560058597341","3570.65874121"
"temprow.651","652","MeanCoopTie2Noncoop","FemaleSong","0.00855969537492181","0.0629655558339774","0.0552415095457942","0.0222091656681094","315","0.26161543230936","0.73838456769064","0.901512709548265","0.0984872904517352","0.231661455314947","0.669851254233317","0.0299539769944127","0.0685333134573225","3570.65874121"
"temprow.652","653","MeanCoopTie2Noncoop","FemaleSong","0.00855969537492181","0.0629655558339774","0.0552415095457942","0.0222091656681094","315","0.292077428238972","0.707922571761028","0.713588712630399","0.286411287369601","0.177662090559893","0.535926622070507","0.114415337679078","0.171995949690522","3570.65874121"
"temprow.653","654","MeanCoopTie2Noncoop","FemaleSong","0.00855969537492181","0.0629655558339774","0.0552415095457942","0.0222091656681094","315","0.221828935207573","0.778171064792427","0.893416441749243","0.106583558250757","0.2100137425897","0.683402699159542","0.0118151926178729","0.0947683656328845","3570.65874121"
"temprow.654","655","MeanCoopTie2Noncoop","FemaleSong","0.00855969537492181","0.0629655558339774","0.0552415095457942","0.0222091656681094","315","0.263877132899551","0.736122867100449","0.873157477074133","0.126842522925867","0.227004718872537","0.646152758201596","0.0368724140270138","0.0899701088988532","3570.65874121"
"temprow.655","656","MeanCoopTie2Noncoop","FemaleSong","0.00855969537492181","0.0629655558339774","0.0552415095457942","0.0222091656681094","315","0.240214614226808","0.759785385773192","0.793677453726753","0.206322546273247","0.201294617697839","0.592382836028914","0.0389199965289689","0.167402549744278","3570.65874121"
"temprow.656","657","MeanCoopTie2Noncoop","FemaleSong","0.00855969537492181","0.0629655558339774","0.0552415095457942","0.0222091656681094","315","0.22717821617832","0.77282178382168","0.798461394159136","0.201538605840865","0.173545383747937","0.624916010411198","0.0536328324303823","0.147905773410482","3570.65874121"
"temprow.657","658","MeanCoopTie2Noncoop","FemaleSong","0.00855969537492181","0.0629655558339774","0.0552415095457942","0.0222091656681094","315","0.316643790842118","0.683356209157882","0.861933546745457","0.138066453254543","0.27975705610158","0.582176490643876","0.0368867347405376","0.101179718514006","3570.65874121"
"temprow.658","659","MeanCoopTie2Noncoop","FemaleSong","0.00855969537492181","0.0629655558339774","0.0552415095457942","0.0222091656681094","315","0.159799685857965","0.840200314142035","0.739402900947563","0.260597099052437","0.127014109280862","0.612388791666701","0.0327855765771034","0.227811522475334","3570.65874121"
"temprow.659","660","MeanCoopTie2Noncoop","FemaleSong","0.00855969537492181","0.0629655558339774","0.0552415095457942","0.0222091656681094","315","0.225821106042654","0.774178893957346","0.797795443645394","0.202204556354606","0.166062140791401","0.631733302853993","0.0597589652512534","0.142445591103353","3570.65874121"
"temprow.660","661","MeanCoopTie2Noncoop","FemaleSong","0.00855969537492181","0.0629655558339774","0.0552415095457942","0.0222091656681094","315","0.277433829511115","0.722566170488885","0.86291934003945","0.13708065996055","0.217485864304681","0.645433475734769","0.0599479652064335","0.0771326947541163","3570.65874121"
"temprow.661","662","MeanCoopTie2Noncoop","FemaleSong","0.00855969537492181","0.0629655558339774","0.0552415095457942","0.0222091656681094","315","0.222655827858415","0.777344172141585","0.858418078156758","0.141581921843242","0.198845368090351","0.659572710066407","0.0238104597680636","0.117771462075178","3570.65874121"
"temprow.662","663","MeanCoopTie2Noncoop","FemaleSong","0.00855969537492181","0.0629655558339774","0.0552415095457942","0.0222091656681094","315","0.261000275601635","0.738999724398365","0.789627326015891","0.210372673984109","0.214206241988271","0.57542108402762","0.0467940336133637","0.163578640370745","3570.65874121"
"temprow.663","664","MeanCoopTie2Noncoop","FemaleSong","0.00855969537492181","0.0629655558339774","0.0552415095457942","0.0222091656681094","315","0.306512158227822","0.693487841772178","0.826569231047609","0.173430768952391","0.269707921350037","0.556861309697572","0.0368042368777843","0.136626532074607","3570.65874121"
"temprow.664","665","MeanCoopTie2Noncoop","FemaleSong","0.00855969537492181","0.0629655558339774","0.0552415095457942","0.0222091656681094","315","0.30400021721394","0.69599978278606","0.859714782950502","0.140285217049498","0.248227225422682","0.61148755752782","0.0557729917912578","0.0845122252582398","3570.65874121"
"temprow.665","666","MeanCoopTie2Noncoop","FemaleSong","0.00855969537492181","0.0629655558339774","0.0552415095457942","0.0222091656681094","315","0.222290732099476","0.777709267900524","0.893386146193853","0.106613853806147","0.201201088884575","0.692185057309279","0.0210896432149008","0.0855242105912458","3570.65874121"
"temprow.666","667","MeanCoopTie2Noncoop","FemaleSong","0.00855969537492181","0.0629655558339774","0.0552415095457942","0.0222091656681094","315","0.211367780732959","0.788632219267041","0.891301535816244","0.108698464183756","0.182844384387827","0.708457151428418","0.0285233963451323","0.0801750678386233","3570.65874121"
"temprow.667","668","MeanCoopTie2Noncoop","FemaleSong","0.00855969537492181","0.0629655558339774","0.0552415095457942","0.0222091656681094","315","0.216929275832155","0.783070724167845","0.849748750113838","0.150251249886162","0.184929571277134","0.664819178836704","0.0319997045550208","0.118251545331141","3570.65874121"
"temprow.668","669","MeanCoopTie2Noncoop","FemaleSong","0.00855969537492181","0.0629655558339774","0.0552415095457942","0.0222091656681094","315","0.275869764943472","0.724130235056528","0.849179913564603","0.150820086435397","0.243372280032237","0.605807633532366","0.0324974849112347","0.118322601524162","3570.65874121"
"temprow.669","670","MeanCoopTie2Noncoop","FemaleSong","0.00855969537492181","0.0629655558339774","0.0552415095457942","0.0222091656681094","315","0.155152684608142","0.844847315391858","0.871653620429311","0.128346379570689","0.13586867683211","0.735784943597201","0.0192840077760322","0.109062371794657","3570.65874121"
"temprow.670","671","MeanCoopTie2Noncoop","FemaleSong","0.00855969537492181","0.0629655558339774","0.0552415095457942","0.0222091656681094","315","0.262201566657351","0.737798433342649","0.894574640382177","0.105425359617823","0.224796808410152","0.669777831972025","0.0374047582471993","0.0680206013706242","3570.65874121"
"temprow.671","672","MeanCoopTie2Noncoop","FemaleSong","0.00855969537492181","0.0629655558339774","0.0552415095457942","0.0222091656681094","315","0.290447030511585","0.709552969488415","0.844558011845944","0.155441988154056","0.242951101410013","0.601606910435931","0.047495929101572","0.107946059052484","3570.65874121"
"temprow.672","673","MeanCoopTie2Noncoop","FemaleSong","0.00855969537492181","0.0629655558339774","0.0552415095457942","0.0222091656681094","315","0.369031105847473","0.630968894152528","0.759906468810507","0.240093531189493","0.284850282960308","0.475056185850198","0.0841808228871642","0.155912708302329","3570.65874121"
"temprow.673","674","MeanCoopTie2Noncoop","FemaleSong","0.00855969537492181","0.0629655558339774","0.0552415095457942","0.0222091656681094","315","0.363082449712283","0.636917550287717","0.787069979423218","0.212930020576782","0.267123870476042","0.519946108947176","0.0959585792362412","0.116971441340541","3570.65874121"
"temprow.674","675","MeanCoopTie2Noncoop","FemaleSong","0.00855969537492181","0.0629655558339774","0.0552415095457942","0.0222091656681094","315","0.212008113602754","0.787991886397246","0.824306100849532","0.175693899150468","0.179176054919641","0.645130045929891","0.0328320586831135","0.142861840467355","3570.65874121"
"temprow.675","676","MeanCoopTie2Noncoop","FemaleSong","0.00855969537492181","0.0629655558339774","0.0552415095457942","0.0222091656681094","315","0.226962911800665","0.773037088199335","0.872821933375996","0.127178066624004","0.189396967330732","0.683424966045264","0.0375659444699325","0.0896121221540711","3570.65874121"
"temprow.676","677","MeanCoopTie2Noncoop","FemaleSong","0.00855969537492181","0.0629655558339774","0.0552415095457942","0.0222091656681094","315","0.220895907412006","0.779104092587994","0.757140696987569","0.242859303012431","0.161056624647879","0.59608407233969","0.0598392827641266","0.183020020248305","3570.65874121"
"temprow.677","678","MeanCoopTie2Noncoop","FemaleSong","0.00855969537492181","0.0629655558339774","0.0552415095457942","0.0222091656681094","315","0.243640277789893","0.756359722210108","0.747083223609166","0.252916776390834","0.177723048196462","0.569360175412704","0.0659172295934305","0.186999546797403","3570.65874121"
"temprow.678","679","MeanCoopTie2Noncoop","FemaleSong","0.00855969537492181","0.0629655558339774","0.0552415095457942","0.0222091656681094","315","0.214347971338012","0.785652028661988","0.864099345851826","0.135900654148174","0.174707907113206","0.68939143873862","0.0396400642248057","0.0962605899233681","3570.65874121"
"temprow.679","680","MeanCoopTie2Noncoop","FemaleSong","0.00855969537492181","0.0629655558339774","0.0552415095457942","0.0222091656681094","315","0.265365196616521","0.734634803383479","0.854381479508686","0.145618520491314","0.2391718315459","0.615209647962786","0.0261933650706207","0.119425155420693","3570.65874121"
"temprow.680","681","MeanCoopTie2Noncoop","FemaleSong","0.00855969537492181","0.0629655558339774","0.0552415095457942","0.0222091656681094","315","0.183939547139894","0.816060452860106","0.816324259542329","0.183675740457671","0.157578843648639","0.65874541589369","0.0263607034912551","0.157315036966416","3570.65874121"
"temprow.681","682","MeanCoopTie2Noncoop","FemaleSong","0.00855969537492181","0.0629655558339774","0.0552415095457942","0.0222091656681094","315","0.325669913566924","0.674330086433076","0.746904094446286","0.253095905553714","0.221721539211901","0.525182555234385","0.103948374355023","0.149147531198691","3570.65874121"
"temprow.682","683","MeanCoopTie2Noncoop","FemaleSong","0.00855969537492181","0.0629655558339774","0.0552415095457942","0.0222091656681094","315","0.19817203966929","0.80182796033071","0.859487622830321","0.140512377169679","0.165426733476323","0.694060889353998","0.0327453061929666","0.107767070976713","3570.65874121"
"temprow.683","684","MeanCoopTie2Noncoop","FemaleSong","0.00855969537492181","0.0629655558339774","0.0552415095457942","0.0222091656681094","315","0.289373571103318","0.710626428896682","0.905462824593186","0.0945371754068141","0.273593655822611","0.631869168770575","0.015779915280707","0.0787572601261072","3570.65874121"
"temprow.684","685","MeanCoopTie2Noncoop","FemaleSong","0.00855969537492181","0.0629655558339774","0.0552415095457942","0.0222091656681094","315","0.287409227875721","0.712590772124279","0.837962791451023","0.162037208548977","0.224575803213565","0.613386988237458","0.0628334246621562","0.099203783886821","3570.65874121"
"temprow.685","686","MeanCoopTie2Noncoop","FemaleSong","0.00855969537492181","0.0629655558339774","0.0552415095457942","0.0222091656681094","315","0.23176166383871","0.76823833616129","0.872406255461106","0.127593744538894","0.188911295861138","0.683494959599969","0.042850367977572","0.0847433765613218","3570.65874121"
"temprow.686","687","MeanCoopTie2Noncoop","FemaleSong","0.00855969537492181","0.0629655558339774","0.0552415095457942","0.0222091656681094","315","0.249694331379967","0.750305668620033","0.899236663558645","0.100763336441355","0.213975750027209","0.685260913531436","0.0357185813527578","0.0650447550885969","3570.65874121"
"temprow.687","688","MeanCoopTie2Noncoop","FemaleSong","0.00855969537492181","0.0629655558339774","0.0552415095457942","0.0222091656681094","315","0.227890054556747","0.772109945443253","0.860393140007113","0.139606859992887","0.189329913578968","0.671063226428146","0.038560140977779","0.101046719015108","3570.65874121"
"temprow.688","689","MeanCoopTie2Noncoop","FemaleSong","0.00855969537492181","0.0629655558339774","0.0552415095457942","0.0222091656681094","315","0.248800788463098","0.751199211536903","0.789489378518144","0.210510621481856","0.204613876192378","0.584875502325766","0.0441869122707196","0.166323709211137","3570.65874121"
"temprow.689","690","MeanCoopTie2Noncoop","FemaleSong","0.00855969537492181","0.0629655558339774","0.0552415095457942","0.0222091656681094","315","0.30911744806138","0.69088255193862","0.848552175121833","0.151447824878167","0.267289388457599","0.581262786664235","0.0418280596037818","0.109619765274385","3570.65874121"
"temprow.690","691","MeanCoopTie2Noncoop","FemaleSong","0.00855969537492181","0.0629655558339774","0.0552415095457942","0.0222091656681094","315","0.226022600040969","0.773977399959031","0.760023284868911","0.239976715131089","0.177381614203237","0.582641670665674","0.0486409858377314","0.191335729293357","3570.65874121"
"temprow.691","692","MeanCoopTie2Noncoop","FemaleSong","0.00855969537492181","0.0629655558339774","0.0552415095457942","0.0222091656681094","315","0.177586131048336","0.822413868951664","0.78190464572837","0.21809535427163","0.145828730569037","0.636075915159333","0.0317574004792994","0.186337953792331","3570.65874121"
"temprow.692","693","MeanCoopTie2Noncoop","FemaleSong","0.00855969537492181","0.0629655558339774","0.0552415095457942","0.0222091656681094","315","0.250537981957901","0.749462018042099","0.828632843292242","0.171367156707758","0.206081074296993","0.62255176899525","0.0444569076609087","0.126910249046849","3570.65874121"
"temprow.693","694","MeanCoopTie2Noncoop","FemaleSong","0.00855969537492181","0.0629655558339774","0.0552415095457942","0.0222091656681094","315","0.194542229062101","0.805457770937899","0.803939655027188","0.196060344972812","0.162673623745255","0.641266031281933","0.0318686053168459","0.164191739655966","3570.65874121"
"temprow.694","695","MeanCoopTie2Noncoop","FemaleSong","0.00855969537492181","0.0629655558339774","0.0552415095457942","0.0222091656681094","315","0.29862465923959","0.70137534076041","0.83817381949761","0.16182618050239","0.243453174888635","0.594720644608976","0.0551714843509556","0.106654696151434","3570.65874121"
"temprow.695","696","MeanCoopTie2Noncoop","FemaleSong","0.00855969537492181","0.0629655558339774","0.0552415095457942","0.0222091656681094","315","0.239294684576289","0.760705315423711","0.822105013200655","0.177894986799345","0.205165504611303","0.616939508589352","0.0341291799649856","0.143765806834359","3570.65874121"
"temprow.696","697","MeanCoopTie2Noncoop","FemaleSong","0.00855969537492181","0.0629655558339774","0.0552415095457942","0.0222091656681094","315","0.232857879732622","0.767142120267378","0.868214345603634","0.131785654396366","0.209216892657241","0.658997452946393","0.023640987075381","0.108144667320985","3570.65874121"
"temprow.697","698","MeanCoopTie2Noncoop","FemaleSong","0.00855969537492181","0.0629655558339774","0.0552415095457942","0.0222091656681094","315","0.317620817229115","0.682379182770886","0.783945040250822","0.216054959749178","0.254723749125198","0.529221291125624","0.0628970681039164","0.153157891645261","3570.65874121"
"temprow.698","699","MeanCoopTie2Noncoop","FemaleSong","0.00855969537492181","0.0629655558339774","0.0552415095457942","0.0222091656681094","315","0.283249150420355","0.716750849579645","0.888036594035944","0.111963405964056","0.244933966837821","0.643102627198123","0.0383151835825342","0.0736482223815219","3570.65874121"
"temprow.699","700","MeanCoopTie2Noncoop","FemaleSong","0.00855969537492181","0.0629655558339774","0.0552415095457942","0.0222091656681094","315","0.183300496173797","0.816699503826203","0.785401809258376","0.214598190741624","0.131286261848859","0.654115547409517","0.0520142343249379","0.162583956416686","3570.65874121"
"temprow.700","701","MeanCoopTie2Noncoop","FemaleSong","0.00855969537492181","0.0629655558339774","0.0552415095457942","0.0222091656681094","315","0.301362595735928","0.698637404264072","0.884299822296836","0.115700177703164","0.261180764439769","0.623119057857068","0.0401818312961597","0.0755183464070038","3570.65874121"
"temprow.701","702","MeanCoopTie2Noncoop","FemaleSong","0.00855969537492181","0.0629655558339774","0.0552415095457942","0.0222091656681094","315","0.229378063553037","0.770621936446963","0.806867106751033","0.193132893248967","0.169390183169623","0.63747692358141","0.0599878803834144","0.133145012865553","3570.65874121"
"temprow.702","703","MeanCoopTie2Noncoop","FemaleSong","0.00855969537492181","0.0629655558339774","0.0552415095457942","0.0222091656681094","315","0.28040539650814","0.71959460349186","0.852207126711088","0.147792873288912","0.249785174281697","0.602421952429391","0.0306202222264429","0.117172651062469","3570.65874121"
"temprow.703","704","MeanCoopTie2Noncoop","FemaleSong","0.00855969537492181","0.0629655558339774","0.0552415095457942","0.0222091656681094","315","0.25896185927746","0.74103814072254","0.888040407897134","0.111959592102866","0.22776354199955","0.660276865897584","0.0311983172779096","0.0807612748249564","3570.65874121"
"temprow.704","705","MeanCoopTie2Noncoop","FemaleSong","0.00855969537492181","0.0629655558339774","0.0552415095457942","0.0222091656681094","315","0.272620428747693","0.727379571252307","0.80762000631139","0.19237999368861","0.235977870090615","0.571642136220775","0.0366425586570777","0.155737435031532","3570.65874121"
"temprow.705","706","MeanCoopTie2Noncoop","FemaleSong","0.00855969537492181","0.0629655558339774","0.0552415095457942","0.0222091656681094","315","0.273471731977457","0.726528268022543","0.803903782165039","0.196096217834961","0.238659650900283","0.565244131264756","0.0348120810771736","0.161284136757787","3570.65874121"
"temprow.706","707","MeanCoopTie2Noncoop","FemaleSong","0.00855969537492181","0.0629655558339774","0.0552415095457942","0.0222091656681094","315","0.28065886899085","0.719341131009151","0.727098064165457","0.272901935834543","0.182578724119932","0.544519340045525","0.0980801448709175","0.174821790963625","3570.65874121"
"temprow.707","708","MeanCoopTie2Noncoop","FemaleSong","0.00855969537492181","0.0629655558339774","0.0552415095457942","0.0222091656681094","315","0.280190583380835","0.719809416619165","0.896004505063182","0.103995494936818","0.246014557073671","0.649989947989511","0.0341760263071649","0.0698194686296532","3570.65874121"
"temprow.708","709","MeanCoopTie2Noncoop","FemaleSong","0.00855969537492181","0.0629655558339774","0.0552415095457942","0.0222091656681094","315","0.243724534846567","0.756275465153433","0.843321728038288","0.156678271961712","0.20498807144628","0.638333656592009","0.0387364634002873","0.117941808561424","3570.65874121"
"temprow.709","710","MeanCoopTie2Noncoop","FemaleSong","0.00855969537492181","0.0629655558339774","0.0552415095457942","0.0222091656681094","315","0.243329997554899","0.756670002445101","0.884305548308562","0.115694451691438","0.225522902222618","0.658782646085944","0.0178070953322806","0.0978873563591569","3570.65874121"
"temprow.710","711","MeanCoopTie2Noncoop","FemaleSong","0.00855969537492181","0.0629655558339774","0.0552415095457942","0.0222091656681094","315","0.25682525702623","0.74317474297377","0.850565676573786","0.149434323426214","0.223349375750549","0.627216300823237","0.0334758812756806","0.115958442150533","3570.65874121"
"temprow.711","712","MeanCoopTie2Noncoop","FemaleSong","0.00855969537492181","0.0629655558339774","0.0552415095457942","0.0222091656681094","315","0.252982194360178","0.747017805639822","0.70601588893769","0.29398411106231","0.198124190107545","0.507891698830145","0.0548580042526335","0.239126106809677","3570.65874121"
"temprow.712","713","MeanCoopTie2Noncoop","FemaleSong","0.00855969537492181","0.0629655558339774","0.0552415095457942","0.0222091656681094","315","0.257854951379279","0.742145048620722","0.885298081052599","0.114701918947401","0.233932530081225","0.651365550971374","0.0239224212980532","0.090779497649348","3570.65874121"
"temprow.713","714","MeanCoopTie2Noncoop","FemaleSong","0.00855969537492181","0.0629655558339774","0.0552415095457942","0.0222091656681094","315","0.286852621115498","0.713147378884502","0.768954933021867","0.231045066978133","0.254041038165248","0.514913894856619","0.0328115829502496","0.198233484027883","3570.65874121"
"temprow.714","715","MeanCoopTie2Noncoop","FemaleSong","0.00855969537492181","0.0629655558339774","0.0552415095457942","0.0222091656681094","315","0.225401045160603","0.774598954839397","0.76152868025092","0.23847131974908","0.186741605241108","0.574787075009812","0.0386594399194947","0.199811879829585","3570.65874121"
"temprow.715","716","MeanCoopTie2Noncoop","FemaleSong","0.00855969537492181","0.0629655558339774","0.0552415095457942","0.0222091656681094","315","0.274702150160801","0.725297849839199","0.833034011924517","0.166965988075483","0.236480917350242","0.596553094574275","0.0382212328105591","0.128744755264924","3570.65874121"
"temprow.716","717","MeanCoopTie2Noncoop","FemaleSong","0.00855969537492181","0.0629655558339774","0.0552415095457942","0.0222091656681094","315","0.175298328082831","0.824701671917169","0.886638335002452","0.113361664997548","0.160896722578148","0.725741612424303","0.014401605504683","0.0989600594928653","3570.65874121"
"temprow.717","718","MeanCoopTie2Noncoop","FemaleSong","0.00855969537492181","0.0629655558339774","0.0552415095457942","0.0222091656681094","315","0.204732693282847","0.795267306717153","0.777335433556224","0.222664566443776","0.170138972992043","0.607196460564181","0.0345937202908035","0.188070846152972","3570.65874121"
"temprow.718","719","MeanCoopTie2Noncoop","FemaleSong","0.00855969537492181","0.0629655558339774","0.0552415095457942","0.0222091656681094","315","0.219300540980606","0.780699459019394","0.812909478977731","0.187090521022269","0.159472069711108","0.653437409266624","0.0598284712694984","0.12726204975277","3570.65874121"
"temprow.719","720","MeanCoopTie2Noncoop","FemaleSong","0.00855969537492181","0.0629655558339774","0.0552415095457942","0.0222091656681094","315","0.19460787937198","0.80539212062802","0.777466551054917","0.222533448945083","0.160403095694463","0.617063455360454","0.0342047836775174","0.188328665267565","3570.65874121"
"temprow.720","721","MeanCoopTie2Noncoop","FemaleSong","0.00855969537492181","0.0629655558339774","0.0552415095457942","0.0222091656681094","315","0.180642952800347","0.819357047199653","0.854935274810254","0.145064725189746","0.141608762979758","0.713326511830496","0.039034189820589","0.106030535369157","3570.65874121"
"temprow.721","722","MeanCoopTie2Noncoop","FemaleSong","0.00855969537492181","0.0629655558339774","0.0552415095457942","0.0222091656681094","315","0.211534974033217","0.788465025966783","0.797828392703684","0.202171607296316","0.147294564609161","0.650533828094523","0.0642404094240555","0.13793119787226","3570.65874121"
"temprow.722","723","MeanCoopTie2Noncoop","FemaleSong","0.00855969537492181","0.0629655558339774","0.0552415095457942","0.0222091656681094","315","0.24557536425798","0.754424635742021","0.857561655068321","0.142438344931679","0.210702103814615","0.646859551253706","0.0348732604433648","0.107565084488314","3570.65874121"
"temprow.723","724","MeanCoopTie2Noncoop","FemaleSong","0.00855969537492181","0.0629655558339774","0.0552415095457942","0.0222091656681094","315","0.171937747932609","0.828062252067391","0.710692985090939","0.289307014909061","0.133822231850402","0.576870753240537","0.0381155160822067","0.251191498826854","3570.65874121"
"temprow.724","725","MeanCoopTie2Noncoop","FemaleSong","0.00855969537492181","0.0629655558339774","0.0552415095457942","0.0222091656681094","315","0.192598764602156","0.807401235397843","0.712310358037357","0.287689641962643","0.137967439199733","0.574342918837624","0.0546313254024235","0.233058316560219","3570.65874121"
"temprow.725","726","MeanCoopTie2Noncoop","FemaleSong","0.00855969537492181","0.0629655558339774","0.0552415095457942","0.0222091656681094","315","0.155143763558027","0.844856236441973","0.908362585773662","0.0916374142263384","0.137128933103761","0.771233652669901","0.018014830454266","0.0736225837720723","3570.65874121"
"temprow.726","727","MeanCoopTie2Noncoop","FemaleSong","0.00855969537492181","0.0629655558339774","0.0552415095457942","0.0222091656681094","315","0.255268795610058","0.744731204389942","0.78135664941545","0.21864335058455","0.204031375521965","0.577325273893485","0.0512374200880927","0.167405930496458","3570.65874121"
"temprow.727","728","MeanCoopTie2Noncoop","FemaleSong","0.00855969537492181","0.0629655558339774","0.0552415095457942","0.0222091656681094","315","0.193807891670899","0.806192108329101","0.840565148714813","0.159434851285187","0.151078141499198","0.689487007215615","0.042729750171701","0.116705101113486","3570.65874121"
"temprow.728","729","MeanCoopTie2Noncoop","FemaleSong","0.00855969537492181","0.0629655558339774","0.0552415095457942","0.0222091656681094","315","0.231628088676895","0.768371911323105","0.872993285322615","0.127006714677385","0.212391433881706","0.660601851440909","0.0192366547951884","0.107770059882196","3570.65874121"
"temprow.729","730","MeanCoopTie2Noncoop","FemaleSong","0.00855969537492181","0.0629655558339774","0.0552415095457942","0.0222091656681094","315","0.243648590209616","0.756351409790384","0.875089159928063","0.124910840071937","0.212819397677456","0.662269762250606","0.0308291925321597","0.0940816475397776","3570.65874121"
"temprow.730","731","MeanCoopTie2Noncoop","FemaleSong","0.00855969537492181","0.0629655558339774","0.0552415095457942","0.0222091656681094","315","0.298511359596377","0.701488640403623","0.866049550100859","0.133950449899141","0.26837219609874","0.59767735400212","0.0301391634976374","0.103811286401503","3570.65874121"
"temprow.731","732","MeanCoopTie2Noncoop","FemaleSong","0.00855969537492181","0.0629655558339774","0.0552415095457942","0.0222091656681094","315","0.306861301606098","0.693138698393902","0.900530371339998","0.099469628660002","0.28476625794961","0.615764113390388","0.022095043656488","0.077374585003514","3570.65874121"
"temprow.732","733","MeanCoopTie2Noncoop","FemaleSong","0.00855969537492181","0.0629655558339774","0.0552415095457942","0.0222091656681094","315","0.219626283000379","0.780373716999621","0.899024832254783","0.100975167745217","0.179394239087679","0.719630593167104","0.0402320439127003","0.0607431238325167","3570.65874121"
"temprow.733","734","MeanCoopTie2Noncoop","FemaleSong","0.00855969537492181","0.0629655558339774","0.0552415095457942","0.0222091656681094","315","0.267177973523484","0.732822026476516","0.926712528202325","0.0732874717976747","0.246279429821776","0.680433098380549","0.0208985437017081","0.0523889280959666","3570.65874121"
"temprow.734","735","MeanCoopTie2Noncoop","FemaleSong","0.00855969537492181","0.0629655558339774","0.0552415095457942","0.0222091656681094","315","0.308256119585549","0.691743880414451","0.889300883596285","0.110699116403715","0.284815905762537","0.604484977833748","0.0234402138230125","0.0872589025807028","3570.65874121"
"temprow.735","736","MeanCoopTie2Noncoop","FemaleSong","0.00855969537492181","0.0629655558339774","0.0552415095457942","0.0222091656681094","315","0.287944344550406","0.712055655449594","0.857340273188132","0.142659726811868","0.231605872451547","0.625734400736585","0.0563384720988589","0.0863212547130089","3570.65874121"
"temprow.736","737","MeanCoopTie2Noncoop","FemaleSong","0.00855969537492181","0.0629655558339774","0.0552415095457942","0.0222091656681094","315","0.235885100878384","0.764114899121616","0.852107147192369","0.147892852807631","0.194625507358534","0.657481639833835","0.0412595935198497","0.106633259287781","3570.65874121"
"temprow.737","738","MeanCoopTie2Noncoop","FemaleSong","0.00855969537492181","0.0629655558339774","0.0552415095457942","0.0222091656681094","315","0.217920316514271","0.782079683485729","0.853519815670157","0.146480184329843","0.17506657973808","0.678453235932076","0.0428537367761901","0.103626447553653","3570.65874121"
"temprow.738","739","MeanCoopTie2Noncoop","FemaleSong","0.00855969537492181","0.0629655558339774","0.0552415095457942","0.0222091656681094","315","0.258665735347488","0.741334264652512","0.820666492549736","0.179333507450265","0.21333303879926","0.607333453750475","0.0453326965482274","0.134000810902037","3570.65874121"
"temprow.739","740","MeanCoopTie2Noncoop","FemaleSong","0.00855969537492181","0.0629655558339774","0.0552415095457942","0.0222091656681094","315","0.264143921669494","0.735856078330506","0.882288887008734","0.117711112991266","0.237128076897143","0.645160810111591","0.0270158447723513","0.0906952682189146","3570.65874121"
"temprow.740","741","MeanCoopTie2Noncoop","FemaleSong","0.00855969537492181","0.0629655558339774","0.0552415095457942","0.0222091656681094","315","0.251484184004749","0.748515815995251","0.862441104513169","0.137558895486831","0.223663410938043","0.638777693575126","0.027820773066706","0.109738122420125","3570.65874121"
"temprow.741","742","MeanCoopTie2Noncoop","FemaleSong","0.00855969537492181","0.0629655558339774","0.0552415095457942","0.0222091656681094","315","0.2282183315864","0.7717816684136","0.8343197845905","0.1656802154095","0.197055012695229","0.637264771895272","0.0311633188911715","0.134516896518328","3570.65874121"
"temprow.742","743","MeanCoopTie2Noncoop","FemaleSong","0.00855969537492181","0.0629655558339774","0.0552415095457942","0.0222091656681094","315","0.241472982463419","0.758527017536581","0.824445342980969","0.175554657019031","0.185780914221486","0.638664428759483","0.0556920682419328","0.119862588777098","3570.65874121"
"temprow.743","744","MeanCoopTie2Noncoop","FemaleSong","0.00855969537492181","0.0629655558339774","0.0552415095457942","0.0222091656681094","315","0.194162893650436","0.805837106349564","0.837695814321125","0.162304185678875","0.159944769551656","0.677751044769469","0.0342181240987797","0.128086061580096","3570.65874121"
"temprow.744","745","MeanCoopTie2Noncoop","FemaleSong","0.00855969537492181","0.0629655558339774","0.0552415095457942","0.0222091656681094","315","0.249667948280263","0.750332051719737","0.765701012191407","0.234298987808594","0.185266400741299","0.580434611450108","0.0644015475389641","0.169897440269629","3570.65874121"
"temprow.745","746","MeanCoopTie2Noncoop","FemaleSong","0.00855969537492181","0.0629655558339774","0.0552415095457942","0.0222091656681094","315","0.20946360985728","0.79053639014272","0.852759934856308","0.147240065143692","0.170061569632753","0.682698365223555","0.0394020402245275","0.107838024919165","3570.65874121"
"temprow.746","747","MeanCoopTie2Noncoop","FemaleSong","0.00855969537492181","0.0629655558339774","0.0552415095457942","0.0222091656681094","315","0.300901557593017","0.699098442406983","0.745211959187023","0.254788040812977","0.249343574475835","0.495868384711188","0.051557983117182","0.203230057695795","3570.65874121"
"temprow.747","748","MeanCoopTie2Noncoop","FemaleSong","0.00855969537492181","0.0629655558339774","0.0552415095457942","0.0222091656681094","315","0.232988015833871","0.767011984166129","0.800539262762858","0.199460737237142","0.18756711530621","0.612972147456648","0.0454209005276607","0.154039836709481","3570.65874121"
"temprow.748","749","MeanCoopTie2Noncoop","FemaleSong","0.00855969537492181","0.0629655558339774","0.0552415095457942","0.0222091656681094","315","0.222562800929943","0.777437199070057","0.783497426025404","0.216502573974596","0.185758178982683","0.597739247042722","0.0368046219472604","0.179697952027335","3570.65874121"
"temprow.749","750","MeanCoopTie2Noncoop","FemaleSong","0.00855969537492181","0.0629655558339774","0.0552415095457942","0.0222091656681094","315","0.273914276126078","0.726085723873923","0.71650210073402","0.283497899265981","0.181814305875764","0.534687794858255","0.092099970250313","0.191397929015667","3570.65874121"
"temprow.750","751","MeanCoopTie2Noncoop","FemaleSong","0.00855969537492181","0.0629655558339774","0.0552415095457942","0.0222091656681094","315","0.274484644105715","0.725515355894285","0.772268487038815","0.227731512961185","0.215019300765695","0.55724918627312","0.05946534334002","0.168266169621164","3570.65874121"
"temprow.751","752","MeanCoopTie2Noncoop","FemaleSong","0.00855969537492181","0.0629655558339774","0.0552415095457942","0.0222091656681094","315","0.23493795700296","0.765062042997041","0.855833597148821","0.144166402851179","0.198049894354976","0.657783702793846","0.0368880626479839","0.107278340203195","3570.65874121"
"temprow.752","753","MeanCoopTie2Noncoop","FemaleSong","0.00855969537492181","0.0629655558339774","0.0552415095457942","0.0222091656681094","315","0.222693687710342","0.777306312289658","0.895916030030156","0.104083969969844","0.187996106517328","0.707919923512828","0.0346975811930142","0.0693863887768301","3570.65874121"
"temprow.753","754","MeanCoopTie2Noncoop","FemaleSong","0.00855969537492181","0.0629655558339774","0.0552415095457942","0.0222091656681094","315","0.311681928062079","0.688318071937922","0.86791625868331","0.13208374131669","0.274142962011306","0.593773296672004","0.037538966050773","0.0945447752659172","3570.65874121"
"temprow.754","755","MeanCoopTie2Noncoop","FemaleSong","0.00855969537492181","0.0629655558339774","0.0552415095457942","0.0222091656681094","315","0.255858091701283","0.744141908298717","0.879355672132875","0.120644327867125","0.230584168550532","0.648771503582342","0.0252739231507507","0.0953704047163747","3570.65874121"
"temprow.755","756","MeanCoopTie2Noncoop","FemaleSong","0.00855969537492181","0.0629655558339774","0.0552415095457942","0.0222091656681094","315","0.275237754488941","0.724762245511059","0.734359619017348","0.265640380982653","0.196605520842342","0.537754098175006","0.0786322336465994","0.187008147336053","3570.65874121"
"temprow.756","757","MeanCoopTie2Noncoop","FemaleSong","0.00855969537492181","0.0629655558339774","0.0552415095457942","0.0222091656681094","315","0.283957444103793","0.716042555896207","0.882745375137008","0.117254624862992","0.256424157574672","0.626321217562336","0.0275332865291207","0.0897213383338714","3570.65874121"
"temprow.757","758","MeanCoopTie2Noncoop","FemaleSong","0.00855969537492181","0.0629655558339774","0.0552415095457942","0.0222091656681094","315","0.282976997593464","0.717023002406536","0.845201953603456","0.154798046396544","0.228748720943851","0.616453232659605","0.0542282766496123","0.100569769746932","3570.65874121"
"temprow.758","759","MeanCoopTie2Noncoop","FemaleSong","0.00855969537492181","0.0629655558339774","0.0552415095457942","0.0222091656681094","315","0.228888178404216","0.771111821595784","0.817868541254666","0.182131458745334","0.165178352003586","0.652690189251079","0.0637098264006298","0.118421632344704","3570.65874121"
"temprow.759","760","MeanCoopTie2Noncoop","FemaleSong","0.00855969537492181","0.0629655558339774","0.0552415095457942","0.0222091656681094","315","0.237028413018277","0.762971586981723","0.851685730784728","0.148314269215272","0.206207654623831","0.645478076160897","0.0308207583944452","0.117493510820827","3570.65874121"
"temprow.760","761","MeanCoopTie2Noncoop","FemaleSong","0.00855969537492181","0.0629655558339774","0.0552415095457942","0.0222091656681094","315","0.32317745692716","0.67682254307284","0.893424902640343","0.106575097359657","0.285825908301573","0.60759899433877","0.0373515486255867","0.0692235487340707","3570.65874121"
"temprow.761","762","MeanCoopTie2Noncoop","FemaleSong","0.00855969537492181","0.0629655558339774","0.0552415095457942","0.0222091656681094","315","0.292204246109188","0.707795753890812","0.873530812627861","0.126469187372139","0.246637472158601","0.62689334046926","0.0455667739505871","0.080902413421552","3570.65874121"
"temprow.762","763","MeanCoopTie2Noncoop","FemaleSong","0.00855969537492181","0.0629655558339774","0.0552415095457942","0.0222091656681094","315","0.290192134990233","0.709807865009767","0.812814496362884","0.187185503637116","0.214612143911371","0.598202352451513","0.0755799910788617","0.111605512558254","3570.65874121"
"temprow.763","764","MeanCoopTie2Noncoop","FemaleSong","0.00855969537492181","0.0629655558339774","0.0552415095457942","0.0222091656681094","315","0.243311321968321","0.756688678031679","0.767876198192685","0.232123801807315","0.193723803466518","0.574152394726167","0.0495875185018023","0.182536283305512","3570.65874121"
"temprow.764","765","MeanCoopTie2Noncoop","FemaleSong","0.00855969537492181","0.0629655558339774","0.0552415095457942","0.0222091656681094","315","0.187514469158702","0.812485530841298","0.855804975225393","0.144195024774608","0.148185275252712","0.707619699972681","0.0393291939059899","0.104865830868618","3570.65874121"
"temprow.765","766","MeanCoopTie2Noncoop","FemaleSong","0.00855969537492181","0.0629655558339774","0.0552415095457942","0.0222091656681094","315","0.346541957761165","0.653458042238835","0.852097660710986","0.147902339289014","0.300589167312497","0.55150849339849","0.0459527904486684","0.101949548840345","3570.65874121"
"temprow.766","767","MeanCoopTie2Noncoop","FemaleSong","0.00855969537492181","0.0629655558339774","0.0552415095457942","0.0222091656681094","315","0.280478407137845","0.719521592862155","0.80724924031199","0.19275075968801","0.228726934665466","0.578522305646523","0.0517514724723786","0.140999287215632","3570.65874121"
"temprow.767","768","MeanCoopTie2Noncoop","FemaleSong","0.00855969537492181","0.0629655558339774","0.0552415095457942","0.0222091656681094","315","0.253508778705149","0.746491221294851","0.821947171246647","0.178052828753353","0.194621540774595","0.627325630472052","0.0588872379305539","0.119165590822799","3570.65874121"
"temprow.768","769","MeanCoopTie2Noncoop","FemaleSong","0.00855969537492181","0.0629655558339774","0.0552415095457942","0.0222091656681094","315","0.354147099824034","0.645852900175966","0.794557517509104","0.205442482490896","0.251719693176006","0.542837824333098","0.102427406648028","0.103015075842868","3570.65874121"
"temprow.769","770","MeanCoopTie2Noncoop","FemaleSong","0.00855969537492181","0.0629655558339774","0.0552415095457942","0.0222091656681094","315","0.231713928085936","0.768286071914065","0.853821441486686","0.146178558513314","0.204893579874733","0.648927861611953","0.0268203482112025","0.119358210302112","3570.65874121"
"temprow.770","771","MeanCoopTie2Noncoop","FemaleSong","0.00855969537492181","0.0629655558339774","0.0552415095457942","0.0222091656681094","315","0.255080017915334","0.744919982084666","0.775426936146157","0.224573063853843","0.20886404633996","0.566562889806197","0.0462159715753737","0.178357092278469","3570.65874121"
"temprow.771","772","MeanCoopTie2Noncoop","FemaleSong","0.00855969537492181","0.0629655558339774","0.0552415095457942","0.0222091656681094","315","0.287066137005413","0.712933862994587","0.780146951455339","0.219853048544661","0.193666921854342","0.586480029600996","0.0933992151510707","0.126453833393591","3570.65874121"
"temprow.772","773","MeanCoopTie2Noncoop","FemaleSong","0.00855969537492181","0.0629655558339774","0.0552415095457942","0.0222091656681094","315","0.318186998658583","0.681813001341418","0.809089805218762","0.190910194781238","0.263165460612931","0.545924344605831","0.0550215380456511","0.135888656735587","3570.65874121"
"temprow.773","774","MeanCoopTie2Noncoop","FemaleSong","0.00855969537492181","0.0629655558339774","0.0552415095457942","0.0222091656681094","315","0.218408245854027","0.781591754145973","0.781384443471705","0.218615556528295","0.182789915219715","0.59859452825199","0.0356183306343126","0.182997225893982","3570.65874121"
"temprow.774","775","MeanCoopTie2Noncoop","FemaleSong","0.00855969537492181","0.0629655558339774","0.0552415095457942","0.0222091656681094","315","0.299145797367529","0.700854202632471","0.917516249881101","0.0824837501188992","0.270469419072978","0.647046830808123","0.0286763782945505","0.0538073718243487","3570.65874121"
"temprow.775","776","MeanCoopTie2Noncoop","FemaleSong","0.00855969537492181","0.0629655558339774","0.0552415095457942","0.0222091656681094","315","0.232105170821019","0.767894829178981","0.86419761743126","0.13580238256874","0.204397087487622","0.659800529943638","0.0277080833333966","0.108094299235344","3570.65874121"
"temprow.776","777","MeanCoopTie2Noncoop","FemaleSong","0.00855969537492181","0.0629655558339774","0.0552415095457942","0.0222091656681094","315","0.235882204916648","0.764117795083352","0.830368182461176","0.169631817538824","0.207448521780504","0.622919660680672","0.0284336831361433","0.14119813440268","3570.65874121"
"temprow.777","778","MeanCoopTie2Noncoop","FemaleSong","0.00855969537492181","0.0629655558339774","0.0552415095457942","0.0222091656681094","315","0.295745529362051","0.704254470637949","0.792446603721089","0.207553396278911","0.227925717791885","0.564520885929204","0.0678198115701657","0.139733584708745","3570.65874121"
"temprow.778","779","MeanCoopTie2Noncoop","FemaleSong","0.00855969537492181","0.0629655558339774","0.0552415095457942","0.0222091656681094","315","0.281981562149129","0.718018437850871","0.827424191223783","0.172575808776218","0.249380913097245","0.578043278126538","0.0326006490518839","0.139975159724334","3570.65874121"
"temprow.779","780","MeanCoopTie2Noncoop","FemaleSong","0.00855969537492181","0.0629655558339774","0.0552415095457942","0.0222091656681094","315","0.248108513947259","0.751891486052741","0.877698934707416","0.122301065292584","0.218262408594953","0.659436526112463","0.0298461053523063","0.0924549599402778","3570.65874121"
"temprow.780","781","MeanCoopTie2Noncoop","FemaleSong","0.00855969537492181","0.0629655558339774","0.0552415095457942","0.0222091656681094","315","0.274470760890941","0.725529239109059","0.868390466716744","0.131609533283256","0.252761853441668","0.615628613275076","0.0217089074492731","0.109900625833983","3570.65874121"
"temprow.781","782","MeanCoopTie2Noncoop","FemaleSong","0.00855969537492181","0.0629655558339774","0.0552415095457942","0.0222091656681094","315","0.215089325553142","0.784910674446858","0.855082919588521","0.144917080411479","0.181538370687174","0.673544548901347","0.0335509548659673","0.111366125545511","3570.65874121"
"temprow.782","783","MeanCoopTie2Noncoop","FemaleSong","0.00855969537492181","0.0629655558339774","0.0552415095457942","0.0222091656681094","315","0.295330359115848","0.704669640884152","0.854390444092227","0.145609555907773","0.248299443573061","0.606091000519166","0.0470309155427872","0.0985786403649861","3570.65874121"
"temprow.783","784","MeanCoopTie2Noncoop","FemaleSong","0.00855969537492181","0.0629655558339774","0.0552415095457942","0.0222091656681094","315","0.268378148467899","0.731621851532101","0.776022420521362","0.223977579478638","0.221583664271702","0.55443875624966","0.0467944841961964","0.177183095282441","3570.65874121"
"temprow.784","785","MeanCoopTie2Noncoop","FemaleSong","0.00855969537492181","0.0629655558339774","0.0552415095457942","0.0222091656681094","315","0.299830756946816","0.700169243053184","0.824783817234509","0.175216182765492","0.232979293933769","0.59180452330074","0.0668514630130476","0.108364719752444","3570.65874121"
"temprow.785","786","MeanCoopTie2Noncoop","FemaleSong","0.00855969537492181","0.0629655558339774","0.0552415095457942","0.0222091656681094","315","0.303302027649458","0.696697972350542","0.902534483154317","0.0974655168456827","0.276326473104343","0.626208010049974","0.0269755545451143","0.0704899623005683","3570.65874121"
"temprow.786","787","MeanCoopTie2Noncoop","FemaleSong","0.00855969537492181","0.0629655558339774","0.0552415095457942","0.0222091656681094","315","0.221972957871097","0.778027042128903","0.791345892218738","0.208654107781262","0.177325501212901","0.614020391005836","0.0446474566581954","0.164006651123067","3570.65874121"
"temprow.787","788","MeanCoopTie2Noncoop","FemaleSong","0.00855969537492181","0.0629655558339774","0.0552415095457942","0.0222091656681094","315","0.273572062675957","0.726427937324043","0.726699598918412","0.273300401081588","0.194443642137295","0.532255956781117","0.0791284205386621","0.194171980542926","3570.65874121"
"temprow.788","789","MeanCoopTie2Noncoop","FemaleSong","0.00855969537492181","0.0629655558339774","0.0552415095457942","0.0222091656681094","315","0.316602688480324","0.683397311519676","0.78124456469163","0.21875543530837","0.214466238147578","0.566778326544053","0.102136450332747","0.116618984975623","3570.65874121"
"temprow.789","790","MeanCoopTie2Noncoop","FemaleSong","0.00855969537492181","0.0629655558339774","0.0552415095457942","0.0222091656681094","315","0.287541984211938","0.712458015788062","0.886281959994865","0.113718040005135","0.257938509157964","0.628343450836901","0.0296034750539748","0.0841145649511604","3570.65874121"
"temprow.790","791","MeanCoopTie2Noncoop","FemaleSong","0.00855969537492181","0.0629655558339774","0.0552415095457942","0.0222091656681094","315","0.248323889187134","0.751676110812866","0.741309041283508","0.258690958716492","0.207397544957155","0.533911496326353","0.0409263442299792","0.217764614486513","3570.65874121"
"temprow.791","792","MeanCoopTie2Noncoop","FemaleSong","0.00855969537492181","0.0629655558339774","0.0552415095457942","0.0222091656681094","315","0.302717275742264","0.697282724257736","0.853777314683137","0.146222685316863","0.261325124521266","0.592452190161871","0.0413921512209985","0.104830534095864","3570.65874121"
"temprow.792","793","MeanCoopTie2Noncoop","FemaleSong","0.00855969537492181","0.0629655558339774","0.0552415095457942","0.0222091656681094","315","0.279919509183792","0.720080490816208","0.874543926016107","0.125456073983893","0.250157685589304","0.624386240426803","0.029761823594488","0.0956942503894053","3570.65874121"
"temprow.793","794","MeanCoopTie2Noncoop","FemaleSong","0.00855969537492181","0.0629655558339774","0.0552415095457942","0.0222091656681094","315","0.254763894269092","0.745236105730908","0.842329236695896","0.157670763304104","0.198218443751224","0.644110792944673","0.0565454505178683","0.101125312786235","3570.65874121"
"temprow.794","795","MeanCoopTie2Noncoop","FemaleSong","0.00855969537492181","0.0629655558339774","0.0552415095457942","0.0222091656681094","315","0.314777203316032","0.685222796683968","0.741173300103449","0.258826699896551","0.24023886788094","0.500934432222509","0.0745383354350916","0.184288364461459","3570.65874121"
"temprow.795","796","MeanCoopTie2Noncoop","FemaleSong","0.00855969537492181","0.0629655558339774","0.0552415095457942","0.0222091656681094","315","0.272675736973834","0.727324263026166","0.803445885311821","0.196554114688179","0.225301495155222","0.578144390156599","0.0473742418186117","0.149179872869567","3570.65874121"
"temprow.796","797","MeanCoopTie2Noncoop","FemaleSong","0.00855969537492181","0.0629655558339774","0.0552415095457942","0.0222091656681094","315","0.214960223105306","0.785039776894694","0.891134638171247","0.108865361828753","0.1837795103813","0.707355127789947","0.0311807127240057","0.0776846491047474","3570.65874121"
"temprow.797","798","MeanCoopTie2Noncoop","FemaleSong","0.00855969537492181","0.0629655558339774","0.0552415095457942","0.0222091656681094","315","0.201764599873064","0.798235400126936","0.785828804489911","0.214171195510089","0.14921009277463","0.636618711715281","0.052554507098434","0.161616688411654","3570.65874121"
"temprow.798","799","MeanCoopTie2Noncoop","FemaleSong","0.00855969537492181","0.0629655558339774","0.0552415095457942","0.0222091656681094","315","0.253241712484077","0.746758287515923","0.836926190322581","0.163073809677419","0.183846850748696","0.653079339573885","0.0693948617353812","0.0936789479420378","3570.65874121"
"temprow.799","800","MeanCoopTie2Noncoop","FemaleSong","0.00855969537492181","0.0629655558339774","0.0552415095457942","0.0222091656681094","315","0.248741541831004","0.751258458168996","0.70159238317172","0.29840761682828","0.158438059455626","0.543154323716094","0.0903034823753776","0.208104134452902","3570.65874121"
"temprow.800","801","MeanCoopTie2Noncoop","FemaleSong","0.00855969537492181","0.0629655558339774","0.0552415095457942","0.0222091656681094","315","0.334602919554864","0.665397080445136","0.81967089189995","0.18032910810005","0.264941965237473","0.554728926662477","0.0696609543173906","0.11066815378266","3570.65874121"
"temprow.801","802","MeanCoopTie2Noncoop","FemaleSong","0.00855969537492181","0.0629655558339774","0.0552415095457942","0.0222091656681094","315","0.357588175025127","0.642411824974873","0.847981228706651","0.152018771293349","0.31037014559099","0.537611083115661","0.0472180294341375","0.104800741859211","3570.65874121"
"temprow.802","803","MeanCoopTie2Noncoop","FemaleSong","0.00855969537492181","0.0629655558339774","0.0552415095457942","0.0222091656681094","315","0.226130937089713","0.773869062910287","0.77735545402504","0.22264454597496","0.170744679130068","0.606610774894972","0.055386257959645","0.167258288015315","3570.65874121"
"temprow.803","804","MeanCoopTie2Noncoop","FemaleSong","0.00855969537492181","0.0629655558339774","0.0552415095457942","0.0222091656681094","315","0.236748114378289","0.763251885621711","0.801429460093052","0.198570539906948","0.201156165687331","0.60027329440572","0.035591948690958","0.16297859121599","3570.65874121"
"temprow.804","805","MeanCoopTie2Noncoop","FemaleSong","0.00855969537492181","0.0629655558339774","0.0552415095457942","0.0222091656681094","315","0.242850358066543","0.757149641933457","0.699241878147475","0.300758121852525","0.170846167250221","0.528395710897255","0.0720041908163222","0.228753931036203","3570.65874121"
"temprow.805","806","MeanCoopTie2Noncoop","FemaleSong","0.00855969537492181","0.0629655558339774","0.0552415095457942","0.0222091656681094","315","0.259639430025393","0.740360569974608","0.795979950020577","0.204020049979423","0.221552598953427","0.57442735106715","0.0380868310719656","0.165933218907458","3570.65874121"
"temprow.806","807","MeanCoopTie2Noncoop","FemaleSong","0.00855969537492181","0.0629655558339774","0.0552415095457942","0.0222091656681094","315","0.198262903063147","0.801737096936853","0.798271133500815","0.201728866499185","0.146363999596642","0.651907133904173","0.0518989034665057","0.14982996303268","3570.65874121"
"temprow.807","808","MeanCoopTie2Noncoop","FemaleSong","0.00855969537492181","0.0629655558339774","0.0552415095457942","0.0222091656681094","315","0.241201656728992","0.758798343271008","0.797109167639114","0.202890832360886","0.197346533456508","0.599762634182606","0.0438551232724845","0.159035709088402","3570.65874121"
"temprow.808","809","MeanCoopTie2Noncoop","FemaleSong","0.00855969537492181","0.0629655558339774","0.0552415095457942","0.0222091656681094","315","0.342152251030524","0.657847748969476","0.829820725394373","0.170179274605627","0.271654902124342","0.558165823270031","0.0704973489061817","0.0996819256994451","3570.65874121"
"temprow.809","810","MeanCoopTie2Noncoop","FemaleSong","0.00855969537492181","0.0629655558339774","0.0552415095457942","0.0222091656681094","315","0.223926867638311","0.776073132361689","0.810067251809906","0.189932748190094","0.167657671504344","0.642409580305562","0.0562691961339673","0.133663552056127","3570.65874121"
"temprow.810","811","MeanCoopTie2Noncoop","FemaleSong","0.00855969537492181","0.0629655558339774","0.0552415095457942","0.0222091656681094","315","0.234933306061159","0.765066693938841","0.82972514733511","0.17027485266489","0.216084352751036","0.613640794584074","0.0188489533101233","0.151425899354767","3570.65874121"
"temprow.811","812","MeanCoopTie2Noncoop","FemaleSong","0.00855969537492181","0.0629655558339774","0.0552415095457942","0.0222091656681094","315","0.369133242678605","0.630866757321395","0.760351818950689","0.239648181049311","0.29948800174154","0.460863817209149","0.0696452409370659","0.170002940112246","3570.65874121"
"temprow.812","813","MeanCoopTie2Noncoop","FemaleSong","0.00855969537492181","0.0629655558339774","0.0552415095457942","0.0222091656681094","315","0.219611607293275","0.780388392706725","0.841213635501767","0.158786364498233","0.183119394603567","0.6580942408982","0.0364922126897083","0.122294151808525","3570.65874121"
"temprow.813","814","MeanCoopTie2Noncoop","FemaleSong","0.00855969537492181","0.0629655558339774","0.0552415095457942","0.0222091656681094","315","0.250559261019585","0.749440738980415","0.783958892087685","0.216041107912315","0.202540707898389","0.581418184189295","0.0480185531211955","0.16802255479112","3570.65874121"
"temprow.814","815","MeanCoopTie2Noncoop","FemaleSong","0.00855969537492181","0.0629655558339774","0.0552415095457942","0.0222091656681094","315","0.248571922741103","0.751428077258897","0.876002561150999","0.123997438849001","0.210365975486198","0.665636585664801","0.0382059472549054","0.085791491594096","3570.65874121"
"temprow.815","816","MeanCoopTie2Noncoop","FemaleSong","0.00855969537492181","0.0629655558339774","0.0552415095457942","0.0222091656681094","315","0.2050857995128","0.7949142004872","0.85283869760928","0.14716130239072","0.173868283307984","0.678970414301295","0.0312175162048151","0.115943786185905","3570.65874121"
"temprow.816","817","MeanCoopTie2Noncoop","FemaleSong","0.00855969537492181","0.0629655558339774","0.0552415095457942","0.0222091656681094","315","0.25679032005836","0.74320967994164","0.696779758990519","0.303220241009481","0.162354197715968","0.534425561274551","0.0944361223423921","0.208784118667089","3570.65874121"
"temprow.817","818","MeanCoopTie2Noncoop","FemaleSong","0.00855969537492181","0.0629655558339774","0.0552415095457942","0.0222091656681094","315","0.311220702844356","0.688779297155644","0.870967538391561","0.129032461608439","0.26096090416182","0.610006634229742","0.0502597986825364","0.0787726629259022","3570.65874121"
"temprow.818","819","MeanCoopTie2Noncoop","FemaleSong","0.00855969537492181","0.0629655558339774","0.0552415095457942","0.0222091656681094","315","0.323364016384455","0.676635983615545","0.856810625107011","0.143189374892989","0.285345955551649","0.571464669555362","0.0380180608328062","0.105171314060183","3570.65874121"
"temprow.819","820","MeanCoopTie2Noncoop","FemaleSong","0.00855969537492181","0.0629655558339774","0.0552415095457942","0.0222091656681094","315","0.229217833401931","0.77078216659807","0.838857692799635","0.161142307200365","0.189597625994179","0.649260066805456","0.0396202074077518","0.121522099792613","3570.65874121"
"temprow.820","821","MeanCoopTie2Noncoop","FemaleSong","0.00855969537492181","0.0629655558339774","0.0552415095457942","0.0222091656681094","315","0.184192190152948","0.815807809847052","0.745809733275347","0.254190266724653","0.150725266610543","0.595084466664804","0.033466923542404","0.220723343182249","3570.65874121"
"temprow.821","822","MeanCoopTie2Noncoop","FemaleSong","0.00855969537492181","0.0629655558339774","0.0552415095457942","0.0222091656681094","315","0.205436495917825","0.794563504082175","0.831558406415463","0.168441593584537","0.16690463090343","0.664653775512032","0.0385318650143942","0.129909728570143","3570.65874121"
"temprow.822","823","MeanCoopTie2Noncoop","FemaleSong","0.00855969537492181","0.0629655558339774","0.0552415095457942","0.0222091656681094","315","0.255733175904269","0.744266824095731","0.858069410892463","0.141930589107537","0.213114835611053","0.64495457528141","0.0426183402932156","0.0993122488143217","3570.65874121"
"temprow.823","824","MeanCoopTie2Noncoop","FemaleSong","0.00855969537492181","0.0629655558339774","0.0552415095457942","0.0222091656681094","315","0.26900898991009","0.73099101008991","0.665570760578589","0.334429239421411","0.186816479485936","0.478754281092653","0.0821925104241537","0.252236728997257","3570.65874121"
"temprow.824","825","MeanCoopTie2Noncoop","FemaleSong","0.00855969537492181","0.0629655558339774","0.0552415095457942","0.0222091656681094","315","0.228176988592307","0.771823011407693","0.851016131458211","0.148983868541789","0.192931158305401","0.65808497315281","0.0352458302869057","0.113738038254883","3570.65874121"
"temprow.825","826","MeanCoopTie2Noncoop","FemaleSong","0.00855969537492181","0.0629655558339774","0.0552415095457942","0.0222091656681094","315","0.217577558981087","0.782422441018913","0.848625439792529","0.151374560207471","0.188232894047303","0.660392545745226","0.0293446649337841","0.122029895273687","3570.65874121"
"temprow.826","827","MeanCoopTie2Noncoop","FemaleSong","0.00855969537492181","0.0629655558339774","0.0552415095457942","0.0222091656681094","315","0.330563337038318","0.669436662961682","0.881956272888024","0.118043727111976","0.289173938612349","0.592782334275675","0.0413893984259683","0.0766543286860076","3570.65874121"
"temprow.827","828","MeanCoopTie2Noncoop","FemaleSong","0.00855969537492181","0.0629655558339774","0.0552415095457942","0.0222091656681094","315","0.338446113196791","0.661553886803209","0.899117148417833","0.100882851582167","0.309128140081594","0.589989008336239","0.0293179731151968","0.07156487846697","3570.65874121"
"temprow.828","829","MeanCoopTie2Noncoop","FemaleSong","0.00855969537492181","0.0629655558339774","0.0552415095457942","0.0222091656681094","315","0.236530129401041","0.763469870598959","0.800834142614657","0.199165857385343","0.191689220283725","0.609144922330932","0.0448409091173164","0.154324948268027","3570.65874121"
"temprow.829","830","MeanCoopTie2Noncoop","FemaleSong","0.00855969537492181","0.0629655558339774","0.0552415095457942","0.0222091656681094","315","0.257732926987818","0.742267073012182","0.895693907745275","0.104306092254725","0.241173529468194","0.654520378277081","0.0165593975196245","0.0877466947351008","3570.65874121"
"temprow.830","831","MeanCoopTie2Noncoop","FemaleSong","0.00855969537492181","0.0629655558339774","0.0552415095457942","0.0222091656681094","315","0.25863946859723","0.74136053140277","0.858799432299204","0.141200567700797","0.227429329385158","0.631370102914045","0.0312101392120715","0.109990428488725","3570.65874121"
"temprow.831","832","MeanCoopTie2Noncoop","FemaleSong","0.00855969537492181","0.0629655558339774","0.0552415095457942","0.0222091656681094","315","0.233504051717729","0.766495948282271","0.820730346645754","0.179269653354246","0.183064363426378","0.637665983219376","0.0504396882913515","0.128829965062894","3570.65874121"
"temprow.832","833","MeanCoopTie2Noncoop","FemaleSong","0.00855969537492181","0.0629655558339774","0.0552415095457942","0.0222091656681094","315","0.244640230877129","0.755359769122871","0.843968124253652","0.156031875746348","0.196995419143092","0.646972705110561","0.0476448117340376","0.10838706401231","3570.65874121"
"temprow.833","834","MeanCoopTie2Noncoop","FemaleSong","0.00855969537492181","0.0629655558339774","0.0552415095457942","0.0222091656681094","315","0.29575230584714","0.70424769415286","0.840108971136523","0.159891028863477","0.241720642256533","0.59838832887999","0.054031663590607","0.10585936527287","3570.65874121"
"temprow.834","835","MeanCoopTie2Noncoop","FemaleSong","0.00855969537492181","0.0629655558339774","0.0552415095457942","0.0222091656681094","315","0.243795206436885","0.756204793563115","0.797869763417959","0.202130236582041","0.184416643642293","0.613453119775666","0.0593785627945917","0.142751673787449","3570.65874121"
"temprow.835","836","MeanCoopTie2Noncoop","FemaleSong","0.00855969537492181","0.0629655558339774","0.0552415095457942","0.0222091656681094","315","0.21578335389388","0.78421664610612","0.865178845818648","0.134821154181352","0.1910278621499","0.674150983668748","0.0247554917439799","0.110065662437372","3570.65874121"
"temprow.836","837","MeanCoopTie2Noncoop","FemaleSong","0.00855969537492181","0.0629655558339774","0.0552415095457942","0.0222091656681094","315","0.208699326144491","0.79130067385551","0.787881587722516","0.212118412277485","0.187641201191288","0.600240386531227","0.0210581249532022","0.191060287324282","3570.65874121"
"temprow.837","838","MeanCoopTie2Noncoop","FemaleSong","0.00855969537492181","0.0629655558339774","0.0552415095457942","0.0222091656681094","315","0.243469927517525","0.756530072482475","0.844930535767818","0.155069464232182","0.21518792569722","0.629742610070599","0.0282820018203051","0.126787462411877","3570.65874121"
"temprow.838","839","MeanCoopTie2Noncoop","FemaleSong","0.00855969537492181","0.0629655558339774","0.0552415095457942","0.0222091656681094","315","0.210476256737885","0.789523743262115","0.715709562829609","0.284290437170391","0.17027390550771","0.545435657321899","0.0402023512301751","0.244088085940216","3570.65874121"
"temprow.839","840","MeanCoopTie2Noncoop","FemaleSong","0.00855969537492181","0.0629655558339774","0.0552415095457942","0.0222091656681094","315","0.25974030738177","0.74025969261823","0.843870956185161","0.15612904381484","0.229874472673909","0.613996483511251","0.0298658347078606","0.126263209106979","3570.65874121"
"temprow.840","841","MeanCoopTie2Noncoop","FemaleSong","0.00855969537492181","0.0629655558339774","0.0552415095457942","0.0222091656681094","315","0.306327677463302","0.693672322536698","0.866004767937684","0.133995232062316","0.270113294032578","0.595891473905105","0.0362143834307239","0.0977808486315924","3570.65874121"
"temprow.841","842","MeanCoopTie2Noncoop","FemaleSong","0.00855969537492181","0.0629655558339774","0.0552415095457942","0.0222091656681094","315","0.249285681315624","0.750714318684376","0.773749549028088","0.226250450971912","0.170698912993902","0.603050636034186","0.0785867683217222","0.14766368265019","3570.65874121"
"temprow.842","843","MeanCoopTie2Noncoop","FemaleSong","0.00855969537492181","0.0629655558339774","0.0552415095457942","0.0222091656681094","315","0.257314706256421","0.742685293743579","0.82003373306744","0.179966266932561","0.231260388763434","0.588773344304005","0.0260543174929868","0.153911949439574","3570.65874121"
"temprow.843","844","MeanCoopTie2Noncoop","FemaleSong","0.00855969537492181","0.0629655558339774","0.0552415095457942","0.0222091656681094","315","0.299281748764728","0.700718251235272","0.868608316237237","0.131391683762763","0.250691286991932","0.617917029245305","0.048590461772795","0.0828012219899679","3570.65874121"
"temprow.844","845","MeanCoopTie2Noncoop","FemaleSong","0.00855969537492181","0.0629655558339774","0.0552415095457942","0.0222091656681094","315","0.149890255493349","0.850109744506651","0.862768368136928","0.137231631863072","0.119491021187885","0.743277346949043","0.0303992343054647","0.106832397557607","3570.65874121"
"temprow.845","846","MeanCoopTie2Noncoop","FemaleSong","0.00855969537492181","0.0629655558339774","0.0552415095457942","0.0222091656681094","315","0.278950085225305","0.721049914774695","0.888297675700182","0.111702324299818","0.249603449983116","0.638694225717067","0.0293466352421898","0.0823556890576277","3570.65874121"
"temprow.846","847","MeanCoopTie2Noncoop","FemaleSong","0.00855969537492181","0.0629655558339774","0.0552415095457942","0.0222091656681094","315","0.28316492729522","0.71683507270478","0.853698521758581","0.146301478241419","0.245796190399261","0.607902331359321","0.037368736895959","0.10893274134546","3570.65874121"
"temprow.847","848","MeanCoopTie2Noncoop","FemaleSong","0.00855969537492181","0.0629655558339774","0.0552415095457942","0.0222091656681094","315","0.213335464781675","0.786664535218326","0.79457933045288","0.20542066954712","0.185188923121853","0.609390407331028","0.0281465416598217","0.177274127887298","3570.65874121"
"temprow.848","849","MeanCoopTie2Noncoop","FemaleSong","0.00855969537492181","0.0629655558339774","0.0552415095457942","0.0222091656681094","315","0.27265587750091","0.72734412249909","0.758560544004516","0.241439455995484","0.186284359098167","0.572276184906349","0.0863715184027432","0.155067937592741","3570.65874121"
"temprow.849","850","MeanCoopTie2Noncoop","FemaleSong","0.00855969537492181","0.0629655558339774","0.0552415095457942","0.0222091656681094","315","0.259358624400771","0.740641375599229","0.856074573964537","0.143925426035463","0.224861759460612","0.631212814503925","0.0344968649401594","0.109428561095303","3570.65874121"
"temprow.850","851","MeanCoopTie2Noncoop","FemaleSong","0.00855969537492181","0.0629655558339774","0.0552415095457942","0.0222091656681094","315","0.273859275260842","0.726140724739158","0.816984610078066","0.183015389921934","0.232438161771357","0.584546448306709","0.041421113489485","0.141594276432449","3570.65874121"
"temprow.851","852","MeanCoopTie2Noncoop","FemaleSong","0.00855969537492181","0.0629655558339774","0.0552415095457942","0.0222091656681094","315","0.282003684379749","0.717996315620251","0.712574243453669","0.287425756546331","0.184348538605606","0.528225704848063","0.0976551457741427","0.189770610772188","3570.65874121"
"temprow.852","853","MeanCoopTie2Noncoop","FemaleSong","0.00855969537492181","0.0629655558339774","0.0552415095457942","0.0222091656681094","315","0.253085825227414","0.746914174772586","0.899867259987657","0.100132740012343","0.228271308454903","0.671595951532754","0.0248145167725114","0.0753182232398319","3570.65874121"
"temprow.853","854","MeanCoopTie2Noncoop","FemaleSong","0.00855969537492181","0.0629655558339774","0.0552415095457942","0.0222091656681094","315","0.172371743177485","0.827628256822515","0.904026267331996","0.0959737326680043","0.143808731084071","0.760217536247924","0.0285630120934134","0.0674107205745908","3570.65874121"
"temprow.854","855","MeanCoopTie2Noncoop","FemaleSong","0.00855969537492181","0.0629655558339774","0.0552415095457942","0.0222091656681094","315","0.330788963793361","0.669211036206639","0.803141276655508","0.196858723344492","0.262947312281999","0.540193964373509","0.0678416515113622","0.12901707183313","3570.65874121"
"temprow.855","856","MeanCoopTie2Noncoop","FemaleSong","0.00855969537492181","0.0629655558339774","0.0552415095457942","0.0222091656681094","315","0.245718361606373","0.754281638393627","0.890892089215515","0.109107910784485","0.217248280936802","0.673643808278713","0.0284700806695703","0.0806378301149147","3570.65874121"
"temprow.856","857","MeanCoopTie2Noncoop","FemaleSong","0.00855969537492181","0.0629655558339774","0.0552415095457942","0.0222091656681094","315","0.327660613303482","0.672339386696518","0.883482593051877","0.116517406948123","0.29005289408563","0.593429698966248","0.0376077192178519","0.0789096877302707","3570.65874121"
"temprow.857","858","MeanCoopTie2Noncoop","FemaleSong","0.00855969537492181","0.0629655558339774","0.0552415095457942","0.0222091656681094","315","0.223581711671674","0.776418288328326","0.787889396658556","0.212110603341444","0.166529464284016","0.621359932374541","0.0570522473876576","0.155058355953786","3570.65874121"
"temprow.858","859","MeanCoopTie2Noncoop","FemaleSong","0.00855969537492181","0.0629655558339774","0.0552415095457942","0.0222091656681094","315","0.256254721881503","0.743745278118497","0.846207440602956","0.153792559397044","0.212382074670318","0.633825365932638","0.0438726472111851","0.109919912185859","3570.65874121"
"temprow.859","860","MeanCoopTie2Noncoop","FemaleSong","0.00855969537492181","0.0629655558339774","0.0552415095457942","0.0222091656681094","315","0.22596109392897","0.774038906071031","0.766148336450886","0.233851663549114","0.171264698169434","0.594883638281452","0.054696395759535","0.179155267789579","3570.65874121"
"temprow.860","861","MeanCoopTie2Noncoop","FemaleSong","0.00855969537492181","0.0629655558339774","0.0552415095457942","0.0222091656681094","315","0.254788053139797","0.745211946860203","0.874542417494882","0.125457582505118","0.222658038266259","0.651884379228623","0.0321300148735372","0.0933275676315806","3570.65874121"
"temprow.861","862","MeanCoopTie2Noncoop","FemaleSong","0.00855969537492181","0.0629655558339774","0.0552415095457942","0.0222091656681094","315","0.244173939521168","0.755826060478832","0.850968100702104","0.149031899297896","0.205494251972092","0.645473848730011","0.0386796875490753","0.110352211748821","3570.65874121"
"temprow.862","863","MeanCoopTie2Noncoop","FemaleSong","0.00855969537492181","0.0629655558339774","0.0552415095457942","0.0222091656681094","315","0.187706931374804","0.812293068625196","0.847458767822944","0.152541232177056","0.165938101728515","0.681520666094429","0.0217688296462895","0.130772402530767","3570.65874121"
"temprow.863","864","MeanCoopTie2Noncoop","FemaleSong","0.00855969537492181","0.0629655558339774","0.0552415095457942","0.0222091656681094","315","0.308532934540852","0.691467065459148","0.772397717419069","0.227602282580931","0.25342904830238","0.518968669116689","0.0551038862384719","0.172498396342459","3570.65874121"
"temprow.864","865","MeanCoopTie2Noncoop","FemaleSong","0.00855969537492181","0.0629655558339774","0.0552415095457942","0.0222091656681094","315","0.217089259005935","0.782910740994065","0.823754658649139","0.176245341350861","0.159600375455989","0.66415428319315","0.0574888835499462","0.118756457800915","3570.65874121"
"temprow.865","866","MeanCoopTie2Noncoop","FemaleSong","0.00855969537492181","0.0629655558339774","0.0552415095457942","0.0222091656681094","315","0.225356602054849","0.774643397945151","0.709891586799009","0.290108413200991","0.156968777943765","0.552922808855244","0.0683878241110843","0.221720589089907","3570.65874121"
"temprow.866","867","MeanCoopTie2Noncoop","FemaleSong","0.00855969537492181","0.0629655558339774","0.0552415095457942","0.0222091656681094","315","0.266702994772705","0.733297005227295","0.852208457488732","0.147791542511268","0.236676123009078","0.615532334479654","0.0300268717636271","0.117764670747641","3570.65874121"
"temprow.867","868","MeanCoopTie2Noncoop","FemaleSong","0.00855969537492181","0.0629655558339774","0.0552415095457942","0.0222091656681094","315","0.222119419965107","0.777880580034893","0.897546274193547","0.102453725806454","0.200323647492317","0.69722262670123","0.0217957724727902","0.0806579533336632","3570.65874121"
"temprow.868","869","MeanCoopTie2Noncoop","FemaleSong","0.00855969537492181","0.0629655558339774","0.0552415095457942","0.0222091656681094","315","0.298055869714261","0.701944130285739","0.900986895934229","0.0990131040657715","0.27300859391898","0.627978302015249","0.0250472757952813","0.0739658282704901","3570.65874121"
"temprow.869","870","MeanCoopTie2Noncoop","FemaleSong","0.00855969537492181","0.0629655558339774","0.0552415095457942","0.0222091656681094","315","0.257470229568531","0.742529770431469","0.855485477189579","0.144514522810421","0.226532211917716","0.628953265271862","0.0309380176508146","0.113576505159607","3570.65874121"
"temprow.870","871","MeanCoopTie2Noncoop","FemaleSong","0.00855969537492181","0.0629655558339774","0.0552415095457942","0.0222091656681094","315","0.279140445871843","0.720859554128157","0.819963749824362","0.180036250175638","0.21474689718864","0.605216852635722","0.0643935486832031","0.115642701492435","3570.65874121"
"temprow.871","872","MeanCoopTie2Noncoop","FemaleSong","0.00855969537492181","0.0629655558339774","0.0552415095457942","0.0222091656681094","315","0.25701184427677","0.74298815572323","0.83087610130333","0.16912389869667","0.227774752466003","0.603101348837327","0.0292370918107675","0.139886806885903","3570.65874121"
"temprow.872","873","MeanCoopTie2Noncoop","FemaleSong","0.00855969537492181","0.0629655558339774","0.0552415095457942","0.0222091656681094","315","0.303526679334142","0.696473320665858","0.79202492538867","0.207975074611331","0.234068584088638","0.557956341300032","0.0694580952455039","0.138516979365827","3570.65874121"
"temprow.873","874","MeanCoopTie2Noncoop","FemaleSong","0.00855969537492181","0.0629655558339774","0.0552415095457942","0.0222091656681094","315","0.236120150830364","0.763879849169636","0.869141294318609","0.130858705681391","0.208297293941661","0.660844000376948","0.0278228568887029","0.103035848792688","3570.65874121"
"temprow.874","875","MeanCoopTie2Noncoop","FemaleSong","0.00855969537492181","0.0629655558339774","0.0552415095457942","0.0222091656681094","315","0.195270991241144","0.804729008758856","0.722112153560176","0.277887846439824","0.146455575785246","0.57565657777493","0.0488154154558981","0.229072430983926","3570.65874121"
"temprow.875","876","MeanCoopTie2Noncoop","FemaleSong","0.00855969537492181","0.0629655558339774","0.0552415095457942","0.0222091656681094","315","0.207429042964456","0.792570957035544","0.849423690638187","0.150576309361813","0.16291799002547","0.686505700612717","0.0445110529389853","0.106065256422828","3570.65874121"
"temprow.876","877","MeanCoopTie2Noncoop","FemaleSong","0.00855969537492181","0.0629655558339774","0.0552415095457942","0.0222091656681094","315","0.27521331898763","0.72478668101237","0.783840196188191","0.216159803811809","0.200037285012034","0.583802911176158","0.0751760339755962","0.140983769836212","3570.65874121"
"temprow.877","878","MeanCoopTie2Noncoop","FemaleSong","0.00855969537492181","0.0629655558339774","0.0552415095457942","0.0222091656681094","315","0.281897393304196","0.718102606695804","0.79004112795825","0.20995887204175","0.22231026321973","0.56773086473852","0.0595871300844666","0.150371741957283","3570.65874121"
"temprow.878","879","MeanCoopTie2Noncoop","FemaleSong","0.00855969537492181","0.0629655558339774","0.0552415095457942","0.0222091656681094","315","0.201883038542111","0.798116961457889","0.867992830929685","0.132007169070315","0.152158124109407","0.715834706820279","0.0497249144327042","0.0822822546376107","3570.65874121"
"temprow.879","880","MeanCoopTie2Noncoop","FemaleSong","0.00855969537492181","0.0629655558339774","0.0552415095457942","0.0222091656681094","315","0.227407968960192","0.772592031039809","0.823910651044951","0.176089348955049","0.181066682390689","0.642843968654261","0.0463412865695022","0.129748062385547","3570.65874121"
"temprow.880","881","MeanCoopTie2Noncoop","FemaleSong","0.00855969537492181","0.0629655558339774","0.0552415095457942","0.0222091656681094","315","0.235097820169573","0.764902179830427","0.871238465153843","0.128761534846157","0.198844125941248","0.672394339212596","0.0362536942283256","0.092507840617831","3570.65874121"
"temprow.881","882","MeanCoopTie2Noncoop","FemaleSong","0.00855969537492181","0.0629655558339774","0.0552415095457942","0.0222091656681094","315","0.251528632324446","0.748471367675555","0.893210480706692","0.106789519293308","0.217469908732018","0.675740571974674","0.0340587235924271","0.0727307957008808","3570.65874121"
"temprow.882","883","MeanCoopTie2Noncoop","FemaleSong","0.00855969537492181","0.0629655558339774","0.0552415095457942","0.0222091656681094","315","0.27220004786443","0.72779995213557","0.879983012431043","0.120016987568957","0.235563988436907","0.644419023994136","0.0366360594275229","0.0833809281414345","3570.65874121"
"temprow.883","884","MeanCoopTie2Noncoop","FemaleSong","0.00855969537492181","0.0629655558339774","0.0552415095457942","0.0222091656681094","315","0.218247126135696","0.781752873864304","0.900142185678098","0.0998578143219018","0.192386639854006","0.707755545824092","0.02586048628169","0.0739973280402117","3570.65874121"
"temprow.884","885","MeanCoopTie2Noncoop","FemaleSong","0.00855969537492181","0.0629655558339774","0.0552415095457942","0.0222091656681094","315","0.259094256626826","0.740905743373174","0.798234099379323","0.201765900620677","0.191246340148198","0.606987759231124","0.0678479164786279","0.133917984142049","3570.65874121"
"temprow.885","886","MeanCoopTie2Noncoop","FemaleSong","0.00855969537492181","0.0629655558339774","0.0552415095457942","0.0222091656681094","315","0.249295328016602","0.750704671983398","0.862396359024546","0.137603640975454","0.218812811797501","0.643583547227046","0.0304825162191013","0.107121124756352","3570.65874121"
"temprow.886","887","MeanCoopTie2Noncoop","FemaleSong","0.00855969537492181","0.0629655558339774","0.0552415095457942","0.0222091656681094","315","0.22150168701872","0.77849831298128","0.825627812436302","0.174372187563698","0.189560181368548","0.636067631067754","0.0319415056501719","0.142430681913526","3570.65874121"
"temprow.887","888","MeanCoopTie2Noncoop","FemaleSong","0.00855969537492181","0.0629655558339774","0.0552415095457942","0.0222091656681094","315","0.193800362874005","0.806199637125995","0.771017982233771","0.228982017766229","0.162006722998764","0.609011259235008","0.0317936398752413","0.197188377890987","3570.65874121"
"temprow.888","889","MeanCoopTie2Noncoop","FemaleSong","0.00855969537492181","0.0629655558339774","0.0552415095457942","0.0222091656681094","315","0.260236420276979","0.739763579723022","0.883686704717468","0.116313295282532","0.228589754039632","0.655096950677837","0.0316466662373468","0.0846666290451848","3570.65874121"
"temprow.889","890","MeanCoopTie2Noncoop","FemaleSong","0.00855969537492181","0.0629655558339774","0.0552415095457942","0.0222091656681094","315","0.317812986444754","0.682187013555246","0.758480394183553","0.241519605816447","0.265834554057209","0.492645840126344","0.051978432387545","0.189541173428902","3570.65874121"
"temprow.890","891","MeanCoopTie2Noncoop","FemaleSong","0.00855969537492181","0.0629655558339774","0.0552415095457942","0.0222091656681094","315","0.233701265552798","0.766298734447202","0.782326021636178","0.217673978363822","0.176174485709455","0.606151535926723","0.0575267798433433","0.160147198520478","3570.65874121"
"temprow.891","892","MeanCoopTie2Noncoop","FemaleSong","0.00855969537492181","0.0629655558339774","0.0552415095457942","0.0222091656681094","315","0.194856473077499","0.805143526922501","0.818056411469991","0.181943588530009","0.16833171203958","0.649724699430412","0.0265247610379189","0.15541882749209","3570.65874121"
"temprow.892","893","MeanCoopTie2Noncoop","FemaleSong","0.00855969537492181","0.0629655558339774","0.0552415095457942","0.0222091656681094","315","0.232262051645385","0.767737948354615","0.835718952148777","0.164281047851223","0.198150370416567","0.63756858173221","0.0341116812288178","0.130169366622405","3570.65874121"
"temprow.893","894","MeanCoopTie2Noncoop","FemaleSong","0.00855969537492181","0.0629655558339774","0.0552415095457942","0.0222091656681094","315","0.361208670584638","0.638791329415362","0.762640373280805","0.237359626719195","0.260909067356286","0.501731305924519","0.100299603228352","0.137060023490843","3570.65874121"
"temprow.894","895","MeanCoopTie2Noncoop","FemaleSong","0.00855969537492181","0.0629655558339774","0.0552415095457942","0.0222091656681094","315","0.256020268659602","0.743979731340399","0.856867351545545","0.143132648454455","0.233299096991582","0.623568254553963","0.0227211716680196","0.120411476786435","3570.65874121"
"temprow.895","896","MeanCoopTie2Noncoop","FemaleSong","0.00855969537492181","0.0629655558339774","0.0552415095457942","0.0222091656681094","315","0.212717190755412","0.787282809244588","0.876986981364914","0.123013018635086","0.162130656112507","0.714856325252407","0.0505865346429049","0.072426483992181","3570.65874121"
"temprow.896","897","MeanCoopTie2Noncoop","FemaleSong","0.00855969537492181","0.0629655558339774","0.0552415095457942","0.0222091656681094","315","0.194720665983531","0.805279334016469","0.921413937364776","0.0785860626352242","0.18062023194808","0.740793705416696","0.0141004340354507","0.0644856285997734","3570.65874121"
"temprow.897","898","MeanCoopTie2Noncoop","FemaleSong","0.00855969537492181","0.0629655558339774","0.0552415095457942","0.0222091656681094","315","0.228894390311747","0.771105609688253","0.803437656172932","0.196562343827068","0.197378733468541","0.606058922704391","0.0315156568432057","0.165046686983862","3570.65874121"
"temprow.898","899","MeanCoopTie2Noncoop","FemaleSong","0.00855969537492181","0.0629655558339774","0.0552415095457942","0.0222091656681094","315","0.199039740281639","0.800960259718361","0.860086133168813","0.139913866831187","0.175865088916529","0.684221044252284","0.0231746513651103","0.116739215466077","3570.65874121"
"temprow.899","900","MeanCoopTie2Noncoop","FemaleSong","0.00855969537492181","0.0629655558339774","0.0552415095457942","0.0222091656681094","315","0.262947942243355","0.737052057756645","0.835372014671921","0.164627985328079","0.237215517279204","0.598156497392717","0.0257324249641515","0.138895560363927","3570.65874121"
"temprow.900","901","MeanCoopTie2Noncoop","FemaleSong","0.00855969537492181","0.0629655558339774","0.0552415095457942","0.0222091656681094","315","0.196353464633755","0.803646535366245","0.68430715316583","0.31569284683417","0.144627280268712","0.539679872897117","0.051726184365043","0.263966662469127","3570.65874121"
"temprow.901","902","MeanCoopTie2Noncoop","FemaleSong","0.00855969537492181","0.0629655558339774","0.0552415095457942","0.0222091656681094","315","0.218394590956276","0.781605409043724","0.790167643898123","0.209832356101877","0.167138257762386","0.623029386135737","0.0512563331938902","0.158576022907987","3570.65874121"
"temprow.902","903","MeanCoopTie2Noncoop","FemaleSong","0.00855969537492181","0.0629655558339774","0.0552415095457942","0.0222091656681094","315","0.250057952157294","0.749942047842706","0.907096792843411","0.0929032071565887","0.231018138157256","0.676078654686155","0.0190398140000372","0.0738633931565515","3570.65874121"
"temprow.903","904","MeanCoopTie2Noncoop","FemaleSong","0.00855969537492181","0.0629655558339774","0.0552415095457942","0.0222091656681094","315","0.205809116993472","0.794190883006528","0.887370959420737","0.112629040579263","0.173328515519928","0.714042443900809","0.0324806014735441","0.0801484391057192","3570.65874121"
"temprow.904","905","MeanCoopTie2Noncoop","FemaleSong","0.00855969537492181","0.0629655558339774","0.0552415095457942","0.0222091656681094","315","0.207032794577831","0.79296720542217","0.829124399708733","0.170875600291267","0.168950951014504","0.660173448694229","0.0380818435633264","0.13279375672794","3570.65874121"
"temprow.905","906","MeanCoopTie2Noncoop","FemaleSong","0.00855969537492181","0.0629655558339774","0.0552415095457942","0.0222091656681094","315","0.246622248703876","0.753377751296124","0.731776626907081","0.268223373092919","0.168740745983157","0.563035880923925","0.0778815027207197","0.190341870372199","3570.65874121"
"temprow.906","907","MeanCoopTie2Noncoop","FemaleSong","0.00855969537492181","0.0629655558339774","0.0552415095457942","0.0222091656681094","315","0.256724608281961","0.743275391718039","0.9096433710949","0.0903566289050997","0.235668838786931","0.673974532307969","0.02105576949503","0.0693008594100697","3570.65874121"
"temprow.907","908","MeanCoopTie2Noncoop","FemaleSong","0.00855969537492181","0.0629655558339774","0.0552415095457942","0.0222091656681094","315","0.219797580602513","0.780202419397487","0.88001834203811","0.11998165796189","0.20121775365241","0.6788005883857","0.0185798269501025","0.101401831011788","3570.65874121"
"temprow.908","909","MeanCoopTie2Noncoop","FemaleSong","0.00855969537492181","0.0629655558339774","0.0552415095457942","0.0222091656681094","315","0.249927922335073","0.750072077664927","0.903807400648979","0.0961925993510206","0.210636367327878","0.693171033321102","0.0392915550071947","0.0569010443438258","3570.65874121"
"temprow.909","910","MeanCoopTie2Noncoop","FemaleSong","0.00855969537492181","0.0629655558339774","0.0552415095457942","0.0222091656681094","315","0.229786885868417","0.770213114131583","0.867405827738197","0.132594172261803","0.201699945885415","0.665705881852781","0.028086939983002","0.104507232278801","3570.65874121"
"temprow.910","911","MeanCoopTie2Noncoop","FemaleSong","0.00855969537492181","0.0629655558339774","0.0552415095457942","0.0222091656681094","315","0.255777008497442","0.744222991502558","0.787345343895765","0.212654656104236","0.191036968412832","0.596308375482933","0.0647400400846102","0.147914616019625","3570.65874121"
"temprow.911","912","MeanCoopTie2Noncoop","FemaleSong","0.00855969537492181","0.0629655558339774","0.0552415095457942","0.0222091656681094","315","0.211501579130165","0.788498420869835","0.88116883248471","0.11883116751529","0.188810433471104","0.692358399013607","0.0226911456590613","0.0961400218562283","3570.65874121"
"temprow.912","913","MeanCoopTie2Noncoop","FemaleSong","0.00855969537492181","0.0629655558339774","0.0552415095457942","0.0222091656681094","315","0.34127026391534","0.65872973608466","0.80325092103226","0.19674907896774","0.293979672593428","0.509271248438832","0.0472905913219125","0.149458487645828","3570.65874121"
"temprow.913","914","MeanCoopTie2Noncoop","FemaleSong","0.00855969537492181","0.0629655558339774","0.0552415095457942","0.0222091656681094","315","0.303040196668827","0.696959803331173","0.692105263515235","0.307894736484765","0.192586667374238","0.499518596140997","0.110453529294589","0.197441207190176","3570.65874121"
"temprow.914","915","MeanCoopTie2Noncoop","FemaleSong","0.00855969537492181","0.0629655558339774","0.0552415095457942","0.0222091656681094","315","0.251695035929996","0.748304964070004","0.848063143059956","0.151936856940044","0.194559564577907","0.65350357848205","0.0571354713520889","0.0948013855879549","3570.65874121"
"temprow.915","916","MeanCoopTie2Noncoop","FemaleSong","0.00855969537492181","0.0629655558339774","0.0552415095457942","0.0222091656681094","315","0.262984950581961","0.737015049418039","0.834465827076694","0.165534172923306","0.238638005311173","0.595827821765521","0.024346945270788","0.141187227652518","3570.65874121"
"temprow.916","917","MeanCoopTie2Noncoop","FemaleSong","0.00855969537492181","0.0629655558339774","0.0552415095457942","0.0222091656681094","315","0.25830864401158","0.74169135598842","0.89571542973668","0.10428457026332","0.211927651028911","0.683787778707769","0.0463809929826697","0.0579035772806502","3570.65874121"
"temprow.917","918","MeanCoopTie2Noncoop","FemaleSong","0.00855969537492181","0.0629655558339774","0.0552415095457942","0.0222091656681094","315","0.190728126095723","0.809271873904277","0.855398610982059","0.144601389017941","0.162419898258764","0.692978712723295","0.0283082278369587","0.116293161180982","3570.65874121"
"temprow.918","919","MeanCoopTie2Noncoop","FemaleSong","0.00855969537492181","0.0629655558339774","0.0552415095457942","0.0222091656681094","315","0.24403710622859","0.75596289377141","0.792854369103563","0.207145630896437","0.185801935678769","0.607052433424794","0.0582351705498213","0.148910460346616","3570.65874121"
"temprow.919","920","MeanCoopTie2Noncoop","FemaleSong","0.00855969537492181","0.0629655558339774","0.0552415095457942","0.0222091656681094","315","0.279641533031738","0.720358466968262","0.8652939674172","0.1347060325828","0.239570363471823","0.625723603945377","0.0400711695599155","0.0946348630228847","3570.65874121"
"temprow.920","921","MeanCoopTie2Noncoop","FemaleSong","0.00855969537492181","0.0629655558339774","0.0552415095457942","0.0222091656681094","315","0.166690406306106","0.833309593693894","0.867054536037125","0.132945463962875","0.135933113446697","0.731121422590428","0.0307572928594093","0.102188171103466","3570.65874121"
"temprow.921","922","MeanCoopTie2Noncoop","FemaleSong","0.00855969537492181","0.0629655558339774","0.0552415095457942","0.0222091656681094","315","0.254254824653785","0.745745175346215","0.877749731960086","0.122250268039914","0.215083182261086","0.662666549699","0.0391716423926993","0.0830786256472149","3570.65874121"
"temprow.922","923","MeanCoopTie2Noncoop","FemaleSong","0.00855969537492181","0.0629655558339774","0.0552415095457942","0.0222091656681094","315","0.182274725447196","0.817725274552804","0.80192596719986","0.19807403280014","0.146091132897447","0.655834834302413","0.0361835925497487","0.161890440250391","3570.65874121"
"temprow.923","924","MeanCoopTie2Noncoop","FemaleSong","0.00855969537492181","0.0629655558339774","0.0552415095457942","0.0222091656681094","315","0.221013110384246","0.778986889615754","0.870497759333238","0.129502240666762","0.180061193659194","0.690436565674044","0.0409519167250518","0.08855032394171","3570.65874121"
"temprow.924","925","MeanCoopTie2Noncoop","FemaleSong","0.00855969537492181","0.0629655558339774","0.0552415095457942","0.0222091656681094","315","0.203881492967494","0.796118507032506","0.891476317539298","0.108523682460702","0.185543509971539","0.705932807567759","0.0183379829959547","0.0901856994647476","3570.65874121"
"temprow.925","926","MeanCoopTie2Noncoop","FemaleSong","0.00855969537492181","0.0629655558339774","0.0552415095457942","0.0222091656681094","315","0.218847067744427","0.781152932255573","0.863491303792046","0.136508696207954","0.192026361335126","0.67146494245692","0.0268207064093007","0.109687989798653","3570.65874121"
"temprow.926","927","MeanCoopTie2Noncoop","FemaleSong","0.00855969537492181","0.0629655558339774","0.0552415095457942","0.0222091656681094","315","0.23989808403713","0.76010191596287","0.771857260568113","0.228142739431888","0.176769563954669","0.595087696613444","0.0631285200824611","0.165014219349426","3570.65874121"
"temprow.927","928","MeanCoopTie2Noncoop","FemaleSong","0.00855969537492181","0.0629655558339774","0.0552415095457942","0.0222091656681094","315","0.264656061996973","0.735343938003028","0.899041196534666","0.100958803465334","0.236558259849502","0.662482936685163","0.0280978021474699","0.0728610013178642","3570.65874121"
"temprow.928","929","MeanCoopTie2Noncoop","FemaleSong","0.00855969537492181","0.0629655558339774","0.0552415095457942","0.0222091656681094","315","0.282246811457667","0.717753188542333","0.878419186024691","0.121580813975309","0.256696960566024","0.621722225458666","0.0255498508916422","0.0960309630836672","3570.65874121"
"temprow.929","930","MeanCoopTie2Noncoop","FemaleSong","0.00855969537492181","0.0629655558339774","0.0552415095457942","0.0222091656681094","315","0.187294519934391","0.812705480065609","0.826273525631265","0.173726474368735","0.151026462473194","0.675247063158071","0.0362680574611974","0.137458416907538","3570.65874121"
"temprow.930","931","MeanCoopTie2Noncoop","FemaleSong","0.00855969537492181","0.0629655558339774","0.0552415095457942","0.0222091656681094","315","0.214515013936873","0.785484986063127","0.735225924116841","0.264774075883159","0.161413844898905","0.573812079217936","0.0531011690379682","0.211672906845191","3570.65874121"
"temprow.931","932","MeanCoopTie2Noncoop","FemaleSong","0.00855969537492181","0.0629655558339774","0.0552415095457942","0.0222091656681094","315","0.227237552847698","0.772762447152302","0.903088185435084","0.0969118145649164","0.203118564796774","0.69996962063831","0.024118988050924","0.0727928265139923","3570.65874121"
"temprow.932","933","MeanCoopTie2Noncoop","FemaleSong","0.00855969537492181","0.0629655558339774","0.0552415095457942","0.0222091656681094","315","0.21568687868033","0.78431312131967","0.85268809726282","0.14731190273718","0.174394222869267","0.678293874393553","0.0412926558110628","0.106019246926117","3570.65874121"
"temprow.933","934","MeanCoopTie2Noncoop","FemaleSong","0.00855969537492181","0.0629655558339774","0.0552415095457942","0.0222091656681094","315","0.264268908702676","0.735731091297324","0.839604849713638","0.160395150286362","0.202871656677007","0.636733193036631","0.0613972520256694","0.0989978982606928","3570.65874121"
"temprow.934","935","MeanCoopTie2Noncoop","FemaleSong","0.00855969537492181","0.0629655558339774","0.0552415095457942","0.0222091656681094","315","0.279676216076656","0.720323783923344","0.886470650627178","0.113529349372822","0.254720881661023","0.631749768966155","0.024955334415633","0.0885740149571893","3570.65874121"
"temprow.935","936","MeanCoopTie2Noncoop","FemaleSong","0.00855969537492181","0.0629655558339774","0.0552415095457942","0.0222091656681094","315","0.211744090661706","0.788255909338294","0.883485873126862","0.116514126873138","0.177147587888623","0.706338285238239","0.0345965027730835","0.0819176241000546","3570.65874121"
"temprow.936","937","MeanCoopTie2Noncoop","FemaleSong","0.00855969537492181","0.0629655558339774","0.0552415095457942","0.0222091656681094","315","0.237159777555751","0.762840222444249","0.74401968616241","0.255980313837591","0.171660008693396","0.572359677469013","0.0654997688623553","0.190480544975235","3570.65874121"
"temprow.937","938","MeanCoopTie2Noncoop","FemaleSong","0.00855969537492181","0.0629655558339774","0.0552415095457942","0.0222091656681094","315","0.274508348259215","0.725491651740785","0.877559146203135","0.122440853796865","0.245093662389446","0.632465483813689","0.0294146858697689","0.0930261679270961","3570.65874121"
"temprow.938","939","MeanCoopTie2Noncoop","FemaleSong","0.00855969537492181","0.0629655558339774","0.0552415095457942","0.0222091656681094","315","0.238520130662169","0.761479869337831","0.862291489777144","0.137708510222856","0.215530516437825","0.646760973339319","0.0229896142243431","0.114718895998513","3570.65874121"
"temprow.939","940","MeanCoopTie2Noncoop","FemaleSong","0.00855969537492181","0.0629655558339774","0.0552415095457942","0.0222091656681094","315","0.316075084977181","0.683924915022819","0.715141621001384","0.284858378998616","0.23845613174919","0.476685489252194","0.0776189532279914","0.207239425770625","3570.65874121"
"temprow.940","941","MeanCoopTie2Noncoop","FemaleSong","0.00855969537492181","0.0629655558339774","0.0552415095457942","0.0222091656681094","315","0.300945747186828","0.699054252813172","0.741468860923641","0.258531139076359","0.214999526690492","0.526469334233149","0.0859462204963362","0.172584918580023","3570.65874121"
"temprow.941","942","MeanCoopTie2Noncoop","FemaleSong","0.00855969537492181","0.0629655558339774","0.0552415095457942","0.0222091656681094","315","0.204865244848037","0.795134755151963","0.769010974937283","0.230989025062717","0.169631175189049","0.599379799748235","0.0352340696589887","0.195754955403728","3570.65874121"
"temprow.942","943","MeanCoopTie2Noncoop","FemaleSong","0.00855969537492181","0.0629655558339774","0.0552415095457942","0.0222091656681094","315","0.245263533448209","0.754736466551791","0.88835912576311","0.111640874236891","0.214608063264846","0.673751062498264","0.0306554701833628","0.0809854040535277","3570.65874121"
"temprow.943","944","MeanCoopTie2Noncoop","FemaleSong","0.00855969537492181","0.0629655558339774","0.0552415095457942","0.0222091656681094","315","0.274345498005557","0.725654501994443","0.867459033637132","0.132540966362868","0.23729100965091","0.630168023986222","0.0370544883546465","0.0954864780082219","3570.65874121"
"temprow.944","945","MeanCoopTie2Noncoop","FemaleSong","0.00855969537492181","0.0629655558339774","0.0552415095457942","0.0222091656681094","315","0.244583883387265","0.755416116612735","0.832918613173918","0.167081386826082","0.215777924006499","0.617140689167418","0.0288059593807654","0.138275427445317","3570.65874121"
"temprow.945","946","MeanCoopTie2Noncoop","FemaleSong","0.00855969537492181","0.0629655558339774","0.0552415095457942","0.0222091656681094","315","0.259825185082342","0.740174814917658","0.776325234159795","0.223674765840205","0.20543589196112","0.570889342198675","0.0543892931212222","0.169285472718983","3570.65874121"
"temprow.946","947","MeanCoopTie2Noncoop","FemaleSong","0.00855969537492181","0.0629655558339774","0.0552415095457942","0.0222091656681094","315","0.248586569542805","0.751413430457195","0.778275003480917","0.221724996519083","0.208418422922047","0.56985658055887","0.0401681466207576","0.181556849898325","3570.65874121"
"temprow.947","948","MeanCoopTie2Noncoop","FemaleSong","0.00855969537492181","0.0629655558339774","0.0552415095457942","0.0222091656681094","315","0.270692749806495","0.729307250193505","0.834592014201792","0.165407985798208","0.227188881514862","0.607403132686929","0.043503868291633","0.121904117506575","3570.65874121"
"temprow.948","949","MeanCoopTie2Noncoop","FemaleSong","0.00855969537492181","0.0629655558339774","0.0552415095457942","0.0222091656681094","315","0.252272900369489","0.747727099630511","0.856975263823435","0.143024736176565","0.219121623505056","0.637853640318379","0.0331512768644324","0.109873459312133","3570.65874121"
"temprow.949","950","MeanCoopTie2Noncoop","FemaleSong","0.00855969537492181","0.0629655558339774","0.0552415095457942","0.0222091656681094","315","0.244250157140069","0.755749842859931","0.797169749449417","0.202830250550583","0.17816027792893","0.619009471520487","0.0660898792111385","0.136740371339444","3570.65874121"
"temprow.950","951","MeanCoopTie2Noncoop","FemaleSong","0.00855969537492181","0.0629655558339774","0.0552415095457942","0.0222091656681094","315","0.210708710625692","0.789291289374308","0.892812936586141","0.107187063413859","0.182483140631295","0.710329795954846","0.0282255699943972","0.0789614934194616","3570.65874121"
"temprow.951","952","MeanCoopTie2Noncoop","FemaleSong","0.00855969537492181","0.0629655558339774","0.0552415095457942","0.0222091656681094","315","0.261402297787741","0.738597702212259","0.71770300906857","0.28229699093143","0.179021852189491","0.538681156879079","0.0823804455982496","0.199916545333181","3570.65874121"
"temprow.952","953","MeanCoopTie2Noncoop","FemaleSong","0.00855969537492181","0.0629655558339774","0.0552415095457942","0.0222091656681094","315","0.312571669858746","0.687428330141254","0.849299131715454","0.150700868284546","0.273104267901915","0.576194863813539","0.0394674019568304","0.111233466327716","3570.65874121"
"temprow.953","954","MeanCoopTie2Noncoop","FemaleSong","0.00855969537492181","0.0629655558339774","0.0552415095457942","0.0222091656681094","315","0.187605071445988","0.812394928554012","0.808437832204715","0.191562167795285","0.15040340843727","0.658034423767445","0.0372016630087175","0.154360504786568","3570.65874121"
"temprow.954","955","MeanCoopTie2Noncoop","FemaleSong","0.00855969537492181","0.0629655558339774","0.0552415095457942","0.0222091656681094","315","0.160708405523157","0.839291594476844","0.775653852746983","0.224346147253017","0.12438198788543","0.651271864861554","0.0363264176377269","0.18801972961529","3570.65874121"
"temprow.955","956","MeanCoopTie2Noncoop","FemaleSong","0.00855969537492181","0.0629655558339774","0.0552415095457942","0.0222091656681094","315","0.209437731499811","0.790562268500189","0.74667846162624","0.25332153837376","0.158798599612513","0.587879862013727","0.0506391318872974","0.202682406486462","3570.65874121"
"temprow.956","957","MeanCoopTie2Noncoop","FemaleSong","0.00855969537492181","0.0629655558339774","0.0552415095457942","0.0222091656681094","315","0.262062216132099","0.737937783867901","0.912496765535784","0.0875032344642157","0.233175328368516","0.679321437167268","0.0288868877635837","0.058616346700632","3570.65874121"
"temprow.957","958","MeanCoopTie2Noncoop","FemaleSong","0.00855969537492181","0.0629655558339774","0.0552415095457942","0.0222091656681094","315","0.189917098275208","0.810082901724792","0.883696412284831","0.116303587715169","0.172149839652538","0.711546572632293","0.0177672586226705","0.0985363290924984","3570.65874121"
"temprow.958","959","MeanCoopTie2Noncoop","FemaleSong","0.00855969537492181","0.0629655558339774","0.0552415095457942","0.0222091656681094","315","0.308672742491652","0.691327257508348","0.846103803771098","0.153896196228902","0.267465891673796","0.578637912097302","0.0412068508178555","0.112689345411047","3570.65874121"
"temprow.959","960","MeanCoopTie2Noncoop","FemaleSong","0.00855969537492181","0.0629655558339774","0.0552415095457942","0.0222091656681094","315","0.253833982933619","0.746166017066381","0.857568281097331","0.142431718902669","0.221913223705704","0.635655057391627","0.031920759227915","0.110510959674754","3570.65874121"
"temprow.960","961","MeanCoopTie2Noncoop","FemaleSong","0.00855969537492181","0.0629655558339774","0.0552415095457942","0.0222091656681094","315","0.365054053565708","0.634945946434292","0.837314664098732","0.162685335901268","0.303022278566934","0.534292385531799","0.0620317749987741","0.100653560902494","3570.65874121"
"temprow.961","962","MeanCoopTie2Noncoop","FemaleSong","0.00855969537492181","0.0629655558339774","0.0552415095457942","0.0222091656681094","315","0.23133576075891","0.76866423924109","0.810187763450881","0.189812236549119","0.203733635591839","0.606454127859042","0.027602125167071","0.162210111382048","3570.65874121"
"temprow.962","963","MeanCoopTie2Noncoop","FemaleSong","0.00855969537492181","0.0629655558339774","0.0552415095457942","0.0222091656681094","315","0.204901437992163","0.795098562007837","0.870547814914465","0.129452185085535","0.182187455036843","0.688360359877622","0.0227139829553197","0.106738202130215","3570.65874121"
"temprow.963","964","MeanCoopTie2Noncoop","FemaleSong","0.00855969537492181","0.0629655558339774","0.0552415095457942","0.0222091656681094","315","0.315115383049699","0.684884616950301","0.890331794575472","0.109668205424529","0.269707795690839","0.620623998884633","0.04540758735886","0.0642606180656685","3570.65874121"
"temprow.964","965","MeanCoopTie2Noncoop","FemaleSong","0.00855969537492181","0.0629655558339774","0.0552415095457942","0.0222091656681094","315","0.22578147092408","0.77421852907592","0.869298343027799","0.130701656972202","0.189071859150483","0.680226483877315","0.0367096117735972","0.0939920451986044","3570.65874121"
"temprow.965","966","MeanCoopTie2Noncoop","FemaleSong","0.00855969537492181","0.0629655558339774","0.0552415095457942","0.0222091656681094","315","0.304019818487553","0.695980181512447","0.791457183676668","0.208542816323332","0.224764728810413","0.566692454866255","0.0792550896771407","0.129287726646192","3570.65874121"
"temprow.966","967","MeanCoopTie2Noncoop","FemaleSong","0.00855969537492181","0.0629655558339774","0.0552415095457942","0.0222091656681094","315","0.308541873213342","0.691458126786658","0.86476178619364","0.13523821380636","0.262975868918266","0.601785917275374","0.0455660042950755","0.0896722095112844","3570.65874121"
"temprow.967","968","MeanCoopTie2Noncoop","FemaleSong","0.00855969537492181","0.0629655558339774","0.0552415095457942","0.0222091656681094","315","0.20434786692374","0.79565213307626","0.833363451701838","0.166636548298162","0.170477467618075","0.662885984083763","0.0338703993056653","0.132766148992496","3570.65874121"
"temprow.968","969","MeanCoopTie2Noncoop","FemaleSong","0.00855969537492181","0.0629655558339774","0.0552415095457942","0.0222091656681094","315","0.278196990077021","0.721803009922979","0.865791541082011","0.134208458917989","0.257307940467311","0.608483600614699","0.0208890496097095","0.11331940930828","3570.65874121"
"temprow.969","970","MeanCoopTie2Noncoop","FemaleSong","0.00855969537492181","0.0629655558339774","0.0552415095457942","0.0222091656681094","315","0.262582565685625","0.737417434314375","0.913041024758758","0.086958975241242","0.240934722023712","0.672106302735046","0.0216478436619125","0.0653111315793294","3570.65874121"
"temprow.970","971","MeanCoopTie2Noncoop","FemaleSong","0.00855969537492181","0.0629655558339774","0.0552415095457942","0.0222091656681094","315","0.249197313669497","0.750802686330503","0.900914348658044","0.0990856513419565","0.227141532617669","0.673772816040375","0.0220557810518281","0.0770298702901283","3570.65874121"
"temprow.971","972","MeanCoopTie2Noncoop","FemaleSong","0.00855969537492181","0.0629655558339774","0.0552415095457942","0.0222091656681094","315","0.32075068204747","0.67924931795253","0.844291707660376","0.155708292339624","0.287538576904159","0.556753130756217","0.0332121051433104","0.122496187196314","3570.65874121"
"temprow.972","973","MeanCoopTie2Noncoop","FemaleSong","0.00855969537492181","0.0629655558339774","0.0552415095457942","0.0222091656681094","315","0.226847014757212","0.773152985242788","0.822717354457366","0.177282645542634","0.169735996413552","0.652981358043814","0.05711101834366","0.120171627198974","3570.65874121"
"temprow.973","974","MeanCoopTie2Noncoop","FemaleSong","0.00855969537492181","0.0629655558339774","0.0552415095457942","0.0222091656681094","315","0.236387058688087","0.763612941311913","0.913537486106873","0.0864625138931269","0.220747531973339","0.692789954133534","0.0156395267147478","0.070822987178379","3570.65874121"
"temprow.974","975","MeanCoopTie2Noncoop","FemaleSong","0.00855969537492181","0.0629655558339774","0.0552415095457942","0.0222091656681094","315","0.224822969300612","0.775177030699388","0.80584273836583","0.19415726163417","0.184298651758776","0.621544086607054","0.0405243175418357","0.153632944092334","3570.65874121"
"temprow.975","976","MeanCoopTie2Noncoop","FemaleSong","0.00855969537492181","0.0629655558339774","0.0552415095457942","0.0222091656681094","315","0.239973029402174","0.760026970597826","0.853800025265146","0.146199974734854","0.197573372049193","0.656226653215953","0.0423996573529809","0.103800317381873","3570.65874121"
"temprow.976","977","MeanCoopTie2Noncoop","FemaleSong","0.00855969537492181","0.0629655558339774","0.0552415095457942","0.0222091656681094","315","0.225528680913895","0.774471319086105","0.896302753944385","0.103697246055615","0.190464532004058","0.705838221940327","0.0350641489098374","0.0686330971457777","3570.65874121"
"temprow.977","978","MeanCoopTie2Noncoop","FemaleSong","0.00855969537492181","0.0629655558339774","0.0552415095457942","0.0222091656681094","315","0.233547933651583","0.766452066348417","0.820146541093082","0.179853458906918","0.160314293176553","0.659832247916529","0.0732336404750295","0.106619818431888","3570.65874121"
"temprow.978","979","MeanCoopTie2Noncoop","FemaleSong","0.00855969537492181","0.0629655558339774","0.0552415095457942","0.0222091656681094","315","0.260408571058112","0.739591428941888","0.79946030042713","0.20053969957287","0.200974846072757","0.598485454354373","0.0594337249853547","0.141105974587516","3570.65874121"
"temprow.979","980","MeanCoopTie2Noncoop","FemaleSong","0.00855969537492181","0.0629655558339774","0.0552415095457942","0.0222091656681094","315","0.175851596828727","0.824148403171273","0.832538242401748","0.167461757598253","0.149436700204178","0.68310154219757","0.0264148966245492","0.141046860973703","3570.65874121"
"temprow.980","981","MeanCoopTie2Noncoop","FemaleSong","0.00855969537492181","0.0629655558339774","0.0552415095457942","0.0222091656681094","315","0.220783712259778","0.779216287740222","0.836883651321073","0.163116348678927","0.171500218955693","0.66538343236538","0.0492834933040846","0.113832855374842","3570.65874121"
"temprow.981","982","MeanCoopTie2Noncoop","FemaleSong","0.00855969537492181","0.0629655558339774","0.0552415095457942","0.0222091656681094","315","0.269880953729368","0.730119046270632","0.843555346173136","0.156444653826864","0.228560344941877","0.614995001231259","0.0413206087874914","0.115124045039373","3570.65874121"
"temprow.982","983","MeanCoopTie2Noncoop","FemaleSong","0.00855969537492181","0.0629655558339774","0.0552415095457942","0.0222091656681094","315","0.273992901506959","0.726007098493041","0.847205065170817","0.152794934829184","0.233053765552591","0.614151299618225","0.0409391359543672","0.111855798874816","3570.65874121"
"temprow.983","984","MeanCoopTie2Noncoop","FemaleSong","0.00855969537492181","0.0629655558339774","0.0552415095457942","0.0222091656681094","315","0.24819366011535","0.75180633988465","0.814336275968892","0.185663724031108","0.203929175760466","0.610407100208426","0.0442644843548836","0.141399239676224","3570.65874121"
"temprow.984","985","MeanCoopTie2Noncoop","FemaleSong","0.00855969537492181","0.0629655558339774","0.0552415095457942","0.0222091656681094","315","0.301124452132391","0.698875547867609","0.889797399112822","0.110202600887178","0.269981321236672","0.61981607787615","0.0311431308957188","0.0790594699914594","3570.65874121"
"temprow.985","986","MeanCoopTie2Noncoop","FemaleSong","0.00855969537492181","0.0629655558339774","0.0552415095457942","0.0222091656681094","315","0.273283521217117","0.726716478782883","0.857050873008497","0.142949126991503","0.223069342095037","0.63398153091346","0.0502141791220798","0.092734947869423","3570.65874121"
"temprow.986","987","MeanCoopTie2Noncoop","FemaleSong","0.00855969537492181","0.0629655558339774","0.0552415095457942","0.0222091656681094","315","0.316926833995364","0.683073166004636","0.823752786301889","0.176247213698111","0.275607947827559","0.54814483847433","0.0413188861678057","0.134928327530305","3570.65874121"
"temprow.987","988","MeanCoopTie2Noncoop","FemaleSong","0.00855969537492181","0.0629655558339774","0.0552415095457942","0.0222091656681094","315","0.214488444416326","0.785511555583674","0.830010902899107","0.169989097100893","0.16390926114443","0.666101641754677","0.0505791832718957","0.119409913828997","3570.65874121"
"temprow.988","989","MeanCoopTie2Noncoop","FemaleSong","0.00855969537492181","0.0629655558339774","0.0552415095457942","0.0222091656681094","315","0.230532449574587","0.769467550425413","0.819859405368752","0.180140594631248","0.192453775321011","0.62740563004774","0.0380786742535755","0.142061920377673","3570.65874121"
"temprow.989","990","MeanCoopTie2Noncoop","FemaleSong","0.00855969537492181","0.0629655558339774","0.0552415095457942","0.0222091656681094","315","0.322753819797428","0.677246180202572","0.879930388734044","0.120069611265956","0.276581666060223","0.603348722673822","0.0461721537372052","0.0738974575287505","3570.65874121"
"temprow.990","991","MeanCoopTie2Noncoop","FemaleSong","0.00855969537492181","0.0629655558339774","0.0552415095457942","0.0222091656681094","315","0.224462923342766","0.775537076657234","0.758543386830274","0.241456613169726","0.165810716972233","0.59273266985804","0.0586522063705328","0.182804406799193","3570.65874121"
"temprow.991","992","MeanCoopTie2Noncoop","FemaleSong","0.00855969537492181","0.0629655558339774","0.0552415095457942","0.0222091656681094","315","0.213660336164573","0.786339663835427","0.7242982803699","0.2757017196301","0.155597201932451","0.568701078437449","0.0580631342321217","0.217638585397978","3570.65874121"
"temprow.992","993","MeanCoopTie2Noncoop","FemaleSong","0.00855969537492181","0.0629655558339774","0.0552415095457942","0.0222091656681094","315","0.219876871994457","0.780123128005543","0.740227076115902","0.259772923884098","0.149830103116322","0.59039697299958","0.0700467688781353","0.189726155005963","3570.65874121"
"temprow.993","994","MeanCoopTie2Noncoop","FemaleSong","0.00855969537492181","0.0629655558339774","0.0552415095457942","0.0222091656681094","315","0.229569953621564","0.770430046378436","0.895741346417571","0.104258653582429","0.208696600857397","0.687044745560175","0.0208733527641669","0.0833853008182618","3570.65874121"
"temprow.994","995","MeanCoopTie2Noncoop","FemaleSong","0.00855969537492181","0.0629655558339774","0.0552415095457942","0.0222091656681094","315","0.189343362401472","0.810656637598528","0.872988137721905","0.127011862278095","0.174200946274962","0.698787191446943","0.0151424161265101","0.111869446151585","3570.65874121"
"temprow.995","996","MeanCoopTie2Noncoop","FemaleSong","0.00855969537492181","0.0629655558339774","0.0552415095457942","0.0222091656681094","315","0.207221453962422","0.792778546037578","0.842872419171411","0.157127580828589","0.173244759886381","0.66962765928503","0.0339766940760407","0.123150886752548","3570.65874121"
"temprow.996","997","MeanCoopTie2Noncoop","FemaleSong","0.00855969537492181","0.0629655558339774","0.0552415095457942","0.0222091656681094","315","0.295141306065309","0.704858693934691","0.88249180679004","0.11750819320996","0.275462177815119","0.607029628974921","0.0196791282501896","0.0978290649597701","3570.65874121"
"temprow.997","998","MeanCoopTie2Noncoop","FemaleSong","0.00855969537492181","0.0629655558339774","0.0552415095457942","0.0222091656681094","315","0.312238107956674","0.687761892043326","0.869007414787368","0.130992585212632","0.267192734245978","0.601814680541389","0.0450453737106952","0.0859472115019371","3570.65874121"
"temprow.998","999","MeanCoopTie2Noncoop","FemaleSong","0.00855969537492181","0.0629655558339774","0.0552415095457942","0.0222091656681094","315","0.250932872603388","0.749067127396612","0.829255654580881","0.170744345419119","0.19758182389199","0.631673830688891","0.0533510487113981","0.117393296707721","3570.65874121"
"temprow.999","1000","MeanCoopTie2Noncoop","FemaleSong","0.00855969537492181","0.0629655558339774","0.0552415095457942","0.0222091656681094","315","0.243280773876908","0.756719226123092","0.805182223008387","0.194817776991613","0.185436819084885","0.619745403923502","0.0578439547920225","0.136973822199591","3570.65874121"
