"","treenum","column1","column2","coopQ01","coopQ10","FSQAbsPres","FSQPresAbs","Nspecies","propFSabsent","propFSpresent","propNoncoop","propCoop","ObsProp0Absent","ObsProp0Present","ObsProp1Absent","ObsProp1Present","totaltime"
"temprow","1","MeanCoopTie2Noncoop","Female_song_score","0.0138308850326657","0.0485126026993092","0.0680803386891222","0.0364220847554693","997","0.391488406516506","0.608511593483494","0.910509913942466","0.0894900860575337","0.349087538321956","0.56142237562051","0.0424008681945502","0.0470892178629835","8435.52578892806"
"temprow.1","2","MeanCoopTie2Noncoop","Female_song_score","0.0138308850326657","0.0485126026993092","0.0680803386891222","0.0364220847554693","997","0.371664516266666","0.628335483733334","0.921065751106149","0.0789342488938508","0.342141340117399","0.578924410988751","0.0295231761492672","0.0494110727445836","8435.52578892806"
"temprow.2","3","MeanCoopTie2Noncoop","Female_song_score","0.0138308850326657","0.0485126026993092","0.0680803386891222","0.0364220847554693","997","0.303899445099951","0.696100554900049","0.932316676908724","0.0676833230912758","0.280467656184068","0.651849020724656","0.0234317889158826","0.0442515341753932","8435.52578892806"
"temprow.3","4","MeanCoopTie2Noncoop","Female_song_score","0.0138308850326657","0.0485126026993092","0.0680803386891222","0.0364220847554693","997","0.302841760117169","0.697158239882831","0.909148539252958","0.0908514607470423","0.276938194546357","0.632210344706601","0.0259035655708111","0.0649478951762311","8435.52578892806"
"temprow.4","5","MeanCoopTie2Noncoop","Female_song_score","0.0138308850326657","0.0485126026993092","0.0680803386891222","0.0364220847554693","997","0.300653723882107","0.699346276117893","0.916329358864678","0.0836706411353224","0.266925148566484","0.649404210298194","0.0337285753156228","0.0499420658196995","8435.52578892806"
"temprow.5","6","MeanCoopTie2Noncoop","Female_song_score","0.0138308850326657","0.0485126026993092","0.0680803386891222","0.0364220847554693","997","0.344990636257153","0.655009363742847","0.864530229114998","0.135469770885002","0.305454880897521","0.559075348217477","0.039535755359631","0.0959340155253706","8435.52578892806"
"temprow.6","7","MeanCoopTie2Noncoop","Female_song_score","0.0138308850326657","0.0485126026993092","0.0680803386891222","0.0364220847554693","997","0.356361423122274","0.643638576877726","0.898760777728194","0.101239222271806","0.323068263977061","0.575692513751133","0.033293159145212","0.067946063126594","8435.52578892806"
"temprow.7","8","MeanCoopTie2Noncoop","Female_song_score","0.0138308850326657","0.0485126026993092","0.0680803386891222","0.0364220847554693","997","0.333900974316276","0.666099025683724","0.899871695185874","0.100128304814126","0.29710443952124","0.602767255664634","0.0367965347950362","0.0633317700190897","8435.52578892806"
"temprow.8","9","MeanCoopTie2Noncoop","Female_song_score","0.0138308850326657","0.0485126026993092","0.0680803386891222","0.0364220847554693","997","0.386903818052065","0.613096181947935","0.939328583352362","0.0606714166476383","0.364786456106574","0.574542127245788","0.0221173619454906","0.0385540547021477","8435.52578892806"
"temprow.9","10","MeanCoopTie2Noncoop","Female_song_score","0.0138308850326657","0.0485126026993092","0.0680803386891222","0.0364220847554693","997","0.276695746082921","0.72330425391708","0.903376458141557","0.0966235418584434","0.248005453966749","0.655371004174807","0.0286902921161712","0.0679332497422722","8435.52578892806"
"temprow.10","11","MeanCoopTie2Noncoop","Female_song_score","0.0138308850326657","0.0485126026993092","0.0680803386891222","0.0364220847554693","997","0.326678727375346","0.673321272624653","0.924509189769148","0.0754908102308521","0.306589091195354","0.617920098573794","0.020089636179993","0.0554011740508591","8435.52578892806"
"temprow.11","12","MeanCoopTie2Noncoop","Female_song_score","0.0138308850326657","0.0485126026993092","0.0680803386891222","0.0364220847554693","997","0.281037285706491","0.718962714293509","0.908507407262938","0.0914925927370624","0.253388922263009","0.655118484999929","0.0276483634434821","0.0638442292935802","8435.52578892806"
"temprow.12","13","MeanCoopTie2Noncoop","Female_song_score","0.0138308850326657","0.0485126026993092","0.0680803386891222","0.0364220847554693","997","0.297771136167547","0.702228863832453","0.918524936022168","0.0814750639778322","0.27779562519365","0.640729310828518","0.019975510973897","0.0614995530039351","8435.52578892806"
"temprow.13","14","MeanCoopTie2Noncoop","Female_song_score","0.0138308850326657","0.0485126026993092","0.0680803386891222","0.0364220847554693","997","0.349959399767266","0.650040600232734","0.916725288404978","0.0832747115950215","0.315088225665147","0.601637062739832","0.0348711741021188","0.0484035374929027","8435.52578892806"
"temprow.14","15","MeanCoopTie2Noncoop","Female_song_score","0.0138308850326657","0.0485126026993092","0.0680803386891222","0.0364220847554693","997","0.361768959908426","0.638231040091574","0.893781095236788","0.106218904763212","0.32478974394304","0.568991351293749","0.0369792159653862","0.0692396887978254","8435.52578892806"
"temprow.15","16","MeanCoopTie2Noncoop","Female_song_score","0.0138308850326657","0.0485126026993092","0.0680803386891222","0.0364220847554693","997","0.347858229326292","0.652141770673708","0.906555648407026","0.0934443515929736","0.320382693293495","0.586172955113532","0.0274755360327973","0.0659688155601762","8435.52578892806"
"temprow.16","17","MeanCoopTie2Noncoop","Female_song_score","0.0138308850326657","0.0485126026993092","0.0680803386891222","0.0364220847554693","997","0.351197521135527","0.648802478864473","0.933537177175104","0.0664628228248961","0.326097368688303","0.607439808486801","0.0251001524472242","0.0413626703776719","8435.52578892806"
"temprow.17","18","MeanCoopTie2Noncoop","Female_song_score","0.0138308850326657","0.0485126026993092","0.0680803386891222","0.0364220847554693","997","0.319010786858615","0.680989213141385","0.91054915354006","0.0894508464599403","0.296251266529293","0.614297887010767","0.0227595203293217","0.0666913261306185","8435.52578892806"
"temprow.18","19","MeanCoopTie2Noncoop","Female_song_score","0.0138308850326657","0.0485126026993092","0.0680803386891222","0.0364220847554693","997","0.292477121627781","0.707522878372219","0.9276657970351","0.0723342029649002","0.268196722695392","0.659469074339708","0.0242803989323891","0.048053804032511","8435.52578892806"
"temprow.19","20","MeanCoopTie2Noncoop","Female_song_score","0.0138308850326657","0.0485126026993092","0.0680803386891222","0.0364220847554693","997","0.32493087033559","0.67506912966441","0.914054345113134","0.0859456548868664","0.297213689331246","0.616840655781888","0.0277171810043439","0.0582284738825225","8435.52578892806"
"temprow.20","21","MeanCoopTie2Noncoop","Female_song_score","0.0138308850326657","0.0485126026993092","0.0680803386891222","0.0364220847554693","997","0.396999809005705","0.603000190994295","0.917732491685291","0.0822675083147094","0.370213415873904","0.547519075811387","0.0267863931318007","0.0554811151829087","8435.52578892806"
"temprow.21","22","MeanCoopTie2Noncoop","Female_song_score","0.0138308850326657","0.0485126026993092","0.0680803386891222","0.0364220847554693","997","0.329125281514306","0.670874718485694","0.92869293396972","0.0713070660302802","0.30256520158119","0.62612773238853","0.0265600799331158","0.0447469860971642","8435.52578892806"
"temprow.22","23","MeanCoopTie2Noncoop","Female_song_score","0.0138308850326657","0.0485126026993092","0.0680803386891222","0.0364220847554693","997","0.31744652524143","0.68255347475857","0.936681703024555","0.0633182969754449","0.2965285156467","0.640153187377855","0.0209180095947289","0.0424002873807159","8435.52578892806"
"temprow.23","24","MeanCoopTie2Noncoop","Female_song_score","0.0138308850326657","0.0485126026993092","0.0680803386891222","0.0364220847554693","997","0.333175931137492","0.666824068862508","0.925013980376545","0.074986019623455","0.307392876647114","0.617621103729431","0.0257830544903782","0.0492029651330767","8435.52578892806"
"temprow.24","25","MeanCoopTie2Noncoop","Female_song_score","0.0138308850326657","0.0485126026993092","0.0680803386891222","0.0364220847554693","997","0.298566299685569","0.701433700314431","0.918767202220836","0.0812327977791636","0.277019401335804","0.641747800885032","0.0215468983497652","0.0596858994293984","8435.52578892806"
"temprow.25","26","MeanCoopTie2Noncoop","Female_song_score","0.0138308850326657","0.0485126026993092","0.0680803386891222","0.0364220847554693","997","0.314399634989797","0.685600365010203","0.935608263115974","0.0643917368840258","0.296764044708889","0.638844218407086","0.017635590280908","0.0467561466031177","8435.52578892806"
"temprow.26","27","MeanCoopTie2Noncoop","Female_song_score","0.0138308850326657","0.0485126026993092","0.0680803386891222","0.0364220847554693","997","0.313890471097291","0.686109528902709","0.923868128117891","0.0761318718821087","0.287134736918838","0.636733391199053","0.0267557341784531","0.0493761377036554","8435.52578892806"
"temprow.27","28","MeanCoopTie2Noncoop","Female_song_score","0.0138308850326657","0.0485126026993092","0.0680803386891222","0.0364220847554693","997","0.310364895997344","0.689635104002656","0.889871709235687","0.110128290764313","0.278216895209898","0.611654814025789","0.0321480007874461","0.0779802899768667","8435.52578892806"
"temprow.28","29","MeanCoopTie2Noncoop","Female_song_score","0.0138308850326657","0.0485126026993092","0.0680803386891222","0.0364220847554693","997","0.326976767036446","0.673023232963554","0.914481322471826","0.0855186775281743","0.301923478315308","0.612557844156517","0.0250532887211375","0.0604653888070368","8435.52578892806"
"temprow.29","30","MeanCoopTie2Noncoop","Female_song_score","0.0138308850326657","0.0485126026993092","0.0680803386891222","0.0364220847554693","997","0.339020934607555","0.660979065392445","0.937520347786679","0.0624796522133205","0.31858204346197","0.618938304324709","0.0204388911455842","0.0420407610677362","8435.52578892806"
"temprow.30","31","MeanCoopTie2Noncoop","Female_song_score","0.0138308850326657","0.0485126026993092","0.0680803386891222","0.0364220847554693","997","0.345190683870928","0.654809316129072","0.91733712312678","0.0826628768732201","0.309665642250147","0.607671480876633","0.0355250416207804","0.0471378352524397","8435.52578892806"
"temprow.31","32","MeanCoopTie2Noncoop","Female_song_score","0.0138308850326657","0.0485126026993092","0.0680803386891222","0.0364220847554693","997","0.349238242323902","0.650761757676098","0.906926427300287","0.0930735726997133","0.321576143163353","0.585350284136934","0.0276620991605492","0.0654114735391639","8435.52578892806"
"temprow.32","33","MeanCoopTie2Noncoop","Female_song_score","0.0138308850326657","0.0485126026993092","0.0680803386891222","0.0364220847554693","997","0.329149363055807","0.670850636944193","0.910215149044613","0.0897848509553869","0.301114582027068","0.609100567017545","0.0280347810287386","0.0617500699266482","8435.52578892806"
"temprow.33","34","MeanCoopTie2Noncoop","Female_song_score","0.0138308850326657","0.0485126026993092","0.0680803386891222","0.0364220847554693","997","0.334254805373948","0.665745194626052","0.925119250607757","0.0748807493922431","0.29895715770347","0.626162092904287","0.0352976476704789","0.0395831017217641","8435.52578892806"
"temprow.34","35","MeanCoopTie2Noncoop","Female_song_score","0.0138308850326657","0.0485126026993092","0.0680803386891222","0.0364220847554693","997","0.329661279383488","0.670338720616512","0.925169537740623","0.074830462259377","0.300186805982601","0.624982731758022","0.0294744734008872","0.0453559888584896","8435.52578892806"
"temprow.35","36","MeanCoopTie2Noncoop","Female_song_score","0.0138308850326657","0.0485126026993092","0.0680803386891222","0.0364220847554693","997","0.344125297061497","0.655874702938503","0.924170676094801","0.0758293239051993","0.318084209034389","0.606086467060412","0.0260410880271076","0.0497882358780917","8435.52578892806"
"temprow.36","37","MeanCoopTie2Noncoop","Female_song_score","0.0138308850326657","0.0485126026993092","0.0680803386891222","0.0364220847554693","997","0.317009017422478","0.682990982577522","0.921402153756561","0.078597846243439","0.291010252172628","0.630391901583933","0.0259987652498499","0.0525990809935891","8435.52578892806"
"temprow.37","38","MeanCoopTie2Noncoop","Female_song_score","0.0138308850326657","0.0485126026993092","0.0680803386891222","0.0364220847554693","997","0.313452104046775","0.686547895953225","0.911374778929229","0.088625221070771","0.286881851657093","0.624492927272136","0.026570252389682","0.0620549686810889","8435.52578892806"
"temprow.38","39","MeanCoopTie2Noncoop","Female_song_score","0.0138308850326657","0.0485126026993092","0.0680803386891222","0.0364220847554693","997","0.332397419133882","0.667602580866117","0.922694446201598","0.0773055537984022","0.299547834101499","0.623146612100099","0.0328495850323838","0.0444559687660183","8435.52578892806"
"temprow.39","40","MeanCoopTie2Noncoop","Female_song_score","0.0138308850326657","0.0485126026993092","0.0680803386891222","0.0364220847554693","997","0.39293517312084","0.60706482687916","0.918330815298662","0.0816691847013379","0.360068082254493","0.558262733044169","0.0328670908663461","0.0488020938349917","8435.52578892806"
"temprow.40","41","MeanCoopTie2Noncoop","Female_song_score","0.0138308850326657","0.0485126026993092","0.0680803386891222","0.0364220847554693","997","0.30823933256972","0.69176066743028","0.929471256890893","0.070528743109107","0.287838418443208","0.641632838447685","0.0204009141265106","0.0501278289825962","8435.52578892806"
"temprow.41","42","MeanCoopTie2Noncoop","Female_song_score","0.0138308850326657","0.0485126026993092","0.0680803386891222","0.0364220847554693","997","0.310968772764663","0.689031227235337","0.930230191801538","0.069769808198462","0.288976029212115","0.641254162589423","0.0219927435525479","0.0477770646459141","8435.52578892806"
"temprow.42","43","MeanCoopTie2Noncoop","Female_song_score","0.0138308850326657","0.0485126026993092","0.0680803386891222","0.0364220847554693","997","0.411720534545864","0.588279465454136","0.919444754629133","0.0805552453708666","0.386324424645712","0.533120329983421","0.0253961099001516","0.0551591354707148","8435.52578892806"
"temprow.43","44","MeanCoopTie2Noncoop","Female_song_score","0.0138308850326657","0.0485126026993092","0.0680803386891222","0.0364220847554693","997","0.356150035788423","0.643849964211577","0.918555515791206","0.0814444842087938","0.330865668159964","0.587689847631242","0.0252843676284588","0.056160116580335","8435.52578892806"
"temprow.44","45","MeanCoopTie2Noncoop","Female_song_score","0.0138308850326657","0.0485126026993092","0.0680803386891222","0.0364220847554693","997","0.300639626261119","0.699360373738881","0.887870159823748","0.112129840176252","0.261125550878674","0.626744608945074","0.0395140753824448","0.072615764793807","8435.52578892806"
"temprow.45","46","MeanCoopTie2Noncoop","Female_song_score","0.0138308850326657","0.0485126026993092","0.0680803386891222","0.0364220847554693","997","0.304054133309722","0.695945866690278","0.90822818192211","0.0917718180778905","0.277051813420261","0.631176368501848","0.02700231988946","0.0647694981884305","8435.52578892806"
"temprow.46","47","MeanCoopTie2Noncoop","Female_song_score","0.0138308850326657","0.0485126026993092","0.0680803386891222","0.0364220847554693","997","0.349024009540561","0.650975990459439","0.91572863687111","0.0842713631288903","0.314032750688997","0.601695886182113","0.0349912588515635","0.0492801042773267","8435.52578892806"
"temprow.47","48","MeanCoopTie2Noncoop","Female_song_score","0.0138308850326657","0.0485126026993092","0.0680803386891222","0.0364220847554693","997","0.388194035671737","0.611805964328263","0.914373423831639","0.0856265761683606","0.35361528399747","0.560758139834169","0.0345787516742665","0.051047824494094","8435.52578892806"
"temprow.48","49","MeanCoopTie2Noncoop","Female_song_score","0.0138308850326657","0.0485126026993092","0.0680803386891222","0.0364220847554693","997","0.329108157146783","0.670891842853217","0.899350349454385","0.100649650545615","0.291412482683076","0.607937866771309","0.0376956744637063","0.0629539760819083","8435.52578892806"
"temprow.49","50","MeanCoopTie2Noncoop","Female_song_score","0.0138308850326657","0.0485126026993092","0.0680803386891222","0.0364220847554693","997","0.373457633862937","0.626542366137063","0.915520903203706","0.0844790967962935","0.341473487674412","0.574047415529294","0.0319841461885243","0.0524949506077691","8435.52578892806"
"temprow.50","51","MeanCoopTie2Noncoop","Female_song_score","0.0138308850326657","0.0485126026993092","0.0680803386891222","0.0364220847554693","997","0.321822330311371","0.678177669688629","0.938456745449269","0.061543254550731","0.301839599505264","0.636617145944005","0.0199827308061076","0.0415605237446233","8435.52578892806"
"temprow.51","52","MeanCoopTie2Noncoop","Female_song_score","0.0138308850326657","0.0485126026993092","0.0680803386891222","0.0364220847554693","997","0.316190140241667","0.683809859758333","0.913413663010942","0.0865863369890578","0.294488672235401","0.618924990775541","0.0217014680062659","0.0648848689827918","8435.52578892806"
"temprow.52","53","MeanCoopTie2Noncoop","Female_song_score","0.0138308850326657","0.0485126026993092","0.0680803386891222","0.0364220847554693","997","0.367361608128654","0.632638391871346","0.904122752653502","0.0958772473464984","0.33164425491029","0.572478497743212","0.0357173532183644","0.060159894128134","8435.52578892806"
"temprow.53","54","MeanCoopTie2Noncoop","Female_song_score","0.0138308850326657","0.0485126026993092","0.0680803386891222","0.0364220847554693","997","0.303765493450035","0.696234506549965","0.912631810236596","0.0873681897634042","0.276142929763492","0.636488880473104","0.0276225636865435","0.0597456260768607","8435.52578892806"
"temprow.54","55","MeanCoopTie2Noncoop","Female_song_score","0.0138308850326657","0.0485126026993092","0.0680803386891222","0.0364220847554693","997","0.291851244965092","0.708148755034908","0.911892060244303","0.0881079397556972","0.264582673961651","0.647309386282652","0.02726857100344","0.0608393687522571","8435.52578892806"
"temprow.55","56","MeanCoopTie2Noncoop","Female_song_score","0.0138308850326657","0.0485126026993092","0.0680803386891222","0.0364220847554693","997","0.374551683910013","0.625448316089987","0.934042945751782","0.0659570542482182","0.35332054506479","0.580722400686991","0.021231138845222","0.0447259154029962","8435.52578892806"
"temprow.56","57","MeanCoopTie2Noncoop","Female_song_score","0.0138308850326657","0.0485126026993092","0.0680803386891222","0.0364220847554693","997","0.302621113634164","0.697378886365836","0.899213346568155","0.100786653431845","0.265529548173417","0.633683798394738","0.0370915654607462","0.0636950879710986","8435.52578892806"
"temprow.57","58","MeanCoopTie2Noncoop","Female_song_score","0.0138308850326657","0.0485126026993092","0.0680803386891222","0.0364220847554693","997","0.316986891791165","0.683013108208835","0.90726337291749","0.0927366270825098","0.288527833051572","0.618735539865919","0.0284590587395934","0.0642775683429164","8435.52578892806"
"temprow.58","59","MeanCoopTie2Noncoop","Female_song_score","0.0138308850326657","0.0485126026993092","0.0680803386891222","0.0364220847554693","997","0.38592682444812","0.61407317555188","0.92518855780795","0.0748114421920498","0.355727530278231","0.569461027529719","0.0301992941698879","0.0446121480221618","8435.52578892806"
"temprow.59","60","MeanCoopTie2Noncoop","Female_song_score","0.0138308850326657","0.0485126026993092","0.0680803386891222","0.0364220847554693","997","0.375541217519126","0.624458782480874","0.915407066524032","0.0845929334759675","0.340716416906134","0.574690649617898","0.034824800612992","0.0497681328629755","8435.52578892806"
"temprow.60","61","MeanCoopTie2Noncoop","Female_song_score","0.0138308850326657","0.0485126026993092","0.0680803386891222","0.0364220847554693","997","0.290958737722219","0.709041262277781","0.914213894726408","0.0857861052735918","0.264215800094767","0.649998094631641","0.0267429376274516","0.0590431676461401","8435.52578892806"
"temprow.61","62","MeanCoopTie2Noncoop","Female_song_score","0.0138308850326657","0.0485126026993092","0.0680803386891222","0.0364220847554693","997","0.30759437087554","0.69240562912446","0.928957410455867","0.0710425895441329","0.283392997902845","0.645564412553022","0.0242013729726948","0.046841216571438","8435.52578892806"
"temprow.62","63","MeanCoopTie2Noncoop","Female_song_score","0.0138308850326657","0.0485126026993092","0.0680803386891222","0.0364220847554693","997","0.320703902631955","0.679296097368045","0.922769850427017","0.0772301495729827","0.297663240228118","0.6251066101989","0.0230406624038373","0.0541894871691454","8435.52578892806"
"temprow.63","64","MeanCoopTie2Noncoop","Female_song_score","0.0138308850326657","0.0485126026993092","0.0680803386891222","0.0364220847554693","997","0.324094244282279","0.67590575571772","0.924487221719522","0.0755127782804778","0.301234129735582","0.62325309198394","0.022860114546697","0.0526526637337809","8435.52578892806"
"temprow.64","65","MeanCoopTie2Noncoop","Female_song_score","0.0138308850326657","0.0485126026993092","0.0680803386891222","0.0364220847554693","997","0.313742374538055","0.686257625461945","0.929558927537663","0.0704410724623366","0.292906183412561","0.636652744125102","0.020836191125493","0.0496048813368435","8435.52578892806"
"temprow.65","66","MeanCoopTie2Noncoop","Female_song_score","0.0138308850326657","0.0485126026993092","0.0680803386891222","0.0364220847554693","997","0.327382520665437","0.672617479334563","0.919883887236756","0.0801161127632439","0.295546390332298","0.624337496904458","0.0318361303331386","0.0482799824301052","8435.52578892806"
"temprow.66","67","MeanCoopTie2Noncoop","Female_song_score","0.0138308850326657","0.0485126026993092","0.0680803386891222","0.0364220847554693","997","0.300519075364404","0.699480924635596","0.916405369679681","0.0835946303203191","0.266790740269131","0.64961462941055","0.0337283350952728","0.0498662952250462","8435.52578892806"
"temprow.67","68","MeanCoopTie2Noncoop","Female_song_score","0.0138308850326657","0.0485126026993092","0.0680803386891222","0.0364220847554693","997","0.359350119709967","0.640649880290033","0.918227480810057","0.0817725191899433","0.327871751050465","0.590355729759591","0.0314783686595008","0.0502941505304424","8435.52578892806"
"temprow.68","69","MeanCoopTie2Noncoop","Female_song_score","0.0138308850326657","0.0485126026993092","0.0680803386891222","0.0364220847554693","997","0.369736913423365","0.630263086576635","0.914946224365303","0.0850537756346972","0.33277191966452","0.582174304700783","0.0369649937588446","0.0480887818758526","8435.52578892806"
"temprow.69","70","MeanCoopTie2Noncoop","Female_song_score","0.0138308850326657","0.0485126026993092","0.0680803386891222","0.0364220847554693","997","0.314961723010999","0.685038276989001","0.922109796844218","0.0778902031557822","0.290462854086609","0.631646942757609","0.0244988689243896","0.0533913342313927","8435.52578892806"
"temprow.70","71","MeanCoopTie2Noncoop","Female_song_score","0.0138308850326657","0.0485126026993092","0.0680803386891222","0.0364220847554693","997","0.414433548916751","0.585566451083249","0.917555577824922","0.0824444221750779","0.385549151362092","0.53200642646283","0.0288843975546593","0.0535600246204186","8435.52578892806"
"temprow.71","72","MeanCoopTie2Noncoop","Female_song_score","0.0138308850326657","0.0485126026993092","0.0680803386891222","0.0364220847554693","997","0.354671206776332","0.645328793223668","0.922666814807209","0.0773331851927905","0.328221698825638","0.594445115981572","0.0264495079506942","0.0508836772420962","8435.52578892806"
"temprow.72","73","MeanCoopTie2Noncoop","Female_song_score","0.0138308850326657","0.0485126026993092","0.0680803386891222","0.0364220847554693","997","0.335490912345071","0.664509087654929","0.936433017803875","0.0635669821961253","0.31283870604838","0.623594311755494","0.022652206296691","0.0409147758994343","8435.52578892806"
"temprow.73","74","MeanCoopTie2Noncoop","Female_song_score","0.0138308850326657","0.0485126026993092","0.0680803386891222","0.0364220847554693","997","0.360712621136155","0.639287378863845","0.917809761444979","0.0821902385550208","0.340461751609323","0.577348009835656","0.0202508695268316","0.0619393690281891","8435.52578892806"
"temprow.74","75","MeanCoopTie2Noncoop","Female_song_score","0.0138308850326657","0.0485126026993092","0.0680803386891222","0.0364220847554693","997","0.358852641424031","0.641147358575969","0.913529232613659","0.0864707673863406","0.320222558442318","0.593306674171341","0.0386300829817124","0.047840684404628","8435.52578892806"
"temprow.75","76","MeanCoopTie2Noncoop","Female_song_score","0.0138308850326657","0.0485126026993092","0.0680803386891222","0.0364220847554693","997","0.287396987016158","0.712603012983842","0.930913481231694","0.0690865187683059","0.27002289127013","0.660890589961564","0.0173740957460278","0.051712423022278","8435.52578892806"
"temprow.76","77","MeanCoopTie2Noncoop","Female_song_score","0.0138308850326657","0.0485126026993092","0.0680803386891222","0.0364220847554693","997","0.327404911806565","0.672595088193435","0.918071835401343","0.0819281645986569","0.293761327485428","0.624310507915915","0.0336435843211373","0.0482845802775196","8435.52578892806"
"temprow.77","78","MeanCoopTie2Noncoop","Female_song_score","0.0138308850326657","0.0485126026993092","0.0680803386891222","0.0364220847554693","997","0.328141457601948","0.671858542398052","0.914843268325979","0.0851567316740206","0.290137053967181","0.624706214358799","0.0380044036347673","0.0471523280392533","8435.52578892806"
"temprow.78","79","MeanCoopTie2Noncoop","Female_song_score","0.0138308850326657","0.0485126026993092","0.0680803386891222","0.0364220847554693","997","0.316434622534721","0.683565377465279","0.927948419696237","0.0720515803037628","0.291788479050269","0.636159940645968","0.0246461434844514","0.0474054368193113","8435.52578892806"
"temprow.79","80","MeanCoopTie2Noncoop","Female_song_score","0.0138308850326657","0.0485126026993092","0.0680803386891222","0.0364220847554693","997","0.333986780114635","0.666013219885365","0.901408134639359","0.0985918653606407","0.298730980809165","0.602677153830194","0.0352557993054703","0.0633360660551704","8435.52578892806"
"temprow.80","81","MeanCoopTie2Noncoop","Female_song_score","0.0138308850326657","0.0485126026993092","0.0680803386891222","0.0364220847554693","997","0.306922163807799","0.693077836192201","0.897133824739746","0.102866175260254","0.276761927168698","0.620371897571049","0.0301602366391008","0.0727059386211527","8435.52578892806"
"temprow.81","82","MeanCoopTie2Noncoop","Female_song_score","0.0138308850326657","0.0485126026993092","0.0680803386891222","0.0364220847554693","997","0.361245443772472","0.638754556227528","0.913465299700912","0.0865347002990884","0.334931340267613","0.578533959433298","0.0263141035048586","0.0602205967942298","8435.52578892806"
"temprow.82","83","MeanCoopTie2Noncoop","Female_song_score","0.0138308850326657","0.0485126026993092","0.0680803386891222","0.0364220847554693","997","0.361725040587835","0.638274959412165","0.923509486872044","0.0764905131279555","0.337523077933397","0.585986408938647","0.0242019626544377","0.0522885504735178","8435.52578892806"
"temprow.83","84","MeanCoopTie2Noncoop","Female_song_score","0.0138308850326657","0.0485126026993092","0.0680803386891222","0.0364220847554693","997","0.319282544804466","0.680717455195534","0.904701885534095","0.0952981144659046","0.286172650888621","0.618529234645475","0.033109893915845","0.0621882205500594","8435.52578892806"
"temprow.84","85","MeanCoopTie2Noncoop","Female_song_score","0.0138308850326657","0.0485126026993092","0.0680803386891222","0.0364220847554693","997","0.343430936622491","0.656569063377509","0.928020564197637","0.0719794358023634","0.322165314388504","0.605855249809133","0.021265622233987","0.0507138135683764","8435.52578892806"
"temprow.85","86","MeanCoopTie2Noncoop","Female_song_score","0.0138308850326657","0.0485126026993092","0.0680803386891222","0.0364220847554693","997","0.322645474997483","0.677354525002517","0.911044016042835","0.0889559839571648","0.295112224318221","0.615931791724614","0.0275332506792616","0.0614227332779032","8435.52578892806"
"temprow.86","87","MeanCoopTie2Noncoop","Female_song_score","0.0138308850326657","0.0485126026993092","0.0680803386891222","0.0364220847554693","997","0.383456606779024","0.616543393220976","0.92229916059014","0.0777008394098603","0.356102390891897","0.566196769698243","0.0273542158871273","0.0503466235227329","8435.52578892806"
"temprow.87","88","MeanCoopTie2Noncoop","Female_song_score","0.0138308850326657","0.0485126026993092","0.0680803386891222","0.0364220847554693","997","0.315101738247915","0.684898261752085","0.916099628182582","0.0839003718174184","0.291910740418879","0.624188887763702","0.023190997829036","0.0607093739883824","8435.52578892806"
"temprow.88","89","MeanCoopTie2Noncoop","Female_song_score","0.0138308850326657","0.0485126026993092","0.0680803386891222","0.0364220847554693","997","0.33075702301121","0.66924297698879","0.915231366860865","0.0847686331391345","0.302547674648791","0.612683692212075","0.0282093483624192","0.0565592847767153","8435.52578892806"
"temprow.89","90","MeanCoopTie2Noncoop","Female_song_score","0.0138308850326657","0.0485126026993092","0.0680803386891222","0.0364220847554693","997","0.316885032605846","0.683114967394154","0.936648515854241","0.0633514841457589","0.295183065836523","0.641465450017718","0.0217019667693233","0.0416495173764355","8435.52578892806"
"temprow.90","91","MeanCoopTie2Noncoop","Female_song_score","0.0138308850326657","0.0485126026993092","0.0680803386891222","0.0364220847554693","997","0.342491104753919","0.657508895246081","0.933710922664288","0.0662890773357115","0.312432538235619","0.621278384428669","0.0300585665182993","0.0362305108174121","8435.52578892806"
"temprow.91","92","MeanCoopTie2Noncoop","Female_song_score","0.0138308850326657","0.0485126026993092","0.0680803386891222","0.0364220847554693","997","0.318065399704974","0.681934600295026","0.911932102237872","0.0880678977621279","0.288766202746457","0.623165899491415","0.0292991969585164","0.0587687008036114","8435.52578892806"
"temprow.92","93","MeanCoopTie2Noncoop","Female_song_score","0.0138308850326657","0.0485126026993092","0.0680803386891222","0.0364220847554693","997","0.302790700865108","0.697209299134892","0.916292442177499","0.0837075578225007","0.274064248134842","0.642228194042658","0.0287264527302665","0.0549811050922342","8435.52578892806"
"temprow.93","94","MeanCoopTie2Noncoop","Female_song_score","0.0138308850326657","0.0485126026993092","0.0680803386891222","0.0364220847554693","997","0.361086954972689","0.638913045027311","0.934237369941674","0.0657626300583256","0.340695720084038","0.593541649857636","0.0203912348886504","0.0453713951696751","8435.52578892806"
"temprow.94","95","MeanCoopTie2Noncoop","Female_song_score","0.0138308850326657","0.0485126026993092","0.0680803386891222","0.0364220847554693","997","0.314934066316889","0.685065933683111","0.918335821024101","0.0816641789758986","0.291170686845172","0.627165134178929","0.023763379471717","0.0579007995041815","8435.52578892806"
"temprow.95","96","MeanCoopTie2Noncoop","Female_song_score","0.0138308850326657","0.0485126026993092","0.0680803386891222","0.0364220847554693","997","0.327799143675949","0.672200856324051","0.931142150036729","0.0688578499632714","0.303243780073593","0.627898369963135","0.024555363602355","0.0443024863609163","8435.52578892806"
"temprow.96","97","MeanCoopTie2Noncoop","Female_song_score","0.0138308850326657","0.0485126026993092","0.0680803386891222","0.0364220847554693","997","0.285450860951196","0.714549139048804","0.925060729666443","0.0749392703335569","0.256609645179271","0.668451084487173","0.0288412157719255","0.0460980545616313","8435.52578892806"
"temprow.97","98","MeanCoopTie2Noncoop","Female_song_score","0.0138308850326657","0.0485126026993092","0.0680803386891222","0.0364220847554693","997","0.336704210087612","0.663295789912388","0.921713848138582","0.0782861518614181","0.309417831663049","0.612296016475533","0.0272863784245624","0.0509997734368557","8435.52578892806"
"temprow.98","99","MeanCoopTie2Noncoop","Female_song_score","0.0138308850326657","0.0485126026993092","0.0680803386891222","0.0364220847554693","997","0.358619826766855","0.641380173233145","0.921704738499825","0.0782952615001746","0.331610531087159","0.590094207412666","0.0270092956796961","0.0512859658204784","8435.52578892806"
"temprow.99","100","MeanCoopTie2Noncoop","Female_song_score","0.0138308850326657","0.0485126026993092","0.0680803386891222","0.0364220847554693","997","0.386976919684993","0.613023080315007","0.924371745597838","0.0756282544021623","0.356199238221784","0.568172507376054","0.0307776814632087","0.0448505729389536","8435.52578892806"
"temprow.100","101","MeanCoopTie2Noncoop","Female_song_score","0.0138308850326657","0.0485126026993092","0.0680803386891222","0.0364220847554693","997","0.309357824568656","0.690642175431344","0.938045806686835","0.0619541933131652","0.292211064770169","0.645834741916666","0.0171467597984871","0.0448074335146781","8435.52578892806"
"temprow.101","102","MeanCoopTie2Noncoop","Female_song_score","0.0138308850326657","0.0485126026993092","0.0680803386891222","0.0364220847554693","997","0.312642552501274","0.687357447498726","0.905029890794578","0.0949701092054215","0.276627075988314","0.628402814806264","0.0360154765129596","0.0589546326924619","8435.52578892806"
"temprow.102","103","MeanCoopTie2Noncoop","Female_song_score","0.0138308850326657","0.0485126026993092","0.0680803386891222","0.0364220847554693","997","0.352107765163762","0.647892234836238","0.916561504804482","0.0834384951955179","0.316969445460762","0.599592059343721","0.0351383197030003","0.0483001754925176","8435.52578892806"
"temprow.103","104","MeanCoopTie2Noncoop","Female_song_score","0.0138308850326657","0.0485126026993092","0.0680803386891222","0.0364220847554693","997","0.300509751799502","0.699490248200498","0.906281930030072","0.0937180699699278","0.269618611408537","0.636663318621535","0.0308911403909641","0.0628269295789637","8435.52578892806"
"temprow.104","105","MeanCoopTie2Noncoop","Female_song_score","0.0138308850326657","0.0485126026993092","0.0680803386891222","0.0364220847554693","997","0.294821430684013","0.705178569315986","0.912625017723298","0.0873749822767017","0.272330131555002","0.640294886168297","0.0224912991290122","0.0648836831476895","8435.52578892806"
"temprow.105","106","MeanCoopTie2Noncoop","Female_song_score","0.0138308850326657","0.0485126026993092","0.0680803386891222","0.0364220847554693","997","0.337041427601639","0.662958572398361","0.917090005152513","0.0829099948474865","0.3087715319404","0.608318473212114","0.0282698956612392","0.0546400991862471","8435.52578892806"
"temprow.106","107","MeanCoopTie2Noncoop","Female_song_score","0.0138308850326657","0.0485126026993092","0.0680803386891222","0.0364220847554693","997","0.325842578672443","0.674157421327557","0.905261110000561","0.0947388899994388","0.286972509122419","0.618288600878142","0.0388700695500241","0.0558688204494146","8435.52578892806"
"temprow.107","108","MeanCoopTie2Noncoop","Female_song_score","0.0138308850326657","0.0485126026993092","0.0680803386891222","0.0364220847554693","997","0.331989057843123","0.668010942156877","0.922790091661025","0.0772099083389745","0.2941444072914","0.628645684369626","0.0378446505517229","0.0393652577872516","8435.52578892806"
"temprow.108","109","MeanCoopTie2Noncoop","Female_song_score","0.0138308850326657","0.0485126026993092","0.0680803386891222","0.0364220847554693","997","0.372758950517304","0.627241049482696","0.904702670517483","0.0952973294825174","0.332944255049512","0.571758415467971","0.0398146954677926","0.0554826340147248","8435.52578892806"
"temprow.109","110","MeanCoopTie2Noncoop","Female_song_score","0.0138308850326657","0.0485126026993092","0.0680803386891222","0.0364220847554693","997","0.356740087688254","0.643259912311746","0.910593988726185","0.0894060112738145","0.328658168754302","0.581935819971883","0.0280819189339517","0.0613240923398628","8435.52578892806"
"temprow.110","111","MeanCoopTie2Noncoop","Female_song_score","0.0138308850326657","0.0485126026993092","0.0680803386891222","0.0364220847554693","997","0.285604757746137","0.714395242253863","0.917322132271121","0.0826778677288788","0.268286174691011","0.649035957580111","0.0173185830551267","0.0653592846737521","8435.52578892806"
"temprow.111","112","MeanCoopTie2Noncoop","Female_song_score","0.0138308850326657","0.0485126026993092","0.0680803386891222","0.0364220847554693","997","0.286325595304457","0.713674404695543","0.928628262030134","0.0713717379698657","0.262622615369677","0.666005646660457","0.0237029799347791","0.0476687580350865","8435.52578892806"
"temprow.112","113","MeanCoopTie2Noncoop","Female_song_score","0.0138308850326657","0.0485126026993092","0.0680803386891222","0.0364220847554693","997","0.365348648740053","0.634651351259947","0.91845705610839","0.0815429438916097","0.329310423998544","0.589146632109846","0.0360382247415093","0.0455047191501003","8435.52578892806"
"temprow.113","114","MeanCoopTie2Noncoop","Female_song_score","0.0138308850326657","0.0485126026993092","0.0680803386891222","0.0364220847554693","997","0.345304894315281","0.654695105684719","0.887917696866412","0.112082303133588","0.297427225416613","0.5904904714498","0.0478776688986679","0.0642046342349199","8435.52578892806"
"temprow.114","115","MeanCoopTie2Noncoop","Female_song_score","0.0138308850326657","0.0485126026993092","0.0680803386891222","0.0364220847554693","997","0.336254777912749","0.663745222087251","0.926592546007255","0.0734074539927455","0.311804914386835","0.61478763162042","0.0244498635259144","0.048957590466831","8435.52578892806"
"temprow.115","116","MeanCoopTie2Noncoop","Female_song_score","0.0138308850326657","0.0485126026993092","0.0680803386891222","0.0364220847554693","997","0.296711320580311","0.703288679419689","0.933140202209633","0.066859797790367","0.277381896290114","0.655758305919519","0.0193294242901965","0.0475303735001704","8435.52578892806"
"temprow.116","117","MeanCoopTie2Noncoop","Female_song_score","0.0138308850326657","0.0485126026993092","0.0680803386891222","0.0364220847554693","997","0.28985477588878","0.71014522411122","0.926580431502536","0.0734195684974644","0.270965269437442","0.655615162065094","0.0188895064513381","0.0545300620461263","8435.52578892806"
"temprow.117","118","MeanCoopTie2Noncoop","Female_song_score","0.0138308850326657","0.0485126026993092","0.0680803386891222","0.0364220847554693","997","0.363364375862806","0.636635624137194","0.924084401384982","0.0759155986150178","0.339065699346968","0.585018702038015","0.0242986765158376","0.05161692209918","8435.52578892806"
"temprow.118","119","MeanCoopTie2Noncoop","Female_song_score","0.0138308850326657","0.0485126026993092","0.0680803386891222","0.0364220847554693","997","0.334224935687923","0.665775064312077","0.916950701058654","0.0830492989413464","0.304424351146891","0.612526349911763","0.0298005845410321","0.0532487144003142","8435.52578892806"
"temprow.119","120","MeanCoopTie2Noncoop","Female_song_score","0.0138308850326657","0.0485126026993092","0.0680803386891222","0.0364220847554693","997","0.343578958868857","0.656421041131143","0.925884053929727","0.0741159460702733","0.320681166436364","0.605202887493363","0.0228977924324932","0.05121815363778","8435.52578892806"
"temprow.120","121","MeanCoopTie2Noncoop","Female_song_score","0.0138308850326657","0.0485126026993092","0.0680803386891222","0.0364220847554693","997","0.356213733756714","0.643786266243286","0.925386347765532","0.0746136522344682","0.326174081113389","0.599212266652143","0.0300396526433242","0.044573999591144","8435.52578892806"
"temprow.121","122","MeanCoopTie2Noncoop","Female_song_score","0.0138308850326657","0.0485126026993092","0.0680803386891222","0.0364220847554693","997","0.260578870098391","0.739421129901609","0.922464331638078","0.0775356683619222","0.239034680661485","0.683429650976593","0.0215441894369062","0.0559914789250158","8435.52578892806"
"temprow.122","123","MeanCoopTie2Noncoop","Female_song_score","0.0138308850326657","0.0485126026993092","0.0680803386891222","0.0364220847554693","997","0.347710366338453","0.652289633661547","0.922420000835171","0.0775799991648286","0.319524377731997","0.602895623103174","0.0281859886064559","0.0493940105583727","8435.52578892806"
"temprow.123","124","MeanCoopTie2Noncoop","Female_song_score","0.0138308850326657","0.0485126026993092","0.0680803386891222","0.0364220847554693","997","0.320630782757858","0.679369217242142","0.920710780759964","0.0792892192400356","0.29581839485261","0.624892385907355","0.0248123879052486","0.054476831334787","8435.52578892806"
"temprow.124","125","MeanCoopTie2Noncoop","Female_song_score","0.0138308850326657","0.0485126026993092","0.0680803386891222","0.0364220847554693","997","0.370669280402257","0.629330719597743","0.923408670368014","0.0765913296319864","0.338950527647396","0.584458142720618","0.0317187527548611","0.0448725768771253","8435.52578892806"
"temprow.125","126","MeanCoopTie2Noncoop","Female_song_score","0.0138308850326657","0.0485126026993092","0.0680803386891222","0.0364220847554693","997","0.352958769298164","0.647041230701836","0.915419835436233","0.0845801645637665","0.32062774903805","0.594792086398183","0.0323310202601132","0.0522491443036533","8435.52578892806"
"temprow.126","127","MeanCoopTie2Noncoop","Female_song_score","0.0138308850326657","0.0485126026993092","0.0680803386891222","0.0364220847554693","997","0.328097471286521","0.671902528713479","0.931117516274867","0.0688824837251334","0.301374369663618","0.629743146611248","0.026723101622902","0.0421593821022314","8435.52578892806"
"temprow.127","128","MeanCoopTie2Noncoop","Female_song_score","0.0138308850326657","0.0485126026993092","0.0680803386891222","0.0364220847554693","997","0.313323602221126","0.686676397778873","0.910210853749601","0.0897891462503987","0.287495173318765","0.622715680430836","0.0258284289023616","0.0639607173480372","8435.52578892806"
"temprow.128","129","MeanCoopTie2Noncoop","Female_song_score","0.0138308850326657","0.0485126026993092","0.0680803386891222","0.0364220847554693","997","0.307161616623103","0.692838383376897","0.931817016918303","0.0681829830816967","0.281078420696622","0.650738596221681","0.0260831959264806","0.042099787155216","8435.52578892806"
"temprow.129","130","MeanCoopTie2Noncoop","Female_song_score","0.0138308850326657","0.0485126026993092","0.0680803386891222","0.0364220847554693","997","0.321536332136088","0.678463667863912","0.919095409152471","0.0809045908475292","0.297593024865061","0.62150238428741","0.0239433072710278","0.0569612835765013","8435.52578892806"
"temprow.130","131","MeanCoopTie2Noncoop","Female_song_score","0.0138308850326657","0.0485126026993092","0.0680803386891222","0.0364220847554693","997","0.322244609748617","0.677755390251383","0.908752286571702","0.0912477134282981","0.288621440803844","0.620130845767858","0.0336231689447723","0.0576245444835257","8435.52578892806"
"temprow.131","132","MeanCoopTie2Noncoop","Female_song_score","0.0138308850326657","0.0485126026993092","0.0680803386891222","0.0364220847554693","997","0.31719788176029","0.68280211823971","0.916194149668711","0.0838058503312894","0.291490529540017","0.624703620128694","0.0257073522202734","0.058098498111016","8435.52578892806"
"temprow.132","133","MeanCoopTie2Noncoop","Female_song_score","0.0138308850326657","0.0485126026993092","0.0680803386891222","0.0364220847554693","997","0.295916969155751","0.704083030844249","0.926414157203889","0.0735858427961106","0.271226969841058","0.655187187362831","0.0246899993146931","0.0488958434814175","8435.52578892806"
"temprow.133","134","MeanCoopTie2Noncoop","Female_song_score","0.0138308850326657","0.0485126026993092","0.0680803386891222","0.0364220847554693","997","0.316684898172055","0.683315101827945","0.926105309674468","0.0738946903255317","0.293062134342057","0.633043175332412","0.023622763829998","0.0502719264955336","8435.52578892806"
"temprow.134","135","MeanCoopTie2Noncoop","Female_song_score","0.0138308850326657","0.0485126026993092","0.0680803386891222","0.0364220847554693","997","0.305508927112425","0.694491072887575","0.917446632589108","0.0825533674108922","0.279653907133249","0.637792725455859","0.0258550199791754","0.0566983474317167","8435.52578892806"
"temprow.135","136","MeanCoopTie2Noncoop","Female_song_score","0.0138308850326657","0.0485126026993092","0.0680803386891222","0.0364220847554693","997","0.27298428787558","0.72701571212442","0.924912254011656","0.0750877459883443","0.251092526596464","0.673819727415192","0.0218917612791157","0.0531959847092285","8435.52578892806"
"temprow.136","137","MeanCoopTie2Noncoop","Female_song_score","0.0138308850326657","0.0485126026993092","0.0680803386891222","0.0364220847554693","997","0.326836806157513","0.673163193842487","0.88639086985611","0.11360913014389","0.283103904454118","0.603286965401991","0.0437329017033949","0.0698762284404954","8435.52578892806"
"temprow.137","138","MeanCoopTie2Noncoop","Female_song_score","0.0138308850326657","0.0485126026993092","0.0680803386891222","0.0364220847554693","997","0.316785187657148","0.683214812342852","0.933297408090045","0.0667025919099553","0.300675490039169","0.632621918050876","0.0161096976179789","0.0505928942919763","8435.52578892806"
"temprow.138","139","MeanCoopTie2Noncoop","Female_song_score","0.0138308850326657","0.0485126026993092","0.0680803386891222","0.0364220847554693","997","0.36695675241351","0.63304324758649","0.903710088248212","0.0962899117517881","0.329585430115671","0.574124658132541","0.0373713222978391","0.058918589453949","8435.52578892806"
"temprow.139","140","MeanCoopTie2Noncoop","Female_song_score","0.0138308850326657","0.0485126026993092","0.0680803386891222","0.0364220847554693","997","0.335434950368503","0.664565049631497","0.916704899606032","0.0832951003939682","0.307342161481408","0.609362738124624","0.0280927888870955","0.0552023115068725","8435.52578892806"
"temprow.140","141","MeanCoopTie2Noncoop","Female_song_score","0.0138308850326657","0.0485126026993092","0.0680803386891222","0.0364220847554693","997","0.295521730246871","0.704478269753129","0.933839920372215","0.0661600796277854","0.278442159067732","0.655397761304483","0.0170795711791391","0.0490805084486463","8435.52578892806"
"temprow.141","142","MeanCoopTie2Noncoop","Female_song_score","0.0138308850326657","0.0485126026993092","0.0680803386891222","0.0364220847554693","997","0.345566462418246","0.654433537581754","0.916180429488223","0.0838195705117766","0.317628784253132","0.598551645235091","0.0279376781651136","0.055881892346663","8435.52578892806"
"temprow.142","143","MeanCoopTie2Noncoop","Female_song_score","0.0138308850326657","0.0485126026993092","0.0680803386891222","0.0364220847554693","997","0.311723238622892","0.688276761377108","0.931662384898673","0.0683376151013266","0.294401686502942","0.637260698395731","0.0173215521199493","0.0510160629813774","8435.52578892806"
"temprow.143","144","MeanCoopTie2Noncoop","Female_song_score","0.0138308850326657","0.0485126026993092","0.0680803386891222","0.0364220847554693","997","0.302055849488436","0.697944150511564","0.933543852747146","0.0664561472528541","0.277465591699154","0.656078261047992","0.0245902577892813","0.0418658894635728","8435.52578892806"
"temprow.144","145","MeanCoopTie2Noncoop","Female_song_score","0.0138308850326657","0.0485126026993092","0.0680803386891222","0.0364220847554693","997","0.311464363667767","0.688535636332233","0.925356795486198","0.0746432045138023","0.286416307659568","0.63894048782663","0.0250480560081987","0.0495951485056035","8435.52578892806"
"temprow.145","146","MeanCoopTie2Noncoop","Female_song_score","0.0138308850326657","0.0485126026993092","0.0680803386891222","0.0364220847554693","997","0.313059596998362","0.686940403001638","0.917780717375553","0.0822192826244468","0.284799332438073","0.632981384937481","0.0282602645602897","0.053959018064157","8435.52578892806"
"temprow.146","147","MeanCoopTie2Noncoop","Female_song_score","0.0138308850326657","0.0485126026993092","0.0680803386891222","0.0364220847554693","997","0.321507890637023","0.678492109362977","0.915125307988898","0.0848746920111022","0.293780778244342","0.621344529744555","0.0277271123926802","0.057147579618422","8435.52578892806"
"temprow.147","148","MeanCoopTie2Noncoop","Female_song_score","0.0138308850326657","0.0485126026993092","0.0680803386891222","0.0364220847554693","997","0.386006962011189","0.613993037988811","0.922362330221443","0.0776376697785572","0.35710477568861","0.565257554532833","0.0289021863225796","0.0487354834559777","8435.52578892806"
"temprow.148","149","MeanCoopTie2Noncoop","Female_song_score","0.0138308850326657","0.0485126026993092","0.0680803386891222","0.0364220847554693","997","0.31428643867526","0.68571356132474","0.930808205853631","0.069191794146369","0.288851474084966","0.641956731768665","0.0254349645902938","0.0437568295560752","8435.52578892806"
"temprow.149","150","MeanCoopTie2Noncoop","Female_song_score","0.0138308850326657","0.0485126026993092","0.0680803386891222","0.0364220847554693","997","0.323213724499221","0.676786275500779","0.920456799050818","0.0795432009491818","0.289171788497913","0.631285010552905","0.0340419360013072","0.0455012649478746","8435.52578892806"
"temprow.150","151","MeanCoopTie2Noncoop","Female_song_score","0.0138308850326657","0.0485126026993092","0.0680803386891222","0.0364220847554693","997","0.299241281283782","0.700758718716218","0.919852889910894","0.080147110089106","0.273323493917775","0.646529395993119","0.0259177873660069","0.054229322723099","8435.52578892806"
"temprow.151","152","MeanCoopTie2Noncoop","Female_song_score","0.0138308850326657","0.0485126026993092","0.0680803386891222","0.0364220847554693","997","0.333537007967372","0.666462992032628","0.924542862869898","0.0754571371301023","0.307560660994318","0.61698220187558","0.0259763469730543","0.0494807901570481","8435.52578892806"
"temprow.152","153","MeanCoopTie2Noncoop","Female_song_score","0.0138308850326657","0.0485126026993092","0.0680803386891222","0.0364220847554693","997","0.277636403250593","0.722363596749407","0.915748696060331","0.0842513039396692","0.251090565919752","0.664658130140578","0.0265458373308405","0.0577054666088286","8435.52578892806"
"temprow.153","154","MeanCoopTie2Noncoop","Female_song_score","0.0138308850326657","0.0485126026993092","0.0680803386891222","0.0364220847554693","997","0.346296822669503","0.653703177330497","0.926091845706589","0.0739081542934111","0.319030643273084","0.607061202433505","0.0272661793964184","0.0466419748969926","8435.52578892806"
"temprow.154","155","MeanCoopTie2Noncoop","Female_song_score","0.0138308850326657","0.0485126026993092","0.0680803386891222","0.0364220847554693","997","0.351217300128421","0.648782699871579","0.925208603701668","0.0747913962983324","0.320131554009096","0.605077049692572","0.0310857461193247","0.0437056501790076","8435.52578892806"
"temprow.155","156","MeanCoopTie2Noncoop","Female_song_score","0.0138308850326657","0.0485126026993092","0.0680803386891222","0.0364220847554693","997","0.327510550634648","0.672489449365352","0.909787859347862","0.0902121406521385","0.299759921524417","0.610027937823445","0.0277506291102305","0.0624615115419079","8435.52578892806"
"temprow.156","157","MeanCoopTie2Noncoop","Female_song_score","0.0138308850326657","0.0485126026993092","0.0680803386891222","0.0364220847554693","997","0.321081452277994","0.678918547722006","0.916406447826296","0.0835935521737036","0.290142826202825","0.626263621623471","0.030938626075169","0.0526549260985346","8435.52578892806"
"temprow.157","158","MeanCoopTie2Noncoop","Female_song_score","0.0138308850326657","0.0485126026993092","0.0680803386891222","0.0364220847554693","997","0.322006498364396","0.677993501635604","0.908895094734556","0.0911049052654444","0.292158324442291","0.616736770292265","0.0298481739221045","0.0612567313433398","8435.52578892806"
"temprow.158","159","MeanCoopTie2Noncoop","Female_song_score","0.0138308850326657","0.0485126026993092","0.0680803386891222","0.0364220847554693","997","0.31273904205438","0.68726095794562","0.922806016430089","0.0771939835699114","0.292922263117319","0.62988375331277","0.0198167789370608","0.0573772046328505","8435.52578892806"
"temprow.159","160","MeanCoopTie2Noncoop","Female_song_score","0.0138308850326657","0.0485126026993092","0.0680803386891222","0.0364220847554693","997","0.305600925422986","0.694399074577014","0.921558090289246","0.0784419097107539","0.281140502911686","0.64041758737756","0.0244604225112995","0.0539814871994543","8435.52578892806"
"temprow.160","161","MeanCoopTie2Noncoop","Female_song_score","0.0138308850326657","0.0485126026993092","0.0680803386891222","0.0364220847554693","997","0.293019084231203","0.706980915768797","0.922863316194924","0.077136683805076","0.270221871366594","0.65264144482833","0.022797212864609","0.054339470940467","8435.52578892806"
"temprow.161","162","MeanCoopTie2Noncoop","Female_song_score","0.0138308850326657","0.0485126026993092","0.0680803386891222","0.0364220847554693","997","0.30446258227978","0.69553741772022","0.917185077181383","0.0828149228186174","0.280131003817383","0.637054073364","0.0243315784623972","0.0584833443562202","8435.52578892806"
"temprow.162","163","MeanCoopTie2Noncoop","Female_song_score","0.0138308850326657","0.0485126026993092","0.0680803386891222","0.0364220847554693","997","0.32791257309185","0.672087426908149","0.906811212228477","0.0931887877715235","0.30317576344854","0.603635448779937","0.0247368096433103","0.0684519781282131","8435.52578892806"
"temprow.163","164","MeanCoopTie2Noncoop","Female_song_score","0.0138308850326657","0.0485126026993092","0.0680803386891222","0.0364220847554693","997","0.340272734375491","0.659727265624509","0.930881641716698","0.0691183582833017","0.31304002719735","0.617841614519348","0.0272327071781411","0.0418856511051605","8435.52578892806"
"temprow.164","165","MeanCoopTie2Noncoop","Female_song_score","0.0138308850326657","0.0485126026993092","0.0680803386891222","0.0364220847554693","997","0.37567564894911","0.62432435105089","0.928698032324814","0.0713019676751857","0.347794900243378","0.580903132081436","0.0278807487057317","0.043421218969454","8435.52578892806"
"temprow.165","166","MeanCoopTie2Noncoop","Female_song_score","0.0138308850326657","0.0485126026993092","0.0680803386891222","0.0364220847554693","997","0.349251910089956","0.650748089910044","0.929761099648584","0.0702389003514158","0.32464563657757","0.605115463071014","0.0246062735123852","0.0456326268390305","8435.52578892806"
"temprow.166","167","MeanCoopTie2Noncoop","Female_song_score","0.0138308850326657","0.0485126026993092","0.0680803386891222","0.0364220847554693","997","0.308895158013984","0.691104841986016","0.91487460132415","0.0851253986758499","0.277378739074486","0.637495862249664","0.0315164189394979","0.053608979736352","8435.52578892806"
"temprow.167","168","MeanCoopTie2Noncoop","Female_song_score","0.0138308850326657","0.0485126026993092","0.0680803386891222","0.0364220847554693","997","0.360616720771361","0.639383279228639","0.920667050786584","0.0793329492134165","0.324630968909856","0.596036081876727","0.0359857518615047","0.0433471973519118","8435.52578892806"
"temprow.168","169","MeanCoopTie2Noncoop","Female_song_score","0.0138308850326657","0.0485126026993092","0.0680803386891222","0.0364220847554693","997","0.286964495136861","0.713035504863138","0.91489573935042","0.0851042606495798","0.26274623771401","0.65214950163641","0.0242182574228507","0.060886003226729","8435.52578892806"
"temprow.169","170","MeanCoopTie2Noncoop","Female_song_score","0.0138308850326657","0.0485126026993092","0.0680803386891222","0.0364220847554693","997","0.294927290562859","0.705072709437141","0.905722759630562","0.0942772403694384","0.262238544896151","0.643484214734411","0.0326887456667083","0.06158849470273","8435.52578892806"
"temprow.170","171","MeanCoopTie2Noncoop","Female_song_score","0.0138308850326657","0.0485126026993092","0.0680803386891222","0.0364220847554693","997","0.376427110365893","0.623572889634107","0.919462958630293","0.0805370413697071","0.347426135323771","0.572036823306522","0.0290009750421223","0.0515360663275848","8435.52578892806"
"temprow.171","172","MeanCoopTie2Noncoop","Female_song_score","0.0138308850326657","0.0485126026993092","0.0680803386891222","0.0364220847554693","997","0.33286681059999","0.66713318940001","0.913214003169033","0.0867859968309667","0.302994470520366","0.610219532648667","0.0298723400796228","0.056913656751344","8435.52578892806"
"temprow.172","173","MeanCoopTie2Noncoop","Female_song_score","0.0138308850326657","0.0485126026993092","0.0680803386891222","0.0364220847554693","997","0.338523995890105","0.661476004109895","0.933413024281045","0.0665869757189547","0.320171989166334","0.613241035114712","0.0183520067237709","0.0482349689951837","8435.52578892806"
"temprow.173","174","MeanCoopTie2Noncoop","Female_song_score","0.0138308850326657","0.0485126026993092","0.0680803386891222","0.0364220847554693","997","0.332129200904225","0.667870799095775","0.915692225405316","0.0843077745946839","0.305319750399406","0.61037247500591","0.0268094505048184","0.0574983240898655","8435.52578892806"
"temprow.174","175","MeanCoopTie2Noncoop","Female_song_score","0.0138308850326657","0.0485126026993092","0.0680803386891222","0.0364220847554693","997","0.338746062027967","0.661253937972032","0.915916820514005","0.0840831794859954","0.299887660880159","0.616029159633845","0.0388584011478082","0.0452247783381872","8435.52578892806"
"temprow.175","176","MeanCoopTie2Noncoop","Female_song_score","0.0138308850326657","0.0485126026993092","0.0680803386891222","0.0364220847554693","997","0.302068637358154","0.697931362641846","0.921637198012207","0.0783628019877929","0.283155151028716","0.638482046983491","0.0189134863294377","0.0594493156583551","8435.52578892806"
"temprow.176","177","MeanCoopTie2Noncoop","Female_song_score","0.0138308850326657","0.0485126026993092","0.0680803386891222","0.0364220847554693","997","0.366885091976783","0.633114908023217","0.913210366970521","0.0867896330294794","0.332431107043889","0.580779259926631","0.0344539849328926","0.0523356480965868","8435.52578892806"
"temprow.177","178","MeanCoopTie2Noncoop","Female_song_score","0.0138308850326657","0.0485126026993092","0.0680803386891222","0.0364220847554693","997","0.324756984773379","0.675243015226621","0.921876379970723","0.078123620029277","0.295998212674572","0.625878167296151","0.0287587720988066","0.0493648479304703","8435.52578892806"
"temprow.178","179","MeanCoopTie2Noncoop","Female_song_score","0.0138308850326657","0.0485126026993092","0.0680803386891222","0.0364220847554693","997","0.346677379556195","0.653322620443805","0.919369062220208","0.0806309377797916","0.323340094062696","0.596028968157512","0.0233372854934985","0.057293652286293","8435.52578892806"
"temprow.179","180","MeanCoopTie2Noncoop","Female_song_score","0.0138308850326657","0.0485126026993092","0.0680803386891222","0.0364220847554693","997","0.314842175787668","0.685157824212332","0.905234417698925","0.0947655823010747","0.287268512443483","0.617965905255442","0.0275736633441844","0.0671919189568902","8435.52578892806"
"temprow.180","181","MeanCoopTie2Noncoop","Female_song_score","0.0138308850326657","0.0485126026993092","0.0680803386891222","0.0364220847554693","997","0.358330823519359","0.641669176480641","0.9149399348869","0.0850600651131","0.326759410264538","0.588180524622362","0.0315714132548208","0.0534886518582791","8435.52578892806"
"temprow.181","182","MeanCoopTie2Noncoop","Female_song_score","0.0138308850326657","0.0485126026993092","0.0680803386891222","0.0364220847554693","997","0.346172080969204","0.653827919030796","0.917892445666643","0.0821075543333565","0.321266854034721","0.596625591631922","0.024905226934482","0.0572023273988744","8435.52578892806"
"temprow.182","183","MeanCoopTie2Noncoop","Female_song_score","0.0138308850326657","0.0485126026993092","0.0680803386891222","0.0364220847554693","997","0.362296273385464","0.637703726614536","0.913015910145598","0.0869840898544022","0.332126551632629","0.580889358512969","0.0301697217528349","0.0568143681015672","8435.52578892806"
"temprow.183","184","MeanCoopTie2Noncoop","Female_song_score","0.0138308850326657","0.0485126026993092","0.0680803386891222","0.0364220847554693","997","0.352575634601761","0.647424365398239","0.919822958728255","0.0801770412717449","0.326595905569819","0.593227053158436","0.0259797290319423","0.0541973122398025","8435.52578892806"
"temprow.184","185","MeanCoopTie2Noncoop","Female_song_score","0.0138308850326657","0.0485126026993092","0.0680803386891222","0.0364220847554693","997","0.404835814358314","0.595164185641686","0.931938219190511","0.0680617808094888","0.381599382984888","0.550338836205623","0.0232364313734253","0.0448253494360633","8435.52578892806"
"temprow.185","186","MeanCoopTie2Noncoop","Female_song_score","0.0138308850326657","0.0485126026993092","0.0680803386891222","0.0364220847554693","997","0.366578039618393","0.633421960381607","0.895323858132058","0.104676141867942","0.32988350611618","0.565440352015879","0.0366945335022131","0.0679816083657288","8435.52578892806"
"temprow.186","187","MeanCoopTie2Noncoop","Female_song_score","0.0138308850326657","0.0485126026993092","0.0680803386891222","0.0364220847554693","997","0.324128535972293","0.675871464027706","0.919698279200854","0.080301720799146","0.292470270437603","0.627228008763251","0.0316582655346903","0.0486434552644557","8435.52578892806"
"temprow.187","188","MeanCoopTie2Noncoop","Female_song_score","0.0138308850326657","0.0485126026993092","0.0680803386891222","0.0364220847554693","997","0.287488846268115","0.712511153731885","0.914227689167218","0.0857723108327819","0.263404993100468","0.65082269606675","0.0240838531676463","0.0616884576651357","8435.52578892806"
"temprow.188","189","MeanCoopTie2Noncoop","Female_song_score","0.0138308850326657","0.0485126026993092","0.0680803386891222","0.0364220847554693","997","0.37998445466018","0.62001554533982","0.922434469139074","0.0775655308609264","0.353962191327803","0.568472277811271","0.0260222633323778","0.0515432675285485","8435.52578892806"
"temprow.189","190","MeanCoopTie2Noncoop","Female_song_score","0.0138308850326657","0.0485126026993092","0.0680803386891222","0.0364220847554693","997","0.338553025612665","0.661446974387335","0.916500490232161","0.0834995097678387","0.312732854460264","0.603767635771898","0.0258201711524009","0.0576793386154377","8435.52578892806"
"temprow.190","191","MeanCoopTie2Noncoop","Female_song_score","0.0138308850326657","0.0485126026993092","0.0680803386891222","0.0364220847554693","997","0.328665049228703","0.671334950771297","0.924045192316894","0.0759548076831059","0.300061580488443","0.623983611828451","0.0286034687402596","0.0473513389428462","8435.52578892806"
"temprow.191","192","MeanCoopTie2Noncoop","Female_song_score","0.0138308850326657","0.0485126026993092","0.0680803386891222","0.0364220847554693","997","0.321686393313372","0.678313606686628","0.924400863666995","0.075599136333005","0.296745562969849","0.627655300697145","0.0249408303435221","0.0506583059894828","8435.52578892806"
"temprow.192","193","MeanCoopTie2Noncoop","Female_song_score","0.0138308850326657","0.0485126026993092","0.0680803386891222","0.0364220847554693","997","0.307337156177441","0.692662843822559","0.925620225267406","0.0743797747325939","0.282307912305988","0.643312312961418","0.0250292438714527","0.0493505308611412","8435.52578892806"
"temprow.193","194","MeanCoopTie2Noncoop","Female_song_score","0.0138308850326657","0.0485126026993092","0.0680803386891222","0.0364220847554693","997","0.285622429305329","0.714377570694671","0.91122646865044","0.0887735313495605","0.260968172044894","0.650258296605546","0.0246542572604346","0.0641192740891258","8435.52578892806"
"temprow.194","195","MeanCoopTie2Noncoop","Female_song_score","0.0138308850326657","0.0485126026993092","0.0680803386891222","0.0364220847554693","997","0.348709480967767","0.651290519032233","0.929130932879694","0.0708690671203061","0.328073851151423","0.601057081728271","0.0206356298163442","0.0502334373039619","8435.52578892806"
"temprow.195","196","MeanCoopTie2Noncoop","Female_song_score","0.0138308850326657","0.0485126026993092","0.0680803386891222","0.0364220847554693","997","0.303953055114223","0.696046944885777","0.93332864501856","0.0666713549814395","0.280678310086198","0.652650334932363","0.0232747450280249","0.0433966099534146","8435.52578892806"
"temprow.196","197","MeanCoopTie2Noncoop","Female_song_score","0.0138308850326657","0.0485126026993092","0.0680803386891222","0.0364220847554693","997","0.409478412738914","0.590521587261086","0.916443972871706","0.0835560271282943","0.373226116185841","0.543217856685864","0.0362522965530732","0.0473037305752212","8435.52578892806"
"temprow.197","198","MeanCoopTie2Noncoop","Female_song_score","0.0138308850326657","0.0485126026993092","0.0680803386891222","0.0364220847554693","997","0.333521597888596","0.666478402111404","0.910837957350737","0.0891620426492633","0.301956072883629","0.608881884467107","0.031565525004966","0.0575965176442973","8435.52578892806"
"temprow.198","199","MeanCoopTie2Noncoop","Female_song_score","0.0138308850326657","0.0485126026993092","0.0680803386891222","0.0364220847554693","997","0.362584529623481","0.637415470376519","0.922911722911398","0.0770882770886021","0.331327119928168","0.59158460298323","0.0312574096953133","0.0458308673932888","8435.52578892806"
"temprow.199","200","MeanCoopTie2Noncoop","Female_song_score","0.0138308850326657","0.0485126026993092","0.0680803386891222","0.0364220847554693","997","0.339099136305463","0.660900863694537","0.922497618631859","0.0775023813681412","0.311313755495879","0.61118386313598","0.0277853808095843","0.0497170005585569","8435.52578892806"
"temprow.200","201","MeanCoopTie2Noncoop","Female_song_score","0.0138308850326657","0.0485126026993092","0.0680803386891222","0.0364220847554693","997","0.322999606538893","0.677000393461107","0.939294063070811","0.0607059369291889","0.305383223201445","0.633910839869366","0.0176163833374477","0.0430895535917412","8435.52578892806"
"temprow.201","202","MeanCoopTie2Noncoop","Female_song_score","0.0138308850326657","0.0485126026993092","0.0680803386891222","0.0364220847554693","997","0.384045565298731","0.615954434701269","0.892039144901574","0.107960855098426","0.342918816576203","0.549120328325371","0.0411267487225283","0.0668341063758975","8435.52578892806"
"temprow.202","203","MeanCoopTie2Noncoop","Female_song_score","0.0138308850326657","0.0485126026993092","0.0680803386891222","0.0364220847554693","997","0.392210007483226","0.607789992516774","0.912964704593706","0.0870352954062943","0.358890784554724","0.554073920038982","0.033319222928502","0.0537160724777923","8435.52578892806"
"temprow.203","204","MeanCoopTie2Noncoop","Female_song_score","0.0138308850326657","0.0485126026993092","0.0680803386891222","0.0364220847554693","997","0.317996757354895","0.682003242645105","0.919085561242083","0.0809144387579169","0.289003269289131","0.630082291952952","0.0289934880657638","0.0519209506921531","8435.52578892806"
"temprow.204","205","MeanCoopTie2Noncoop","Female_song_score","0.0138308850326657","0.0485126026993092","0.0680803386891222","0.0364220847554693","997","0.392480496184787","0.607519503815213","0.918976651412775","0.081023348587225","0.359851891498544","0.559124759914231","0.032628604686243","0.0483947439009818","8435.52578892806"
"temprow.205","206","MeanCoopTie2Noncoop","Female_song_score","0.0138308850326657","0.0485126026993092","0.0680803386891222","0.0364220847554693","997","0.367881226640136","0.632118773359864","0.925526846417497","0.0744731535825034","0.341471222895714","0.584055623521783","0.0264100037444207","0.0480631498380826","8435.52578892806"
"temprow.206","207","MeanCoopTie2Noncoop","Female_song_score","0.0138308850326657","0.0485126026993092","0.0680803386891222","0.0364220847554693","997","0.326833765734052","0.673166234265948","0.934992072974737","0.0650079270252635","0.305741137910289","0.629250935064448","0.0210926278237627","0.0439152992015007","8435.52578892806"
"temprow.207","208","MeanCoopTie2Noncoop","Female_song_score","0.0138308850326657","0.0485126026993092","0.0680803386891222","0.0364220847554693","997","0.379206434102533","0.620793565897467","0.927141758228674","0.0728582417713263","0.353802325409451","0.573339432819222","0.025404108693082","0.0474541330782443","8435.52578892806"
"temprow.208","209","MeanCoopTie2Noncoop","Female_song_score","0.0138308850326657","0.0485126026993092","0.0680803386891222","0.0364220847554693","997","0.361027185419237","0.638972814580763","0.931526653796901","0.0684733462030986","0.331897955866978","0.599628697929924","0.0291292295522589","0.0393441166508396","8435.52578892806"
"temprow.209","210","MeanCoopTie2Noncoop","Female_song_score","0.0138308850326657","0.0485126026993092","0.0680803386891222","0.0364220847554693","997","0.343001360355146","0.656998639644854","0.916190373520631","0.0838096264793687","0.322742254818027","0.593448118702604","0.0202591055371198","0.0635505209422489","8435.52578892806"
"temprow.210","211","MeanCoopTie2Noncoop","Female_song_score","0.0138308850326657","0.0485126026993092","0.0680803386891222","0.0364220847554693","997","0.318297889870859","0.681702110129141","0.916312690249964","0.083687309750036","0.291138389654165","0.625174300595799","0.027159500216694","0.056527809533342","8435.52578892806"
"temprow.211","212","MeanCoopTie2Noncoop","Female_song_score","0.0138308850326657","0.0485126026993092","0.0680803386891222","0.0364220847554693","997","0.300207546431814","0.699792453568186","0.931698511708719","0.0683014882912808","0.275128134341317","0.656570377367402","0.0250794120904976","0.0432220762007832","8435.52578892806"
"temprow.212","213","MeanCoopTie2Noncoop","Female_song_score","0.0138308850326657","0.0485126026993092","0.0680803386891222","0.0364220847554693","997","0.310356135345247","0.689643864654753","0.930235861539341","0.0697641384606591","0.289114109013855","0.641121752525486","0.0212420263313919","0.0485221121292672","8435.52578892806"
"temprow.213","214","MeanCoopTie2Noncoop","Female_song_score","0.0138308850326657","0.0485126026993092","0.0680803386891222","0.0364220847554693","997","0.308111822422093","0.691888177577907","0.926304005545086","0.0736959944549137","0.289179519153742","0.637124486391345","0.0189323032683504","0.0547636911865631","8435.52578892806"
"temprow.214","215","MeanCoopTie2Noncoop","Female_song_score","0.0138308850326657","0.0485126026993092","0.0680803386891222","0.0364220847554693","997","0.383281871276422","0.616718128723578","0.894554950123979","0.105445049876021","0.33636944021953","0.558185509904449","0.0469124310568927","0.0585326188191281","8435.52578892806"
"temprow.215","216","MeanCoopTie2Noncoop","Female_song_score","0.0138308850326657","0.0485126026993092","0.0680803386891222","0.0364220847554693","997","0.29536619545856","0.70463380454144","0.9279123079548","0.0720876920452005","0.276852612965221","0.651059694989579","0.0185135824933392","0.0535741095518613","8435.52578892806"
"temprow.216","217","MeanCoopTie2Noncoop","Female_song_score","0.0138308850326657","0.0485126026993092","0.0680803386891222","0.0364220847554693","997","0.380574010468419","0.619425989531581","0.910954931448309","0.0890450685516915","0.350795601775809","0.5601593296725","0.0297784086926101","0.0592666598590813","8435.52578892806"
"temprow.217","218","MeanCoopTie2Noncoop","Female_song_score","0.0138308850326657","0.0485126026993092","0.0680803386891222","0.0364220847554693","997","0.343540720533388","0.656459279466612","0.904960306423589","0.0950396935764109","0.311175392404104","0.593784914019485","0.0323653281292841","0.0626743654471267","8435.52578892806"
"temprow.218","219","MeanCoopTie2Noncoop","Female_song_score","0.0138308850326657","0.0485126026993092","0.0680803386891222","0.0364220847554693","997","0.2703570850515","0.7296429149485","0.922787318890783","0.0772126811092173","0.243428759105785","0.679358559784997","0.0269283259457138","0.0502843551635035","8435.52578892806"
"temprow.219","220","MeanCoopTie2Noncoop","Female_song_score","0.0138308850326657","0.0485126026993092","0.0680803386891222","0.0364220847554693","997","0.324878394976604","0.675121605023396","0.926030710585721","0.0739692894142786","0.30010469050034","0.625926020085381","0.0247737044762637","0.0491955849380149","8435.52578892806"
"temprow.220","221","MeanCoopTie2Noncoop","Female_song_score","0.0138308850326657","0.0485126026993092","0.0680803386891222","0.0364220847554693","997","0.407315614283503","0.592684385716497","0.907433532688129","0.092566467311871","0.373295916601932","0.534137616086198","0.0340196976815717","0.0585467696302992","8435.52578892806"
"temprow.221","222","MeanCoopTie2Noncoop","Female_song_score","0.0138308850326657","0.0485126026993092","0.0680803386891222","0.0364220847554693","997","0.308870810566085","0.691129189433915","0.90486090581","0.0951390941899996","0.282916146928885","0.621944758881115","0.0259546636371993","0.0691844305528002","8435.52578892806"
"temprow.222","223","MeanCoopTie2Noncoop","Female_song_score","0.0138308850326657","0.0485126026993092","0.0680803386891222","0.0364220847554693","997","0.304098340439364","0.695901659560636","0.911834381590592","0.0881656184094076","0.276109771700854","0.635724609889738","0.027988568738509","0.0601770496708985","8435.52578892806"
"temprow.223","224","MeanCoopTie2Noncoop","Female_song_score","0.0138308850326657","0.0485126026993092","0.0680803386891222","0.0364220847554693","997","0.374889007799157","0.625110992200843","0.925667753668655","0.0743322463313454","0.352062170772751","0.573605582895904","0.022826837026406","0.0515054093049392","8435.52578892806"
"temprow.224","225","MeanCoopTie2Noncoop","Female_song_score","0.0138308850326657","0.0485126026993092","0.0680803386891222","0.0364220847554693","997","0.346266498575688","0.653733501424312","0.923622949357649","0.0763770506423506","0.317851171464185","0.605771777893464","0.028415327111503","0.0479617235308476","8435.52578892806"
"temprow.225","226","MeanCoopTie2Noncoop","Female_song_score","0.0138308850326657","0.0485126026993092","0.0680803386891222","0.0364220847554693","997","0.295715430615732","0.704284569384268","0.934117666541488","0.0658823334585115","0.271775606365654","0.662342060175835","0.0239398242500782","0.0419425092084332","8435.52578892806"
"temprow.226","227","MeanCoopTie2Noncoop","Female_song_score","0.0138308850326657","0.0485126026993092","0.0680803386891222","0.0364220847554693","997","0.322997420565062","0.677002579434938","0.925159231935552","0.0748407680644483","0.295464840024864","0.629694391910688","0.0275325805401982","0.04730818752425","8435.52578892806"
"temprow.227","228","MeanCoopTie2Noncoop","Female_song_score","0.0138308850326657","0.0485126026993092","0.0680803386891222","0.0364220847554693","997","0.354035521417689","0.645964478582311","0.914360920824939","0.0856390791750613","0.319051846059052","0.595309074765886","0.0349836753586362","0.0506554038164249","8435.52578892806"
"temprow.228","229","MeanCoopTie2Noncoop","Female_song_score","0.0138308850326657","0.0485126026993092","0.0680803386891222","0.0364220847554693","997","0.289832725819012","0.710167274180988","0.919393721322511","0.0806062786774893","0.266218054335293","0.653175666987218","0.0236146714837194","0.0569916071937699","8435.52578892806"
"temprow.229","230","MeanCoopTie2Noncoop","Female_song_score","0.0138308850326657","0.0485126026993092","0.0680803386891222","0.0364220847554693","997","0.32121131872429","0.67878868127571","0.922011265619842","0.0779887343801575","0.294489364443204","0.627521901176638","0.026721954281086","0.0512667800990715","8435.52578892806"
"temprow.230","231","MeanCoopTie2Noncoop","Female_song_score","0.0138308850326657","0.0485126026993092","0.0680803386891222","0.0364220847554693","997","0.305997142095685","0.694002857904315","0.916357055939139","0.0836429440608608","0.28058793213429","0.63576912380485","0.0254092099613954","0.0582337340994655","8435.52578892806"
"temprow.231","232","MeanCoopTie2Noncoop","Female_song_score","0.0138308850326657","0.0485126026993092","0.0680803386891222","0.0364220847554693","997","0.331431604123818","0.668568395876182","0.916380065961712","0.0836199340382879","0.304086406623017","0.612293659338696","0.0273451975008019","0.0562747365374859","8435.52578892806"
"temprow.232","233","MeanCoopTie2Noncoop","Female_song_score","0.0138308850326657","0.0485126026993092","0.0680803386891222","0.0364220847554693","997","0.36834102466681","0.63165897533319","0.89062568646936","0.10937431353064","0.332678997202269","0.557946689267091","0.0356620274645403","0.0737122860660999","8435.52578892806"
"temprow.233","234","MeanCoopTie2Noncoop","Female_song_score","0.0138308850326657","0.0485126026993092","0.0680803386891222","0.0364220847554693","997","0.275318675623589","0.724681324376411","0.909589219389247","0.0904107806107532","0.245249582688437","0.66433963670081","0.0300690929351521","0.060341687675601","8435.52578892806"
"temprow.234","235","MeanCoopTie2Noncoop","Female_song_score","0.0138308850326657","0.0485126026993092","0.0680803386891222","0.0364220847554693","997","0.323479239223261","0.676520760776739","0.924310085612984","0.0756899143870164","0.290413560092356","0.633896525520627","0.0330656791309043","0.0426242352561122","8435.52578892806"
"temprow.235","236","MeanCoopTie2Noncoop","Female_song_score","0.0138308850326657","0.0485126026993092","0.0680803386891222","0.0364220847554693","997","0.381034067839917","0.618965932160083","0.926213192322557","0.0737868076774427","0.352354194026045","0.573858998296512","0.0286798738138717","0.0451069338635709","8435.52578892806"
"temprow.236","237","MeanCoopTie2Noncoop","Female_song_score","0.0138308850326657","0.0485126026993092","0.0680803386891222","0.0364220847554693","997","0.347733362509144","0.652266637490856","0.927284492901224","0.0727155070987758","0.320076866755967","0.607207626145257","0.0276564957531764","0.0450590113455994","8435.52578892806"
"temprow.237","238","MeanCoopTie2Noncoop","Female_song_score","0.0138308850326657","0.0485126026993092","0.0680803386891222","0.0364220847554693","997","0.403882446419936","0.596117553580064","0.939921077455531","0.0600789225444688","0.378733475385882","0.561187602069649","0.0251489710340537","0.0349299515104151","8435.52578892806"
"temprow.238","239","MeanCoopTie2Noncoop","Female_song_score","0.0138308850326657","0.0485126026993092","0.0680803386891222","0.0364220847554693","997","0.329895973839295","0.670104026160705","0.917291283292808","0.0827087167071924","0.301583464612229","0.615707818680579","0.0283125092270656","0.0543962074801267","8435.52578892806"
"temprow.239","240","MeanCoopTie2Noncoop","Female_song_score","0.0138308850326657","0.0485126026993092","0.0680803386891222","0.0364220847554693","997","0.354438570706981","0.645561429293019","0.915223375304144","0.0847766246958564","0.328739139597232","0.586484235706912","0.0256994311097486","0.0590771935861077","8435.52578892806"
"temprow.240","241","MeanCoopTie2Noncoop","Female_song_score","0.0138308850326657","0.0485126026993092","0.0680803386891222","0.0364220847554693","997","0.292444954613524","0.707555045386476","0.916309328775484","0.0836906712245157","0.267117587768867","0.649191741006617","0.0253273668446561","0.0583633043798596","8435.52578892806"
"temprow.241","242","MeanCoopTie2Noncoop","Female_song_score","0.0138308850326657","0.0485126026993092","0.0680803386891222","0.0364220847554693","997","0.35553762602005","0.64446237397995","0.901817692392637","0.0981823076073629","0.310873478463401","0.590944213929237","0.0446641475566491","0.0535181600507137","8435.52578892806"
"temprow.242","243","MeanCoopTie2Noncoop","Female_song_score","0.0138308850326657","0.0485126026993092","0.0680803386891222","0.0364220847554693","997","0.285357337773706","0.714642662226294","0.912600455566137","0.0873995444338627","0.260033684125134","0.652566771441003","0.0253236536485715","0.0620758907852911","8435.52578892806"
"temprow.243","244","MeanCoopTie2Noncoop","Female_song_score","0.0138308850326657","0.0485126026993092","0.0680803386891222","0.0364220847554693","997","0.356573550738687","0.643426449261313","0.892290200870678","0.107709799129322","0.306921478175492","0.585368722695186","0.0496520725631951","0.0580577265661268","8435.52578892806"
"temprow.244","245","MeanCoopTie2Noncoop","Female_song_score","0.0138308850326657","0.0485126026993092","0.0680803386891222","0.0364220847554693","997","0.283485938822871","0.716514061177129","0.919206069345767","0.0807939306542333","0.258301055331909","0.660905014013858","0.0251848834909622","0.0556090471632711","8435.52578892806"
"temprow.245","246","MeanCoopTie2Noncoop","Female_song_score","0.0138308850326657","0.0485126026993092","0.0680803386891222","0.0364220847554693","997","0.356884963423468","0.643115036576532","0.925898987040109","0.0741010129598914","0.322631724248308","0.6032672627918","0.0342532391751592","0.0398477737847321","8435.52578892806"
"temprow.246","247","MeanCoopTie2Noncoop","Female_song_score","0.0138308850326657","0.0485126026993092","0.0680803386891222","0.0364220847554693","997","0.282359310150086","0.717640689849914","0.938477336803406","0.0615226631965936","0.258106739890057","0.68037059691335","0.0242525702600291","0.0372700929365644","8435.52578892806"
"temprow.247","248","MeanCoopTie2Noncoop","Female_song_score","0.0138308850326657","0.0485126026993092","0.0680803386891222","0.0364220847554693","997","0.358605453467751","0.641394546532249","0.912336784239379","0.0876632157606209","0.323750083121663","0.588586701117716","0.0348553703460877","0.0528078454145331","8435.52578892806"
"temprow.248","249","MeanCoopTie2Noncoop","Female_song_score","0.0138308850326657","0.0485126026993092","0.0680803386891222","0.0364220847554693","997","0.349556112819218","0.650443887180782","0.924343308219836","0.0756566917801643","0.318512985331247","0.605830322888589","0.0310431274879703","0.0446135642921939","8435.52578892806"
"temprow.249","250","MeanCoopTie2Noncoop","Female_song_score","0.0138308850326657","0.0485126026993092","0.0680803386891222","0.0364220847554693","997","0.294570278573087","0.705429721426913","0.922042475069164","0.0779575249308364","0.268547640095229","0.653494834973935","0.0260226384778578","0.0519348864529784","8435.52578892806"
"temprow.250","251","MeanCoopTie2Noncoop","Female_song_score","0.0138308850326657","0.0485126026993092","0.0680803386891222","0.0364220847554693","997","0.335619236623667","0.664380763376333","0.931547836782594","0.0684521632174056","0.313864544173974","0.61768329260862","0.0217546924496921","0.0466974707677134","8435.52578892806"
"temprow.251","252","MeanCoopTie2Noncoop","Female_song_score","0.0138308850326657","0.0485126026993092","0.0680803386891222","0.0364220847554693","997","0.325675071973276","0.674324928026724","0.931804332415746","0.0681956675842538","0.304660111930293","0.627144220485454","0.021014960042983","0.0471807075412707","8435.52578892806"
"temprow.252","253","MeanCoopTie2Noncoop","Female_song_score","0.0138308850326657","0.0485126026993092","0.0680803386891222","0.0364220847554693","997","0.344775851238351","0.655224148761649","0.926058302986722","0.0739416970132779","0.319019834448115","0.607038468538607","0.0257560167902369","0.048185680223041","8435.52578892806"
"temprow.253","254","MeanCoopTie2Noncoop","Female_song_score","0.0138308850326657","0.0485126026993092","0.0680803386891222","0.0364220847554693","997","0.307790499162577","0.692209500837423","0.896089939597556","0.103910060402444","0.274199662939701","0.621890276657855","0.0335908362228757","0.0703192241795685","8435.52578892806"
"temprow.254","255","MeanCoopTie2Noncoop","Female_song_score","0.0138308850326657","0.0485126026993092","0.0680803386891222","0.0364220847554693","997","0.327435681526068","0.672564318473932","0.913219982471264","0.0867800175287358","0.288058621106864","0.6251613613644","0.0393770604192041","0.0474029571095315","8435.52578892806"
"temprow.255","256","MeanCoopTie2Noncoop","Female_song_score","0.0138308850326657","0.0485126026993092","0.0680803386891222","0.0364220847554693","997","0.386177246525387","0.613822753474613","0.931669638758007","0.0683303612419933","0.362361572850462","0.569308065907545","0.0238156736749247","0.0445146875670686","8435.52578892806"
"temprow.256","257","MeanCoopTie2Noncoop","Female_song_score","0.0138308850326657","0.0485126026993092","0.0680803386891222","0.0364220847554693","997","0.405088674609511","0.594911325390489","0.909277940991397","0.0907220590086031","0.369028736296236","0.540249204695161","0.0360599383132756","0.0546621206953274","8435.52578892806"
"temprow.257","258","MeanCoopTie2Noncoop","Female_song_score","0.0138308850326657","0.0485126026993092","0.0680803386891222","0.0364220847554693","997","0.330469036688692","0.669530963311307","0.940436895862823","0.0595631041371772","0.315430201907408","0.625006693955415","0.0150388347812845","0.0445242693558926","8435.52578892806"
"temprow.258","259","MeanCoopTie2Noncoop","Female_song_score","0.0138308850326657","0.0485126026993092","0.0680803386891222","0.0364220847554693","997","0.296657671190335","0.703342328809665","0.916845534980833","0.0831544650191674","0.270318344593944","0.646527190386888","0.0263393265963908","0.0568151384227766","8435.52578892806"
"temprow.259","260","MeanCoopTie2Noncoop","Female_song_score","0.0138308850326657","0.0485126026993092","0.0680803386891222","0.0364220847554693","997","0.413955932239611","0.58604406776039","0.927588838118943","0.0724111618810566","0.385371578975541","0.542217259143403","0.0285843532640698","0.0438268086169868","8435.52578892806"
"temprow.260","261","MeanCoopTie2Noncoop","Female_song_score","0.0138308850326657","0.0485126026993092","0.0680803386891222","0.0364220847554693","997","0.341136849436437","0.658863150563563","0.913152160688919","0.0868478393110808","0.307242622538781","0.605909538150139","0.0338942268976557","0.052953612413425","8435.52578892806"
"temprow.261","262","MeanCoopTie2Noncoop","Female_song_score","0.0138308850326657","0.0485126026993092","0.0680803386891222","0.0364220847554693","997","0.374659838470322","0.625340161529678","0.931844394377883","0.0681556056221169","0.353483055111201","0.578361339266682","0.0211767833591204","0.0469788222629964","8435.52578892806"
"temprow.262","263","MeanCoopTie2Noncoop","Female_song_score","0.0138308850326657","0.0485126026993092","0.0680803386891222","0.0364220847554693","997","0.34563101260425","0.65436898739575","0.926245292221053","0.0737547077789466","0.315960209444928","0.610285082776125","0.0296708031593216","0.044083904619625","8435.52578892806"
"temprow.263","264","MeanCoopTie2Noncoop","Female_song_score","0.0138308850326657","0.0485126026993092","0.0680803386891222","0.0364220847554693","997","0.329022943875932","0.670977056124068","0.9131055149261","0.0868944850739","0.286381481113385","0.626724033812715","0.0426414627625477","0.0442530223113523","8435.52578892806"
"temprow.264","265","MeanCoopTie2Noncoop","Female_song_score","0.0138308850326657","0.0485126026993092","0.0680803386891222","0.0364220847554693","997","0.331437226451683","0.668562773548317","0.930037622467479","0.0699623775325205","0.305858161266993","0.624179461200486","0.02557906518469","0.0443833123478304","8435.52578892806"
"temprow.265","266","MeanCoopTie2Noncoop","Female_song_score","0.0138308850326657","0.0485126026993092","0.0680803386891222","0.0364220847554693","997","0.292955030863808","0.707044969136192","0.909936081100648","0.0900639188993515","0.263304429830647","0.646631651270002","0.0296506010331608","0.0604133178661907","8435.52578892806"
"temprow.266","267","MeanCoopTie2Noncoop","Female_song_score","0.0138308850326657","0.0485126026993092","0.0680803386891222","0.0364220847554693","997","0.391148078971783","0.608851921028217","0.927389632726883","0.0726103672731166","0.36171163000619","0.565678002720694","0.0294364489655925","0.043173918307524","8435.52578892806"
"temprow.267","268","MeanCoopTie2Noncoop","Female_song_score","0.0138308850326657","0.0485126026993092","0.0680803386891222","0.0364220847554693","997","0.338769425765611","0.661230574234389","0.914863996818054","0.0851360031819456","0.310905533117925","0.60395846370013","0.0278638926476857","0.0572721105342597","8435.52578892806"
"temprow.268","269","MeanCoopTie2Noncoop","Female_song_score","0.0138308850326657","0.0485126026993092","0.0680803386891222","0.0364220847554693","997","0.349655430981356","0.650344569018644","0.925341672915585","0.0746583270844149","0.325662112525721","0.599679560389864","0.0239933184556351","0.0506650086287798","8435.52578892806"
"temprow.269","270","MeanCoopTie2Noncoop","Female_song_score","0.0138308850326657","0.0485126026993092","0.0680803386891222","0.0364220847554693","997","0.383669923907967","0.616330076092032","0.923533847932267","0.0764661520677327","0.350193968925326","0.573339879006941","0.0334759549826416","0.0429901970850911","8435.52578892806"
"temprow.270","271","MeanCoopTie2Noncoop","Female_song_score","0.0138308850326657","0.0485126026993092","0.0680803386891222","0.0364220847554693","997","0.331108449897955","0.668891550102045","0.919785414077863","0.0802145859221366","0.304049786064391","0.615735628013472","0.0270586638335639","0.0531559220885727","8435.52578892806"
"temprow.271","272","MeanCoopTie2Noncoop","Female_song_score","0.0138308850326657","0.0485126026993092","0.0680803386891222","0.0364220847554693","997","0.332453566251484","0.667546433748516","0.921011076965455","0.078988923034545","0.30693509867216","0.614075978293295","0.0255184675793237","0.0534704554552213","8435.52578892806"
"temprow.272","273","MeanCoopTie2Noncoop","Female_song_score","0.0138308850326657","0.0485126026993092","0.0680803386891222","0.0364220847554693","997","0.308647882227596","0.691352117772404","0.923621458271446","0.0763785417285543","0.288671631304866","0.63494982696658","0.0199762509227292","0.0564022908058251","8435.52578892806"
"temprow.273","274","MeanCoopTie2Noncoop","Female_song_score","0.0138308850326657","0.0485126026993092","0.0680803386891222","0.0364220847554693","997","0.359314563285192","0.640685436714808","0.915371250271137","0.0846287497288626","0.33171376336628","0.583657486904858","0.027600799918912","0.0570279498099505","8435.52578892806"
"temprow.274","275","MeanCoopTie2Noncoop","Female_song_score","0.0138308850326657","0.0485126026993092","0.0680803386891222","0.0364220847554693","997","0.301635513003235","0.698364486996764","0.921226666135474","0.0787733338645262","0.276862176381879","0.644364489753595","0.0247733366213556","0.0539999972431706","8435.52578892806"
"temprow.275","276","MeanCoopTie2Noncoop","Female_song_score","0.0138308850326657","0.0485126026993092","0.0680803386891222","0.0364220847554693","997","0.361060073191185","0.638939926808815","0.920025019097526","0.079974980902474","0.332222623572678","0.587802395524848","0.0288374496185071","0.0511375312839668","8435.52578892806"
"temprow.276","277","MeanCoopTie2Noncoop","Female_song_score","0.0138308850326657","0.0485126026993092","0.0680803386891222","0.0364220847554693","997","0.283118177823925","0.716881822176075","0.904544831471299","0.095455168528701","0.259681421796063","0.644863409675236","0.0234367560278621","0.0720184125008389","8435.52578892806"
"temprow.277","278","MeanCoopTie2Noncoop","Female_song_score","0.0138308850326657","0.0485126026993092","0.0680803386891222","0.0364220847554693","997","0.32431207509534","0.67568792490466","0.923036138283633","0.0769638617163666","0.303789681014273","0.619246457269361","0.020522394081067","0.0564414676352995","8435.52578892806"
"temprow.278","279","MeanCoopTie2Noncoop","Female_song_score","0.0138308850326657","0.0485126026993092","0.0680803386891222","0.0364220847554693","997","0.335267444069695","0.664732555930305","0.920561097613311","0.0794389023866885","0.306333297280836","0.614227800332475","0.0289341467888586","0.0505047555978298","8435.52578892806"
"temprow.279","280","MeanCoopTie2Noncoop","Female_song_score","0.0138308850326657","0.0485126026993092","0.0680803386891222","0.0364220847554693","997","0.346147064905857","0.653852935094143","0.93051860155079","0.0694813984492103","0.325860277340312","0.604658324210478","0.0202867875655446","0.0491946108836656","8435.52578892806"
"temprow.280","281","MeanCoopTie2Noncoop","Female_song_score","0.0138308850326657","0.0485126026993092","0.0680803386891222","0.0364220847554693","997","0.359398138696236","0.640601861303764","0.905967406683302","0.0940325933166983","0.321467280732141","0.584500125951161","0.0379308579640942","0.056101735352604","8435.52578892806"
"temprow.281","282","MeanCoopTie2Noncoop","Female_song_score","0.0138308850326657","0.0485126026993092","0.0680803386891222","0.0364220847554693","997","0.292510865177064","0.707489134822936","0.915854171057783","0.0841458289422168","0.266891164132916","0.648963006924868","0.0256197010441479","0.0585261278980689","8435.52578892806"
"temprow.282","283","MeanCoopTie2Noncoop","Female_song_score","0.0138308850326657","0.0485126026993092","0.0680803386891222","0.0364220847554693","997","0.349197076897335","0.650802923102665","0.910583332662009","0.0894166673379906","0.324624856530896","0.585958476131114","0.0245722203664391","0.0648444469715515","8435.52578892806"
"temprow.283","284","MeanCoopTie2Noncoop","Female_song_score","0.0138308850326657","0.0485126026993092","0.0680803386891222","0.0364220847554693","997","0.352342009309495","0.647657990690505","0.918834624234305","0.0811653757656949","0.321450727941446","0.597383896292859","0.030891281368049","0.0502740943976458","8435.52578892806"
"temprow.284","285","MeanCoopTie2Noncoop","Female_song_score","0.0138308850326657","0.0485126026993092","0.0680803386891222","0.0364220847554693","997","0.311338148070027","0.688661851929973","0.900093225760195","0.0999067742398046","0.271369915709278","0.628723310050917","0.0399682323607476","0.0599385418790569","8435.52578892806"
"temprow.285","286","MeanCoopTie2Noncoop","Female_song_score","0.0138308850326657","0.0485126026993092","0.0680803386891222","0.0364220847554693","997","0.413746462972525","0.586253537027475","0.915566802165441","0.0844331978345595","0.381358628350005","0.534208173815436","0.03238783462252","0.0520453632120394","8435.52578892806"
"temprow.286","287","MeanCoopTie2Noncoop","Female_song_score","0.0138308850326657","0.0485126026993092","0.0680803386891222","0.0364220847554693","997","0.314787975435918","0.685212024564082","0.899334772834292","0.100665227165708","0.287639274600376","0.611695498233915","0.0271487008355409","0.0735165263301674","8435.52578892806"
"temprow.287","288","MeanCoopTie2Noncoop","Female_song_score","0.0138308850326657","0.0485126026993092","0.0680803386891222","0.0364220847554693","997","0.341334683055812","0.658665316944188","0.923923078021074","0.0760769219789264","0.320150288313048","0.603772789708026","0.0211843947427643","0.0548925272361619","8435.52578892806"
"temprow.288","289","MeanCoopTie2Noncoop","Female_song_score","0.0138308850326657","0.0485126026993092","0.0680803386891222","0.0364220847554693","997","0.332960721207843","0.667039278792157","0.913364125203783","0.0866358747962175","0.304513545830159","0.608850579373623","0.0284471753776833","0.0581886994185341","8435.52578892806"
"temprow.289","290","MeanCoopTie2Noncoop","Female_song_score","0.0138308850326657","0.0485126026993092","0.0680803386891222","0.0364220847554693","997","0.340942339707152","0.659057660292848","0.903763899816451","0.0962361001835493","0.303482608855073","0.600281290961377","0.0374597308520784","0.0587763693314709","8435.52578892806"
"temprow.290","291","MeanCoopTie2Noncoop","Female_song_score","0.0138308850326657","0.0485126026993092","0.0680803386891222","0.0364220847554693","997","0.345443499986416","0.654556500013584","0.930693766568741","0.0693062334312593","0.322793317562448","0.607900449006293","0.0226501824239675","0.0466560510072917","8435.52578892806"
"temprow.291","292","MeanCoopTie2Noncoop","Female_song_score","0.0138308850326657","0.0485126026993092","0.0680803386891222","0.0364220847554693","997","0.320588735612904","0.679411264387096","0.906228914932231","0.093771085067769","0.29577391578861","0.610454999143621","0.0248148198242939","0.0689562652434752","8435.52578892806"
"temprow.292","293","MeanCoopTie2Noncoop","Female_song_score","0.0138308850326657","0.0485126026993092","0.0680803386891222","0.0364220847554693","997","0.349155634085248","0.650844365914752","0.92917375369267","0.0708262463073305","0.325146996975617","0.604026756717052","0.0240086371096305","0.0468176091976999","8435.52578892806"
"temprow.293","294","MeanCoopTie2Noncoop","Female_song_score","0.0138308850326657","0.0485126026993092","0.0680803386891222","0.0364220847554693","997","0.310811114108469","0.689188885891531","0.932398247720269","0.0676017522797309","0.284482832232564","0.647915415487705","0.0263282818759046","0.0412734704038263","8435.52578892806"
"temprow.294","295","MeanCoopTie2Noncoop","Female_song_score","0.0138308850326657","0.0485126026993092","0.0680803386891222","0.0364220847554693","997","0.274625776060832","0.725374223939168","0.931035266178028","0.0689647338219717","0.25618689022276","0.674848375955268","0.0184388858380726","0.050525847983899","8435.52578892806"
"temprow.295","296","MeanCoopTie2Noncoop","Female_song_score","0.0138308850326657","0.0485126026993092","0.0680803386891222","0.0364220847554693","997","0.314034241596153","0.685965758403847","0.916975293954879","0.0830247060451208","0.287199473427873","0.629775820527006","0.0268347681682798","0.056189937876841","8435.52578892806"
"temprow.296","297","MeanCoopTie2Noncoop","Female_song_score","0.0138308850326657","0.0485126026993092","0.0680803386891222","0.0364220847554693","997","0.304253931911132","0.695746068088868","0.926636524772546","0.0733634752274542","0.280114250452518","0.646522274320028","0.0241396814586139","0.0492237937688403","8435.52578892806"
"temprow.297","298","MeanCoopTie2Noncoop","Female_song_score","0.0138308850326657","0.0485126026993092","0.0680803386891222","0.0364220847554693","997","0.325282227350722","0.674717772649278","0.914410279062793","0.0855897209372068","0.30138407220747","0.613026206855323","0.0238981551432514","0.0616915657939553","8435.52578892806"
"temprow.298","299","MeanCoopTie2Noncoop","Female_song_score","0.0138308850326657","0.0485126026993092","0.0680803386891222","0.0364220847554693","997","0.303837730812249","0.696162269187751","0.916014684073285","0.0839853159267149","0.279526519227507","0.636488164845778","0.0243112115847413","0.0596741043419734","8435.52578892806"
"temprow.299","300","MeanCoopTie2Noncoop","Female_song_score","0.0138308850326657","0.0485126026993092","0.0680803386891222","0.0364220847554693","997","0.336247092811111","0.663752907188889","0.922054829625221","0.0779451703747791","0.307105361613411","0.61494946801181","0.0291417311977005","0.0488034391770785","8435.52578892806"
"temprow.300","301","MeanCoopTie2Noncoop","Female_song_score","0.0138308850326657","0.0485126026993092","0.0680803386891222","0.0364220847554693","997","0.327883700763335","0.672116299236665","0.912538125502707","0.0874618744972935","0.300774213398895","0.611763912103811","0.0271094873644398","0.0603523871328536","8435.52578892806"
"temprow.301","302","MeanCoopTie2Noncoop","Female_song_score","0.0138308850326657","0.0485126026993092","0.0680803386891222","0.0364220847554693","997","0.369794084773623","0.630205915226377","0.913935396878315","0.0860646031216845","0.340922897023202","0.573012499855114","0.0288711877504217","0.0571934153712627","8435.52578892806"
"temprow.302","303","MeanCoopTie2Noncoop","Female_song_score","0.0138308850326657","0.0485126026993092","0.0680803386891222","0.0364220847554693","997","0.337812206103766","0.662187793896234","0.919814769438528","0.0801852305614721","0.309250232720328","0.6105645367182","0.0285619733834384","0.0516232571780337","8435.52578892806"
"temprow.303","304","MeanCoopTie2Noncoop","Female_song_score","0.0138308850326657","0.0485126026993092","0.0680803386891222","0.0364220847554693","997","0.306487710719625","0.693512289280375","0.921613358546681","0.0783866414533187","0.279396489305683","0.642216869240999","0.0270912214139418","0.0512954200393769","8435.52578892806"
"temprow.304","305","MeanCoopTie2Noncoop","Female_song_score","0.0138308850326657","0.0485126026993092","0.0680803386891222","0.0364220847554693","997","0.310610225860501","0.689389774139499","0.915272063699081","0.0847279363009194","0.283710620796176","0.631561442902904","0.0268996050643246","0.0578283312365947","8435.52578892806"
"temprow.305","306","MeanCoopTie2Noncoop","Female_song_score","0.0138308850326657","0.0485126026993092","0.0680803386891222","0.0364220847554693","997","0.27922020894348","0.72077979105652","0.896756943415627","0.103243056584373","0.24771137691232","0.649045566503307","0.0315088320311588","0.0717342245532138","8435.52578892806"
"temprow.306","307","MeanCoopTie2Noncoop","Female_song_score","0.0138308850326657","0.0485126026993092","0.0680803386891222","0.0364220847554693","997","0.331186827295892","0.668813172704108","0.912695832973875","0.087304167026125","0.308764418499208","0.603931414474667","0.0224224087966844","0.0648817582294405","8435.52578892806"
"temprow.307","308","MeanCoopTie2Noncoop","Female_song_score","0.0138308850326657","0.0485126026993092","0.0680803386891222","0.0364220847554693","997","0.379911036530383","0.620088963469617","0.912384855604881","0.0876151443951191","0.349063378599008","0.563321477005873","0.0308476579313749","0.0567674864637442","8435.52578892806"
"temprow.308","309","MeanCoopTie2Noncoop","Female_song_score","0.0138308850326657","0.0485126026993092","0.0680803386891222","0.0364220847554693","997","0.334861778703516","0.665138221296483","0.917953281804233","0.0820467181957674","0.306440468511471","0.611512813292762","0.0284213101920453","0.0536254080037222","8435.52578892806"
"temprow.309","310","MeanCoopTie2Noncoop","Female_song_score","0.0138308850326657","0.0485126026993092","0.0680803386891222","0.0364220847554693","997","0.356989816571121","0.643010183428879","0.92329461651205","0.0767053834879496","0.332453824191348","0.590840792320702","0.024535992379772","0.0521693911081774","8435.52578892806"
"temprow.310","311","MeanCoopTie2Noncoop","Female_song_score","0.0138308850326657","0.0485126026993092","0.0680803386891222","0.0364220847554693","997","0.326709433015338","0.673290566984662","0.921646930716326","0.0783530692836738","0.300549718588292","0.621097212128034","0.0261597144270461","0.0521933548566276","8435.52578892806"
"temprow.311","312","MeanCoopTie2Noncoop","Female_song_score","0.0138308850326657","0.0485126026993092","0.0680803386891222","0.0364220847554693","997","0.340715411412809","0.659284588587191","0.931286172992416","0.0687138270075836","0.31563958001578","0.615646592976637","0.0250758313970287","0.0436379956105548","8435.52578892806"
"temprow.312","313","MeanCoopTie2Noncoop","Female_song_score","0.0138308850326657","0.0485126026993092","0.0680803386891222","0.0364220847554693","997","0.376435355147714","0.623564644852286","0.923002437245477","0.0769975627545226","0.350114732889142","0.572887704356335","0.0263206222585722","0.0506769404959504","8435.52578892806"
"temprow.313","314","MeanCoopTie2Noncoop","Female_song_score","0.0138308850326657","0.0485126026993092","0.0680803386891222","0.0364220847554693","997","0.312741399348251","0.687258600651749","0.920739637874517","0.0792603621254829","0.286166747750045","0.634572890124472","0.0265746515982057","0.0526857105272771","8435.52578892806"
"temprow.314","315","MeanCoopTie2Noncoop","Female_song_score","0.0138308850326657","0.0485126026993092","0.0680803386891222","0.0364220847554693","997","0.352052734067182","0.647947265932818","0.923205213632845","0.0767947863671548","0.321924671828088","0.601280541804757","0.0301280622390934","0.0466667241280615","8435.52578892806"
"temprow.315","316","MeanCoopTie2Noncoop","Female_song_score","0.0138308850326657","0.0485126026993092","0.0680803386891222","0.0364220847554693","997","0.289738222537288","0.710261777462712","0.907733848468578","0.092266151531422","0.259718424122724","0.648015424345854","0.030019798414564","0.062246353116858","8435.52578892806"
"temprow.316","317","MeanCoopTie2Noncoop","Female_song_score","0.0138308850326657","0.0485126026993092","0.0680803386891222","0.0364220847554693","997","0.348332266183183","0.651667733816817","0.918867263794537","0.0811327362054629","0.321594452370683","0.597272811423854","0.0267378138125009","0.054394922392962","8435.52578892806"
"temprow.317","318","MeanCoopTie2Noncoop","Female_song_score","0.0138308850326657","0.0485126026993092","0.0680803386891222","0.0364220847554693","997","0.399160660861457","0.600839339138543","0.930759683023265","0.0692403169767353","0.368813880655623","0.561945802367641","0.0303467802058334","0.0388935367709018","8435.52578892806"
"temprow.318","319","MeanCoopTie2Noncoop","Female_song_score","0.0138308850326657","0.0485126026993092","0.0680803386891222","0.0364220847554693","997","0.330596715476424","0.669403284523576","0.908520434479838","0.091479565520162","0.295921666602525","0.612598767877314","0.0346750488738995","0.0568045166462623","8435.52578892806"
"temprow.319","320","MeanCoopTie2Noncoop","Female_song_score","0.0138308850326657","0.0485126026993092","0.0680803386891222","0.0364220847554693","997","0.362440214425283","0.637559785574717","0.921573156082649","0.0784268439173506","0.329799405162949","0.591773750919701","0.0326408092623344","0.0457860346550161","8435.52578892806"
"temprow.320","321","MeanCoopTie2Noncoop","Female_song_score","0.0138308850326657","0.0485126026993092","0.0680803386891222","0.0364220847554693","997","0.293854857832509","0.706145142167491","0.915477148059523","0.0845228519404766","0.265740716364848","0.649736431694675","0.0281141414676609","0.0564087104728157","8435.52578892806"
"temprow.321","322","MeanCoopTie2Noncoop","Female_song_score","0.0138308850326657","0.0485126026993092","0.0680803386891222","0.0364220847554693","997","0.298378362367974","0.701621637632026","0.925214863999182","0.0747851360008177","0.27254751549538","0.652667348503802","0.0258308468725935","0.0489542891282242","8435.52578892806"
"temprow.322","323","MeanCoopTie2Noncoop","Female_song_score","0.0138308850326657","0.0485126026993092","0.0680803386891222","0.0364220847554693","997","0.322256915023156","0.677743084976844","0.930608142332851","0.0693918576671485","0.301782662462713","0.628825479870139","0.020474252560443","0.0489176051067056","8435.52578892806"
"temprow.323","324","MeanCoopTie2Noncoop","Female_song_score","0.0138308850326657","0.0485126026993092","0.0680803386891222","0.0364220847554693","997","0.321920337568463","0.678079662431537","0.917608054738734","0.0823919452612662","0.291590371313189","0.626017683425544","0.0303299662552731","0.052061979005993","8435.52578892806"
"temprow.324","325","MeanCoopTie2Noncoop","Female_song_score","0.0138308850326657","0.0485126026993092","0.0680803386891222","0.0364220847554693","997","0.351064343356617","0.648935656643383","0.922557802852608","0.077442197147392","0.325936592513218","0.59662121033939","0.0251277508433985","0.0523144463039934","8435.52578892806"
"temprow.325","326","MeanCoopTie2Noncoop","Female_song_score","0.0138308850326657","0.0485126026993092","0.0680803386891222","0.0364220847554693","997","0.247566187443003","0.752433812556997","0.915011355926786","0.0849886440732135","0.218272541418692","0.696738814508094","0.0292936460243101","0.0556949980489033","8435.52578892806"
"temprow.326","327","MeanCoopTie2Noncoop","Female_song_score","0.0138308850326657","0.0485126026993092","0.0680803386891222","0.0364220847554693","997","0.313938445300973","0.686061554699027","0.910969274945884","0.0890307250541163","0.280372476655595","0.630596798290288","0.0335659686453784","0.055464756408738","8435.52578892806"
"temprow.327","328","MeanCoopTie2Noncoop","Female_song_score","0.0138308850326657","0.0485126026993092","0.0680803386891222","0.0364220847554693","997","0.277458115980716","0.722541884019284","0.904703088780963","0.0952969112190373","0.243368685584905","0.661334403196058","0.0340894303958105","0.0612074808232268","8435.52578892806"
"temprow.328","329","MeanCoopTie2Noncoop","Female_song_score","0.0138308850326657","0.0485126026993092","0.0680803386891222","0.0364220847554693","997","0.321949214423845","0.678050785576155","0.909938258066639","0.0900617419333613","0.293524720377214","0.616413537689424","0.0284244940466302","0.0616372478867309","8435.52578892806"
"temprow.329","330","MeanCoopTie2Noncoop","Female_song_score","0.0138308850326657","0.0485126026993092","0.0680803386891222","0.0364220847554693","997","0.360425337101373","0.639574662898627","0.919775760555356","0.0802242394446436","0.338395719538817","0.581380041016539","0.0220296175625557","0.0581946218820879","8435.52578892806"
"temprow.330","331","MeanCoopTie2Noncoop","Female_song_score","0.0138308850326657","0.0485126026993092","0.0680803386891222","0.0364220847554693","997","0.379264598807318","0.620735401192682","0.909931223449858","0.0900687765501416","0.343179557447565","0.566751666002294","0.0360850413597529","0.0539837351903887","8435.52578892806"
"temprow.331","332","MeanCoopTie2Noncoop","Female_song_score","0.0138308850326657","0.0485126026993092","0.0680803386891222","0.0364220847554693","997","0.275437549777505","0.724562450222496","0.897095421061975","0.102904578938025","0.239722545678722","0.657372875383253","0.0357150040987822","0.0671895748392424","8435.52578892806"
"temprow.332","333","MeanCoopTie2Noncoop","Female_song_score","0.0138308850326657","0.0485126026993092","0.0680803386891222","0.0364220847554693","997","0.351260534200899","0.648739465799101","0.921625741120965","0.0783742588790347","0.321353139687315","0.60027260143365","0.0299073945135839","0.0484668643654507","8435.52578892806"
"temprow.333","334","MeanCoopTie2Noncoop","Female_song_score","0.0138308850326657","0.0485126026993092","0.0680803386891222","0.0364220847554693","997","0.311100503678067","0.688899496321933","0.912288332257416","0.0877116677425841","0.2811325539218","0.631155778335616","0.0299679497562671","0.0577437179863169","8435.52578892806"
"temprow.334","335","MeanCoopTie2Noncoop","Female_song_score","0.0138308850326657","0.0485126026993092","0.0680803386891222","0.0364220847554693","997","0.363083987897273","0.636916012102727","0.930160286478831","0.0698397135211688","0.334950288855348","0.595209997623484","0.0281336990419245","0.0417060144792442","8435.52578892806"
"temprow.335","336","MeanCoopTie2Noncoop","Female_song_score","0.0138308850326657","0.0485126026993092","0.0680803386891222","0.0364220847554693","997","0.349200510519544","0.650799489480456","0.915610578322942","0.0843894216770584","0.32170708779776","0.593903490525181","0.0274934227217835","0.0568959989552747","8435.52578892806"
"temprow.336","337","MeanCoopTie2Noncoop","Female_song_score","0.0138308850326657","0.0485126026993092","0.0680803386891222","0.0364220847554693","997","0.373892939247548","0.626107060752452","0.936343046811867","0.0636569531881326","0.353011109986377","0.58333193682549","0.0208818292611706","0.042775123926962","8435.52578892806"
"temprow.337","338","MeanCoopTie2Noncoop","Female_song_score","0.0138308850326657","0.0485126026993092","0.0680803386891222","0.0364220847554693","997","0.313324519691712","0.686675480308288","0.928601961994648","0.0713980380053525","0.289334787684226","0.639267174310421","0.0239897320074857","0.0474083059978667","8435.52578892806"
"temprow.338","339","MeanCoopTie2Noncoop","Female_song_score","0.0138308850326657","0.0485126026993092","0.0680803386891222","0.0364220847554693","997","0.295062230475843","0.704937769524157","0.931227507681388","0.0687724923186125","0.273394991437931","0.657832516243456","0.021667239037911","0.0471052532807014","8435.52578892806"
"temprow.339","340","MeanCoopTie2Noncoop","Female_song_score","0.0138308850326657","0.0485126026993092","0.0680803386891222","0.0364220847554693","997","0.365384438995041","0.634615561004959","0.917454389139938","0.0825456108600621","0.335080053553251","0.582374335586687","0.0303043854417907","0.0522412254182713","8435.52578892806"
"temprow.340","341","MeanCoopTie2Noncoop","Female_song_score","0.0138308850326657","0.0485126026993092","0.0680803386891222","0.0364220847554693","997","0.356523819817343","0.643476180182657","0.912622062019799","0.0873779379802011","0.329430078561086","0.583191983458713","0.0270937412562572","0.0602841967239439","8435.52578892806"
"temprow.341","342","MeanCoopTie2Noncoop","Female_song_score","0.0138308850326657","0.0485126026993092","0.0680803386891222","0.0364220847554693","997","0.340267134349401","0.659732865650599","0.917702251259262","0.0822977487407381","0.309833273669756","0.607868977589506","0.0304338606796453","0.0518638880610928","8435.52578892806"
"temprow.342","343","MeanCoopTie2Noncoop","Female_song_score","0.0138308850326657","0.0485126026993092","0.0680803386891222","0.0364220847554693","997","0.314316111569514","0.685683888430486","0.926242860352273","0.0737571396477265","0.294702552987778","0.631540307364495","0.019613558581736","0.0541435810659905","8435.52578892806"
"temprow.343","344","MeanCoopTie2Noncoop","Female_song_score","0.0138308850326657","0.0485126026993092","0.0680803386891222","0.0364220847554693","997","0.325375463180857","0.674624536819143","0.90659178300775","0.0934082169922497","0.292790880849992","0.613800902157758","0.0325845823308636","0.0608236346613859","8435.52578892806"
"temprow.344","345","MeanCoopTie2Noncoop","Female_song_score","0.0138308850326657","0.0485126026993092","0.0680803386891222","0.0364220847554693","997","0.30359741929302","0.69640258070698","0.923959022662082","0.0760409773379181","0.2700229945236","0.653936028138482","0.033574424769419","0.0424665525684989","8435.52578892806"
"temprow.345","346","MeanCoopTie2Noncoop","Female_song_score","0.0138308850326657","0.0485126026993092","0.0680803386891222","0.0364220847554693","997","0.335867714409473","0.664132285590527","0.905356747856813","0.0946432521431871","0.311864723531754","0.593492024325059","0.0240029908777187","0.0706402612654683","8435.52578892806"
"temprow.346","347","MeanCoopTie2Noncoop","Female_song_score","0.0138308850326657","0.0485126026993092","0.0680803386891222","0.0364220847554693","997","0.329032747917945","0.670967252082055","0.923561191438934","0.0764388085610662","0.306802439976004","0.61675875146293","0.0222303079419406","0.0542085006191254","8435.52578892806"
"temprow.347","348","MeanCoopTie2Noncoop","Female_song_score","0.0138308850326657","0.0485126026993092","0.0680803386891222","0.0364220847554693","997","0.295147846216501","0.704852153783499","0.923997617657417","0.0760023823425829","0.271747853374936","0.652249764282481","0.023399992841565","0.0526023895010178","8435.52578892806"
"temprow.348","349","MeanCoopTie2Noncoop","Female_song_score","0.0138308850326657","0.0485126026993092","0.0680803386891222","0.0364220847554693","997","0.277464469173319","0.722535530826681","0.925529671937007","0.0744703280629928","0.257944024828929","0.667585647108079","0.0195204443443901","0.0549498837186026","8435.52578892806"
"temprow.349","350","MeanCoopTie2Noncoop","Female_song_score","0.0138308850326657","0.0485126026993092","0.0680803386891222","0.0364220847554693","997","0.309314542653111","0.690685457346889","0.944507459917625","0.0554925400823755","0.294492030542738","0.650015429374887","0.014822512110373","0.0406700279720025","8435.52578892806"
"temprow.350","351","MeanCoopTie2Noncoop","Female_song_score","0.0138308850326657","0.0485126026993092","0.0680803386891222","0.0364220847554693","997","0.318119847031029","0.681880152968971","0.912237143062365","0.0877628569376354","0.290706084851147","0.621531058211218","0.0274137621798821","0.0603490947577533","8435.52578892806"
"temprow.351","352","MeanCoopTie2Noncoop","Female_song_score","0.0138308850326657","0.0485126026993092","0.0680803386891222","0.0364220847554693","997","0.353179934876345","0.646820065123655","0.918204005895079","0.081795994104921","0.325174271907667","0.593029733987412","0.0280056629686772","0.0537903311362438","8435.52578892806"
"temprow.352","353","MeanCoopTie2Noncoop","Female_song_score","0.0138308850326657","0.0485126026993092","0.0680803386891222","0.0364220847554693","997","0.304441726751868","0.695558273248132","0.911800112749666","0.0881998872503338","0.276407770729962","0.635392342019704","0.0280339560219066","0.0601659312284272","8435.52578892806"
"temprow.353","354","MeanCoopTie2Noncoop","Female_song_score","0.0138308850326657","0.0485126026993092","0.0680803386891222","0.0364220847554693","997","0.328120636069645","0.671879363930355","0.930156578447038","0.0698434215529619","0.304460513559871","0.625696064887167","0.0236601225097732","0.0461832990431886","8435.52578892806"
"temprow.354","355","MeanCoopTie2Noncoop","Female_song_score","0.0138308850326657","0.0485126026993092","0.0680803386891222","0.0364220847554693","997","0.357923804421933","0.642076195578067","0.939614212695703","0.0603857873042965","0.336537060040123","0.60307715265558","0.0213867443818087","0.0389990429224877","8435.52578892806"
"temprow.355","356","MeanCoopTie2Noncoop","Female_song_score","0.0138308850326657","0.0485126026993092","0.0680803386891222","0.0364220847554693","997","0.325880899049409","0.674119100950591","0.926278274775408","0.0737217252245917","0.292632371319063","0.633645903456345","0.0332485277303459","0.0404731974942457","8435.52578892806"
"temprow.356","357","MeanCoopTie2Noncoop","Female_song_score","0.0138308850326657","0.0485126026993092","0.0680803386891222","0.0364220847554693","997","0.326040609735881","0.673959390264119","0.885080863895079","0.114919136104921","0.280005697092783","0.605075166802297","0.0460349126430985","0.0688842234618223","8435.52578892806"
"temprow.357","358","MeanCoopTie2Noncoop","Female_song_score","0.0138308850326657","0.0485126026993092","0.0680803386891222","0.0364220847554693","997","0.343143206272659","0.656856793727341","0.912499912848085","0.0875000871519147","0.310362621978725","0.60213729086936","0.0327805842939329","0.0547195028579817","8435.52578892806"
"temprow.358","359","MeanCoopTie2Noncoop","Female_song_score","0.0138308850326657","0.0485126026993092","0.0680803386891222","0.0364220847554693","997","0.31175849483838","0.688241505161621","0.91388318156378","0.0861168184362198","0.285354581379673","0.628528600184107","0.0264039134587062","0.0597129049775135","8435.52578892806"
"temprow.359","360","MeanCoopTie2Noncoop","Female_song_score","0.0138308850326657","0.0485126026993092","0.0680803386891222","0.0364220847554693","997","0.317697175472237","0.682302824527763","0.924256951501609","0.0757430484983909","0.295507095822317","0.628749855679292","0.0221900796499196","0.0535529688484712","8435.52578892806"
"temprow.360","361","MeanCoopTie2Noncoop","Female_song_score","0.0138308850326657","0.0485126026993092","0.0680803386891222","0.0364220847554693","997","0.329790755673403","0.670209244326597","0.924835341991951","0.0751646580080494","0.292495702214352","0.632339639777599","0.0372950534590515","0.0378696045489978","8435.52578892806"
"temprow.361","362","MeanCoopTie2Noncoop","Female_song_score","0.0138308850326657","0.0485126026993092","0.0680803386891222","0.0364220847554693","997","0.381550502916648","0.618449497083352","0.933648484556969","0.0663515154430307","0.357854266714879","0.57579421784209","0.0236962362017681","0.0426552792412626","8435.52578892806"
"temprow.362","363","MeanCoopTie2Noncoop","Female_song_score","0.0138308850326657","0.0485126026993092","0.0680803386891222","0.0364220847554693","997","0.37204772494311","0.62795227505689","0.925465673077281","0.074534326922719","0.341003436955237","0.584462236122044","0.0310442879878728","0.0434900389348461","8435.52578892806"
"temprow.363","364","MeanCoopTie2Noncoop","Female_song_score","0.0138308850326657","0.0485126026993092","0.0680803386891222","0.0364220847554693","997","0.294875555776671","0.705124444223329","0.934380145694865","0.0656198543051347","0.273436476555907","0.660943669138958","0.0214390792207632","0.0441807750843714","8435.52578892806"
"temprow.364","365","MeanCoopTie2Noncoop","Female_song_score","0.0138308850326657","0.0485126026993092","0.0680803386891222","0.0364220847554693","997","0.363081194868451","0.636918805131549","0.929149537920978","0.0708504620790216","0.34156348588463","0.587586052036348","0.0215177089838213","0.0493327530952003","8435.52578892806"
"temprow.365","366","MeanCoopTie2Noncoop","Female_song_score","0.0138308850326657","0.0485126026993092","0.0680803386891222","0.0364220847554693","997","0.365433224844135","0.634566775155865","0.905863916149038","0.0941360838509624","0.326605719154785","0.579258196994253","0.0388275056893502","0.0553085781616121","8435.52578892806"
"temprow.366","367","MeanCoopTie2Noncoop","Female_song_score","0.0138308850326657","0.0485126026993092","0.0680803386891222","0.0364220847554693","997","0.351035535472841","0.648964464527159","0.92351946727028","0.0764805327297196","0.323332304194243","0.600187163076038","0.027703231278598","0.0487773014511216","8435.52578892806"
"temprow.367","368","MeanCoopTie2Noncoop","Female_song_score","0.0138308850326657","0.0485126026993092","0.0680803386891222","0.0364220847554693","997","0.366792586088869","0.633207413911131","0.902805725858167","0.0971942741418335","0.326834465190998","0.575971260667169","0.0399581208978708","0.0572361532439627","8435.52578892806"
"temprow.368","369","MeanCoopTie2Noncoop","Female_song_score","0.0138308850326657","0.0485126026993092","0.0680803386891222","0.0364220847554693","997","0.341413706730683","0.658586293269318","0.919052039312256","0.0809479606877437","0.308714328087156","0.610337711225101","0.0326993786435265","0.0482485820442171","8435.52578892806"
"temprow.369","370","MeanCoopTie2Noncoop","Female_song_score","0.0138308850326657","0.0485126026993092","0.0680803386891222","0.0364220847554693","997","0.315276822149337","0.684723177850663","0.927041674803581","0.0729583251964194","0.289155730238757","0.637885944564824","0.0261210919105809","0.0468372332858384","8435.52578892806"
"temprow.370","371","MeanCoopTie2Noncoop","Female_song_score","0.0138308850326657","0.0485126026993092","0.0680803386891222","0.0364220847554693","997","0.33062520476968","0.66937479523032","0.915181831946754","0.0848181680532461","0.302696831325559","0.612485000621195","0.0279283734441206","0.0568897946091254","8435.52578892806"
"temprow.371","372","MeanCoopTie2Noncoop","Female_song_score","0.0138308850326657","0.0485126026993092","0.0680803386891222","0.0364220847554693","997","0.354127440148999","0.645872559851001","0.907384112441274","0.0926158875587256","0.320632244276143","0.586751868165131","0.0334951958728553","0.0591206916858704","8435.52578892806"
"temprow.372","373","MeanCoopTie2Noncoop","Female_song_score","0.0138308850326657","0.0485126026993092","0.0680803386891222","0.0364220847554693","997","0.334397889464968","0.665602110535032","0.922015452499265","0.0779845475007355","0.307137640671724","0.614877811827541","0.0272602487932438","0.0507242987074917","8435.52578892806"
"temprow.373","374","MeanCoopTie2Noncoop","Female_song_score","0.0138308850326657","0.0485126026993092","0.0680803386891222","0.0364220847554693","997","0.298966485026052","0.701033514973948","0.885884930255257","0.114115069744743","0.257186299226346","0.628698631028912","0.0417801857997066","0.0723348839450362","8435.52578892806"
"temprow.374","375","MeanCoopTie2Noncoop","Female_song_score","0.0138308850326657","0.0485126026993092","0.0680803386891222","0.0364220847554693","997","0.422993147816312","0.577006852183688","0.921955867620993","0.0780441323790071","0.393032476034182","0.528923391586811","0.0299606717821293","0.0480834605968778","8435.52578892806"
"temprow.375","376","MeanCoopTie2Noncoop","Female_song_score","0.0138308850326657","0.0485126026993092","0.0680803386891222","0.0364220847554693","997","0.335470094367487","0.664529905632513","0.926828400899462","0.0731715991005381","0.316837378351969","0.609991022547492","0.0186327160155176","0.0545388830850206","8435.52578892806"
"temprow.376","377","MeanCoopTie2Noncoop","Female_song_score","0.0138308850326657","0.0485126026993092","0.0680803386891222","0.0364220847554693","997","0.327546939678179","0.672453060321821","0.939163687008933","0.0608363129910664","0.303973878809795","0.635189808199139","0.0235730608683837","0.0372632521226827","8435.52578892806"
"temprow.377","378","MeanCoopTie2Noncoop","Female_song_score","0.0138308850326657","0.0485126026993092","0.0680803386891222","0.0364220847554693","997","0.375075949759892","0.624924050240108","0.913819964031785","0.0861800359682155","0.345022975498977","0.568796988532808","0.0300529742609154","0.0561270617072999","8435.52578892806"
"temprow.378","379","MeanCoopTie2Noncoop","Female_song_score","0.0138308850326657","0.0485126026993092","0.0680803386891222","0.0364220847554693","997","0.315033791908182","0.684966208091818","0.926147996959233","0.0738520030407665","0.297005736140035","0.629142260819198","0.0180280557681466","0.0558239472726198","8435.52578892806"
"temprow.379","380","MeanCoopTie2Noncoop","Female_song_score","0.0138308850326657","0.0485126026993092","0.0680803386891222","0.0364220847554693","997","0.369749231111377","0.630250768888623","0.931450422316044","0.0685495776839563","0.340321088344066","0.591129333971978","0.0294281427673116","0.0391214349166446","8435.52578892806"
"temprow.380","381","MeanCoopTie2Noncoop","Female_song_score","0.0138308850326657","0.0485126026993092","0.0680803386891222","0.0364220847554693","997","0.280459773826504","0.719540226173496","0.902134841265014","0.0978651587349864","0.25386875407317","0.648266087191844","0.0265910197533348","0.0712741389816515","8435.52578892806"
"temprow.381","382","MeanCoopTie2Noncoop","Female_song_score","0.0138308850326657","0.0485126026993092","0.0680803386891222","0.0364220847554693","997","0.338659161638925","0.661340838361075","0.921654277657842","0.0783457223421583","0.308752157623236","0.612902120034606","0.0299070040156895","0.0484387183264688","8435.52578892806"
"temprow.382","383","MeanCoopTie2Noncoop","Female_song_score","0.0138308850326657","0.0485126026993092","0.0680803386891222","0.0364220847554693","997","0.29082762425758","0.70917237574242","0.926057253276587","0.0739427467234127","0.266998468920661","0.659058784355926","0.023829155336919","0.0501135913864937","8435.52578892806"
"temprow.383","384","MeanCoopTie2Noncoop","Female_song_score","0.0138308850326657","0.0485126026993092","0.0680803386891222","0.0364220847554693","997","0.287638444369595","0.712361555630405","0.930927765841254","0.069072234158746","0.269289944485966","0.661637821355288","0.0183484998836289","0.050723734275117","8435.52578892806"
"temprow.384","385","MeanCoopTie2Noncoop","Female_song_score","0.0138308850326657","0.0485126026993092","0.0680803386891222","0.0364220847554693","997","0.37096675139649","0.62903324860351","0.921830264743308","0.0781697352566922","0.342134606264197","0.579695658479111","0.0288321451322918","0.0493375901244004","8435.52578892806"
"temprow.385","386","MeanCoopTie2Noncoop","Female_song_score","0.0138308850326657","0.0485126026993092","0.0680803386891222","0.0364220847554693","997","0.323229686892851","0.676770313107149","0.926171571176783","0.0738284288232167","0.303997177575465","0.622174393601319","0.0192325093173865","0.0545959195058303","8435.52578892806"
"temprow.386","387","MeanCoopTie2Noncoop","Female_song_score","0.0138308850326657","0.0485126026993092","0.0680803386891222","0.0364220847554693","997","0.313265713281411","0.686734286718589","0.920530452639902","0.0794695473600979","0.287091557262756","0.633438895377147","0.0261741560186551","0.0532953913414426","8435.52578892806"
"temprow.387","388","MeanCoopTie2Noncoop","Female_song_score","0.0138308850326657","0.0485126026993092","0.0680803386891222","0.0364220847554693","997","0.338061421299769","0.661938578700231","0.93119521040176","0.0688047895982399","0.319660810101453","0.611534400300307","0.0184006111983153","0.0504041783999247","8435.52578892806"
"temprow.388","389","MeanCoopTie2Noncoop","Female_song_score","0.0138308850326657","0.0485126026993092","0.0680803386891222","0.0364220847554693","997","0.357826551231495","0.642173448768505","0.913919850080702","0.0860801499192981","0.330915386070264","0.583004464010438","0.0269111651612311","0.0591689847580671","8435.52578892806"
"temprow.389","390","MeanCoopTie2Noncoop","Female_song_score","0.0138308850326657","0.0485126026993092","0.0680803386891222","0.0364220847554693","997","0.317435872612684","0.682564127387315","0.914051115384867","0.0859488846151327","0.290450242227797","0.623600873157071","0.0269856303848875","0.0589632542302451","8435.52578892806"
"temprow.390","391","MeanCoopTie2Noncoop","Female_song_score","0.0138308850326657","0.0485126026993092","0.0680803386891222","0.0364220847554693","997","0.324829633691314","0.675170366308686","0.921487157109597","0.0785128428904025","0.296931471821196","0.624555685288401","0.0278981618701173","0.0506146810202851","8435.52578892806"
"temprow.391","392","MeanCoopTie2Noncoop","Female_song_score","0.0138308850326657","0.0485126026993092","0.0680803386891222","0.0364220847554693","997","0.341662887999066","0.658337112000934","0.926373828426201","0.0736261715737989","0.322093461178498","0.604280367247703","0.0195694268205672","0.0540567447532317","8435.52578892806"
"temprow.392","393","MeanCoopTie2Noncoop","Female_song_score","0.0138308850326657","0.0485126026993092","0.0680803386891222","0.0364220847554693","997","0.334864667490835","0.665135332509165","0.917224892637219","0.0827751073627813","0.307427919817399","0.60979697281982","0.0274367476734361","0.0553383596893451","8435.52578892806"
"temprow.393","394","MeanCoopTie2Noncoop","Female_song_score","0.0138308850326657","0.0485126026993092","0.0680803386891222","0.0364220847554693","997","0.372158809062144","0.627841190937856","0.913127542292379","0.0868724577076205","0.339227925194281","0.573899617098098","0.032930883867862","0.0539415738397584","8435.52578892806"
"temprow.394","395","MeanCoopTie2Noncoop","Female_song_score","0.0138308850326657","0.0485126026993092","0.0680803386891222","0.0364220847554693","997","0.348368859083001","0.651631140916998","0.919473129733161","0.0805268702668393","0.314241638379231","0.60523149135393","0.0341272207037703","0.046399649563069","8435.52578892806"
"temprow.395","396","MeanCoopTie2Noncoop","Female_song_score","0.0138308850326657","0.0485126026993092","0.0680803386891222","0.0364220847554693","997","0.311781014176042","0.688218985823958","0.893411689453254","0.106588310546746","0.281229243597071","0.612182445856183","0.0305517705789705","0.0760365399677753","8435.52578892806"
"temprow.396","397","MeanCoopTie2Noncoop","Female_song_score","0.0138308850326657","0.0485126026993092","0.0680803386891222","0.0364220847554693","997","0.334347876668306","0.665652123331694","0.914202494592568","0.0857975054074321","0.308736663135461","0.605465831457107","0.0256112135328448","0.0601862918745872","8435.52578892806"
"temprow.397","398","MeanCoopTie2Noncoop","Female_song_score","0.0138308850326657","0.0485126026993092","0.0680803386891222","0.0364220847554693","997","0.328756775342454","0.671243224657546","0.931893700272073","0.0681062997279271","0.303894517084355","0.627999183187718","0.0248622582580985","0.0432440414698286","8435.52578892806"
"temprow.398","399","MeanCoopTie2Noncoop","Female_song_score","0.0138308850326657","0.0485126026993092","0.0680803386891222","0.0364220847554693","997","0.279579309939021","0.720420690060979","0.912801968192824","0.0871980318071762","0.248362891314647","0.664439076878177","0.0312164186243736","0.0559816131828024","8435.52578892806"
"temprow.399","400","MeanCoopTie2Noncoop","Female_song_score","0.0138308850326657","0.0485126026993092","0.0680803386891222","0.0364220847554693","997","0.35624484558382","0.64375515441618","0.92783248154493","0.07216751845507","0.32339654641499","0.60443593512994","0.0328482991688295","0.0393192192862404","8435.52578892806"
"temprow.400","401","MeanCoopTie2Noncoop","Female_song_score","0.0138308850326657","0.0485126026993092","0.0680803386891222","0.0364220847554693","997","0.372910698294177","0.627089301705823","0.90624588503254","0.0937541149674594","0.342375661820419","0.563870223212121","0.0305350364737583","0.0632190784937012","8435.52578892806"
"temprow.401","402","MeanCoopTie2Noncoop","Female_song_score","0.0138308850326657","0.0485126026993092","0.0680803386891222","0.0364220847554693","997","0.334594216922267","0.665405783077733","0.91440472977","0.0855952702300004","0.304458160377565","0.609946569392435","0.0301360565447018","0.0554592136852985","8435.52578892806"
"temprow.402","403","MeanCoopTie2Noncoop","Female_song_score","0.0138308850326657","0.0485126026993092","0.0680803386891222","0.0364220847554693","997","0.289131132604439","0.710868867395561","0.910856867864829","0.089143132135171","0.265919905519211","0.644936962345618","0.0232112270852278","0.0659319050499432","8435.52578892806"
"temprow.403","404","MeanCoopTie2Noncoop","Female_song_score","0.0138308850326657","0.0485126026993092","0.0680803386891222","0.0364220847554693","997","0.355237270668989","0.644762729331011","0.91630216539559","0.0836978346044096","0.316685335093773","0.599616830301817","0.0385519355752157","0.0451458990291939","8435.52578892806"
"temprow.404","405","MeanCoopTie2Noncoop","Female_song_score","0.0138308850326657","0.0485126026993092","0.0680803386891222","0.0364220847554693","997","0.362352213028862","0.637647786971138","0.93129811578825","0.0687018842117498","0.335476204990705","0.595821910797545","0.026876008038157","0.0418258761735928","8435.52578892806"
"temprow.405","406","MeanCoopTie2Noncoop","Female_song_score","0.0138308850326657","0.0485126026993092","0.0680803386891222","0.0364220847554693","997","0.303609986207298","0.696390013792702","0.908187931744448","0.0918120682555515","0.276082904505791","0.632105027238657","0.0275270817015065","0.064284986554045","8435.52578892806"
"temprow.406","407","MeanCoopTie2Noncoop","Female_song_score","0.0138308850326657","0.0485126026993092","0.0680803386891222","0.0364220847554693","997","0.290306188429149","0.709693811570851","0.924123571564766","0.0758764284352344","0.270136699742375","0.653986871822391","0.0201694886867748","0.0557069397484596","8435.52578892806"
"temprow.407","408","MeanCoopTie2Noncoop","Female_song_score","0.0138308850326657","0.0485126026993092","0.0680803386891222","0.0364220847554693","997","0.313010454721231","0.686989545278769","0.941896605328735","0.0581033946712646","0.292157220269545","0.649739385059191","0.0208532344516864","0.0372501602195782","8435.52578892806"
"temprow.408","409","MeanCoopTie2Noncoop","Female_song_score","0.0138308850326657","0.0485126026993092","0.0680803386891222","0.0364220847554693","997","0.30650708120973","0.693492918790271","0.891264388649288","0.108735611350712","0.281118109735646","0.610146278913642","0.0253889714740834","0.0833466398766288","8435.52578892806"
"temprow.409","410","MeanCoopTie2Noncoop","Female_song_score","0.0138308850326657","0.0485126026993092","0.0680803386891222","0.0364220847554693","997","0.35811016827211","0.64188983172789","0.913206364831403","0.0867936351685967","0.323641047672814","0.58956531715859","0.034469120599296","0.0523245145693007","8435.52578892806"
"temprow.410","411","MeanCoopTie2Noncoop","Female_song_score","0.0138308850326657","0.0485126026993092","0.0680803386891222","0.0364220847554693","997","0.368660125291011","0.631339874708988","0.917543683902145","0.0824563160978554","0.346739926672249","0.570803757229895","0.021920198618762","0.0605361174790933","8435.52578892806"
"temprow.411","412","MeanCoopTie2Noncoop","Female_song_score","0.0138308850326657","0.0485126026993092","0.0680803386891222","0.0364220847554693","997","0.363264543401561","0.636735456598439","0.904623707050576","0.0953762929494243","0.331446363676035","0.573177343374541","0.0318181797255258","0.0635581132238984","8435.52578892806"
"temprow.412","413","MeanCoopTie2Noncoop","Female_song_score","0.0138308850326657","0.0485126026993092","0.0680803386891222","0.0364220847554693","997","0.337538155927709","0.662461844072291","0.922376698026723","0.0776233019732767","0.306328565671224","0.616048132355499","0.0312095902564847","0.046413711716792","8435.52578892806"
"temprow.413","414","MeanCoopTie2Noncoop","Female_song_score","0.0138308850326657","0.0485126026993092","0.0680803386891222","0.0364220847554693","997","0.32236077012415","0.67763922987585","0.92958354708004","0.0704164529199598","0.297364883806687","0.632218663273353","0.0249958863174624","0.0454205666024973","8435.52578892806"
"temprow.414","415","MeanCoopTie2Noncoop","Female_song_score","0.0138308850326657","0.0485126026993092","0.0680803386891222","0.0364220847554693","997","0.351967459688923","0.648032540311077","0.91261486618542","0.0873851338145804","0.316980204046961","0.595634662138459","0.0349872556419611","0.0523978781726191","8435.52578892806"
"temprow.415","416","MeanCoopTie2Noncoop","Female_song_score","0.0138308850326657","0.0485126026993092","0.0680803386891222","0.0364220847554693","997","0.320455287144431","0.679544712855569","0.906914930739986","0.0930850692600135","0.290512042479985","0.616402888260002","0.0299432446644463","0.0631418245955672","8435.52578892806"
"temprow.416","417","MeanCoopTie2Noncoop","Female_song_score","0.0138308850326657","0.0485126026993092","0.0680803386891222","0.0364220847554693","997","0.267027471369518","0.732972528630482","0.908706919567281","0.0912930804327185","0.242282359827138","0.666424559740143","0.0247451115423797","0.0665479688903386","8435.52578892806"
"temprow.417","418","MeanCoopTie2Noncoop","Female_song_score","0.0138308850326657","0.0485126026993092","0.0680803386891222","0.0364220847554693","997","0.322262314856487","0.677737685143513","0.922376234796184","0.0776237652038157","0.294143877616665","0.62823235717952","0.0281184372398213","0.0495053279639943","8435.52578892806"
"temprow.418","419","MeanCoopTie2Noncoop","Female_song_score","0.0138308850326657","0.0485126026993092","0.0680803386891222","0.0364220847554693","997","0.383618466281633","0.616381533718367","0.923616893030647","0.0763831069693533","0.357843684025379","0.565773209005268","0.0257747822562539","0.0506083247130994","8435.52578892806"
"temprow.419","420","MeanCoopTie2Noncoop","Female_song_score","0.0138308850326657","0.0485126026993092","0.0680803386891222","0.0364220847554693","997","0.341376519172387","0.658623480827613","0.913368313898432","0.0866316861015681","0.312094470048578","0.601273843849854","0.0292820491238086","0.0573496369777595","8435.52578892806"
"temprow.420","421","MeanCoopTie2Noncoop","Female_song_score","0.0138308850326657","0.0485126026993092","0.0680803386891222","0.0364220847554693","997","0.323169398033888","0.676830601966112","0.9094845431946","0.0905154568054002","0.291017495969885","0.618467047224714","0.0321519020640027","0.0583635547413976","8435.52578892806"
"temprow.421","422","MeanCoopTie2Noncoop","Female_song_score","0.0138308850326657","0.0485126026993092","0.0680803386891222","0.0364220847554693","997","0.294326782865622","0.705673217134378","0.929642188173433","0.0703578118265664","0.266932713219571","0.662709474953863","0.0273940696460506","0.0429637421805158","8435.52578892806"
"temprow.422","423","MeanCoopTie2Noncoop","Female_song_score","0.0138308850326657","0.0485126026993092","0.0680803386891222","0.0364220847554693","997","0.340786602402414","0.659213397597586","0.913056974919052","0.0869430250809482","0.310428952314344","0.602628022604708","0.0303576500880704","0.0565853749928778","8435.52578892806"
"temprow.423","424","MeanCoopTie2Noncoop","Female_song_score","0.0138308850326657","0.0485126026993092","0.0680803386891222","0.0364220847554693","997","0.366682935549975","0.633317064450025","0.899902851493052","0.100097148506948","0.322984849866883","0.576918001626169","0.0436980856830922","0.0563990628238556","8435.52578892806"
"temprow.424","425","MeanCoopTie2Noncoop","Female_song_score","0.0138308850326657","0.0485126026993092","0.0680803386891222","0.0364220847554693","997","0.292526647302179","0.707473352697821","0.911527053349246","0.0884729466507538","0.265326263713991","0.646200789635255","0.0272003835881881","0.0612725630625657","8435.52578892806"
"temprow.425","426","MeanCoopTie2Noncoop","Female_song_score","0.0138308850326657","0.0485126026993092","0.0680803386891222","0.0364220847554693","997","0.355722870806424","0.644277129193575","0.90655670999824","0.0934432900017605","0.324124004323388","0.582432705674852","0.0315988664830365","0.0618444235187241","8435.52578892806"
"temprow.426","427","MeanCoopTie2Noncoop","Female_song_score","0.0138308850326657","0.0485126026993092","0.0680803386891222","0.0364220847554693","997","0.303868057351292","0.696131942648708","0.932785584489239","0.0672144155107611","0.280619365010729","0.65216621947851","0.0232486923405624","0.0439657231701986","8435.52578892806"
"temprow.427","428","MeanCoopTie2Noncoop","Female_song_score","0.0138308850326657","0.0485126026993092","0.0680803386891222","0.0364220847554693","997","0.32904138346971","0.67095861653029","0.935744111433929","0.0642558885660705","0.308452746724017","0.627291364709913","0.0205886367456935","0.043667251820377","8435.52578892806"
"temprow.428","429","MeanCoopTie2Noncoop","Female_song_score","0.0138308850326657","0.0485126026993092","0.0680803386891222","0.0364220847554693","997","0.367628743735278","0.632371256264722","0.919322042347068","0.0806779576529324","0.342257139144762","0.577064903202305","0.0253716045905153","0.0553063530624171","8435.52578892806"
"temprow.429","430","MeanCoopTie2Noncoop","Female_song_score","0.0138308850326657","0.0485126026993092","0.0680803386891222","0.0364220847554693","997","0.293482051110913","0.706517948889087","0.908294714612897","0.0917052853871028","0.266428570449718","0.641866144163179","0.0270534806611947","0.064651804725908","8435.52578892806"
"temprow.430","431","MeanCoopTie2Noncoop","Female_song_score","0.0138308850326657","0.0485126026993092","0.0680803386891222","0.0364220847554693","997","0.377148938210587","0.622851061789413","0.935294690543971","0.0647053094560292","0.356756661758562","0.578538028785409","0.0203922764520248","0.0443130330040043","8435.52578892806"
"temprow.431","432","MeanCoopTie2Noncoop","Female_song_score","0.0138308850326657","0.0485126026993092","0.0680803386891222","0.0364220847554693","997","0.368926704745983","0.631073295254017","0.930020385490046","0.0699796145099541","0.342749587571386","0.58727079791866","0.0261771171745974","0.0438024973353567","8435.52578892806"
"temprow.432","433","MeanCoopTie2Noncoop","Female_song_score","0.0138308850326657","0.0485126026993092","0.0680803386891222","0.0364220847554693","997","0.32491926787185","0.67508073212815","0.910033421615792","0.0899665783842083","0.298083075120427","0.611950346495365","0.0268361927514228","0.0631303856327854","8435.52578892806"
"temprow.433","434","MeanCoopTie2Noncoop","Female_song_score","0.0138308850326657","0.0485126026993092","0.0680803386891222","0.0364220847554693","997","0.303469196585832","0.696530803414168","0.926407741871053","0.073592258128947","0.275474586687848","0.650933155183205","0.0279946098979844","0.0455976482309626","8435.52578892806"
"temprow.434","435","MeanCoopTie2Noncoop","Female_song_score","0.0138308850326657","0.0485126026993092","0.0680803386891222","0.0364220847554693","997","0.299051418296795","0.700948581703205","0.902208408254967","0.0977915917450325","0.265281861991849","0.636926546263119","0.0337695563049462","0.0640220354400862","8435.52578892806"
"temprow.435","436","MeanCoopTie2Noncoop","Female_song_score","0.0138308850326657","0.0485126026993092","0.0680803386891222","0.0364220847554693","997","0.356236105811726","0.643763894188274","0.915176956484392","0.0848230435156075","0.320897425112255","0.594279531372138","0.0353386806994716","0.049484362816136","8435.52578892806"
"temprow.436","437","MeanCoopTie2Noncoop","Female_song_score","0.0138308850326657","0.0485126026993092","0.0680803386891222","0.0364220847554693","997","0.301552825493821","0.698447174506179","0.900130398686089","0.0998696013139113","0.27651930458892","0.623611094097169","0.0250335209049009","0.0748360804090104","8435.52578892806"
"temprow.437","438","MeanCoopTie2Noncoop","Female_song_score","0.0138308850326657","0.0485126026993092","0.0680803386891222","0.0364220847554693","997","0.328210640720799","0.671789359279201","0.928855909812064","0.0711440901879356","0.311799272153445","0.617056637658619","0.0164113685673538","0.0547327216205818","8435.52578892806"
"temprow.438","439","MeanCoopTie2Noncoop","Female_song_score","0.0138308850326657","0.0485126026993092","0.0680803386891222","0.0364220847554693","997","0.347423630686377","0.652576369313623","0.903768035830535","0.0962319641694647","0.320268273302789","0.583499762527746","0.0271553573835877","0.0690766067858769","8435.52578892806"
"temprow.439","440","MeanCoopTie2Noncoop","Female_song_score","0.0138308850326657","0.0485126026993092","0.0680803386891222","0.0364220847554693","997","0.319086068582309","0.680913931417691","0.904287568430213","0.0957124315697869","0.285185784828666","0.619101783601547","0.0339002837536428","0.061812147816144","8435.52578892806"
"temprow.440","441","MeanCoopTie2Noncoop","Female_song_score","0.0138308850326657","0.0485126026993092","0.0680803386891222","0.0364220847554693","997","0.347768962428486","0.652231037571514","0.924632693910033","0.0753673060899672","0.320988295994865","0.603644397915168","0.0267806664336203","0.0485866396563467","8435.52578892806"
"temprow.441","442","MeanCoopTie2Noncoop","Female_song_score","0.0138308850326657","0.0485126026993092","0.0680803386891222","0.0364220847554693","997","0.388751307262267","0.611248692737733","0.919387344942802","0.0806126550571978","0.36416786655416","0.555219478388642","0.0245834407081072","0.0560292143490905","8435.52578892806"
"temprow.442","443","MeanCoopTie2Noncoop","Female_song_score","0.0138308850326657","0.0485126026993092","0.0680803386891222","0.0364220847554693","997","0.311211782269281","0.688788217730719","0.907964872447842","0.0920351275521576","0.281210604292994","0.626754268154848","0.0300011779762863","0.0620339495758713","8435.52578892806"
"temprow.443","444","MeanCoopTie2Noncoop","Female_song_score","0.0138308850326657","0.0485126026993092","0.0680803386891222","0.0364220847554693","997","0.331402687331997","0.668597312668003","0.915356936768273","0.0846430632317274","0.302279709406982","0.61307722736129","0.0291229779250146","0.0555200853067127","8435.52578892806"
"temprow.444","445","MeanCoopTie2Noncoop","Female_song_score","0.0138308850326657","0.0485126026993092","0.0680803386891222","0.0364220847554693","997","0.376178463170727","0.623821536829273","0.927820611348989","0.072179388651011","0.346776519182412","0.581044092166577","0.0294019439883148","0.0427774446626961","8435.52578892806"
"temprow.445","446","MeanCoopTie2Noncoop","Female_song_score","0.0138308850326657","0.0485126026993092","0.0680803386891222","0.0364220847554693","997","0.360779411720806","0.639220588279194","0.929743541438434","0.0702564585615664","0.335378739632094","0.59436480180634","0.0254006720887125","0.0448557864728539","8435.52578892806"
"temprow.446","447","MeanCoopTie2Noncoop","Female_song_score","0.0138308850326657","0.0485126026993092","0.0680803386891222","0.0364220847554693","997","0.302819194576469","0.697180805423531","0.920994201526281","0.0790057984737189","0.28045663348222","0.640537568044061","0.0223625610942489","0.0566432373794699","8435.52578892806"
"temprow.447","448","MeanCoopTie2Noncoop","Female_song_score","0.0138308850326657","0.0485126026993092","0.0680803386891222","0.0364220847554693","997","0.336146823399295","0.663853176600705","0.929075112187377","0.0709248878126231","0.311658418064004","0.617416694123373","0.0244884053352907","0.0464364824773324","8435.52578892806"
"temprow.448","449","MeanCoopTie2Noncoop","Female_song_score","0.0138308850326657","0.0485126026993092","0.0680803386891222","0.0364220847554693","997","0.357966806572092","0.642033193427908","0.935367590090356","0.0646324099096437","0.33424048559481","0.601127104495546","0.0237263209772812","0.0409060889323623","8435.52578892806"
"temprow.449","450","MeanCoopTie2Noncoop","Female_song_score","0.0138308850326657","0.0485126026993092","0.0680803386891222","0.0364220847554693","997","0.323664115258623","0.676335884741377","0.933388398860481","0.0666116011395194","0.303398119149643","0.629990279710838","0.0202659961089798","0.0463456050305396","8435.52578892806"
"temprow.450","451","MeanCoopTie2Noncoop","Female_song_score","0.0138308850326657","0.0485126026993092","0.0680803386891222","0.0364220847554693","997","0.348018361496746","0.651981638503254","0.910298596314481","0.0897014036855189","0.313011915724803","0.597286680589678","0.0350064457719431","0.0546949579135757","8435.52578892806"
"temprow.451","452","MeanCoopTie2Noncoop","Female_song_score","0.0138308850326657","0.0485126026993092","0.0680803386891222","0.0364220847554693","997","0.36219236412687","0.63780763587313","0.929684682265215","0.0703153177347853","0.336621521053899","0.593063161211316","0.0255708430729707","0.0447444746618145","8435.52578892806"
"temprow.452","453","MeanCoopTie2Noncoop","Female_song_score","0.0138308850326657","0.0485126026993092","0.0680803386891222","0.0364220847554693","997","0.374800900710068","0.625199099289932","0.920897738288033","0.079102261711967","0.346145228470096","0.574752509817937","0.0286556722399725","0.0504465894719945","8435.52578892806"
"temprow.453","454","MeanCoopTie2Noncoop","Female_song_score","0.0138308850326657","0.0485126026993092","0.0680803386891222","0.0364220847554693","997","0.327973958329199","0.672026041670801","0.912422072441235","0.087577927558765","0.296898085875483","0.615523986565752","0.0310758724537149","0.05650205510505","8435.52578892806"
"temprow.454","455","MeanCoopTie2Noncoop","Female_song_score","0.0138308850326657","0.0485126026993092","0.0680803386891222","0.0364220847554693","997","0.269898905554647","0.730101094445353","0.919986655460521","0.0800133445394794","0.244733927272742","0.675252728187779","0.0251649782819044","0.054848366257575","8435.52578892806"
"temprow.455","456","MeanCoopTie2Noncoop","Female_song_score","0.0138308850326657","0.0485126026993092","0.0680803386891222","0.0364220847554693","997","0.292806966124093","0.707193033875907","0.928979381317224","0.0710206186827763","0.272897296728071","0.656082084589153","0.019909669396022","0.0511109492867542","8435.52578892806"
"temprow.456","457","MeanCoopTie2Noncoop","Female_song_score","0.0138308850326657","0.0485126026993092","0.0680803386891222","0.0364220847554693","997","0.359443928254266","0.640556071745734","0.922979032060393","0.0770209679396072","0.3248821039046","0.598096928155793","0.0345618243496657","0.0424591435899414","8435.52578892806"
"temprow.457","458","MeanCoopTie2Noncoop","Female_song_score","0.0138308850326657","0.0485126026993092","0.0680803386891222","0.0364220847554693","997","0.364076530155358","0.635923469844642","0.910604021993033","0.0893959780069673","0.330573491681139","0.580030530311893","0.0335030384742186","0.0558929395327487","8435.52578892806"
"temprow.458","459","MeanCoopTie2Noncoop","Female_song_score","0.0138308850326657","0.0485126026993092","0.0680803386891222","0.0364220847554693","997","0.374696904162311","0.625303095837689","0.92309614151878","0.0769038584812203","0.348895658653022","0.574200482865758","0.0258012455092888","0.0511026129719315","8435.52578892806"
"temprow.459","460","MeanCoopTie2Noncoop","Female_song_score","0.0138308850326657","0.0485126026993092","0.0680803386891222","0.0364220847554693","997","0.404539991732475","0.595460008267525","0.932367448687421","0.0676325513125791","0.384031947618973","0.548335501068448","0.0205080441135017","0.0471245071990773","8435.52578892806"
"temprow.460","461","MeanCoopTie2Noncoop","Female_song_score","0.0138308850326657","0.0485126026993092","0.0680803386891222","0.0364220847554693","997","0.329314283344109","0.670685716655891","0.927090718183591","0.0729092818164093","0.303277467549006","0.623813250634585","0.0260368157951031","0.0468724660213062","8435.52578892806"
"temprow.461","462","MeanCoopTie2Noncoop","Female_song_score","0.0138308850326657","0.0485126026993092","0.0680803386891222","0.0364220847554693","997","0.321158884183343","0.678841115816657","0.910125430334629","0.0898745696653707","0.282181172168845","0.627944258165784","0.0389777120144969","0.0508968576508737","8435.52578892806"
"temprow.462","463","MeanCoopTie2Noncoop","Female_song_score","0.0138308850326657","0.0485126026993092","0.0680803386891222","0.0364220847554693","997","0.34331716813706","0.65668283186294","0.898728827493327","0.101271172506673","0.315000699203224","0.583728128290104","0.0283164689338359","0.0729547035728367","8435.52578892806"
"temprow.463","464","MeanCoopTie2Noncoop","Female_song_score","0.0138308850326657","0.0485126026993092","0.0680803386891222","0.0364220847554693","997","0.39002802614233","0.60997197385767","0.914073127420179","0.0859268725798209","0.357721332955845","0.556351794464334","0.0323066931864841","0.0536201793933367","8435.52578892806"
"temprow.464","465","MeanCoopTie2Noncoop","Female_song_score","0.0138308850326657","0.0485126026993092","0.0680803386891222","0.0364220847554693","997","0.348422497153211","0.651577502846789","0.938600403468936","0.0613995965310641","0.325313739073158","0.613286664395778","0.0231087580800535","0.0382908384510106","8435.52578892806"
"temprow.465","466","MeanCoopTie2Noncoop","Female_song_score","0.0138308850326657","0.0485126026993092","0.0680803386891222","0.0364220847554693","997","0.329108101798124","0.670891898201876","0.9322133483582","0.0677866516418004","0.306868294200591","0.625345054157609","0.0222398075975332","0.0455468440442671","8435.52578892806"
"temprow.466","467","MeanCoopTie2Noncoop","Female_song_score","0.0138308850326657","0.0485126026993092","0.0680803386891222","0.0364220847554693","997","0.35144410651448","0.64855589348552","0.896130141954376","0.103869858045624","0.324450508895164","0.571679633059212","0.0269935976193157","0.0768762604263083","8435.52578892806"
"temprow.467","468","MeanCoopTie2Noncoop","Female_song_score","0.0138308850326657","0.0485126026993092","0.0680803386891222","0.0364220847554693","997","0.373545781690742","0.626454218309258","0.911292190102681","0.0887078098973194","0.341089555665641","0.57020263443704","0.0324562260251006","0.0562515838722188","8435.52578892806"
"temprow.468","469","MeanCoopTie2Noncoop","Female_song_score","0.0138308850326657","0.0485126026993092","0.0680803386891222","0.0364220847554693","997","0.286370912957583","0.713629087042416","0.927181660496241","0.0728183395037592","0.263333413294113","0.663848247202127","0.0230374996634697","0.0497808398402895","8435.52578892806"
"temprow.469","470","MeanCoopTie2Noncoop","Female_song_score","0.0138308850326657","0.0485126026993092","0.0680803386891222","0.0364220847554693","997","0.311463565063478","0.688536434936522","0.917995148387947","0.0820048516120524","0.280763356930981","0.637231791456967","0.0307002081324972","0.0513046434795553","8435.52578892806"
"temprow.470","471","MeanCoopTie2Noncoop","Female_song_score","0.0138308850326657","0.0485126026993092","0.0680803386891222","0.0364220847554693","997","0.38333703799394","0.61666296200606","0.914907434995619","0.0850925650043808","0.358068735767409","0.55683869922821","0.0252683022265315","0.0598242627778492","8435.52578892806"
"temprow.471","472","MeanCoopTie2Noncoop","Female_song_score","0.0138308850326657","0.0485126026993092","0.0680803386891222","0.0364220847554693","997","0.34597043778813","0.65402956221187","0.90886020315557","0.0911397968444295","0.310728086596767","0.598132116558803","0.0352423511913629","0.0558974456530666","8435.52578892806"
"temprow.472","473","MeanCoopTie2Noncoop","Female_song_score","0.0138308850326657","0.0485126026993092","0.0680803386891222","0.0364220847554693","997","0.298105041898132","0.701894958101868","0.922965670158106","0.0770343298418937","0.274726459649477","0.648239210508629","0.0233785822486552","0.0536557475932386","8435.52578892806"
"temprow.473","474","MeanCoopTie2Noncoop","Female_song_score","0.0138308850326657","0.0485126026993092","0.0680803386891222","0.0364220847554693","997","0.382316649430699","0.617683350569301","0.887560012193844","0.112439987806156","0.337171394384793","0.550388617809051","0.0451452550459054","0.0672947327602505","8435.52578892806"
"temprow.474","475","MeanCoopTie2Noncoop","Female_song_score","0.0138308850326657","0.0485126026993092","0.0680803386891222","0.0364220847554693","997","0.380124346182665","0.619875653817334","0.917704311791256","0.0822956882087443","0.349093160388575","0.56861115140268","0.0310311857940899","0.0512645024146543","8435.52578892806"
"temprow.475","476","MeanCoopTie2Noncoop","Female_song_score","0.0138308850326657","0.0485126026993092","0.0680803386891222","0.0364220847554693","997","0.374417876634106","0.625582123365894","0.934669641552087","0.0653303584479131","0.351134707970714","0.583534933581372","0.0232831686633914","0.0420471897845216","8435.52578892806"
"temprow.476","477","MeanCoopTie2Noncoop","Female_song_score","0.0138308850326657","0.0485126026993092","0.0680803386891222","0.0364220847554693","997","0.335575953793235","0.664424046206765","0.910392407733412","0.0896075922665878","0.295927563787791","0.614464843945621","0.0396483900054438","0.049959202261144","8435.52578892806"
"temprow.477","478","MeanCoopTie2Noncoop","Female_song_score","0.0138308850326657","0.0485126026993092","0.0680803386891222","0.0364220847554693","997","0.36826218334356","0.63173781665644","0.916656677680827","0.0833433223191727","0.338012885557167","0.57864379212366","0.0302492977863925","0.05309402453278","8435.52578892806"
"temprow.478","479","MeanCoopTie2Noncoop","Female_song_score","0.0138308850326657","0.0485126026993092","0.0680803386891222","0.0364220847554693","997","0.377169562302039","0.622830437697961","0.920953894311044","0.0790461056889559","0.353305101724601","0.567648792586443","0.0238644605774376","0.0551816451115182","8435.52578892806"
"temprow.479","480","MeanCoopTie2Noncoop","Female_song_score","0.0138308850326657","0.0485126026993092","0.0680803386891222","0.0364220847554693","997","0.368555953180721","0.631444046819278","0.908217000749591","0.091782999250409","0.327943895192404","0.580273105557187","0.040612057988317","0.0511709412620919","8435.52578892806"
"temprow.480","481","MeanCoopTie2Noncoop","Female_song_score","0.0138308850326657","0.0485126026993092","0.0680803386891222","0.0364220847554693","997","0.332222742768513","0.667777257231487","0.916090572627352","0.0839094273726475","0.30030715166432","0.615783420963032","0.0319155911041927","0.0519938362684547","8435.52578892806"
"temprow.481","482","MeanCoopTie2Noncoop","Female_song_score","0.0138308850326657","0.0485126026993092","0.0680803386891222","0.0364220847554693","997","0.281225557523504","0.718774442476496","0.909594641510065","0.0904053584899354","0.255593030029051","0.654001611481013","0.0256325274944532","0.0647728309954822","8435.52578892806"
"temprow.482","483","MeanCoopTie2Noncoop","Female_song_score","0.0138308850326657","0.0485126026993092","0.0680803386891222","0.0364220847554693","997","0.351007845533116","0.648992154466884","0.923923069580334","0.0760769304196664","0.328124546183965","0.595798523396369","0.0228832993491506","0.0531936310705158","8435.52578892806"
"temprow.483","484","MeanCoopTie2Noncoop","Female_song_score","0.0138308850326657","0.0485126026993092","0.0680803386891222","0.0364220847554693","997","0.274584108970227","0.725415891029773","0.936933690261931","0.0630663097380694","0.259701802626657","0.677231887635274","0.0148823063435692","0.0481840033945001","8435.52578892806"
"temprow.484","485","MeanCoopTie2Noncoop","Female_song_score","0.0138308850326657","0.0485126026993092","0.0680803386891222","0.0364220847554693","997","0.340353204835293","0.659646795164708","0.919002782373793","0.080997217626207","0.310780107805612","0.608222674568181","0.0295730970296808","0.0514241205965262","8435.52578892806"
"temprow.485","486","MeanCoopTie2Noncoop","Female_song_score","0.0138308850326657","0.0485126026993092","0.0680803386891222","0.0364220847554693","997","0.330787767703265","0.669212232296735","0.92069852618781","0.0793014738121901","0.304431318211779","0.616267207976031","0.0263564494914857","0.0529450243207044","8435.52578892806"
"temprow.486","487","MeanCoopTie2Noncoop","Female_song_score","0.0138308850326657","0.0485126026993092","0.0680803386891222","0.0364220847554693","997","0.322265851987057","0.677734148012943","0.940248827776549","0.0597511722234511","0.306464017962636","0.633784809813912","0.0158018340244202","0.0439493381990309","8435.52578892806"
"temprow.487","488","MeanCoopTie2Noncoop","Female_song_score","0.0138308850326657","0.0485126026993092","0.0680803386891222","0.0364220847554693","997","0.296391046641906","0.703608953358094","0.928095971085376","0.0719040289146237","0.27928813581308","0.648807835272296","0.0171029108288258","0.0548011180857978","8435.52578892806"
"temprow.488","489","MeanCoopTie2Noncoop","Female_song_score","0.0138308850326657","0.0485126026993092","0.0680803386891222","0.0364220847554693","997","0.293940935050638","0.706059064949362","0.933407974417514","0.0665920255824855","0.274049657177122","0.659358317240392","0.0198912778735152","0.0467007477089702","8435.52578892806"
"temprow.489","490","MeanCoopTie2Noncoop","Female_song_score","0.0138308850326657","0.0485126026993092","0.0680803386891222","0.0364220847554693","997","0.291338833396064","0.708661166603936","0.926438089606733","0.0735619103932666","0.267166454523738","0.659271635082995","0.0241723788723252","0.0493895315209414","8435.52578892806"
"temprow.490","491","MeanCoopTie2Noncoop","Female_song_score","0.0138308850326657","0.0485126026993092","0.0680803386891222","0.0364220847554693","997","0.29627821572778","0.70372178427222","0.922880536833677","0.0771194631663226","0.278161405248505","0.644719131585173","0.0181168104792747","0.0590026526870478","8435.52578892806"
"temprow.491","492","MeanCoopTie2Noncoop","Female_song_score","0.0138308850326657","0.0485126026993092","0.0680803386891222","0.0364220847554693","997","0.339533434467285","0.660466565532716","0.906302412970571","0.0936975870294289","0.310013620356383","0.596288792614188","0.0295198141109009","0.0641777729185278","8435.52578892806"
"temprow.492","493","MeanCoopTie2Noncoop","Female_song_score","0.0138308850326657","0.0485126026993092","0.0680803386891222","0.0364220847554693","997","0.383536084700588","0.616463915299412","0.910232632460549","0.0897673675394507","0.343224386507356","0.567008245953193","0.0403116981932321","0.0494556693462186","8435.52578892806"
"temprow.493","494","MeanCoopTie2Noncoop","Female_song_score","0.0138308850326657","0.0485126026993092","0.0680803386891222","0.0364220847554693","997","0.351526046314721","0.648473953685279","0.907774347823953","0.0922256521760466","0.311751950078485","0.596022397745469","0.0397740962362353","0.0524515559398111","8435.52578892806"
"temprow.494","495","MeanCoopTie2Noncoop","Female_song_score","0.0138308850326657","0.0485126026993092","0.0680803386891222","0.0364220847554693","997","0.338404228860466","0.661595771139534","0.92406788659381","0.0759321134061901","0.316867867203484","0.607200019390326","0.021536361656982","0.054395751749208","8435.52578892806"
"temprow.495","496","MeanCoopTie2Noncoop","Female_song_score","0.0138308850326657","0.0485126026993092","0.0680803386891222","0.0364220847554693","997","0.342981841861054","0.657018158138946","0.903847424938393","0.0961525750616074","0.304699144998657","0.599148279939736","0.0382826968623976","0.0578698781992098","8435.52578892806"
"temprow.496","497","MeanCoopTie2Noncoop","Female_song_score","0.0138308850326657","0.0485126026993092","0.0680803386891222","0.0364220847554693","997","0.317573326646996","0.682426673353004","0.910821357849341","0.0891786421506592","0.287583287946523","0.623238069902817","0.0299900387004726","0.0591886034501865","8435.52578892806"
"temprow.497","498","MeanCoopTie2Noncoop","Female_song_score","0.0138308850326657","0.0485126026993092","0.0680803386891222","0.0364220847554693","997","0.338546743603447","0.661453256396553","0.920600061034172","0.0793999389658283","0.313244664324914","0.607355396709257","0.0253020792785326","0.0540978596872957","8435.52578892806"
"temprow.498","499","MeanCoopTie2Noncoop","Female_song_score","0.0138308850326657","0.0485126026993092","0.0680803386891222","0.0364220847554693","997","0.319597401298848","0.680402598701152","0.917628894820514","0.0823711051794863","0.296960899469346","0.620667995351167","0.0226365018295012","0.0597346033499851","8435.52578892806"
"temprow.499","500","MeanCoopTie2Noncoop","Female_song_score","0.0138308850326657","0.0485126026993092","0.0680803386891222","0.0364220847554693","997","0.395280497901117","0.604719502098883","0.927949573893966","0.0720504261060343","0.368200896623705","0.55974867727026","0.0270796012774109","0.0449708248286234","8435.52578892806"
"temprow.500","501","MeanCoopTie2Noncoop","Female_song_score","0.0138308850326657","0.0485126026993092","0.0680803386891222","0.0364220847554693","997","0.308998815571024","0.691001184428976","0.919882353493462","0.0801176465065376","0.286169649970867","0.633712703522596","0.0228291656001568","0.0572884809063807","8435.52578892806"
"temprow.501","502","MeanCoopTie2Noncoop","Female_song_score","0.0138308850326657","0.0485126026993092","0.0680803386891222","0.0364220847554693","997","0.325325880649673","0.674674119350327","0.908662796009224","0.0913372039907763","0.297512889094342","0.611149906914882","0.0278129915553313","0.0635242124354449","8435.52578892806"
"temprow.502","503","MeanCoopTie2Noncoop","Female_song_score","0.0138308850326657","0.0485126026993092","0.0680803386891222","0.0364220847554693","997","0.310227831386375","0.689772168613625","0.90747728269975","0.09252271730025","0.280435507170838","0.627041775528912","0.0297923242155366","0.0627303930847132","8435.52578892806"
"temprow.503","504","MeanCoopTie2Noncoop","Female_song_score","0.0138308850326657","0.0485126026993092","0.0680803386891222","0.0364220847554693","997","0.312326611814998","0.687673388185002","0.90878362235655","0.0912163776434498","0.285187614665137","0.623596007691413","0.0271389971498609","0.0640773804935887","8435.52578892806"
"temprow.504","505","MeanCoopTie2Noncoop","Female_song_score","0.0138308850326657","0.0485126026993092","0.0680803386891222","0.0364220847554693","997","0.311500559406516","0.688499440593484","0.946983268062391","0.0530167319376086","0.298299607785787","0.648683660276604","0.0132009516207284","0.0398157803168802","8435.52578892806"
"temprow.505","506","MeanCoopTie2Noncoop","Female_song_score","0.0138308850326657","0.0485126026993092","0.0680803386891222","0.0364220847554693","997","0.300573119453117","0.699426880546883","0.925102525941808","0.074897474058192","0.272647140825982","0.652455385115827","0.0279259786271355","0.0469714954310565","8435.52578892806"
"temprow.506","507","MeanCoopTie2Noncoop","Female_song_score","0.0138308850326657","0.0485126026993092","0.0680803386891222","0.0364220847554693","997","0.296288734303586","0.703711265696414","0.919625275246666","0.0803747247533343","0.262311201068351","0.657314074178315","0.0339775332352351","0.046397191518099","8435.52578892806"
"temprow.507","508","MeanCoopTie2Noncoop","Female_song_score","0.0138308850326657","0.0485126026993092","0.0680803386891222","0.0364220847554693","997","0.268440512830556","0.731559487169444","0.92889785590588","0.0711021440941202","0.246701689926157","0.682196165979723","0.0217388229043987","0.0493633211897214","8435.52578892806"
"temprow.508","509","MeanCoopTie2Noncoop","Female_song_score","0.0138308850326657","0.0485126026993092","0.0680803386891222","0.0364220847554693","997","0.320714167403519","0.679285832596481","0.93834740718292","0.0616525928170804","0.297014641717861","0.641332765465059","0.0236995256856576","0.0379530671314227","8435.52578892806"
"temprow.509","510","MeanCoopTie2Noncoop","Female_song_score","0.0138308850326657","0.0485126026993092","0.0680803386891222","0.0364220847554693","997","0.381031072893245","0.618968927106755","0.931766195802385","0.0682338041976154","0.352731509840598","0.579034685961787","0.0282995630526471","0.0399342411449683","8435.52578892806"
"temprow.510","511","MeanCoopTie2Noncoop","Female_song_score","0.0138308850326657","0.0485126026993092","0.0680803386891222","0.0364220847554693","997","0.280236953825846","0.719763046174154","0.892101247512036","0.107898752487965","0.238363412669793","0.653737834842243","0.0418735411560522","0.0660252113319122","8435.52578892806"
"temprow.511","512","MeanCoopTie2Noncoop","Female_song_score","0.0138308850326657","0.0485126026993092","0.0680803386891222","0.0364220847554693","997","0.329378658409572","0.670621341590428","0.925094054069027","0.0749059459309728","0.301298148947687","0.62379590512134","0.028080509461885","0.0468254364690877","8435.52578892806"
"temprow.512","513","MeanCoopTie2Noncoop","Female_song_score","0.0138308850326657","0.0485126026993092","0.0680803386891222","0.0364220847554693","997","0.325073371232385","0.674926628767615","0.916888506045237","0.0831114939547627","0.304779151809935","0.612109354235302","0.0202942194224493","0.0628172745323133","8435.52578892806"
"temprow.513","514","MeanCoopTie2Noncoop","Female_song_score","0.0138308850326657","0.0485126026993092","0.0680803386891222","0.0364220847554693","997","0.389946902257689","0.610053097742311","0.928324925912381","0.0716750740876186","0.360828064790857","0.567496861121524","0.0291188374668322","0.0425562366207864","8435.52578892806"
"temprow.514","515","MeanCoopTie2Noncoop","Female_song_score","0.0138308850326657","0.0485126026993092","0.0680803386891222","0.0364220847554693","997","0.360463124139889","0.639536875860111","0.912006472131287","0.0879935278687133","0.327253887181734","0.584752584949553","0.0332092369581545","0.0547842909105586","8435.52578892806"
"temprow.515","516","MeanCoopTie2Noncoop","Female_song_score","0.0138308850326657","0.0485126026993092","0.0680803386891222","0.0364220847554693","997","0.319323321202832","0.680676678797168","0.914889011991142","0.0851109880088578","0.283958549528948","0.630930462462194","0.0353647716738836","0.0497462163349741","8435.52578892806"
"temprow.516","517","MeanCoopTie2Noncoop","Female_song_score","0.0138308850326657","0.0485126026993092","0.0680803386891222","0.0364220847554693","997","0.355246784275483","0.644753215724517","0.895208070903998","0.104791929096002","0.303323193484587","0.591884877419411","0.051923590790896","0.0528683383051062","8435.52578892806"
"temprow.517","518","MeanCoopTie2Noncoop","Female_song_score","0.0138308850326657","0.0485126026993092","0.0680803386891222","0.0364220847554693","997","0.314365630752485","0.685634369247515","0.907989764950478","0.0920102350495219","0.283662189449344","0.624327575501134","0.0307034413031401","0.0613067937463818","8435.52578892806"
"temprow.518","519","MeanCoopTie2Noncoop","Female_song_score","0.0138308850326657","0.0485126026993092","0.0680803386891222","0.0364220847554693","997","0.342212723444528","0.657787276555472","0.914386276816385","0.0856137231836152","0.307168418311841","0.607217858504544","0.0350443051326857","0.0505694180509293","8435.52578892806"
"temprow.519","520","MeanCoopTie2Noncoop","Female_song_score","0.0138308850326657","0.0485126026993092","0.0680803386891222","0.0364220847554693","997","0.292280231463195","0.707719768536805","0.925933163406694","0.074066836593306","0.272770025746916","0.653163137659778","0.0195102057162792","0.0545566308770269","8435.52578892806"
"temprow.520","521","MeanCoopTie2Noncoop","Female_song_score","0.0138308850326657","0.0485126026993092","0.0680803386891222","0.0364220847554693","997","0.307817680709508","0.692182319290492","0.91932366271716","0.0806763372828402","0.276137750592392","0.643185912124767","0.0316799301171157","0.0489964071657245","8435.52578892806"
"temprow.521","522","MeanCoopTie2Noncoop","Female_song_score","0.0138308850326657","0.0485126026993092","0.0680803386891222","0.0364220847554693","997","0.290057151796802","0.709942848203198","0.922983305258928","0.0770166947410721","0.260575954553486","0.662407350705441","0.0294811972433151","0.0475354974977569","8435.52578892806"
"temprow.522","523","MeanCoopTie2Noncoop","Female_song_score","0.0138308850326657","0.0485126026993092","0.0680803386891222","0.0364220847554693","997","0.369479619765106","0.630520380234894","0.910528818105843","0.0894711818941573","0.333178611261333","0.577350206844509","0.0363010085037724","0.0531701733903849","8435.52578892806"
"temprow.523","524","MeanCoopTie2Noncoop","Female_song_score","0.0138308850326657","0.0485126026993092","0.0680803386891222","0.0364220847554693","997","0.35357791472922","0.64642208527078","0.921086033848309","0.0789139661516913","0.320443360196432","0.600642673651877","0.0331345545327875","0.0457794116189038","8435.52578892806"
"temprow.524","525","MeanCoopTie2Noncoop","Female_song_score","0.0138308850326657","0.0485126026993092","0.0680803386891222","0.0364220847554693","997","0.359909220222793","0.640090779777207","0.920401096648621","0.0795989033513788","0.327118503806885","0.593282592841736","0.0327907164159075","0.0468081869354712","8435.52578892806"
"temprow.525","526","MeanCoopTie2Noncoop","Female_song_score","0.0138308850326657","0.0485126026993092","0.0680803386891222","0.0364220847554693","997","0.33702164775133","0.66297835224867","0.936269256687867","0.0637307433121333","0.313090225841518","0.623179030846349","0.0239314219098115","0.0397993214023217","8435.52578892806"
"temprow.526","527","MeanCoopTie2Noncoop","Female_song_score","0.0138308850326657","0.0485126026993092","0.0680803386891222","0.0364220847554693","997","0.329161707780782","0.670838292219218","0.928726581679353","0.0712734183206473","0.305027538772211","0.623699042907142","0.0241341690085705","0.0471392493120768","8435.52578892806"
"temprow.527","528","MeanCoopTie2Noncoop","Female_song_score","0.0138308850326657","0.0485126026993092","0.0680803386891222","0.0364220847554693","997","0.374671053310412","0.625328946689588","0.925744934798973","0.074255065201027","0.34304734445121","0.582697590347763","0.0316237088592024","0.0426313563418245","8435.52578892806"
"temprow.528","529","MeanCoopTie2Noncoop","Female_song_score","0.0138308850326657","0.0485126026993092","0.0680803386891222","0.0364220847554693","997","0.300245071141447","0.699754928858553","0.931070613264759","0.068929386735241","0.275126520952544","0.655944092312215","0.0251185501889035","0.0438108365463375","8435.52578892806"
"temprow.529","530","MeanCoopTie2Noncoop","Female_song_score","0.0138308850326657","0.0485126026993092","0.0680803386891222","0.0364220847554693","997","0.298349280509606","0.701650719490394","0.934256745677868","0.0657432543221317","0.278774867218456","0.655481878459413","0.0195744132911497","0.0461688410309819","8435.52578892806"
"temprow.530","531","MeanCoopTie2Noncoop","Female_song_score","0.0138308850326657","0.0485126026993092","0.0680803386891222","0.0364220847554693","997","0.360582076996413","0.639417923003587","0.899905927341424","0.100094072658576","0.324028079864899","0.575877847476526","0.0365539971315135","0.063540075527062","8435.52578892806"
"temprow.531","532","MeanCoopTie2Noncoop","Female_song_score","0.0138308850326657","0.0485126026993092","0.0680803386891222","0.0364220847554693","997","0.364368044613252","0.635631955386748","0.941000801536255","0.0589991984637445","0.343194548999535","0.59780625253672","0.0211734956137169","0.0378257028500276","8435.52578892806"
"temprow.532","533","MeanCoopTie2Noncoop","Female_song_score","0.0138308850326657","0.0485126026993092","0.0680803386891222","0.0364220847554693","997","0.321098443678018","0.678901556321982","0.913432826013842","0.0865671739861583","0.295686174859438","0.617746651154404","0.0254122688185799","0.0611549051675784","8435.52578892806"
"temprow.533","534","MeanCoopTie2Noncoop","Female_song_score","0.0138308850326657","0.0485126026993092","0.0680803386891222","0.0364220847554693","997","0.341043395257483","0.658956604742517","0.934217431277514","0.0657825687224856","0.309895084713114","0.624322346564401","0.0311483105443699","0.0346342581781157","8435.52578892806"
"temprow.534","535","MeanCoopTie2Noncoop","Female_song_score","0.0138308850326657","0.0485126026993092","0.0680803386891222","0.0364220847554693","997","0.319216126070627","0.680783873929373","0.917658332325295","0.0823416676747051","0.289193723035089","0.628464609290206","0.0300224030355379","0.0523192646391671","8435.52578892806"
"temprow.535","536","MeanCoopTie2Noncoop","Female_song_score","0.0138308850326657","0.0485126026993092","0.0680803386891222","0.0364220847554693","997","0.328201505565309","0.671798494434691","0.914244512094624","0.0857554879053765","0.297528932389927","0.616715579704696","0.0306725731753812","0.0550829147299952","8435.52578892806"
"temprow.536","537","MeanCoopTie2Noncoop","Female_song_score","0.0138308850326657","0.0485126026993092","0.0680803386891222","0.0364220847554693","997","0.340759997460355","0.659240002539645","0.926287470145493","0.0737125298545066","0.317958367157356","0.608329102988138","0.0228016303029994","0.0509108995515071","8435.52578892806"
"temprow.537","538","MeanCoopTie2Noncoop","Female_song_score","0.0138308850326657","0.0485126026993092","0.0680803386891222","0.0364220847554693","997","0.395148839121945","0.604851160878055","0.933840487507641","0.066159512492359","0.367749580065589","0.566090907442052","0.0273992590563559","0.0387602534360031","8435.52578892806"
"temprow.538","539","MeanCoopTie2Noncoop","Female_song_score","0.0138308850326657","0.0485126026993092","0.0680803386891222","0.0364220847554693","997","0.378967111361792","0.621032888638208","0.921055825614648","0.0789441743853522","0.346787005244679","0.574268820369969","0.0321801061171126","0.0467640682682395","8435.52578892806"
"temprow.539","540","MeanCoopTie2Noncoop","Female_song_score","0.0138308850326657","0.0485126026993092","0.0680803386891222","0.0364220847554693","997","0.284243849932725","0.715756150067275","0.924120221022232","0.0758797789777681","0.26629122312457","0.657828997897661","0.0179526268081538","0.0579271521696141","8435.52578892806"
"temprow.540","541","MeanCoopTie2Noncoop","Female_song_score","0.0138308850326657","0.0485126026993092","0.0680803386891222","0.0364220847554693","997","0.327472641557481","0.672527358442519","0.91796224040191","0.0820377595980902","0.298703125441515","0.619259114960395","0.0287695161159668","0.0532682434821233","8435.52578892806"
"temprow.541","542","MeanCoopTie2Noncoop","Female_song_score","0.0138308850326657","0.0485126026993092","0.0680803386891222","0.0364220847554693","997","0.342183460909777","0.657816539090223","0.914611208690692","0.0853887913093079","0.312822028082487","0.601789180608205","0.0293614328272901","0.0560273584820177","8435.52578892806"
"temprow.542","543","MeanCoopTie2Noncoop","Female_song_score","0.0138308850326657","0.0485126026993092","0.0680803386891222","0.0364220847554693","997","0.31185567263857","0.68814432736143","0.923852984270763","0.0761470157292365","0.288608781267486","0.635244203003277","0.0232468913710836","0.0529001243581529","8435.52578892806"
"temprow.543","544","MeanCoopTie2Noncoop","Female_song_score","0.0138308850326657","0.0485126026993092","0.0680803386891222","0.0364220847554693","997","0.363509745102811","0.636490254897189","0.913089498726149","0.0869105012738512","0.330598168476595","0.582491330249553","0.0329115766262149","0.0539989246476363","8435.52578892806"
"temprow.544","545","MeanCoopTie2Noncoop","Female_song_score","0.0138308850326657","0.0485126026993092","0.0680803386891222","0.0364220847554693","997","0.288129683807842","0.711870316192158","0.91292840379903","0.0870715962009696","0.254231987823761","0.65869641597527","0.0338976959840808","0.0531739002168887","8435.52578892806"
"temprow.545","546","MeanCoopTie2Noncoop","Female_song_score","0.0138308850326657","0.0485126026993092","0.0680803386891222","0.0364220847554693","997","0.359372342944148","0.640627657055851","0.915872239368426","0.0841277606315737","0.324538756737701","0.591333482630725","0.0348335862064478","0.0492941744251259","8435.52578892806"
"temprow.546","547","MeanCoopTie2Noncoop","Female_song_score","0.0138308850326657","0.0485126026993092","0.0680803386891222","0.0364220847554693","997","0.339295673239413","0.660704326760587","0.905452830890408","0.0945471691095922","0.302340514537047","0.60311231635336","0.036955158702366","0.0575920104072263","8435.52578892806"
"temprow.547","548","MeanCoopTie2Noncoop","Female_song_score","0.0138308850326657","0.0485126026993092","0.0680803386891222","0.0364220847554693","997","0.293725068438777","0.706274931561223","0.923266904123696","0.0767330958763041","0.266746285654405","0.656520618469291","0.026978782784372","0.0497543130919321","8435.52578892806"
"temprow.548","549","MeanCoopTie2Noncoop","Female_song_score","0.0138308850326657","0.0485126026993092","0.0680803386891222","0.0364220847554693","997","0.337587684946743","0.662412315053257","0.928233351694838","0.0717666483051624","0.308775523565159","0.619457828129678","0.0288121613815831","0.0429544869235792","8435.52578892806"
"temprow.549","550","MeanCoopTie2Noncoop","Female_song_score","0.0138308850326657","0.0485126026993092","0.0680803386891222","0.0364220847554693","997","0.317219407504091","0.682780592495909","0.924381986866824","0.0756180131331761","0.296506338793119","0.627875648073705","0.0207130687109721","0.0549049444222041","8435.52578892806"
"temprow.550","551","MeanCoopTie2Noncoop","Female_song_score","0.0138308850326657","0.0485126026993092","0.0680803386891222","0.0364220847554693","997","0.326519885479077","0.673480114520923","0.932774138443681","0.0672258615563195","0.310124920962864","0.622649217480816","0.0163949645162124","0.050830897040107","8435.52578892806"
"temprow.551","552","MeanCoopTie2Noncoop","Female_song_score","0.0138308850326657","0.0485126026993092","0.0680803386891222","0.0364220847554693","997","0.332932745629463","0.667067254370537","0.925746934907544","0.0742530650924561","0.305276995406904","0.62046993950064","0.0276557502225579","0.046597314869898","8435.52578892806"
"temprow.552","553","MeanCoopTie2Noncoop","Female_song_score","0.0138308850326657","0.0485126026993092","0.0680803386891222","0.0364220847554693","997","0.377502129057277","0.622497870942723","0.915472217780755","0.0845277822192445","0.353239313438174","0.562232904342581","0.0242628156191023","0.0602649666001422","8435.52578892806"
"temprow.553","554","MeanCoopTie2Noncoop","Female_song_score","0.0138308850326657","0.0485126026993092","0.0680803386891222","0.0364220847554693","997","0.328862041769341","0.671137958230659","0.921592531903109","0.0784074680968914","0.3010163519553","0.620576179947809","0.0278456898140409","0.0505617782828505","8435.52578892806"
"temprow.554","555","MeanCoopTie2Noncoop","Female_song_score","0.0138308850326657","0.0485126026993092","0.0680803386891222","0.0364220847554693","997","0.334383784213874","0.665616215786126","0.909397506106696","0.0906024938933039","0.302271356240783","0.607126149865914","0.0321124279730916","0.0584900659202123","8435.52578892806"
"temprow.555","556","MeanCoopTie2Noncoop","Female_song_score","0.0138308850326657","0.0485126026993092","0.0680803386891222","0.0364220847554693","997","0.295237786238798","0.704762213761202","0.893419335511566","0.106580664488434","0.264846556899177","0.628572778612389","0.0303912293396207","0.0761894351488134","8435.52578892806"
"temprow.556","557","MeanCoopTie2Noncoop","Female_song_score","0.0138308850326657","0.0485126026993092","0.0680803386891222","0.0364220847554693","997","0.345342334618249","0.654657665381751","0.922292906492482","0.0777070935075177","0.317579958315972","0.60471294817651","0.0277623763022758","0.0499447172052418","8435.52578892806"
"temprow.557","558","MeanCoopTie2Noncoop","Female_song_score","0.0138308850326657","0.0485126026993092","0.0680803386891222","0.0364220847554693","997","0.336227602350003","0.663772397649997","0.929533232598258","0.0704667674017416","0.31316016215389","0.616373070444369","0.0230674401961128","0.0473993272056288","8435.52578892806"
"temprow.558","559","MeanCoopTie2Noncoop","Female_song_score","0.0138308850326657","0.0485126026993092","0.0680803386891222","0.0364220847554693","997","0.324626156847834","0.675373843152166","0.922027065202728","0.0779729347972715","0.301271668151986","0.620755397050743","0.023354488695848","0.0546184461014234","8435.52578892806"
"temprow.559","560","MeanCoopTie2Noncoop","Female_song_score","0.0138308850326657","0.0485126026993092","0.0680803386891222","0.0364220847554693","997","0.420321359794035","0.579678640205965","0.906298467159309","0.0937015328406914","0.376419996199962","0.529878470959346","0.0439013635940722","0.0498001692466191","8435.52578892806"
"temprow.560","561","MeanCoopTie2Noncoop","Female_song_score","0.0138308850326657","0.0485126026993092","0.0680803386891222","0.0364220847554693","997","0.339138385440751","0.660861614559249","0.912525486040695","0.0874745139593045","0.318203080614664","0.594322405426032","0.0209353048260873","0.0665392091332171","8435.52578892806"
"temprow.561","562","MeanCoopTie2Noncoop","Female_song_score","0.0138308850326657","0.0485126026993092","0.0680803386891222","0.0364220847554693","997","0.371422527719925","0.628577472280075","0.922137242907587","0.0778627570924134","0.347387064887028","0.574750178020558","0.0240354628328966","0.0538272942595167","8435.52578892806"
"temprow.562","563","MeanCoopTie2Noncoop","Female_song_score","0.0138308850326657","0.0485126026993092","0.0680803386891222","0.0364220847554693","997","0.30452613433352","0.69547386566648","0.922013451381746","0.0779865486182535","0.279298848370367","0.642714603011379","0.0252272859631523","0.0527592626551011","8435.52578892806"
"temprow.563","564","MeanCoopTie2Noncoop","Female_song_score","0.0138308850326657","0.0485126026993092","0.0680803386891222","0.0364220847554693","997","0.328239467023713","0.671760532976287","0.920521425291332","0.0794785747086682","0.296620593523624","0.623900831767708","0.0316188735000887","0.0478597012085794","8435.52578892806"
"temprow.564","565","MeanCoopTie2Noncoop","Female_song_score","0.0138308850326657","0.0485126026993092","0.0680803386891222","0.0364220847554693","997","0.294087002222421","0.705912997777579","0.932450211270014","0.0675497887299861","0.280524154133477","0.651926057136537","0.0135628480889438","0.0539869406410423","8435.52578892806"
"temprow.565","566","MeanCoopTie2Noncoop","Female_song_score","0.0138308850326657","0.0485126026993092","0.0680803386891222","0.0364220847554693","997","0.365538634486437","0.634461365513562","0.893231962452895","0.106768037547105","0.321462996469962","0.571768965982933","0.0440756380164748","0.06269239953063","8435.52578892806"
"temprow.566","567","MeanCoopTie2Noncoop","Female_song_score","0.0138308850326657","0.0485126026993092","0.0680803386891222","0.0364220847554693","997","0.343997871232942","0.656002128767058","0.896760052839996","0.103239947160004","0.30230608404425","0.594453968795746","0.041691787188692","0.0615481599713121","8435.52578892806"
"temprow.567","568","MeanCoopTie2Noncoop","Female_song_score","0.0138308850326657","0.0485126026993092","0.0680803386891222","0.0364220847554693","997","0.268140182715897","0.731859817284103","0.913459082548755","0.0865409174512449","0.245137284536237","0.668321798012518","0.0230028981796603","0.0635380192715845","8435.52578892806"
"temprow.568","569","MeanCoopTie2Noncoop","Female_song_score","0.0138308850326657","0.0485126026993092","0.0680803386891222","0.0364220847554693","997","0.320466076807219","0.679533923192781","0.912842516926017","0.0871574830739827","0.293252768129431","0.619589748796586","0.0272133086777882","0.0599441743961945","8435.52578892806"
"temprow.569","570","MeanCoopTie2Noncoop","Female_song_score","0.0138308850326657","0.0485126026993092","0.0680803386891222","0.0364220847554693","997","0.310975348226704","0.689024651773296","0.915182906252443","0.084817093747557","0.27558088461921","0.639602021633233","0.0353944636074937","0.0494226301400633","8435.52578892806"
"temprow.570","571","MeanCoopTie2Noncoop","Female_song_score","0.0138308850326657","0.0485126026993092","0.0680803386891222","0.0364220847554693","997","0.301335184572288","0.698664815427712","0.91592737788154","0.0840726221184604","0.278315019419328","0.637612358462211","0.0230201651529591","0.0610524569655012","8435.52578892806"
"temprow.571","572","MeanCoopTie2Noncoop","Female_song_score","0.0138308850326657","0.0485126026993092","0.0680803386891222","0.0364220847554693","997","0.341616980204429","0.658383019795571","0.922738895109976","0.077261104890024","0.312973299831365","0.609765595278611","0.0286436803730638","0.0486174245169601","8435.52578892806"
"temprow.572","573","MeanCoopTie2Noncoop","Female_song_score","0.0138308850326657","0.0485126026993092","0.0680803386891222","0.0364220847554693","997","0.33800743171856","0.66199256828144","0.922676167994913","0.0773238320050872","0.310891200044408","0.611784967950504","0.027116231674152","0.0502076003309352","8435.52578892806"
"temprow.573","574","MeanCoopTie2Noncoop","Female_song_score","0.0138308850326657","0.0485126026993092","0.0680803386891222","0.0364220847554693","997","0.331367195811014","0.668632804188986","0.914432507146794","0.0855674928532064","0.307975243869881","0.606457263276913","0.0233919519411332","0.0621755409120731","8435.52578892806"
"temprow.574","575","MeanCoopTie2Noncoop","Female_song_score","0.0138308850326657","0.0485126026993092","0.0680803386891222","0.0364220847554693","997","0.317896198986394","0.682103801013606","0.910889130382167","0.0891108696178333","0.292026333533309","0.618862796848857","0.0258698654530842","0.0632410041647492","8435.52578892806"
"temprow.575","576","MeanCoopTie2Noncoop","Female_song_score","0.0138308850326657","0.0485126026993092","0.0680803386891222","0.0364220847554693","997","0.322588901643917","0.677411098356083","0.915377889967726","0.0846221100322741","0.297411022995095","0.617966866972631","0.0251778786488225","0.0594442313834516","8435.52578892806"
"temprow.576","577","MeanCoopTie2Noncoop","Female_song_score","0.0138308850326657","0.0485126026993092","0.0680803386891222","0.0364220847554693","997","0.348382674132884","0.651617325867116","0.906215827694244","0.0937841723057559","0.316822155675227","0.589393672019017","0.0315605184576571","0.0622236538480987","8435.52578892806"
"temprow.577","578","MeanCoopTie2Noncoop","Female_song_score","0.0138308850326657","0.0485126026993092","0.0680803386891222","0.0364220847554693","997","0.346667782033302","0.653332217966698","0.925498013885343","0.074501986114657","0.315557744853006","0.609940269032337","0.0311100371802958","0.0433919489343612","8435.52578892806"
"temprow.578","579","MeanCoopTie2Noncoop","Female_song_score","0.0138308850326657","0.0485126026993092","0.0680803386891222","0.0364220847554693","997","0.303946488031863","0.696053511968137","0.927110197653759","0.072889802346241","0.275012985653489","0.65209721200027","0.0289335023783737","0.0439562999678672","8435.52578892806"
"temprow.579","580","MeanCoopTie2Noncoop","Female_song_score","0.0138308850326657","0.0485126026993092","0.0680803386891222","0.0364220847554693","997","0.309682019581867","0.690317980418133","0.916951653875117","0.0830483461248828","0.28201799307675","0.634933660798367","0.0276640265051174","0.0553843196197654","8435.52578892806"
"temprow.580","581","MeanCoopTie2Noncoop","Female_song_score","0.0138308850326657","0.0485126026993092","0.0680803386891222","0.0364220847554693","997","0.317282095860114","0.682717904139886","0.915353047152755","0.0846469528472448","0.289876867062453","0.625476180090302","0.0274052287976607","0.057241724049584","8435.52578892806"
"temprow.581","582","MeanCoopTie2Noncoop","Female_song_score","0.0138308850326657","0.0485126026993092","0.0680803386891222","0.0364220847554693","997","0.353547519939679","0.646452480060321","0.928030165650511","0.0719698343494888","0.326862131103203","0.601168034547309","0.0266853888364764","0.0452844455130123","8435.52578892806"
"temprow.582","583","MeanCoopTie2Noncoop","Female_song_score","0.0138308850326657","0.0485126026993092","0.0680803386891222","0.0364220847554693","997","0.295987177346759","0.704012822653241","0.927372373843585","0.0726276261564154","0.275793646054724","0.65157872778886","0.0201935312920344","0.0524340948643811","8435.52578892806"
"temprow.583","584","MeanCoopTie2Noncoop","Female_song_score","0.0138308850326657","0.0485126026993092","0.0680803386891222","0.0364220847554693","997","0.34181321221119","0.65818678778881","0.902656370603093","0.097343629396907","0.307503254076525","0.595153116526568","0.034309958134665","0.0630336712622419","8435.52578892806"
"temprow.584","585","MeanCoopTie2Noncoop","Female_song_score","0.0138308850326657","0.0485126026993092","0.0680803386891222","0.0364220847554693","997","0.28077129983232","0.71922870016768","0.925032149042652","0.0749678509573481","0.25881119433703","0.666220954705622","0.0219601054952897","0.0530077454620583","8435.52578892806"
"temprow.585","586","MeanCoopTie2Noncoop","Female_song_score","0.0138308850326657","0.0485126026993092","0.0680803386891222","0.0364220847554693","997","0.285057418578126","0.714942581421874","0.931430604827996","0.0685693951720036","0.262345048160407","0.669085556667589","0.0227123704177184","0.0458570247542852","8435.52578892806"
"temprow.586","587","MeanCoopTie2Noncoop","Female_song_score","0.0138308850326657","0.0485126026993092","0.0680803386891222","0.0364220847554693","997","0.338628514958988","0.661371485041012","0.9263301468459","0.0736698531541002","0.310765879496492","0.615564267349407","0.0278626354624952","0.045807217691605","8435.52578892806"
"temprow.587","588","MeanCoopTie2Noncoop","Female_song_score","0.0138308850326657","0.0485126026993092","0.0680803386891222","0.0364220847554693","997","0.331497917709962","0.668502082290038","0.921539164139329","0.0784608358606708","0.302136779656188","0.619402384483142","0.0293611380537742","0.0490996978068965","8435.52578892806"
"temprow.588","589","MeanCoopTie2Noncoop","Female_song_score","0.0138308850326657","0.0485126026993092","0.0680803386891222","0.0364220847554693","997","0.333635934897022","0.666364065102978","0.92077840611905","0.0792215938809497","0.303964011015532","0.616814395103518","0.029671923881489","0.0495496699994606","8435.52578892806"
"temprow.589","590","MeanCoopTie2Noncoop","Female_song_score","0.0138308850326657","0.0485126026993092","0.0680803386891222","0.0364220847554693","997","0.300491937091676","0.699508062908324","0.932973797993177","0.0670262020068226","0.274786060844263","0.658187737148914","0.0257058762474133","0.0413203257594093","8435.52578892806"
"temprow.590","591","MeanCoopTie2Noncoop","Female_song_score","0.0138308850326657","0.0485126026993092","0.0680803386891222","0.0364220847554693","997","0.315841529775","0.684158470224999","0.918914726094431","0.081085273905569","0.283567695031063","0.635347031063368","0.0322738347439374","0.0488114391616314","8435.52578892806"
"temprow.591","592","MeanCoopTie2Noncoop","Female_song_score","0.0138308850326657","0.0485126026993092","0.0680803386891222","0.0364220847554693","997","0.338538319260471","0.661461680739529","0.894235369585881","0.105764630414119","0.297944524679656","0.596290844906225","0.0405937945808152","0.0651708358333037","8435.52578892806"
"temprow.592","593","MeanCoopTie2Noncoop","Female_song_score","0.0138308850326657","0.0485126026993092","0.0680803386891222","0.0364220847554693","997","0.327651406506741","0.672348593493259","0.924809769300207","0.075190230699793","0.296940268389028","0.627869500911179","0.030711138117712","0.0444790925820809","8435.52578892806"
"temprow.593","594","MeanCoopTie2Noncoop","Female_song_score","0.0138308850326657","0.0485126026993092","0.0680803386891222","0.0364220847554693","997","0.36575229546513","0.63424770453487","0.931776341263579","0.0682236587364207","0.345837253287611","0.585939087975969","0.0199150421775196","0.048308616558901","8435.52578892806"
"temprow.594","595","MeanCoopTie2Noncoop","Female_song_score","0.0138308850326657","0.0485126026993092","0.0680803386891222","0.0364220847554693","997","0.379726775256812","0.620273224743188","0.920477479936238","0.0795225200637623","0.347480849983296","0.572996629952942","0.0322459252735159","0.0472765947902463","8435.52578892806"
"temprow.595","596","MeanCoopTie2Noncoop","Female_song_score","0.0138308850326657","0.0485126026993092","0.0680803386891222","0.0364220847554693","997","0.37173423096743","0.62826576903257","0.922290425007992","0.0777095749920077","0.341023691557696","0.581266733450297","0.0307105394097343","0.0469990355822734","8435.52578892806"
"temprow.596","597","MeanCoopTie2Noncoop","Female_song_score","0.0138308850326657","0.0485126026993092","0.0680803386891222","0.0364220847554693","997","0.339390382255843","0.660609617744157","0.908321826672773","0.0916781733272275","0.307455642230316","0.600866184442456","0.0319347400255264","0.0597434333017011","8435.52578892806"
"temprow.597","598","MeanCoopTie2Noncoop","Female_song_score","0.0138308850326657","0.0485126026993092","0.0680803386891222","0.0364220847554693","997","0.297769181378967","0.702230818621033","0.909974461903892","0.0900255380961081","0.266648281779853","0.643326180124039","0.0311208995991141","0.0589046384969939","8435.52578892806"
"temprow.598","599","MeanCoopTie2Noncoop","Female_song_score","0.0138308850326657","0.0485126026993092","0.0680803386891222","0.0364220847554693","997","0.300045695667923","0.699954304332077","0.899421418532965","0.100578581467035","0.272193784545304","0.627227633987661","0.0278519111226185","0.0727266703444164","8435.52578892806"
"temprow.599","600","MeanCoopTie2Noncoop","Female_song_score","0.0138308850326657","0.0485126026993092","0.0680803386891222","0.0364220847554693","997","0.380384126723721","0.619615873276279","0.929281011634443","0.0707189883655571","0.345180057781183","0.58410095385326","0.0352040689425378","0.0355149194230192","8435.52578892806"
"temprow.600","601","MeanCoopTie2Noncoop","Female_song_score","0.0138308850326657","0.0485126026993092","0.0680803386891222","0.0364220847554693","997","0.368123532108606","0.631876467891393","0.912689494199507","0.0873105058004932","0.333177149945257","0.57951234425425","0.0349463821633497","0.0523641236371434","8435.52578892806"
"temprow.601","602","MeanCoopTie2Noncoop","Female_song_score","0.0138308850326657","0.0485126026993092","0.0680803386891222","0.0364220847554693","997","0.320729719258925","0.679270280741075","0.915785395820469","0.0842146041795307","0.286099028226415","0.629686367594054","0.0346306910325099","0.0495839131470208","8435.52578892806"
"temprow.602","603","MeanCoopTie2Noncoop","Female_song_score","0.0138308850326657","0.0485126026993092","0.0680803386891222","0.0364220847554693","997","0.327144535830174","0.672855464169826","0.932530140646437","0.0674698593535625","0.29920056976664","0.633329570879798","0.0279439660635348","0.0395258932900277","8435.52578892806"
"temprow.603","604","MeanCoopTie2Noncoop","Female_song_score","0.0138308850326657","0.0485126026993092","0.0680803386891222","0.0364220847554693","997","0.30993646254634","0.690063537453659","0.92072581171096","0.0792741882890397","0.288989165846526","0.631736645864434","0.0209472966998144","0.0583268915892253","8435.52578892806"
"temprow.604","605","MeanCoopTie2Noncoop","Female_song_score","0.0138308850326657","0.0485126026993092","0.0680803386891222","0.0364220847554693","997","0.357055828898215","0.642944171101785","0.921225857039114","0.0787741429608855","0.329049036683143","0.592176820355972","0.0280067922150713","0.0507673507458141","8435.52578892806"
"temprow.605","606","MeanCoopTie2Noncoop","Female_song_score","0.0138308850326657","0.0485126026993092","0.0680803386891222","0.0364220847554693","997","0.353711034035221","0.646288965964779","0.928993273425263","0.0710067265747367","0.333818946196385","0.595174327228879","0.0198920878388361","0.0511146387359006","8435.52578892806"
"temprow.606","607","MeanCoopTie2Noncoop","Female_song_score","0.0138308850326657","0.0485126026993092","0.0680803386891222","0.0364220847554693","997","0.334366683001488","0.665633316998512","0.915353484016","0.0846465159840003","0.305587794119038","0.609765689896962","0.0287788888824497","0.0558676271015504","8435.52578892806"
"temprow.607","608","MeanCoopTie2Noncoop","Female_song_score","0.0138308850326657","0.0485126026993092","0.0680803386891222","0.0364220847554693","997","0.312378637262436","0.687621362737564","0.924911276370381","0.0750887236296191","0.290099293805987","0.634811982564394","0.0222793434564485","0.0528093801731706","8435.52578892806"
"temprow.608","609","MeanCoopTie2Noncoop","Female_song_score","0.0138308850326657","0.0485126026993092","0.0680803386891222","0.0364220847554693","997","0.31704627005214","0.68295372994786","0.911414373623469","0.0885856263765314","0.28695834106523","0.624456032558239","0.0300879289869094","0.0584976973896219","8435.52578892806"
"temprow.609","610","MeanCoopTie2Noncoop","Female_song_score","0.0138308850326657","0.0485126026993092","0.0680803386891222","0.0364220847554693","997","0.322268270545153","0.677731729454847","0.915801658747693","0.084198341252307","0.300934121846086","0.614867536901607","0.0213341486990665","0.0628641925532404","8435.52578892806"
"temprow.610","611","MeanCoopTie2Noncoop","Female_song_score","0.0138308850326657","0.0485126026993092","0.0680803386891222","0.0364220847554693","997","0.316115759283736","0.683884240716264","0.926212314139383","0.0737876858606174","0.283375213586728","0.642837100552654","0.0327405456970076","0.0410471401636098","8435.52578892806"
"temprow.611","612","MeanCoopTie2Noncoop","Female_song_score","0.0138308850326657","0.0485126026993092","0.0680803386891222","0.0364220847554693","997","0.37004996363022","0.62995003636978","0.926607520223562","0.0733924797764385","0.347749156868112","0.57885836335545","0.0223008067621074","0.051091673014331","8435.52578892806"
"temprow.612","613","MeanCoopTie2Noncoop","Female_song_score","0.0138308850326657","0.0485126026993092","0.0680803386891222","0.0364220847554693","997","0.309549000812381","0.690450999187619","0.905221284803153","0.0947787151968473","0.276823808270981","0.628397476532171","0.032725192541399","0.0620535226554482","8435.52578892806"
"temprow.613","614","MeanCoopTie2Noncoop","Female_song_score","0.0138308850326657","0.0485126026993092","0.0680803386891222","0.0364220847554693","997","0.258996092407516","0.741003907592484","0.931781832367404","0.0682181676325964","0.23493841718025","0.696843415187153","0.0240576752272653","0.0441604924053311","8435.52578892806"
"temprow.614","615","MeanCoopTie2Noncoop","Female_song_score","0.0138308850326657","0.0485126026993092","0.0680803386891222","0.0364220847554693","997","0.344105240364444","0.655894759635556","0.935739993307836","0.0642600066921644","0.322823464028058","0.612916529279778","0.0212817763363856","0.0429782303557788","8435.52578892806"
"temprow.615","616","MeanCoopTie2Noncoop","Female_song_score","0.0138308850326657","0.0485126026993092","0.0680803386891222","0.0364220847554693","997","0.341464756284619","0.658535243715381","0.909500801005306","0.090499198994694","0.31588299291611","0.593617808089196","0.025581763368508","0.0649174356261859","8435.52578892806"
"temprow.616","617","MeanCoopTie2Noncoop","Female_song_score","0.0138308850326657","0.0485126026993092","0.0680803386891222","0.0364220847554693","997","0.338578591586003","0.661421408413997","0.914471476339665","0.0855285236603351","0.311593737854308","0.602877738485357","0.0269848537316949","0.0585436699286402","8435.52578892806"
"temprow.617","618","MeanCoopTie2Noncoop","Female_song_score","0.0138308850326657","0.0485126026993092","0.0680803386891222","0.0364220847554693","997","0.348228888347476","0.651771111652524","0.933566869502217","0.066433130497783","0.32411825543554","0.609448614066677","0.0241106329119355","0.0423224975858475","8435.52578892806"
"temprow.618","619","MeanCoopTie2Noncoop","Female_song_score","0.0138308850326657","0.0485126026993092","0.0680803386891222","0.0364220847554693","997","0.372700861285282","0.627299138714718","0.916945423990448","0.0830545760095516","0.348937815770215","0.568007608220233","0.0237630455150661","0.0592915304944855","8435.52578892806"
"temprow.619","620","MeanCoopTie2Noncoop","Female_song_score","0.0138308850326657","0.0485126026993092","0.0680803386891222","0.0364220847554693","997","0.332270085140657","0.667729914859343","0.921034797940154","0.0789652020598464","0.301285967975991","0.619748829964163","0.0309841171646661","0.0479810848951803","8435.52578892806"
"temprow.620","621","MeanCoopTie2Noncoop","Female_song_score","0.0138308850326657","0.0485126026993092","0.0680803386891222","0.0364220847554693","997","0.335488524818351","0.664511475181649","0.914221478721911","0.0857785212780887","0.304816599624235","0.609404879097676","0.0306719251941152","0.0551065960839736","8435.52578892806"
"temprow.621","622","MeanCoopTie2Noncoop","Female_song_score","0.0138308850326657","0.0485126026993092","0.0680803386891222","0.0364220847554693","997","0.353665506325818","0.646334493674182","0.90577363625964","0.0942263637403602","0.31740303624102","0.58837060001862","0.0362624700847981","0.057963893655562","8435.52578892806"
"temprow.622","623","MeanCoopTie2Noncoop","Female_song_score","0.0138308850326657","0.0485126026993092","0.0680803386891222","0.0364220847554693","997","0.30598330804614","0.69401669195386","0.922220955900833","0.0777790440991673","0.280178726860586","0.642042229040247","0.0258045811855541","0.0519744629136131","8435.52578892806"
"temprow.623","624","MeanCoopTie2Noncoop","Female_song_score","0.0138308850326657","0.0485126026993092","0.0680803386891222","0.0364220847554693","997","0.329404821801137","0.670595178198863","0.933045802855272","0.066954197144728","0.304652186404823","0.628393616450449","0.0247526353963137","0.0422015617484144","8435.52578892806"
"temprow.624","625","MeanCoopTie2Noncoop","Female_song_score","0.0138308850326657","0.0485126026993092","0.0680803386891222","0.0364220847554693","997","0.322412458891105","0.677587541108895","0.916242397774756","0.0837576022252442","0.293773897641728","0.622468500133027","0.0286385612493761","0.0551190409758681","8435.52578892806"
"temprow.625","626","MeanCoopTie2Noncoop","Female_song_score","0.0138308850326657","0.0485126026993092","0.0680803386891222","0.0364220847554693","997","0.277999487567635","0.722000512432365","0.917705135382246","0.0822948646177543","0.255057054798679","0.662648080583566","0.0229424327689554","0.0593524318487989","8435.52578892806"
"temprow.626","627","MeanCoopTie2Noncoop","Female_song_score","0.0138308850326657","0.0485126026993092","0.0680803386891222","0.0364220847554693","997","0.384467943340059","0.615532056659941","0.912437503774422","0.0875624962255784","0.351547347301692","0.56089015647273","0.0329205960383668","0.0546419001872115","8435.52578892806"
"temprow.627","628","MeanCoopTie2Noncoop","Female_song_score","0.0138308850326657","0.0485126026993092","0.0680803386891222","0.0364220847554693","997","0.376093128839259","0.623906871160741","0.911898750138593","0.0881012498614067","0.351780530700219","0.560118219438374","0.0243125981390399","0.0637886517223667","8435.52578892806"
"temprow.628","629","MeanCoopTie2Noncoop","Female_song_score","0.0138308850326657","0.0485126026993092","0.0680803386891222","0.0364220847554693","997","0.302649211613309","0.697350788386691","0.922037732500222","0.077962267499778","0.269980923530006","0.652056808970216","0.0326682880833031","0.0452939794164748","8435.52578892806"
"temprow.629","630","MeanCoopTie2Noncoop","Female_song_score","0.0138308850326657","0.0485126026993092","0.0680803386891222","0.0364220847554693","997","0.335288000327985","0.664711999672015","0.937130299153213","0.0628697008467871","0.31546418609227","0.621666113060943","0.0198238142357145","0.0430458866110726","8435.52578892806"
"temprow.630","631","MeanCoopTie2Noncoop","Female_song_score","0.0138308850326657","0.0485126026993092","0.0680803386891222","0.0364220847554693","997","0.336983414134112","0.663016585865888","0.930177341492413","0.0698226585075872","0.312024632497622","0.618152708994791","0.0249587816364903","0.0448638768710967","8435.52578892806"
"temprow.631","632","MeanCoopTie2Noncoop","Female_song_score","0.0138308850326657","0.0485126026993092","0.0680803386891222","0.0364220847554693","997","0.342525701868582","0.657474298131418","0.923652892763456","0.0763471072365441","0.314645579290703","0.609007313472753","0.0278801225778791","0.048466984658665","8435.52578892806"
"temprow.632","633","MeanCoopTie2Noncoop","Female_song_score","0.0138308850326657","0.0485126026993092","0.0680803386891222","0.0364220847554693","997","0.336816045096003","0.663183954903997","0.918735297082972","0.0812647029170279","0.311491614803855","0.607243682279117","0.025324430292149","0.0559402726248789","8435.52578892806"
"temprow.633","634","MeanCoopTie2Noncoop","Female_song_score","0.0138308850326657","0.0485126026993092","0.0680803386891222","0.0364220847554693","997","0.312606412896215","0.687393587103785","0.932088394224051","0.0679116057759489","0.289380914462791","0.64270747976126","0.0232254984334233","0.0446861073425256","8435.52578892806"
"temprow.634","635","MeanCoopTie2Noncoop","Female_song_score","0.0138308850326657","0.0485126026993092","0.0680803386891222","0.0364220847554693","997","0.40792519791134","0.59207480208866","0.921624293692031","0.0783757063079692","0.373158766278057","0.548465527413974","0.0347664316332829","0.0436092746746862","8435.52578892806"
"temprow.635","636","MeanCoopTie2Noncoop","Female_song_score","0.0138308850326657","0.0485126026993092","0.0680803386891222","0.0364220847554693","997","0.331125629340767","0.668874370659233","0.924115832287175","0.0758841677128248","0.30302146903859","0.621094363248585","0.0281041603021764","0.0477800074106483","8435.52578892806"
"temprow.636","637","MeanCoopTie2Noncoop","Female_song_score","0.0138308850326657","0.0485126026993092","0.0680803386891222","0.0364220847554693","997","0.378432253901402","0.621567746098598","0.925675873470422","0.0743241265295775","0.355403088342261","0.570272785128162","0.0230291655591409","0.0512949609704365","8435.52578892806"
"temprow.637","638","MeanCoopTie2Noncoop","Female_song_score","0.0138308850326657","0.0485126026993092","0.0680803386891222","0.0364220847554693","997","0.335822681411299","0.664177318588701","0.93177177965422","0.0682282203457798","0.31356878578535","0.61820299386887","0.0222538956259482","0.0459743247198316","8435.52578892806"
"temprow.638","639","MeanCoopTie2Noncoop","Female_song_score","0.0138308850326657","0.0485126026993092","0.0680803386891222","0.0364220847554693","997","0.361085764264044","0.638914235735956","0.906161453603548","0.0938385463964519","0.321926466936101","0.584234986667447","0.0391592973279422","0.0546792490685096","8435.52578892806"
"temprow.639","640","MeanCoopTie2Noncoop","Female_song_score","0.0138308850326657","0.0485126026993092","0.0680803386891222","0.0364220847554693","997","0.330337833120338","0.669662166879662","0.927475437217564","0.0725245627824356","0.308986023269428","0.618489413948136","0.021351809850909","0.0511727529315265","8435.52578892806"
"temprow.640","641","MeanCoopTie2Noncoop","Female_song_score","0.0138308850326657","0.0485126026993092","0.0680803386891222","0.0364220847554693","997","0.35434031350969","0.64565968649031","0.926040192141844","0.073959807858156","0.328884907095078","0.597155285046767","0.0254554064146119","0.048504401443544","8435.52578892806"
"temprow.641","642","MeanCoopTie2Noncoop","Female_song_score","0.0138308850326657","0.0485126026993092","0.0680803386891222","0.0364220847554693","997","0.273874462170053","0.726125537829947","0.908141939578526","0.0918580604214742","0.248082422070349","0.660059517508177","0.0257920400997033","0.0660660203217707","8435.52578892806"
"temprow.642","643","MeanCoopTie2Noncoop","Female_song_score","0.0138308850326657","0.0485126026993092","0.0680803386891222","0.0364220847554693","997","0.325113375294698","0.674886624705302","0.907834863533383","0.0921651364666164","0.294025513810904","0.613809349722479","0.0310878614837935","0.0610772749828228","8435.52578892806"
"temprow.643","644","MeanCoopTie2Noncoop","Female_song_score","0.0138308850326657","0.0485126026993092","0.0680803386891222","0.0364220847554693","997","0.293599713938912","0.706400286061088","0.918689528036193","0.0813104719638067","0.268208405900431","0.650481122135762","0.0253913080384807","0.0559191639253259","8435.52578892806"
"temprow.644","645","MeanCoopTie2Noncoop","Female_song_score","0.0138308850326657","0.0485126026993092","0.0680803386891222","0.0364220847554693","997","0.313952458631672","0.686047541368328","0.919115069216297","0.0808849307837034","0.290368269330904","0.628746799885393","0.0235841893007681","0.0573007414829352","8435.52578892806"
"temprow.645","646","MeanCoopTie2Noncoop","Female_song_score","0.0138308850326657","0.0485126026993092","0.0680803386891222","0.0364220847554693","997","0.343625801388781","0.656374198611219","0.926588388588508","0.0734116114114921","0.318905290264306","0.607683098324202","0.024720511124475","0.0486911002870171","8435.52578892806"
"temprow.646","647","MeanCoopTie2Noncoop","Female_song_score","0.0138308850326657","0.0485126026993092","0.0680803386891222","0.0364220847554693","997","0.311244831533001","0.688755168466999","0.926591028870064","0.0734089711299357","0.284895305209488","0.641695723660577","0.0263495263235129","0.0470594448064229","8435.52578892806"
"temprow.647","648","MeanCoopTie2Noncoop","Female_song_score","0.0138308850326657","0.0485126026993092","0.0680803386891222","0.0364220847554693","997","0.338490449251331","0.661509550748669","0.928290808822948","0.0717091911770519","0.31081250979871","0.617478299024238","0.0276779394526208","0.044031251724431","8435.52578892806"
"temprow.648","649","MeanCoopTie2Noncoop","Female_song_score","0.0138308850326657","0.0485126026993092","0.0680803386891222","0.0364220847554693","997","0.326762532041592","0.673237467958408","0.900745224416992","0.0992547755830075","0.293440968517545","0.607304255899447","0.0333215635240462","0.0659332120589612","8435.52578892806"
"temprow.649","650","MeanCoopTie2Noncoop","Female_song_score","0.0138308850326657","0.0485126026993092","0.0680803386891222","0.0364220847554693","997","0.353589922384395","0.646410077615605","0.913084696217669","0.0869153037823306","0.31746428574606","0.595620410471609","0.0361256366383341","0.0507896671439965","8435.52578892806"
"temprow.650","651","MeanCoopTie2Noncoop","Female_song_score","0.0138308850326657","0.0485126026993092","0.0680803386891222","0.0364220847554693","997","0.318998780178128","0.681001219821872","0.928863563093559","0.0711364369064413","0.289439721976176","0.639423841117382","0.0295590582019513","0.04157737870449","8435.52578892806"
"temprow.651","652","MeanCoopTie2Noncoop","Female_song_score","0.0138308850326657","0.0485126026993092","0.0680803386891222","0.0364220847554693","997","0.279333609457955","0.720666390542045","0.909420242569247","0.0905797574307534","0.251687099399056","0.65773314317019","0.0276465100588991","0.0629332473718543","8435.52578892806"
"temprow.652","653","MeanCoopTie2Noncoop","Female_song_score","0.0138308850326657","0.0485126026993092","0.0680803386891222","0.0364220847554693","997","0.326665748127751","0.673334251872249","0.928497914893719","0.0715020851062808","0.299686441835425","0.628811473058294","0.0269793062923257","0.0445227788139551","8435.52578892806"
"temprow.653","654","MeanCoopTie2Noncoop","Female_song_score","0.0138308850326657","0.0485126026993092","0.0680803386891222","0.0364220847554693","997","0.314295564394953","0.685704435605047","0.917542024159948","0.0824579758400524","0.291468239245159","0.626073784914789","0.0228273251497944","0.059630650690258","8435.52578892806"
"temprow.654","655","MeanCoopTie2Noncoop","Female_song_score","0.0138308850326657","0.0485126026993092","0.0680803386891222","0.0364220847554693","997","0.292813382156389","0.707186617843611","0.940977142156369","0.0590228578436306","0.274994078172965","0.665983063983405","0.0178193039834237","0.0412035538602068","8435.52578892806"
"temprow.655","656","MeanCoopTie2Noncoop","Female_song_score","0.0138308850326657","0.0485126026993092","0.0680803386891222","0.0364220847554693","997","0.353133689186004","0.646866310813996","0.921325998312075","0.0786740016879253","0.319748253942128","0.601577744369947","0.033385435243876","0.0452885664440492","8435.52578892806"
"temprow.656","657","MeanCoopTie2Noncoop","Female_song_score","0.0138308850326657","0.0485126026993092","0.0680803386891222","0.0364220847554693","997","0.369713956113059","0.630286043886941","0.906777526503956","0.0932224734960445","0.333100026750647","0.573677499753309","0.0366139293624116","0.0566085441336328","8435.52578892806"
"temprow.657","658","MeanCoopTie2Noncoop","Female_song_score","0.0138308850326657","0.0485126026993092","0.0680803386891222","0.0364220847554693","997","0.277644531005528","0.722355468994472","0.904997300685359","0.0950026993146411","0.248284566008564","0.656712734676795","0.0293599649969637","0.0656427343176774","8435.52578892806"
"temprow.658","659","MeanCoopTie2Noncoop","Female_song_score","0.0138308850326657","0.0485126026993092","0.0680803386891222","0.0364220847554693","997","0.313205503582642","0.686794496417358","0.919562647174394","0.0804373528256059","0.284840909031332","0.634721738143062","0.0283645945513098","0.0520727582742961","8435.52578892806"
"temprow.659","660","MeanCoopTie2Noncoop","Female_song_score","0.0138308850326657","0.0485126026993092","0.0680803386891222","0.0364220847554693","997","0.365139694080484","0.634860305919516","0.92451431785923","0.0754856821407704","0.340428070907558","0.584086246951672","0.0247116231729268","0.0507740589678435","8435.52578892806"
"temprow.660","661","MeanCoopTie2Noncoop","Female_song_score","0.0138308850326657","0.0485126026993092","0.0680803386891222","0.0364220847554693","997","0.311599149604284","0.688400850395716","0.911870813500788","0.0881291864992124","0.288428606555638","0.623442206945149","0.0231705430486456","0.0649586434505669","8435.52578892806"
"temprow.661","662","MeanCoopTie2Noncoop","Female_song_score","0.0138308850326657","0.0485126026993092","0.0680803386891222","0.0364220847554693","997","0.379649467198994","0.620350532801006","0.929837958179957","0.0701620418200431","0.350790911598774","0.579047046581183","0.0288585556002197","0.0413034862198233","8435.52578892806"
"temprow.662","663","MeanCoopTie2Noncoop","Female_song_score","0.0138308850326657","0.0485126026993092","0.0680803386891222","0.0364220847554693","997","0.30410841690566","0.69589158309434","0.935977274437781","0.0640227255622187","0.281136959052231","0.65484031538555","0.022971457853429","0.0410512677087896","8435.52578892806"
"temprow.663","664","MeanCoopTie2Noncoop","Female_song_score","0.0138308850326657","0.0485126026993092","0.0680803386891222","0.0364220847554693","997","0.347461854398143","0.652538145601857","0.930584870985716","0.069415129014284","0.320185675205175","0.610399195780541","0.027276179192967","0.042138949821317","8435.52578892806"
"temprow.664","665","MeanCoopTie2Noncoop","Female_song_score","0.0138308850326657","0.0485126026993092","0.0680803386891222","0.0364220847554693","997","0.29985228907943","0.70014771092057","0.910887632265018","0.0891123677349818","0.281301906240424","0.629585726024595","0.0185503828390064","0.0705619848959753","8435.52578892806"
"temprow.665","666","MeanCoopTie2Noncoop","Female_song_score","0.0138308850326657","0.0485126026993092","0.0680803386891222","0.0364220847554693","997","0.393483035376252","0.606516964623748","0.889030083658859","0.110969916341141","0.347703183255988","0.541326900402871","0.0457798521202632","0.0651900642208776","8435.52578892806"
"temprow.666","667","MeanCoopTie2Noncoop","Female_song_score","0.0138308850326657","0.0485126026993092","0.0680803386891222","0.0364220847554693","997","0.355312669205089","0.64468733079491","0.922702074712173","0.0772979252878266","0.327904330058529","0.594797744653644","0.0274083391465601","0.0498895861412663","8435.52578892806"
"temprow.667","668","MeanCoopTie2Noncoop","Female_song_score","0.0138308850326657","0.0485126026993092","0.0680803386891222","0.0364220847554693","997","0.3611683386487","0.6388316613513","0.927208021871081","0.0727919781289185","0.339373851872214","0.587834169998867","0.0217944867764858","0.0509974913524327","8435.52578892806"
"temprow.668","669","MeanCoopTie2Noncoop","Female_song_score","0.0138308850326657","0.0485126026993092","0.0680803386891222","0.0364220847554693","997","0.390402667676336","0.609597332323664","0.928947020825932","0.0710529791740682","0.361609663418809","0.567337357407123","0.0287930042575271","0.0422599749165411","8435.52578892806"
"temprow.669","670","MeanCoopTie2Noncoop","Female_song_score","0.0138308850326657","0.0485126026993092","0.0680803386891222","0.0364220847554693","997","0.359909860575346","0.640090139424654","0.924105141542791","0.0758948584572088","0.336325214411166","0.587779927131626","0.0235846461641799","0.0523102122930287","8435.52578892806"
"temprow.670","671","MeanCoopTie2Noncoop","Female_song_score","0.0138308850326657","0.0485126026993092","0.0680803386891222","0.0364220847554693","997","0.329289987821904","0.670710012178096","0.926487836770105","0.0735121632298954","0.303579686226945","0.622908150543159","0.0257103015949591","0.0478018616349363","8435.52578892806"
"temprow.671","672","MeanCoopTie2Noncoop","Female_song_score","0.0138308850326657","0.0485126026993092","0.0680803386891222","0.0364220847554693","997","0.276479557416916","0.723520442583084","0.916562934372305","0.0834370656276952","0.25430562795563","0.662257306416675","0.0221739294612859","0.0612631361664092","8435.52578892806"
"temprow.672","673","MeanCoopTie2Noncoop","Female_song_score","0.0138308850326657","0.0485126026993092","0.0680803386891222","0.0364220847554693","997","0.363515801867897","0.636484198132103","0.914338889325305","0.0856611106746953","0.333968612966878","0.580370276358427","0.0295471889010189","0.0561139217736763","8435.52578892806"
"temprow.673","674","MeanCoopTie2Noncoop","Female_song_score","0.0138308850326657","0.0485126026993092","0.0680803386891222","0.0364220847554693","997","0.309994174047675","0.690005825952325","0.920326211777313","0.0796737882226874","0.2843590566687","0.635967155108612","0.0256351173789747","0.0540386708437127","8435.52578892806"
"temprow.674","675","MeanCoopTie2Noncoop","Female_song_score","0.0138308850326657","0.0485126026993092","0.0680803386891222","0.0364220847554693","997","0.350843554405631","0.649156445594369","0.919469232469951","0.0805307675300491","0.315664288363855","0.603804944106096","0.0351792660417761","0.0453515014882729","8435.52578892806"
"temprow.675","676","MeanCoopTie2Noncoop","Female_song_score","0.0138308850326657","0.0485126026993092","0.0680803386891222","0.0364220847554693","997","0.396457699660961","0.60354230033904","0.927015175303824","0.0729848246961756","0.365807197686165","0.561207977617659","0.030650501974795","0.0423343227213805","8435.52578892806"
"temprow.676","677","MeanCoopTie2Noncoop","Female_song_score","0.0138308850326657","0.0485126026993092","0.0680803386891222","0.0364220847554693","997","0.348913860212252","0.651086139787748","0.897212109266587","0.102787890733413","0.314554128179784","0.582657981086803","0.0343597320324679","0.0684281587009448","8435.52578892806"
"temprow.677","678","MeanCoopTie2Noncoop","Female_song_score","0.0138308850326657","0.0485126026993092","0.0680803386891222","0.0364220847554693","997","0.328440328065341","0.671559671934659","0.928806479247403","0.071193520752597","0.309506877048022","0.619299602199381","0.018933451017319","0.052260069735278","8435.52578892806"
"temprow.678","679","MeanCoopTie2Noncoop","Female_song_score","0.0138308850326657","0.0485126026993092","0.0680803386891222","0.0364220847554693","997","0.385606507208706","0.614393492791294","0.922763489239038","0.0772365107609617","0.359035533717983","0.563727955521056","0.0265709734907231","0.0506655372702385","8435.52578892806"
"temprow.679","680","MeanCoopTie2Noncoop","Female_song_score","0.0138308850326657","0.0485126026993092","0.0680803386891222","0.0364220847554693","997","0.330555809875112","0.669444190124888","0.927395577281222","0.0726044227187777","0.310493942002157","0.616901635279065","0.0200618678729547","0.052542554845823","8435.52578892806"
"temprow.680","681","MeanCoopTie2Noncoop","Female_song_score","0.0138308850326657","0.0485126026993092","0.0680803386891222","0.0364220847554693","997","0.339500093040871","0.660499906959129","0.915067304557206","0.084932695442794","0.306645823053116","0.60842148150409","0.0328542699877542","0.0520784254550397","8435.52578892806"
"temprow.681","682","MeanCoopTie2Noncoop","Female_song_score","0.0138308850326657","0.0485126026993092","0.0680803386891222","0.0364220847554693","997","0.352744194601262","0.647255805398738","0.932139862593754","0.0678601374062461","0.323423022421039","0.608716840172715","0.0293211721802225","0.0385389652260235","8435.52578892806"
"temprow.682","683","MeanCoopTie2Noncoop","Female_song_score","0.0138308850326657","0.0485126026993092","0.0680803386891222","0.0364220847554693","997","0.317655190687936","0.682344809312064","0.909571976664313","0.0904280233356867","0.292832690014063","0.61673928665025","0.0248225006738726","0.0656055226618141","8435.52578892806"
"temprow.683","684","MeanCoopTie2Noncoop","Female_song_score","0.0138308850326657","0.0485126026993092","0.0680803386891222","0.0364220847554693","997","0.32972665182508","0.67027334817492","0.933042062363051","0.0669579376369491","0.313014929440607","0.620027132922444","0.016711722384473","0.050246215252476","8435.52578892806"
"temprow.684","685","MeanCoopTie2Noncoop","Female_song_score","0.0138308850326657","0.0485126026993092","0.0680803386891222","0.0364220847554693","997","0.314020336935387","0.685979663064613","0.90561742821632","0.0943825717836796","0.282154778713111","0.62346264950321","0.0318655582222766","0.0625170135614029","8435.52578892806"
"temprow.685","686","MeanCoopTie2Noncoop","Female_song_score","0.0138308850326657","0.0485126026993092","0.0680803386891222","0.0364220847554693","997","0.307288212842301","0.692711787157699","0.939122015829339","0.0608779841706611","0.290816356171397","0.648305659657942","0.0164718566709033","0.0444061274997577","8435.52578892806"
"temprow.686","687","MeanCoopTie2Noncoop","Female_song_score","0.0138308850326657","0.0485126026993092","0.0680803386891222","0.0364220847554693","997","0.318827092288514","0.681172907711486","0.927416512780693","0.0725834872193073","0.292906848803495","0.634509663977198","0.0259202434850189","0.0466632437342884","8435.52578892806"
"temprow.687","688","MeanCoopTie2Noncoop","Female_song_score","0.0138308850326657","0.0485126026993092","0.0680803386891222","0.0364220847554693","997","0.327657089653928","0.672342910346072","0.929078767505809","0.0709212324941912","0.303930199602317","0.625148567903491","0.0237268900516104","0.0471943424425808","8435.52578892806"
"temprow.688","689","MeanCoopTie2Noncoop","Female_song_score","0.0138308850326657","0.0485126026993092","0.0680803386891222","0.0364220847554693","997","0.366472400019558","0.633527599980442","0.919430326321967","0.0805696736780328","0.342391868822128","0.57703845749984","0.0240805311974295","0.0564891424806031","8435.52578892806"
"temprow.689","690","MeanCoopTie2Noncoop","Female_song_score","0.0138308850326657","0.0485126026993092","0.0680803386891222","0.0364220847554693","997","0.314586793902071","0.685413206097929","0.934722881287465","0.0652771187125351","0.293275425298154","0.641447455989311","0.0213113686039169","0.0439657501086182","8435.52578892806"
"temprow.690","691","MeanCoopTie2Noncoop","Female_song_score","0.0138308850326657","0.0485126026993092","0.0680803386891222","0.0364220847554693","997","0.317505961483743","0.682494038516257","0.92167466325533","0.0783253367446696","0.291968307265534","0.629706355989796","0.0255376542182086","0.052787682526461","8435.52578892806"
"temprow.691","692","MeanCoopTie2Noncoop","Female_song_score","0.0138308850326657","0.0485126026993092","0.0680803386891222","0.0364220847554693","997","0.341703610222057","0.658296389777942","0.914314441015967","0.0856855589840332","0.308457905254398","0.605856535761569","0.0332457049676602","0.052439854016373","8435.52578892806"
"temprow.692","693","MeanCoopTie2Noncoop","Female_song_score","0.0138308850326657","0.0485126026993092","0.0680803386891222","0.0364220847554693","997","0.31134660884971","0.68865339115029","0.927853725360105","0.0721462746398946","0.287808157354474","0.640045568005632","0.0235384514952361","0.0486078231446585","8435.52578892806"
"temprow.693","694","MeanCoopTie2Noncoop","Female_song_score","0.0138308850326657","0.0485126026993092","0.0680803386891222","0.0364220847554693","997","0.316775739602568","0.683224260397432","0.902667781258505","0.097332218741495","0.285813129619131","0.616854651639374","0.0309626099834364","0.0663696087580585","8435.52578892806"
"temprow.694","695","MeanCoopTie2Noncoop","Female_song_score","0.0138308850326657","0.0485126026993092","0.0680803386891222","0.0364220847554693","997","0.359474750499795","0.640525249500205","0.905234671653769","0.0947653283462309","0.316281753561099","0.58895291809267","0.0431929969386955","0.0515723314075352","8435.52578892806"
"temprow.695","696","MeanCoopTie2Noncoop","Female_song_score","0.0138308850326657","0.0485126026993092","0.0680803386891222","0.0364220847554693","997","0.372019374026573","0.627980625973427","0.922919371941058","0.0770806280589423","0.345685388852808","0.57723398308825","0.0263339851737647","0.0507466428851775","8435.52578892806"
"temprow.696","697","MeanCoopTie2Noncoop","Female_song_score","0.0138308850326657","0.0485126026993092","0.0680803386891222","0.0364220847554693","997","0.303306638349105","0.696693361650895","0.929943114279919","0.070056885720081","0.280597403857597","0.649345710422322","0.0227092344915079","0.047347651228573","8435.52578892806"
"temprow.697","698","MeanCoopTie2Noncoop","Female_song_score","0.0138308850326657","0.0485126026993092","0.0680803386891222","0.0364220847554693","997","0.405632161703418","0.594367838296581","0.923653684465208","0.0763463155347922","0.377993798256274","0.545659886208934","0.0276383634471443","0.0487079520876479","8435.52578892806"
"temprow.698","699","MeanCoopTie2Noncoop","Female_song_score","0.0138308850326657","0.0485126026993092","0.0680803386891222","0.0364220847554693","997","0.320386679960179","0.679613320039821","0.917115263165862","0.082884736834138","0.295988796952702","0.62112646621316","0.0243978830074765","0.0584868538266614","8435.52578892806"
"temprow.699","700","MeanCoopTie2Noncoop","Female_song_score","0.0138308850326657","0.0485126026993092","0.0680803386891222","0.0364220847554693","997","0.2784364496774","0.7215635503226","0.935712357069128","0.0642876429308717","0.26023135233646","0.675481004732668","0.0182050973409398","0.0460825455899318","8435.52578892806"
"temprow.700","701","MeanCoopTie2Noncoop","Female_song_score","0.0138308850326657","0.0485126026993092","0.0680803386891222","0.0364220847554693","997","0.374149898119589","0.625850101880411","0.935457479263413","0.0645425207365874","0.348902300268216","0.586555178995197","0.025247597851373","0.0392949228852143","8435.52578892806"
"temprow.701","702","MeanCoopTie2Noncoop","Female_song_score","0.0138308850326657","0.0485126026993092","0.0680803386891222","0.0364220847554693","997","0.328635939645034","0.671364060354966","0.908027669430222","0.0919723305697777","0.306673645525784","0.601354023904439","0.0219622941192506","0.0700100364505271","8435.52578892806"
"temprow.702","703","MeanCoopTie2Noncoop","Female_song_score","0.0138308850326657","0.0485126026993092","0.0680803386891222","0.0364220847554693","997","0.326647825196168","0.673352174803832","0.922297202506874","0.0777027974931257","0.305299068737099","0.616998133769775","0.0213487564590679","0.0563540410340577","8435.52578892806"
"temprow.703","704","MeanCoopTie2Noncoop","Female_song_score","0.0138308850326657","0.0485126026993092","0.0680803386891222","0.0364220847554693","997","0.337298565125865","0.662701434874135","0.923699643341879","0.0763003566581205","0.309930764331052","0.613768879010828","0.0273678007948127","0.0489325558633077","8435.52578892806"
"temprow.704","705","MeanCoopTie2Noncoop","Female_song_score","0.0138308850326657","0.0485126026993092","0.0680803386891222","0.0364220847554693","997","0.297612328856426","0.702387671143574","0.938789933299996","0.0612100667000038","0.278117861098003","0.660672072201993","0.019494467758422","0.0417155989415817","8435.52578892806"
"temprow.705","706","MeanCoopTie2Noncoop","Female_song_score","0.0138308850326657","0.0485126026993092","0.0680803386891222","0.0364220847554693","997","0.341484725585332","0.658515274414668","0.920842042672903","0.0791579573270969","0.317506977313184","0.603335065359719","0.0239777482721477","0.0551802090549492","8435.52578892806"
"temprow.706","707","MeanCoopTie2Noncoop","Female_song_score","0.0138308850326657","0.0485126026993092","0.0680803386891222","0.0364220847554693","997","0.291076024210901","0.708923975789099","0.917273537699182","0.082726462300818","0.268264589374507","0.649008948324675","0.0228114348363938","0.0599150274644241","8435.52578892806"
"temprow.707","708","MeanCoopTie2Noncoop","Female_song_score","0.0138308850326657","0.0485126026993092","0.0680803386891222","0.0364220847554693","997","0.314765375113377","0.685234624886623","0.929517915677783","0.070482084322217","0.287142431425142","0.642375484252641","0.0276229436882346","0.0428591406339824","8435.52578892806"
"temprow.708","709","MeanCoopTie2Noncoop","Female_song_score","0.0138308850326657","0.0485126026993092","0.0680803386891222","0.0364220847554693","997","0.31280948318237","0.68719051681763","0.907146991781874","0.092853008218126","0.275619068819868","0.631527922962006","0.0371904143625023","0.0556625938556236","8435.52578892806"
"temprow.709","710","MeanCoopTie2Noncoop","Female_song_score","0.0138308850326657","0.0485126026993092","0.0680803386891222","0.0364220847554693","997","0.312343006497326","0.687656993502674","0.920826586522075","0.0791734134779244","0.291941086514127","0.628885500007949","0.0204019199831992","0.0587714934947253","8435.52578892806"
"temprow.710","711","MeanCoopTie2Noncoop","Female_song_score","0.0138308850326657","0.0485126026993092","0.0680803386891222","0.0364220847554693","997","0.32533176119205","0.67466823880795","0.926227137665416","0.0737728623345843","0.294671060065334","0.631556077600082","0.0306607011267165","0.0431121612078678","8435.52578892806"
"temprow.711","712","MeanCoopTie2Noncoop","Female_song_score","0.0138308850326657","0.0485126026993092","0.0680803386891222","0.0364220847554693","997","0.313487461602274","0.686512538397726","0.913195277722411","0.0868047222775894","0.277014855460296","0.636180422262115","0.0364726061419777","0.0503321161356116","8435.52578892806"
"temprow.712","713","MeanCoopTie2Noncoop","Female_song_score","0.0138308850326657","0.0485126026993092","0.0680803386891222","0.0364220847554693","997","0.372487182588476","0.627512817411524","0.90813497985636","0.0918650201436404","0.337051681443874","0.571083298412485","0.0354355011446021","0.0564295189990383","8435.52578892806"
"temprow.713","714","MeanCoopTie2Noncoop","Female_song_score","0.0138308850326657","0.0485126026993092","0.0680803386891222","0.0364220847554693","997","0.33871412241675","0.66128587758325","0.920239731046108","0.0797602689538917","0.305181071146466","0.615058659899642","0.0335330512702843","0.0462272176836073","8435.52578892806"
"temprow.714","715","MeanCoopTie2Noncoop","Female_song_score","0.0138308850326657","0.0485126026993092","0.0680803386891222","0.0364220847554693","997","0.321603614864196","0.678396385135804","0.923746573895402","0.0762534261045975","0.301384610946406","0.622361962948997","0.0202190039177903","0.0560344221868072","8435.52578892806"
"temprow.715","716","MeanCoopTie2Noncoop","Female_song_score","0.0138308850326657","0.0485126026993092","0.0680803386891222","0.0364220847554693","997","0.319007853867815","0.680992146132185","0.914307583641238","0.0856924163587624","0.293444242510326","0.620863341130911","0.0255636113574884","0.0601288050012739","8435.52578892806"
"temprow.716","717","MeanCoopTie2Noncoop","Female_song_score","0.0138308850326657","0.0485126026993092","0.0680803386891222","0.0364220847554693","997","0.319478041092313","0.680521958907687","0.929962262247708","0.0700377377522925","0.294916437735669","0.635045824512039","0.0245616033566444","0.0454761343956481","8435.52578892806"
"temprow.717","718","MeanCoopTie2Noncoop","Female_song_score","0.0138308850326657","0.0485126026993092","0.0680803386891222","0.0364220847554693","997","0.334618155272805","0.665381844727195","0.921579658815533","0.0784203411844673","0.313614445613784","0.607965213201749","0.0210037096590209","0.0574166315254463","8435.52578892806"
"temprow.718","719","MeanCoopTie2Noncoop","Female_song_score","0.0138308850326657","0.0485126026993092","0.0680803386891222","0.0364220847554693","997","0.380279326418814","0.619720673581186","0.915367107968532","0.0846328920314678","0.344180590245885","0.571186517722647","0.0360987361729285","0.0485341558585393","8435.52578892806"
"temprow.719","720","MeanCoopTie2Noncoop","Female_song_score","0.0138308850326657","0.0485126026993092","0.0680803386891222","0.0364220847554693","997","0.291562989411625","0.708437010588375","0.920847207939334","0.0791527920606658","0.268676986012215","0.652170221927119","0.0228860033994099","0.0562667886612559","8435.52578892806"
"temprow.720","721","MeanCoopTie2Noncoop","Female_song_score","0.0138308850326657","0.0485126026993092","0.0680803386891222","0.0364220847554693","997","0.302352935691997","0.697647064308003","0.931263412853488","0.0687365871465123","0.282406667814217","0.648856745039271","0.0199462678777804","0.0487903192687319","8435.52578892806"
"temprow.721","722","MeanCoopTie2Noncoop","Female_song_score","0.0138308850326657","0.0485126026993092","0.0680803386891222","0.0364220847554693","997","0.319703752837699","0.680296247162301","0.902912987787681","0.0970870122123186","0.285501652727801","0.61741133505988","0.0342021001098982","0.0628849121024204","8435.52578892806"
"temprow.722","723","MeanCoopTie2Noncoop","Female_song_score","0.0138308850326657","0.0485126026993092","0.0680803386891222","0.0364220847554693","997","0.326764152220897","0.673235847779103","0.911487529961668","0.088512470038332","0.298142874730592","0.613344655231076","0.0286212774903039","0.0598911925480282","8435.52578892806"
"temprow.723","724","MeanCoopTie2Noncoop","Female_song_score","0.0138308850326657","0.0485126026993092","0.0680803386891222","0.0364220847554693","997","0.340361681170782","0.659638318829218","0.907681367979902","0.0923186320200981","0.309222117563758","0.598459250416144","0.0311395636070238","0.0611790684130742","8435.52578892806"
"temprow.724","725","MeanCoopTie2Noncoop","Female_song_score","0.0138308850326657","0.0485126026993092","0.0680803386891222","0.0364220847554693","997","0.32981291039101","0.67018708960899","0.930540391414939","0.0694596085850613","0.30535014155858","0.625190249856358","0.0244627688324295","0.0449968397526317","8435.52578892806"
"temprow.725","726","MeanCoopTie2Noncoop","Female_song_score","0.0138308850326657","0.0485126026993092","0.0680803386891222","0.0364220847554693","997","0.332881422871685","0.667118577128315","0.921977149642545","0.0780228503574548","0.314508398566764","0.607468751075781","0.0183730243049211","0.0596498260525335","8435.52578892806"
"temprow.726","727","MeanCoopTie2Noncoop","Female_song_score","0.0138308850326657","0.0485126026993092","0.0680803386891222","0.0364220847554693","997","0.291925360075441","0.708074639924559","0.927245337258519","0.0727546627414811","0.263607298600725","0.663638038657794","0.0283180614747147","0.0444366012667661","8435.52578892806"
"temprow.727","728","MeanCoopTie2Noncoop","Female_song_score","0.0138308850326657","0.0485126026993092","0.0680803386891222","0.0364220847554693","997","0.303987631113952","0.696012368886048","0.918222043469297","0.081777956530703","0.276401239849758","0.641820803619539","0.0275863912641939","0.0541915652665091","8435.52578892806"
"temprow.728","729","MeanCoopTie2Noncoop","Female_song_score","0.0138308850326657","0.0485126026993092","0.0680803386891222","0.0364220847554693","997","0.282891123466766","0.717108876533234","0.922786478794957","0.0772135212050429","0.26346392256936","0.659322556225598","0.0194272008974059","0.0577863203076369","8435.52578892806"
"temprow.729","730","MeanCoopTie2Noncoop","Female_song_score","0.0138308850326657","0.0485126026993092","0.0680803386891222","0.0364220847554693","997","0.327606076130091","0.672393923869909","0.922368214685559","0.0776317853144405","0.302137201797809","0.620231012887751","0.0254688743322818","0.0521629109821587","8435.52578892806"
"temprow.730","731","MeanCoopTie2Noncoop","Female_song_score","0.0138308850326657","0.0485126026993092","0.0680803386891222","0.0364220847554693","997","0.349496076417207","0.650503923582793","0.936831617721138","0.0631683822788616","0.328593917507071","0.608237700214068","0.0209021589101364","0.0422662233687251","8435.52578892806"
"temprow.731","732","MeanCoopTie2Noncoop","Female_song_score","0.0138308850326657","0.0485126026993092","0.0680803386891222","0.0364220847554693","997","0.311479795514615","0.688520204485385","0.924382403520476","0.0756175964795237","0.286568793939248","0.637813609581228","0.0249110015753665","0.0507065949041572","8435.52578892806"
"temprow.732","733","MeanCoopTie2Noncoop","Female_song_score","0.0138308850326657","0.0485126026993092","0.0680803386891222","0.0364220847554693","997","0.335707385553227","0.664292614446773","0.940425149717329","0.0595748502826707","0.307025393719678","0.633399755997652","0.0286819918335495","0.0308928584491212","8435.52578892806"
"temprow.733","734","MeanCoopTie2Noncoop","Female_song_score","0.0138308850326657","0.0485126026993092","0.0680803386891222","0.0364220847554693","997","0.33884156530604","0.66115843469396","0.928694455496457","0.0713055445035427","0.312574447817435","0.616120007679023","0.026267117488605","0.0450384270149376","8435.52578892806"
"temprow.734","735","MeanCoopTie2Noncoop","Female_song_score","0.0138308850326657","0.0485126026993092","0.0680803386891222","0.0364220847554693","997","0.360776398381526","0.639223601618474","0.907926942950363","0.0920730570496365","0.334014882962699","0.573912059987665","0.0267615154188265","0.06531154163081","8435.52578892806"
"temprow.735","736","MeanCoopTie2Noncoop","Female_song_score","0.0138308850326657","0.0485126026993092","0.0680803386891222","0.0364220847554693","997","0.300522133996541","0.699477866003459","0.91665301855651","0.0833469814434897","0.280902875962071","0.635750142594439","0.0196192580344693","0.0637277234090203","8435.52578892806"
"temprow.736","737","MeanCoopTie2Noncoop","Female_song_score","0.0138308850326657","0.0485126026993092","0.0680803386891222","0.0364220847554693","997","0.308337363744752","0.691662636255248","0.918398256170283","0.0816017438297167","0.287979209681162","0.630419046489122","0.0203581540635902","0.0612435897661264","8435.52578892806"
"temprow.737","738","MeanCoopTie2Noncoop","Female_song_score","0.0138308850326657","0.0485126026993092","0.0680803386891222","0.0364220847554693","997","0.3402443021781","0.6597556978219","0.933997873736095","0.0660021262639047","0.322044938905333","0.611952934830762","0.0181993632727669","0.0478027629911379","8435.52578892806"
"temprow.738","739","MeanCoopTie2Noncoop","Female_song_score","0.0138308850326657","0.0485126026993092","0.0680803386891222","0.0364220847554693","997","0.398505309902758","0.601494690097242","0.902681293999357","0.0973187060006429","0.357948039464093","0.544733254535264","0.0405572704386651","0.0567614355619778","8435.52578892806"
"temprow.739","740","MeanCoopTie2Noncoop","Female_song_score","0.0138308850326657","0.0485126026993092","0.0680803386891222","0.0364220847554693","997","0.343174379312895","0.656825620687105","0.896176356323428","0.103823643676572","0.2963411200203","0.599835236303128","0.0468332592925943","0.0569903843839775","8435.52578892806"
"temprow.740","741","MeanCoopTie2Noncoop","Female_song_score","0.0138308850326657","0.0485126026993092","0.0680803386891222","0.0364220847554693","997","0.304446204354012","0.695553795645988","0.924732442041794","0.075267557958206","0.269512167789644","0.65522027425215","0.0349340365643677","0.0403335213938383","8435.52578892806"
"temprow.741","742","MeanCoopTie2Noncoop","Female_song_score","0.0138308850326657","0.0485126026993092","0.0680803386891222","0.0364220847554693","997","0.344187529805828","0.655812470194172","0.937192248395207","0.062807751604793","0.323237694754251","0.613954553640956","0.0209498350515767","0.0418579165532163","8435.52578892806"
"temprow.742","743","MeanCoopTie2Noncoop","Female_song_score","0.0138308850326657","0.0485126026993092","0.0680803386891222","0.0364220847554693","997","0.292226395645507","0.707773604354493","0.929735520890703","0.0702644791092971","0.272428854073257","0.657306666817446","0.019797541572249","0.0504669375370481","8435.52578892806"
"temprow.743","744","MeanCoopTie2Noncoop","Female_song_score","0.0138308850326657","0.0485126026993092","0.0680803386891222","0.0364220847554693","997","0.2946220355711","0.7053779644289","0.92647930211313","0.0735206978868702","0.272366232562058","0.654113069551072","0.0222558030090412","0.0512648948778289","8435.52578892806"
"temprow.744","745","MeanCoopTie2Noncoop","Female_song_score","0.0138308850326657","0.0485126026993092","0.0680803386891222","0.0364220847554693","997","0.339440649420331","0.660559350579669","0.917584978411507","0.0824150215884928","0.315235413229298","0.602349565182209","0.0242052361910333","0.0582097853974595","8435.52578892806"
"temprow.745","746","MeanCoopTie2Noncoop","Female_song_score","0.0138308850326657","0.0485126026993092","0.0680803386891222","0.0364220847554693","997","0.376968370442276","0.623031629557724","0.91697448345501","0.0830255165449903","0.348637946889141","0.568336536565868","0.0283304235531343","0.054695092991856","8435.52578892806"
"temprow.746","747","MeanCoopTie2Noncoop","Female_song_score","0.0138308850326657","0.0485126026993092","0.0680803386891222","0.0364220847554693","997","0.30132569546241","0.69867430453759","0.921682563550619","0.0783174364493815","0.271028444501986","0.650654119048633","0.0302972509604244","0.048020185488957","8435.52578892806"
"temprow.747","748","MeanCoopTie2Noncoop","Female_song_score","0.0138308850326657","0.0485126026993092","0.0680803386891222","0.0364220847554693","997","0.391202062303744","0.608797937696256","0.928433666928349","0.0715663330716505","0.36899457126416","0.559439095664189","0.0222074910395825","0.0493588420320679","8435.52578892806"
"temprow.748","749","MeanCoopTie2Noncoop","Female_song_score","0.0138308850326657","0.0485126026993092","0.0680803386891222","0.0364220847554693","997","0.351981165335249","0.648018834664751","0.9123206201866","0.0876793798133995","0.324378055726355","0.587942564460246","0.027603109608894","0.0600762702045055","8435.52578892806"
"temprow.749","750","MeanCoopTie2Noncoop","Female_song_score","0.0138308850326657","0.0485126026993092","0.0680803386891222","0.0364220847554693","997","0.351700188535743","0.648299811464257","0.920798054182052","0.0792019458179483","0.315929830243848","0.604868223938204","0.0357703582918952","0.043431587526053","8435.52578892806"
"temprow.750","751","MeanCoopTie2Noncoop","Female_song_score","0.0138308850326657","0.0485126026993092","0.0680803386891222","0.0364220847554693","997","0.346887725248115","0.653112274751885","0.937961054878756","0.0620389451212438","0.325897920246881","0.612063134631875","0.0209898050012337","0.04104914012001","8435.52578892806"
"temprow.751","752","MeanCoopTie2Noncoop","Female_song_score","0.0138308850326657","0.0485126026993092","0.0680803386891222","0.0364220847554693","997","0.362395787875504","0.637604212124496","0.921748882696684","0.0782511173033165","0.341473896796484","0.5802749859002","0.0209218910790204","0.0573292262242961","8435.52578892806"
"temprow.752","753","MeanCoopTie2Noncoop","Female_song_score","0.0138308850326657","0.0485126026993092","0.0680803386891222","0.0364220847554693","997","0.311418113694012","0.688581886305988","0.922054714702066","0.077945285297934","0.285033988404814","0.637020726297252","0.0263841252891982","0.0515611600087358","8435.52578892806"
"temprow.753","754","MeanCoopTie2Noncoop","Female_song_score","0.0138308850326657","0.0485126026993092","0.0680803386891222","0.0364220847554693","997","0.304372211125579","0.695627788874421","0.916651953608091","0.083348046391909","0.272380628598678","0.644271325009413","0.0319915825269001","0.0513564638650089","8435.52578892806"
"temprow.754","755","MeanCoopTie2Noncoop","Female_song_score","0.0138308850326657","0.0485126026993092","0.0680803386891222","0.0364220847554693","997","0.314754058810857","0.685245941189143","0.927280456156005","0.0727195438439951","0.293107863875272","0.634172592280733","0.0216461949355845","0.0510733489084107","8435.52578892806"
"temprow.755","756","MeanCoopTie2Noncoop","Female_song_score","0.0138308850326657","0.0485126026993092","0.0680803386891222","0.0364220847554693","997","0.388348611263253","0.611651388736747","0.921296286811172","0.0787037131888283","0.35857177025045","0.562724516560722","0.029776841012803","0.0489268721760252","8435.52578892806"
"temprow.756","757","MeanCoopTie2Noncoop","Female_song_score","0.0138308850326657","0.0485126026993092","0.0680803386891222","0.0364220847554693","997","0.370987446280688","0.629012553719312","0.919925302013623","0.0800746979863767","0.339929368703576","0.579995933310047","0.0310580775771117","0.049016620409265","8435.52578892806"
"temprow.757","758","MeanCoopTie2Noncoop","Female_song_score","0.0138308850326657","0.0485126026993092","0.0680803386891222","0.0364220847554693","997","0.31664237049433","0.68335762950567","0.913081299757845","0.0869187002421546","0.286681300839805","0.626399998918041","0.0299610696545252","0.0569576305876293","8435.52578892806"
"temprow.758","759","MeanCoopTie2Noncoop","Female_song_score","0.0138308850326657","0.0485126026993092","0.0680803386891222","0.0364220847554693","997","0.351402734134588","0.648597265865412","0.90695058142916","0.0930494185708402","0.313918953203762","0.593031628225398","0.0374837809308268","0.0555656376400134","8435.52578892806"
"temprow.759","760","MeanCoopTie2Noncoop","Female_song_score","0.0138308850326657","0.0485126026993092","0.0680803386891222","0.0364220847554693","997","0.333858033830117","0.666141966169883","0.924744514240453","0.0752554857595468","0.314420718034584","0.610323796205869","0.0194373157955325","0.0558181699640141","8435.52578892806"
"temprow.760","761","MeanCoopTie2Noncoop","Female_song_score","0.0138308850326657","0.0485126026993092","0.0680803386891222","0.0364220847554693","997","0.38666374344809","0.61333625655191","0.926873661670743","0.0731263383292571","0.35263509701244","0.574238564658303","0.0340286464356505","0.0390976918936067","8435.52578892806"
"temprow.761","762","MeanCoopTie2Noncoop","Female_song_score","0.0138308850326657","0.0485126026993092","0.0680803386891222","0.0364220847554693","997","0.340007163562806","0.659992836437194","0.914615449365129","0.0853845506348713","0.318676565198286","0.595938884166843","0.0213305983645203","0.0640539522703511","8435.52578892806"
"temprow.762","763","MeanCoopTie2Noncoop","Female_song_score","0.0138308850326657","0.0485126026993092","0.0680803386891222","0.0364220847554693","997","0.282410316248284","0.717589683751716","0.928467774686049","0.0715322253139514","0.259129343948405","0.669338430737644","0.0232809722998787","0.0482512530140727","8435.52578892806"
"temprow.763","764","MeanCoopTie2Noncoop","Female_song_score","0.0138308850326657","0.0485126026993092","0.0680803386891222","0.0364220847554693","997","0.341181845728069","0.658818154271931","0.909856331152576","0.0901436688474238","0.307034547457934","0.602821783694642","0.0341472982701343","0.0559963705772894","8435.52578892806"
"temprow.764","765","MeanCoopTie2Noncoop","Female_song_score","0.0138308850326657","0.0485126026993092","0.0680803386891222","0.0364220847554693","997","0.394839640119256","0.605160359880744","0.922085610410168","0.0779143895898322","0.361238831061318","0.56084677934885","0.0336008090579381","0.0443135805318941","8435.52578892806"
"temprow.765","766","MeanCoopTie2Noncoop","Female_song_score","0.0138308850326657","0.0485126026993092","0.0680803386891222","0.0364220847554693","997","0.304479563768753","0.695520436231247","0.913326498092273","0.0866735019077267","0.275575750996922","0.637750747095351","0.0289038127718305","0.0577696891358962","8435.52578892806"
"temprow.766","767","MeanCoopTie2Noncoop","Female_song_score","0.0138308850326657","0.0485126026993092","0.0680803386891222","0.0364220847554693","997","0.315031469748354","0.684968530251646","0.916296141544908","0.0837038584550917","0.289586443527357","0.626709698017551","0.025445026220996","0.0582588322340956","8435.52578892806"
"temprow.767","768","MeanCoopTie2Noncoop","Female_song_score","0.0138308850326657","0.0485126026993092","0.0680803386891222","0.0364220847554693","997","0.343690973708794","0.656309026291206","0.937587849740919","0.0624121502590812","0.323249166973234","0.614338682767685","0.0204418067355595","0.0419703435235217","8435.52578892806"
"temprow.768","769","MeanCoopTie2Noncoop","Female_song_score","0.0138308850326657","0.0485126026993092","0.0680803386891222","0.0364220847554693","997","0.338123701647329","0.661876298352671","0.918164549310776","0.0818354506892242","0.305539720460137","0.612624828850639","0.0325839811871914","0.0492514695020327","8435.52578892806"
"temprow.769","770","MeanCoopTie2Noncoop","Female_song_score","0.0138308850326657","0.0485126026993092","0.0680803386891222","0.0364220847554693","997","0.286295300484607","0.713704699515393","0.913590480276864","0.0864095197231365","0.251467903555554","0.66212257672131","0.0348273969290524","0.051582122794084","8435.52578892806"
"temprow.770","771","MeanCoopTie2Noncoop","Female_song_score","0.0138308850326657","0.0485126026993092","0.0680803386891222","0.0364220847554693","997","0.303944663007737","0.696055336992263","0.912842821459295","0.0871571785407049","0.274635994469314","0.638206826989981","0.0293086685384225","0.0578485100022822","8435.52578892806"
"temprow.771","772","MeanCoopTie2Noncoop","Female_song_score","0.0138308850326657","0.0485126026993092","0.0680803386891222","0.0364220847554693","997","0.306255598044096","0.693744401955904","0.901013169716221","0.0989868302837785","0.273605778864143","0.627407390852078","0.0326498191799528","0.0663370111038257","8435.52578892806"
"temprow.772","773","MeanCoopTie2Noncoop","Female_song_score","0.0138308850326657","0.0485126026993092","0.0680803386891222","0.0364220847554693","997","0.325659218766519","0.674340781233481","0.921328806162398","0.0786711938376022","0.30468634042098","0.616642465741418","0.0209728783455389","0.0576983154920633","8435.52578892806"
"temprow.773","774","MeanCoopTie2Noncoop","Female_song_score","0.0138308850326657","0.0485126026993092","0.0680803386891222","0.0364220847554693","997","0.324988631891895","0.675011368108105","0.916323604317365","0.0836763956826346","0.295983171239204","0.620340433078161","0.0290054606526907","0.0546709350299439","8435.52578892806"
"temprow.774","775","MeanCoopTie2Noncoop","Female_song_score","0.0138308850326657","0.0485126026993092","0.0680803386891222","0.0364220847554693","997","0.34743590995978","0.65256409004022","0.910369052796116","0.0896309472038837","0.317030995396705","0.593338057399411","0.030404914563074","0.0592260326408096","8435.52578892806"
"temprow.775","776","MeanCoopTie2Noncoop","Female_song_score","0.0138308850326657","0.0485126026993092","0.0680803386891222","0.0364220847554693","997","0.370447279126972","0.629552720873027","0.91874846228932","0.0812515377106794","0.346676042790421","0.5720724194989","0.0237712363365514","0.0574803013741279","8435.52578892806"
"temprow.776","777","MeanCoopTie2Noncoop","Female_song_score","0.0138308850326657","0.0485126026993092","0.0680803386891222","0.0364220847554693","997","0.336815486663196","0.663184513336804","0.912993847822376","0.0870061521776239","0.309993493928239","0.603000353894137","0.0268219927349563","0.0601841594426675","8435.52578892806"
"temprow.777","778","MeanCoopTie2Noncoop","Female_song_score","0.0138308850326657","0.0485126026993092","0.0680803386891222","0.0364220847554693","997","0.282561299210648","0.717438700789351","0.924235282841549","0.0757647171584512","0.259967540103235","0.664267742738313","0.0225937591074128","0.0531709580510383","8435.52578892806"
"temprow.778","779","MeanCoopTie2Noncoop","Female_song_score","0.0138308850326657","0.0485126026993092","0.0680803386891222","0.0364220847554693","997","0.323969065929952","0.676030934070048","0.896537682510769","0.103462317489231","0.280597177174171","0.615940505336599","0.0433718887557811","0.0600904287334494","8435.52578892806"
"temprow.779","780","MeanCoopTie2Noncoop","Female_song_score","0.0138308850326657","0.0485126026993092","0.0680803386891222","0.0364220847554693","997","0.36529064906623","0.63470935093377","0.936010857244342","0.0639891427556577","0.340120511530041","0.595890345714301","0.025170137536188","0.0388190052194697","8435.52578892806"
"temprow.780","781","MeanCoopTie2Noncoop","Female_song_score","0.0138308850326657","0.0485126026993092","0.0680803386891222","0.0364220847554693","997","0.347782067929969","0.652217932070031","0.918118717592876","0.0818812824071238","0.324606811194221","0.593511906398656","0.0231752567357476","0.0587060256713761","8435.52578892806"
"temprow.781","782","MeanCoopTie2Noncoop","Female_song_score","0.0138308850326657","0.0485126026993092","0.0680803386891222","0.0364220847554693","997","0.292374001447333","0.707625998552667","0.927409810310602","0.0725901896893981","0.268015648118286","0.659394162192316","0.0243583533290467","0.0482318363603513","8435.52578892806"
"temprow.782","783","MeanCoopTie2Noncoop","Female_song_score","0.0138308850326657","0.0485126026993092","0.0680803386891222","0.0364220847554693","997","0.316577903331063","0.683422096668937","0.928436066226178","0.0715639337738215","0.28788985104744","0.640546215178739","0.0286880522836223","0.0428758814901992","8435.52578892806"
"temprow.783","784","MeanCoopTie2Noncoop","Female_song_score","0.0138308850326657","0.0485126026993092","0.0680803386891222","0.0364220847554693","997","0.31295096254125","0.68704903745875","0.921138163830401","0.0788618361695991","0.286829978473557","0.634308185356844","0.026120984067693","0.052740852101906","8435.52578892806"
"temprow.784","785","MeanCoopTie2Noncoop","Female_song_score","0.0138308850326657","0.0485126026993092","0.0680803386891222","0.0364220847554693","997","0.316839557408703","0.683160442591297","0.923915353050483","0.0760846469495175","0.290669540760443","0.63324581229004","0.0261700166482604","0.0499146303012571","8435.52578892806"
"temprow.785","786","MeanCoopTie2Noncoop","Female_song_score","0.0138308850326657","0.0485126026993092","0.0680803386891222","0.0364220847554693","997","0.366581278398892","0.633418721601108","0.93320954903545","0.0667904509645501","0.338728866577515","0.594480682457935","0.027852411821377","0.0389380391431732","8435.52578892806"
"temprow.786","787","MeanCoopTie2Noncoop","Female_song_score","0.0138308850326657","0.0485126026993092","0.0680803386891222","0.0364220847554693","997","0.290459181555222","0.709540818444778","0.92527194702476","0.0747280529752404","0.275777678547178","0.649494268477581","0.0146815030080432","0.0600465499671972","8435.52578892806"
"temprow.787","788","MeanCoopTie2Noncoop","Female_song_score","0.0138308850326657","0.0485126026993092","0.0680803386891222","0.0364220847554693","997","0.354766739921996","0.645233260078004","0.923737688612637","0.0762623113873625","0.326562885088122","0.597174803524516","0.0282038548338741","0.0480584565534884","8435.52578892806"
"temprow.788","789","MeanCoopTie2Noncoop","Female_song_score","0.0138308850326657","0.0485126026993092","0.0680803386891222","0.0364220847554693","997","0.30974080199383","0.69025919800617","0.912796836365503","0.0872031636344965","0.282255226210979","0.630541610154524","0.0274855757828505","0.059717587851646","8435.52578892806"
"temprow.789","790","MeanCoopTie2Noncoop","Female_song_score","0.0138308850326657","0.0485126026993092","0.0680803386891222","0.0364220847554693","997","0.343792074624837","0.656207925375163","0.894910711185454","0.105089288814546","0.305062678711826","0.589848032473627","0.03872939591301","0.0663598929015362","8435.52578892806"
"temprow.790","791","MeanCoopTie2Noncoop","Female_song_score","0.0138308850326657","0.0485126026993092","0.0680803386891222","0.0364220847554693","997","0.32846607391689","0.67153392608311","0.922307543562829","0.0776924564371714","0.300279873317594","0.622027670245235","0.0281862005992959","0.0495062558378754","8435.52578892806"
"temprow.791","792","MeanCoopTie2Noncoop","Female_song_score","0.0138308850326657","0.0485126026993092","0.0680803386891222","0.0364220847554693","997","0.371683496639391","0.628316503360609","0.917180516835761","0.0828194831642386","0.34103323676777","0.576147280067991","0.0306502598716201","0.0521692232926184","8435.52578892806"
"temprow.792","793","MeanCoopTie2Noncoop","Female_song_score","0.0138308850326657","0.0485126026993092","0.0680803386891222","0.0364220847554693","997","0.357101816185026","0.642898183814974","0.936052484451382","0.0639475155486176","0.330565443970304","0.605487040481078","0.0265363722147214","0.0374111433338962","8435.52578892806"
"temprow.793","794","MeanCoopTie2Noncoop","Female_song_score","0.0138308850326657","0.0485126026993092","0.0680803386891222","0.0364220847554693","997","0.355952268579624","0.644047731420376","0.91624046954942","0.0837595304505795","0.326607192083064","0.589633277466356","0.0293450764965599","0.0544144539540196","8435.52578892806"
"temprow.794","795","MeanCoopTie2Noncoop","Female_song_score","0.0138308850326657","0.0485126026993092","0.0680803386891222","0.0364220847554693","997","0.330340356470669","0.669659643529331","0.9337138777933","0.0662861222067002","0.303551492455122","0.630162385338178","0.0267888640155474","0.0394972581911528","8435.52578892806"
"temprow.795","796","MeanCoopTie2Noncoop","Female_song_score","0.0138308850326657","0.0485126026993092","0.0680803386891222","0.0364220847554693","997","0.347323467807698","0.652676532192302","0.926674586553235","0.0733254134467655","0.319334167437623","0.607340419115612","0.0279893003700747","0.0453361130766906","8435.52578892806"
"temprow.796","797","MeanCoopTie2Noncoop","Female_song_score","0.0138308850326657","0.0485126026993092","0.0680803386891222","0.0364220847554693","997","0.303890942605458","0.696109057394542","0.923985061395669","0.0760149386043309","0.285972691993861","0.638012369401808","0.0179182506115968","0.058096687992734","8435.52578892806"
"temprow.797","798","MeanCoopTie2Noncoop","Female_song_score","0.0138308850326657","0.0485126026993092","0.0680803386891222","0.0364220847554693","997","0.290785291355014","0.709214708644986","0.910684046625162","0.0893159533748382","0.263471802392756","0.647212244232406","0.0273134889622576","0.0620024644125804","8435.52578892806"
"temprow.798","799","MeanCoopTie2Noncoop","Female_song_score","0.0138308850326657","0.0485126026993092","0.0680803386891222","0.0364220847554693","997","0.323518562407107","0.676481437592893","0.910186930333168","0.0898130696668324","0.291580349832602","0.618606580500565","0.031938212574504","0.0578748570923283","8435.52578892806"
"temprow.799","800","MeanCoopTie2Noncoop","Female_song_score","0.0138308850326657","0.0485126026993092","0.0680803386891222","0.0364220847554693","997","0.38161320727601","0.61838679272399","0.909473118579306","0.0905268814206943","0.345951182063057","0.563521936516248","0.0356620252129524","0.0548648562077418","8435.52578892806"
"temprow.800","801","MeanCoopTie2Noncoop","Female_song_score","0.0138308850326657","0.0485126026993092","0.0680803386891222","0.0364220847554693","997","0.30092304782423","0.69907695217577","0.930052741164179","0.0699472588358208","0.279904824331546","0.650147916832633","0.0210182234926837","0.0489290353431371","8435.52578892806"
"temprow.801","802","MeanCoopTie2Noncoop","Female_song_score","0.0138308850326657","0.0485126026993092","0.0680803386891222","0.0364220847554693","997","0.308892248856369","0.691107751143631","0.923181642716738","0.0768183572832624","0.279046301066161","0.644135341650576","0.029845947790207","0.0469724094930554","8435.52578892806"
"temprow.802","803","MeanCoopTie2Noncoop","Female_song_score","0.0138308850326657","0.0485126026993092","0.0680803386891222","0.0364220847554693","997","0.339024198199504","0.660975801800496","0.918042892911912","0.0819571070880875","0.309521886497933","0.60852100641398","0.0295023117015708","0.0524547953865167","8435.52578892806"
"temprow.803","804","MeanCoopTie2Noncoop","Female_song_score","0.0138308850326657","0.0485126026993092","0.0680803386891222","0.0364220847554693","997","0.35179194583486","0.64820805416514","0.943156892973022","0.0568431070269782","0.335242211833902","0.60791468113912","0.016549734000958","0.0402933730260202","8435.52578892806"
"temprow.804","805","MeanCoopTie2Noncoop","Female_song_score","0.0138308850326657","0.0485126026993092","0.0680803386891222","0.0364220847554693","997","0.345602675620522","0.654397324379478","0.911482023979065","0.088517976020935","0.308994489444214","0.602487534534851","0.0366081861763078","0.0519097898446272","8435.52578892806"
"temprow.805","806","MeanCoopTie2Noncoop","Female_song_score","0.0138308850326657","0.0485126026993092","0.0680803386891222","0.0364220847554693","997","0.279308943661181","0.720691056338819","0.930550996711155","0.0694490032888454","0.256851275293014","0.673699721418141","0.0224576683681669","0.0469913349206784","8435.52578892806"
"temprow.806","807","MeanCoopTie2Noncoop","Female_song_score","0.0138308850326657","0.0485126026993092","0.0680803386891222","0.0364220847554693","997","0.331885043402683","0.668114956597317","0.908819488229101","0.0911805117708986","0.296432690415688","0.612386797813413","0.0354523529869946","0.055728158783904","8435.52578892806"
"temprow.807","808","MeanCoopTie2Noncoop","Female_song_score","0.0138308850326657","0.0485126026993092","0.0680803386891222","0.0364220847554693","997","0.320304334303172","0.679695665696828","0.936668508619863","0.0633314913801375","0.295216845978532","0.64145166264133","0.0250874883246392","0.0382440030554983","8435.52578892806"
"temprow.808","809","MeanCoopTie2Noncoop","Female_song_score","0.0138308850326657","0.0485126026993092","0.0680803386891222","0.0364220847554693","997","0.375651336123511","0.624348663876489","0.92852953095229","0.0714704690477097","0.345989761964581","0.58253976898771","0.0296615741589297","0.04180889488878","8435.52578892806"
"temprow.809","810","MeanCoopTie2Noncoop","Female_song_score","0.0138308850326657","0.0485126026993092","0.0680803386891222","0.0364220847554693","997","0.298521869467618","0.701478130532382","0.925336591330566","0.0746634086694343","0.277294312710689","0.648042278619877","0.0212275567569287","0.0534358519125056","8435.52578892806"
"temprow.810","811","MeanCoopTie2Noncoop","Female_song_score","0.0138308850326657","0.0485126026993092","0.0680803386891222","0.0364220847554693","997","0.375871748910176","0.624128251089824","0.933330131215141","0.066669868784859","0.354925133073546","0.578404998141596","0.0209466158366301","0.0457232529482289","8435.52578892806"
"temprow.811","812","MeanCoopTie2Noncoop","Female_song_score","0.0138308850326657","0.0485126026993092","0.0680803386891222","0.0364220847554693","997","0.389165036306561","0.610834963693439","0.914147966044156","0.0858520339558438","0.353716418226794","0.560431547817362","0.035448618079767","0.0504034158760767","8435.52578892806"
"temprow.812","813","MeanCoopTie2Noncoop","Female_song_score","0.0138308850326657","0.0485126026993092","0.0680803386891222","0.0364220847554693","997","0.350838569391988","0.649161430608012","0.922705454051169","0.0772945459488307","0.325890059437379","0.59681539461379","0.0249485099546091","0.0523460359942215","8435.52578892806"
"temprow.813","814","MeanCoopTie2Noncoop","Female_song_score","0.0138308850326657","0.0485126026993092","0.0680803386891222","0.0364220847554693","997","0.312726611809115","0.687273388190885","0.918930015074289","0.0810699849257109","0.285598319566119","0.63333169550817","0.0271282922429965","0.0539416926827144","8435.52578892806"
"temprow.814","815","MeanCoopTie2Noncoop","Female_song_score","0.0138308850326657","0.0485126026993092","0.0680803386891222","0.0364220847554693","997","0.317155718789727","0.682844281210273","0.931097583637701","0.0689024163622994","0.293584586799962","0.637512996837739","0.0235711319897653","0.0453312843725342","8435.52578892806"
"temprow.815","816","MeanCoopTie2Noncoop","Female_song_score","0.0138308850326657","0.0485126026993092","0.0680803386891222","0.0364220847554693","997","0.321234698902417","0.678765301097583","0.888634404491588","0.111365595508412","0.287140470038413","0.601493934453174","0.0340942288640033","0.077271366644409","8435.52578892806"
"temprow.816","817","MeanCoopTie2Noncoop","Female_song_score","0.0138308850326657","0.0485126026993092","0.0680803386891222","0.0364220847554693","997","0.333500026901613","0.666499973098387","0.914242995038351","0.0857570049616494","0.302240668153145","0.612002326885205","0.0312593587484674","0.0544976462131819","8435.52578892806"
"temprow.817","818","MeanCoopTie2Noncoop","Female_song_score","0.0138308850326657","0.0485126026993092","0.0680803386891222","0.0364220847554693","997","0.271218783082236","0.728781216917764","0.90454579478397","0.0954542052160298","0.246956161094153","0.657589633689817","0.0242626219880824","0.0711915832279473","8435.52578892806"
"temprow.818","819","MeanCoopTie2Noncoop","Female_song_score","0.0138308850326657","0.0485126026993092","0.0680803386891222","0.0364220847554693","997","0.270075322602333","0.729924677397667","0.919055865505268","0.0809441344947321","0.234698124455028","0.68435774105024","0.0353771981473043","0.0455669363474276","8435.52578892806"
"temprow.819","820","MeanCoopTie2Noncoop","Female_song_score","0.0138308850326657","0.0485126026993092","0.0680803386891222","0.0364220847554693","997","0.32681625432458","0.67318374567542","0.915917309169269","0.0840826908307309","0.297670248156907","0.618247061012362","0.0291460061676724","0.0549366846630584","8435.52578892806"
"temprow.820","821","MeanCoopTie2Noncoop","Female_song_score","0.0138308850326657","0.0485126026993092","0.0680803386891222","0.0364220847554693","997","0.319466862935281","0.680533137064719","0.934691783110263","0.0653082168897367","0.30346706377821","0.631224719332053","0.0159997991570709","0.0493084177326657","8435.52578892806"
"temprow.821","822","MeanCoopTie2Noncoop","Female_song_score","0.0138308850326657","0.0485126026993092","0.0680803386891222","0.0364220847554693","997","0.375418137209651","0.624581862790349","0.916721759352852","0.083278240647148","0.339578491484494","0.577143267868358","0.0358396457251564","0.0474385949219915","8435.52578892806"
"temprow.822","823","MeanCoopTie2Noncoop","Female_song_score","0.0138308850326657","0.0485126026993092","0.0680803386891222","0.0364220847554693","997","0.338998593263152","0.661001406736847","0.925375079140796","0.0746249208592035","0.309932636796743","0.615442442344053","0.0290659564664088","0.0455589643927947","8435.52578892806"
"temprow.823","824","MeanCoopTie2Noncoop","Female_song_score","0.0138308850326657","0.0485126026993092","0.0680803386891222","0.0364220847554693","997","0.372813318330288","0.627186681669712","0.922321849264835","0.0776781507351654","0.345755626101534","0.576566223163301","0.0270576922287543","0.050620458506411","8435.52578892806"
"temprow.824","825","MeanCoopTie2Noncoop","Female_song_score","0.0138308850326657","0.0485126026993092","0.0680803386891222","0.0364220847554693","997","0.367695506369881","0.632304493630118","0.93209988011092","0.0679001198890799","0.342119654557224","0.589980225553696","0.0255758518126575","0.0423242680764224","8435.52578892806"
"temprow.825","826","MeanCoopTie2Noncoop","Female_song_score","0.0138308850326657","0.0485126026993092","0.0680803386891222","0.0364220847554693","997","0.31996120247206","0.680038797527939","0.910208019750286","0.0897919802497137","0.28649184102252","0.623716178727766","0.0334693614495397","0.0563226188001739","8435.52578892806"
"temprow.826","827","MeanCoopTie2Noncoop","Female_song_score","0.0138308850326657","0.0485126026993092","0.0680803386891222","0.0364220847554693","997","0.386798201449916","0.613201798550084","0.91620065361191","0.0837993463880898","0.35816336997207","0.55803728363984","0.0286348314778461","0.0551645149102438","8435.52578892806"
"temprow.827","828","MeanCoopTie2Noncoop","Female_song_score","0.0138308850326657","0.0485126026993092","0.0680803386891222","0.0364220847554693","997","0.28972907635018","0.71027092364982","0.9146977908098","0.0853022091902002","0.2637774957435","0.650920295066299","0.0259515806066794","0.0593506285835207","8435.52578892806"
"temprow.828","829","MeanCoopTie2Noncoop","Female_song_score","0.0138308850326657","0.0485126026993092","0.0680803386891222","0.0364220847554693","997","0.340449769148622","0.659550230851378","0.908983188300808","0.091016811699192","0.308974434818698","0.60000875348211","0.0314753343299234","0.0595414773692685","8435.52578892806"
"temprow.829","830","MeanCoopTie2Noncoop","Female_song_score","0.0138308850326657","0.0485126026993092","0.0680803386891222","0.0364220847554693","997","0.316253450230061","0.683746549769939","0.912261019765591","0.0877389802344094","0.281859623625989","0.630401396139602","0.0343938266040717","0.0533451536303376","8435.52578892806"
"temprow.830","831","MeanCoopTie2Noncoop","Female_song_score","0.0138308850326657","0.0485126026993092","0.0680803386891222","0.0364220847554693","997","0.299589917796599","0.700410082203401","0.920899302878578","0.0791006971214217","0.277860140982496","0.643039161896082","0.0217297768141032","0.0573709203073184","8435.52578892806"
"temprow.831","832","MeanCoopTie2Noncoop","Female_song_score","0.0138308850326657","0.0485126026993092","0.0680803386891222","0.0364220847554693","997","0.339555032299645","0.660444967700355","0.925933347133499","0.0740666528665006","0.318353449902529","0.607579897230971","0.0212015823971155","0.052865070469385","8435.52578892806"
"temprow.832","833","MeanCoopTie2Noncoop","Female_song_score","0.0138308850326657","0.0485126026993092","0.0680803386891222","0.0364220847554693","997","0.315111396307653","0.684888603692347","0.904538932441262","0.0954610675587379","0.284355517390472","0.62018341505079","0.0307558789171816","0.0647051886415563","8435.52578892806"
"temprow.833","834","MeanCoopTie2Noncoop","Female_song_score","0.0138308850326657","0.0485126026993092","0.0680803386891222","0.0364220847554693","997","0.331436726067915","0.668563273932084","0.934507638954435","0.0654923610455645","0.305976133423408","0.628531505531027","0.0254605926445068","0.0400317684010576","8435.52578892806"
"temprow.834","835","MeanCoopTie2Noncoop","Female_song_score","0.0138308850326657","0.0485126026993092","0.0680803386891222","0.0364220847554693","997","0.324298836791812","0.675701163208188","0.908693902021759","0.0913060979782407","0.297575952342169","0.61111794967959","0.0267228844496431","0.0645832135285975","8435.52578892806"
"temprow.835","836","MeanCoopTie2Noncoop","Female_song_score","0.0138308850326657","0.0485126026993092","0.0680803386891222","0.0364220847554693","997","0.289468761517007","0.710531238482993","0.919753002039484","0.0802469979605163","0.258809223043391","0.660943778996092","0.0306595384736154","0.0495874594869009","8435.52578892806"
"temprow.836","837","MeanCoopTie2Noncoop","Female_song_score","0.0138308850326657","0.0485126026993092","0.0680803386891222","0.0364220847554693","997","0.283387311968068","0.716612688031932","0.929629842058251","0.0703701579417493","0.25992199252097","0.66970784953728","0.0234653194470974","0.0469048384946518","8435.52578892806"
"temprow.837","838","MeanCoopTie2Noncoop","Female_song_score","0.0138308850326657","0.0485126026993092","0.0680803386891222","0.0364220847554693","997","0.379328236753255","0.620671763246745","0.915715614703684","0.0842843852963164","0.3536675333236","0.562048081380084","0.0256607034296549","0.0586236818666614","8435.52578892806"
"temprow.838","839","MeanCoopTie2Noncoop","Female_song_score","0.0138308850326657","0.0485126026993092","0.0680803386891222","0.0364220847554693","997","0.346860156504162","0.653139843495838","0.940254368517636","0.059745631482364","0.323468097006675","0.616786271510961","0.0233920594974863","0.0363535719848777","8435.52578892806"
"temprow.839","840","MeanCoopTie2Noncoop","Female_song_score","0.0138308850326657","0.0485126026993092","0.0680803386891222","0.0364220847554693","997","0.364858952905248","0.635141047094752","0.936254690514618","0.0637453094853819","0.345047243891039","0.591207446623579","0.0198117090142087","0.0439336004711732","8435.52578892806"
"temprow.840","841","MeanCoopTie2Noncoop","Female_song_score","0.0138308850326657","0.0485126026993092","0.0680803386891222","0.0364220847554693","997","0.360421842610089","0.639578157389911","0.938328779607013","0.0616712203929869","0.33982190615646","0.598506873450553","0.020599936453629","0.0410712839393578","8435.52578892806"
"temprow.841","842","MeanCoopTie2Noncoop","Female_song_score","0.0138308850326657","0.0485126026993092","0.0680803386891222","0.0364220847554693","997","0.355687370841037","0.644312629158963","0.913081624420922","0.0869183755790778","0.325295378333369","0.587786246087553","0.0303919925076677","0.0565263830714102","8435.52578892806"
"temprow.842","843","MeanCoopTie2Noncoop","Female_song_score","0.0138308850326657","0.0485126026993092","0.0680803386891222","0.0364220847554693","997","0.305601160953305","0.694398839046695","0.919747735454254","0.0802522645457459","0.277278062882942","0.642469672571313","0.0283230980703634","0.0519291664753824","8435.52578892806"
"temprow.843","844","MeanCoopTie2Noncoop","Female_song_score","0.0138308850326657","0.0485126026993092","0.0680803386891222","0.0364220847554693","997","0.33281649440832","0.66718350559168","0.927527346676595","0.0724726533234048","0.312136170952465","0.61539117572413","0.0206803234558539","0.0517923298675509","8435.52578892806"
"temprow.844","845","MeanCoopTie2Noncoop","Female_song_score","0.0138308850326657","0.0485126026993092","0.0680803386891222","0.0364220847554693","997","0.371742393989962","0.628257606010038","0.91275047953204","0.0872495204679599","0.341819027836658","0.570931451695382","0.0299233661533038","0.057326154314656","8435.52578892806"
"temprow.845","846","MeanCoopTie2Noncoop","Female_song_score","0.0138308850326657","0.0485126026993092","0.0680803386891222","0.0364220847554693","997","0.276776260181038","0.723223739818962","0.930539601357124","0.0694603986428755","0.255092879577236","0.675446721779889","0.0216833806038017","0.0477770180390738","8435.52578892806"
"temprow.846","847","MeanCoopTie2Noncoop","Female_song_score","0.0138308850326657","0.0485126026993092","0.0680803386891222","0.0364220847554693","997","0.343071211715434","0.656928788284566","0.921239420142008","0.0787605798579918","0.311160707175583","0.610078712966425","0.0319105045398506","0.0468500753181412","8435.52578892806"
"temprow.847","848","MeanCoopTie2Noncoop","Female_song_score","0.0138308850326657","0.0485126026993092","0.0680803386891222","0.0364220847554693","997","0.297026406289153","0.702973593710847","0.925362124584437","0.0746378754155628","0.277291554995181","0.648070569589256","0.0197348512939716","0.0549030241215911","8435.52578892806"
"temprow.848","849","MeanCoopTie2Noncoop","Female_song_score","0.0138308850326657","0.0485126026993092","0.0680803386891222","0.0364220847554693","997","0.345139954752377","0.654860045247623","0.909794137997771","0.0902058620022289","0.31522940120915","0.594564736788621","0.0299105535432258","0.060295308459003","8435.52578892806"
"temprow.849","850","MeanCoopTie2Noncoop","Female_song_score","0.0138308850326657","0.0485126026993092","0.0680803386891222","0.0364220847554693","997","0.334212565372933","0.665787434627067","0.918426710431349","0.0815732895686505","0.305675851614332","0.612750858817017","0.028536713758601","0.0530365758100494","8435.52578892806"
"temprow.850","851","MeanCoopTie2Noncoop","Female_song_score","0.0138308850326657","0.0485126026993092","0.0680803386891222","0.0364220847554693","997","0.350598284740837","0.649401715259163","0.898573442829123","0.101426557170877","0.317401555532377","0.581171887296746","0.0331967292084599","0.0682298279624173","8435.52578892806"
"temprow.851","852","MeanCoopTie2Noncoop","Female_song_score","0.0138308850326657","0.0485126026993092","0.0680803386891222","0.0364220847554693","997","0.362815470026027","0.637184529973973","0.94128400013044","0.0587159998695596","0.344076191888912","0.597207808241528","0.0187392781371147","0.0399767217324449","8435.52578892806"
"temprow.852","853","MeanCoopTie2Noncoop","Female_song_score","0.0138308850326657","0.0485126026993092","0.0680803386891222","0.0364220847554693","997","0.339345213412336","0.660654786587664","0.913220745263128","0.0867792547368719","0.31468434359951","0.598536401663618","0.0246608698128254","0.0621183849240464","8435.52578892806"
"temprow.853","854","MeanCoopTie2Noncoop","Female_song_score","0.0138308850326657","0.0485126026993092","0.0680803386891222","0.0364220847554693","997","0.318779607187967","0.681220392812032","0.940335526002791","0.0596644739972091","0.299994513522609","0.640341012480182","0.0187850936653581","0.040879380331851","8435.52578892806"
"temprow.854","855","MeanCoopTie2Noncoop","Female_song_score","0.0138308850326657","0.0485126026993092","0.0680803386891222","0.0364220847554693","997","0.271882035694431","0.728117964305569","0.932089889948276","0.0679101100517243","0.248734520531714","0.683355369416562","0.0231475151627173","0.044762594889007","8435.52578892806"
"temprow.855","856","MeanCoopTie2Noncoop","Female_song_score","0.0138308850326657","0.0485126026993092","0.0680803386891222","0.0364220847554693","997","0.320568170138775","0.679431829861226","0.924630739490049","0.0753692605099512","0.297756802223477","0.626873937266572","0.0228113679152978","0.0525578925946533","8435.52578892806"
"temprow.856","857","MeanCoopTie2Noncoop","Female_song_score","0.0138308850326657","0.0485126026993092","0.0680803386891222","0.0364220847554693","997","0.315354258322045","0.684645741677955","0.928913773737741","0.0710862262622586","0.292264886231353","0.636648887506389","0.0230893720906927","0.0479968541715658","8435.52578892806"
"temprow.857","858","MeanCoopTie2Noncoop","Female_song_score","0.0138308850326657","0.0485126026993092","0.0680803386891222","0.0364220847554693","997","0.263877877203167","0.736122122796833","0.930698052032311","0.0693019479676888","0.242411569704396","0.688286482327915","0.0214663074987713","0.0478356404689175","8435.52578892806"
"temprow.858","859","MeanCoopTie2Noncoop","Female_song_score","0.0138308850326657","0.0485126026993092","0.0680803386891222","0.0364220847554693","997","0.379069134114101","0.620930865885899","0.898224194241645","0.101775805758355","0.338643441480652","0.559580752760993","0.0404256926334484","0.0613501131249063","8435.52578892806"
"temprow.859","860","MeanCoopTie2Noncoop","Female_song_score","0.0138308850326657","0.0485126026993092","0.0680803386891222","0.0364220847554693","997","0.331007854456575","0.668992145543425","0.909568595911052","0.0904314040889476","0.299818167276289","0.609750428634763","0.0311896871802859","0.0592417169086617","8435.52578892806"
"temprow.860","861","MeanCoopTie2Noncoop","Female_song_score","0.0138308850326657","0.0485126026993092","0.0680803386891222","0.0364220847554693","997","0.316566952881413","0.683433047118587","0.908659998938613","0.0913400010613869","0.290933846581316","0.617726152357298","0.0256331063000975","0.0657068947612893","8435.52578892806"
"temprow.861","862","MeanCoopTie2Noncoop","Female_song_score","0.0138308850326657","0.0485126026993092","0.0680803386891222","0.0364220847554693","997","0.325881592753551","0.674118407246449","0.907679299314617","0.092320700685383","0.287186831207519","0.620492468107098","0.0386947615460317","0.0536259391393513","8435.52578892806"
"temprow.862","863","MeanCoopTie2Noncoop","Female_song_score","0.0138308850326657","0.0485126026993092","0.0680803386891222","0.0364220847554693","997","0.360820097932697","0.639179902067303","0.922040360400385","0.0779596395996155","0.336506821247082","0.585533539153303","0.0243132766856153","0.0536463629140001","8435.52578892806"
"temprow.863","864","MeanCoopTie2Noncoop","Female_song_score","0.0138308850326657","0.0485126026993092","0.0680803386891222","0.0364220847554693","997","0.351589627598864","0.648410372401136","0.92796845408254","0.0720315459174604","0.328184350695677","0.599784103386863","0.023405276903187","0.0486262690142734","8435.52578892806"
"temprow.864","865","MeanCoopTie2Noncoop","Female_song_score","0.0138308850326657","0.0485126026993092","0.0680803386891222","0.0364220847554693","997","0.353166581064341","0.646833418935659","0.907832687864839","0.0921673121351609","0.313891564215988","0.593941123648851","0.039275016848353","0.0528922952868078","8435.52578892806"
"temprow.865","866","MeanCoopTie2Noncoop","Female_song_score","0.0138308850326657","0.0485126026993092","0.0680803386891222","0.0364220847554693","997","0.331619346474731","0.668380653525269","0.907539240644322","0.0924607593556776","0.300221222123076","0.607318018521247","0.0313981243516545","0.061062635004023","8435.52578892806"
"temprow.866","867","MeanCoopTie2Noncoop","Female_song_score","0.0138308850326657","0.0485126026993092","0.0680803386891222","0.0364220847554693","997","0.347432603071817","0.652567396928183","0.919148411150687","0.0808515888493126","0.315626656013307","0.603521755137381","0.0318059470585105","0.0490456417908021","8435.52578892806"
"temprow.867","868","MeanCoopTie2Noncoop","Female_song_score","0.0138308850326657","0.0485126026993092","0.0680803386891222","0.0364220847554693","997","0.331951984826577","0.668048015173423","0.901692894731907","0.0983071052680933","0.302587589566518","0.599105305165389","0.0293643952600587","0.0689427100080345","8435.52578892806"
"temprow.868","869","MeanCoopTie2Noncoop","Female_song_score","0.0138308850326657","0.0485126026993092","0.0680803386891222","0.0364220847554693","997","0.305214362312321","0.694785637687679","0.91557509181921","0.08442490818079","0.278217046132671","0.637358045686538","0.0269973161796492","0.0574275920011409","8435.52578892806"
"temprow.869","870","MeanCoopTie2Noncoop","Female_song_score","0.0138308850326657","0.0485126026993092","0.0680803386891222","0.0364220847554693","997","0.321461954330701","0.678538045669299","0.913697705107378","0.0863022948926224","0.288628420739997","0.625069284367381","0.0328335335907038","0.0534687613019185","8435.52578892806"
"temprow.870","871","MeanCoopTie2Noncoop","Female_song_score","0.0138308850326657","0.0485126026993092","0.0680803386891222","0.0364220847554693","997","0.351807085566676","0.648192914433324","0.9331130242571","0.0668869757429","0.322918179263591","0.610194844993509","0.0288889063030847","0.0379980694398152","8435.52578892806"
"temprow.871","872","MeanCoopTie2Noncoop","Female_song_score","0.0138308850326657","0.0485126026993092","0.0680803386891222","0.0364220847554693","997","0.324293804409078","0.675706195590922","0.926879094121134","0.0731209058788661","0.303712650774056","0.623166443347078","0.0205811536350227","0.0525397522438434","8435.52578892806"
"temprow.872","873","MeanCoopTie2Noncoop","Female_song_score","0.0138308850326657","0.0485126026993092","0.0680803386891222","0.0364220847554693","997","0.306403113129028","0.693596886870972","0.935038156653893","0.0649618433461072","0.282232816969911","0.652805339683982","0.0241702961591173","0.0407915471869899","8435.52578892806"
"temprow.873","874","MeanCoopTie2Noncoop","Female_song_score","0.0138308850326657","0.0485126026993092","0.0680803386891222","0.0364220847554693","997","0.367519874987899","0.6324801250121","0.930266926472325","0.0697330735276747","0.344137569660316","0.586129356812009","0.0233823053275831","0.0463507682000916","8435.52578892806"
"temprow.874","875","MeanCoopTie2Noncoop","Female_song_score","0.0138308850326657","0.0485126026993092","0.0680803386891222","0.0364220847554693","997","0.318100077142256","0.681899922857744","0.93386834504568","0.0661316549543196","0.293112451585671","0.640755893460009","0.0249876255565847","0.0411440293977349","8435.52578892806"
"temprow.875","876","MeanCoopTie2Noncoop","Female_song_score","0.0138308850326657","0.0485126026993092","0.0680803386891222","0.0364220847554693","997","0.320275239969986","0.679724760030014","0.898039051886974","0.101960948113026","0.28231354953939","0.615725502347584","0.0379616904305958","0.0639992576824306","8435.52578892806"
"temprow.876","877","MeanCoopTie2Noncoop","Female_song_score","0.0138308850326657","0.0485126026993092","0.0680803386891222","0.0364220847554693","997","0.298355313835948","0.701644686164052","0.902261274017087","0.0977387259829128","0.264980966481432","0.637280307535655","0.0333743473545157","0.064364378628397","8435.52578892806"
"temprow.877","878","MeanCoopTie2Noncoop","Female_song_score","0.0138308850326657","0.0485126026993092","0.0680803386891222","0.0364220847554693","997","0.332304307750874","0.667695692249126","0.924924437373859","0.0750755626261409","0.304987898464116","0.619936538909743","0.027316409286758","0.0477591533393829","8435.52578892806"
"temprow.878","879","MeanCoopTie2Noncoop","Female_song_score","0.0138308850326657","0.0485126026993092","0.0680803386891222","0.0364220847554693","997","0.377108996235132","0.622891003764868","0.925670236565349","0.0743297634346512","0.351155057014265","0.574515179551084","0.0259539392208668","0.0483758242137844","8435.52578892806"
"temprow.879","880","MeanCoopTie2Noncoop","Female_song_score","0.0138308850326657","0.0485126026993092","0.0680803386891222","0.0364220847554693","997","0.310759208895451","0.689240791104549","0.896111693236117","0.103888306763883","0.274403085860469","0.621708607375648","0.0363561230349812","0.0675321837289014","8435.52578892806"
"temprow.880","881","MeanCoopTie2Noncoop","Female_song_score","0.0138308850326657","0.0485126026993092","0.0680803386891222","0.0364220847554693","997","0.381407172280427","0.618592827719573","0.926463414917766","0.0735365850822339","0.348155720914306","0.57830769400346","0.0332514513661211","0.0402851337161127","8435.52578892806"
"temprow.881","882","MeanCoopTie2Noncoop","Female_song_score","0.0138308850326657","0.0485126026993092","0.0680803386891222","0.0364220847554693","997","0.360672160960967","0.639327839039033","0.901791108410847","0.0982088915891534","0.333093468453662","0.568697639957184","0.0275786925073048","0.0706301990818485","8435.52578892806"
"temprow.882","883","MeanCoopTie2Noncoop","Female_song_score","0.0138308850326657","0.0485126026993092","0.0680803386891222","0.0364220847554693","997","0.333555144484635","0.666444855515365","0.913025919584375","0.0869740804156252","0.307043677097463","0.605982242486912","0.0265114673871721","0.0604626130284531","8435.52578892806"
"temprow.883","884","MeanCoopTie2Noncoop","Female_song_score","0.0138308850326657","0.0485126026993092","0.0680803386891222","0.0364220847554693","997","0.310658002809651","0.689341997190349","0.932151785128761","0.0678482148712386","0.282213203431314","0.649938581697447","0.0284447993783368","0.0394034154929018","8435.52578892806"
"temprow.884","885","MeanCoopTie2Noncoop","Female_song_score","0.0138308850326657","0.0485126026993092","0.0680803386891222","0.0364220847554693","997","0.278879520718919","0.721120479281081","0.893251545573002","0.106748454426998","0.243166203092684","0.650085342480318","0.035713317626235","0.0710351368007632","8435.52578892806"
"temprow.885","886","MeanCoopTie2Noncoop","Female_song_score","0.0138308850326657","0.0485126026993092","0.0680803386891222","0.0364220847554693","997","0.316351805217282","0.683648194782718","0.929042056226773","0.0709579437732266","0.295501344218094","0.633540712008679","0.0208504609991873","0.0501074827740393","8435.52578892806"
"temprow.886","887","MeanCoopTie2Noncoop","Female_song_score","0.0138308850326657","0.0485126026993092","0.0680803386891222","0.0364220847554693","997","0.321147865238754","0.678852134761246","0.909106727172762","0.0908932728272384","0.290403033999518","0.618703693173244","0.0307448312392362","0.0601484415880021","8435.52578892806"
"temprow.887","888","MeanCoopTie2Noncoop","Female_song_score","0.0138308850326657","0.0485126026993092","0.0680803386891222","0.0364220847554693","997","0.322425096605754","0.677574903394246","0.925603363501742","0.0743966364982581","0.295470207734125","0.630133155767617","0.0269548888716289","0.0474417476266292","8435.52578892806"
"temprow.888","889","MeanCoopTie2Noncoop","Female_song_score","0.0138308850326657","0.0485126026993092","0.0680803386891222","0.0364220847554693","997","0.297937599401912","0.702062400598088","0.936392795769863","0.0636072042301371","0.276041676484113","0.66035111928575","0.0218959229177994","0.0417112813123377","8435.52578892806"
"temprow.889","890","MeanCoopTie2Noncoop","Female_song_score","0.0138308850326657","0.0485126026993092","0.0680803386891222","0.0364220847554693","997","0.376241693291053","0.623758306708947","0.93480389261883","0.0651961073811703","0.347243891952803","0.587560000666026","0.0289978013382497","0.0361983060429206","8435.52578892806"
"temprow.890","891","MeanCoopTie2Noncoop","Female_song_score","0.0138308850326657","0.0485126026993092","0.0680803386891222","0.0364220847554693","997","0.367449680676308","0.632550319323692","0.927258233746008","0.0727417662539918","0.34329823042527","0.583960003320739","0.0241514502510385","0.0485903160029533","8435.52578892806"
"temprow.891","892","MeanCoopTie2Noncoop","Female_song_score","0.0138308850326657","0.0485126026993092","0.0680803386891222","0.0364220847554693","997","0.317333842713294","0.682666157286706","0.91871514701789","0.0812848529821096","0.296958620698311","0.621756526319579","0.0203752220149828","0.0609096309671267","8435.52578892806"
"temprow.892","893","MeanCoopTie2Noncoop","Female_song_score","0.0138308850326657","0.0485126026993092","0.0680803386891222","0.0364220847554693","997","0.265052212025617","0.734947787974383","0.917720139341039","0.0822798606589605","0.233108364757974","0.684611774583066","0.0319438472676433","0.0503360133913171","8435.52578892806"
"temprow.893","894","MeanCoopTie2Noncoop","Female_song_score","0.0138308850326657","0.0485126026993092","0.0680803386891222","0.0364220847554693","997","0.33258979023242","0.667410209767579","0.913285976869898","0.0867140231301019","0.299569911418297","0.613716065451601","0.0330198788141234","0.0536941443159784","8435.52578892806"
"temprow.894","895","MeanCoopTie2Noncoop","Female_song_score","0.0138308850326657","0.0485126026993092","0.0680803386891222","0.0364220847554693","997","0.377585799592832","0.622414200407168","0.934971566535439","0.0650284334645608","0.354340219966233","0.580631346569206","0.023245579626598","0.0417828538379627","8435.52578892806"
"temprow.895","896","MeanCoopTie2Noncoop","Female_song_score","0.0138308850326657","0.0485126026993092","0.0680803386891222","0.0364220847554693","997","0.310299277119574","0.689700722880426","0.9173858504332","0.0826141495668","0.275517328356953","0.641868522076247","0.0347819487626211","0.0478322008041788","8435.52578892806"
"temprow.896","897","MeanCoopTie2Noncoop","Female_song_score","0.0138308850326657","0.0485126026993092","0.0680803386891222","0.0364220847554693","997","0.32394929896981","0.67605070103019","0.905089681421121","0.0949103185788786","0.292518256482752","0.612571424938369","0.0314310424870571","0.0634792760918215","8435.52578892806"
"temprow.897","898","MeanCoopTie2Noncoop","Female_song_score","0.0138308850326657","0.0485126026993092","0.0680803386891222","0.0364220847554693","997","0.30510435363301","0.69489564636699","0.914518185850467","0.0854818141495333","0.270142597242302","0.644375588608165","0.034961756390707","0.0505200577588261","8435.52578892806"
"temprow.898","899","MeanCoopTie2Noncoop","Female_song_score","0.0138308850326657","0.0485126026993092","0.0680803386891222","0.0364220847554693","997","0.341336405547713","0.658663594452287","0.927592544778398","0.072407455221602","0.313659149992194","0.613933394786204","0.0276772555555192","0.0447301996660828","8435.52578892806"
"temprow.899","900","MeanCoopTie2Noncoop","Female_song_score","0.0138308850326657","0.0485126026993092","0.0680803386891222","0.0364220847554693","997","0.284522276208606","0.715477723791394","0.923237959275299","0.0767620407247009","0.265576421262513","0.657661538012786","0.0189458549460926","0.0578161857786082","8435.52578892806"
"temprow.900","901","MeanCoopTie2Noncoop","Female_song_score","0.0138308850326657","0.0485126026993092","0.0680803386891222","0.0364220847554693","997","0.371923650954493","0.628076349045507","0.917284761456753","0.0827152385432472","0.341711911351302","0.575572850105451","0.0302117396031901","0.052503498940057","8435.52578892806"
"temprow.901","902","MeanCoopTie2Noncoop","Female_song_score","0.0138308850326657","0.0485126026993092","0.0680803386891222","0.0364220847554693","997","0.324842337755835","0.675157662244165","0.912703033745298","0.0872969662547022","0.300689173613109","0.612013860132189","0.0241531641427261","0.0631438021119761","8435.52578892806"
"temprow.902","903","MeanCoopTie2Noncoop","Female_song_score","0.0138308850326657","0.0485126026993092","0.0680803386891222","0.0364220847554693","997","0.3169381847631","0.6830618152369","0.932559673407542","0.0674403265924585","0.292594073005419","0.639965600402122","0.0243441117576804","0.043096214834778","8435.52578892806"
"temprow.903","904","MeanCoopTie2Noncoop","Female_song_score","0.0138308850326657","0.0485126026993092","0.0680803386891222","0.0364220847554693","997","0.271611695192752","0.728388304807248","0.911022402118031","0.0889775978819685","0.245887921354944","0.665134480763088","0.0257237738378076","0.0632538240441609","8435.52578892806"
"temprow.904","905","MeanCoopTie2Noncoop","Female_song_score","0.0138308850326657","0.0485126026993092","0.0680803386891222","0.0364220847554693","997","0.325735020685695","0.674264979314305","0.909714008719394","0.0902859912806056","0.294678122783358","0.615035885936037","0.0310568979023373","0.0592290933782682","8435.52578892806"
"temprow.905","906","MeanCoopTie2Noncoop","Female_song_score","0.0138308850326657","0.0485126026993092","0.0680803386891222","0.0364220847554693","997","0.377025353158723","0.622974646841277","0.929163380091331","0.0708366199086693","0.352170057181868","0.576993322909462","0.0248552959768552","0.0459813239318141","8435.52578892806"
"temprow.906","907","MeanCoopTie2Noncoop","Female_song_score","0.0138308850326657","0.0485126026993092","0.0680803386891222","0.0364220847554693","997","0.357805397445705","0.642194602554295","0.915856110648306","0.0841438893516943","0.323764002785002","0.592092107863304","0.0340413946607022","0.050102494690992","8435.52578892806"
"temprow.907","908","MeanCoopTie2Noncoop","Female_song_score","0.0138308850326657","0.0485126026993092","0.0680803386891222","0.0364220847554693","997","0.370870089784102","0.629129910215897","0.922484177199269","0.077515822800731","0.338090250402385","0.584393926796884","0.0327798393817166","0.0447359834190143","8435.52578892806"
"temprow.908","909","MeanCoopTie2Noncoop","Female_song_score","0.0138308850326657","0.0485126026993092","0.0680803386891222","0.0364220847554693","997","0.37773022110931","0.62226977889069","0.913744593193891","0.0862554068061093","0.331187000802651","0.582557592391239","0.0465432203066579","0.0397121864994513","8435.52578892806"
"temprow.909","910","MeanCoopTie2Noncoop","Female_song_score","0.0138308850326657","0.0485126026993092","0.0680803386891222","0.0364220847554693","997","0.297987187322359","0.702012812677641","0.928772700541427","0.0712272994585728","0.273392060572784","0.655380639968643","0.0245951267495742","0.0466321727089986","8435.52578892806"
"temprow.910","911","MeanCoopTie2Noncoop","Female_song_score","0.0138308850326657","0.0485126026993092","0.0680803386891222","0.0364220847554693","997","0.335787526105845","0.664212473894155","0.924377201103766","0.0756227988962344","0.315382116799705","0.60899508430406","0.0204054093061399","0.0552173895900945","8435.52578892806"
"temprow.911","912","MeanCoopTie2Noncoop","Female_song_score","0.0138308850326657","0.0485126026993092","0.0680803386891222","0.0364220847554693","997","0.305626532378544","0.694373467621456","0.92095390816674","0.0790460918332604","0.284417111212256","0.636536796954484","0.0212094211662875","0.0578366706669729","8435.52578892806"
"temprow.912","913","MeanCoopTie2Noncoop","Female_song_score","0.0138308850326657","0.0485126026993092","0.0680803386891222","0.0364220847554693","997","0.29161409743886","0.70838590256114","0.904297066117345","0.0957029338826549","0.258880245074","0.645416821043345","0.0327338523648604","0.0629690815177945","8435.52578892806"
"temprow.913","914","MeanCoopTie2Noncoop","Female_song_score","0.0138308850326657","0.0485126026993092","0.0680803386891222","0.0364220847554693","997","0.325663364738163","0.674336635261837","0.917657780502493","0.0823422194975066","0.29924267454857","0.618415105953924","0.0264206901895924","0.055921529307914","8435.52578892806"
"temprow.914","915","MeanCoopTie2Noncoop","Female_song_score","0.0138308850326657","0.0485126026993092","0.0680803386891222","0.0364220847554693","997","0.352036639342816","0.647963360657184","0.9194241790276","0.0805758209724005","0.32186313402933","0.597561044998269","0.030173505313486","0.0504023156589145","8435.52578892806"
"temprow.915","916","MeanCoopTie2Noncoop","Female_song_score","0.0138308850326657","0.0485126026993092","0.0680803386891222","0.0364220847554693","997","0.35849288875028","0.64150711124972","0.925483868660492","0.0745161313395084","0.329210588851754","0.596273279808738","0.0292822998985262","0.0452338314409821","8435.52578892806"
"temprow.916","917","MeanCoopTie2Noncoop","Female_song_score","0.0138308850326657","0.0485126026993092","0.0680803386891222","0.0364220847554693","997","0.349111179145908","0.650888820854092","0.932587024556464","0.0674129754435359","0.330864384187188","0.601722640369276","0.0182467949587195","0.0491661804848164","8435.52578892806"
"temprow.917","918","MeanCoopTie2Noncoop","Female_song_score","0.0138308850326657","0.0485126026993092","0.0680803386891222","0.0364220847554693","997","0.341598428373613","0.658401571626387","0.931996555808817","0.0680034441911831","0.318016461533083","0.613980094275734","0.0235819668405298","0.0444214773506533","8435.52578892806"
"temprow.918","919","MeanCoopTie2Noncoop","Female_song_score","0.0138308850326657","0.0485126026993092","0.0680803386891222","0.0364220847554693","997","0.347799129048377","0.652200870951623","0.923411486287859","0.0765885137121413","0.324559565922202","0.598851920365657","0.0232395631261744","0.0533489505859668","8435.52578892806"
"temprow.919","920","MeanCoopTie2Noncoop","Female_song_score","0.0138308850326657","0.0485126026993092","0.0680803386891222","0.0364220847554693","997","0.348465689580503","0.651534310419497","0.935419305537936","0.0645806944620645","0.328926502242812","0.606492803295123","0.0195391873376901","0.0450415071243744","8435.52578892806"
"temprow.920","921","MeanCoopTie2Noncoop","Female_song_score","0.0138308850326657","0.0485126026993092","0.0680803386891222","0.0364220847554693","997","0.346220047028522","0.653779952971478","0.923900936808328","0.076099063191672","0.318452209395955","0.605448727412373","0.027767837632566","0.048331225559106","8435.52578892806"
"temprow.921","922","MeanCoopTie2Noncoop","Female_song_score","0.0138308850326657","0.0485126026993092","0.0680803386891222","0.0364220847554693","997","0.387496185784758","0.612503814215242","0.926932953605997","0.0730670463940031","0.36391883347929","0.563014120126707","0.0235773523054691","0.049489694088534","8435.52578892806"
"temprow.922","923","MeanCoopTie2Noncoop","Female_song_score","0.0138308850326657","0.0485126026993092","0.0680803386891222","0.0364220847554693","997","0.344777939325009","0.655222060674991","0.917423160064947","0.0825768399350529","0.315655927848359","0.601767232216588","0.0291220114766493","0.0534548284584035","8435.52578892806"
"temprow.923","924","MeanCoopTie2Noncoop","Female_song_score","0.0138308850326657","0.0485126026993092","0.0680803386891222","0.0364220847554693","997","0.336620068327511","0.663379931672489","0.93595275935987","0.0640472406401296","0.317007339418901","0.61894541994097","0.01961272890861","0.0444345117315196","8435.52578892806"
"temprow.924","925","MeanCoopTie2Noncoop","Female_song_score","0.0138308850326657","0.0485126026993092","0.0680803386891222","0.0364220847554693","997","0.320938308307562","0.679061691692438","0.911525582625272","0.0884744173747275","0.289994472273373","0.621531110351899","0.0309438360341888","0.0575305813405388","8435.52578892806"
"temprow.925","926","MeanCoopTie2Noncoop","Female_song_score","0.0138308850326657","0.0485126026993092","0.0680803386891222","0.0364220847554693","997","0.362114326851784","0.637885673148216","0.915413405300882","0.0845865946991179","0.334246115171018","0.581167290129864","0.0278682116807653","0.0567183830183525","8435.52578892806"
"temprow.926","927","MeanCoopTie2Noncoop","Female_song_score","0.0138308850326657","0.0485126026993092","0.0680803386891222","0.0364220847554693","997","0.413351788510077","0.586648211489923","0.924524366718803","0.075475633281197","0.383682944132877","0.540841422585926","0.0296688443772011","0.0458067889039959","8435.52578892806"
"temprow.927","928","MeanCoopTie2Noncoop","Female_song_score","0.0138308850326657","0.0485126026993092","0.0680803386891222","0.0364220847554693","997","0.305484571937454","0.694515428062546","0.927648602543011","0.0723513974569889","0.276595559853865","0.651053042689146","0.0288890120835884","0.0434623853734005","8435.52578892806"
"temprow.928","929","MeanCoopTie2Noncoop","Female_song_score","0.0138308850326657","0.0485126026993092","0.0680803386891222","0.0364220847554693","997","0.314173685214244","0.685826314785756","0.927631599082982","0.0723684009170178","0.297570089767507","0.630061509315475","0.0166035954467361","0.0557648054702816","8435.52578892806"
"temprow.929","930","MeanCoopTie2Noncoop","Female_song_score","0.0138308850326657","0.0485126026993092","0.0680803386891222","0.0364220847554693","997","0.31652898034497","0.68347101965503","0.911348960157757","0.0886510398422434","0.283812710126258","0.627536250031499","0.032716270218712","0.0559347696235313","8435.52578892806"
"temprow.930","931","MeanCoopTie2Noncoop","Female_song_score","0.0138308850326657","0.0485126026993092","0.0680803386891222","0.0364220847554693","997","0.337487195351006","0.662512804648994","0.917574099291921","0.0824259007080787","0.303535144115628","0.614038955176293","0.033952051235378","0.0484738494727006","8435.52578892806"
"temprow.931","932","MeanCoopTie2Noncoop","Female_song_score","0.0138308850326657","0.0485126026993092","0.0680803386891222","0.0364220847554693","997","0.337452265630207","0.662547734369793","0.930757921919708","0.0692420780802921","0.312105740517489","0.618652181402218","0.0253465251127167","0.0438955529675753","8435.52578892806"
"temprow.932","933","MeanCoopTie2Noncoop","Female_song_score","0.0138308850326657","0.0485126026993092","0.0680803386891222","0.0364220847554693","997","0.348163940670223","0.651836059329777","0.91795992406301","0.0820400759369905","0.321905745900987","0.596054178162022","0.0262581947692356","0.0557818811677549","8435.52578892806"
"temprow.933","934","MeanCoopTie2Noncoop","Female_song_score","0.0138308850326657","0.0485126026993092","0.0680803386891222","0.0364220847554693","997","0.358868283229248","0.641131716770753","0.922671942629517","0.0773280573704826","0.332864555924195","0.589807386705323","0.0260037273050522","0.0513243300654303","8435.52578892806"
"temprow.934","935","MeanCoopTie2Noncoop","Female_song_score","0.0138308850326657","0.0485126026993092","0.0680803386891222","0.0364220847554693","997","0.279083438037544","0.720916561962456","0.914910343407888","0.0850896565921119","0.255489674120705","0.659420669287184","0.0235937639168398","0.061495892675272","8435.52578892806"
"temprow.935","936","MeanCoopTie2Noncoop","Female_song_score","0.0138308850326657","0.0485126026993092","0.0680803386891222","0.0364220847554693","997","0.320220956962492","0.679779043037508","0.928335605683648","0.0716643943163519","0.299309953927528","0.62902565175612","0.0209110030349639","0.0507533912813879","8435.52578892806"
"temprow.936","937","MeanCoopTie2Noncoop","Female_song_score","0.0138308850326657","0.0485126026993092","0.0680803386891222","0.0364220847554693","997","0.324700181930434","0.675299818069566","0.93530521106774","0.0646947889322601","0.30525843724501","0.63004677382273","0.019441744685424","0.045253044246836","8435.52578892806"
"temprow.937","938","MeanCoopTie2Noncoop","Female_song_score","0.0138308850326657","0.0485126026993092","0.0680803386891222","0.0364220847554693","997","0.287224229578645","0.712775770421355","0.93037970307651","0.0696202969234898","0.266260593830487","0.664119109246023","0.0209636357481579","0.0486566611753319","8435.52578892806"
"temprow.938","939","MeanCoopTie2Noncoop","Female_song_score","0.0138308850326657","0.0485126026993092","0.0680803386891222","0.0364220847554693","997","0.315540160031205","0.684459839968795","0.901337633624038","0.098662366375962","0.282420897554797","0.618916736069241","0.0331192624764079","0.0655431038995539","8435.52578892806"
"temprow.939","940","MeanCoopTie2Noncoop","Female_song_score","0.0138308850326657","0.0485126026993092","0.0680803386891222","0.0364220847554693","997","0.357250612814013","0.642749387185987","0.92735769825171","0.0726423017482898","0.32992821180273","0.59742948644898","0.0273224010112826","0.0453199007370071","8435.52578892806"
"temprow.940","941","MeanCoopTie2Noncoop","Female_song_score","0.0138308850326657","0.0485126026993092","0.0680803386891222","0.0364220847554693","997","0.428001958039411","0.571998041960589","0.905229408560935","0.0947705914390649","0.392514608904389","0.512714799656546","0.0354873491350219","0.0592832423040431","8435.52578892806"
"temprow.941","942","MeanCoopTie2Noncoop","Female_song_score","0.0138308850326657","0.0485126026993092","0.0680803386891222","0.0364220847554693","997","0.34307989374324","0.65692010625676","0.922914050623128","0.0770859493768722","0.322089361462326","0.600824689160802","0.0209905322809139","0.0560954170959582","8435.52578892806"
"temprow.942","943","MeanCoopTie2Noncoop","Female_song_score","0.0138308850326657","0.0485126026993092","0.0680803386891222","0.0364220847554693","997","0.321105567652479","0.678894432347521","0.928818946426015","0.0711810535739845","0.299363002318141","0.629455944107874","0.0217425653343373","0.0494384882396471","8435.52578892806"
"temprow.943","944","MeanCoopTie2Noncoop","Female_song_score","0.0138308850326657","0.0485126026993092","0.0680803386891222","0.0364220847554693","997","0.306484799503845","0.693515200496155","0.928789325560878","0.0712106744391221","0.284442087848661","0.644347237712217","0.0220427116551843","0.0491679627839378","8435.52578892806"
"temprow.944","945","MeanCoopTie2Noncoop","Female_song_score","0.0138308850326657","0.0485126026993092","0.0680803386891222","0.0364220847554693","997","0.28146827127161","0.71853172872839","0.917975717858476","0.0820242821415244","0.25350060247772","0.664475115380756","0.0279676687938904","0.0540566133476341","8435.52578892806"
"temprow.945","946","MeanCoopTie2Noncoop","Female_song_score","0.0138308850326657","0.0485126026993092","0.0680803386891222","0.0364220847554693","997","0.321924625499861","0.678075374500139","0.914108103663467","0.0858918963365331","0.296981441171956","0.617126662491511","0.024943184327904","0.060948712008629","8435.52578892806"
"temprow.946","947","MeanCoopTie2Noncoop","Female_song_score","0.0138308850326657","0.0485126026993092","0.0680803386891222","0.0364220847554693","997","0.309640967932419","0.690359032067581","0.929668129567984","0.0703318704320159","0.288798769361121","0.640869360206863","0.0208421985712971","0.0494896718607188","8435.52578892806"
"temprow.947","948","MeanCoopTie2Noncoop","Female_song_score","0.0138308850326657","0.0485126026993092","0.0680803386891222","0.0364220847554693","997","0.331021162857347","0.668978837142653","0.916233176766587","0.0837668232334132","0.297669361209133","0.618563815557454","0.033351801648214","0.0504150215851993","8435.52578892806"
"temprow.948","949","MeanCoopTie2Noncoop","Female_song_score","0.0138308850326657","0.0485126026993092","0.0680803386891222","0.0364220847554693","997","0.306826302185175","0.693173697814825","0.915703675335558","0.0842963246644424","0.280869083102885","0.634834592232672","0.0259572190822899","0.0583391055821525","8435.52578892806"
"temprow.949","950","MeanCoopTie2Noncoop","Female_song_score","0.0138308850326657","0.0485126026993092","0.0680803386891222","0.0364220847554693","997","0.324066172279494","0.675933827720506","0.94017657408597","0.0598234259140295","0.305477757301559","0.634698816784411","0.0185884149779344","0.0412350109360951","8435.52578892806"
"temprow.950","951","MeanCoopTie2Noncoop","Female_song_score","0.0138308850326657","0.0485126026993092","0.0680803386891222","0.0364220847554693","997","0.350549509426908","0.649450490573092","0.915943312122891","0.0840566878771085","0.320116181185466","0.595827130937425","0.0304333282414419","0.0536233596356665","8435.52578892806"
"temprow.951","952","MeanCoopTie2Noncoop","Female_song_score","0.0138308850326657","0.0485126026993092","0.0680803386891222","0.0364220847554693","997","0.346236215262886","0.653763784737114","0.91094670223531","0.0890532977646901","0.316681771313319","0.594264930921992","0.0295544439495675","0.0594988538151226","8435.52578892806"
"temprow.952","953","MeanCoopTie2Noncoop","Female_song_score","0.0138308850326657","0.0485126026993092","0.0680803386891222","0.0364220847554693","997","0.287780686725095","0.712219313274905","0.910501382300875","0.0894986176991253","0.262306998225516","0.648194384075359","0.0254736884995786","0.0640249291995466","8435.52578892806"
"temprow.953","954","MeanCoopTie2Noncoop","Female_song_score","0.0138308850326657","0.0485126026993092","0.0680803386891222","0.0364220847554693","997","0.347340281349505","0.652659718650495","0.884473751347458","0.115526248652542","0.31050669565022","0.573967055697238","0.0368335856992844","0.0786926629532573","8435.52578892806"
"temprow.954","955","MeanCoopTie2Noncoop","Female_song_score","0.0138308850326657","0.0485126026993092","0.0680803386891222","0.0364220847554693","997","0.347635466103201","0.652364533896799","0.91838552316129","0.08161447683871","0.316453108434915","0.601932414726376","0.0311823576682866","0.0504321191704234","8435.52578892806"
"temprow.955","956","MeanCoopTie2Noncoop","Female_song_score","0.0138308850326657","0.0485126026993092","0.0680803386891222","0.0364220847554693","997","0.290875366886209","0.709124633113791","0.936379511155579","0.0636204888444212","0.268903594085242","0.667475917070337","0.0219717728009668","0.0416487160434543","8435.52578892806"
"temprow.956","957","MeanCoopTie2Noncoop","Female_song_score","0.0138308850326657","0.0485126026993092","0.0680803386891222","0.0364220847554693","997","0.334858752767203","0.665141247232797","0.920126571402014","0.0798734285979856","0.305459578225661","0.614666993176354","0.029399174541542","0.0504742540564436","8435.52578892806"
"temprow.957","958","MeanCoopTie2Noncoop","Female_song_score","0.0138308850326657","0.0485126026993092","0.0680803386891222","0.0364220847554693","997","0.328718342680381","0.671281657319619","0.918001717810728","0.0819982821892721","0.297646981547808","0.62035473626292","0.0310713611325732","0.0509269210566989","8435.52578892806"
"temprow.958","959","MeanCoopTie2Noncoop","Female_song_score","0.0138308850326657","0.0485126026993092","0.0680803386891222","0.0364220847554693","997","0.27457529634436","0.72542470365564","0.911332378151952","0.088667621848048","0.249891377494633","0.66144100065732","0.0246839188497268","0.063983702998321","8435.52578892806"
"temprow.959","960","MeanCoopTie2Noncoop","Female_song_score","0.0138308850326657","0.0485126026993092","0.0680803386891222","0.0364220847554693","997","0.305230153519225","0.694769846480774","0.930768501302786","0.0692314986972143","0.284556760237306","0.64621174106548","0.0206733932819193","0.0485581054152949","8435.52578892806"
"temprow.960","961","MeanCoopTie2Noncoop","Female_song_score","0.0138308850326657","0.0485126026993092","0.0680803386891222","0.0364220847554693","997","0.294697743435245","0.705302256564755","0.926137140718448","0.0738628592815523","0.269360189836807","0.656776950881641","0.0253375535984374","0.0485253056831149","8435.52578892806"
"temprow.961","962","MeanCoopTie2Noncoop","Female_song_score","0.0138308850326657","0.0485126026993092","0.0680803386891222","0.0364220847554693","997","0.302384318157484","0.697615681842516","0.917056328718845","0.0829436712811554","0.276076498908852","0.640979829809993","0.0263078192486325","0.056635852032523","8435.52578892806"
"temprow.962","963","MeanCoopTie2Noncoop","Female_song_score","0.0138308850326657","0.0485126026993092","0.0680803386891222","0.0364220847554693","997","0.377451779649856","0.622548220350143","0.928809491397888","0.0711905086021121","0.344389239486334","0.584420251911554","0.033062540163522","0.03812796843859","8435.52578892806"
"temprow.963","964","MeanCoopTie2Noncoop","Female_song_score","0.0138308850326657","0.0485126026993092","0.0680803386891222","0.0364220847554693","997","0.331896574601826","0.668103425398174","0.925585224184182","0.0744147758158184","0.305197629233682","0.6203875949505","0.0266989453681439","0.0477158304476744","8435.52578892806"
"temprow.964","965","MeanCoopTie2Noncoop","Female_song_score","0.0138308850326657","0.0485126026993092","0.0680803386891222","0.0364220847554693","997","0.345245890566743","0.654754109433257","0.93512057010509","0.0648794298949101","0.322473335795963","0.612647234309127","0.0227725547707798","0.0421068751241302","8435.52578892806"
"temprow.965","966","MeanCoopTie2Noncoop","Female_song_score","0.0138308850326657","0.0485126026993092","0.0680803386891222","0.0364220847554693","997","0.314899653636216","0.685100346363783","0.916356131661684","0.0836438683383158","0.293720073802473","0.622636057859211","0.0211795798337429","0.0624642885045727","8435.52578892806"
"temprow.966","967","MeanCoopTie2Noncoop","Female_song_score","0.0138308850326657","0.0485126026993092","0.0680803386891222","0.0364220847554693","997","0.318316916221849","0.681683083778151","0.906625911796267","0.0933740882037335","0.285729790651529","0.620896121144737","0.03258712557032","0.0607869626334135","8435.52578892806"
"temprow.967","968","MeanCoopTie2Noncoop","Female_song_score","0.0138308850326657","0.0485126026993092","0.0680803386891222","0.0364220847554693","997","0.282876823763556","0.717123176236444","0.924238955668099","0.0757610443319014","0.256553483212138","0.667685472455961","0.0263233405514186","0.0494377037804828","8435.52578892806"
"temprow.968","969","MeanCoopTie2Noncoop","Female_song_score","0.0138308850326657","0.0485126026993092","0.0680803386891222","0.0364220847554693","997","0.304810256635743","0.695189743364257","0.929492961595906","0.0705070384040939","0.280529671003728","0.648963290592178","0.0242805856320147","0.0462264527720791","8435.52578892806"
"temprow.969","970","MeanCoopTie2Noncoop","Female_song_score","0.0138308850326657","0.0485126026993092","0.0680803386891222","0.0364220847554693","997","0.273860801481277","0.726139198518723","0.920265365028956","0.0797346349710442","0.245029732600827","0.675235632428129","0.02883106888045","0.0509035660905941","8435.52578892806"
"temprow.970","971","MeanCoopTie2Noncoop","Female_song_score","0.0138308850326657","0.0485126026993092","0.0680803386891222","0.0364220847554693","997","0.309000594015808","0.690999405984192","0.916331375650097","0.083668624349903","0.285405702239205","0.630925673410892","0.0235948917766025","0.0600737325733005","8435.52578892806"
"temprow.971","972","MeanCoopTie2Noncoop","Female_song_score","0.0138308850326657","0.0485126026993092","0.0680803386891222","0.0364220847554693","997","0.268910965896718","0.731089034103282","0.91295944499701","0.0870405550029903","0.240780204235447","0.672179240761563","0.0281307616612713","0.0589097933417191","8435.52578892806"
"temprow.972","973","MeanCoopTie2Noncoop","Female_song_score","0.0138308850326657","0.0485126026993092","0.0680803386891222","0.0364220847554693","997","0.35109766192434","0.64890233807566","0.920621410848168","0.0793785891518321","0.320065162197436","0.600556248650732","0.0310324997269035","0.0483460894249286","8435.52578892806"
"temprow.973","974","MeanCoopTie2Noncoop","Female_song_score","0.0138308850326657","0.0485126026993092","0.0680803386891222","0.0364220847554693","997","0.341509087976571","0.658490912023429","0.935617582249925","0.0643824177500752","0.317054766182843","0.618562816067082","0.0244543217937278","0.0399280959563474","8435.52578892806"
"temprow.974","975","MeanCoopTie2Noncoop","Female_song_score","0.0138308850326657","0.0485126026993092","0.0680803386891222","0.0364220847554693","997","0.345949453763178","0.654050546236822","0.924817246522364","0.0751827534776356","0.32246285905855","0.602354387463814","0.0234865947046277","0.0516961587730078","8435.52578892806"
"temprow.975","976","MeanCoopTie2Noncoop","Female_song_score","0.0138308850326657","0.0485126026993092","0.0680803386891222","0.0364220847554693","997","0.364205050750171","0.635794949249829","0.935850428229223","0.0641495717707771","0.338619284038045","0.597231144191178","0.0255857667121256","0.0385638050586514","8435.52578892806"
"temprow.976","977","MeanCoopTie2Noncoop","Female_song_score","0.0138308850326657","0.0485126026993092","0.0680803386891222","0.0364220847554693","997","0.387703275446954","0.612296724553046","0.929244369291641","0.0707556307083593","0.357794901600216","0.571449467691424","0.0299083738467378","0.0408472568616215","8435.52578892806"
"temprow.977","978","MeanCoopTie2Noncoop","Female_song_score","0.0138308850326657","0.0485126026993092","0.0680803386891222","0.0364220847554693","997","0.314804969228217","0.685195030771783","0.904519999351537","0.0954800006484633","0.288682813151228","0.615837186200308","0.0261221560769884","0.0693578445714749","8435.52578892806"
"temprow.978","979","MeanCoopTie2Noncoop","Female_song_score","0.0138308850326657","0.0485126026993092","0.0680803386891222","0.0364220847554693","997","0.332288979594403","0.667711020405597","0.912164825533146","0.087835174466854","0.298446088052645","0.613718737480501","0.0338428915417585","0.0539922829250955","8435.52578892806"
"temprow.979","980","MeanCoopTie2Noncoop","Female_song_score","0.0138308850326657","0.0485126026993092","0.0680803386891222","0.0364220847554693","997","0.43252696320995","0.56747303679005","0.917742770819827","0.0822572291801734","0.40096163625144","0.516781134568387","0.0315653269585102","0.0506919022216631","8435.52578892806"
"temprow.980","981","MeanCoopTie2Noncoop","Female_song_score","0.0138308850326657","0.0485126026993092","0.0680803386891222","0.0364220847554693","997","0.324417063080789","0.675582936919211","0.920652016496964","0.0793479835030357","0.297464903483325","0.623187113013639","0.0269521595974638","0.0523958239055719","8435.52578892806"
"temprow.981","982","MeanCoopTie2Noncoop","Female_song_score","0.0138308850326657","0.0485126026993092","0.0680803386891222","0.0364220847554693","997","0.340506041713181","0.659493958286819","0.930157968594019","0.0698420314059808","0.313868294992551","0.616289673601469","0.02663774672063","0.0432042846853508","8435.52578892806"
"temprow.982","983","MeanCoopTie2Noncoop","Female_song_score","0.0138308850326657","0.0485126026993092","0.0680803386891222","0.0364220847554693","997","0.390319608513371","0.609680391486629","0.923062553434942","0.0769374465650584","0.359291169889495","0.563771383545447","0.0310284386238755","0.0459090079411828","8435.52578892806"
"temprow.983","984","MeanCoopTie2Noncoop","Female_song_score","0.0138308850326657","0.0485126026993092","0.0680803386891222","0.0364220847554693","997","0.296969281546017","0.703030718453983","0.912660919618028","0.0873390803819721","0.265309342379394","0.647351577238634","0.0316599391666223","0.0556791412153498","8435.52578892806"
"temprow.984","985","MeanCoopTie2Noncoop","Female_song_score","0.0138308850326657","0.0485126026993092","0.0680803386891222","0.0364220847554693","997","0.359818242308009","0.64018175769199","0.923591117963807","0.0764088820361932","0.331142498921041","0.592448619042766","0.0286757433869686","0.0477331386492245","8435.52578892806"
"temprow.985","986","MeanCoopTie2Noncoop","Female_song_score","0.0138308850326657","0.0485126026993092","0.0680803386891222","0.0364220847554693","997","0.324079058501423","0.675920941498577","0.91305344920065","0.0869465507993496","0.298700438262776","0.614353010937875","0.0253786202386474","0.0615679305607022","8435.52578892806"
"temprow.986","987","MeanCoopTie2Noncoop","Female_song_score","0.0138308850326657","0.0485126026993092","0.0680803386891222","0.0364220847554693","997","0.310005304077385","0.689994695922615","0.914668535689607","0.0853314643103925","0.28180380277728","0.632864732912327","0.028201501300104","0.0571299630102884","8435.52578892806"
"temprow.987","988","MeanCoopTie2Noncoop","Female_song_score","0.0138308850326657","0.0485126026993092","0.0680803386891222","0.0364220847554693","997","0.342853468671813","0.657146531328187","0.912803285221329","0.0871967147786709","0.317086374550742","0.595716910670587","0.0257670941210708","0.0614296206576","8435.52578892806"
"temprow.988","989","MeanCoopTie2Noncoop","Female_song_score","0.0138308850326657","0.0485126026993092","0.0680803386891222","0.0364220847554693","997","0.296269357752504","0.703730642247496","0.919424902171505","0.0805750978284955","0.273184852844737","0.646240049326767","0.0230845049077668","0.0574905929207287","8435.52578892806"
"temprow.989","990","MeanCoopTie2Noncoop","Female_song_score","0.0138308850326657","0.0485126026993092","0.0680803386891222","0.0364220847554693","997","0.312042609548805","0.687957390451195","0.902539111637887","0.0974608883621125","0.268529716048742","0.634009395589146","0.0435128935000634","0.0539479948620491","8435.52578892806"
"temprow.990","991","MeanCoopTie2Noncoop","Female_song_score","0.0138308850326657","0.0485126026993092","0.0680803386891222","0.0364220847554693","997","0.306339421203275","0.693660578796725","0.920122165298074","0.0798778347019264","0.280034348094314","0.64008781720376","0.0263050731089609","0.0535727615929655","8435.52578892806"
"temprow.991","992","MeanCoopTie2Noncoop","Female_song_score","0.0138308850326657","0.0485126026993092","0.0680803386891222","0.0364220847554693","997","0.32326326313669","0.67673673686331","0.924028155993408","0.0759718440065918","0.29616756304435","0.627860592949058","0.0270957000923395","0.0488761439142523","8435.52578892806"
"temprow.992","993","MeanCoopTie2Noncoop","Female_song_score","0.0138308850326657","0.0485126026993092","0.0680803386891222","0.0364220847554693","997","0.32977469603145","0.67022530396855","0.935135658671483","0.0648643413285166","0.302648939686857","0.632486718984627","0.0271257563445929","0.0377385849839236","8435.52578892806"
"temprow.993","994","MeanCoopTie2Noncoop","Female_song_score","0.0138308850326657","0.0485126026993092","0.0680803386891222","0.0364220847554693","997","0.309871846936203","0.690128153063797","0.894751877239584","0.105248122760416","0.272043419788275","0.622708457451309","0.0378284271479277","0.0674196956124882","8435.52578892806"
"temprow.994","995","MeanCoopTie2Noncoop","Female_song_score","0.0138308850326657","0.0485126026993092","0.0680803386891222","0.0364220847554693","997","0.365581255161863","0.634418744838137","0.933206017792029","0.0667939822079709","0.34324759713608","0.589958420655949","0.022333658025783","0.0444603241821878","8435.52578892806"
"temprow.995","996","MeanCoopTie2Noncoop","Female_song_score","0.0138308850326657","0.0485126026993092","0.0680803386891222","0.0364220847554693","997","0.382445544668628","0.617554455331372","0.889812980343205","0.110187019656795","0.337253003866161","0.552559976477043","0.0451925408024665","0.0649944788543288","8435.52578892806"
"temprow.996","997","MeanCoopTie2Noncoop","Female_song_score","0.0138308850326657","0.0485126026993092","0.0680803386891222","0.0364220847554693","997","0.345223409627411","0.654776590372589","0.923924528767422","0.0760754712325778","0.316462807840393","0.60746172092703","0.0287606017870186","0.0473148694455591","8435.52578892806"
"temprow.997","998","MeanCoopTie2Noncoop","Female_song_score","0.0138308850326657","0.0485126026993092","0.0680803386891222","0.0364220847554693","997","0.302331993069526","0.697668006930474","0.918649072582306","0.0813509274176944","0.281471841733613","0.637177230848693","0.0208601513359133","0.0604907760817811","8435.52578892806"
"temprow.998","999","MeanCoopTie2Noncoop","Female_song_score","0.0138308850326657","0.0485126026993092","0.0680803386891222","0.0364220847554693","997","0.326996048672696","0.673003951327304","0.922102016140075","0.0778979838599253","0.303578156706463","0.618523859433611","0.0234178919662333","0.0544800918936919","8435.52578892806"
"temprow.999","1000","MeanCoopTie2Noncoop","Female_song_score","0.0138308850326657","0.0485126026993092","0.0680803386891222","0.0364220847554693","997","0.346049152459513","0.653950847540487","0.932777541901674","0.067222458098326","0.320098644407114","0.61267889749456","0.0259505080523988","0.0412719500459273","8435.52578892806"
