"","treenum","column1","column2","coopQ01","coopQ10","FSQAbsPres","FSQPresAbs","Nspecies","propFSabsent","propFSpresent","propNoncoop","propCoop","ObsProp0Absent","ObsProp0Present","ObsProp1Absent","ObsProp1Present","totaltime","chiStat","chiPval","chiStatSim","chiPvalSim"
"temprow","1","MeanCoopTie2Noncoop","Female_song_score","0.013256045947472","0.0479006153992311","0.0642110439900424","0.0346466125274233","997","0.341520481380238","0.658479518619762","0.870604026687119","0.129395973312881","0.305699202460135","0.564904824226984","0.0358212789201033","0.0935746943927778","8785.08839541662","23.8465546832935","1.04328440600629e-06","24.1749674110716","0.000499750124937531"
"temprow.1","2","MeanCoopTie2Noncoop","Female_song_score","0.013256045947472","0.0479006153992311","0.0642110439900424","0.0346466125274233","997","0.296507374396867","0.703492625603133","0.87554352440638","0.12445647559362","0.26278106626757","0.61276245813881","0.0337263081292964","0.0907301674643237","8785.08839541662","3.81728321732426","0.0507264251624389","3.95681636455079","0.0469765117441279"
"temprow.2","3","MeanCoopTie2Noncoop","Female_song_score","0.013256045947472","0.0479006153992311","0.0642110439900424","0.0346466125274233","997","0.307925181897947","0.692074818102053","0.851054515333083","0.148945484666917","0.26763230309279","0.583422212240293","0.0402928788051563","0.108652605861761","8785.08839541662","9.93178533048445","0.00162448893383369","10.137382314629","0.00299850074962519"
"temprow.3","4","MeanCoopTie2Noncoop","Female_song_score","0.013256045947472","0.0479006153992311","0.0642110439900424","0.0346466125274233","997","0.352014381443717","0.647985618556283","0.889916429509263","0.110083570490737","0.323305389944637","0.566611039564626","0.0287089914990801","0.0813745789916568","8785.08839541662","39.3182265849955","3.60064523137987e-10","39.7670674228893","0.000499750124937531"
"temprow.4","5","MeanCoopTie2Noncoop","Female_song_score","0.013256045947472","0.0479006153992311","0.0642110439900424","0.0346466125274233","997","0.299559071163912","0.700440928836088","0.875695643242033","0.124304356757967","0.276563113570852","0.599132529671182","0.0229959575930601","0.101308399164907","8785.08839541662","77.4502444831194","1.36108356340608e-18","78.0727576062685","0.000499750124937531"
"temprow.5","6","MeanCoopTie2Noncoop","Female_song_score","0.013256045947472","0.0479006153992311","0.0642110439900424","0.0346466125274233","997","0.301890840561024","0.698109159438976","0.884237043608924","0.115762956391076","0.282758110072157","0.601478933536767","0.0191327304888659","0.0966302259022103","8785.08839541662","101.230579428242","8.18755344344538e-24","101.962751812156","0.000499750124937531"
"temprow.6","7","MeanCoopTie2Noncoop","Female_song_score","0.013256045947472","0.0479006153992311","0.0642110439900424","0.0346466125274233","997","0.345339975026513","0.654660024973487","0.890520303375458","0.109479696624542","0.318656781373249","0.571863522002209","0.0266831936532634","0.0827965029712784","8785.08839541662","48.9525031783389","2.6223636517039e-12","49.4567972835688","0.000499750124937531"
"temprow.7","8","MeanCoopTie2Noncoop","Female_song_score","0.013256045947472","0.0479006153992311","0.0642110439900424","0.0346466125274233","997","0.311515556393521","0.688484443606479","0.891785168145564","0.108214831854436","0.277730270882897","0.614054897262667","0.0337852855106241","0.0744295463438115","8785.08839541662","0.000332908342523325","0.985442784722389","0.00306026257599118","0.972513743128436"
"temprow.8","9","MeanCoopTie2Noncoop","Female_song_score","0.013256045947472","0.0479006153992311","0.0642110439900424","0.0346466125274233","997","0.304425643910238","0.695574356089762","0.895067576246588","0.104932423753412","0.285191322230735","0.609876254015853","0.0192343216795029","0.0856981020739093","8785.08839541662","70.6932878943431","4.17309856534603e-17","71.330789236433","0.000499750124937531"
"temprow.9","10","MeanCoopTie2Noncoop","Female_song_score","0.013256045947472","0.0479006153992311","0.0642110439900424","0.0346466125274233","997","0.30081220188556","0.69918779811444","0.877509835955643","0.122490164044357","0.277709742606822","0.59980009334882","0.0231024592787372","0.0993877047656203","8785.08839541662","72.7698398079182","1.45686297156382e-17","73.3764111797493","0.000499750124937531"
"temprow.10","11","MeanCoopTie2Noncoop","Female_song_score","0.013256045947472","0.0479006153992311","0.0642110439900424","0.0346466125274233","997","0.276397006360847","0.723602993639153","0.882631683047575","0.117368316952425","0.251040485806621","0.631591197240954","0.0253565205542261","0.0920117963981995","8785.08839541662","20.7469928027318","5.24138222834084e-06","21.0860015339532","0.000499750124937531"
"temprow.11","12","MeanCoopTie2Noncoop","Female_song_score","0.013256045947472","0.0479006153992311","0.0642110439900424","0.0346466125274233","997","0.339073323288949","0.660926676711051","0.870988765355316","0.129011234644684","0.309954993399914","0.561033771955402","0.0291183298890349","0.0998929047556493","8785.08839541662","74.0217328635993","7.72617144904912e-18","74.6011731371033","0.000499750124937531"
"temprow.12","13","MeanCoopTie2Noncoop","Female_song_score","0.013256045947472","0.0479006153992311","0.0642110439900424","0.0346466125274233","997","0.314110193039577","0.685889806960423","0.885085864888672","0.114914135111328","0.285377390037352","0.599708474851321","0.0287328030022254","0.0861813321091022","8785.08839541662","21.5688448582051","3.41352009484098e-06","21.9049567665284","0.000499750124937531"
"temprow.13","14","MeanCoopTie2Noncoop","Female_song_score","0.013256045947472","0.0479006153992311","0.0642110439900424","0.0346466125274233","997","0.333003044815206","0.666996955184794","0.884761712520941","0.115238287479059","0.304045587266497","0.580716125254444","0.0289574575487095","0.0862808299303498","8785.08839541662","34.1827544693834","5.01716097641171e-09","34.598602551807","0.000499750124937531"
"temprow.14","15","MeanCoopTie2Noncoop","Female_song_score","0.013256045947472","0.0479006153992311","0.0642110439900424","0.0346466125274233","997","0.319501859567781","0.680498140432219","0.899566081194082","0.100433918805918","0.297600164957416","0.601965916236666","0.0219016946103646","0.0785322241955538","8785.08839541662","46.1789701123591","1.0792926135918e-11","46.6978308739257","0.000499750124937531"
"temprow.15","16","MeanCoopTie2Noncoop","Female_song_score","0.013256045947472","0.0479006153992311","0.0642110439900424","0.0346466125274233","997","0.352802542242809","0.647197457757191","0.886127720572218","0.113872279427781","0.32321674039133","0.562910980180889","0.0295858018514786","0.0842864775763028","8785.08839541662","42.104707355413","8.65146824990362e-11","42.5621125538752","0.000499750124937531"
"temprow.16","17","MeanCoopTie2Noncoop","Female_song_score","0.013256045947472","0.0479006153992311","0.0642110439900424","0.0346466125274233","997","0.320581249698201","0.679418750301799","0.886774048487282","0.113225951512718","0.291843092199337","0.594930956287946","0.0287381574988638","0.0844877940138538","8785.08839541662","22.7728817469011","1.82320314436052e-06","23.1185851311302","0.000499750124937531"
"temprow.17","18","MeanCoopTie2Noncoop","Female_song_score","0.013256045947472","0.0479006153992311","0.0642110439900424","0.0346466125274233","997","0.281884328959407","0.718115671040593","0.873302203303131","0.126697796696869","0.261015528586002","0.612286674717129","0.0208688003734046","0.105828996323465","8785.08839541662","86.1552682926798","1.66348170703626e-20","86.8182922982136","0.000499750124937531"
"temprow.18","19","MeanCoopTie2Noncoop","Female_song_score","0.013256045947472","0.0479006153992311","0.0642110439900424","0.0346466125274233","997","0.303198073009253","0.696801926990747","0.885407924726831","0.114592075273169","0.279801957290838","0.605605967435993","0.0233961157184155","0.0911959595547535","8785.08839541662","51.8887137786334","5.87370686911086e-13","52.4148750650322","0.000499750124937531"
"temprow.19","20","MeanCoopTie2Noncoop","Female_song_score","0.013256045947472","0.0479006153992311","0.0642110439900424","0.0346466125274233","997","0.311041079067677","0.688958920932323","0.866133440213564","0.133866559786436","0.280681772906751","0.585451667306813","0.0303593061609259","0.10350725362551","8785.08839541662","44.3114949848683","2.8006685084253e-11","44.7631810081331","0.000499750124937531"
"temprow.20","21","MeanCoopTie2Noncoop","Female_song_score","0.013256045947472","0.0479006153992311","0.0642110439900424","0.0346466125274233","997","0.317219717589318","0.682780282410682","0.872622708125173","0.127377291874827","0.289862294140921","0.582760413984252","0.0273574234483962","0.100019868426431","8785.08839541662","61.8573872148864","3.69254518711978e-15","62.3994221506496","0.000499750124937531"
"temprow.21","22","MeanCoopTie2Noncoop","Female_song_score","0.013256045947472","0.0479006153992311","0.0642110439900424","0.0346466125274233","997","0.32917128253539","0.67082871746461","0.881339020898461","0.11866097910154","0.299379098823191","0.58195992207527","0.0297921837121993","0.0888687953893403","8785.08839541662","32.1768726768857","1.40756306575854e-08","32.5762644808575","0.000499750124937531"
"temprow.22","23","MeanCoopTie2Noncoop","Female_song_score","0.013256045947472","0.0479006153992311","0.0642110439900424","0.0346466125274233","997","0.308160008799194","0.691839991200806","0.874445113076556","0.125554886923444","0.275636140161936","0.59880897291462","0.0325238686372582","0.0930310182861858","8785.08839541662","13.8559954861628","0.00019736603737019","14.1167978158527","0.000999500249875062"
"temprow.23","24","MeanCoopTie2Noncoop","Female_song_score","0.013256045947472","0.0479006153992311","0.0642110439900424","0.0346466125274233","997","0.317278262277951","0.682721737722049","0.874844028097436","0.125155971902564","0.295508768553778","0.579335259543658","0.0217694937241732","0.103386478178391","8785.08839541662","118.584213821737","1.29152738167821e-27","119.339994296707","0.000499750124937531"
"temprow.24","25","MeanCoopTie2Noncoop","Female_song_score","0.013256045947472","0.0479006153992311","0.0642110439900424","0.0346466125274233","997","0.314247362439659","0.685752637560341","0.904121514801344","0.0958784851986557","0.292061160461572","0.612060354339772","0.0221862019780862","0.0736922832205695","8785.08839541662","29.1267774708628","6.77934784318431e-08","29.5496433335853","0.000499750124937531"
"temprow.25","26","MeanCoopTie2Noncoop","Female_song_score","0.013256045947472","0.0479006153992311","0.0642110439900424","0.0346466125274233","997","0.327326110517681","0.672673889482319","0.882811953483922","0.117188046516078","0.297360615773843","0.585451337710078","0.0299654947438384","0.08722255177224","8785.08839541662","26.8554920116014","2.19250403744054e-07","27.2231630456581","0.000499750124937531"
"temprow.26","27","MeanCoopTie2Noncoop","Female_song_score","0.013256045947472","0.0479006153992311","0.0642110439900424","0.0346466125274233","997","0.28850188427276","0.71149811572724","0.876192455881325","0.123807544118675","0.257873572687557","0.618318883193768","0.0306283115852028","0.0931792325334722","8785.08839541662","10.0439402508301","0.00152849909237337","10.271792764784","0.00149925037481259"
"temprow.27","28","MeanCoopTie2Noncoop","Female_song_score","0.013256045947472","0.0479006153992311","0.0642110439900424","0.0346466125274233","997","0.336033439071789","0.663966560928211","0.893089326941031","0.106910673058969","0.308444624282392","0.584644702658639","0.0275888147893972","0.0793218582695721","8785.08839541662","28.5037200465561","9.35186334385279e-08","28.8953595352734","0.000499750124937531"
"temprow.28","29","MeanCoopTie2Noncoop","Female_song_score","0.013256045947472","0.0479006153992311","0.0642110439900424","0.0346466125274233","997","0.299753762027994","0.700246237972006","0.90063797824599","0.0993620217540097","0.285382934134669","0.615255044111321","0.014370827893325","0.0849911938606846","8785.08839541662","110.687798164246","6.92630345914456e-26","111.508303243558","0.000499750124937531"
"temprow.29","30","MeanCoopTie2Noncoop","Female_song_score","0.013256045947472","0.0479006153992311","0.0642110439900424","0.0346466125274233","997","0.328773695025727","0.671226304974273","0.878194930641257","0.121805069358743","0.305608567096384","0.572586363544873","0.0231651279293426","0.0986399414294005","8785.08839541662","105.056484627723","1.18703350610211e-24","105.76914210284","0.000499750124937531"
"temprow.30","31","MeanCoopTie2Noncoop","Female_song_score","0.013256045947472","0.0479006153992311","0.0642110439900424","0.0346466125274233","997","0.32419556048167","0.67580443951833","0.879141804522599","0.120858195477401","0.299719809612556","0.579421994910044","0.0244757508691136","0.0963824446082869","8785.08839541662","81.089207255786","2.15755073531024e-19","81.7200594285743","0.000499750124937531"
"temprow.31","32","MeanCoopTie2Noncoop","Female_song_score","0.013256045947472","0.0479006153992311","0.0642110439900424","0.0346466125274233","997","0.328433467858643","0.671566532141357","0.888288793479246","0.111711206520754","0.303451160648642","0.584837632830604","0.0249823072100002","0.0867288993107537","8785.08839541662","54.8343592722897","1.31128164726624e-13","55.3697900034713","0.000499750124937531"
"temprow.32","33","MeanCoopTie2Noncoop","Female_song_score","0.013256045947472","0.0479006153992311","0.0642110439900424","0.0346466125274233","997","0.309836642481493","0.690163357518507","0.87780868103832","0.12219131896168","0.281171379749672","0.596637301288647","0.0286652627318207","0.0935260562298597","8785.08839541662","31.937817172067","1.59187625595755e-08","32.3371004867298","0.000499750124937531"
"temprow.33","34","MeanCoopTie2Noncoop","Female_song_score","0.013256045947472","0.0479006153992311","0.0642110439900424","0.0346466125274233","997","0.321888144198084","0.678111855801916","0.874151224021904","0.125848775978096","0.288749789991132","0.585401434030772","0.0331383542069517","0.0927104217711441","8785.08839541662","19.5543195960695","9.7779397502253e-06","19.8600272416444","0.000499750124937531"
"temprow.34","35","MeanCoopTie2Noncoop","Female_song_score","0.013256045947472","0.0479006153992311","0.0642110439900424","0.0346466125274233","997","0.323172829083351","0.676827170916649","0.895150219704561","0.104849780295439","0.293160732596877","0.601989487107684","0.0300120964864742","0.0748376838089645","8785.08839541662","6.08824978135604","0.0136083824243098","6.2733797037578","0.00999500249875063"
"temprow.35","36","MeanCoopTie2Noncoop","Female_song_score","0.013256045947472","0.0479006153992311","0.0642110439900424","0.0346466125274233","997","0.325508844279244","0.674491155720756","0.883820069240547","0.116179930759453","0.29385045468904","0.589969614551507","0.0316583895902037","0.0845215411692488","8785.08839541662","14.6389702106385","0.000130194325184232","14.9120603622896","0.000999500249875062"
"temprow.36","37","MeanCoopTie2Noncoop","Female_song_score","0.013256045947472","0.0479006153992311","0.0642110439900424","0.0346466125274233","997","0.291676509578277","0.708323490421722","0.870737396394034","0.129262603605966","0.263993735253697","0.606743661140337","0.0276827743245804","0.101579829281385","8785.08839541662","37.531588676403","8.99444367345772e-10","37.9615413170255","0.000499750124937531"
"temprow.37","38","MeanCoopTie2Noncoop","Female_song_score","0.013256045947472","0.0479006153992311","0.0642110439900424","0.0346466125274233","997","0.306157767501441","0.693842232498559","0.877894882163644","0.122105117836356","0.276063883080821","0.601830999082823","0.0300938844206193","0.0920112334157371","8785.08839541662","20.275074690115","6.70686570366805e-06","20.5947864362893","0.000499750124937531"
"temprow.38","39","MeanCoopTie2Noncoop","Female_song_score","0.013256045947472","0.0479006153992311","0.0642110439900424","0.0346466125274233","997","0.32826666785905","0.67173333214095","0.888039238161369","0.111960761838631","0.304630987417037","0.583408250744333","0.0236356804420126","0.0883250813966181","8785.08839541662","68.0816231420381","1.56865812398419e-16","68.6773420714597","0.000499750124937531"
"temprow.39","40","MeanCoopTie2Noncoop","Female_song_score","0.013256045947472","0.0479006153992311","0.0642110439900424","0.0346466125274233","997","0.322652759960974","0.677347240039026","0.90179178187458","0.0982082181254204","0.306052919254881","0.595738862619698","0.0165998407060919","0.0816083774193284","8785.08839541662","102.389701863976","4.56066289367326e-24","103.167049288709","0.000499750124937531"
"temprow.40","41","MeanCoopTie2Noncoop","Female_song_score","0.013256045947472","0.0479006153992311","0.0642110439900424","0.0346466125274233","997","0.359974106133471","0.640025893866529","0.88476612791421","0.11523387208579","0.326280066553107","0.558486061361103","0.0336940395803632","0.0815398325054268","8785.08839541662","22.2778022307752","2.35918073779318e-06","22.6076323204437","0.000499750124937531"
"temprow.41","42","MeanCoopTie2Noncoop","Female_song_score","0.013256045947472","0.0479006153992311","0.0642110439900424","0.0346466125274233","997","0.307101066164634","0.692898933835366","0.871134259550232","0.128865740449768","0.280300414623707","0.590833844926525","0.0268006515409259","0.102065088908842","8785.08839541662","59.8161854610594","1.04143365527317e-14","60.3513326578643","0.000499750124937531"
"temprow.42","43","MeanCoopTie2Noncoop","Female_song_score","0.013256045947472","0.0479006153992311","0.0642110439900424","0.0346466125274233","997","0.321844263675182","0.678155736324818","0.869300468814236","0.130699531185764","0.282361783774752","0.586938685039484","0.0394824799004295","0.0912170512853343","8785.08839541662","2.23296874141207","0.135094056192339","2.33536007760481","0.131934032983508"
"temprow.43","44","MeanCoopTie2Noncoop","Female_song_score","0.013256045947472","0.0479006153992311","0.0642110439900424","0.0346466125274233","997","0.300890444545498","0.699109555454502","0.861747015207684","0.138252984792316","0.276693979569112","0.585053035638571","0.0241964649763854","0.114056519815931","8785.08839541662","105.08123480312","1.17229881061807e-24","105.773085008245","0.000499750124937531"
"temprow.44","45","MeanCoopTie2Noncoop","Female_song_score","0.013256045947472","0.0479006153992311","0.0642110439900424","0.0346466125274233","997","0.33224082734228","0.667759172657719","0.859072252816524","0.140927747183476","0.286479687680047","0.572592565136477","0.0457611396622334","0.095166607521243","8785.08839541662","0.332030161216369","0.564466093872037","0.37060126656006","0.548225887056472"
"temprow.45","46","MeanCoopTie2Noncoop","Female_song_score","0.013256045947472","0.0479006153992311","0.0642110439900424","0.0346466125274233","997","0.325226293710774","0.674773706289226","0.88819131296629","0.11180868703371","0.300349380721476","0.587841932244814","0.0248769129892971","0.086931774044413","8785.08839541662","52.4621465537662","4.38621708547324e-13","52.986710724806","0.000499750124937531"
"temprow.46","47","MeanCoopTie2Noncoop","Female_song_score","0.013256045947472","0.0479006153992311","0.0642110439900424","0.0346466125274233","997","0.316085522003168","0.683914477996832","0.862256349890038","0.137743650109962","0.278162216374733","0.584094133515306","0.0379233056284347","0.0998203444815269","8785.08839541662","10.6403761355563","0.00110645168139223","10.8586817283011","0.00249875062468766"
"temprow.47","48","MeanCoopTie2Noncoop","Female_song_score","0.013256045947472","0.0479006153992311","0.0642110439900424","0.0346466125274233","997","0.30340857318767","0.69659142681233","0.852302818575139","0.147697181424861","0.27423544654789","0.578067372027249","0.0291731266397801","0.118524054785081","8785.08839541662","80.3328845458388","3.1636009452725e-19","80.920325497684","0.000499750124937531"
"temprow.48","49","MeanCoopTie2Noncoop","Female_song_score","0.013256045947472","0.0479006153992311","0.0642110439900424","0.0346466125274233","997","0.320296826467295","0.679703173532705","0.88347201058122","0.11652798941878","0.287093025496348","0.596378985084872","0.0332038009709465","0.0833241884478337","8785.08839541662","6.4010195270815","0.0114054847687074","6.58256690067176","0.0119940029985007"
"temprow.49","50","MeanCoopTie2Noncoop","Female_song_score","0.013256045947472","0.0479006153992311","0.0642110439900424","0.0346466125274233","997","0.340279334791954","0.659720665208046","0.888590388236063","0.111409611763937","0.313919804317375","0.574670583918688","0.0263595304745788","0.0850500812893586","8785.08839541662","51.8902862011521","5.86900492099998e-13","52.4070282618768","0.000499750124937531"
"temprow.50","51","MeanCoopTie2Noncoop","Female_song_score","0.013256045947472","0.0479006153992311","0.0642110439900424","0.0346466125274233","997","0.311077066437373","0.688922933562627","0.893947817090583","0.106052182909417","0.284079115374179","0.609868701716404","0.0269979510631929","0.079054231846224","8785.08839541662","15.2358291317552","9.4886034268045e-05","15.5294816936073","0.000499750124937531"
"temprow.51","52","MeanCoopTie2Noncoop","Female_song_score","0.013256045947472","0.0479006153992311","0.0642110439900424","0.0346466125274233","997","0.315156254942166","0.684843745057834","0.847871944367137","0.152128055632863","0.274034632377908","0.57383731198923","0.0411216225642588","0.111006433068604","8785.08839541662","14.4798573199834","0.000141666317195487","14.7242462959859","0.000499750124937531"
"temprow.52","53","MeanCoopTie2Noncoop","Female_song_score","0.013256045947472","0.0479006153992311","0.0642110439900424","0.0346466125274233","997","0.35720234868144","0.64279765131856","0.873574562517457","0.126425437482543","0.316387973190689","0.557186589326768","0.0408143754907503","0.085611061991793","8785.08839541662","6.26001598710678","0.0123493089284162","6.42874680034335","0.0114942528735632"
"temprow.53","54","MeanCoopTie2Noncoop","Female_song_score","0.013256045947472","0.0479006153992311","0.0642110439900424","0.0346466125274233","997","0.304590741227616","0.695409258772384","0.879987413509931","0.120012586490069","0.275489594315305","0.604497819194626","0.0291011469123108","0.0909114395777586","8785.08839541662","21.3732952149459","3.77999719880222e-06","21.7042635242828","0.000499750124937531"
"temprow.54","55","MeanCoopTie2Noncoop","Female_song_score","0.013256045947472","0.0479006153992311","0.0642110439900424","0.0346466125274233","997","0.29618707708998","0.70381292291002","0.866151258982286","0.133848741017714","0.26615905258017","0.599992206402116","0.0300280245098098","0.103820716507905","8785.08839541662","33.0851360935649","8.82104890700009e-09","33.4810509957536","0.000499750124937531"
"temprow.55","56","MeanCoopTie2Noncoop","Female_song_score","0.013256045947472","0.0479006153992311","0.0642110439900424","0.0346466125274233","997","0.343723636922091","0.656276363077909","0.892985514113287","0.107014485886713","0.323239916444932","0.569745597668355","0.020483720477158","0.0865307654095545","8785.08839541662","107.446276128402","3.55410283962918e-25","108.200856148614","0.000499750124937531"
"temprow.56","57","MeanCoopTie2Noncoop","Female_song_score","0.013256045947472","0.0479006153992311","0.0642110439900424","0.0346466125274233","997","0.319006532866198","0.680993467133802","0.883194920752787","0.116805079247213","0.292296453794571","0.590898466958217","0.0267100790716271","0.0900950001755858","8785.08839541662","42.862501907061","5.87255860217649e-11","43.3303667471878","0.000499750124937531"
"temprow.57","58","MeanCoopTie2Noncoop","Female_song_score","0.013256045947472","0.0479006153992311","0.0642110439900424","0.0346466125274233","997","0.318557057335799","0.681442942664201","0.89899758267114","0.10100241732886","0.299338400086909","0.599659182584231","0.0192186572488894","0.0817837600799706","8785.08839541662","73.898068483308","8.2256757698748e-18","74.5528521873394","0.000499750124937531"
"temprow.58","59","MeanCoopTie2Noncoop","Female_song_score","0.013256045947472","0.0479006153992311","0.0642110439900424","0.0346466125274233","997","0.333186802228926","0.666813197771074","0.861678942297128","0.138321057702872","0.296657746416396","0.565021195880732","0.0365290558125295","0.101792001890342","8785.08839541662","29.8423931936846","4.68631934549637e-08","30.2016529399445","0.000499750124937531"
"temprow.59","60","MeanCoopTie2Noncoop","Female_song_score","0.013256045947472","0.0479006153992311","0.0642110439900424","0.0346466125274233","997","0.309972331824036","0.690027668175964","0.861063280925272","0.138936719074728","0.28089498369196","0.580168297233312","0.0290773481320761","0.109859370942651","8785.08839541662","66.9480514486527","2.78756797956154e-16","67.4950041497924","0.000499750124937531"
"temprow.60","61","MeanCoopTie2Noncoop","Female_song_score","0.013256045947472","0.0479006153992311","0.0642110439900424","0.0346466125274233","997","0.317921340633379","0.682078659366621","0.881731549175779","0.118268450824221","0.281512640268032","0.600218908907748","0.0364087003653472","0.0818597504588737","8785.08839541662","0.48615498301591","0.485647510378008","0.536882300210687","0.491254372813593"
"temprow.61","62","MeanCoopTie2Noncoop","Female_song_score","0.013256045947472","0.0479006153992311","0.0642110439900424","0.0346466125274233","997","0.330782072281014","0.669217927718986","0.883956184048041","0.116043815951959","0.296966939104758","0.586989244943283","0.0338151331762554","0.0822286827757034","8785.08839541662","7.85455887786403","0.00506927191970868","8.05427954582354","0.0079960019990005"
"temprow.62","63","MeanCoopTie2Noncoop","Female_song_score","0.013256045947472","0.0479006153992311","0.0642110439900424","0.0346466125274233","997","0.301276096938487","0.698723903061513","0.883848470936908","0.116151529063092","0.279594358777104","0.604254112159804","0.0216817381613822","0.0944697909017099","8785.08839541662","71.832143731411","2.34304219181009e-17","72.4487041391092","0.000499750124937531"
"temprow.63","64","MeanCoopTie2Noncoop","Female_song_score","0.013256045947472","0.0479006153992311","0.0642110439900424","0.0346466125274233","997","0.347085346025469","0.652914653974531","0.891396295351943","0.108603704648057","0.322685745567121","0.568710549784822","0.0243996004583483","0.0842041041897084","8785.08839541662","70.5533745559756","4.47980626531816e-17","71.1597416121759","0.000499750124937531"
"temprow.64","65","MeanCoopTie2Noncoop","Female_song_score","0.013256045947472","0.0479006153992311","0.0642110439900424","0.0346466125274233","997","0.310909000713988","0.689090999286012","0.888257342790762","0.111742657209238","0.290450629571598","0.597806713219164","0.0204583711423891","0.0912842860668489","8785.08839541662","83.4091692307894","6.67118440236777e-20","84.0785704733357","0.000499750124937531"
"temprow.65","66","MeanCoopTie2Noncoop","Female_song_score","0.013256045947472","0.0479006153992311","0.0642110439900424","0.0346466125274233","997","0.294392247834924","0.705607752165076","0.890909516157659","0.109090483842341","0.272045279338967","0.618864236818692","0.0223469684959564","0.0867435153463847","8785.08839541662","41.2351275262966","1.3497493297932e-10","41.7188082765779","0.000499750124937531"
"temprow.66","67","MeanCoopTie2Noncoop","Female_song_score","0.013256045947472","0.0479006153992311","0.0642110439900424","0.0346466125274233","997","0.33811519350867","0.66188480649133","0.887587653992734","0.112412346007266","0.308877297944043","0.578710356048692","0.0292378955646272","0.0831744504426387","8785.08839541662","29.892904845514","4.56580579183265e-08","30.2844571658319","0.000499750124937531"
"temprow.67","68","MeanCoopTie2Noncoop","Female_song_score","0.013256045947472","0.0479006153992311","0.0642110439900424","0.0346466125274233","997","0.297591459649709","0.702408540350291","0.886589853985687","0.113410146014313","0.278583713411647","0.60800614057404","0.0190077462380616","0.094402399776251","8785.08839541662","90.0079792420715","2.37201448057751e-21","90.7076319192095","0.000499750124937531"
"temprow.68","69","MeanCoopTie2Noncoop","Female_song_score","0.013256045947472","0.0479006153992311","0.0642110439900424","0.0346466125274233","997","0.336019643182005","0.663980356817995","0.877113856879159","0.122886143120841","0.303854593932581","0.573259262946577","0.0321650492494234","0.090721093871418","8785.08839541662","29.8377138938236","4.6976435043427e-08","30.2146416957524","0.000499750124937531"
"temprow.69","70","MeanCoopTie2Noncoop","Female_song_score","0.013256045947472","0.0479006153992311","0.0642110439900424","0.0346466125274233","997","0.293260025419013","0.706739974580987","0.864202665499667","0.135797334500333","0.26187887216472","0.602323793334947","0.0313811532542931","0.10441618124604","8785.08839541662","25.2472317924313","5.04319006161244e-07","25.5921083861783","0.000499750124937531"
"temprow.70","71","MeanCoopTie2Noncoop","Female_song_score","0.013256045947472","0.0479006153992311","0.0642110439900424","0.0346466125274233","997","0.303018533210174","0.696981466789826","0.867924634798113","0.132075365201887","0.26452917538383","0.603395459414283","0.0384893578263433","0.0935860073755436","8785.08839541662","0.794666327478286","0.37269284969631","0.856974217469307","0.380809595202399"
"temprow.71","72","MeanCoopTie2Noncoop","Female_song_score","0.013256045947472","0.0479006153992311","0.0642110439900424","0.0346466125274233","997","0.294078096162013","0.705921903837987","0.878785052758634","0.121214947241366","0.263120468511886","0.615664584246749","0.0309576276501276","0.0902573195912383","8785.08839541662","8.53421831200931","0.00348530982702339","8.74508262446119","0.00299850074962519"
"temprow.72","73","MeanCoopTie2Noncoop","Female_song_score","0.013256045947472","0.0479006153992311","0.0642110439900424","0.0346466125274233","997","0.360598484306259","0.639401515693741","0.879427310913271","0.120572689086729","0.326250263790975","0.553177047122296","0.0343482205152834","0.0862244685714452","8785.08839541662","29.3512796086022","6.03766355186841e-08","29.7221494096457","0.000499750124937531"
"temprow.73","74","MeanCoopTie2Noncoop","Female_song_score","0.013256045947472","0.0479006153992311","0.0642110439900424","0.0346466125274233","997","0.328535294405493","0.671464705594507","0.887153803671471","0.112846196328529","0.298512236402739","0.588641567268732","0.0300230580027535","0.0828231383257755","8785.08839541662","19.4123680810683","1.05322764237239e-05","19.7298883632468","0.000499750124937531"
"temprow.74","75","MeanCoopTie2Noncoop","Female_song_score","0.013256045947472","0.0479006153992311","0.0642110439900424","0.0346466125274233","997","0.335403461848556","0.664596538151444","0.897615791261921","0.102384208738079","0.309831966130833","0.587783825131089","0.0255714957177229","0.0768127130203557","8785.08839541662","32.3960549998979","1.25741484024658e-08","32.8215976799353","0.000499750124937531"
"temprow.75","76","MeanCoopTie2Noncoop","Female_song_score","0.013256045947472","0.0479006153992311","0.0642110439900424","0.0346466125274233","997","0.309735235556293","0.690264764443707","0.884443758344523","0.115556241655477","0.284399387684089","0.600044370660434","0.0253358478722038","0.0902203937832731","8785.08839541662","43.2868712698901","4.72744863224024e-11","43.7628707627554","0.000499750124937531"
"temprow.76","77","MeanCoopTie2Noncoop","Female_song_score","0.013256045947472","0.0479006153992311","0.0642110439900424","0.0346466125274233","997","0.319612626525395","0.680387373474605","0.843205153439513","0.156794846560487","0.291602862353787","0.551602291085726","0.0280097641716076","0.128785082388879","8785.08839541662","148.488587110078","3.70962008310759e-34","149.256411477863","0.000499750124937531"
"temprow.77","78","MeanCoopTie2Noncoop","Female_song_score","0.013256045947472","0.0479006153992311","0.0642110439900424","0.0346466125274233","997","0.328178451543707","0.671821548456293","0.881128080039891","0.118871919960109","0.299822067593412","0.58130601244648","0.0283563839502957","0.090515536009813","8785.08839541662","42.7465549223762","6.2311527339057e-11","43.2068718915343","0.000499750124937531"
"temprow.78","79","MeanCoopTie2Noncoop","Female_song_score","0.013256045947472","0.0479006153992311","0.0642110439900424","0.0346466125274233","997","0.307508381752979","0.692491618247021","0.889357720733852","0.110642279266148","0.286564278997601","0.602793441736251","0.020944102755378","0.0896981765107702","8785.08839541662","71.0359060350934","3.50782500635312e-17","71.6584946059708","0.000499750124937531"
"temprow.79","80","MeanCoopTie2Noncoop","Female_song_score","0.013256045947472","0.0479006153992311","0.0642110439900424","0.0346466125274233","997","0.320948456637099","0.679051543362901","0.884706774026807","0.115293225973193","0.297944964642755","0.586761809384052","0.0230034919943446","0.0922897339788485","8785.08839541662","76.9127120743487","1.78683287779943e-18","77.5415466513188","0.000499750124937531"
"temprow.80","81","MeanCoopTie2Noncoop","Female_song_score","0.013256045947472","0.0479006153992311","0.0642110439900424","0.0346466125274233","997","0.332650476984735","0.667349523015265","0.871006768935333","0.128993231064667","0.306307288069242","0.56469948086609","0.0263431889154928","0.102650042149175","8785.08839541662","96.4382991826988","9.20688110598193e-23","97.1029312189","0.000499750124937531"
"temprow.81","82","MeanCoopTie2Noncoop","Female_song_score","0.013256045947472","0.0479006153992311","0.0642110439900424","0.0346466125274233","997","0.332037323079978","0.667962676920023","0.894960162630396","0.105039837369604","0.305513109863469","0.589447052766927","0.0265242132165079","0.0785156241530956","8785.08839541662","29.0685412643283","6.98622575184328e-08","29.4682364234694","0.000499750124937531"
"temprow.82","83","MeanCoopTie2Noncoop","Female_song_score","0.013256045947472","0.0479006153992311","0.0642110439900424","0.0346466125274233","997","0.319654730371149","0.680345269628851","0.894617410685353","0.105382589314647","0.295853810357662","0.598763600327691","0.0238009200134875","0.0815816693011596","8785.08839541662","41.516919332841","1.16855196409808e-10","41.998367478007","0.000499750124937531"
"temprow.83","84","MeanCoopTie2Noncoop","Female_song_score","0.013256045947472","0.0479006153992311","0.0642110439900424","0.0346466125274233","997","0.330058553614758","0.669941446385242","0.861355849495481","0.138644150504518","0.288634929793515","0.572720919701966","0.041423623821243","0.0972205266832753","8785.08839541662","6.08459681827405","0.0136365483695417","6.24762061621866","0.0139930034982509"
"temprow.84","85","MeanCoopTie2Noncoop","Female_song_score","0.013256045947472","0.0479006153992311","0.0642110439900424","0.0346466125274233","997","0.322786042520855","0.677213957479145","0.865551266401641","0.134448733598359","0.286923613557219","0.578627652844422","0.0358624289636364","0.0985863046347228","8785.08839541662","19.3475895050786","1.0895669780156e-05","19.6429504438945","0.000499750124937531"
"temprow.85","86","MeanCoopTie2Noncoop","Female_song_score","0.013256045947472","0.0479006153992311","0.0642110439900424","0.0346466125274233","997","0.330170474050549","0.669829525949451","0.865252092305948","0.134747907694052","0.291709869972098","0.57354222233385","0.0384606040784503","0.0962873036156017","8785.08839541662","12.1366051293176","0.000494416959867375","12.3691539329522","0.000999500249875062"
"temprow.86","87","MeanCoopTie2Noncoop","Female_song_score","0.013256045947472","0.0479006153992311","0.0642110439900424","0.0346466125274233","997","0.312283355380966","0.687716644619034","0.889031334837652","0.110968665162348","0.28822884689169","0.600802487945962","0.0240545084892752","0.0869141566730724","8785.08839541662","46.3962542815487","9.66000005939456e-12","46.8968530513437","0.000499750124937531"
"temprow.87","88","MeanCoopTie2Noncoop","Female_song_score","0.013256045947472","0.0479006153992311","0.0642110439900424","0.0346466125274233","997","0.323051130614512","0.676948869385488","0.870395221231633","0.129604778768367","0.282013068002634","0.588382153228998","0.0410380626118778","0.0885667161564893","8785.08839541662","0.19741347546661","0.656816764493356","0.22874071669748","0.643178410794603"
"temprow.88","89","MeanCoopTie2Noncoop","Female_song_score","0.013256045947472","0.0479006153992311","0.0642110439900424","0.0346466125274233","997","0.29491417431453","0.70508582568547","0.881208943473187","0.118791056526813","0.27247329451262","0.608735648960567","0.0224408798019095","0.0963501767249037","8785.08839541662","63.4389293278107","1.65416441539428e-15","64.0163434418961","0.000499750124937531"
"temprow.89","90","MeanCoopTie2Noncoop","Female_song_score","0.013256045947472","0.0479006153992311","0.0642110439900424","0.0346466125274233","997","0.336202485545116","0.663797514454884","0.870616500648373","0.129383499351626","0.304185622003758","0.566430878644616","0.0320168635413572","0.0973666358102693","8785.08839541662","45.6678043812694","1.40106777653756e-11","46.1237964360361","0.000499750124937531"
"temprow.90","91","MeanCoopTie2Noncoop","Female_song_score","0.013256045947472","0.0479006153992311","0.0642110439900424","0.0346466125274233","997","0.297744138622116","0.702255861377884","0.90414496413811","0.0958550358618898","0.276119171567872","0.628025792570239","0.0216249670542443","0.0742300688076456","8785.08839541662","22.788542614452","1.80840611108941e-06","23.1684653045279","0.000499750124937531"
"temprow.91","92","MeanCoopTie2Noncoop","Female_song_score","0.013256045947472","0.0479006153992311","0.0642110439900424","0.0346466125274233","997","0.339859140807025","0.660140859192975","0.886211168137497","0.113788831862503","0.308720061034432","0.577491107103065","0.0311390797725925","0.0826497520899104","8785.08839541662","21.5103145273511","3.51930633168087e-06","21.8404880996579","0.000499750124937531"
"temprow.92","93","MeanCoopTie2Noncoop","Female_song_score","0.013256045947472","0.0479006153992311","0.0642110439900424","0.0346466125274233","997","0.358191360672963","0.641808639327037","0.88629859670889","0.11370140329111","0.327253867300353","0.559044729408537","0.0309374933726094","0.0827639099185007","8785.08839541662","35.8008781747944","2.18549363373991e-09","36.221487249843","0.000499750124937531"
"temprow.93","94","MeanCoopTie2Noncoop","Female_song_score","0.013256045947472","0.0479006153992311","0.0642110439900424","0.0346466125274233","997","0.353820092877698","0.646179907122302","0.893223378633262","0.106776621366738","0.326525664575572","0.566697714057691","0.0272944283021264","0.0794821930646114","8785.08839541662","43.6605634068534","3.90563285883513e-11","44.1392574820671","0.000499750124937531"
"temprow.94","95","MeanCoopTie2Noncoop","Female_song_score","0.013256045947472","0.0479006153992311","0.0642110439900424","0.0346466125274233","997","0.360119688598613","0.639880311401387","0.881960280483695","0.118039719516305","0.331818496653909","0.550141783829786","0.0283011919447035","0.0897385275716018","8785.08839541662","72.9368454329725","1.33865581175224e-17","73.5263019023823","0.000499750124937531"
"temprow.95","96","MeanCoopTie2Noncoop","Female_song_score","0.013256045947472","0.0479006153992311","0.0642110439900424","0.0346466125274233","997","0.298200415956497","0.701799584043503","0.88925717592715","0.11074282407285","0.276442294318757","0.612814881608393","0.0217581216377387","0.0889847024351109","8785.08839541662","53.744546688608","2.28327084696259e-13","54.2907262717834","0.000499750124937531"
"temprow.96","97","MeanCoopTie2Noncoop","Female_song_score","0.013256045947472","0.0479006153992311","0.0642110439900424","0.0346466125274233","997","0.340298794338679","0.659701205661321","0.872897486556123","0.127102513443877","0.305761581918914","0.567135904637209","0.0345372124197653","0.0925653010241116","8785.08839541662","26.5846546658071","2.52239286261893e-07","26.9344489932562","0.000499750124937531"
"temprow.97","98","MeanCoopTie2Noncoop","Female_song_score","0.013256045947472","0.0479006153992311","0.0642110439900424","0.0346466125274233","997","0.307395012085056","0.692604987914944","0.892716481462778","0.107283518537222","0.290780705690084","0.601935775772694","0.0166143063949716","0.0906692121422502","8785.08839541662","114.73083116147","9.01385069651757e-27","115.532313249768","0.000499750124937531"
"temprow.98","99","MeanCoopTie2Noncoop","Female_song_score","0.013256045947472","0.0479006153992311","0.0642110439900424","0.0346466125274233","997","0.298425677892485","0.701574322107515","0.911599118893867","0.0884008811061328","0.280349225687795","0.631249893206072","0.0180764522046905","0.0703244289014423","8785.08839541662","35.3273530141177","2.78690390833813e-09","35.8171233827715","0.000499750124937531"
"temprow.99","100","MeanCoopTie2Noncoop","Female_song_score","0.013256045947472","0.0479006153992311","0.0642110439900424","0.0346466125274233","997","0.353578276540126","0.646421723459874","0.872551954000109","0.127448045999891","0.319513941573052","0.553038012427056","0.0340643349670741","0.0933837110328172","8785.08839541662","41.4445302115567","1.21263384895484e-10","41.8765762275299","0.000499750124937531"
"temprow.100","101","MeanCoopTie2Noncoop","Female_song_score","0.013256045947472","0.0479006153992311","0.0642110439900424","0.0346466125274233","997","0.3244882887726","0.6755117112274","0.84871479339576","0.15128520660424","0.2853966792742","0.56331811412156","0.0390916094983994","0.11219359710584","8785.08839541662","31.0763191305164","2.48079579688794e-08","31.4318818034577","0.000499750124937531"
"temprow.101","102","MeanCoopTie2Noncoop","Female_song_score","0.013256045947472","0.0479006153992311","0.0642110439900424","0.0346466125274233","997","0.346343302063884","0.653656697936115","0.884481698248225","0.115518301751775","0.312918530071208","0.571563168177018","0.0334247719926766","0.082093529759098","8785.08839541662","16.0312167939485","6.23066584531709e-05","16.3132938181768","0.000499750124937531"
"temprow.102","103","MeanCoopTie2Noncoop","Female_song_score","0.013256045947472","0.0479006153992311","0.0642110439900424","0.0346466125274233","997","0.348737569886996","0.651262430113004","0.900099181973244","0.0999008180267563","0.324885685511606","0.575213496461638","0.0238518843753898","0.0760489336513664","8785.08839541662","51.0522204351072","8.99410981595999e-13","51.5869315644148","0.000499750124937531"
"temprow.103","104","MeanCoopTie2Noncoop","Female_song_score","0.013256045947472","0.0479006153992311","0.0642110439900424","0.0346466125274233","997","0.300281521445265","0.699718478554735","0.890855788562204","0.109144211437796","0.276590575188515","0.614265213373689","0.0236909462567498","0.0854532651810463","8785.08839541662","35.1857696889479","2.99705575898389e-09","35.6299015976393","0.000499750124937531"
"temprow.104","105","MeanCoopTie2Noncoop","Female_song_score","0.013256045947472","0.0479006153992311","0.0642110439900424","0.0346466125274233","997","0.32716533508854","0.67283466491146","0.882660131593894","0.117339868406106","0.297933429319852","0.584726702274042","0.0292319057686881","0.0881079626374175","8785.08839541662","31.7827678269771","1.72415693291885e-08","32.1823453277336","0.000499750124937531"
"temprow.105","106","MeanCoopTie2Noncoop","Female_song_score","0.013256045947472","0.0479006153992311","0.0642110439900424","0.0346466125274233","997","0.281219081817443","0.718780918182557","0.873116510145115","0.126883489854885","0.262251744896166","0.610864765248948","0.0189673369212765","0.107916152933609","8785.08839541662","108.446805061692","2.14531400940465e-25","109.190425447208","0.000499750124937531"
"temprow.106","107","MeanCoopTie2Noncoop","Female_song_score","0.013256045947472","0.0479006153992311","0.0642110439900424","0.0346466125274233","997","0.339737708319169","0.660262291680831","0.883698326031054","0.116301673968946","0.299260511302184","0.58443781472887","0.040477197016985","0.0758244769519609","8785.08839541662","0.335224764232601","0.562598633687491","0.377136260080767","0.558220889555222"
"temprow.107","108","MeanCoopTie2Noncoop","Female_song_score","0.013256045947472","0.0479006153992311","0.0642110439900424","0.0346466125274233","997","0.311698332047063","0.688301667952937","0.886832641923833","0.113167358076167","0.285972732619213","0.60085990930462","0.0257255994278498","0.0874417586483174","8785.08839541662","36.689126584184","1.38550080818562e-09","37.1309068628984","0.000499750124937531"
"temprow.108","109","MeanCoopTie2Noncoop","Female_song_score","0.013256045947472","0.0479006153992311","0.0642110439900424","0.0346466125274233","997","0.282395435006348","0.717604564993652","0.887503487730323","0.112496512269677","0.264055828090769","0.623447659639555","0.0183396069155788","0.0941569053540979","8785.08839541662","77.7235799732043","1.18517995496342e-18","78.3863276011233","0.000499750124937531"
"temprow.109","110","MeanCoopTie2Noncoop","Female_song_score","0.013256045947472","0.0479006153992311","0.0642110439900424","0.0346466125274233","997","0.326642792647283","0.673357207352717","0.882584619451644","0.117415380548356","0.294961691995272","0.587622927456372","0.0316811006520102","0.0857342798963459","8785.08839541662","16.9484959245927","3.84077372202625e-05","17.2407478629355","0.000499750124937531"
"temprow.110","111","MeanCoopTie2Noncoop","Female_song_score","0.013256045947472","0.0479006153992311","0.0642110439900424","0.0346466125274233","997","0.336008876470509","0.663991123529491","0.888431037960789","0.111568962039211","0.30070593807268","0.587725099888108","0.0353029383978277","0.0762660236413835","8785.08839541662","1.82073418274212","0.17722590982359","1.91883380690404","0.168915542228886"
"temprow.111","112","MeanCoopTie2Noncoop","Female_song_score","0.013256045947472","0.0479006153992311","0.0642110439900424","0.0346466125274233","997","0.3648712535103","0.6351287464897","0.872611089857455","0.127388910142545","0.329877075338354","0.5427340145191","0.0349941781719457","0.0923947319705996","8785.08839541662","44.8512482016009","2.1258531424836e-11","45.2975676033071","0.000499750124937531"
"temprow.112","113","MeanCoopTie2Noncoop","Female_song_score","0.013256045947472","0.0479006153992311","0.0642110439900424","0.0346466125274233","997","0.335749322063781","0.664250677936219","0.887328603044488","0.112671396955512","0.304187167731049","0.583141435313438","0.0315621543327309","0.0811092426227813","8785.08839541662","15.3463147008097","8.94953272010031e-05","15.6274851899817","0.000499750124937531"
"temprow.113","114","MeanCoopTie2Noncoop","Female_song_score","0.013256045947472","0.0479006153992311","0.0642110439900424","0.0346466125274233","997","0.321946671521855","0.678053328478145","0.884654831320795","0.115345168679205","0.290866213968814","0.593788617351981","0.0310804575530406","0.0842647111261643","8785.08839541662","14.161029122144","0.000167810466614078","14.4313524851404","0.000499750124937531"
"temprow.114","115","MeanCoopTie2Noncoop","Female_song_score","0.013256045947472","0.0479006153992311","0.0642110439900424","0.0346466125274233","997","0.30001966705463","0.69998033294537","0.898522077890851","0.101477922109149","0.279699481826575","0.618822596064276","0.0203201852280543","0.0811577368810949","8785.08839541662","46.1658297443154","1.08655564520324e-11","46.6910294585851","0.000499750124937531"
"temprow.115","116","MeanCoopTie2Noncoop","Female_song_score","0.013256045947472","0.0479006153992311","0.0642110439900424","0.0346466125274233","997","0.305086893930542","0.694913106069458","0.89717534226673","0.10282465773327","0.284227305914908","0.612948036351821","0.0208595880156339","0.0819650697176365","8785.08839541662","49.2506290420246","2.25261098205484e-12","49.7875682241442","0.000499750124937531"
"temprow.116","117","MeanCoopTie2Noncoop","Female_song_score","0.013256045947472","0.0479006153992311","0.0642110439900424","0.0346466125274233","997","0.301506828752922","0.698493171247078","0.893764900158962","0.106235099841038","0.277179256266866","0.616585643892096","0.0243275724860557","0.0819075273549825","8785.08839541662","25.6150513010098","4.16775790527913e-07","25.9981995024611","0.000499750124937531"
"temprow.117","118","MeanCoopTie2Noncoop","Female_song_score","0.013256045947472","0.0479006153992311","0.0642110439900424","0.0346466125274233","997","0.318922283201938","0.681077716798062","0.883347784034828","0.116652215965172","0.293390139840147","0.589957644194681","0.0255321433617906","0.0911200726033812","8785.08839541662","52.9814602095164","3.36711559568029e-13","53.5020149535858","0.000499750124937531"
"temprow.118","119","MeanCoopTie2Noncoop","Female_song_score","0.013256045947472","0.0479006153992311","0.0642110439900424","0.0346466125274233","997","0.319402489188171","0.680597510811829","0.881955583774514","0.118044416225486","0.294416501050641","0.587539082723874","0.0249859881375298","0.0930584280879561","8785.08839541662","61.9305860572535","3.55780204766238e-15","62.4897362217543","0.000499750124937531"
"temprow.119","120","MeanCoopTie2Noncoop","Female_song_score","0.013256045947472","0.0479006153992311","0.0642110439900424","0.0346466125274233","997","0.335690280630825","0.664309719369175","0.883843305147477","0.116156694852523","0.31007441874637","0.573768886401107","0.0256158618844542","0.090540832968069","8785.08839541662","67.9703097531879","1.65975991605415e-16","68.552995258513","0.000499750124937531"
"temprow.120","121","MeanCoopTie2Noncoop","Female_song_score","0.013256045947472","0.0479006153992311","0.0642110439900424","0.0346466125274233","997","0.297509082608867","0.702490917391133","0.882390732496905","0.117609267503095","0.270170962019731","0.612219770477175","0.0273381205891356","0.0902711469139589","8785.08839541662","23.4173333162397","1.30398277916293e-06","23.7692608790422","0.000499750124937531"
"temprow.121","122","MeanCoopTie2Noncoop","Female_song_score","0.013256045947472","0.0479006153992311","0.0642110439900424","0.0346466125274233","997","0.30565048018006","0.69434951981994","0.863690322197152","0.136309677802848","0.27077192008965","0.592918402107501","0.0348785600904093","0.101431117712439","8785.08839541662","16.0506427527385","6.16706892908811e-05","16.3222471305281","0.000499750124937531"
"temprow.122","123","MeanCoopTie2Noncoop","Female_song_score","0.013256045947472","0.0479006153992311","0.0642110439900424","0.0346466125274233","997","0.310843594889364","0.689156405110636","0.878711882410275","0.121288117589725","0.287823654651266","0.590888227759008","0.0230199402380976","0.0982681773516278","8785.08839541662","82.4562506481814","1.08035094589559e-19","83.0987941417961","0.000499750124937531"
"temprow.123","124","MeanCoopTie2Noncoop","Female_song_score","0.013256045947472","0.0479006153992311","0.0642110439900424","0.0346466125274233","997","0.334516503000928","0.665483496999072","0.88439840649078","0.11560159350922","0.306560923058242","0.577837483432538","0.0279555799426866","0.0876460135665334","8785.08839541662","43.6118460065144","4.00407940273936e-11","44.0800306583337","0.000499750124937531"
"temprow.124","125","MeanCoopTie2Noncoop","Female_song_score","0.013256045947472","0.0479006153992311","0.0642110439900424","0.0346466125274233","997","0.322551108136517","0.677448891863484","0.860042314192475","0.139957685807525","0.285375857201553","0.574666456990922","0.0371752509349636","0.102782434872562","8785.08839541662","20.7713808111816","5.17505618914079e-06","21.072227141686","0.000499750124937531"
"temprow.125","126","MeanCoopTie2Noncoop","Female_song_score","0.013256045947472","0.0479006153992311","0.0642110439900424","0.0346466125274233","997","0.333996946723989","0.666003053276011","0.88738266912347","0.11261733087653","0.310561011549551","0.576821657573919","0.0234359351744377","0.0891813957020921","8785.08839541662","78.5572014314822","7.77150114931127e-19","79.1928149488718","0.000499750124937531"
"temprow.126","127","MeanCoopTie2Noncoop","Female_song_score","0.013256045947472","0.0479006153992311","0.0642110439900424","0.0346466125274233","997","0.328661161022806","0.671338838977194","0.876058231247011","0.123941768752989","0.305207423829962","0.570850807417049","0.0234537371928441","0.100488031560145","8785.08839541662","108.867032549095","1.73546000305439e-25","109.587401934473","0.000499750124937531"
"temprow.127","128","MeanCoopTie2Noncoop","Female_song_score","0.013256045947472","0.0479006153992311","0.0642110439900424","0.0346466125274233","997","0.283722519592455","0.716277480407545","0.886130572836972","0.113869427163028","0.258651780728118","0.627478792108853","0.0250707388643364","0.0887986882986919","8785.08839541662","22.1788495184095","2.48395163745046e-06","22.5311821117563","0.000499750124937531"
"temprow.128","129","MeanCoopTie2Noncoop","Female_song_score","0.013256045947472","0.0479006153992311","0.0642110439900424","0.0346466125274233","997","0.31563264453725","0.68436735546275","0.889194799776804","0.110805200223196","0.2854347826577","0.603760017119104","0.0301978618795492","0.080607338343647","8785.08839541662","9.27203545879541","0.00232678981271115","9.49610279526744","0.00299850074962519"
"temprow.129","130","MeanCoopTie2Noncoop","Female_song_score","0.013256045947472","0.0479006153992311","0.0642110439900424","0.0346466125274233","997","0.362404521745453","0.637595478254547","0.88000098227642","0.11999901772358","0.331382556467719","0.548618425808701","0.0310219652777342","0.0889770524458461","8785.08839541662","55.2125814306158","1.08174111647848e-13","55.7210922636459","0.000499750124937531"
"temprow.130","131","MeanCoopTie2Noncoop","Female_song_score","0.013256045947472","0.0479006153992311","0.0642110439900424","0.0346466125274233","997","0.314119408353445","0.685880591646555","0.892492505697649","0.107507494302351","0.290428048012296","0.602064457685353","0.0236913603411492","0.083816133961202","8785.08839541662","42.6668383647205","6.4903314937161e-11","43.1530409859048","0.000499750124937531"
"temprow.131","132","MeanCoopTie2Noncoop","Female_song_score","0.013256045947472","0.0479006153992311","0.0642110439900424","0.0346466125274233","997","0.296367661906827","0.703632338093173","0.876667526389862","0.123332473610138","0.272638152189443","0.604029374200419","0.0237295097173841","0.0996029638927541","8785.08839541662","63.8458694269232","1.34544152607222e-15","64.41500440215","0.000499750124937531"
"temprow.132","133","MeanCoopTie2Noncoop","Female_song_score","0.013256045947472","0.0479006153992311","0.0642110439900424","0.0346466125274233","997","0.329908536441452","0.670091463558548","0.874665622485073","0.125334377514927","0.299621637091496","0.575043985393577","0.0302868993499563","0.0950474781649704","8785.08839541662","43.9234898721989","3.41466105900229e-11","44.3788960104164","0.000499750124937531"
"temprow.133","134","MeanCoopTie2Noncoop","Female_song_score","0.013256045947472","0.0479006153992311","0.0642110439900424","0.0346466125274233","997","0.319171841201027","0.680828158798973","0.832644790089685","0.167355209910315","0.270667262979397","0.561977527110288","0.0485045782216297","0.118850631688685","8785.08839541662","6.85330900959093","0.00884772542289643","7.01476592219522","0.00449775112443778"
"temprow.134","135","MeanCoopTie2Noncoop","Female_song_score","0.013256045947472","0.0479006153992311","0.0642110439900424","0.0346466125274233","997","0.346366851229036","0.653633148770964","0.895169698170806","0.104830301829194","0.323706986389127","0.571462711781679","0.0226598648399088","0.0821704369892854","8785.08839541662","76.5329345194846","2.16570905351352e-18","77.1746021749886","0.000499750124937531"
"temprow.135","136","MeanCoopTie2Noncoop","Female_song_score","0.013256045947472","0.0479006153992311","0.0642110439900424","0.0346466125274233","997","0.325361687779218","0.674638312220782","0.89561551393292","0.10438448606708","0.296562829307348","0.599052684625572","0.02879885847187","0.0755856275952095","8785.08839541662","11.1464606031475","0.000841921561698645","11.3965130760819","0.000999500249875062"
"temprow.136","137","MeanCoopTie2Noncoop","Female_song_score","0.013256045947472","0.0479006153992311","0.0642110439900424","0.0346466125274233","997","0.314899776914263","0.685100223085737","0.888258055758536","0.111741944241464","0.28772188066072","0.600536175097816","0.0271778962535428","0.0845640479879209","8785.08839541662","25.8627555829598","3.6657424917603e-07","26.2348015371918","0.000499750124937531"
"temprow.137","138","MeanCoopTie2Noncoop","Female_song_score","0.013256045947472","0.0479006153992311","0.0642110439900424","0.0346466125274233","997","0.292199441530683","0.707800558469317","0.892556463044452","0.107443536955548","0.268907554247328","0.623648908797123","0.0232918872833549","0.0841516496721935","8785.08839541662","28.3923274340036","9.90571164242754e-08","28.7974103827963","0.000499750124937531"
"temprow.138","139","MeanCoopTie2Noncoop","Female_song_score","0.013256045947472","0.0479006153992311","0.0642110439900424","0.0346466125274233","997","0.282955822888471","0.717044177111529","0.889091466946223","0.110908533053777","0.257288988288566","0.631802478657657","0.0256668345999043","0.0852416984538724","8785.08839541662","14.2559364499354","0.000159556737476208","14.5422200536655","0.000499750124937531"
"temprow.139","140","MeanCoopTie2Noncoop","Female_song_score","0.013256045947472","0.0479006153992311","0.0642110439900424","0.0346466125274233","997","0.346007647522967","0.653992352477033","0.859431346935333","0.140568653064668","0.312897036560376","0.546534310374956","0.0331106109625906","0.107458042102077","8785.08839541662","76.8531810327563","1.84151373002502e-18","77.4198810231312","0.000499750124937531"
"temprow.140","141","MeanCoopTie2Noncoop","Female_song_score","0.013256045947472","0.0479006153992311","0.0642110439900424","0.0346466125274233","997","0.319276280555048","0.680723719444952","0.889334863478769","0.110665136521231","0.288055270410275","0.601279593068494","0.0312210101447722","0.0794441263764585","8785.08839541662","6.84199402062504","0.00890393955724367","7.03415386122708","0.00999500249875063"
"temprow.141","142","MeanCoopTie2Noncoop","Female_song_score","0.013256045947472","0.0479006153992311","0.0642110439900424","0.0346466125274233","997","0.302723322680693","0.697276677319307","0.889385154612099","0.110614845387901","0.280958005829292","0.608427148782807","0.0217653168514013","0.0888495285364997","8785.08839541662","57.8079712687743","2.88996221705689e-14","58.3722227523106","0.000499750124937531"
"temprow.142","143","MeanCoopTie2Noncoop","Female_song_score","0.013256045947472","0.0479006153992311","0.0642110439900424","0.0346466125274233","997","0.328904255074712","0.671095744925288","0.867849963263562","0.132150036736438","0.295525623915043","0.572324339348519","0.0333786311596696","0.0987714055767681","8785.08839541662","35.0626305815901","3.19269337531073e-09","35.4608318796252","0.000499750124937531"
"temprow.143","144","MeanCoopTie2Noncoop","Female_song_score","0.013256045947472","0.0479006153992311","0.0642110439900424","0.0346466125274233","997","0.296252560206794","0.703747439793206","0.890208913754589","0.109791086245411","0.262088867974957","0.628120045779632","0.034163692231837","0.0756273940135738","8785.08839541662","1.08668232324189","0.297207469528098","1.16601414630502","0.308345827086457"
"temprow.144","145","MeanCoopTie2Noncoop","Female_song_score","0.013256045947472","0.0479006153992311","0.0642110439900424","0.0346466125274233","997","0.307640619359548","0.692359380640452","0.892841182026669","0.107158817973331","0.283885802903782","0.608955379122887","0.0237548164557654","0.083404001517566","8785.08839541662","36.0002503596617","1.97292178038782e-09","36.4499404330201","0.000499750124937531"
"temprow.145","146","MeanCoopTie2Noncoop","Female_song_score","0.013256045947472","0.0479006153992311","0.0642110439900424","0.0346466125274233","997","0.334946585037719","0.665053414962281","0.87823062918076","0.12176937081924","0.302846588783538","0.575384040397223","0.0320999962541807","0.089669374565059","8785.08839541662","27.5292983415746","1.54732694611855e-07","27.893138974759","0.000499750124937531"
"temprow.146","147","MeanCoopTie2Noncoop","Female_song_score","0.013256045947472","0.0479006153992311","0.0642110439900424","0.0346466125274233","997","0.323579996295121","0.676420003704879","0.894546773410259","0.105453226589741","0.290583896983176","0.603962876427083","0.0329960993119446","0.0724571272777964","8785.08839541662","0.493237683814917","0.482486591713998","0.546746647127098","0.482758620689655"
"temprow.147","148","MeanCoopTie2Noncoop","Female_song_score","0.013256045947472","0.0479006153992311","0.0642110439900424","0.0346466125274233","997","0.318422497050062","0.681577502949938","0.871444391025217","0.128555608974783","0.281916226965779","0.589528164059438","0.0365062700842828","0.0920493388905005","8785.08839541662","6.88567940443437","0.00868890352194277","7.06634538469772","0.00899550224887556"
"temprow.148","149","MeanCoopTie2Noncoop","Female_song_score","0.013256045947472","0.0479006153992311","0.0642110439900424","0.0346466125274233","997","0.32366434859642","0.67633565140358","0.891066531988187","0.108933468011813","0.297491996172271","0.593574535815917","0.0261723524241485","0.082761115587664","8785.08839541662","33.6084871404167","6.73980098753588e-09","34.0341538122324","0.000499750124937531"
"temprow.149","150","MeanCoopTie2Noncoop","Female_song_score","0.013256045947472","0.0479006153992311","0.0642110439900424","0.0346466125274233","997","0.32230847502147","0.67769152497853","0.874271040214836","0.125728959785163","0.289959377513143","0.584311662701693","0.0323490975083269","0.0933798622768365","8785.08839541662","24.1188446348871","9.05696375083273e-07","24.4582616736565","0.000499750124937531"
"temprow.150","151","MeanCoopTie2Noncoop","Female_song_score","0.013256045947472","0.0479006153992311","0.0642110439900424","0.0346466125274233","997","0.323042167793469","0.676957832206531","0.897308573610505","0.102691426389495","0.302271643317236","0.59503693029327","0.0207705244762327","0.0819209019132619","8785.08839541662","66.9131624468458","2.83734114589251e-16","67.5294603911437","0.000499750124937531"
"temprow.151","152","MeanCoopTie2Noncoop","Female_song_score","0.013256045947472","0.0479006153992311","0.0642110439900424","0.0346466125274233","997","0.30027067544636","0.69972932455364","0.884732769875487","0.115267230124513","0.275158451787427","0.60957431808806","0.0251122236589327","0.09015500646558","8785.08839541662","36.3105581544415","1.68249913958548e-09","36.7510116456627","0.000499750124937531"
"temprow.152","153","MeanCoopTie2Noncoop","Female_song_score","0.013256045947472","0.0479006153992311","0.0642110439900424","0.0346466125274233","997","0.329148003256107","0.670851996743893","0.885790187275893","0.114209812724107","0.294869597181317","0.590920590094576","0.03427840607479","0.0799314066493168","8785.08839541662","4.17201685179717","0.0410968510177053","4.31912263421472","0.0359820089955022"
"temprow.153","154","MeanCoopTie2Noncoop","Female_song_score","0.013256045947472","0.0479006153992311","0.0642110439900424","0.0346466125274233","997","0.327168215990151","0.672831784009849","0.872238655236677","0.127761344763323","0.300454120526803","0.571784534709875","0.0267140954633478","0.101047249299975","8785.08839541662","80.774038092364","2.53060900432714e-19","81.3872434110407","0.000499750124937531"
"temprow.154","155","MeanCoopTie2Noncoop","Female_song_score","0.013256045947472","0.0479006153992311","0.0642110439900424","0.0346466125274233","997","0.309661771760576","0.690338228239424","0.878963921766772","0.121036078233228","0.277898288784671","0.601065632982101","0.0317634829759051","0.0892725952573229","8785.08839541662","12.3478815295526","0.000441487174399613","12.5977710381128","0.000999500249875062"
"temprow.155","156","MeanCoopTie2Noncoop","Female_song_score","0.013256045947472","0.0479006153992311","0.0642110439900424","0.0346466125274233","997","0.328844640017455","0.671155359982545","0.895704092477832","0.104295907522168","0.299449162495112","0.59625492998272","0.0293954775223425","0.0749004299998253","8785.08839541662","10.0835565303548","0.0014959830715719","10.32090852938","0.00199900049975012"
"temprow.156","157","MeanCoopTie2Noncoop","Female_song_score","0.013256045947472","0.0479006153992311","0.0642110439900424","0.0346466125274233","997","0.319628103730417","0.680371896269583","0.895020137947807","0.104979862052193","0.291008709009875","0.604011428937932","0.028619394720542","0.0763604673316508","8785.08839541662","10.4010400492253","0.00125944357256752","10.6431747585137","0.000999500249875062"
"temprow.157","158","MeanCoopTie2Noncoop","Female_song_score","0.013256045947472","0.0479006153992311","0.0642110439900424","0.0346466125274233","997","0.297949351579086","0.702050648420914","0.871029199801103","0.128970800198897","0.269034270848734","0.601994928952369","0.0289150807303522","0.100055719468545","8785.08839541662","33.3868639492099","7.55324215190717e-09","33.7902583928472","0.000499750124937531"
"temprow.158","159","MeanCoopTie2Noncoop","Female_song_score","0.013256045947472","0.0479006153992311","0.0642110439900424","0.0346466125274233","997","0.319069631501087","0.680930368498913","0.889843107775028","0.110156892224972","0.292617173524599","0.597225934250429","0.0264524579764874","0.0837044342484844","8785.08839541662","30.9234607088686","2.68407438844748e-08","31.3314853827147","0.000499750124937531"
"temprow.159","160","MeanCoopTie2Noncoop","Female_song_score","0.013256045947472","0.0479006153992311","0.0642110439900424","0.0346466125274233","997","0.320279890214992","0.679720109785008","0.859712752733705","0.140287247266295","0.282236971839242","0.577475780894463","0.0380429183757503","0.102244328890545","8785.08839541662","15.6325700093142","7.6918266056378e-05","15.8940350416453","0.000499750124937531"
"temprow.160","161","MeanCoopTie2Noncoop","Female_song_score","0.013256045947472","0.0479006153992311","0.0642110439900424","0.0346466125274233","997","0.310074519343069","0.689925480656931","0.887593774478855","0.112406225521145","0.285158479185353","0.602435295293502","0.0249160401577157","0.0874901853634288","8785.08839541662","40.2124096755965","2.2779660819537e-10","40.6767357289453","0.000499750124937531"
"temprow.161","162","MeanCoopTie2Noncoop","Female_song_score","0.013256045947472","0.0479006153992311","0.0642110439900424","0.0346466125274233","997","0.355521382799209","0.644478617200791","0.881972038918963","0.118027961081037","0.324530684286769","0.557441354632194","0.0309906985124399","0.0870372625685972","8785.08839541662","44.1136806520639","3.09847809922662e-11","44.5736956433749","0.000499750124937531"
"temprow.162","163","MeanCoopTie2Noncoop","Female_song_score","0.013256045947472","0.0479006153992311","0.0642110439900424","0.0346466125274233","997","0.320464457140722","0.679535542859278","0.87564657498738","0.12435342501262","0.289010001426748","0.586636573560632","0.031454455713973","0.0928989692986466","8785.08839541662","25.8816795884232","3.62998003138363e-07","26.2354322936038","0.000499750124937531"
"temprow.163","164","MeanCoopTie2Noncoop","Female_song_score","0.013256045947472","0.0479006153992311","0.0642110439900424","0.0346466125274233","997","0.295096299621926","0.704903700378073","0.878540909405227","0.121459090594773","0.270018096586216","0.608522812819011","0.0250782030357102","0.0963808875590627","8785.08839541662","45.6243275949037","1.43251320182328e-11","46.1093456322443","0.000499750124937531"
"temprow.164","165","MeanCoopTie2Noncoop","Female_song_score","0.013256045947472","0.0479006153992311","0.0642110439900424","0.0346466125274233","997","0.310772220081284","0.689227779918716","0.877620283234024","0.122379716765976","0.285391879471315","0.592228403762709","0.0253803406099692","0.0969993761560069","8785.08839541662","60.4938384379927","7.38091514249832e-15","61.0422155159099","0.000499750124937531"
"temprow.165","166","MeanCoopTie2Noncoop","Female_song_score","0.013256045947472","0.0479006153992311","0.0642110439900424","0.0346466125274233","997","0.343069182270543","0.656930817729457","0.863764960685117","0.136235039314883","0.297832706724415","0.565932253960701","0.0452364755461268","0.0909985637687563","8785.08839541662","0.697117343456795","0.403754007159087","0.752909971083725","0.389305347326337"
"temprow.166","167","MeanCoopTie2Noncoop","Female_song_score","0.013256045947472","0.0479006153992311","0.0642110439900424","0.0346466125274233","997","0.346931593673522","0.653068406326478","0.885998365067238","0.114001634932762","0.317150800856817","0.568847564210421","0.0297807928167051","0.0842208421160568","8785.08839541662","36.0470141374037","1.92613706232006e-09","36.4715977706112","0.000499750124937531"
"temprow.167","168","MeanCoopTie2Noncoop","Female_song_score","0.013256045947472","0.0479006153992311","0.0642110439900424","0.0346466125274233","997","0.32693336386795","0.673066636132051","0.87849096683587","0.12150903316413","0.296390218944919","0.582100747890952","0.0305431449230305","0.090965888241099","8785.08839541662","31.2795715493581","2.23418239711714e-08","31.6701982085506","0.000499750124937531"
"temprow.168","169","MeanCoopTie2Noncoop","Female_song_score","0.013256045947472","0.0479006153992311","0.0642110439900424","0.0346466125274233","997","0.322655944499119","0.677344055500881","0.867401008108211","0.132598991891789","0.292806852316108","0.574594155792103","0.0298490921830104","0.102749899708778","8785.08839541662","58.1560692699232","2.42126042054831e-14","58.6703874248612","0.000499750124937531"
"temprow.169","170","MeanCoopTie2Noncoop","Female_song_score","0.013256045947472","0.0479006153992311","0.0642110439900424","0.0346466125274233","997","0.329830923243385","0.670169076756615","0.902612928368731","0.0973870716312686","0.305630130713609","0.596982797655122","0.0242007925297759","0.0731862791014926","8785.08839541662","27.753145124572","1.37823955807773e-07","28.1577308340634","0.000499750124937531"
"temprow.170","171","MeanCoopTie2Noncoop","Female_song_score","0.013256045947472","0.0479006153992311","0.0642110439900424","0.0346466125274233","997","0.285449954411227","0.714550045588773","0.842768952822578","0.157231047177422","0.258574250298528","0.58419470252405","0.0268757041126985","0.130355343064723","8785.08839541662","104.824544905301","1.33444060613697e-24","105.490066198571","0.000499750124937531"
"temprow.171","172","MeanCoopTie2Noncoop","Female_song_score","0.013256045947472","0.0479006153992311","0.0642110439900424","0.0346466125274233","997","0.310739333559999","0.689260666440001","0.865481671588517","0.134518328411483","0.278226715015772","0.587254956572745","0.0325126185442267","0.102005709867257","8785.08839541662","29.8076135579756","4.77114622811822e-08","30.177593376994","0.000499750124937531"
"temprow.172","173","MeanCoopTie2Noncoop","Female_song_score","0.013256045947472","0.0479006153992311","0.0642110439900424","0.0346466125274233","997","0.376166980810976","0.623833019189024","0.884435312034395","0.115564687965605","0.343462254487374","0.540973057547021","0.0327047263236024","0.0828599616420028","8785.08839541662","42.1957846216014","8.25778245681151e-11","42.6445271406182","0.000499750124937531"
"temprow.173","174","MeanCoopTie2Noncoop","Female_song_score","0.013256045947472","0.0479006153992311","0.0642110439900424","0.0346466125274233","997","0.30993138162221","0.69006861837779","0.870888209882354","0.129111790117646","0.271840799459357","0.599047410422998","0.0380905821628525","0.0910212079547932","8785.08839541662","1.25146451546674","0.263272947016913","1.32959059791369","0.266866566716642"
"temprow.174","175","MeanCoopTie2Noncoop","Female_song_score","0.013256045947472","0.0479006153992311","0.0642110439900424","0.0346466125274233","997","0.328995685272824","0.671004314727176","0.872473304327162","0.127526695672838","0.289524510899298","0.582948793427865","0.0394711743735257","0.0880555212993117","8785.08839541662","2.09666587152377","0.147620732759873","2.19637373924309","0.134432783608196"
"temprow.175","176","MeanCoopTie2Noncoop","Female_song_score","0.013256045947472","0.0479006153992311","0.0642110439900424","0.0346466125274233","997","0.334841928901797","0.665158071098203","0.891966512669318","0.108033487330682","0.308718149924486","0.583248362744832","0.0261237789773101","0.0819097083533719","8785.08839541662","41.2679457090288","1.32727678343479e-10","41.7371536649074","0.000499750124937531"
"temprow.176","177","MeanCoopTie2Noncoop","Female_song_score","0.013256045947472","0.0479006153992311","0.0642110439900424","0.0346466125274233","997","0.31186564485844","0.68813435514156","0.899407495841217","0.100592504158783","0.284478112735264","0.614929383105952","0.0273875321231755","0.0732049720356078","8785.08839541662","6.86100847014762","0.00880968147965655","7.0629974745323","0.0104947526236882"
"temprow.177","178","MeanCoopTie2Noncoop","Female_song_score","0.013256045947472","0.0479006153992311","0.0642110439900424","0.0346466125274233","997","0.31970828265957","0.68029171734043","0.896166487484904","0.103833512515096","0.299861489707205","0.5963049977777","0.0198467929523649","0.0839867195627309","8785.08839541662","77.0263744375709","1.6869011655604e-18","77.6860821789942","0.000499750124937531"
"temprow.178","179","MeanCoopTie2Noncoop","Female_song_score","0.013256045947472","0.0479006153992311","0.0642110439900424","0.0346466125274233","997","0.308331016940701","0.691668983059299","0.875979680167067","0.124020319832933","0.271702638118734","0.604277042048333","0.0366283788219663","0.0873919410109664","8785.08839541662","0.905866682336897","0.341213493330676","0.973794196409434","0.32383808095952"
"temprow.179","180","MeanCoopTie2Noncoop","Female_song_score","0.013256045947472","0.0479006153992311","0.0642110439900424","0.0346466125274233","997","0.316667557175932","0.683332442824068","0.889907307201719","0.110092692798281","0.295634613604932","0.594272693596787","0.0210329435709999","0.0890597492272813","8785.08839541662","78.266904295145","9.00174597965757e-19","78.9165496430661","0.000499750124937531"
"temprow.180","181","MeanCoopTie2Noncoop","Female_song_score","0.013256045947472","0.0479006153992311","0.0642110439900424","0.0346466125274233","997","0.309987697576836","0.690012302423164","0.890778875666597","0.109221124333403","0.290467159548011","0.600311716118585","0.019520538028825","0.0897005863045785","8785.08839541662","86.5429399047674","1.36735939827887e-20","87.2325125069522","0.000499750124937531"
"temprow.181","182","MeanCoopTie2Noncoop","Female_song_score","0.013256045947472","0.0479006153992311","0.0642110439900424","0.0346466125274233","997","0.319461561671581","0.680538438328419","0.835117278433593","0.164882721566407","0.279786827263713","0.55533045116988","0.0396747344078678","0.125207987158539","8785.08839541662","48.9109917921772","2.67845502863164e-12","49.3431245529698","0.000499750124937531"
"temprow.182","183","MeanCoopTie2Noncoop","Female_song_score","0.013256045947472","0.0479006153992311","0.0642110439900424","0.0346466125274233","997","0.324907937861282","0.675092062138718","0.863784438625984","0.136215561374016","0.294156393027668","0.569628045598315","0.0307515448336137","0.105464016540403","8785.08839541662","61.789943502927","3.82120918951298e-15","62.3130451939039","0.000499750124937531"
"temprow.183","184","MeanCoopTie2Noncoop","Female_song_score","0.013256045947472","0.0479006153992311","0.0642110439900424","0.0346466125274233","997","0.3481037395213","0.651896260478701","0.890041479637302","0.109958520362698","0.315008191542872","0.575033288094429","0.033095547978427","0.0768629723842713","8785.08839541662","10.2677878051019","0.0013537302485892","10.4984750717327","0.00199900049975012"
"temprow.184","185","MeanCoopTie2Noncoop","Female_song_score","0.013256045947472","0.0479006153992311","0.0642110439900424","0.0346466125274233","997","0.361019586008097","0.638980413991903","0.883136050826363","0.116863949173637","0.326099504675648","0.557036546150715","0.0349200813324487","0.0819438678411882","8785.08839541662","19.1372408774512","1.21647970082978e-05","19.4408732289978","0.000499750124937531"
"temprow.185","186","MeanCoopTie2Noncoop","Female_song_score","0.013256045947472","0.0479006153992311","0.0642110439900424","0.0346466125274233","997","0.299619001883697","0.700380998116303","0.876327602906101","0.123672397093899","0.272928469474646","0.603399133431455","0.0266905324090503","0.0969818646848488","8785.08839541662","41.3431814355668","1.27716179492803e-10","41.7994172149846","0.000499750124937531"
"temprow.186","187","MeanCoopTie2Noncoop","Female_song_score","0.013256045947472","0.0479006153992311","0.0642110439900424","0.0346466125274233","997","0.356644638537344","0.643355361462656","0.886922648327051","0.113077351672949","0.321522376797656","0.565400271529394","0.0351222617396876","0.0779550899332617","8785.08839541662","10.038974506914","0.00153262501787985","10.2629837400918","0.00149925037481259"
"temprow.187","188","MeanCoopTie2Noncoop","Female_song_score","0.013256045947472","0.0479006153992311","0.0642110439900424","0.0346466125274233","997","0.324472775477638","0.675527224522362","0.874689254432937","0.125310745567063","0.29053951638109","0.584149738051847","0.0339332590965472","0.0913774864705161","8785.08839541662","16.3156800922633","5.36184396604107e-05","16.5948967739137","0.000499750124937531"
"temprow.188","189","MeanCoopTie2Noncoop","Female_song_score","0.013256045947472","0.0479006153992311","0.0642110439900424","0.0346466125274233","997","0.321424381536312","0.678575618463688","0.892823819794005","0.107176180205995","0.294538298252911","0.598285521541094","0.0268860832834011","0.0802900969225942","8785.08839541662","23.7620847462634","1.09008777993273e-06","24.1235292096716","0.000499750124937531"
"temprow.189","190","MeanCoopTie2Noncoop","Female_song_score","0.013256045947472","0.0479006153992311","0.0642110439900424","0.0346466125274233","997","0.309967917724998","0.690032082275002","0.873869268445688","0.126130731554312","0.283825132093394","0.590044136352294","0.0261427856316035","0.0999879459227083","8785.08839541662","61.5877195457873","4.23451448045992e-15","62.1342603418065","0.000499750124937531"
"temprow.190","191","MeanCoopTie2Noncoop","Female_song_score","0.013256045947472","0.0479006153992311","0.0642110439900424","0.0346466125274233","997","0.308320800098656","0.691679199901344","0.887137023706411","0.112862976293589","0.279503229209317","0.607633794497095","0.0288175708893394","0.0840454054042493","8785.08839541662","14.4297720324946","0.000145484035926836","14.708530630275","0.000499750124937531"
"temprow.191","192","MeanCoopTie2Noncoop","Female_song_score","0.013256045947472","0.0479006153992311","0.0642110439900424","0.0346466125274233","997","0.277741546566318","0.722258453433682","0.889047919545951","0.110952080454049","0.249740075952395","0.639307843593556","0.0280014706139233","0.082950609840126","8785.08839541662","3.39664572202906","0.0653291403265722","3.53784874366043","0.0679660169915042"
"temprow.192","193","MeanCoopTie2Noncoop","Female_song_score","0.013256045947472","0.0479006153992311","0.0642110439900424","0.0346466125274233","997","0.319358623986184","0.680641376013816","0.875686488578136","0.124313511421863","0.28739049826062","0.588295990317516","0.0319681257255638","0.0923453856962997","8785.08839541662","21.7840467504998","3.0512671961447e-06","22.1089657257506","0.000499750124937531"
"temprow.193","194","MeanCoopTie2Noncoop","Female_song_score","0.013256045947472","0.0479006153992311","0.0642110439900424","0.0346466125274233","997","0.300169789260375","0.699830210739625","0.853755109819633","0.146244890180367","0.261717922263812","0.592037187555822","0.0384518669965626","0.107793023183804","8785.08839541662","9.67515642269808","0.00186776367695688","9.88113911682293","0.00199900049975012"
"temprow.194","195","MeanCoopTie2Noncoop","Female_song_score","0.013256045947472","0.0479006153992311","0.0642110439900424","0.0346466125274233","997","0.311142784712256","0.688857215287744","0.874772917066379","0.125227082933621","0.283861509118424","0.590911407947955","0.0272812755938311","0.0979458073397899","8785.08839541662","50.2741359540702","1.33700128290105e-12","50.7690374050533","0.000499750124937531"
"temprow.195","196","MeanCoopTie2Noncoop","Female_song_score","0.013256045947472","0.0479006153992311","0.0642110439900424","0.0346466125274233","997","0.35242049265044","0.64757950734956","0.879789378743903","0.120210621256097","0.324614237819784","0.55517514092412","0.0278062548306558","0.0924043664254408","8785.08839541662","76.8550572988152","1.83976504739068e-18","77.4582922755623","0.000499750124937531"
"temprow.196","197","MeanCoopTie2Noncoop","Female_song_score","0.013256045947472","0.0479006153992311","0.0642110439900424","0.0346466125274233","997","0.3266046213737","0.6733953786263","0.886530391989603","0.113469608010397","0.294288244384455","0.592242147605148","0.0323163769892439","0.0811532310211528","8785.08839541662","8.69004268260464","0.00319953132119075","8.90276713286575","0.00299850074962519"
"temprow.197","198","MeanCoopTie2Noncoop","Female_song_score","0.013256045947472","0.0479006153992311","0.0642110439900424","0.0346466125274233","997","0.368118991696229","0.631881008303771","0.888763227333719","0.111236772666281","0.337919051096937","0.550844176236782","0.0301999405992917","0.0810368320669888","8785.08839541662","43.8952706420334","3.4642493991275e-11","44.362683063563","0.000499750124937531"
"temprow.198","199","MeanCoopTie2Noncoop","Female_song_score","0.013256045947472","0.0479006153992311","0.0642110439900424","0.0346466125274233","997","0.302940362572725","0.697059637427275","0.881534324995974","0.118465675004026","0.276991090735731","0.604543234260243","0.0259492718369934","0.0925164031670325","8785.08839541662","38.9032231570183","4.45344686831766e-10","39.3525952668184","0.000499750124937531"
"temprow.199","200","MeanCoopTie2Noncoop","Female_song_score","0.013256045947472","0.0479006153992311","0.0642110439900424","0.0346466125274233","997","0.350698730495387","0.649301269504613","0.880870719245755","0.119129280754245","0.31729671924727","0.563573999998485","0.0334020112481167","0.0857272695061283","8785.08839541662","25.5859392392773","4.23111366191334e-07","25.9363466008246","0.000499750124937531"
"temprow.200","201","MeanCoopTie2Noncoop","Female_song_score","0.013256045947472","0.0479006153992311","0.0642110439900424","0.0346466125274233","997","0.30987572640373","0.69012427359627","0.871048453900647","0.128951546099353","0.281149610069366","0.589898843831281","0.0287261163343639","0.100225429764989","8785.08839541662","45.8072938993272","1.30476815379688e-11","46.274540721376","0.000499750124937531"
"temprow.201","202","MeanCoopTie2Noncoop","Female_song_score","0.013256045947472","0.0479006153992311","0.0642110439900424","0.0346466125274233","997","0.25885347025258","0.741146529747419","0.886252186838874","0.113747813161126","0.234167617006991","0.652084569831883","0.0246858532455891","0.0890619599155367","8785.08839541662","9.94055096253433","0.00161677150264758","10.1839355612166","0.00149925037481259"
"temprow.202","203","MeanCoopTie2Noncoop","Female_song_score","0.013256045947472","0.0479006153992311","0.0642110439900424","0.0346466125274233","997","0.325933161087879","0.674066838912121","0.883269678895269","0.116730321104731","0.297427478731116","0.585842200164153","0.0285056823567633","0.0882246387479679","8785.08839541662","35.0896201719905","3.14874728993772e-09","35.510891569728","0.000499750124937531"
"temprow.203","204","MeanCoopTie2Noncoop","Female_song_score","0.013256045947472","0.0479006153992311","0.0642110439900424","0.0346466125274233","997","0.30145837764754","0.69854162235246","0.888680139040219","0.111319860959781","0.279088383134408","0.609591755905811","0.0223699945131311","0.0889498664466496","8785.08839541662","51.8297068907561","6.05290429220536e-13","52.3631893089159","0.000499750124937531"
"temprow.204","205","MeanCoopTie2Noncoop","Female_song_score","0.013256045947472","0.0479006153992311","0.0642110439900424","0.0346466125274233","997","0.344064114387626","0.655935885612374","0.866387393022209","0.133612606977791","0.30762949745976","0.558757895562449","0.036434616927866","0.0971779900499249","8785.08839541662","30.3285021130445","3.64726924954867e-08","30.6930753264788","0.000499750124937531"
"temprow.205","206","MeanCoopTie2Noncoop","Female_song_score","0.013256045947472","0.0479006153992311","0.0642110439900424","0.0346466125274233","997","0.306449273670248","0.693550726329752","0.883011852166783","0.116988147833217","0.282948947865574","0.600062904301209","0.0235003258046739","0.0934878220285432","8785.08839541662","60.7426911587845","6.5044163041085e-15","61.3053545841182","0.000499750124937531"
"temprow.206","207","MeanCoopTie2Noncoop","Female_song_score","0.013256045947472","0.0479006153992311","0.0642110439900424","0.0346466125274233","997","0.328655219837369","0.671344780162631","0.883522489752582","0.116477510247418","0.301282696730559","0.582239793022023","0.0273725231068092","0.0891049871406088","8785.08839541662","45.91224147711","1.23670742348679e-11","46.3933130360269","0.000499750124937531"
"temprow.207","208","MeanCoopTie2Noncoop","Female_song_score","0.013256045947472","0.0479006153992311","0.0642110439900424","0.0346466125274233","997","0.330651600084435","0.669348399915565","0.88473354295351","0.11526645704649","0.304446663636239","0.580286879317271","0.0262049364481955","0.0890615205982943","8785.08839541662","54.7284302963571","1.38389763165901e-13","55.255191878469","0.000499750124937531"
"temprow.208","209","MeanCoopTie2Noncoop","Female_song_score","0.013256045947472","0.0479006153992311","0.0642110439900424","0.0346466125274233","997","0.291800408167572","0.708199591832428","0.890494577314316","0.109505422685683","0.270863568767127","0.619631008547189","0.0209368394004443","0.0885685832852392","8785.08839541662","52.3141137653966","4.72963001105366e-13","52.8591143575464","0.000499750124937531"
"temprow.209","210","MeanCoopTie2Noncoop","Female_song_score","0.013256045947472","0.0479006153992311","0.0642110439900424","0.0346466125274233","997","0.320391370786053","0.679608629213947","0.851899076674861","0.148100923325139","0.287304876250663","0.564594200424198","0.0330864945353901","0.115014428789749","8785.08839541662","65.1384029107584","6.98181211624471e-16","65.6589552162199","0.000499750124937531"
"temprow.210","211","MeanCoopTie2Noncoop","Female_song_score","0.013256045947472","0.0479006153992311","0.0642110439900424","0.0346466125274233","997","0.317283781359617","0.682716218640383","0.884054692060425","0.115945307939574","0.291535515939466","0.59251917612096","0.0257482654201505","0.090197042519424","8785.08839541662","47.7581828234019","4.8216754566882e-12","48.2544071423793","0.000499750124937531"
"temprow.211","212","MeanCoopTie2Noncoop","Female_song_score","0.013256045947472","0.0479006153992311","0.0642110439900424","0.0346466125274233","997","0.308901290427431","0.691098709572568","0.870222086930916","0.129777913069084","0.272331914193969","0.597890172736947","0.036569376233462","0.0932085368356221","8785.08839541662","4.40940933889052","0.0357412145096151","4.55489145613193","0.0359820089955022"
"temprow.212","213","MeanCoopTie2Noncoop","Female_song_score","0.013256045947472","0.0479006153992311","0.0642110439900424","0.0346466125274233","997","0.335864066093578","0.664135933906422","0.873662951042825","0.126337048957175","0.309923509976504","0.563739441066321","0.0259405561170734","0.100396492840101","8785.08839541662","96.2870444890743","9.93782133291597e-23","96.9553705123859","0.000499750124937531"
"temprow.213","214","MeanCoopTie2Noncoop","Female_song_score","0.013256045947472","0.0479006153992311","0.0642110439900424","0.0346466125274233","997","0.370382703505778","0.629617296494222","0.873500816818959","0.126499183181041","0.333550539490906","0.539950277328053","0.0368321640148718","0.0896670191661695","8785.08839541662","33.6820332087295","6.48973296944099e-09","34.0687687632747","0.000499750124937531"
"temprow.214","215","MeanCoopTie2Noncoop","Female_song_score","0.013256045947472","0.0479006153992311","0.0642110439900424","0.0346466125274233","997","0.323782652927299","0.676217347072701","0.872310968872099","0.127689031127901","0.287598952903203","0.584712015968896","0.0361837000240953","0.0915053311038057","8785.08839541662","9.37216553078573","0.00220305099730924","9.58245989465261","0.00199900049975012"
"temprow.215","216","MeanCoopTie2Noncoop","Female_song_score","0.013256045947472","0.0479006153992311","0.0642110439900424","0.0346466125274233","997","0.382722181389422","0.617277818610578","0.861036321239076","0.138963678760924","0.338690058588729","0.522346262650347","0.0440321228006931","0.0949315559602311","8785.08839541662","25.6237935143057","4.14891879966839e-07","25.9460049871067","0.000499750124937531"
"temprow.216","217","MeanCoopTie2Noncoop","Female_song_score","0.013256045947472","0.0479006153992311","0.0642110439900424","0.0346466125274233","997","0.325644682091479","0.674355317908521","0.887807739290114","0.112192260709886","0.29871059136261","0.589097147927505","0.0269340907288692","0.0852581699810163","8785.08839541662","36.3652581450899","1.63593461519956e-09","36.801500931607","0.000499750124937531"
"temprow.217","218","MeanCoopTie2Noncoop","Female_song_score","0.013256045947472","0.0479006153992311","0.0642110439900424","0.0346466125274233","997","0.318780064508725","0.681219935491275","0.886198953293143","0.113801046706857","0.295192328533182","0.591006624759961","0.023587735975543","0.0902133107313141","8785.08839541662","64.290988188658","1.07335568150053e-15","64.8703133130608","0.000499750124937531"
"temprow.218","219","MeanCoopTie2Noncoop","Female_song_score","0.013256045947472","0.0479006153992311","0.0642110439900424","0.0346466125274233","997","0.319617195233082","0.680382804766918","0.859686703887026","0.140313296112974","0.289568678951979","0.570118024935047","0.0300485162811028","0.110264779831871","8785.08839541662","72.8316616650434","1.4119346911117e-17","73.3948663926955","0.000499750124937531"
"temprow.219","220","MeanCoopTie2Noncoop","Female_song_score","0.013256045947472","0.0479006153992311","0.0642110439900424","0.0346466125274233","997","0.307565851646034","0.692434148353966","0.88116009020161","0.118839909798389","0.280036539306292","0.601123550895319","0.0275293123397424","0.0913105974586469","8785.08839541662","31.5355551419402","1.95821643352106e-08","31.938032661844","0.000499750124937531"
"temprow.220","221","MeanCoopTie2Noncoop","Female_song_score","0.013256045947472","0.0479006153992311","0.0642110439900424","0.0346466125274233","997","0.340220726464078","0.659779273535922","0.892344929868325","0.107655070131675","0.319619744688915","0.572725185179411","0.0206009817751631","0.0870540883565117","8785.08839541662","103.978582144472","2.04514957936811e-24","104.720668357223","0.000499750124937531"
"temprow.221","222","MeanCoopTie2Noncoop","Female_song_score","0.013256045947472","0.0479006153992311","0.0642110439900424","0.0346466125274233","997","0.316082484348833","0.683917515651167","0.882533180487384","0.117466819512616","0.283705773618257","0.598827406869128","0.0323767107305761","0.0850901087820396","8785.08839541662","8.79314415685247","0.00302364675805693","9.00576262982748","0.00199900049975012"
"temprow.222","223","MeanCoopTie2Noncoop","Female_song_score","0.013256045947472","0.0479006153992311","0.0642110439900424","0.0346466125274233","997","0.321967649759748","0.678032350240252","0.901092366586454","0.0989076334135464","0.298681446671082","0.602410919915372","0.0232862030886659","0.0756214303248805","8785.08839541662","32.327043708101","1.30287357595017e-08","32.7633556304558","0.000499750124937531"
"temprow.223","224","MeanCoopTie2Noncoop","Female_song_score","0.013256045947472","0.0479006153992311","0.0642110439900424","0.0346466125274233","997","0.342169738691853","0.657830261308147","0.876017068259064","0.123982931740936","0.300390979295766","0.575626088963298","0.0417787593960866","0.0822041723448491","8785.08839541662","0.122441675081967","0.726401237041212","0.147484544682119","0.711644177911045"
"temprow.224","225","MeanCoopTie2Noncoop","Female_song_score","0.013256045947472","0.0479006153992311","0.0642110439900424","0.0346466125274233","997","0.298107519055497","0.701892480944503","0.89271932997337","0.10728067002663","0.279098164299291","0.613621165674079","0.0190093547562062","0.0882713152704242","8785.08839541662","72.987512985717","1.30472711914095e-17","73.6329558927755","0.000499750124937531"
"temprow.225","226","MeanCoopTie2Noncoop","Female_song_score","0.013256045947472","0.0479006153992311","0.0642110439900424","0.0346466125274233","997","0.309236091018679","0.690763908981321","0.902995238865247","0.0970047611347531","0.291218802055624","0.611776436809623","0.0180172889630549","0.0789874721716981","8785.08839541662","66.9748422476378","2.7499415308693e-16","67.6147836970204","0.000499750124937531"
"temprow.226","227","MeanCoopTie2Noncoop","Female_song_score","0.013256045947472","0.0479006153992311","0.0642110439900424","0.0346466125274233","997","0.313747059194391","0.686252940805609","0.868947136700797","0.131052863299203","0.28332610277158","0.585621033929217","0.0304209564228113","0.100631906876392","8785.08839541662","40.6734916605726","1.79911301380554e-10","41.109255278796","0.000499750124937531"
"temprow.227","228","MeanCoopTie2Noncoop","Female_song_score","0.013256045947472","0.0479006153992311","0.0642110439900424","0.0346466125274233","997","0.314619583043178","0.685380416956822","0.880231058008269","0.119768941991731","0.290343873839091","0.589887184169179","0.0242757092040873","0.0954932327876435","8785.08839541662","69.125864175384","9.23759494258712e-17","69.7154823642495","0.000499750124937531"
"temprow.228","229","MeanCoopTie2Noncoop","Female_song_score","0.013256045947472","0.0479006153992311","0.0642110439900424","0.0346466125274233","997","0.312766536762462","0.687233463237538","0.837468440339266","0.162531559660734","0.276467760778375","0.56100067956089","0.0362987759840867","0.126232783676648","8785.08839541662","62.9278465844296","2.14419223661952e-15","63.4235860184135","0.000499750124937531"
"temprow.229","230","MeanCoopTie2Noncoop","Female_song_score","0.013256045947472","0.0479006153992311","0.0642110439900424","0.0346466125274233","997","0.326380850320384","0.673619149679616","0.894035339560778","0.105964660439222","0.305708699746058","0.58832663981472","0.0206721505743256","0.0852925098648966","8785.08839541662","80.5370434033113","2.85306014186308e-19","81.2017852837117","0.000499750124937531"
"temprow.230","231","MeanCoopTie2Noncoop","Female_song_score","0.013256045947472","0.0479006153992311","0.0642110439900424","0.0346466125274233","997","0.328579540275167","0.671420459724833","0.883073638695328","0.116926361304672","0.294938563345013","0.588135075350315","0.0336409769301534","0.0832853843745187","8785.08839541662","8.51386111890757","0.00352451432670606","8.72129875725925","0.00449775112443778"
"temprow.231","232","MeanCoopTie2Noncoop","Female_song_score","0.013256045947472","0.0479006153992311","0.0642110439900424","0.0346466125274233","997","0.331714237713313","0.668285762286687","0.846893694107107","0.153106305892893","0.289230846875638","0.557662847231469","0.0424833908376748","0.110622915055218","8785.08839541662","20.8961677302546","4.84863657923664e-06","21.1848297762636","0.000499750124937531"
"temprow.232","233","MeanCoopTie2Noncoop","Female_song_score","0.013256045947472","0.0479006153992311","0.0642110439900424","0.0346466125274233","997","0.320983438084295","0.679016561915705","0.892171781925892","0.107828218074108","0.297193861292922","0.59497792063297","0.0237895767913727","0.0840386412827351","8785.08839541662","48.4807676043331","3.33543979886051e-12","48.995210937486","0.000499750124937531"
"temprow.233","234","MeanCoopTie2Noncoop","Female_song_score","0.013256045947472","0.0479006153992311","0.0642110439900424","0.0346466125274233","997","0.314404390672774","0.685595609327226","0.870695613466021","0.129304386533979","0.282342376072898","0.588353237393123","0.0320620145998758","0.0972423719341032","8785.08839541662","26.1431013611161","3.17027725436438e-07","26.4944459666343","0.000499750124937531"
"temprow.234","235","MeanCoopTie2Noncoop","Female_song_score","0.013256045947472","0.0479006153992311","0.0642110439900424","0.0346466125274233","997","0.309824720694854","0.690175279305146","0.886900047345786","0.113099952654213","0.282315201253657","0.60458484609213","0.0275095194411968","0.0855904332130168","8785.08839541662","22.7501120445703","1.84493382469989e-06","23.0988358204264","0.000499750124937531"
"temprow.235","236","MeanCoopTie2Noncoop","Female_song_score","0.013256045947472","0.0479006153992311","0.0642110439900424","0.0346466125274233","997","0.298461603246712","0.701538396753288","0.882762693836647","0.117237306163353","0.27349946153901","0.609263232297637","0.0249621417077017","0.0922751644556514","8785.08839541662","40.6002770519579","1.86780178982117e-10","41.0633915820921","0.000499750124937531"
"temprow.236","237","MeanCoopTie2Noncoop","Female_song_score","0.013256045947472","0.0479006153992311","0.0642110439900424","0.0346466125274233","997","0.335814479489245","0.664185520510755","0.902900722010088","0.0970992779899124","0.31297276961643","0.589927952393657","0.0228417098728143","0.074257568117098","8785.08839541662","41.9977120094687","9.13802766909344e-11","42.4936239470701","0.000499750124937531"
"temprow.237","238","MeanCoopTie2Noncoop","Female_song_score","0.013256045947472","0.0479006153992311","0.0642110439900424","0.0346466125274233","997","0.331204595950961","0.668795404049039","0.880315125279647","0.119684874720353","0.302275298344643","0.578039826935004","0.0289292976063176","0.0907555771140356","8785.08839541662","42.7799693847642","6.12561930844237e-11","43.238044759454","0.000499750124937531"
"temprow.238","239","MeanCoopTie2Noncoop","Female_song_score","0.013256045947472","0.0479006153992311","0.0642110439900424","0.0346466125274233","997","0.28568022784674","0.71431977215326","0.895883447591831","0.104116552408169","0.267695173554038","0.628188274037793","0.0179850542927015","0.0861314981154678","8785.08839541662","63.2975195608215","1.77727970274259e-15","63.9141574160797","0.000499750124937531"
"temprow.239","240","MeanCoopTie2Noncoop","Female_song_score","0.013256045947472","0.0479006153992311","0.0642110439900424","0.0346466125274233","997","0.293878876718581","0.706121123281419","0.878703062734216","0.121296937265784","0.261820835198942","0.616882227535274","0.0320580415196388","0.0892388957461449","8785.08839541662","4.88292393870868","0.027123635093883","5.04270469052078","0.0224887556221889"
"temprow.240","241","MeanCoopTie2Noncoop","Female_song_score","0.013256045947472","0.0479006153992311","0.0642110439900424","0.0346466125274233","997","0.322977352225415","0.677022647774585","0.869232580108292","0.130767419891708","0.297739809624488","0.571492770483803","0.0252375426009265","0.105529877290782","8785.08839541662","101.166351021283","8.45739061609716e-24","101.848095414426","0.000499750124937531"
"temprow.241","242","MeanCoopTie2Noncoop","Female_song_score","0.013256045947472","0.0479006153992311","0.0642110439900424","0.0346466125274233","997","0.303954392368055","0.696045607631945","0.878137925985217","0.121862074014783","0.279742250728004","0.598395675257213","0.024212141640051","0.0976499323747319","8785.08839541662","63.1419496533051","1.92333974064749e-15","63.7065166154892","0.000499750124937531"
"temprow.242","243","MeanCoopTie2Noncoop","Female_song_score","0.013256045947472","0.0479006153992311","0.0642110439900424","0.0346466125274233","997","0.347819387421033","0.652180612578967","0.860298611264691","0.139701388735309","0.310014158107333","0.550284453157357","0.0378052293136994","0.10189615942161","8785.08839541662","37.1579971420477","1.08935080821462e-09","37.5529510785352","0.000499750124937531"
"temprow.243","244","MeanCoopTie2Noncoop","Female_song_score","0.013256045947472","0.0479006153992311","0.0642110439900424","0.0346466125274233","997","0.360792218152409","0.639207781847591","0.857773986889312","0.142226013110688","0.320056975293009","0.537717011596303","0.0407352428594001","0.101490770251287","8785.08839541662","34.6046738760432","4.03935259242105e-09","34.9797830727461","0.000499750124937531"
"temprow.244","245","MeanCoopTie2Noncoop","Female_song_score","0.013256045947472","0.0479006153992311","0.0642110439900424","0.0346466125274233","997","0.30644877706551","0.693551222934489","0.883383092287433","0.116616907712568","0.279901712155984","0.603481380131448","0.0265470649095258","0.0900698428030417","8785.08839541662","33.5257568260868","7.03264924974464e-09","33.9446374247197","0.000499750124937531"
"temprow.245","246","MeanCoopTie2Noncoop","Female_song_score","0.013256045947472","0.0479006153992311","0.0642110439900424","0.0346466125274233","997","0.288184955230739","0.711815044769261","0.881884307378866","0.118115692621134","0.26521024125682","0.616674066122046","0.0229747139739178","0.0951409786472157","8785.08839541662","49.7336359228441","1.76100848750924e-12","50.2496121629438","0.000499750124937531"
"temprow.246","247","MeanCoopTie2Noncoop","Female_song_score","0.013256045947472","0.0479006153992311","0.0642110439900424","0.0346466125274233","997","0.32855457391135","0.67144542608865","0.879998175267293","0.120001824732707","0.304785444208578","0.575212731058716","0.0237691297027719","0.096232695029935","8785.08839541662","91.5463683766848","1.09007723953712e-21","92.2164254614807","0.000499750124937531"
"temprow.247","248","MeanCoopTie2Noncoop","Female_song_score","0.013256045947472","0.0479006153992311","0.0642110439900424","0.0346466125274233","997","0.323316750325622","0.676683249674378","0.88643860054643","0.11356139945357","0.291754045143811","0.594684555402619","0.0315627051818106","0.0819986942717592","8785.08839541662","10.4003011724151","0.00125994762359775","10.6335097742832","0.00249875062468766"
"temprow.248","249","MeanCoopTie2Noncoop","Female_song_score","0.013256045947472","0.0479006153992311","0.0642110439900424","0.0346466125274233","997","0.332303761381035","0.667696238618965","0.8843115880777","0.115688411922299","0.303631630604121","0.58067995747358","0.0286721307769135","0.0870162811453858","8785.08839541662","36.3490583470567","1.64958891247691e-09","36.7773169898873","0.000499750124937531"
"temprow.249","250","MeanCoopTie2Noncoop","Female_song_score","0.013256045947472","0.0479006153992311","0.0642110439900424","0.0346466125274233","997","0.364599796425498","0.635400203574503","0.877882861813233","0.122117138186767","0.324279712203633","0.5536031496096","0.0403200842218637","0.0817970539649032","8785.08839541662","6.17711931298125","0.0129412802670791","6.34651256603544","0.0184907546226887"
"temprow.250","251","MeanCoopTie2Noncoop","Female_song_score","0.013256045947472","0.0479006153992311","0.0642110439900424","0.0346466125274233","997","0.306951797154145","0.693048202845855","0.895200199633916","0.104799800366084","0.286478316068167","0.608721883565749","0.0204734810859784","0.0843263192801059","8785.08839541662","59.5690256133904","1.1807907005485e-14","60.153230675198","0.000499750124937531"
"temprow.251","252","MeanCoopTie2Noncoop","Female_song_score","0.013256045947472","0.0479006153992311","0.0642110439900424","0.0346466125274233","997","0.354760832137751","0.645239167862249","0.888682951410636","0.111317048589364","0.322226798786501","0.566456152624135","0.0325340333512498","0.0787830152381141","8785.08839541662","18.3991190258019","1.79140786459746e-05","18.7044754966242","0.000499750124937531"
"temprow.252","253","MeanCoopTie2Noncoop","Female_song_score","0.013256045947472","0.0479006153992311","0.0642110439900424","0.0346466125274233","997","0.272552912507651","0.727447087492349","0.861986022615109","0.138013977384891","0.24649329233126","0.615492730283849","0.0260596201763913","0.1119543572085","8785.08839541662","49.2689089388765","2.2317172380198e-12","49.7576625905837","0.000499750124937531"
"temprow.253","254","MeanCoopTie2Noncoop","Female_song_score","0.013256045947472","0.0479006153992311","0.0642110439900424","0.0346466125274233","997","0.318124871523105","0.681875128476895","0.886179654450835","0.113820345549165","0.289339397654091","0.596840256796745","0.0287854738690138","0.0850348716801508","8785.08839541662","21.7457809384409","3.11273657261573e-06","22.083412114134","0.000499750124937531"
"temprow.254","255","MeanCoopTie2Noncoop","Female_song_score","0.013256045947472","0.0479006153992311","0.0642110439900424","0.0346466125274233","997","0.32780143987797","0.67219856012203","0.879470394403042","0.120529605596958","0.299943543709365","0.579526850693678","0.0278578961686053","0.0926717094283522","8785.08839541662","50.3707679475501","1.27276025521604e-12","50.8674025346231","0.000499750124937531"
"temprow.255","256","MeanCoopTie2Noncoop","Female_song_score","0.013256045947472","0.0479006153992311","0.0642110439900424","0.0346466125274233","997","0.304634575787542","0.695365424212458","0.881441570358667","0.118558429641333","0.27469628706524","0.606745283293427","0.0299382887223021","0.088620140919031","8785.08839541662","14.9358570057167","0.000111228714734189","15.2142258793165","0.000499750124937531"
"temprow.256","257","MeanCoopTie2Noncoop","Female_song_score","0.013256045947472","0.0479006153992311","0.0642110439900424","0.0346466125274233","997","0.333365688181731","0.666634311818269","0.902360957577442","0.0976390424225584","0.308957374451339","0.593403583126102","0.0244083137303917","0.0732307286921668","8785.08839541662","29.4692043308257","5.68122872310543e-08","29.884746149925","0.000499750124937531"
"temprow.257","258","MeanCoopTie2Noncoop","Female_song_score","0.013256045947472","0.0479006153992311","0.0642110439900424","0.0346466125274233","997","0.321280031089797","0.678719968910203","0.887114654941556","0.112885345058444","0.293544269768399","0.593570385173157","0.0277357613213978","0.0851495837370459","8785.08839541662","28.7181834057581","8.37140047950554e-08","29.1063351002723","0.000499750124937531"
"temprow.258","259","MeanCoopTie2Noncoop","Female_song_score","0.013256045947472","0.0479006153992311","0.0642110439900424","0.0346466125274233","997","0.342759225952977","0.657240774047023","0.862229367775911","0.137770632224089","0.304839823841883","0.557389543934027","0.0379194021110934","0.0998512301129959","8785.08839541662","28.0665734967592","1.17212983711574e-07","28.4132020351462","0.000499750124937531"
"temprow.259","260","MeanCoopTie2Noncoop","Female_song_score","0.013256045947472","0.0479006153992311","0.0642110439900424","0.0346466125274233","997","0.307515623574283","0.692484376425717","0.889158994931095","0.110841005068905","0.28231176460752","0.606847230323576","0.0252038589667627","0.085637146102142","8785.08839541662","32.7589612854339","1.04324244398331e-08","33.1819881195495","0.000499750124937531"
"temprow.260","261","MeanCoopTie2Noncoop","Female_song_score","0.013256045947472","0.0479006153992311","0.0642110439900424","0.0346466125274233","997","0.324127785184969","0.675872214815031","0.885456091008417","0.114543908991583","0.298574222621315","0.586881868387103","0.0255535625636549","0.0889903464279281","8785.08839541662","52.8172152441183","3.66078490030903e-13","53.3387627370216","0.000499750124937531"
"temprow.261","262","MeanCoopTie2Noncoop","Female_song_score","0.013256045947472","0.0479006153992311","0.0642110439900424","0.0346466125274233","997","0.297776742545144","0.702223257454856","0.874263891664866","0.125736108335134","0.274192076288719","0.600071815376148","0.0235846662564245","0.102151442078709","8785.08839541662","72.8359133045917","1.40889629675784e-17","73.4378631321051","0.000499750124937531"
"temprow.262","263","MeanCoopTie2Noncoop","Female_song_score","0.013256045947472","0.0479006153992311","0.0642110439900424","0.0346466125274233","997","0.294114357078783","0.705885642921217","0.893724707157271","0.106275292842729","0.27460530541064","0.619119401746631","0.0195090516681424","0.0867662411745861","8785.08839541662","61.1138352368313","5.38682534640374e-15","61.7094510143581","0.000499750124937531"
"temprow.263","264","MeanCoopTie2Noncoop","Female_song_score","0.013256045947472","0.0479006153992311","0.0642110439900424","0.0346466125274233","997","0.344908070177646","0.655091929822354","0.885479365341148","0.114520634658852","0.315302513086197","0.570176852254952","0.0296055570914499","0.084915077567402","8785.08839541662","37.153695565506","1.09175647077456e-09","37.5845817144707","0.000499750124937531"
"temprow.264","265","MeanCoopTie2Noncoop","Female_song_score","0.013256045947472","0.0479006153992311","0.0642110439900424","0.0346466125274233","997","0.343165168611119","0.656834831388881","0.844422478349918","0.155577521650082","0.292265434895191","0.552157043454728","0.0508997337159278","0.104677787934154","8785.08839541662","1.79305676050634","0.180554170315506","1.87703283475412","0.169415292353823"
"temprow.265","266","MeanCoopTie2Noncoop","Female_song_score","0.013256045947472","0.0479006153992311","0.0642110439900424","0.0346466125274233","997","0.326828981533357","0.673171018466643","0.899391827656002","0.100608172343998","0.303388912514702","0.596002915141299","0.0234400690186544","0.0771681033253442","8785.08839541662","38.8153836617999","4.65842080473579e-10","39.2878880624467","0.000499750124937531"
"temprow.266","267","MeanCoopTie2Noncoop","Female_song_score","0.013256045947472","0.0479006153992311","0.0642110439900424","0.0346466125274233","997","0.321981666454204","0.678018333545796","0.882610168814908","0.117389831185092","0.290962889570331","0.591647279244577","0.0310187768838723","0.0863710543012195","8785.08839541662","17.3844781994726","3.05309101224453e-05","17.6814241425341","0.000499750124937531"
"temprow.267","268","MeanCoopTie2Noncoop","Female_song_score","0.013256045947472","0.0479006153992311","0.0642110439900424","0.0346466125274233","997","0.336157043141891","0.663842956858109","0.883741605997242","0.116258394002758","0.30234178841956","0.581399817577682","0.0338152547223304","0.0824431392804274","8785.08839541662","10.372122325307","0.00127932396860963","10.6003244365312","0.00249875062468766"
"temprow.268","269","MeanCoopTie2Noncoop","Female_song_score","0.013256045947472","0.0479006153992311","0.0642110439900424","0.0346466125274233","997","0.31588656841261","0.68411343158739","0.884882155402274","0.115117844597726","0.283683879210001","0.601198276192273","0.032202689202609","0.0829151553951166","8785.08839541662","6.64917369029801","0.00992018200528163","6.83591810320036","0.0154922538730635"
"temprow.269","270","MeanCoopTie2Noncoop","Female_song_score","0.013256045947472","0.0479006153992311","0.0642110439900424","0.0346466125274233","997","0.332614451162108","0.667385548837892","0.886918907244017","0.113081092755983","0.302166780728063","0.584752126515954","0.0304476704340445","0.0826334223219387","8785.08839541662","20.1616760019421","7.1164515113504e-06","20.4840816920727","0.000499750124937531"
"temprow.270","271","MeanCoopTie2Noncoop","Female_song_score","0.013256045947472","0.0479006153992311","0.0642110439900424","0.0346466125274233","997","0.314562038832264","0.685437961167736","0.875281338739348","0.124718661260652","0.289407285171767","0.585874053567581","0.0251547536604972","0.0995639076001553","8785.08839541662","73.3992477221525","1.0590644940227e-17","73.9961974609176","0.000499750124937531"
"temprow.271","272","MeanCoopTie2Noncoop","Female_song_score","0.013256045947472","0.0479006153992311","0.0642110439900424","0.0346466125274233","997","0.300489260798111","0.699510739201889","0.89425683561017","0.10574316438983","0.28169994252984","0.61255689308033","0.0187893182682704","0.0869538461215594","8785.08839541662","73.9978075516917","7.82038392189564e-18","74.6501935636674","0.000499750124937531"
"temprow.272","273","MeanCoopTie2Noncoop","Female_song_score","0.013256045947472","0.0479006153992311","0.0642110439900424","0.0346466125274233","997","0.347360487463018","0.652639512536982","0.885216463527257","0.114783536472743","0.315041546871603","0.570174916655654","0.0323189405914146","0.0824645958813284","8785.08839541662","21.32946576731","3.86741085404745e-06","21.6554021013954","0.000499750124937531"
"temprow.273","274","MeanCoopTie2Noncoop","Female_song_score","0.013256045947472","0.0479006153992311","0.0642110439900424","0.0346466125274233","997","0.3330993513489","0.6669006486511","0.870202510634748","0.129797489365252","0.299990325894988","0.570212184739759","0.0331090254539115","0.0966884639113409","8785.08839541662","35.3315804318614","2.78086135415836e-09","35.7331160756407","0.000499750124937531"
"temprow.274","275","MeanCoopTie2Noncoop","Female_song_score","0.013256045947472","0.0479006153992311","0.0642110439900424","0.0346466125274233","997","0.325238267528821","0.674761732471179","0.895143382080597","0.104856617919403","0.307366284209912","0.587777097870685","0.0178719833189086","0.086984634600494","8785.08839541662","111.483950810977","4.63542650362621e-26","112.270311607336","0.000499750124937531"
"temprow.275","276","MeanCoopTie2Noncoop","Female_song_score","0.013256045947472","0.0479006153992311","0.0642110439900424","0.0346466125274233","997","0.355432749599686","0.644567250400314","0.862431118096078","0.137568881903922","0.322139213212584","0.540291904883494","0.0332935363871018","0.10427534551682","8785.08839541662","78.4036177943177","8.39981906426354e-19","78.9778027613739","0.000499750124937531"
"temprow.276","277","MeanCoopTie2Noncoop","Female_song_score","0.013256045947472","0.0479006153992311","0.0642110439900424","0.0346466125274233","997","0.273553813690472","0.726446186309528","0.878688353659603","0.121311646340397","0.248189751647475","0.630498602012127","0.0253640620429966","0.0959475842974004","8785.08839541662","24.9077151133789","6.01412589607579e-07","25.2748763968104","0.000499750124937531"
"temprow.277","278","MeanCoopTie2Noncoop","Female_song_score","0.013256045947472","0.0479006153992311","0.0642110439900424","0.0346466125274233","997","0.326566391140271","0.673433608859729","0.886689381612795","0.113310618387205","0.301422608820566","0.585266772792229","0.0251437823197044","0.0881668360675002","8785.08839541662","55.412042565188","9.77358505830294e-14","55.947493640898","0.000499750124937531"
"temprow.278","279","MeanCoopTie2Noncoop","Female_song_score","0.013256045947472","0.0479006153992311","0.0642110439900424","0.0346466125274233","997","0.337666935744955","0.662333064255045","0.862385113949562","0.137614886050438","0.288166277260071","0.57421883668949","0.0495006584848831","0.0881142275655552","8785.08839541662","2.94930328161903","0.0859145897261754","3.06283630965276","0.0839580209895052"
"temprow.279","280","MeanCoopTie2Noncoop","Female_song_score","0.013256045947472","0.0479006153992311","0.0642110439900424","0.0346466125274233","997","0.309442579926655","0.690557420073345","0.883534451600285","0.116465548399715","0.284012638464166","0.599521813136119","0.0254299414624887","0.0910356069372266","8785.08839541662","44.7902880734207","2.19307766681449e-11","45.2731622951036","0.000499750124937531"
"temprow.280","281","MeanCoopTie2Noncoop","Female_song_score","0.013256045947472","0.0479006153992311","0.0642110439900424","0.0346466125274233","997","0.314222283886696","0.685777716113304","0.894720891238311","0.105279108761689","0.285676529233278","0.609044362005032","0.028545754653417","0.0767333541082721","8785.08839541662","8.60767809817534","0.00334748779749459","8.82876884915235","0.00349825087456272"
"temprow.281","282","MeanCoopTie2Noncoop","Female_song_score","0.013256045947472","0.0479006153992311","0.0642110439900424","0.0346466125274233","997","0.28774437125544","0.71225562874456","0.88580484499325","0.11419515500675","0.264693438346211","0.62111140664704","0.0230509329092289","0.0911442220975208","8785.08839541662","40.0002398172459","2.53931681241277e-10","40.4701004777158","0.000499750124937531"
"temprow.282","283","MeanCoopTie2Noncoop","Female_song_score","0.013256045947472","0.0479006153992311","0.0642110439900424","0.0346466125274233","997","0.3095909239107","0.6904090760893","0.870576630126299","0.129423369873701","0.282742531670169","0.58783409845613","0.0268483922405303","0.10257497763317","8785.08839541662","63.0892115888187","1.97553183919388e-15","63.6364478813892","0.000499750124937531"
"temprow.283","284","MeanCoopTie2Noncoop","Female_song_score","0.013256045947472","0.0479006153992311","0.0642110439900424","0.0346466125274233","997","0.326321587668231","0.673678412331769","0.866021025741525","0.133978974258475","0.292921655696976","0.573099370044549","0.0333999319712556","0.100579042287219","8785.08839541662","36.5408234466918","1.49502129913767e-09","36.9457855277639","0.000499750124937531"
"temprow.284","285","MeanCoopTie2Noncoop","Female_song_score","0.013256045947472","0.0479006153992311","0.0642110439900424","0.0346466125274233","997","0.326251504333935","0.673748495666065","0.884006224457613","0.115993775542387","0.293778942968129","0.590227281489485","0.0324725613658057","0.0835212141765808","8785.08839541662","11.1262606570876","0.000851140074634211","11.3645728609383","0.000999500249875062"
"temprow.285","286","MeanCoopTie2Noncoop","Female_song_score","0.013256045947472","0.0479006153992311","0.0642110439900424","0.0346466125274233","997","0.314797187516694","0.685202812483306","0.88185049848913","0.11814950151087","0.28832326526518","0.59352723322395","0.0264739222515139","0.0916755792593558","8785.08839541662","44.1023051664862","3.11653707064391e-11","44.576166734188","0.000499750124937531"
"temprow.286","287","MeanCoopTie2Noncoop","Female_song_score","0.013256045947472","0.0479006153992311","0.0642110439900424","0.0346466125274233","997","0.339420784222326","0.660579215777674","0.895186736045649","0.104813263954351","0.313804445412011","0.581382290633638","0.0256163388103153","0.0791969251440358","8785.08839541662","41.0639236307272","1.47330839556367e-10","41.5365909517491","0.000499750124937531"
"temprow.287","288","MeanCoopTie2Noncoop","Female_song_score","0.013256045947472","0.0479006153992311","0.0642110439900424","0.0346466125274233","997","0.298907353493442","0.701092646506558","0.874503981495664","0.125496018504336","0.269601150685547","0.604902830810117","0.0293062028078952","0.096189815696441","8785.08839541662","25.5432803137389","4.32569921980255e-07","25.9001734819342","0.000499750124937531"
"temprow.288","289","MeanCoopTie2Noncoop","Female_song_score","0.013256045947472","0.0479006153992311","0.0642110439900424","0.0346466125274233","997","0.30290150534086","0.69709849465914","0.879706417173956","0.120293582826044","0.284324176519557","0.595382240654399","0.0185773288213032","0.101716254004741","8785.08839541662","125.015667961546","5.04944236194408e-29","125.814906206073","0.000499750124937531"
"temprow.289","290","MeanCoopTie2Noncoop","Female_song_score","0.013256045947472","0.0479006153992311","0.0642110439900424","0.0346466125274233","997","0.295415752444524","0.704584247555476","0.846708315678","0.153291684322","0.264187627064446","0.582520688613554","0.0312281253800781","0.122063558941922","8785.08839541662","63.9170016143583","1.29772871016626e-15","64.4371149185635","0.000499750124937531"
"temprow.290","291","MeanCoopTie2Noncoop","Female_song_score","0.013256045947472","0.0479006153992311","0.0642110439900424","0.0346466125274233","997","0.329292227608695","0.670707772391305","0.889992863836081","0.110007136163919","0.303327671957753","0.586665191878327","0.0259645556509414","0.0840425805129781","8785.08839541662","42.2906825390505","7.86664510904743e-11","42.763915638818","0.000499750124937531"
"temprow.291","292","MeanCoopTie2Noncoop","Female_song_score","0.013256045947472","0.0479006153992311","0.0642110439900424","0.0346466125274233","997","0.369388479661042","0.630611520338958","0.863550302964644","0.136449697035356","0.329040727057919","0.534509575906725","0.0403477526031228","0.096101944432233","8785.08839541662","32.1443746076281","1.43130520197704e-08","32.5106192348177","0.000499750124937531"
"temprow.292","293","MeanCoopTie2Noncoop","Female_song_score","0.013256045947472","0.0479006153992311","0.0642110439900424","0.0346466125274233","997","0.326742158264768","0.673257841735232","0.864891083272246","0.135108916727754","0.285832946301147","0.579058136971099","0.0409092119636206","0.0941997047641331","8785.08839541662","3.54280074806998","0.0598043983807371","3.66916213913147","0.0519740129935032"
"temprow.293","294","MeanCoopTie2Noncoop","Female_song_score","0.013256045947472","0.0479006153992311","0.0642110439900424","0.0346466125274233","997","0.352114497196235","0.647885502803765","0.890027336535269","0.109972663464731","0.324191007329557","0.565836329205712","0.0279234898666771","0.0820491735980534","8785.08839541662","45.634847538496","1.42484026393289e-11","46.1184856226369","0.000499750124937531"
"temprow.294","295","MeanCoopTie2Noncoop","Female_song_score","0.013256045947472","0.0479006153992311","0.0642110439900424","0.0346466125274233","997","0.304833578053885","0.695166421946115","0.871346182987346","0.128653817012654","0.272546125384999","0.598800057602346","0.0322874526688854","0.0963663643437687","8785.08839541662","17.3746118124187","3.06898120851885e-05","17.6642691294919","0.000499750124937531"
"temprow.295","296","MeanCoopTie2Noncoop","Female_song_score","0.013256045947472","0.0479006153992311","0.0642110439900424","0.0346466125274233","997","0.360714797380142","0.639285202619858","0.897556822637924","0.102443177362076","0.333287220642251","0.564269601995673","0.0274275767378909","0.0750156006241847","8785.08839541662","37.1206364510562","1.11042323267874e-09","37.5683778907262","0.000499750124937531"
"temprow.296","297","MeanCoopTie2Noncoop","Female_song_score","0.013256045947472","0.0479006153992311","0.0642110439900424","0.0346466125274233","997","0.306986508360025","0.693013491639975","0.876915277580794","0.123084722419206","0.26678478919268","0.610130488388114","0.0402017191673451","0.0828830032518612","8785.08839541662","2.11070041151597","0.146272355445522","2.21424033324745","0.152423788105947"
"temprow.297","298","MeanCoopTie2Noncoop","Female_song_score","0.013256045947472","0.0479006153992311","0.0642110439900424","0.0346466125274233","997","0.292829357818703","0.707170642181297","0.855899966308484","0.144100033691516","0.260649637733319","0.595250328575165","0.0321797200853837","0.111920313606133","8785.08839541662","33.9563346730677","5.63628805838671e-09","34.3464405951586","0.000499750124937531"
"temprow.298","299","MeanCoopTie2Noncoop","Female_song_score","0.013256045947472","0.0479006153992311","0.0642110439900424","0.0346466125274233","997","0.363790699764184","0.636209300235816","0.882156652889809","0.117843347110191","0.337227824648221","0.544928828241588","0.0265628751159627","0.0912804719942284","8785.08839541662","96.8115164276414","7.62512951681372e-23","97.4895373594604","0.000499750124937531"
"temprow.299","300","MeanCoopTie2Noncoop","Female_song_score","0.013256045947472","0.0479006153992311","0.0642110439900424","0.0346466125274233","997","0.325158881533031","0.674841118466969","0.885944348490342","0.114055651509658","0.30030450887084","0.585639839619502","0.0248543726621908","0.0892012788474674","8785.08839541662","59.0559799607058","1.53249514202155e-14","59.6079030356538","0.000499750124937531"
"temprow.300","301","MeanCoopTie2Noncoop","Female_song_score","0.013256045947472","0.0479006153992311","0.0642110439900424","0.0346466125274233","997","0.303525258001789","0.696474741998211","0.870739420166835","0.129260579833165","0.27568531255853","0.595054107608305","0.0278399454432595","0.101420634389906","8785.08839541662","47.1874689556612","6.45115624398374e-12","47.6637026994078","0.000499750124937531"
"temprow.301","302","MeanCoopTie2Noncoop","Female_song_score","0.013256045947472","0.0479006153992311","0.0642110439900424","0.0346466125274233","997","0.298048340917828","0.701951659082172","0.874176547743111","0.125823452256889","0.265225879736744","0.608950668006367","0.0328224611810838","0.0930009910758052","8785.08839541662","8.23669699219846","0.00410517713027673","8.43981981582791","0.00299850074962519"
"temprow.302","303","MeanCoopTie2Noncoop","Female_song_score","0.013256045947472","0.0479006153992311","0.0642110439900424","0.0346466125274233","997","0.304929795899198","0.695070204100802","0.883120244803035","0.116879755196965","0.275963341898262","0.607156902904773","0.0289664540009363","0.0879133011960289","8785.08839541662","17.6985370810171","2.5882557987836e-05","18.0034201392257","0.000499750124937531"
"temprow.303","304","MeanCoopTie2Noncoop","Female_song_score","0.013256045947472","0.0479006153992311","0.0642110439900424","0.0346466125274233","997","0.358575481434726","0.641424518565274","0.87010729615457","0.129892703845429","0.315197062866851","0.55491023328772","0.0433784185678746","0.0865142852775549","8785.08839541662","3.34173569267094","0.067543324897719","3.46380489283699","0.0604697651174413"
"temprow.304","305","MeanCoopTie2Noncoop","Female_song_score","0.013256045947472","0.0479006153992311","0.0642110439900424","0.0346466125274233","997","0.303095048465212","0.696904951534788","0.860670263393947","0.139329736606053","0.268263113454332","0.592407149939615","0.0348319350108795","0.104497801595174","8785.08839541662","18.7130288766309","1.51940761322322e-05","19.00413501126","0.000499750124937531"
"temprow.305","306","MeanCoopTie2Noncoop","Female_song_score","0.013256045947472","0.0479006153992311","0.0642110439900424","0.0346466125274233","997","0.325418862692174","0.674581137307826","0.848569467713274","0.151430532286726","0.281856828060941","0.566712639652333","0.0435620346312336","0.107868497655492","8785.08839541662","9.92855774037217","0.00162733995718095","10.129687073164","0.00199900049975012"
"temprow.306","307","MeanCoopTie2Noncoop","Female_song_score","0.013256045947472","0.0479006153992311","0.0642110439900424","0.0346466125274233","997","0.283041127813952","0.716958872186048","0.893333127280335","0.106666872719665","0.262047858434046","0.631285268846289","0.0209932693799065","0.0856736033397585","8785.08839541662","38.3010640818856","6.06295762150225e-10","38.7774144280931","0.000499750124937531"
"temprow.307","308","MeanCoopTie2Noncoop","Female_song_score","0.013256045947472","0.0479006153992311","0.0642110439900424","0.0346466125274233","997","0.292254566460175","0.707745433539825","0.876149089205518","0.123850910794482","0.260881001749677","0.615268087455842","0.0313735647104976","0.0924773460839839","8785.08839541662","8.75060744311674","0.00309498945228127","8.9625286778385","0.00349825087456272"
"temprow.308","309","MeanCoopTie2Noncoop","Female_song_score","0.013256045947472","0.0479006153992311","0.0642110439900424","0.0346466125274233","997","0.342419351489932","0.657580648510068","0.887034477313152","0.112965522686848","0.309880721417705","0.577153755895447","0.0325386300722262","0.0804268926146218","8785.08839541662","14.435631294013","0.000145032119670083","14.7066915479407","0.000999500249875062"
"temprow.309","310","MeanCoopTie2Noncoop","Female_song_score","0.013256045947472","0.0479006153992311","0.0642110439900424","0.0346466125274233","997","0.321327282066295","0.678672717933705","0.88420469673332","0.115795303266679","0.290633523507546","0.593571173225774","0.0306937585587487","0.0851015447079308","8785.08839541662","16.3163308654301","5.36000295153233e-05","16.6059292129459","0.000499750124937531"
"temprow.310","311","MeanCoopTie2Noncoop","Female_song_score","0.013256045947472","0.0479006153992311","0.0642110439900424","0.0346466125274233","997","0.306720059593908","0.693279940406092","0.877008667402248","0.122991332597752","0.279330100633423","0.597678566768824","0.0273899589604843","0.0956013736372678","8785.08839541662","40.2551077447269","2.22871883309088e-10","40.7032109232528","0.000499750124937531"
"temprow.311","312","MeanCoopTie2Noncoop","Female_song_score","0.013256045947472","0.0479006153992311","0.0642110439900424","0.0346466125274233","997","0.325382129938151","0.674617870061849","0.852371057503029","0.147628942496971","0.288017628827483","0.564353428675546","0.0373645011106679","0.110264441386303","8785.08839541662","35.9895088459417","1.98382781693561e-09","36.3756618509041","0.000499750124937531"
"temprow.312","313","MeanCoopTie2Noncoop","Female_song_score","0.013256045947472","0.0479006153992311","0.0642110439900424","0.0346466125274233","997","0.351534387126565","0.648465612873435","0.884028461531687","0.115971538468313","0.316756100978267","0.56727236055342","0.0347782861482984","0.0811932523200149","8785.08839541662","13.046863433702","0.000303792747780492","13.3001350656456","0.000499750124937531"
"temprow.313","314","MeanCoopTie2Noncoop","Female_song_score","0.013256045947472","0.0479006153992311","0.0642110439900424","0.0346466125274233","997","0.304900174069324","0.695099825930676","0.88497354225531","0.11502645774469","0.278283133603791","0.60669040865152","0.0266170404655327","0.088409417279157","8785.08839541662","28.7007167740093","8.44724608067136e-08","29.0910867013743","0.000499750124937531"
"temprow.314","315","MeanCoopTie2Noncoop","Female_song_score","0.013256045947472","0.0479006153992311","0.0642110439900424","0.0346466125274233","997","0.299861443946423","0.700138556053577","0.885042524628761","0.114957475371239","0.274615067923465","0.610427456705297","0.0252463760229581","0.0897110993482807","8785.08839541662","34.4483581763807","4.37711849551054e-09","34.8781095413264","0.000499750124937531"
"temprow.315","316","MeanCoopTie2Noncoop","Female_song_score","0.013256045947472","0.0479006153992311","0.0642110439900424","0.0346466125274233","997","0.318299544646056","0.681700455353944","0.889265796534167","0.110734203465833","0.286780734375784","0.602485062158384","0.0315188102702723","0.0792153931955603","8785.08839541662","5.51488149927942","0.0188553505986917","5.68760790563064","0.0134932533733133"
"temprow.316","317","MeanCoopTie2Noncoop","Female_song_score","0.013256045947472","0.0479006153992311","0.0642110439900424","0.0346466125274233","997","0.290477460064725","0.709522539935275","0.894089054150026","0.105910945849974","0.268263921606315","0.625825132543711","0.0222135384584098","0.0836974073915642","8785.08839541662","32.5237160425905","1.17746845058506e-08","32.9607961724221","0.000499750124937531"
"temprow.317","318","MeanCoopTie2Noncoop","Female_song_score","0.013256045947472","0.0479006153992311","0.0642110439900424","0.0346466125274233","997","0.31023468105961","0.689765318940391","0.860917497904408","0.139082502095592","0.272805911766826","0.588111586137582","0.0374287692927832","0.101653732802808","8785.08839541662","10.9474116818208","0.000937344622925809","11.1690339597617","0.000999500249875062"
"temprow.318","319","MeanCoopTie2Noncoop","Female_song_score","0.013256045947472","0.0479006153992311","0.0642110439900424","0.0346466125274233","997","0.296467769192951","0.703532230807049","0.881604127538561","0.118395872461439","0.273901487255712","0.60770264028285","0.0225662819372391","0.0958295905241996","8785.08839541662","63.015210562948","2.05116453015104e-15","63.5905790479836","0.000499750124937531"
"temprow.319","320","MeanCoopTie2Noncoop","Female_song_score","0.013256045947472","0.0479006153992311","0.0642110439900424","0.0346466125274233","997","0.33016671300073","0.66983328699927","0.879309170878272","0.120690829121728","0.303109547502475","0.576199623375797","0.0270571654982551","0.0936336636234725","8785.08839541662","60.6105533613967","6.95600906426631e-15","61.153774578367","0.000499750124937531"
"temprow.320","321","MeanCoopTie2Noncoop","Female_song_score","0.013256045947472","0.0479006153992311","0.0642110439900424","0.0346466125274233","997","0.335618713383595","0.664381286616405","0.891557367709789","0.108442632290212","0.308022292133996","0.583535075575792","0.0275964212495992","0.0808462110406123","8785.08839541662","31.3268202810057","2.18046511506715e-08","31.7349781745766","0.000499750124937531"
"temprow.321","322","MeanCoopTie2Noncoop","Female_song_score","0.013256045947472","0.0479006153992311","0.0642110439900424","0.0346466125274233","997","0.290118689775965","0.709881310224035","0.89405337639747","0.10594662360253","0.26821121860738","0.62584215779009","0.0219074711685846","0.0840391524339456","8785.08839541662","34.8653673269633","3.53309868731947e-09","35.3180551555585","0.000499750124937531"
"temprow.322","323","MeanCoopTie2Noncoop","Female_song_score","0.013256045947472","0.0479006153992311","0.0642110439900424","0.0346466125274233","997","0.260831048195562","0.739168951804438","0.885852103358893","0.114147896641107","0.241471162081256","0.644380941277637","0.0193598861143055","0.0947880105268019","8785.08839541662","48.420059766548","3.44030944758067e-12","48.9532118835302","0.000499750124937531"
"temprow.323","324","MeanCoopTie2Noncoop","Female_song_score","0.013256045947472","0.0479006153992311","0.0642110439900424","0.0346466125274233","997","0.311977252278151","0.688022747721849","0.879892212493731","0.120107787506269","0.275956645145358","0.603935567348374","0.036020607132793","0.0840871803734759","8785.08839541662","0.790497397410484","0.373949765824423","0.854742500597762","0.368815592203898"
"temprow.324","325","MeanCoopTie2Noncoop","Female_song_score","0.013256045947472","0.0479006153992311","0.0642110439900424","0.0346466125274233","997","0.337258856082825","0.662741143917175","0.879647790544019","0.120352209455981","0.304274457902391","0.575373332641628","0.0329843981804329","0.087367811275548","8785.08839541662","21.1340703624774","4.28246198184987e-06","21.4540315258369","0.000499750124937531"
"temprow.325","326","MeanCoopTie2Noncoop","Female_song_score","0.013256045947472","0.0479006153992311","0.0642110439900424","0.0346466125274233","997","0.318052658870681","0.681947341129319","0.886118982982435","0.113881017017565","0.288425940796292","0.597693042186143","0.0296267180743883","0.0842542989431766","8785.08839541662","17.2271182338133","3.31668059810303e-05","17.5278017114755","0.000499750124937531"
"temprow.326","327","MeanCoopTie2Noncoop","Female_song_score","0.013256045947472","0.0479006153992311","0.0642110439900424","0.0346466125274233","997","0.346982730047112","0.653017269952888","0.896484801807275","0.103515198192725","0.316305976558522","0.580178825248753","0.0306767534885904","0.0728384447041349","8785.08839541662","11.401001700564","0.000734045147736776","11.6508402148082","0.00149925037481259"
"temprow.327","328","MeanCoopTie2Noncoop","Female_song_score","0.013256045947472","0.0479006153992311","0.0642110439900424","0.0346466125274233","997","0.341042032100042","0.658957967899958","0.858308378073541","0.141691621926459","0.29752111689142","0.560787261182122","0.0435209152086216","0.0981707067178371","8785.08839541662","7.26297529005441","0.00703905793434801","7.43798634758717","0.00749625187406297"
"temprow.328","329","MeanCoopTie2Noncoop","Female_song_score","0.013256045947472","0.0479006153992311","0.0642110439900424","0.0346466125274233","997","0.304492097723482","0.695507902276517","0.881192432382975","0.118807567617025","0.27714783854073","0.604044593842245","0.0273442591827521","0.0914633084342727","8785.08839541662","30.7180633217447","2.98374467432767e-08","31.1164365137943","0.000499750124937531"
"temprow.329","330","MeanCoopTie2Noncoop","Female_song_score","0.013256045947472","0.0479006153992311","0.0642110439900424","0.0346466125274233","997","0.311514708893385","0.688485291106615","0.881107930842026","0.118892069157974","0.288336945961738","0.592770984880287","0.0231777629316459","0.0957143062263282","8785.08839541662","74.1883378858669","7.10085573290075e-18","74.802545017717","0.000499750124937531"
"temprow.330","331","MeanCoopTie2Noncoop","Female_song_score","0.013256045947472","0.0479006153992311","0.0642110439900424","0.0346466125274233","997","0.296481448715348","0.703518551284652","0.885741255914295","0.114258744085705","0.269531800881942","0.616209455032353","0.0269496478334065","0.0873090962522987","8785.08839541662","19.5460517620268","9.82034873110798e-06","19.87200769728","0.000499750124937531"
"temprow.331","332","MeanCoopTie2Noncoop","Female_song_score","0.013256045947472","0.0479006153992311","0.0642110439900424","0.0346466125274233","997","0.307762110155843","0.692237889844157","0.886110910257727","0.113889089742273","0.287780899016123","0.598330011241604","0.0199812111397198","0.0939078786025533","8785.08839541662","91.6542619022689","1.03223366890014e-21","92.3520184099502","0.000499750124937531"
"temprow.332","333","MeanCoopTie2Noncoop","Female_song_score","0.013256045947472","0.0479006153992311","0.0642110439900424","0.0346466125274233","997","0.3153532341833","0.6846467658167","0.864078096114084","0.135921903885916","0.29139641071261","0.572681685401473","0.0239568234706892","0.111965080415227","8785.08839541662","123.685846364539","9.86953743619922e-29","124.432152367785","0.000499750124937531"
"temprow.333","334","MeanCoopTie2Noncoop","Female_song_score","0.013256045947472","0.0479006153992311","0.0642110439900424","0.0346466125274233","997","0.340435728311057","0.659564271688943","0.855991583062391","0.144008416937609","0.292243114185975","0.563748468876416","0.048192614125081","0.0958158028125276","8785.08839541662","0.20423263882564","0.651325856633491","0.234244995376787","0.626686656671664"
"temprow.334","335","MeanCoopTie2Noncoop","Female_song_score","0.013256045947472","0.0479006153992311","0.0642110439900424","0.0346466125274233","997","0.329517863564035","0.670482136435965","0.878288123601497","0.121711876398503","0.293364694530321","0.584923429071177","0.0361531690337133","0.0855587073647894","8785.08839541662","5.59006893330418","0.0180625853291802","5.75536558226447","0.0169915042478761"
"temprow.335","336","MeanCoopTie2Noncoop","Female_song_score","0.013256045947472","0.0479006153992311","0.0642110439900424","0.0346466125274233","997","0.354966033763943","0.645033966236057","0.906303012242924","0.0936969877570756","0.333121608616173","0.573181403626752","0.0218444251477693","0.0718525626093062","8785.08839541662","58.191826931666","2.37764816271504e-14","58.7769865632929","0.000499750124937531"
"temprow.336","337","MeanCoopTie2Noncoop","Female_song_score","0.013256045947472","0.0479006153992311","0.0642110439900424","0.0346466125274233","997","0.316670798844408","0.683329201155592","0.890090126673432","0.109909873326568","0.28785287335305","0.602237253320382","0.0288179254913575","0.0810919478352101","8785.08839541662","14.5987593417868","0.000133002078602688","14.8803512154544","0.000499750124937531"
"temprow.337","338","MeanCoopTie2Noncoop","Female_song_score","0.013256045947472","0.0479006153992311","0.0642110439900424","0.0346466125274233","997","0.3037710279883","0.6962289720117","0.862928301606036","0.137071698393964","0.278245358518177","0.584682943087858","0.0255256694701222","0.111546028923842","8785.08839541662","90.7343241379515","1.64317906955436e-21","91.3780753734306","0.000499750124937531"
"temprow.338","339","MeanCoopTie2Noncoop","Female_song_score","0.013256045947472","0.0479006153992311","0.0642110439900424","0.0346466125274233","997","0.324259751386996","0.675740248613004","0.892450934478753","0.107549065521247","0.299754738520935","0.592696195957818","0.0245050128660612","0.0830440526551859","8785.08839541662","44.678866465","2.32149585786972e-11","45.1719603335735","0.000499750124937531"
"temprow.339","340","MeanCoopTie2Noncoop","Female_song_score","0.013256045947472","0.0479006153992311","0.0642110439900424","0.0346466125274233","997","0.302660008633108","0.697339991366892","0.874937715619038","0.125062284380962","0.278190069774202","0.596747645844836","0.0244699388589054","0.100592345522056","8785.08839541662","67.6147042665084","1.98779551712638e-16","68.1931497150204","0.000499750124937531"
"temprow.340","341","MeanCoopTie2Noncoop","Female_song_score","0.013256045947472","0.0479006153992311","0.0642110439900424","0.0346466125274233","997","0.316039489452871","0.683960510547129","0.88670325681164","0.11329674318836","0.291952437563078","0.594750819248563","0.0240870518897923","0.0892096912985672","8785.08839541662","54.8286044699171","1.31512686235661e-13","55.3658377594431","0.000499750124937531"
"temprow.341","342","MeanCoopTie2Noncoop","Female_song_score","0.013256045947472","0.0479006153992311","0.0642110439900424","0.0346466125274233","997","0.3174825840923","0.6825174159077","0.863137776179499","0.1368622238205","0.282348787825546","0.580788988353954","0.0351337962667542","0.101728427553746","8785.08839541662","23.3121602346778","1.37726496675842e-06","23.6351738106758","0.000499750124937531"
"temprow.342","343","MeanCoopTie2Noncoop","Female_song_score","0.013256045947472","0.0479006153992311","0.0642110439900424","0.0346466125274233","997","0.308010189331159","0.69198981066884","0.875297282111558","0.124702717888442","0.290504931846308","0.58479235026525","0.0175052574848508","0.107197460403591","8785.08839541662","163.960802620192","1.54285311832316e-37","164.857518944417","0.000499750124937531"
"temprow.343","344","MeanCoopTie2Noncoop","Female_song_score","0.013256045947472","0.0479006153992311","0.0642110439900424","0.0346466125274233","997","0.306676937263761","0.693323062736239","0.896661036641452","0.103338963358548","0.281753665349669","0.614907371291783","0.0249232719140915","0.0784156914444568","8785.08839541662","20.0727842623754","7.4550039333029e-06","20.4147542736837","0.000499750124937531"
"temprow.344","345","MeanCoopTie2Noncoop","Female_song_score","0.013256045947472","0.0479006153992311","0.0642110439900424","0.0346466125274233","997","0.347104238445901","0.652895761554099","0.897011941639749","0.102988058360251","0.323556981806989","0.57345495983276","0.0235472566389119","0.0794408017213387","8785.08839541662","61.7698499785047","3.86040235663926e-15","62.3506780363167","0.000499750124937531"
"temprow.345","346","MeanCoopTie2Noncoop","Female_song_score","0.013256045947472","0.0479006153992311","0.0642110439900424","0.0346466125274233","997","0.348162046412014","0.651837953587986","0.888943926164281","0.111056073835719","0.317230784061167","0.571713142103114","0.0309312623508469","0.0801248114848717","8785.08839541662","23.0114962897554","1.61035535303024e-06","23.3546316591298","0.000499750124937531"
"temprow.346","347","MeanCoopTie2Noncoop","Female_song_score","0.013256045947472","0.0479006153992311","0.0642110439900424","0.0346466125274233","997","0.319944558496846","0.680055441503154","0.884476882824134","0.115523117175866","0.288410988212745","0.596065894611389","0.031533570284101","0.0839895468917648","8785.08839541662","11.4422127029518","0.000717942460864601","11.6855180151728","0.00149925037481259"
"temprow.347","348","MeanCoopTie2Noncoop","Female_song_score","0.013256045947472","0.0479006153992311","0.0642110439900424","0.0346466125274233","997","0.279802623532087","0.720197376467913","0.878231879462073","0.121768120537927","0.255598828896349","0.622633050565724","0.0242037946357376","0.0975643259021892","8785.08839541662","38.9509147557591","4.34596596414294e-10","39.4057814820883","0.000499750124937531"
"temprow.348","349","MeanCoopTie2Noncoop","Female_song_score","0.013256045947472","0.0479006153992311","0.0642110439900424","0.0346466125274233","997","0.307831715788701","0.692168284211299","0.888834320975033","0.111165679024967","0.282707455562281","0.606126865412751","0.0251242602264191","0.0860414187985481","8785.08839541662","33.980761444393","5.56597046223652e-09","34.4106484367828","0.000499750124937531"
"temprow.349","350","MeanCoopTie2Noncoop","Female_song_score","0.013256045947472","0.0479006153992311","0.0642110439900424","0.0346466125274233","997","0.348251341472389","0.651748658527612","0.843128991335452","0.156871008664548","0.304221510127677","0.538907481207775","0.0440298313447112","0.112841177319837","8785.08839541662","32.4333648549803","1.23350347159933e-08","32.7849955435797","0.000499750124937531"
"temprow.350","351","MeanCoopTie2Noncoop","Female_song_score","0.013256045947472","0.0479006153992311","0.0642110439900424","0.0346466125274233","997","0.303230782321379","0.696769217678621","0.888410355598909","0.111589644401091","0.270507369650385","0.617902985948524","0.0327234126709937","0.0788662317300976","8785.08839541662","0.501213359282132","0.47896746729954","0.554773855083739","0.468265867066467"
"temprow.351","352","MeanCoopTie2Noncoop","Female_song_score","0.013256045947472","0.0479006153992311","0.0642110439900424","0.0346466125274233","997","0.317110615174827","0.682889384825173","0.872676784595961","0.127323215404039","0.277902521247808","0.594774263348153","0.0392080939270179","0.088115121477021","8785.08839541662","0.470122000911088","0.492931047780471","0.518477554594369","0.489755122438781"
"temprow.352","353","MeanCoopTie2Noncoop","Female_song_score","0.013256045947472","0.0479006153992311","0.0642110439900424","0.0346466125274233","997","0.311988295751866","0.688011704248134","0.863892455692428","0.136107544307572","0.277862969787409","0.586029485905019","0.0341253259644568","0.101982218343115","8785.08839541662","23.8068219081342","1.06504322294733e-06","24.1355829846992","0.000499750124937531"
"temprow.353","354","MeanCoopTie2Noncoop","Female_song_score","0.013256045947472","0.0479006153992311","0.0642110439900424","0.0346466125274233","997","0.320473798745923","0.679526201254077","0.889627267858628","0.110372732141372","0.293317110191859","0.59631015766677","0.0271566885540642","0.0832160435873073","8785.08839541662","27.1232121659141","1.90892043436105e-07","27.5044480947656","0.000499750124937531"
"temprow.354","355","MeanCoopTie2Noncoop","Female_song_score","0.013256045947472","0.0479006153992311","0.0642110439900424","0.0346466125274233","997","0.317995010461042","0.682004989538958","0.879755130081342","0.120244869918658","0.290827264656902","0.58892786542444","0.0271677458041399","0.0930771241145183","8785.08839541662","46.3043009470339","1.0124148004545e-11","46.7847212340229","0.000499750124937531"
"temprow.355","356","MeanCoopTie2Noncoop","Female_song_score","0.013256045947472","0.0479006153992311","0.0642110439900424","0.0346466125274233","997","0.348066079147594","0.651933920852406","0.880965053762161","0.119034946237838","0.316123778351595","0.564841275410566","0.0319423007959982","0.0870926454418402","8785.08839541662","32.6334842862795","1.1128099782699e-08","33.0297314349324","0.000499750124937531"
"temprow.356","357","MeanCoopTie2Noncoop","Female_song_score","0.013256045947472","0.0479006153992311","0.0642110439900424","0.0346466125274233","997","0.293864356082629","0.706135643917371","0.88986556038","0.11013443962","0.267728255160085","0.622137305219915","0.0261361009225438","0.0839983386974562","8785.08839541662","16.2974907342645","5.4135590920364e-05","16.6008481698455","0.000499750124937531"
"temprow.357","358","MeanCoopTie2Noncoop","Female_song_score","0.013256045947472","0.0479006153992311","0.0642110439900424","0.0346466125274233","997","0.337343716271121","0.662656283728879","0.862406132973052","0.137593867026948","0.302576950514116","0.559829182458936","0.034766765757005","0.102827101269943","8785.08839541662","44.6550454011496","2.34991261295252e-11","45.0939994268086","0.000499750124937531"
"temprow.358","359","MeanCoopTie2Noncoop","Female_song_score","0.013256045947472","0.0479006153992311","0.0642110439900424","0.0346466125274233","997","0.327411255911235","0.672588744088765","0.895965831848429","0.104034168151571","0.301525322857249","0.59444050899118","0.0258859330539856","0.0781482350975855","8785.08839541662","28.5265564869657","9.2422105584006e-08","28.9256815651516","0.000499750124937531"
"temprow.359","360","MeanCoopTie2Noncoop","Female_song_score","0.013256045947472","0.0479006153992311","0.0642110439900424","0.0346466125274233","997","0.341822855826286","0.658177144173714","0.882026678761453","0.117973321238547","0.314573315345594","0.567453363415859","0.027249540480691","0.0907237807578558","8785.08839541662","63.9217348278397","1.29461458851665e-15","64.4805440575412","0.000499750124937531"
"temprow.360","361","MeanCoopTie2Noncoop","Female_song_score","0.013256045947472","0.0479006153992311","0.0642110439900424","0.0346466125274233","997","0.306306138423184","0.693693861576816","0.881972895342837","0.118027104657163","0.274760055557766","0.607212839785071","0.0315460828654174","0.0864810217917456","8785.08839541662","8.29546652705501","0.00397441688858294","8.50335792723807","0.00399800099950025"
"temprow.361","362","MeanCoopTie2Noncoop","Female_song_score","0.013256045947472","0.0479006153992311","0.0642110439900424","0.0346466125274233","997","0.349882052958854","0.650117947041146","0.900266628859581","0.0997333711404186","0.326325874913288","0.573940753946294","0.0235561780455659","0.0761771930948526","8785.08839541662","54.6606971831545","1.43242502290641e-13","55.2140784100394","0.000499750124937531"
"temprow.362","363","MeanCoopTie2Noncoop","Female_song_score","0.013256045947472","0.0479006153992311","0.0642110439900424","0.0346466125274233","997","0.338742857295306","0.661257142704694","0.877064665608203","0.122935334391797","0.300927776073317","0.576136889534886","0.0378150812219883","0.0851202531698084","8785.08839541662","5.24501075615232","0.0220097922808477","5.40341359513411","0.0219890054972514"
"temprow.363","364","MeanCoopTie2Noncoop","Female_song_score","0.013256045947472","0.0479006153992311","0.0642110439900424","0.0346466125274233","997","0.311627020509049","0.688372979490951","0.872867270744617","0.127132729255383","0.274780098486808","0.598087172257808","0.0368469220222402","0.0902858072331432","8785.08839541662","2.6702028555498","0.10224299105992","2.78438560812342","0.107946026986507"
"temprow.364","365","MeanCoopTie2Noncoop","Female_song_score","0.013256045947472","0.0479006153992311","0.0642110439900424","0.0346466125274233","997","0.358026470219642","0.641973529780358","0.887254154206008","0.112745845793992","0.327974605764343","0.559279548441666","0.0300518644552994","0.0826939813386923","8785.08839541662","40.0800497119398","2.43765863257262e-10","40.5268348547385","0.000499750124937531"
"temprow.365","366","MeanCoopTie2Noncoop","Female_song_score","0.013256045947472","0.0479006153992311","0.0642110439900424","0.0346466125274233","997","0.345313506120448","0.654686493879552","0.871785421511328","0.128214578488672","0.306488761786067","0.565296659725261","0.0388247443343802","0.0893898341542918","8785.08839541662","10.113234524123","0.00147208380458919","10.3278241180276","0.00249875062468766"
"temprow.366","367","MeanCoopTie2Noncoop","Female_song_score","0.013256045947472","0.0479006153992311","0.0642110439900424","0.0346466125274233","997","0.322749293421658","0.677250706578342","0.863467742032075","0.136532257967925","0.293901120484756","0.569566621547319","0.0288481729369022","0.107684085031023","8785.08839541662","78.6717963944336","7.33351167099039e-19","79.262519717782","0.000499750124937531"
"temprow.367","368","MeanCoopTie2Noncoop","Female_song_score","0.013256045947472","0.0479006153992311","0.0642110439900424","0.0346466125274233","997","0.329275986062336","0.670724013937664","0.87127339084569","0.12872660915431","0.288035723476754","0.583237667368936","0.0412402625855819","0.0874863465687283","8785.08839541662","0.443375690971203","0.505497637049755","0.489663974386768","0.489755122438781"
"temprow.368","369","MeanCoopTie2Noncoop","Female_song_score","0.013256045947472","0.0479006153992311","0.0642110439900424","0.0346466125274233","997","0.322691676772254","0.677308323227746","0.873834606129496","0.126165393870504","0.294977914224061","0.578856691905436","0.0277137625481929","0.0984516313223107","8785.08839541662","61.3924137703051","4.67608761774826e-15","61.9322370766979","0.000499750124937531"
"temprow.369","370","MeanCoopTie2Noncoop","Female_song_score","0.013256045947472","0.0479006153992311","0.0642110439900424","0.0346466125274233","997","0.354374891645751","0.645625108354249","0.864450169465464","0.135549830534536","0.311159980066085","0.553290189399379","0.0432149115796658","0.0923349189548699","8785.08839541662","7.35443179467212","0.00668976483915725","7.53218394548219","0.00849575212393803"
"temprow.370","371","MeanCoopTie2Noncoop","Female_song_score","0.013256045947472","0.0479006153992311","0.0642110439900424","0.0346466125274233","997","0.30599236970926","0.69400763029074","0.888086340351888","0.111913659648111","0.279407946338674","0.608678394013214","0.0265844233705862","0.0853292362775252","8785.08839541662","23.9426821712054","9.9246814995103e-07","24.3032151045336","0.000499750124937531"
"temprow.371","372","MeanCoopTie2Noncoop","Female_song_score","0.013256045947472","0.0479006153992311","0.0642110439900424","0.0346466125274233","997","0.346307288231719","0.653692711768281","0.892291945953536","0.107708054046464","0.311673940427069","0.580618005526467","0.0346333478046494","0.0730747062418144","8785.08839541662","2.78610380777693","0.0950851585298191","2.90816192176562","0.0854572713643178"
"temprow.372","373","MeanCoopTie2Noncoop","Female_song_score","0.013256045947472","0.0479006153992311","0.0642110439900424","0.0346466125274233","997","0.304934230730061","0.695065769269939","0.892445370850787","0.107554629149213","0.286112475595164","0.606332895255624","0.0188217551348973","0.0887328740143154","8785.08839541662","84.1549950863402","4.57466690427909e-20","84.8425527949631","0.000499750124937531"
"temprow.373","374","MeanCoopTie2Noncoop","Female_song_score","0.013256045947472","0.0479006153992311","0.0642110439900424","0.0346466125274233","997","0.341856098819572","0.658143901180428","0.888475869473796","0.111524130526204","0.314242557324354","0.574233312149442","0.027613541495218","0.0839105890309862","8785.08839541662","42.7998224266296","6.06376634071939e-11","43.2685014804021","0.000499750124937531"
"temprow.374","375","MeanCoopTie2Noncoop","Female_song_score","0.013256045947472","0.0479006153992311","0.0642110439900424","0.0346466125274233","997","0.346369084037188","0.653630915962812","0.865088748229429","0.134911251770571","0.3091996486961","0.555889099533329","0.037169435341087","0.0977418164294842","8785.08839541662","29.852407352669","4.66217634965471e-08","30.2119984428293","0.000499750124937531"
"temprow.375","376","MeanCoopTie2Noncoop","Female_song_score","0.013256045947472","0.0479006153992311","0.0642110439900424","0.0346466125274233","997","0.325283995709397","0.674716004290603","0.889388817326339","0.110611182673661","0.302758035073773","0.586630782252567","0.0225259606356245","0.0880852220380361","8785.08839541662","72.993532737185","1.30075369520798e-17","73.615110639754","0.000499750124937531"
"temprow.376","377","MeanCoopTie2Noncoop","Female_song_score","0.013256045947472","0.0479006153992311","0.0642110439900424","0.0346466125274233","997","0.286164947399083","0.713835052600917","0.869181934533814","0.130818065466186","0.2623610418236","0.606820892710215","0.0238039055754832","0.107014159890703","8785.08839541662","69.7722621184416","6.65623549029898e-17","70.3582911192966","0.000499750124937531"
"temprow.377","378","MeanCoopTie2Noncoop","Female_song_score","0.013256045947472","0.0479006153992311","0.0642110439900424","0.0346466125274233","997","0.323738839782695","0.676261160217305","0.898258346619574","0.101741653380426","0.30133664389578","0.596921702723794","0.0224021958869152","0.0793394574935107","8785.08839541662","48.0580901491019","4.1377682511316e-12","48.5823494552717","0.000499750124937531"
"temprow.378","379","MeanCoopTie2Noncoop","Female_song_score","0.013256045947472","0.0479006153992311","0.0642110439900424","0.0346466125274233","997","0.31945964183138","0.68054035816862","0.890838952351725","0.109161047648275","0.291937002024398","0.598901950327328","0.0275226398069815","0.0816384078412931","8785.08839541662","21.9969581376579","2.73082923983895e-06","22.3424285105664","0.000499750124937531"
"temprow.379","380","MeanCoopTie2Noncoop","Female_song_score","0.013256045947472","0.0479006153992311","0.0642110439900424","0.0346466125274233","997","0.30779202822766","0.69220797177234","0.88922092225918","0.11077907774082","0.286129344261621","0.603091577997558","0.021662683966038","0.0891163937747824","8785.08839541662","64.4342464163784","9.98081885838238e-16","65.0268137552677","0.000499750124937531"
"temprow.380","381","MeanCoopTie2Noncoop","Female_song_score","0.013256045947472","0.0479006153992311","0.0642110439900424","0.0346466125274233","997","0.302641884443813","0.697358115556187","0.868151655132472","0.131848344867528","0.277399036632856","0.590752618499616","0.0252428478109567","0.106605497056571","8785.08839541662","77.4739097900108","1.3448727835116e-18","78.0791231695298","0.000499750124937531"
"temprow.381","382","MeanCoopTie2Noncoop","Female_song_score","0.013256045947472","0.0479006153992311","0.0642110439900424","0.0346466125274233","997","0.355529615572243","0.644470384427757","0.878927720304317","0.121072279695683","0.328619626140035","0.550308094164282","0.0269099894322083","0.0941622902634745","8785.08839541662","93.3786370725274","4.31887259304608e-22","94.0402457478616","0.000499750124937531"
"temprow.382","383","MeanCoopTie2Noncoop","Female_song_score","0.013256045947472","0.0479006153992311","0.0642110439900424","0.0346466125274233","997","0.323863041652583","0.676136958347417","0.879387226187825","0.120612773812175","0.294734718937976","0.58465250724985","0.0291283227146072","0.0914844510975674","8785.08839541662","36.8956068260488","1.24626448361357e-09","37.322002514844","0.000499750124937531"
"temprow.383","384","MeanCoopTie2Noncoop","Female_song_score","0.013256045947472","0.0479006153992311","0.0642110439900424","0.0346466125274233","997","0.280526750309128","0.719473249690872","0.875463464111528","0.124536535888472","0.264967772770722","0.610495691340806","0.0155589775384056","0.108977558350066","8785.08839541662","148.547144128604","3.60188165272611e-34","149.424989325717","0.000499750124937531"
"temprow.384","385","MeanCoopTie2Noncoop","Female_song_score","0.013256045947472","0.0479006153992311","0.0642110439900424","0.0346466125274233","997","0.292944085254859","0.707055914745141","0.882516517504007","0.117483482495993","0.274271186428432","0.608245331075576","0.0186728988264268","0.0988105836695659","8785.08839541662","100.654319421138","1.09522574682042e-23","101.386123031372","0.000499750124937531"
"temprow.385","386","MeanCoopTie2Noncoop","Female_song_score","0.013256045947472","0.0479006153992311","0.0642110439900424","0.0346466125274233","997","0.303574310552426","0.696425689447574","0.893881834942591","0.106118165057409","0.274986642440566","0.618895192502025","0.0285876681118598","0.0775304969455491","8785.08839541662","5.61250839397247","0.0178327179030771","5.79243221001316","0.0154922538730635"
"temprow.386","387","MeanCoopTie2Noncoop","Female_song_score","0.013256045947472","0.0479006153992311","0.0642110439900424","0.0346466125274233","997","0.316646761206278","0.683353238793722","0.870038604546096","0.129961395453904","0.285474068494936","0.58456453605116","0.0311726927113412","0.0987887027425623","8785.08839541662","35.3220989424706","2.79443226185377e-09","35.7285912282821","0.000499750124937531"
"temprow.387","388","MeanCoopTie2Noncoop","Female_song_score","0.013256045947472","0.0479006153992311","0.0642110439900424","0.0346466125274233","997","0.293820581051568","0.706179418948432","0.885941290116069","0.114058709883931","0.269775304524494","0.616165985591575","0.0240452765270741","0.090013433356857","8785.08839541662","37.2984202693495","1.01366681863449e-09","37.7497859894969","0.000499750124937531"
"temprow.388","389","MeanCoopTie2Noncoop","Female_song_score","0.013256045947472","0.0479006153992311","0.0642110439900424","0.0346466125274233","997","0.327023762312271","0.672976237687729","0.879434156531448","0.120565843468552","0.292744630982385","0.586689525549063","0.0342791313298862","0.0862867121386662","8785.08839541662","9.80477289476527","0.00174059529977286","10.0247037897197","0.000499750124937531"
"temprow.389","390","MeanCoopTie2Noncoop","Female_song_score","0.013256045947472","0.0479006153992311","0.0642110439900424","0.0346466125274233","997","0.315601571898895","0.684398428101105","0.897510134666998","0.102489865333002","0.293544650376388","0.603965484290611","0.0220569215225068","0.0804329438104947","8785.08839541662","46.2416706340142","1.04529982938546e-11","46.7576427348712","0.000499750124937531"
"temprow.390","391","MeanCoopTie2Noncoop","Female_song_score","0.013256045947472","0.0479006153992311","0.0642110439900424","0.0346466125274233","997","0.323762075645961","0.676237924354039","0.867459498098148","0.132540501901852","0.292358939540297","0.57510055855785","0.0314031361056636","0.101137365796189","8785.08839541662","45.79099846903","1.31566724361409e-11","46.2470827193066","0.000499750124937531"
"temprow.391","392","MeanCoopTie2Noncoop","Female_song_score","0.013256045947472","0.0479006153992311","0.0642110439900424","0.0346466125274233","997","0.314815053051137","0.685184946948863","0.889373795173442","0.110626204826558","0.286812704323545","0.602561090849897","0.0280023487275919","0.082623856098966","8785.08839541662","18.9879903415516","1.31543806490863e-05","19.3084349351868","0.000499750124937531"
"temprow.392","393","MeanCoopTie2Noncoop","Female_song_score","0.013256045947472","0.0479006153992311","0.0642110439900424","0.0346466125274233","997","0.319696946424195","0.680303053575805","0.869746786908646","0.130253213091354","0.290176382548382","0.579570404360264","0.0295205638758125","0.100732649215541","8785.08839541662","52.0855733646656","5.31338689310477e-13","52.5773462543448","0.000499750124937531"
"temprow.393","394","MeanCoopTie2Noncoop","Female_song_score","0.013256045947472","0.0479006153992311","0.0642110439900424","0.0346466125274233","997","0.340466251341767","0.659533748658233","0.889066376341738","0.110933623658262","0.314070723701721","0.574995652640018","0.0263955276400465","0.0845380960182155","8785.08839541662","50.8192569279325","1.01275195868363e-12","51.3315185767021","0.000499750124937531"
"temprow.394","395","MeanCoopTie2Noncoop","Female_song_score","0.013256045947472","0.0479006153992311","0.0642110439900424","0.0346466125274233","997","0.328399096435713","0.671600903564287","0.885263892864398","0.114736107135602","0.29774573113343","0.587518161730968","0.0306533653022826","0.084082741833319","8785.08839541662","19.2352953535543","1.15557014496075e-05","19.5491928829023","0.000499750124937531"
"temprow.395","396","MeanCoopTie2Noncoop","Female_song_score","0.013256045947472","0.0479006153992311","0.0642110439900424","0.0346466125274233","997","0.331086583629562","0.668913416370439","0.869844350219102","0.130155649780898","0.298579412286639","0.571264937932463","0.032507171342922","0.0976484784379755","8785.08839541662","38.6355033786767","5.1081244773256e-10","39.0553483168561","0.000499750124937531"
"temprow.396","397","MeanCoopTie2Noncoop","Female_song_score","0.013256045947472","0.0479006153992311","0.0642110439900424","0.0346466125274233","997","0.304930346498675","0.695069653501325","0.895970859255677","0.104029140744323","0.288587931797237","0.607382927458441","0.0163424147014377","0.0876867260428849","8785.08839541662","103.798616568719","2.23961492206934e-24","104.573370442041","0.000499750124937531"
"temprow.397","398","MeanCoopTie2Noncoop","Female_song_score","0.013256045947472","0.0479006153992311","0.0642110439900424","0.0346466125274233","997","0.34215017682532","0.65784982317468","0.885147617515907","0.114852382484093","0.313596772193558","0.571550845322348","0.0285534046317616","0.0862989778523318","8785.08839541662","43.7233369711567","3.78234554944947e-11","44.1909442744711","0.000499750124937531"
"temprow.398","399","MeanCoopTie2Noncoop","Female_song_score","0.013256045947472","0.0479006153992311","0.0642110439900424","0.0346466125274233","997","0.317835767700364","0.682164232299636","0.865688466132979","0.134311533867021","0.292124432784781","0.573564033348198","0.0257113349155826","0.108600198951438","8785.08839541662","99.6002554714024","1.86480390166047e-23","100.271997982664","0.000499750124937531"
"temprow.399","400","MeanCoopTie2Noncoop","Female_song_score","0.013256045947472","0.0479006153992311","0.0642110439900424","0.0346466125274233","997","0.370060306129361","0.629939693870639","0.878904880173179","0.121095119826821","0.33523062746055","0.54367425271263","0.0348296786688109","0.0862654411580098","8785.08839541662","34.9181439197736","3.43861542232761e-09","35.3195142236557","0.000499750124937531"
"temprow.400","401","MeanCoopTie2Noncoop","Female_song_score","0.013256045947472","0.0479006153992311","0.0642110439900424","0.0346466125274233","997","0.304237888527978","0.695762111472022","0.889001049445932","0.110998950554068","0.282160149374832","0.606840900071099","0.0220777391531454","0.0889212114009228","8785.08839541662","56.8807701511279","4.63051706085543e-14","57.4389033650782","0.000499750124937531"
"temprow.401","402","MeanCoopTie2Noncoop","Female_song_score","0.013256045947472","0.0479006153992311","0.0642110439900424","0.0346466125274233","997","0.311696664765123","0.688303335234877","0.873418268471074","0.126581731528926","0.286678674253713","0.586739594217361","0.0250179905114096","0.101563741017516","8785.08839541662","76.2843830207042","2.45618663844358e-18","76.8906572428661","0.000499750124937531"
"temprow.402","403","MeanCoopTie2Noncoop","Female_song_score","0.013256045947472","0.0479006153992311","0.0642110439900424","0.0346466125274233","997","0.315989809156546","0.684010190843454","0.870927865574772","0.129072134425228","0.282311440416051","0.58861642515872","0.0336783687404943","0.0953937656847341","8785.08839541662","17.9126043667464","2.3128428260405e-05","18.2034535438093","0.000499750124937531"
"temprow.403","404","MeanCoopTie2Noncoop","Female_song_score","0.013256045947472","0.0479006153992311","0.0642110439900424","0.0346466125274233","997","0.338493923564869","0.661506076435131","0.879695642549949","0.120304357450051","0.310684177618013","0.569011464931936","0.0278097459468552","0.0924946115031958","8785.08839541662","61.5621270064334","4.28991321780387e-15","62.1071265751767","0.000499750124937531"
"temprow.404","405","MeanCoopTie2Noncoop","Female_song_score","0.013256045947472","0.0479006153992311","0.0642110439900424","0.0346466125274233","997","0.332571582701957","0.667428417298043","0.87764386884995","0.12235613115005","0.302676923905093","0.574966944944857","0.0298946587968632","0.0924614723531866","8785.08839541662","42.2432137950825","8.05992064028857e-11","42.693524676092","0.000499750124937531"
"temprow.405","406","MeanCoopTie2Noncoop","Female_song_score","0.013256045947472","0.0479006153992311","0.0642110439900424","0.0346466125274233","997","0.343399901597858","0.656600098402142","0.888453675366984","0.111546324633015","0.312187850276639","0.576265825090345","0.0312120513212181","0.0803342733117973","8785.08839541662","19.5929181882817","9.58237250856165e-06","19.910107280473","0.000499750124937531"
"temprow.406","407","MeanCoopTie2Noncoop","Female_song_score","0.013256045947472","0.0479006153992311","0.0642110439900424","0.0346466125274233","997","0.301370845286098","0.698629154713902","0.878868975783296","0.121131024216704","0.27827299306257","0.600595982720726","0.0230978522235271","0.0980331719931768","8785.08839541662","69.7741530023488","6.64985768745519e-17","70.3706944071308","0.000499750124937531"
"temprow.407","408","MeanCoopTie2Noncoop","Female_song_score","0.013256045947472","0.0479006153992311","0.0642110439900424","0.0346466125274233","997","0.340529721086122","0.659470278913878","0.883165851124484","0.116834148875516","0.304919944397443","0.57824590672704","0.0356097766886784","0.081224372186838","8785.08839541662","6.44684728968612","0.0111149407499264","6.62598553757452","0.0104947526236882"
"temprow.408","409","MeanCoopTie2Noncoop","Female_song_score","0.013256045947472","0.0479006153992311","0.0642110439900424","0.0346466125274233","997","0.326724046008057","0.673275953991943","0.889849733249565","0.110150266750435","0.301071252241786","0.588778481007779","0.0256527937662714","0.0844974729841635","8785.08839541662","43.216355632749","4.90092862162253e-11","43.6954779468847","0.000499750124937531"
"temprow.409","410","MeanCoopTie2Noncoop","Female_song_score","0.013256045947472","0.0479006153992311","0.0642110439900424","0.0346466125274233","997","0.333907287420429","0.666092712579571","0.874958709661056","0.125041290338944","0.296541359781743","0.578417349879313","0.0373659276386857","0.0876753627002578","8785.08839541662","6.80223771064197","0.00910436952571771","6.98182702337872","0.00699650174912544"
"temprow.410","411","MeanCoopTie2Noncoop","Female_song_score","0.013256045947472","0.0479006153992311","0.0642110439900424","0.0346466125274233","997","0.350372329266265","0.649627670733735","0.900041530355472","0.0999584696445285","0.316553455172195","0.583488075183277","0.0338188740940697","0.0661395955504587","8785.08839541662","0.569923743020907","0.450289220462626","0.627603432953013","0.432783608195902"
"temprow.411","412","MeanCoopTie2Noncoop","Female_song_score","0.013256045947472","0.0479006153992311","0.0642110439900424","0.0346466125274233","997","0.336962690246752","0.663037309753248","0.891596406464201","0.108403593535799","0.311637215690241","0.57995919077396","0.025325474556511","0.0830781189792881","8785.08839541662","50.9178163754648","9.63153630069275e-13","51.4373033707897","0.000499750124937531"
"temprow.412","413","MeanCoopTie2Noncoop","Female_song_score","0.013256045947472","0.0479006153992311","0.0642110439900424","0.0346466125274233","997","0.311213120787308","0.688786879212692","0.864168520967076","0.135831479032924","0.279237058064831","0.584931462902246","0.0319760627224766","0.103855416310447","8785.08839541662","36.4691860974027","1.55098891949234e-09","36.8765403273572","0.000499750124937531"
"temprow.413","414","MeanCoopTie2Noncoop","Female_song_score","0.013256045947472","0.0479006153992311","0.0642110439900424","0.0346466125274233","997","0.301879211200167","0.698120788799833","0.872000875936828","0.127999124063172","0.27497800557953","0.597022870357298","0.0269012056206361","0.101097918442536","8785.08839541662","51.1690127837424","8.47458809582481e-13","51.667922321506","0.000499750124937531"
"temprow.414","415","MeanCoopTie2Noncoop","Female_song_score","0.013256045947472","0.0479006153992311","0.0642110439900424","0.0346466125274233","997","0.29728937818175","0.70271062181825","0.895235338803291","0.104764661196709","0.279069659417121","0.61616567938617","0.0182197187646289","0.0865449424320803","8785.08839541662","74.2550178410239","6.86500996845891e-18","74.9133680636188","0.000499750124937531"
"temprow.415","416","MeanCoopTie2Noncoop","Female_song_score","0.013256045947472","0.0479006153992311","0.0642110439900424","0.0346466125274233","997","0.315735510938167","0.684264489061833","0.893988641774334","0.106011358225666","0.295989097643845","0.597999544130489","0.0197464132943207","0.086264944931345","8785.08839541662","80.6279030373743","2.72484559125208e-19","81.2989316452618","0.000499750124937531"
"temprow.416","417","MeanCoopTie2Noncoop","Female_song_score","0.013256045947472","0.0479006153992311","0.0642110439900424","0.0346466125274233","997","0.296549030853522","0.703450969146478","0.880672374211783","0.119327625788217","0.269911236080173","0.61076113813161","0.0266377947733479","0.0926898310148687","8785.08839541662","30.2069022499656","3.88325019491265e-08","30.6042969542548","0.000499750124937531"
"temprow.417","418","MeanCoopTie2Noncoop","Female_song_score","0.013256045947472","0.0479006153992311","0.0642110439900424","0.0346466125274233","997","0.325281407833947","0.674718592166053","0.895681484864926","0.104318515135074","0.301587645930585","0.59409383893434","0.0236937619033612","0.0806247532317131","8785.08839541662","44.4153193493145","2.65600583993255e-11","44.9133599699503","0.000499750124937531"
"temprow.418","419","MeanCoopTie2Noncoop","Female_song_score","0.013256045947472","0.0479006153992311","0.0642110439900424","0.0346466125274233","997","0.314652783553449","0.685347216446551","0.832709268791251","0.167290731208749","0.275863753422775","0.556845515368476","0.0387890301306731","0.128501701078076","8785.08839541662","55.4717678174938","9.48109643687209e-14","55.9311518002514","0.000499750124937531"
"temprow.419","420","MeanCoopTie2Noncoop","Female_song_score","0.013256045947472","0.0479006153992311","0.0642110439900424","0.0346466125274233","997","0.32843557577679","0.67156442422321","0.871747819278562","0.128252180721438","0.290846094223704","0.580901725054858","0.0375894815530859","0.0906626991683524","8785.08839541662","7.14091720829848","0.00753446126351999","7.32367628666189","0.0114942528735632"
"temprow.420","421","MeanCoopTie2Noncoop","Female_song_score","0.013256045947472","0.0479006153992311","0.0642110439900424","0.0346466125274233","997","0.33754822751961","0.66245177248039","0.874412353041431","0.125587646958569","0.304864680960108","0.569547672081323","0.0326835465595017","0.0929041003990673","8785.08839541662","33.320823302094","7.81414227852966e-09","33.7150542134244","0.000499750124937531"
"temprow.421","422","MeanCoopTie2Noncoop","Female_song_score","0.013256045947472","0.0479006153992311","0.0642110439900424","0.0346466125274233","997","0.30273919863448","0.69726080136552","0.888438985514396","0.111561014485603","0.276029430567832","0.612409554946565","0.0267097680666484","0.0848512464189551","8785.08839541662","20.3990818400272","6.28599471649052e-06","20.7335802929351","0.000499750124937531"
"temprow.422","423","MeanCoopTie2Noncoop","Female_song_score","0.013256045947472","0.0479006153992311","0.0642110439900424","0.0346466125274233","997","0.327948251029566","0.672051748970434","0.875290951205059","0.124709048794941","0.297590944011733","0.577700007193325","0.0303573070178326","0.094351741777109","8785.08839541662","39.9716426083592","2.57676640801274e-10","40.407639209126","0.000499750124937531"
"temprow.423","424","MeanCoopTie2Noncoop","Female_song_score","0.013256045947472","0.0479006153992311","0.0642110439900424","0.0346466125274233","997","0.315454572066355","0.684545427933645","0.876774849321346","0.123225150678654","0.290289821559354","0.586485027761992","0.0251647505070009","0.098060400171653","8785.08839541662","70.0861973264343","5.67688035442782e-17","70.6723093418067","0.000499750124937531"
"temprow.424","425","MeanCoopTie2Noncoop","Female_song_score","0.013256045947472","0.0479006153992311","0.0642110439900424","0.0346466125274233","997","0.331876533348545","0.668123466651455","0.889223095111364","0.110776904888636","0.312963157890427","0.576259937220937","0.018913375458117","0.0918635294305189","8785.08839541662","127.494450579916","1.44805216239762e-29","128.310970413255","0.000499750124937531"
"temprow.425","426","MeanCoopTie2Noncoop","Female_song_score","0.013256045947472","0.0479006153992311","0.0642110439900424","0.0346466125274233","997","0.31857058903159","0.68142941096841","0.902104092905996","0.0978959070940039","0.290783131122878","0.611320961783118","0.0277874579087117","0.0701084491852922","8785.08839541662","5.15824490922918","0.023136265921213","5.33473631018306","0.0289855072463768"
"temprow.426","427","MeanCoopTie2Noncoop","Female_song_score","0.013256045947472","0.0479006153992311","0.0642110439900424","0.0346466125274233","997","0.324276921100162","0.675723078899838","0.864230977183268","0.135769022816732","0.287846883615973","0.576384093567295","0.0364300374841887","0.099338985332543","8785.08839541662","19.4863962930322","1.01318688554352e-05","19.7811974710484","0.000499750124937531"
"temprow.427","428","MeanCoopTie2Noncoop","Female_song_score","0.013256045947472","0.0479006153992311","0.0642110439900424","0.0346466125274233","997","0.340572199913119","0.659427800086881","0.889502037855299","0.110497962144701","0.310741981527648","0.578760056327651","0.0298302183854709","0.0806677437592299","8785.08839541662","23.9818900414077","9.72461127972298e-07","24.3348004496098","0.000499750124937531"
"temprow.428","429","MeanCoopTie2Noncoop","Female_song_score","0.013256045947472","0.0479006153992311","0.0642110439900424","0.0346466125274233","997","0.306361777861391","0.693638222138609","0.874296280286435","0.125703719713565","0.282161172149483","0.592135108136952","0.0242006057119086","0.101503114001657","8785.08839541662","76.192054598728","2.57375212176147e-18","76.8024765117126","0.000499750124937531"
"temprow.429","430","MeanCoopTie2Noncoop","Female_song_score","0.013256045947472","0.0479006153992311","0.0642110439900424","0.0346466125274233","997","0.300881133477612","0.699118866522388","0.888688654203971","0.111311345796029","0.27763450421233","0.611054149991642","0.0232466292652821","0.0880647165307465","8785.08839541662","44.0472195456828","3.20548885299779e-11","44.5394462236605","0.000499750124937531"
"temprow.430","431","MeanCoopTie2Noncoop","Female_song_score","0.013256045947472","0.0479006153992311","0.0642110439900424","0.0346466125274233","997","0.288544467027279","0.711455532972721","0.884715574135897","0.115284425864102","0.262450128487797","0.622265445648101","0.0260943385394825","0.0891900873246201","8785.08839541662","21.4221841033515","3.68482983407521e-06","21.76477982356","0.000499750124937531"
"temprow.431","432","MeanCoopTie2Noncoop","Female_song_score","0.013256045947472","0.0479006153992311","0.0642110439900424","0.0346466125274233","997","0.300279172225009","0.699720827774991","0.879003478248321","0.120996521751679","0.274792265713469","0.604211212534852","0.0254869065115399","0.0955096152401391","8785.08839541662","45.6822155022722","1.39079785565225e-11","46.1658649036982","0.000499750124937531"
"temprow.432","433","MeanCoopTie2Noncoop","Female_song_score","0.013256045947472","0.0479006153992311","0.0642110439900424","0.0346466125274233","997","0.377578118228937","0.622421881771063","0.881315294228862","0.118684705771138","0.345348133300609","0.535967160928253","0.0322299849283278","0.0864547208428105","8785.08839541662","56.2875695527479","6.26099985553073e-14","56.7991961338226","0.000499750124937531"
"temprow.433","434","MeanCoopTie2Noncoop","Female_song_score","0.013256045947472","0.0479006153992311","0.0642110439900424","0.0346466125274233","997","0.315018140736891","0.684981859263109","0.869772037604952","0.130227962395048","0.286118664679317","0.583653372925635","0.0288994760575742","0.101328486337474","8785.08839541662","52.2806596514887","4.81089278305738e-13","52.7752498784464","0.000499750124937531"
"temprow.434","435","MeanCoopTie2Noncoop","Female_song_score","0.013256045947472","0.0479006153992311","0.0642110439900424","0.0346466125274233","997","0.347892964996715","0.652107035003285","0.885805422865753","0.114194577134247","0.312189182435889","0.573616240429865","0.0357037825608258","0.0784907945734207","8785.08839541662","6.01343805319457","0.014197339275482","6.18732003500302","0.0104947526236882"
"temprow.435","436","MeanCoopTie2Noncoop","Female_song_score","0.013256045947472","0.0479006153992311","0.0642110439900424","0.0346466125274233","997","0.34477115446925","0.65522884553075","0.864944942925734","0.135055057074266","0.308258300184933","0.556686642740801","0.0365128542843175","0.0985422027899488","8785.08839541662","33.1807576539291","8.39774543071019e-09","33.5600853539308","0.000499750124937531"
"temprow.436","437","MeanCoopTie2Noncoop","Female_song_score","0.013256045947472","0.0479006153992311","0.0642110439900424","0.0346466125274233","997","0.2956437087168","0.7043562912832","0.869571646279714","0.130428353720286","0.26536460773564","0.604207038544074","0.0302791009811607","0.100149252739126","8785.08839541662","25.176214734922","5.23235474637916e-07","25.5257457804779","0.000499750124937531"
"temprow.437","438","MeanCoopTie2Noncoop","Female_song_score","0.013256045947472","0.0479006153992311","0.0642110439900424","0.0346466125274233","997","0.329708574687682","0.670291425312318","0.893441627044611","0.106558372955389","0.304976906504717","0.588464720539895","0.024731668182965","0.0818267047724238","8785.08839541662","44.8645130261559","2.11150062703129e-11","45.3585844599639","0.000499750124937531"
"temprow.438","439","MeanCoopTie2Noncoop","Female_song_score","0.013256045947472","0.0479006153992311","0.0642110439900424","0.0346466125274233","997","0.298959182677177","0.701040817322823","0.890023215499546","0.109976784500454","0.26932524288553","0.620697972614017","0.0296339397916474","0.0803428447088062","8785.08839541662","4.43092389147072","0.0352933986785119","4.58912839563182","0.0329835082458771"
"temprow.439","440","MeanCoopTie2Noncoop","Female_song_score","0.013256045947472","0.0479006153992311","0.0642110439900424","0.0346466125274233","997","0.354515387196256","0.645484612803744","0.880546814291071","0.119453185708929","0.326109306392199","0.554437507898872","0.0284060808040564","0.0910471049048724","8785.08839541662","70.0840524007481","5.68305650557369e-17","70.6607861928955","0.000499750124937531"
"temprow.440","441","MeanCoopTie2Noncoop","Female_song_score","0.013256045947472","0.0479006153992311","0.0642110439900424","0.0346466125274233","997","0.280404796855729","0.719595203144271","0.876823637639925","0.123176362360075","0.254678549161561","0.622145088478364","0.0257262476941679","0.097450114665907","8785.08839541662","30.8569939664957","2.77759290543159e-08","31.2598008246111","0.000499750124937531"
"temprow.441","442","MeanCoopTie2Noncoop","Female_song_score","0.013256045947472","0.0479006153992311","0.0642110439900424","0.0346466125274233","997","0.298506282396367","0.701493717603633","0.875251545604935","0.124748454395065","0.27305760630593","0.602193939299005","0.0254486760904372","0.0992997783046279","8785.08839541662","52.5422234978102","4.21096855284694e-13","53.0548749170693","0.000499750124937531"
"temprow.442","443","MeanCoopTie2Noncoop","Female_song_score","0.013256045947472","0.0479006153992311","0.0642110439900424","0.0346466125274233","997","0.314789530194888","0.685210469805112","0.871773568959112","0.128226431040888","0.283608271902884","0.588165297056228","0.031181258292003","0.097045172748885","8785.08839541662","30.4278566217838","3.46516223216043e-08","30.8079586041201","0.000499750124937531"
"temprow.443","444","MeanCoopTie2Noncoop","Female_song_score","0.013256045947472","0.0479006153992311","0.0642110439900424","0.0346466125274233","997","0.371630804250699","0.628369195749302","0.885455511361763","0.114544488638237","0.332738466976987","0.552717044384776","0.0388923372737113","0.0756521513645258","8785.08839541662","4.83120113822903","0.0279491523293865","4.98473254843579","0.0239880059970015"
"temprow.444","445","MeanCoopTie2Noncoop","Female_song_score","0.013256045947472","0.0479006153992311","0.0642110439900424","0.0346466125274233","997","0.316767986211677","0.683232013788323","0.884814189452992","0.115185810547008","0.280366922788628","0.604447266664364","0.0364010634230483","0.0787847471239596","8785.08839541662","4.31653384429538e-05","0.994757909525339","0.00180510169078057","0.974012993503248"
"temprow.445","446","MeanCoopTie2Noncoop","Female_song_score","0.013256045947472","0.0479006153992311","0.0642110439900424","0.0346466125274233","997","0.328278365466448","0.671721634533552","0.869682706470441","0.130317293529559","0.297926691474832","0.571756014995609","0.0303516739916152","0.0999656195379437","8785.08839541662","53.5021904171396","2.5830466821331e-13","53.9969442041273","0.000499750124937531"
"temprow.446","447","MeanCoopTie2Noncoop","Female_song_score","0.013256045947472","0.0479006153992311","0.0642110439900424","0.0346466125274233","997","0.29869196491225","0.70130803508775","0.902152522960208","0.0978474770397916","0.284380358430401","0.617772164529808","0.0143116064818493","0.0835358705579423","8785.08839541662","104.591397280355","1.50107122437584e-24","105.395175506822","0.000499750124937531"
"temprow.447","448","MeanCoopTie2Noncoop","Female_song_score","0.013256045947472","0.0479006153992311","0.0642110439900424","0.0346466125274233","997","0.310439552957112","0.689560447042888","0.895313084746484","0.104686915253516","0.289944125952861","0.605368958793623","0.0204954270042505","0.0841914882492653","8785.08839541662","62.6300848961626","2.49414280909868e-15","63.2275130245413","0.000499750124937531"
"temprow.448","449","MeanCoopTie2Noncoop","Female_song_score","0.013256045947472","0.0479006153992311","0.0642110439900424","0.0346466125274233","997","0.329102303876863","0.670897696123137","0.882630778808676","0.117369221191324","0.301174331266338","0.581456447542338","0.0279279726105241","0.0894412485807998","8785.08839541662","43.7775826109126","3.67894903520482e-11","44.2456122290748","0.000499750124937531"
"temprow.449","450","MeanCoopTie2Noncoop","Female_song_score","0.013256045947472","0.0479006153992311","0.0642110439900424","0.0346466125274233","997","0.320459361009308","0.679540638990692","0.885661840490984","0.114338159509016","0.288784317397757","0.596877523093227","0.0316750436115511","0.0826631158974649","8785.08839541662","9.64402032520266","0.00189968988981825","9.86847878883329","0.00449775112443778"
"temprow.450","451","MeanCoopTie2Noncoop","Female_song_score","0.013256045947472","0.0479006153992311","0.0642110439900424","0.0346466125274233","997","0.330049289968494","0.669950710031506","0.884364835129827","0.115635164870173","0.303725418850771","0.580639416279056","0.026323871117723","0.0893112937524501","8785.08839541662","54.2096906399923","1.8019598439011e-13","54.733330203556","0.000499750124937531"
"temprow.451","452","MeanCoopTie2Noncoop","Female_song_score","0.013256045947472","0.0479006153992311","0.0642110439900424","0.0346466125274233","997","0.287503560326659","0.712496439673341","0.831075775250377","0.168924224749623","0.251502183772929","0.579573591477449","0.0360013765537294","0.132922848195893","8785.08839541662","47.9320567623324","4.41247827526307e-12","48.3686583479279","0.000499750124937531"
"temprow.452","453","MeanCoopTie2Noncoop","Female_song_score","0.013256045947472","0.0479006153992311","0.0642110439900424","0.0346466125274233","997","0.36939818314869","0.63060181685131","0.872520459030869","0.127479540969131","0.337094694507225","0.535425764523644","0.0323034886414649","0.0951760523276662","8785.08839541662","73.3382420974466","1.09230909886382e-17","73.9069510701052","0.000499750124937531"
"temprow.453","454","MeanCoopTie2Noncoop","Female_song_score","0.013256045947472","0.0479006153992311","0.0642110439900424","0.0346466125274233","997","0.314887752118128","0.685112247881872","0.884036912445007","0.115963087554993","0.289508368377295","0.594528544067712","0.0253793837408325","0.0905837038141604","8785.08839541662","48.756676234386","2.89770488481629e-12","49.2588680830538","0.000499750124937531"
"temprow.454","455","MeanCoopTie2Noncoop","Female_song_score","0.013256045947472","0.0479006153992311","0.0642110439900424","0.0346466125274233","997","0.319419687682424","0.680580312317576","0.866571918200694","0.133428081799306","0.286639805394169","0.579932112806524","0.0327798822882547","0.100648199511052","8785.08839541662","33.3786306991084","7.58528633358855e-09","33.7685816493099","0.000499750124937531"
"temprow.455","456","MeanCoopTie2Noncoop","Female_song_score","0.013256045947472","0.0479006153992311","0.0642110439900424","0.0346466125274233","997","0.382065717298607","0.617934282701393","0.880227771475493","0.119772228524507","0.348246145788531","0.531981625686962","0.0338195715100766","0.0859526570144308","8785.08839541662","49.8368677694124","1.67074886074194e-12","50.3154694106364","0.000499750124937531"
"temprow.456","457","MeanCoopTie2Noncoop","Female_song_score","0.013256045947472","0.0479006153992311","0.0642110439900424","0.0346466125274233","997","0.36470236834167","0.63529763165833","0.883091319949484","0.116908680050516","0.340832355978126","0.542258963971358","0.0238700123635442","0.0930386676869715","8785.08839541662","128.086983771531","1.07429999790476e-29","128.868906906596","0.000499750124937531"
"temprow.457","458","MeanCoopTie2Noncoop","Female_song_score","0.013256045947472","0.0479006153992311","0.0642110439900424","0.0346466125274233","997","0.320023664418672","0.679976335581328","0.872129265719385","0.127870734280615","0.287832106876508","0.584297158842878","0.0321915575421634","0.0956791767384511","8785.08839541662","27.2499936645999","1.78775715534407e-07","27.6085829027786","0.000499750124937531"
"temprow.458","459","MeanCoopTie2Noncoop","Female_song_score","0.013256045947472","0.0479006153992311","0.0642110439900424","0.0346466125274233","997","0.305488441878648","0.694511558121352","0.882640912353848","0.117359087646152","0.281650965453344","0.600989946900504","0.0238374764253038","0.0935216112208479","8785.08839541662","57.5200823261163","3.34546020238446e-14","58.0672404703261","0.000499750124937531"
"temprow.459","460","MeanCoopTie2Noncoop","Female_song_score","0.013256045947472","0.0479006153992311","0.0642110439900424","0.0346466125274233","997","0.333164543972545","0.666835456027455","0.878949823902325","0.121050176097675","0.299267770290189","0.579682053612136","0.0338967736823556","0.087153402415319","8785.08839541662","15.0760071673085","0.000103267537157118","15.3465941226228","0.000499750124937531"
"temprow.460","461","MeanCoopTie2Noncoop","Female_song_score","0.013256045947472","0.0479006153992311","0.0642110439900424","0.0346466125274233","997","0.350744993653858","0.649255006346142","0.8989803670617","0.101019632938299","0.329649628450775","0.569330738610925","0.0210953652030822","0.0799242677352173","8785.08839541662","86.8483424034674","1.17170189591064e-20","87.5412911989188","0.000499750124937531"
"temprow.461","462","MeanCoopTie2Noncoop","Female_song_score","0.013256045947472","0.0479006153992311","0.0642110439900424","0.0346466125274233","997","0.327004190287989","0.672995809712011","0.89257040734858","0.10742959265142","0.307500841307981","0.585069566040599","0.0195033489800078","0.0879262436714127","8785.08839541662","101.061008553275","8.91934938683746e-24","101.800992194541","0.000499750124937531"
"temprow.462","463","MeanCoopTie2Noncoop","Female_song_score","0.013256045947472","0.0479006153992311","0.0642110439900424","0.0346466125274233","997","0.308386886714528","0.691613113285472","0.886400636145592","0.113599363854408","0.278631250174138","0.607769385971453","0.029755636540389","0.0838437273140192","8785.08839541662","11.3375063766604","0.000759572486847732","11.5839677724391","0.000999500249875062"
"temprow.463","464","MeanCoopTie2Noncoop","Female_song_score","0.013256045947472","0.0479006153992311","0.0642110439900424","0.0346466125274233","997","0.319515682975915","0.680484317024085","0.871182296448346","0.128817703551654","0.291524161242758","0.579658135205589","0.0279915217331568","0.100826181818497","8785.08839541662","61.8934626825285","3.62551179292396e-15","62.4319038721261","0.000499750124937531"
"temprow.464","465","MeanCoopTie2Noncoop","Female_song_score","0.013256045947472","0.0479006153992311","0.0642110439900424","0.0346466125274233","997","0.321144338109974","0.678855661890026","0.876584880195193","0.123415119804807","0.292407451869392","0.584177428325801","0.0287368862405822","0.0946782335642247","8785.08839541662","44.1088988303816","3.10605660892799e-11","44.5715477430495","0.000499750124937531"
"temprow.465","466","MeanCoopTie2Noncoop","Female_song_score","0.013256045947472","0.0479006153992311","0.0642110439900424","0.0346466125274233","997","0.323442149840352","0.676557850159648","0.870374039928722","0.129625960071278","0.282272238836444","0.588101801092279","0.041169911003908","0.0884560490673698","8785.08839541662","0.162168186589617","0.687168114881155","0.190661339825809","0.695152423788106"
"temprow.466","467","MeanCoopTie2Noncoop","Female_song_score","0.013256045947472","0.0479006153992311","0.0642110439900424","0.0346466125274233","997","0.33512468815902","0.66487531184098","0.873798863482955","0.126201136517045","0.305408551192867","0.568390312290088","0.0297161369661523","0.0964849995508923","8785.08839541662","56.1899399409144","6.57973360073923e-14","56.7012458273564","0.000499750124937531"
"temprow.467","468","MeanCoopTie2Noncoop","Female_song_score","0.013256045947472","0.0479006153992311","0.0642110439900424","0.0346466125274233","997","0.357280316174431","0.642719683825569","0.875902980944948","0.124097019055052","0.326616989890101","0.549285991054848","0.0306633262843303","0.0934336927707213","8785.08839541662","65.5208061106029","5.75036648943917e-16","66.0686468517185","0.000499750124937531"
"temprow.468","469","MeanCoopTie2Noncoop","Female_song_score","0.013256045947472","0.0479006153992311","0.0642110439900424","0.0346466125274233","997","0.338968763007787","0.661031236992213","0.878503430811606","0.121496569188394","0.310569146885994","0.567934283925612","0.0283996161217925","0.0930969530666016","8785.08839541662","59.8535352614191","1.02185635073549e-14","60.3885662130098","0.000499750124937531"
"temprow.469","470","MeanCoopTie2Noncoop","Female_song_score","0.013256045947472","0.0479006153992311","0.0642110439900424","0.0346466125274233","997","0.343881135668523","0.656118864331477","0.885217376624198","0.114782623375802","0.31450808460564","0.570709292018558","0.0293730510628824","0.0854095723129192","8785.08839541662","38.5790755878242","5.25796084816054e-10","39.0180559403694","0.000499750124937531"
"temprow.470","471","MeanCoopTie2Noncoop","Female_song_score","0.013256045947472","0.0479006153992311","0.0642110439900424","0.0346466125274233","997","0.331415199531481","0.668584800468519","0.879084311993542","0.120915688006458","0.296582360831281","0.582501951162262","0.0348328387002002","0.0860828493062575","8785.08839541662","10.0178098728331","0.00155033711443049","10.2390665838288","0.00249875062468766"
"temprow.471","472","MeanCoopTie2Noncoop","Female_song_score","0.013256045947472","0.0479006153992311","0.0642110439900424","0.0346466125274233","997","0.330222895622051","0.669777104377949","0.903694794532661","0.0963052054673388","0.302822820568066","0.600871973964595","0.0274000750539842","0.0689051304133546","8785.08839541662","8.48024828877477","0.00359023098644359","8.70567034510574","0.00299850074962519"
"temprow.472","473","MeanCoopTie2Noncoop","Female_song_score","0.013256045947472","0.0479006153992311","0.0642110439900424","0.0346466125274233","997","0.310378739624227","0.689621260375773","0.883702001516279","0.116297998483721","0.280407328476021","0.603294673040258","0.0299714111482055","0.0863265873355152","8785.08839541662","14.7401316168887","0.000123391670057861","15.017696269771","0.000999500249875062"
"temprow.473","474","MeanCoopTie2Noncoop","Female_song_score","0.013256045947472","0.0479006153992311","0.0642110439900424","0.0346466125274233","997","0.285206582742512","0.714793417257488","0.876256464453841","0.123743535546159","0.257205135136059","0.619051329317782","0.0280014476064527","0.0957420879397067","8785.08839541662","20.8132282215269","5.0632039917609e-06","21.1418885510223","0.000499750124937531"
"temprow.474","475","MeanCoopTie2Noncoop","Female_song_score","0.013256045947472","0.0479006153992311","0.0642110439900424","0.0346466125274233","997","0.315783248247546","0.684216751752454","0.886766952602764","0.113233047397236","0.291084258013141","0.595682694589623","0.0246989902344049","0.0885340571628314","8785.08839541662","49.0393704862011","2.50876073894828e-12","49.5478807510309","0.000499750124937531"
"temprow.475","476","MeanCoopTie2Noncoop","Female_song_score","0.013256045947472","0.0479006153992311","0.0642110439900424","0.0346466125274233","997","0.31139577189907","0.68860422810093","0.874964682544562","0.125035317455438","0.280079066322334","0.594885616222228","0.0313167055767354","0.093718611878703","8785.08839541662","21.4388288286253","3.65298078228855e-06","21.7626194798728","0.000499750124937531"
"temprow.476","477","MeanCoopTie2Noncoop","Female_song_score","0.013256045947472","0.0479006153992311","0.0642110439900424","0.0346466125274233","997","0.316849721616052","0.683150278383948","0.893169518421056","0.106830481578944","0.283123112207988","0.610046406213068","0.0337266094080637","0.0731038721708807","8785.08839541662","0.00257108997313946","0.959559861991321","0.00771499141175737","0.943028485757121"
"temprow.477","478","MeanCoopTie2Noncoop","Female_song_score","0.013256045947472","0.0479006153992311","0.0642110439900424","0.0346466125274233","997","0.330806359125101","0.669193640874899","0.881156777784859","0.118843222215141","0.302190668525509","0.57896610925935","0.028615690599592","0.0902275316155493","8785.08839541662","43.2473550124396","4.82389371096541e-11","43.7094162136451","0.000499750124937531"
"temprow.478","479","MeanCoopTie2Noncoop","Female_song_score","0.013256045947472","0.0479006153992311","0.0642110439900424","0.0346466125274233","997","0.324504463351595","0.675495536648405","0.886005674313497","0.113994325686503","0.288640645673006","0.597365028640491","0.0358638176785896","0.0781305080079139","8785.08839541662","0.45012109591465","0.502277453455452","0.499522592064358","0.486256871564218"
"temprow.479","480","MeanCoopTie2Noncoop","Female_song_score","0.013256045947472","0.0479006153992311","0.0642110439900424","0.0346466125274233","997","0.305819489567634","0.694180510432366","0.882131817425451","0.117868182574549","0.283723769825414","0.598408047600037","0.0220957197422196","0.0957724628323289","8785.08839541662","76.8648641735412","1.83065202059179e-18","77.4958455742299","0.000499750124937531"
"temprow.480","481","MeanCoopTie2Noncoop","Female_song_score","0.013256045947472","0.0479006153992311","0.0642110439900424","0.0346466125274233","997","0.334610003428489","0.665389996571511","0.893537890522725","0.106462109477275","0.302309880014752","0.591228010507973","0.0323001234137374","0.0741619860635374","8785.08839541662","4.42597468903096","0.0353958916486977","4.58149286207632","0.0284857571214393"
"temprow.481","482","MeanCoopTie2Noncoop","Female_song_score","0.013256045947472","0.0479006153992311","0.0642110439900424","0.0346466125274233","997","0.319093772081755","0.680906227918245","0.875323442550753","0.124676557449247","0.297942434765723","0.577381007785029","0.0211513373160317","0.103525220133216","8785.08839541662","127.44787392819","1.48243732983714e-29","128.231358176577","0.000499750124937531"
"temprow.482","483","MeanCoopTie2Noncoop","Female_song_score","0.013256045947472","0.0479006153992311","0.0642110439900424","0.0346466125274233","997","0.32632825439823","0.67367174560177","0.879646612605261","0.120353387394738","0.297857304836671","0.581789307768591","0.0284709495615597","0.0918824378331788","8785.08839541662","43.6434700353365","3.93989559427028e-11","44.1067546512794","0.000499750124937531"
"temprow.483","484","MeanCoopTie2Noncoop","Female_song_score","0.013256045947472","0.0479006153992311","0.0642110439900424","0.0346466125274233","997","0.329770507371727","0.670229492628273","0.875106812853128","0.124893187146872","0.297886683525748","0.577220129327381","0.0318838238459795","0.0930093633008924","8785.08839541662","31.1156324024985","2.43105654109283e-08","31.4997533475878","0.000499750124937531"
"temprow.484","485","MeanCoopTie2Noncoop","Female_song_score","0.013256045947472","0.0479006153992311","0.0642110439900424","0.0346466125274233","997","0.342207650674983","0.657792349325017","0.870143371588366","0.129856628411634","0.30506495642268","0.565078415165686","0.0371426942523029","0.0927139341593308","8785.08839541662","18.2835524266499","1.90343520230839e-05","18.5707059812664","0.000499750124937531"
"temprow.485","486","MeanCoopTie2Noncoop","Female_song_score","0.013256045947472","0.0479006153992311","0.0642110439900424","0.0346466125274233","997","0.333841947860139","0.666158052139861","0.886809656804791","0.113190343195209","0.302714286872753","0.584095369932038","0.0311276609873852","0.0820626822078238","8785.08839541662","17.3305753035176","3.14092325824252e-05","17.6291876145697","0.000499750124937531"
"temprow.486","487","MeanCoopTie2Noncoop","Female_song_score","0.013256045947472","0.0479006153992311","0.0642110439900424","0.0346466125274233","997","0.321255916207341","0.678744083792659","0.880601716038927","0.119398283961073","0.292843766262491","0.587757949776436","0.0284121499448497","0.0909861340162233","8785.08839541662","37.1869431108965","1.07330017683036e-09","37.6178394411394","0.000499750124937531"
"temprow.487","488","MeanCoopTie2Noncoop","Female_song_score","0.013256045947472","0.0479006153992311","0.0642110439900424","0.0346466125274233","997","0.315378324126258","0.684621675873742","0.896683448690078","0.103316551309922","0.289627916033922","0.607055532656156","0.0257504080923358","0.077566143217586","8785.08839541662","20.1732290266191","7.07359920086341e-06","20.5135908992722","0.000499750124937531"
"temprow.488","489","MeanCoopTie2Noncoop","Female_song_score","0.013256045947472","0.0479006153992311","0.0642110439900424","0.0346466125274233","997","0.335358422018934","0.664641577981066","0.881086546894478","0.118913453105522","0.302379573070372","0.578706973824106","0.0329788489485606","0.0859346041569613","8785.08839541662","17.5047299305294","2.86593802546615e-05","17.7980108991071","0.000499750124937531"
"temprow.489","490","MeanCoopTie2Noncoop","Female_song_score","0.013256045947472","0.0479006153992311","0.0642110439900424","0.0346466125274233","997","0.320961845082829","0.679038154917171","0.876573225798568","0.123426774201432","0.297444221089116","0.579129004709453","0.0235176239937134","0.0999091502077181","8785.08839541662","95.5749272979178","1.42398504995162e-22","96.25518724583","0.000499750124937531"
"temprow.490","491","MeanCoopTie2Noncoop","Female_song_score","0.013256045947472","0.0479006153992311","0.0642110439900424","0.0346466125274233","997","0.312388160818611","0.687611839181389","0.853369350165018","0.146630649834982","0.280593003277703","0.572776346887315","0.0317951575409069","0.114835492294075","8785.08839541662","63.8821103969943","1.32091710395599e-15","64.4033498912891","0.000499750124937531"
"temprow.491","492","MeanCoopTie2Noncoop","Female_song_score","0.013256045947472","0.0479006153992311","0.0642110439900424","0.0346466125274233","997","0.335630075860662","0.664369924139338","0.863411910277894","0.136588089722106","0.300101136128062","0.563310774149832","0.0355289397325994","0.101059149989506","8785.08839541662","35.2089740425826","2.96155686568954e-09","35.6004585200549","0.000499750124937531"
"temprow.492","493","MeanCoopTie2Noncoop","Female_song_score","0.013256045947472","0.0479006153992311","0.0642110439900424","0.0346466125274233","997","0.308455010953509","0.691544989046491","0.891313168871783","0.108686831128217","0.27878133620765","0.612531832664132","0.0296736747458583","0.0790131563823588","8785.08839541662","6.03347781157995","0.0140370498378256","6.21714184727953","0.0179910044977511"
"temprow.493","494","MeanCoopTie2Noncoop","Female_song_score","0.013256045947472","0.0479006153992311","0.0642110439900424","0.0346466125274233","997","0.301268966801192","0.698731033198808","0.887364280776094","0.112635719223906","0.279860119892453","0.607504160883642","0.0214088469087395","0.0912268723151662","8785.08839541662","64.887665448049","7.92918598885359e-16","65.4816288796724","0.000499750124937531"
"temprow.494","495","MeanCoopTie2Noncoop","Female_song_score","0.013256045947472","0.0479006153992311","0.0642110439900424","0.0346466125274233","997","0.331902266443924","0.668097733556076","0.872069206371685","0.127930793628315","0.30077065676749","0.571298549604195","0.031131609676433","0.096799183951882","8785.08839541662","45.2878190453765","1.70103820695053e-11","45.7456326362723","0.000499750124937531"
"temprow.495","496","MeanCoopTie2Noncoop","Female_song_score","0.013256045947472","0.0479006153992311","0.0642110439900424","0.0346466125274233","997","0.321698756064377","0.678301243935623","0.893766471953212","0.106233528046788","0.286301290986028","0.607465180967184","0.0353974650783497","0.0708360629684383","8785.08839541662","0.590776546210438","0.442118990133097","0.649130203884984","0.430284857571214"
"temprow.496","497","MeanCoopTie2Noncoop","Female_song_score","0.013256045947472","0.0479006153992311","0.0642110439900424","0.0346466125274233","997","0.281340022993689","0.718659977006311","0.88003050778384","0.11996949221616","0.260541533516277","0.619488974267563","0.0207984894774118","0.099171002738748","8785.08839541662","68.1812482743859","1.49137259795075e-16","68.7855083633199","0.000499750124937531"
"temprow.497","498","MeanCoopTie2Noncoop","Female_song_score","0.013256045947472","0.0479006153992311","0.0642110439900424","0.0346466125274233","997","0.31489223970064","0.68510776029936","0.894222478617868","0.105777521382132","0.285956050596949","0.608266428020919","0.0289361891036909","0.0768413322784409","8785.08839541662","8.05754399872781","0.00453145689751505","8.27097866913297","0.00199900049975012"
"temprow.498","499","MeanCoopTie2Noncoop","Female_song_score","0.013256045947472","0.0479006153992311","0.0642110439900424","0.0346466125274233","997","0.313309564553893","0.686690435446107","0.864758370398739","0.135241629601261","0.27460645779775","0.590151912600989","0.0387031067561435","0.0965385228451176","8785.08839541662","4.53369067472125","0.0332338712317986","4.67804670517162","0.0349825087456272"
"temprow.499","500","MeanCoopTie2Noncoop","Female_song_score","0.013256045947472","0.0479006153992311","0.0642110439900424","0.0346466125274233","997","0.351692546240609","0.648307453759391","0.858202832229693","0.141797167770307","0.30834327959068","0.549859552639013","0.0433492666499287","0.0984479011203784","8785.08839541662","13.1923451566914","0.000281094921582257","13.4259861840626","0.000499750124937531"
"temprow.500","501","MeanCoopTie2Noncoop","Female_song_score","0.013256045947472","0.0479006153992311","0.0642110439900424","0.0346466125274233","997","0.291163507369997","0.708836492630003","0.883595852144651","0.116404147855349","0.26750823971144","0.616087612433211","0.023655267658557","0.092748880196792","8785.08839541662","42.818463592231","6.00625821420006e-11","43.2988900983461","0.000499750124937531"
"temprow.501","502","MeanCoopTie2Noncoop","Female_song_score","0.013256045947472","0.0479006153992311","0.0642110439900424","0.0346466125274233","997","0.348985512265996","0.651014487734004","0.857706982767442","0.142293017232558","0.311693697316213","0.54601328545123","0.0372918149497832","0.105001202282774","8785.08839541662","47.6666337325042","5.05217505377106e-12","48.110021351561","0.000499750124937531"
"temprow.502","503","MeanCoopTie2Noncoop","Female_song_score","0.013256045947472","0.0479006153992311","0.0642110439900424","0.0346466125274233","997","0.356993914708629","0.643006085291371","0.879794641129552","0.120205358870448","0.325577149979824","0.554217491149728","0.0314167647288045","0.0887885941416433","8785.08839541662","47.3258950712798","6.01128169250792e-12","47.7981473200846","0.000499750124937531"
"temprow.503","504","MeanCoopTie2Noncoop","Female_song_score","0.013256045947472","0.0479006153992311","0.0642110439900424","0.0346466125274233","997","0.332482917129587","0.667517082870413","0.852722885444124","0.147277114555876","0.298906304406305","0.55381658103782","0.0335766127232814","0.113700501832594","8785.08839541662","74.1487124784679","7.24483192213484e-18","74.6999891765686","0.000499750124937531"
"temprow.504","505","MeanCoopTie2Noncoop","Female_song_score","0.013256045947472","0.0479006153992311","0.0642110439900424","0.0346466125274233","997","0.354259205056059","0.645740794943941","0.870747914110703","0.129252085889297","0.319351012490126","0.551396901620577","0.0349081925659325","0.0943438933233645","8785.08839541662","39.883407744093","2.69583554663111e-10","40.304336375419","0.000499750124937531"
"temprow.505","506","MeanCoopTie2Noncoop","Female_song_score","0.013256045947472","0.0479006153992311","0.0642110439900424","0.0346466125274233","997","0.346021165201702","0.653978834798298","0.877055076714122","0.122944923285878","0.314519376214642","0.56253570049948","0.03150178898706","0.0914431342988177","8785.08839541662","43.1984046394846","4.94609941568717e-11","43.6484883842987","0.000499750124937531"
"temprow.506","507","MeanCoopTie2Noncoop","Female_song_score","0.013256045947472","0.0479006153992311","0.0642110439900424","0.0346466125274233","997","0.317811237672524","0.682188762327476","0.896045742081337","0.103954257918663","0.29327932145132","0.602766420630017","0.0245319162212033","0.0794223416974598","8785.08839541662","30.8280804959031","2.81928631550247e-08","31.2461832967528","0.000499750124937531"
"temprow.507","508","MeanCoopTie2Noncoop","Female_song_score","0.013256045947472","0.0479006153992311","0.0642110439900424","0.0346466125274233","997","0.322801631645612","0.677198368354388","0.882062337098203","0.117937662901797","0.294631341200609","0.587430995897594","0.0281702904450025","0.0897673724567945","8785.08839541662","37.7447345057191","8.06340735913246e-10","38.1806996619442","0.000499750124937531"
"temprow.508","509","MeanCoopTie2Noncoop","Female_song_score","0.013256045947472","0.0479006153992311","0.0642110439900424","0.0346466125274233","997","0.312575514564991","0.687424485435009","0.865770860285104","0.134229139714896","0.281921198945186","0.583849661339917","0.0306543156198043","0.103574824095092","8785.08839541662","44.7116935689588","2.28289826984397e-11","45.1643308866575","0.000499750124937531"
"temprow.509","510","MeanCoopTie2Noncoop","Female_song_score","0.013256045947472","0.0479006153992311","0.0642110439900424","0.0346466125274233","997","0.285849260250712","0.714150739749288","0.855305800057814","0.144694199942186","0.255767884131823","0.599537915925992","0.0300813761188887","0.114612823823297","8785.08839541662","43.9765982231307","3.32325483255242e-11","44.4228882214131","0.000499750124937531"
"temprow.510","511","MeanCoopTie2Noncoop","Female_song_score","0.013256045947472","0.0479006153992311","0.0642110439900424","0.0346466125274233","997","0.318470954250183","0.681529045749817","0.854629394630393","0.145370605369607","0.286780971821941","0.567848422808452","0.0316899824282422","0.113680622941365","8785.08839541662","69.2580873350409","8.63859811332752e-17","69.7999011678463","0.000499750124937531"
"temprow.511","512","MeanCoopTie2Noncoop","Female_song_score","0.013256045947472","0.0479006153992311","0.0642110439900424","0.0346466125274233","997","0.3419374365672","0.6580625634328","0.884774339763166","0.115225660236834","0.30671718188001","0.578057157883155","0.0352202546871899","0.0800054055496445","8785.08839541662","6.63016903441275","0.0100265749193475","6.81281048973534","0.0079960019990005"
"temprow.512","513","MeanCoopTie2Noncoop","Female_song_score","0.013256045947472","0.0479006153992311","0.0642110439900424","0.0346466125274233","997","0.295934184911348","0.704065815088652","0.894018209460331","0.105981790539669","0.275761304189886","0.618256905270445","0.0201728807214616","0.0858089098182077","8785.08839541662","55.4190672848564","9.73872014464257e-14","55.9857911437261","0.000499750124937531"
"temprow.513","514","MeanCoopTie2Noncoop","Female_song_score","0.013256045947472","0.0479006153992311","0.0642110439900424","0.0346466125274233","997","0.288176920356387","0.711823079643613","0.872207899967795","0.127792100032205","0.26227691439985","0.609930985567945","0.0259000059565369","0.101892094075668","8785.08839541662","45.0760923130742","1.89525120134862e-11","45.5509769405606","0.000499750124937531"
"temprow.514","515","MeanCoopTie2Noncoop","Female_song_score","0.013256045947472","0.0479006153992311","0.0642110439900424","0.0346466125274233","997","0.322759293978319","0.677240706021681","0.869601822625677","0.130398177374323","0.281530578954557","0.588071243671121","0.0412287150237623","0.0891694623505602","8785.08839541662","0.227973161565547","0.633030788129758","0.261485684772268","0.614192903548226"
"temprow.515","516","MeanCoopTie2Noncoop","Female_song_score","0.013256045947472","0.0479006153992311","0.0642110439900424","0.0346466125274233","997","0.294848813653088","0.705151186346912","0.880392894561939","0.119607105438061","0.272266458818796","0.608126435743143","0.0225823548342914","0.0970247506037694","8785.08839541662","64.2121438590271","1.11718022502257e-15","64.7914272123692","0.000499750124937531"
"temprow.516","517","MeanCoopTie2Noncoop","Female_song_score","0.013256045947472","0.0479006153992311","0.0642110439900424","0.0346466125274233","997","0.314597934380604","0.685402065619396","0.891943546897883","0.108056453102117","0.294476152669072","0.59746739422881","0.0201217817115315","0.0879346713905859","8785.08839541662","80.6196625577796","2.73623232836109e-19","81.2853227444242","0.000499750124937531"
"temprow.517","518","MeanCoopTie2Noncoop","Female_song_score","0.013256045947472","0.0479006153992311","0.0642110439900424","0.0346466125274233","997","0.323586603599304","0.676413396400696","0.891322727944831","0.108677272055169","0.2907740757871","0.600548652157731","0.0328125278122034","0.0758647442429654","8785.08839541662","2.18365546024441","0.139482823881805","2.29331581333559","0.131934032983508"
"temprow.518","519","MeanCoopTie2Noncoop","Female_song_score","0.013256045947472","0.0479006153992311","0.0642110439900424","0.0346466125274233","997","0.309205710237792","0.690794289762208","0.867113489894696","0.132886510105303","0.277271804716864","0.589841685177832","0.0319339055209274","0.100952604584376","8785.08839541662","29.3589894786992","6.01369019208443e-08","29.7285387027957","0.000499750124937531"
"temprow.519","520","MeanCoopTie2Noncoop","Female_song_score","0.013256045947472","0.0479006153992311","0.0642110439900424","0.0346466125274233","997","0.309769725044576","0.690230274955424","0.880577538164845","0.119422461835155","0.286947594878919","0.593629943285927","0.0228221301656567","0.0966003316694978","8785.08839541662","78.3703781284765","8.54235668110823e-19","79.0015833963797","0.000499750124937531"
"temprow.520","521","MeanCoopTie2Noncoop","Female_song_score","0.013256045947472","0.0479006153992311","0.0642110439900424","0.0346466125274233","997","0.341539265489412","0.658460734510588","0.894966029724565","0.105033970275435","0.316125336620616","0.578840693103949","0.0254139288687959","0.0796200414066389","8785.08839541662","45.0057069528896","1.96461058570746e-11","45.4995079117165","0.000499750124937531"
"temprow.521","522","MeanCoopTie2Noncoop","Female_song_score","0.013256045947472","0.0479006153992311","0.0642110439900424","0.0346466125274233","997","0.310138256604345","0.689861743395655","0.867063480201667","0.132936519798333","0.274578503196935","0.592484977004731","0.0355597534074096","0.0973767663909238","8785.08839541662","11.2707574234842","0.000787375960495009","11.5000765005752","0.000999500249875062"
"temprow.522","523","MeanCoopTie2Noncoop","Female_song_score","0.013256045947472","0.0479006153992311","0.0642110439900424","0.0346466125274233","997","0.318594840217524","0.681405159782476","0.883300009484559","0.116699990515441","0.286925634470435","0.596374375014124","0.0316692057470886","0.0850307847683525","8785.08839541662","11.7589002594191","0.000605529926073556","12.0047591403743","0.00149925037481259"
"temprow.523","524","MeanCoopTie2Noncoop","Female_song_score","0.013256045947472","0.0479006153992311","0.0642110439900424","0.0346466125274233","997","0.327784693319752","0.672215306680248","0.896757157219197","0.103242842780803","0.302333975148368","0.59442318207083","0.0254507181713835","0.077792124609419","8785.08839541662","29.6051768776174","5.29632966566033e-08","30.0129950853897","0.000499750124937531"
"temprow.524","525","MeanCoopTie2Noncoop","Female_song_score","0.013256045947472","0.0479006153992311","0.0642110439900424","0.0346466125274233","997","0.350925202711176","0.649074797288824","0.88555550878584","0.11444449121416","0.319226886939305","0.566328621846535","0.0316983157718707","0.0827461754422892","8785.08839541662","27.1014594526622","1.93052141281878e-07","27.4683380439274","0.000499750124937531"
"temprow.525","526","MeanCoopTie2Noncoop","Female_song_score","0.013256045947472","0.0479006153992311","0.0642110439900424","0.0346466125274233","997","0.321422988830359","0.678577011169641","0.859711753093509","0.140288246906491","0.294164074504398","0.565547678589112","0.0272589143259615","0.113029332580529","8785.08839541662","105.942276283646","7.59146470689557e-25","106.62056605802","0.000499750124937531"
"temprow.526","527","MeanCoopTie2Noncoop","Female_song_score","0.013256045947472","0.0479006153992311","0.0642110439900424","0.0346466125274233","997","0.327164099687712","0.672835900312288","0.898124565733171","0.101875434266829","0.297719759162649","0.600404806570522","0.0294443405250628","0.0724310937417665","8785.08839541662","6.26631982516637","0.0123054469005018","6.45592209688219","0.00899550224887556"
"temprow.527","528","MeanCoopTie2Noncoop","Female_song_score","0.013256045947472","0.0479006153992311","0.0642110439900424","0.0346466125274233","997","0.300407232780187","0.699592767219813","0.889055195249812","0.110944804750188","0.280786333597576","0.608268861652236","0.0196208991826105","0.0913239055675778","8785.08839541662","79.2368726594785","5.50922094478562e-19","79.8980694221294","0.000499750124937531"
"temprow.528","529","MeanCoopTie2Noncoop","Female_song_score","0.013256045947472","0.0479006153992311","0.0642110439900424","0.0346466125274233","997","0.321589787770882","0.678410212229118","0.879787333877031","0.120212666122969","0.288981870728219","0.590805463148812","0.0326079170426635","0.0876047490803052","8785.08839541662","13.9000384797696","0.000192794521120652","14.1631472930538","0.000499750124937531"
"temprow.529","530","MeanCoopTie2Noncoop","Female_song_score","0.013256045947472","0.0479006153992311","0.0642110439900424","0.0346466125274233","997","0.32947395504808","0.67052604495192","0.886218378052259","0.113781621947741","0.306209436312845","0.580008941739414","0.0232645187352343","0.0905171032125062","8785.08839541662","79.4157283669825","5.03238893511907e-19","80.0542021393639","0.000499750124937531"
"temprow.530","531","MeanCoopTie2Noncoop","Female_song_score","0.013256045947472","0.0479006153992311","0.0642110439900424","0.0346466125274233","997","0.300357701558545","0.699642298441455","0.883280531923842","0.116719468076158","0.278127541367158","0.605152990556684","0.022230160191387","0.0944893078847711","8785.08839541662","66.3202649219652","3.83297667425609e-16","66.9120018164606","0.000499750124937531"
"temprow.531","532","MeanCoopTie2Noncoop","Female_song_score","0.013256045947472","0.0479006153992311","0.0642110439900424","0.0346466125274233","997","0.304347802575942","0.695652197424058","0.865159303698922","0.134840696301078","0.274610065382271","0.590549238316651","0.029737737193671","0.105102959107407","8785.08839541662","45.0060704790168","1.96424591031085e-11","45.462772948481","0.000499750124937531"
"temprow.532","533","MeanCoopTie2Noncoop","Female_song_score","0.013256045947472","0.0479006153992311","0.0642110439900424","0.0346466125274233","997","0.299336199256151","0.700663800743849","0.887668701281184","0.112331298718816","0.274065772106656","0.613602929174528","0.0252704271494951","0.0870608715693212","8785.08839541662","28.9597754704493","7.38969493526504e-08","29.3581256284794","0.000499750124937531"
"temprow.533","534","MeanCoopTie2Noncoop","Female_song_score","0.013256045947472","0.0479006153992311","0.0642110439900424","0.0346466125274233","997","0.312710583950406","0.687289416049594","0.891952568932873","0.108047431067127","0.285335371282025","0.606617197650848","0.0273752126683805","0.0806722183987463","8785.08839541662","17.389116766116","3.04564902235367e-05","17.6996594525355","0.000499750124937531"
"temprow.534","535","MeanCoopTie2Noncoop","Female_song_score","0.013256045947472","0.0479006153992311","0.0642110439900424","0.0346466125274233","997","0.302198369828289","0.697801630171711","0.88809505408959","0.11190494591041","0.279745444604837","0.608349609484753","0.022452925223451","0.0894520206869591","8785.08839541662","53.8644407522221","2.1481044862069e-13","54.4067043138705","0.000499750124937531"
"temprow.535","536","MeanCoopTie2Noncoop","Female_song_score","0.013256045947472","0.0479006153992311","0.0642110439900424","0.0346466125274233","997","0.323087326375457","0.676912673624543","0.870378291079463","0.129621708920537","0.29106826259023","0.579310028489234","0.0320190637852276","0.097602645135309","8785.08839541662","34.2776126699217","4.77847131835106e-09","34.676541080213","0.000499750124937531"
"temprow.536","537","MeanCoopTie2Noncoop","Female_song_score","0.013256045947472","0.0479006153992311","0.0642110439900424","0.0346466125274233","997","0.322491165525392","0.677508834474608","0.858426681445889","0.141573318554111","0.276261935637696","0.582164745808193","0.0462292298876961","0.0953440886664153","8785.08839541662","0.0804722279039993","0.776658479415684","0.100115659609589","0.76711644177911"
"temprow.537","538","MeanCoopTie2Noncoop","Female_song_score","0.013256045947472","0.0479006153992311","0.0642110439900424","0.0346466125274233","997","0.283934629278515","0.716065370721485","0.868034338091557","0.131965661908443","0.257614056647737","0.61042028144382","0.0263205726307779","0.105645089277665","8785.08839541662","46.5075074806998","9.12681050516378e-12","46.9855733967188","0.000499750124937531"
"temprow.538","539","MeanCoopTie2Noncoop","Female_song_score","0.013256045947472","0.0479006153992311","0.0642110439900424","0.0346466125274233","997","0.351514116052141","0.648485883947859","0.866663160038738","0.133336839961262","0.311541943594757","0.555121216443981","0.0399721724573831","0.0933646675038793","8785.08839541662","15.6212052503777","7.73819255772609e-05","15.8821362015901","0.000499750124937531"
"temprow.539","540","MeanCoopTie2Noncoop","Female_song_score","0.013256045947472","0.0479006153992311","0.0642110439900424","0.0346466125274233","997","0.294207959927471","0.705792040072529","0.887698221492351","0.112301778507649","0.267527363893488","0.620170857598863","0.026680596033982","0.0856211824736667","8785.08839541662","16.9802823692424","3.77700352384065e-05","17.2873180225208","0.000499750124937531"
"temprow.540","541","MeanCoopTie2Noncoop","Female_song_score","0.013256045947472","0.0479006153992311","0.0642110439900424","0.0346466125274233","997","0.339073943405854","0.660926056594146","0.869266581422201","0.130733418577799","0.309292610501107","0.559973970921094","0.0297813329047462","0.100952085673053","8785.08839541662","72.2047392708164","1.93989314012522e-17","72.7738306130329","0.000499750124937531"
"temprow.541","542","MeanCoopTie2Noncoop","Female_song_score","0.013256045947472","0.0479006153992311","0.0642110439900424","0.0346466125274233","997","0.318399866039294","0.681600133960706","0.870166110858438","0.129833889141561","0.288408480918256","0.581757629940183","0.0299913851210374","0.0998425040205242","8785.08839541662","45.9454116970583","1.21594380837612e-11","46.4085340186637","0.000499750124937531"
"temprow.542","543","MeanCoopTie2Noncoop","Female_song_score","0.013256045947472","0.0479006153992311","0.0642110439900424","0.0346466125274233","997","0.293655789966535","0.706344210033465","0.884387475271652","0.115612524728348","0.263869417841515","0.620518057430137","0.0297863721250196","0.0858261526033283","8785.08839541662","6.90783706397571","0.0085818742840595","7.10169739341855","0.00949525237381309"
"temprow.543","544","MeanCoopTie2Noncoop","Female_song_score","0.013256045947472","0.0479006153992311","0.0642110439900424","0.0346466125274233","997","0.338474388256682","0.661525611743318","0.881909864556461","0.118090135443539","0.310478670254519","0.571431194301943","0.0279957180021629","0.0900944174413756","8785.08839541662","53.3793706812468","2.74969258589833e-13","53.891119021718","0.000499750124937531"
"temprow.544","545","MeanCoopTie2Noncoop","Female_song_score","0.013256045947472","0.0479006153992311","0.0642110439900424","0.0346466125274233","997","0.305773453379001","0.694226546620999","0.855066459494742","0.144933540505258","0.281034470311958","0.574031989182784","0.0247389830670425","0.120194557438216","8785.08839541662","127.616576450772","1.36163324237551e-29","128.360834775412","0.000499750124937531"
"temprow.545","546","MeanCoopTie2Noncoop","Female_song_score","0.013256045947472","0.0479006153992311","0.0642110439900424","0.0346466125274233","997","0.355319342862489","0.644680657137511","0.894048457143349","0.10595154285665","0.326714020464988","0.567334436678361","0.0286053223975002","0.0773462204591503","8785.08839541662","32.7105767819575","1.06953653745749e-08","33.1262947859154","0.000499750124937531"
"temprow.546","547","MeanCoopTie2Noncoop","Female_song_score","0.013256045947472","0.0479006153992311","0.0642110439900424","0.0346466125274233","997","0.331367369076331","0.668632630923669","0.866433239203172","0.133566760796828","0.29703834365795","0.569394895545222","0.0343290254183803","0.0992377353784479","8785.08839541662","33.2797789164932","7.98082068330635e-09","33.6651532261261","0.000499750124937531"
"temprow.547","548","MeanCoopTie2Noncoop","Female_song_score","0.013256045947472","0.0479006153992311","0.0642110439900424","0.0346466125274233","997","0.337097274831585","0.662902725168415","0.863778634633381","0.136221365366619","0.310406250373279","0.553372384260102","0.026691024458306","0.109530340908313","8785.08839541662","123.213027730238","1.25252611481676e-28","123.944652200002","0.000499750124937531"
"temprow.548","549","MeanCoopTie2Noncoop","Female_song_score","0.013256045947472","0.0479006153992311","0.0642110439900424","0.0346466125274233","997","0.317485310079906","0.682514689920094","0.869931344392119","0.130068655607881","0.287565960568137","0.582365383823982","0.029919349511769","0.100149306096112","8785.08839541662","45.8338621674727","1.28719157812212e-11","46.2962595903065","0.000499750124937531"
"temprow.549","550","MeanCoopTie2Noncoop","Female_song_score","0.013256045947472","0.0479006153992311","0.0642110439900424","0.0346466125274233","997","0.341351163533676","0.658648836466324","0.869156653943664","0.130843346056336","0.296016017406062","0.573140636537601","0.0453351461276137","0.0855081999287227","8785.08839541662","0.12309234004375","0.725704500563241","0.147618707890495","0.710144927536232"
"temprow.550","551","MeanCoopTie2Noncoop","Female_song_score","0.013256045947472","0.0479006153992311","0.0642110439900424","0.0346466125274233","997","0.285727916141674","0.714272083858326","0.886835845591002","0.113164154408998","0.261323743393431","0.62551210219757","0.0244041727482429","0.0887599816607556","8785.08839541662","26.8489846310568","2.19989901338589e-07","27.2366905837541","0.000499750124937531"
"temprow.551","552","MeanCoopTie2Noncoop","Female_song_score","0.013256045947472","0.0479006153992311","0.0642110439900424","0.0346466125274233","997","0.311368273385677","0.688631726614323","0.888836116513415","0.111163883486585","0.281570250383596","0.607265866129818","0.0297980230020801","0.0813658604845053","8785.08839541662","9.35756569261144","0.00222066888377188","9.58308348264871","0.00149925037481259"
"temprow.552","553","MeanCoopTie2Noncoop","Female_song_score","0.013256045947472","0.0479006153992311","0.0642110439900424","0.0346466125274233","997","0.32921311321607","0.67078688678393","0.878057309046243","0.121942690953757","0.294275069153238","0.583782239893005","0.0349380440628318","0.0870046468909248","8785.08839541662","9.78152479190955","0.001762740732753","9.99975573365408","0.00299850074962519"
"temprow.553","554","MeanCoopTie2Noncoop","Female_song_score","0.013256045947472","0.0479006153992311","0.0642110439900424","0.0346466125274233","997","0.31947644566066","0.68052355433934","0.8770992209489","0.1229007790511","0.288298506722486","0.588800714226414","0.031177938938174","0.0917228401129254","8785.08839541662","24.164333487305","8.84553558228105e-07","24.5080882367213","0.000499750124937531"
"temprow.554","555","MeanCoopTie2Noncoop","Female_song_score","0.013256045947472","0.0479006153992311","0.0642110439900424","0.0346466125274233","997","0.347952629250804","0.652047370749196","0.866871510481901","0.133128489518099","0.315567832380075","0.551303678101826","0.0323847968707279","0.100743692647371","8785.08839541662","64.2977143596846","1.06969762182827e-15","64.8274082970042","0.000499750124937531"
"temprow.555","556","MeanCoopTie2Noncoop","Female_song_score","0.013256045947472","0.0479006153992311","0.0642110439900424","0.0346466125274233","997","0.323200132018972","0.676799867981028","0.893140295396401","0.106859704603599","0.297994422621518","0.595145872774883","0.0252057093974539","0.0816539952061448","8785.08839541662","36.3879071891097","1.61703395888908e-09","36.8348586261478","0.000499750124937531"
"temprow.556","557","MeanCoopTie2Noncoop","Female_song_score","0.013256045947472","0.0479006153992311","0.0642110439900424","0.0346466125274233","997","0.325725355772801","0.674274644227199","0.895134021281334","0.104865978718666","0.302179560509741","0.592954460771593","0.0235457952630601","0.0813201834556059","8785.08839541662","47.2959388897434","6.10385483024381e-12","47.8083740638687","0.000499750124937531"
"temprow.557","558","MeanCoopTie2Noncoop","Female_song_score","0.013256045947472","0.0479006153992311","0.0642110439900424","0.0346466125274233","997","0.340567067889555","0.659432932110445","0.897525839002275","0.102474160997725","0.319586563073772","0.577939275928503","0.0209805048157837","0.0814936561819413","8785.08839541662","82.0721249876758","1.3121012898362e-19","82.7461014022944","0.000499750124937531"
"temprow.558","559","MeanCoopTie2Noncoop","Female_song_score","0.013256045947472","0.0479006153992311","0.0642110439900424","0.0346466125274233","997","0.330413311919188","0.669586688080812","0.882842357554761","0.117157642445239","0.294231123779739","0.588611233775022","0.036182188139448","0.0809754543057905","8785.08839541662","2.30672492467616","0.128815209587031","2.41509544658794","0.120939530234883"
"temprow.559","560","MeanCoopTie2Noncoop","Female_song_score","0.013256045947472","0.0479006153992311","0.0642110439900424","0.0346466125274233","997","0.363745488625724","0.636254511374276","0.887502030532002","0.112497969467998","0.328829827666634","0.558672202865368","0.0349156609590905","0.0775823085089075","8785.08839541662","13.4448536795453","0.000245679183019475","13.7033570930897","0.000499750124937531"
"temprow.560","561","MeanCoopTie2Noncoop","Female_song_score","0.013256045947472","0.0479006153992311","0.0642110439900424","0.0346466125274233","997","0.312520198404602","0.687479801595398","0.872015225250439","0.127984774749561","0.281114062835924","0.590901162414515","0.0314061355686769","0.0965786391808837","8785.08839541662","26.5920531960583","2.51275185638121e-07","26.9485685851301","0.000499750124937531"
"temprow.561","562","MeanCoopTie2Noncoop","Female_song_score","0.013256045947472","0.0479006153992311","0.0642110439900424","0.0346466125274233","997","0.353350341301102","0.646649658698898","0.888256409033127","0.111743590966874","0.324717839707206","0.563538569325921","0.0286325015938956","0.0831110893729778","8785.08839541662","44.844270860838","2.13344175904065e-11","45.3198574648721","0.000499750124937531"
"temprow.562","563","MeanCoopTie2Noncoop","Female_song_score","0.013256045947472","0.0479006153992311","0.0642110439900424","0.0346466125274233","997","0.306095947693658","0.693904052306342","0.867979509999235","0.132020490000765","0.281291395815991","0.586688114183244","0.0248045518776666","0.107215938123098","8785.08839541662","87.2099737431966","9.75904251710824e-21","87.849742809354","0.000499750124937531"
"temprow.563","564","MeanCoopTie2Noncoop","Female_song_score","0.013256045947472","0.0479006153992311","0.0642110439900424","0.0346466125274233","997","0.286743872641929","0.713256127358071","0.88565741146662","0.11434258853338","0.261810569446398","0.623846842020222","0.0249333031955312","0.0894092853378491","8785.08839541662","25.7139257934755","3.95959515321369e-07","26.0913135175498","0.000499750124937531"
"temprow.564","565","MeanCoopTie2Noncoop","Female_song_score","0.013256045947472","0.0479006153992311","0.0642110439900424","0.0346466125274233","997","0.316996472196913","0.683003527803087","0.865889456562977","0.134110543437023","0.285880475429485","0.580008981133492","0.0311159967674279","0.102994546669595","8785.08839541662","45.1539953715759","1.82133744074633e-11","45.6073222692028","0.000499750124937531"
"temprow.565","566","MeanCoopTie2Noncoop","Female_song_score","0.013256045947472","0.0479006153992311","0.0642110439900424","0.0346466125274233","997","0.326392002003035","0.673607997996965","0.90060347827475","0.0993965217252504","0.306091308831765","0.594512169442984","0.0203006931712693","0.079095828553981","8785.08839541662","65.500818627881","5.80898319146748e-16","66.1178448316761","0.000499750124937531"
"temprow.566","567","MeanCoopTie2Noncoop","Female_song_score","0.013256045947472","0.0479006153992311","0.0642110439900424","0.0346466125274233","997","0.365955288338155","0.634044711661845","0.88332841733153","0.11667158266847","0.335271328077001","0.548057089254529","0.0306839602611536","0.0859876224073162","8785.08839541662","52.0932851594185","5.29256044725593e-13","52.5924330679011","0.000499750124937531"
"temprow.567","568","MeanCoopTie2Noncoop","Female_song_score","0.013256045947472","0.0479006153992311","0.0642110439900424","0.0346466125274233","997","0.311705769070803","0.688294230929197","0.883294539429418","0.116705460570582","0.285926782621086","0.597367756808332","0.0257789864497165","0.0909264741208658","8785.08839541662","44.4889381836835","2.55798435821756e-11","44.9688103616552","0.000499750124937531"
"temprow.568","569","MeanCoopTie2Noncoop","Female_song_score","0.013256045947472","0.0479006153992311","0.0642110439900424","0.0346466125274233","997","0.313590073218593","0.686409926781407","0.875110651421183","0.124889348578817","0.27175848609068","0.603352165330503","0.0418315871279126","0.0830577614509044","8785.08839541662","2.47270161377909","0.115838665001727","2.5833102593913","0.110944527736132"
"temprow.569","570","MeanCoopTie2Noncoop","Female_song_score","0.013256045947472","0.0479006153992311","0.0642110439900424","0.0346466125274233","997","0.322547182774599","0.677452817225401","0.868771404029511","0.131228595970489","0.292837007064964","0.575934396964547","0.0297101757096344","0.101518420260854","8785.08839541662","55.6934011896868","8.47021228158462e-14","56.1989664862458","0.000499750124937531"
"temprow.570","571","MeanCoopTie2Noncoop","Female_song_score","0.013256045947472","0.0479006153992311","0.0642110439900424","0.0346466125274233","997","0.318573189138391","0.681426810861609","0.862626249741829","0.137373750258171","0.283567316513983","0.579058933227846","0.0350058726244084","0.102367877633763","8785.08839541662","25.5964580824721","4.20811115907665e-07","25.9340771033311","0.000499750124937531"
"temprow.571","572","MeanCoopTie2Noncoop","Female_song_score","0.013256045947472","0.0479006153992311","0.0642110439900424","0.0346466125274233","997","0.332937713670982","0.667062286329018","0.888847208146867","0.111152791853133","0.300485872825058","0.588361335321809","0.0324518408459232","0.0787009510072096","8785.08839541662","8.08233557660861","0.00446988003944344","8.28844095375185","0.00199900049975012"
"temprow.572","573","MeanCoopTie2Noncoop","Female_song_score","0.013256045947472","0.0479006153992311","0.0642110439900424","0.0346466125274233","997","0.280768667027572","0.719231332972428","0.87544603171517","0.12455396828483","0.256107181469473","0.619338850245697","0.0246614855580986","0.0998924827267311","8785.08839541662","41.8101394312321","1.00580475779182e-10","42.276182005017","0.000499750124937531"
"temprow.573","574","MeanCoopTie2Noncoop","Female_song_score","0.013256045947472","0.0479006153992311","0.0642110439900424","0.0346466125274233","997","0.315293682322881","0.684706317677119","0.872831626218658","0.127168373781342","0.28318700635783","0.589644619860828","0.0321066759650509","0.0950616978162911","8785.08839541662","23.081212339316","1.55300798576436e-06","23.4135438530149","0.000499750124937531"
"temprow.574","575","MeanCoopTie2Noncoop","Female_song_score","0.013256045947472","0.0479006153992311","0.0642110439900424","0.0346466125274233","997","0.325261071459155","0.674738928540845","0.895034365756316","0.104965634243684","0.297826393727336","0.59720797202898","0.0274346777318183","0.0775309565118654","8785.08839541662","18.7984272639254","1.45286881387022e-05","19.1219921974264","0.000499750124937531"
"temprow.575","576","MeanCoopTie2Noncoop","Female_song_score","0.013256045947472","0.0479006153992311","0.0642110439900424","0.0346466125274233","997","0.314118675059003","0.685881324940997","0.903558028980614","0.0964419710193864","0.294026968452908","0.609531060527706","0.0200917066060947","0.0763502644132917","8785.08839541662","47.8640214366497","4.56828294538195e-12","48.4040149851169","0.000499750124937531"
"temprow.576","577","MeanCoopTie2Noncoop","Female_song_score","0.013256045947472","0.0479006153992311","0.0642110439900424","0.0346466125274233","997","0.375728979524432","0.624271020475568","0.891437194843386","0.108562805156614","0.34629771835696","0.545139476486425","0.0294312611674723","0.0791315439891422","8785.08839541662","49.1042320928954","2.42715976522961e-12","49.6016409162024","0.000499750124937531"
"temprow.577","578","MeanCoopTie2Noncoop","Female_song_score","0.013256045947472","0.0479006153992311","0.0642110439900424","0.0346466125274233","997","0.291851585159301","0.708148414840699","0.8771651894979","0.1228348105021","0.265778306097023","0.611386883400877","0.0260732790622772","0.0967615314398224","8785.08839541662","37.2989845753365","1.0133735487005e-09","37.7369260178401","0.000499750124937531"
"temprow.578","579","MeanCoopTie2Noncoop","Female_song_score","0.013256045947472","0.0479006153992311","0.0642110439900424","0.0346466125274233","997","0.271639774529242","0.728360225470758","0.894405866536886","0.105594133463114","0.255932104891021","0.638473761645866","0.0157076696382214","0.0898864638248922","8785.08839541662","78.5177180890717","7.92839289238868e-19","79.210757634573","0.000499750124937531"
"temprow.579","580","MeanCoopTie2Noncoop","Female_song_score","0.013256045947472","0.0479006153992311","0.0642110439900424","0.0346466125274233","997","0.307706708026455","0.692293291973545","0.88879900197969","0.11120099802031","0.285082929489777","0.603716072489913","0.0226237785366771","0.0885772194836328","8785.08839541662","55.2661809261338","1.05264194452995e-13","55.8141442433466","0.000499750124937531"
"temprow.580","581","MeanCoopTie2Noncoop","Female_song_score","0.013256045947472","0.0479006153992311","0.0642110439900424","0.0346466125274233","997","0.319765560612247","0.680234439387753","0.882418534367269","0.117581465632731","0.292126144146185","0.590292390221084","0.0276394164660622","0.0899420491666687","8785.08839541662","38.0015607325768","7.06880620935029e-10","38.4406210531994","0.000499750124937531"
"temprow.581","582","MeanCoopTie2Noncoop","Female_song_score","0.013256045947472","0.0479006153992311","0.0642110439900424","0.0346466125274233","997","0.344851601662163","0.655148398337837","0.865039218730982","0.134960781269018","0.31117576321238","0.553863455518602","0.0336758384497832","0.101284942819235","8785.08839541662","54.6147676352144","1.46629640834781e-13","55.1012587590112","0.000499750124937531"
"temprow.582","583","MeanCoopTie2Noncoop","Female_song_score","0.013256045947472","0.0479006153992311","0.0642110439900424","0.0346466125274233","997","0.339815971462625","0.660184028537375","0.886437329558984","0.113562670441016","0.3120612811454","0.574376048413584","0.0277546903172248","0.0858079801237908","8785.08839541662","45.0995981974507","1.8726381932936e-11","45.5775769716272","0.000499750124937531"
"temprow.583","584","MeanCoopTie2Noncoop","Female_song_score","0.013256045947472","0.0479006153992311","0.0642110439900424","0.0346466125274233","997","0.374154799852585","0.625845200147415","0.874431120418701","0.125568879581299","0.334242929863103","0.540188190555598","0.0399118699894816","0.0856570095918172","8785.08839541662","16.7481434546045","4.26840098522303e-05","17.021461201863","0.000499750124937531"
"temprow.584","585","MeanCoopTie2Noncoop","Female_song_score","0.013256045947472","0.0479006153992311","0.0642110439900424","0.0346466125274233","997","0.332431225399857","0.667568774600143","0.875342385589817","0.124657614410183","0.30562552236741","0.569716863222407","0.0268057030324474","0.0978519113777352","8785.08839541662","77.5851457216661","1.27122562502007e-18","78.1902784462519","0.000499750124937531"
"temprow.585","586","MeanCoopTie2Noncoop","Female_song_score","0.013256045947472","0.0479006153992311","0.0642110439900424","0.0346466125274233","997","0.332754358721096","0.667245641278904","0.881350058946551","0.118649941053449","0.303714721835396","0.577635337111155","0.0290396368856995","0.0896103041677493","8785.08839541662","40.7915692773797","1.69362171879403e-10","41.2400676931918","0.000499750124937531"
"temprow.586","587","MeanCoopTie2Noncoop","Female_song_score","0.013256045947472","0.0479006153992311","0.0642110439900424","0.0346466125274233","997","0.293518736770025","0.706481263229975","0.87352987990572","0.12647012009428","0.265804181442752","0.607725698462968","0.027714555327273","0.0987555647670071","8785.08839541662","33.847753243064","5.95978784166686e-09","34.2591311089518","0.000499750124937531"
"temprow.587","588","MeanCoopTie2Noncoop","Female_song_score","0.013256045947472","0.0479006153992311","0.0642110439900424","0.0346466125274233","997","0.34626381184376","0.65373618815624","0.883237475886388","0.116762524113612","0.312181353854918","0.57105612203147","0.0340824579888412","0.0826800661247704","8785.08839541662","14.9904101414676","0.000108058922622833","15.2620740772893","0.000499750124937531"
"temprow.588","589","MeanCoopTie2Noncoop","Female_song_score","0.013256045947472","0.0479006153992311","0.0642110439900424","0.0346466125274233","997","0.366860698656836","0.633139301343164","0.888315086667494","0.111684913332506","0.33179581584622","0.556519270821274","0.0350648828106158","0.0766200305218898","8785.08839541662","13.0543064062037","0.000302587869218774","13.3094929585014","0.000499750124937531"
"temprow.589","590","MeanCoopTie2Noncoop","Female_song_score","0.013256045947472","0.0479006153992311","0.0642110439900424","0.0346466125274233","997","0.299373190758228","0.700626809241772","0.885047318513967","0.114952681486033","0.273815653696232","0.611231664817734","0.0255575370619954","0.089395144424038","8785.08839541662","31.5142647201525","1.97980492905368e-08","31.9255788527643","0.000499750124937531"
"temprow.590","591","MeanCoopTie2Noncoop","Female_song_score","0.013256045947472","0.0479006153992311","0.0642110439900424","0.0346466125274233","997","0.298188743203196","0.701811256796804","0.862085274839999","0.137914725160001","0.26958367555245","0.592501599287549","0.0286050676507459","0.109309657509255","8785.08839541662","54.9480973776342","1.23755126100024e-13","55.4507457597555","0.000499750124937531"
"temprow.591","592","MeanCoopTie2Noncoop","Female_song_score","0.013256045947472","0.0479006153992311","0.0642110439900424","0.0346466125274233","997","0.329703011318044","0.670296988681956","0.853547341400039","0.146452658599961","0.290663163131495","0.562884178268545","0.0390398481865487","0.107412810413412","8785.08839541662","26.9329447946709","2.10637659025924e-07","27.2670501104644","0.000499750124937531"
"temprow.592","593","MeanCoopTie2Noncoop","Female_song_score","0.013256045947472","0.0479006153992311","0.0642110439900424","0.0346466125274233","997","0.303635816509111","0.696364183490889","0.875329405042772","0.124670594957228","0.281714102487424","0.593615302555348","0.0219217140216874","0.102748880935541","8785.08839541662","95.6859336156421","1.34633665010775e-22","96.3739889760555","0.000499750124937531"
"temprow.593","594","MeanCoopTie2Noncoop","Female_song_score","0.013256045947472","0.0479006153992311","0.0642110439900424","0.0346466125274233","997","0.309106093670555","0.690893906329445","0.873520113359295","0.126479886640705","0.268839370497851","0.604680742861444","0.0402667231727042","0.0862131634680011","8785.08839541662","0.484324612187578","0.486469947552573","0.533868806065584","0.455272363818091"
"temprow.594","595","MeanCoopTie2Noncoop","Female_song_score","0.013256045947472","0.0479006153992311","0.0642110439900424","0.0346466125274233","997","0.33014309650591","0.66985690349409","0.872778605033293","0.127221394966707","0.294974589186724","0.577804015846569","0.0351685073191859","0.0920528876475213","8785.08839541662","16.4412963693773","5.01800392962805e-05","16.7184967981536","0.000499750124937531"
"temprow.595","596","MeanCoopTie2Noncoop","Female_song_score","0.013256045947472","0.0479006153992311","0.0642110439900424","0.0346466125274233","997","0.320935368733053","0.679064631266947","0.873078824835428","0.126921175164572","0.291433226099142","0.581645598736286","0.0295021426339101","0.0974190325306622","8785.08839541662","45.5402342815173","1.49535381334096e-11","46.0047380309709","0.000499750124937531"
"temprow.596","597","MeanCoopTie2Noncoop","Female_song_score","0.013256045947472","0.0479006153992311","0.0642110439900424","0.0346466125274233","997","0.311045478516073","0.688954521483927","0.885288728356878","0.114711271643122","0.281088283971551","0.604200444385327","0.0299571945445212","0.0847540770986007","8785.08839541662","13.0606148920421","0.000301570415900677","13.3232783824371","0.00199900049975012"
"temprow.597","598","MeanCoopTie2Noncoop","Female_song_score","0.013256045947472","0.0479006153992311","0.0642110439900424","0.0346466125274233","997","0.313744148075922","0.686255851924078","0.873885841647349","0.126114158352651","0.286949534914731","0.586936306732618","0.0267946131611906","0.09931954519146","8785.08839541662","60.2788347667851","8.23279120834008e-15","60.8177676161309","0.000499750124937531"
"temprow.598","599","MeanCoopTie2Noncoop","Female_song_score","0.013256045947472","0.0479006153992311","0.0642110439900424","0.0346466125274233","997","0.31506186209042","0.68493813790958","0.87969468102904","0.12030531897096","0.288029254177605","0.591665426851435","0.027032607912814","0.0932727110581458","8785.08839541662","45.1571967340009","1.81836251540272e-11","45.6330592765394","0.000499750124937531"
"temprow.599","600","MeanCoopTie2Noncoop","Female_song_score","0.013256045947472","0.0479006153992311","0.0642110439900424","0.0346466125274233","997","0.328628479363041","0.671371520636959","0.886391479766821","0.113608520233179","0.298142837488205","0.588248642278616","0.0304856418748352","0.0831228783583435","8785.08839541662","18.1211094558011","2.07290609160625e-05","18.427094876296","0.000499750124937531"
"temprow.600","601","MeanCoopTie2Noncoop","Female_song_score","0.013256045947472","0.0479006153992311","0.0642110439900424","0.0346466125274233","997","0.284176722640503","0.715823277359496","0.870651733504276","0.129348266495724","0.253510806968281","0.617140926535995","0.0306659156722222","0.0986823508235018","8785.08839541662","14.1005451542308","0.00017329355017067","14.3665317582549","0.000499750124937531"
"temprow.601","602","MeanCoopTie2Noncoop","Female_song_score","0.013256045947472","0.0479006153992311","0.0642110439900424","0.0346466125274233","997","0.317548057329479","0.682451942670521","0.879123512785726","0.120876487214274","0.283673610088411","0.595449902697315","0.0338744472410675","0.0870020399732062","8785.08839541662","7.43145296433151","0.00640935706871267","7.6243335399025","0.00849575212393803"
"temprow.602","603","MeanCoopTie2Noncoop","Female_song_score","0.013256045947472","0.0479006153992311","0.0642110439900424","0.0346466125274233","997","0.267265724611631","0.732734275388369","0.865811965557962","0.134188034442038","0.246117321179315","0.619694644378647","0.0211484034323154","0.113039631009723","8785.08839541662","82.7488531699553","9.31698537149553e-20","83.3934840822167","0.000499750124937531"
"temprow.603","604","MeanCoopTie2Noncoop","Female_song_score","0.013256045947472","0.0479006153992311","0.0642110439900424","0.0346466125274233","997","0.342714113395841","0.657285886604159","0.875728206277672","0.124271793722328","0.31037219278388","0.565356013493792","0.0323419206119609","0.0919298731103671","8785.08839541662","37.380177315586","9.72051004936206e-10","37.7979085738816","0.000499750124937531"
"temprow.604","605","MeanCoopTie2Noncoop","Female_song_score","0.013256045947472","0.0479006153992311","0.0642110439900424","0.0346466125274233","997","0.339497229456791","0.660502770543209","0.885974141487542","0.114025858512457","0.311627696950526","0.574346444537017","0.0278695325062652","0.0861563260061922","8785.08839541662","45.0468690165654","1.92374592060309e-11","45.523822418001","0.000499750124937531"
"temprow.605","606","MeanCoopTie2Noncoop","Female_song_score","0.013256045947472","0.0479006153992311","0.0642110439900424","0.0346466125274233","997","0.317936636296617","0.682063363703383","0.878216765012223","0.121783234987777","0.289797792053602","0.588418972958621","0.0281388442430144","0.0936443907447621","8785.08839541662","42.1565940862723","8.42493836435591e-11","42.6126667618883","0.000499750124937531"
"temprow.606","607","MeanCoopTie2Noncoop","Female_song_score","0.013256045947472","0.0479006153992311","0.0642110439900424","0.0346466125274233","997","0.303860525838746","0.696139474161254","0.884522895380611","0.115477104619389","0.269983469571375","0.614539425809236","0.0338770562673705","0.0816000483520183","8785.08839541662","0.521411411311084","0.470240234347824","0.575126005629736","0.454772613693153"
"temprow.607","608","MeanCoopTie2Noncoop","Female_song_score","0.013256045947472","0.0479006153992311","0.0642110439900424","0.0346466125274233","997","0.33698390418244","0.66301609581756","0.890897999988139","0.109102000011861","0.315386480678244","0.575511519309895","0.0215974235041959","0.0875045765076647","8785.08839541662","92.2444392769154","7.6605094836973e-22","92.9409057278913","0.000499750124937531"
"temprow.608","609","MeanCoopTie2Noncoop","Female_song_score","0.013256045947472","0.0479006153992311","0.0642110439900424","0.0346466125274233","997","0.324587491482019","0.675412508517981","0.871415853871517","0.128584146128483","0.295057507242754","0.576358346628763","0.0295299842392644","0.0990541618892183","8785.08839541662","53.0174621498739","3.30596234171964e-13","53.5144053247916","0.000499750124937531"
"temprow.609","610","MeanCoopTie2Noncoop","Female_song_score","0.013256045947472","0.0479006153992311","0.0642110439900424","0.0346466125274233","997","0.326952633695038","0.673047366304962","0.894583693479155","0.105416306520845","0.299619927877698","0.594963765601457","0.0273327058173402","0.0780836007035048","8785.08839541662","21.2440225078749","4.04369442637227e-06","21.5867800226055","0.000499750124937531"
"temprow.610","611","MeanCoopTie2Noncoop","Female_song_score","0.013256045947472","0.0479006153992311","0.0642110439900424","0.0346466125274233","997","0.31759987670695","0.68240012329305","0.888484344887114","0.111515655112886","0.288408733873869","0.600075611013245","0.0291911428330811","0.0823245122798047","8785.08839541662","15.7071506224369","7.39441000820062e-05","15.9971183512141","0.000499750124937531"
"temprow.611","612","MeanCoopTie2Noncoop","Female_song_score","0.013256045947472","0.0479006153992311","0.0642110439900424","0.0346466125274233","997","0.33832144379087","0.66167855620913","0.904465374764504","0.0955346252354961","0.317856602688749","0.586608772075755","0.0204648411021207","0.0750697841333753","8785.08839541662","62.8969990277914","2.17803829052896e-15","63.5069394206478","0.000499750124937531"
"temprow.612","613","MeanCoopTie2Noncoop","Female_song_score","0.013256045947472","0.0479006153992311","0.0642110439900424","0.0346466125274233","997","0.297276691846166","0.702723308153834","0.901519642472824","0.0984803575271757","0.273825799300767","0.627693843172057","0.0234508925453979","0.0750294649817778","8785.08839541662","15.768577921011","7.15815325815989e-05","16.0812149079883","0.000499750124937531"
"temprow.613","614","MeanCoopTie2Noncoop","Female_song_score","0.013256045947472","0.0479006153992311","0.0642110439900424","0.0346466125274233","997","0.3060304752184","0.6939695247816","0.871648042968672","0.128351957031328","0.281047760768465","0.590600282200207","0.0249827144499345","0.103369242581393","8785.08839541662","75.3420365493337","3.95841682072702e-18","75.9441716004622","0.000499750124937531"
"temprow.614","615","MeanCoopTie2Noncoop","Female_song_score","0.013256045947472","0.0479006153992311","0.0642110439900424","0.0346466125274233","997","0.292380418084284","0.707619581915716","0.884990390233146","0.115009609766854","0.26727040953053","0.617719980702617","0.0251100085537544","0.0898996012130994","8785.08839541662","29.6735907688329","5.11266228719866e-08","30.0753224563131","0.000499750124937531"
"temprow.615","616","MeanCoopTie2Noncoop","Female_song_score","0.013256045947472","0.0479006153992311","0.0642110439900424","0.0346466125274233","997","0.307516029120216","0.692483970879784","0.883781725222197","0.116218274777803","0.275835693250131","0.607946031972066","0.0316803358700845","0.0845379389077183","8785.08839541662","6.52698390371608","0.0106249970401432","6.71259827155799","0.0109945027486257"
"temprow.616","617","MeanCoopTie2Noncoop","Female_song_score","0.013256045947472","0.0479006153992311","0.0642110439900424","0.0346466125274233","997","0.297751935436426","0.702248064563574","0.887657742163755","0.112342257836245","0.270088850302155","0.6175688918616","0.0276630851342709","0.0846791727019746","8785.08839541662","13.870476563947","0.000195851024611206","14.1469990273016","0.000499750124937531"
"temprow.617","618","MeanCoopTie2Noncoop","Female_song_score","0.013256045947472","0.0479006153992311","0.0642110439900424","0.0346466125274233","997","0.311155929025939","0.688844070974061","0.897472747220424","0.102527252779576","0.286231069114157","0.611241678106267","0.0249248599117818","0.0776023928677944","8785.08839541662","21.3777230657379","3.77127728737802e-06","21.7303663324309","0.000499750124937531"
"temprow.618","619","MeanCoopTie2Noncoop","Female_song_score","0.013256045947472","0.0479006153992311","0.0642110439900424","0.0346466125274233","997","0.325707837756369","0.674292162243631","0.874966834348747","0.125033165651253","0.299238005322597","0.575728829026151","0.0264698324337723","0.0985633332174805","8785.08839541662","73.3894009848586","1.06436108693046e-17","73.9800848202194","0.000499750124937531"
"temprow.619","620","MeanCoopTie2Noncoop","Female_song_score","0.013256045947472","0.0479006153992311","0.0642110439900424","0.0346466125274233","997","0.333919139060019","0.666080860939981","0.889388171006165","0.110611828993835","0.312758191124807","0.576629979881359","0.0211609479352125","0.0894508810586221","8785.08839541662","99.1731581271658","2.3136168347112e-23","99.8926358679268","0.000499750124937531"
"temprow.620","621","MeanCoopTie2Noncoop","Female_song_score","0.013256045947472","0.0479006153992311","0.0642110439900424","0.0346466125274233","997","0.342350456000041","0.657649543999959","0.887887281627409","0.112112718372591","0.316502521447766","0.571384760179643","0.0258479345522743","0.0862647838203169","8785.08839541662","61.1451413948564","5.30184484044586e-15","61.7036568505428","0.000499750124937531"
"temprow.621","622","MeanCoopTie2Noncoop","Female_song_score","0.013256045947472","0.0479006153992311","0.0642110439900424","0.0346466125274233","997","0.344985636384183","0.655014363615817","0.878683425850561","0.121316574149439","0.323663250526896","0.555020175323665","0.021322385857287","0.099994188292152","8785.08839541662","152.987475705306","3.85487298521093e-35","153.839217732559","0.000499750124937531"
"temprow.622","623","MeanCoopTie2Noncoop","Female_song_score","0.013256045947472","0.0479006153992311","0.0642110439900424","0.0346466125274233","997","0.314704840928179","0.685295159071821","0.8748805385109","0.1251194614891","0.288852732881202","0.586027805629698","0.0258521080469768","0.0992673534421231","8785.08839541662","67.5992574689712","2.00343003511842e-16","68.1714007456755","0.000499750124937531"
"temprow.623","624","MeanCoopTie2Noncoop","Female_song_score","0.013256045947472","0.0479006153992311","0.0642110439900424","0.0346466125274233","997","0.31676913851529","0.68323086148471","0.881687769103174","0.118312230896826","0.284352968120252","0.597334800982922","0.0324161703950382","0.0858960605017879","8785.08839541662","9.72269444550619","0.00182006491250598","9.94530654499658","0.00299850074962519"
"temprow.624","625","MeanCoopTie2Noncoop","Female_song_score","0.013256045947472","0.0479006153992311","0.0642110439900424","0.0346466125274233","997","0.319971822659329","0.680028177340671","0.894855666263452","0.105144333736548","0.295323206248563","0.59953246001489","0.0246486164107664","0.0804957173257813","8785.08839541662","33.955259669127","5.63940304003422e-09","34.3910877236097","0.000499750124937531"
"temprow.625","626","MeanCoopTie2Noncoop","Female_song_score","0.013256045947472","0.0479006153992311","0.0642110439900424","0.0346466125274233","997","0.343334755473702","0.656665244526298","0.894480108044017","0.105519891955983","0.322102840225039","0.572377267818978","0.0212319152486625","0.0842879767073208","8785.08839541662","91.5843825741779","1.06933630678104e-21","92.285605530004","0.000499750124937531"
"temprow.626","627","MeanCoopTie2Noncoop","Female_song_score","0.013256045947472","0.0479006153992311","0.0642110439900424","0.0346466125274233","997","0.306886502205156","0.693113497794844","0.882560859541096","0.117439140458904","0.278770200930638","0.603790658610458","0.028116301274518","0.0893228391843857","8785.08839541662","24.7235845742155","6.61694865898541e-07","25.0821155564132","0.000499750124937531"
"temprow.627","628","MeanCoopTie2Noncoop","Female_song_score","0.013256045947472","0.0479006153992311","0.0642110439900424","0.0346466125274233","997","0.350349337492145","0.649650662507855","0.891445730307092","0.108554269692908","0.318186172206073","0.573259558101019","0.0321631652860714","0.0763911044068368","8785.08839541662","13.3077755983504","0.000264307737810439","13.5712742191926","0.000499750124937531"
"temprow.628","629","MeanCoopTie2Noncoop","Female_song_score","0.013256045947472","0.0479006153992311","0.0642110439900424","0.0346466125274233","997","0.319569895148606","0.680430104851394","0.889143086533946","0.110856913466054","0.297556536722683","0.591586549811263","0.0220133584259236","0.0888435550401304","8785.08839541662","73.2979012518452","1.11486395893669e-17","73.923412731339","0.000499750124937531"
"temprow.629","630","MeanCoopTie2Noncoop","Female_song_score","0.013256045947472","0.0479006153992311","0.0642110439900424","0.0346466125274233","997","0.287927500741739","0.712072499258261","0.873671035064893","0.126328964935107","0.253168128908026","0.620502906156867","0.0347593718337133","0.0915695931013941","8785.08839541662","0.957515737848796","0.327813580495228","1.02819957698855","0.336331834082959"
"temprow.630","631","MeanCoopTie2Noncoop","Female_song_score","0.013256045947472","0.0479006153992311","0.0642110439900424","0.0346466125274233","997","0.308284446683523","0.691715553316477","0.893194480529075","0.106805519470925","0.290661785301614","0.602532695227462","0.017622661381909","0.0891828580890159","8785.08839541662","100.012203056206","1.51460971593469e-23","100.761782507726","0.000499750124937531"
"temprow.631","632","MeanCoopTie2Noncoop","Female_song_score","0.013256045947472","0.0479006153992311","0.0642110439900424","0.0346466125274233","997","0.32244211122445","0.67755788877555","0.898447470274147","0.101552529725853","0.297272437225976","0.60117503304817","0.025169673998473","0.0763828557273803","8785.08839541662","24.9927761787583","5.75455142314819e-07","25.3720036725343","0.000499750124937531"
"temprow.632","633","MeanCoopTie2Noncoop","Female_song_score","0.013256045947472","0.0479006153992311","0.0642110439900424","0.0346466125274233","997","0.308079864749682","0.691920135250318","0.878222128350396","0.121777871649604","0.286958186887487","0.591263941462908","0.0211216778621947","0.10065619378741","8785.08839541662","102.375208891183","4.59415080294091e-24","103.091324613227","0.000499750124937531"
"temprow.633","634","MeanCoopTie2Noncoop","Female_song_score","0.013256045947472","0.0479006153992311","0.0642110439900424","0.0346466125274233","997","0.32652836199669","0.67347163800331","0.866083157318912","0.133916842681088","0.299057083112784","0.567026074206129","0.0274712788839066","0.106445563797181","8785.08839541662","90.6195082460494","1.74134990845486e-21","91.2566971433558","0.000499750124937531"
"temprow.634","635","MeanCoopTie2Noncoop","Female_song_score","0.013256045947472","0.0479006153992311","0.0642110439900424","0.0346466125274233","997","0.299811466310488","0.700188533689512","0.860478394002105","0.139521605997895","0.266960230055393","0.593518163946712","0.0328512362550951","0.1066703697428","8785.08839541662","27.536404761554","1.54165211638817e-07","27.8901545942363","0.000499750124937531"
"temprow.635","636","MeanCoopTie2Noncoop","Female_song_score","0.013256045947472","0.0479006153992311","0.0642110439900424","0.0346466125274233","997","0.332411963722284","0.667588036277716","0.869506172345777","0.130493827654223","0.29983795646955","0.569668215876227","0.0325740072527329","0.0979198204014902","8785.08839541662","40.3103119461867","2.16662362964249e-10","40.7384000876079","0.000499750124937531"
"temprow.636","637","MeanCoopTie2Noncoop","Female_song_score","0.013256045947472","0.0479006153992311","0.0642110439900424","0.0346466125274233","997","0.301100388034321","0.698899611965679","0.887519967507205","0.112480032492795","0.28186999368514","0.605649973822065","0.0192303943491813","0.0932496381436137","8785.08839541662","88.7467245177864","4.4873984586173e-21","89.441584282899","0.000499750124937531"
"temprow.637","638","MeanCoopTie2Noncoop","Female_song_score","0.013256045947472","0.0479006153992311","0.0642110439900424","0.0346466125274233","997","0.3438196794887","0.6561803205113","0.876847850341991","0.123152149658009","0.314182303142575","0.562665547199416","0.0296373763461253","0.0935147733118839","8785.08839541662","58.0422970357559","2.56542037618104e-14","58.564225856736","0.000499750124937531"
"temprow.638","639","MeanCoopTie2Noncoop","Female_song_score","0.013256045947472","0.0479006153992311","0.0642110439900424","0.0346466125274233","997","0.268880765674982","0.731119234325018","0.882949358113752","0.117050641886248","0.243925700695268","0.639023657418484","0.0249550649797143","0.0920955769065341","8785.08839541662","18.1417457423794","2.05056325574432e-05","18.4620066564209","0.000499750124937531"
"temprow.639","640","MeanCoopTie2Noncoop","Female_song_score","0.013256045947472","0.0479006153992311","0.0642110439900424","0.0346466125274233","997","0.333323297705178","0.666676702294822","0.885033003333023","0.114966996666977","0.303559640340702","0.581473362992321","0.0297636573644756","0.0852033393025016","8785.08839541662","28.4161253008032","9.78469085410122e-08","28.795618345308","0.000499750124937531"
"temprow.640","641","MeanCoopTie2Noncoop","Female_song_score","0.013256045947472","0.0479006153992311","0.0642110439900424","0.0346466125274233","997","0.290005170869639","0.709994829130361","0.885647532044583","0.114352467955417","0.266520270145227","0.619127261899356","0.023484900724412","0.0908675672310052","8785.08839541662","39.11048894588","4.00486603099749e-10","39.5740503956952","0.000499750124937531"
"temprow.641","642","MeanCoopTie2Noncoop","Female_song_score","0.013256045947472","0.0479006153992311","0.0642110439900424","0.0346466125274233","997","0.311973232191877","0.688026767808123","0.867497114720871","0.132502885279129","0.286835446232287","0.580661668488584","0.02513778595959","0.107365099319539","8785.08839541662","92.6052006506836","6.38394516331817e-22","93.2599827271794","0.000499750124937531"
"temprow.642","643","MeanCoopTie2Noncoop","Female_song_score","0.013256045947472","0.0479006153992311","0.0642110439900424","0.0346466125274233","997","0.29357431493793","0.70642568506207","0.881026328784","0.118973671216","0.263150624744943","0.617875704039057","0.0304236901929865","0.0885499810230129","8785.08839541662","8.0803377859327","0.00447481039803478","8.28736270231477","0.00599700149925037"
"temprow.643","644","MeanCoopTie2Noncoop","Female_song_score","0.013256045947472","0.0479006153992311","0.0642110439900424","0.0346466125274233","997","0.32717516538611","0.67282483461389","0.891382318250618","0.108617681749382","0.303839417382344","0.587542900868274","0.0233357480037653","0.0852819337456165","8785.08839541662","60.7049444868104","6.63033968094682e-15","61.2757463019686","0.000499750124937531"
"temprow.644","645","MeanCoopTie2Noncoop","Female_song_score","0.013256045947472","0.0479006153992311","0.0642110439900424","0.0346466125274233","997","0.299356097497296","0.700643902502704","0.888767981006874","0.111232018993126","0.273421083202473","0.615346897804401","0.0259350142948227","0.0852970046983033","8785.08839541662","22.4806418899335","2.12272057640024e-06","22.8333385780388","0.000499750124937531"
"temprow.645","646","MeanCoopTie2Noncoop","Female_song_score","0.013256045947472","0.0479006153992311","0.0642110439900424","0.0346466125274233","997","0.315083628893167","0.684916371106833","0.878758509002317","0.121241490997683","0.288065240530315","0.590693268472002","0.0270183883628528","0.0942231026348304","8785.08839541662","47.6125761024582","5.19342491063676e-12","48.0993449324383","0.000499750124937531"
"temprow.646","647","MeanCoopTie2Noncoop","Female_song_score","0.013256045947472","0.0479006153992311","0.0642110439900424","0.0346466125274233","997","0.328156692978996","0.671843307021004","0.904079074294211","0.0959209257057891","0.305612327125057","0.598466747169153","0.0225443658539384","0.0733765598518507","8785.08839541662","36.3203797896681","1.67404158892035e-09","36.7868080421563","0.000499750124937531"
"temprow.647","648","MeanCoopTie2Noncoop","Female_song_score","0.013256045947472","0.0479006153992311","0.0642110439900424","0.0346466125274233","997","0.29015491176012","0.70984508823988","0.893247017500179","0.106752982499821","0.258900295395669","0.63434672210451","0.0312546163644514","0.07549836613537","8785.08839541662","0.0316180593205158","0.858868520538602","0.0466027332594071","0.842578710644678"
"temprow.648","649","MeanCoopTie2Noncoop","Female_song_score","0.013256045947472","0.0479006153992311","0.0642110439900424","0.0346466125274233","997","0.308579893452127","0.691420106547873","0.890592932174296","0.109407067825704","0.278629674667586","0.61196325750671","0.0299502187845407","0.079456849041163","8785.08839541662","5.98478758935263","0.0144297802417744","6.16719002447754","0.0134932533733133"
"temprow.649","650","MeanCoopTie2Noncoop","Female_song_score","0.013256045947472","0.0479006153992311","0.0642110439900424","0.0346466125274233","997","0.336465184181422","0.663534815818578","0.893212860938672","0.106787139061328","0.30632519960638","0.586887661332292","0.0301399845750422","0.0766471544862859","8785.08839541662","13.4293463309549","0.000247718416327013","13.6986228319764","0.000999500249875062"
"temprow.650","651","MeanCoopTie2Noncoop","Female_song_score","0.013256045947472","0.0479006153992311","0.0642110439900424","0.0346466125274233","997","0.310449845532875","0.689550154467125","0.856787332120642","0.143212667879358","0.277970490531487","0.578816841589155","0.0324793550013875","0.11073331287797","8785.08839541662","47.7869221776572","4.75150993194047e-12","48.2431076763478","0.000499750124937531"
"temprow.651","652","MeanCoopTie2Noncoop","Female_song_score","0.013256045947472","0.0479006153992311","0.0642110439900424","0.0346466125274233","997","0.330634571814431","0.669365428185569","0.886050696898725","0.113949303101275","0.295495848624105","0.59055484827462","0.0351387231903249","0.07881057991095","8785.08839541662","2.35647967582426","0.124763452820286","2.46731629399505","0.118940529735132"
"temprow.652","653","MeanCoopTie2Noncoop","Female_song_score","0.013256045947472","0.0479006153992311","0.0642110439900424","0.0346466125274233","997","0.319475977345003","0.680524022654997","0.847814200709496","0.152185799290504","0.274793597926569","0.573020602782926","0.0446823794184337","0.107503419872071","8785.08839541662","4.60825218409382","0.0318184476250688","4.74600670807943","0.0359820089955022"
"temprow.653","654","MeanCoopTie2Noncoop","Female_song_score","0.013256045947472","0.0479006153992311","0.0642110439900424","0.0346466125274233","997","0.308199589217522","0.691800410782478","0.897535872686565","0.102464127313435","0.2872701632971","0.610265709389465","0.0209294259204217","0.0815347013930133","8785.08839541662","50.1338521809782","1.43608042778504e-12","50.6747982089808","0.000499750124937531"
"temprow.654","655","MeanCoopTie2Noncoop","Female_song_score","0.013256045947472","0.0479006153992311","0.0642110439900424","0.0346466125274233","997","0.327024847964877","0.672975152035123","0.891484320323735","0.108515679676265","0.299656687423278","0.591827632900456","0.0273681605415987","0.0811475191346667","8785.08839541662","27.0839139062828","1.94812293650023e-07","27.4658349178914","0.000499750124937531"
"temprow.655","656","MeanCoopTie2Noncoop","Female_song_score","0.013256045947472","0.0479006153992311","0.0642110439900424","0.0346466125274233","997","0.297986519933123","0.702013480066877","0.883943655531296","0.116056344468704","0.27716609254548","0.606777562985816","0.0208204273876428","0.0952359170810615","8785.08839541662","76.905405799317","1.79345546414192e-18","77.5453027470315","0.000499750124937531"
"temprow.656","657","MeanCoopTie2Noncoop","Female_song_score","0.013256045947472","0.0479006153992311","0.0642110439900424","0.0346466125274233","997","0.329592028045754","0.670407971954246","0.868767454359022","0.131232545640978","0.300370105291076","0.568397349067946","0.0292219227546781","0.1020106228863","8785.08839541662","67.8930734919122","1.72606448925639e-16","68.4480265615335","0.000499750124937531"
"temprow.657","658","MeanCoopTie2Noncoop","Female_song_score","0.013256045947472","0.0479006153992311","0.0642110439900424","0.0346466125274233","997","0.295150191390707","0.704849808609293","0.902841938888039","0.0971580611119611","0.272766839821897","0.630075099066142","0.0223833515688094","0.0747747095431518","8785.08839541662","18.5648077616819","1.64224512392563e-05","18.906577310747","0.000499750124937531"
"temprow.658","659","MeanCoopTie2Noncoop","Female_song_score","0.013256045947472","0.0479006153992311","0.0642110439900424","0.0346466125274233","997","0.299978904087338","0.700021095912662","0.872726700058386","0.127273299941614","0.274260698772939","0.598466001285446","0.0257182053143984","0.101555094627216","8785.08839541662","57.8163116449104","2.87773466587167e-14","58.3487542269797","0.000499750124937531"
"temprow.659","660","MeanCoopTie2Noncoop","Female_song_score","0.013256045947472","0.0479006153992311","0.0642110439900424","0.0346466125274233","997","0.311149928642935","0.688850071357065","0.889437388009719","0.110562611990281","0.287597537478626","0.601839850531094","0.0235523911643089","0.0870102208259717","8785.08839541662","48.4271565257221","3.42788180106061e-12","48.9399507546786","0.000499750124937531"
"temprow.660","661","MeanCoopTie2Noncoop","Female_song_score","0.013256045947472","0.0479006153992311","0.0642110439900424","0.0346466125274233","997","0.314148286749201","0.685851713250799","0.879708457527081","0.120291542472919","0.282766864072238","0.596941593454843","0.0313814226769631","0.0889101197959561","8785.08839541662","15.4187500196443","8.61294428846073e-05","15.6974148828007","0.000499750124937531"
"temprow.661","662","MeanCoopTie2Noncoop","Female_song_score","0.013256045947472","0.0479006153992311","0.0642110439900424","0.0346466125274233","997","0.291308509934222","0.708691490065778","0.885829411630238","0.114170588369762","0.265237406158649","0.620592005471589","0.0260711037755725","0.0880994845941897","8785.08839541662","21.4099482536664","3.70842023984703e-06","21.7529638050483","0.000499750124937531"
"temprow.662","663","MeanCoopTie2Noncoop","Female_song_score","0.013256045947472","0.0479006153992311","0.0642110439900424","0.0346466125274233","997","0.317819307098458","0.682180692901542","0.903462570537129","0.0965374294628705","0.28877141742484","0.61469115311229","0.0290478896736175","0.0674895397892531","8785.08839541662","1.18108863187144","0.277134483152224","1.26691705580439","0.247876061969015"
"temprow.663","664","MeanCoopTie2Noncoop","Female_song_score","0.013256045947472","0.0479006153992311","0.0642110439900424","0.0346466125274233","997","0.311752593138026","0.688247406861974","0.884338811293808","0.115661188706192","0.282953980998481","0.601384830295327","0.0287986121395444","0.0868625765666479","8785.08839541662","20.763533299362","5.19630598146459e-06","21.0930037213864","0.000499750124937531"
"temprow.664","665","MeanCoopTie2Noncoop","Female_song_score","0.013256045947472","0.0479006153992311","0.0642110439900424","0.0346466125274233","997","0.348100188422187","0.651899811577813","0.886943983571303","0.113056016428696","0.322195003440924","0.564748980130379","0.0259051849812624","0.0871508314474341","8785.08839541662","69.1015343426851","9.35225727451925e-17","69.6904893016191","0.000499750124937531"
"temprow.665","666","MeanCoopTie2Noncoop","Female_song_score","0.013256045947472","0.0479006153992311","0.0642110439900424","0.0346466125274233","997","0.305413846559112","0.694586153440888","0.873679333804393","0.126320666195607","0.27376899332619","0.599910340478203","0.0316448532329221","0.0946758129626849","8785.08839541662","17.7937023387091","2.46196787165031e-05","18.0890200861013","0.000999500249875062"
"temprow.666","667","MeanCoopTie2Noncoop","Female_song_score","0.013256045947472","0.0479006153992311","0.0642110439900424","0.0346466125274233","997","0.306435886795259","0.693564113204741","0.878757087157849","0.121242912842151","0.278204920938537","0.600552166219312","0.0282309658567211","0.0930119469854297","8785.08839541662","30.469361737316","3.39181143819561e-08","30.8620068380829","0.000499750124937531"
"temprow.667","668","MeanCoopTie2Noncoop","Female_song_score","0.013256045947472","0.0479006153992311","0.0642110439900424","0.0346466125274233","997","0.278303657636653","0.721696342363347","0.88546023898811","0.11453976101189","0.250508345303024","0.634951893685086","0.0277953123336288","0.0867444486782616","8785.08839541662","7.0376876642209","0.00798120095856593","7.23741231290853","0.00949525237381309"
"temprow.668","669","MeanCoopTie2Noncoop","Female_song_score","0.013256045947472","0.0479006153992311","0.0642110439900424","0.0346466125274233","997","0.296159400091822","0.703840599908178","0.86769864947911","0.13230135052089","0.260962697073162","0.606735952405948","0.0351967030186598","0.0971046475022303","8785.08839541662","5.71830669244389","0.0167889142833233","5.88443650210828","0.0174912543728136"
"temprow.669","670","MeanCoopTie2Noncoop","Female_song_score","0.013256045947472","0.0479006153992311","0.0642110439900424","0.0346466125274233","997","0.371816169112124","0.628183830887876","0.884311226129027","0.115688773870973","0.346124330560005","0.538186895569022","0.025691838552119","0.0899969353188539","8785.08839541662","109.505655668676","1.25745237069825e-25","110.228879236987","0.000499750124937531"
"temprow.670","671","MeanCoopTie2Noncoop","Female_song_score","0.013256045947472","0.0479006153992311","0.0642110439900424","0.0346466125274233","997","0.342493783198338","0.657506216801662","0.882595430682052","0.117404569317948","0.313250887368031","0.569344543314021","0.0292428958303072","0.0881616734876408","8785.08839541662","44.8751635077821","2.10004705328633e-11","45.3441442983172","0.000499750124937531"
"temprow.671","672","MeanCoopTie2Noncoop","Female_song_score","0.013256045947472","0.0479006153992311","0.0642110439900424","0.0346466125274233","997","0.327917423427911","0.672082576572089","0.897427535225199","0.102572464774801","0.29542102446148","0.602006510763719","0.0324963989664309","0.07007606580837","8785.08839541662","0.547421794973303","0.459373065010349","0.604253201840087","0.44327836081959"
"temprow.672","673","MeanCoopTie2Noncoop","Female_song_score","0.013256045947472","0.0479006153992311","0.0642110439900424","0.0346466125274233","997","0.317313829845723","0.682686170154277","0.899547465907781","0.100452534092219","0.296251260835755","0.603296205072026","0.0210625690099684","0.0793899650822511","8785.08839541662","51.8538338372956","5.97898158673953e-13","52.4045247186108","0.000499750124937531"
"temprow.673","674","MeanCoopTie2Noncoop","Female_song_score","0.013256045947472","0.0479006153992311","0.0642110439900424","0.0346466125274233","997","0.313597586643055","0.686402413356945","0.876399707996256","0.123600292003744","0.285796570355714","0.590603137640542","0.0278010162873404","0.0957992757164032","8785.08839541662","45.0184332916306","1.95188426155378e-11","45.4884305816707","0.000499750124937531"
"temprow.674","675","MeanCoopTie2Noncoop","Female_song_score","0.013256045947472","0.0479006153992311","0.0642110439900424","0.0346466125274233","997","0.296782627011203","0.703217372988797","0.865910687748991","0.134089312251009","0.270585457767974","0.595325229981017","0.0261971692432289","0.10789214300778","8785.08839541662","66.6106135974034","3.30800211105297e-16","67.1711726520201","0.000499750124937531"
"temprow.675","676","MeanCoopTie2Noncoop","Female_song_score","0.013256045947472","0.0479006153992311","0.0642110439900424","0.0346466125274233","997","0.325796877080174","0.674203122919826","0.887709091910504","0.112290908089496","0.295285294337943","0.592423797572562","0.0305115827422313","0.0817793253472644","8785.08839541662","14.4763371406462","0.000141931313798997","14.7520276611377","0.000499750124937531"
"temprow.676","677","MeanCoopTie2Noncoop","Female_song_score","0.013256045947472","0.0479006153992311","0.0642110439900424","0.0346466125274233","997","0.29649364677784","0.70350635322216","0.902660970332488","0.0973390296675122","0.273344688223303","0.629316282109184","0.0231489585545362","0.0741900711129759","8785.08839541662","15.4911464512123","8.28926034456956e-05","15.8029304494643","0.000499750124937531"
"temprow.677","678","MeanCoopTie2Noncoop","Female_song_score","0.013256045947472","0.0479006153992311","0.0642110439900424","0.0346466125274233","997","0.326978964895023","0.673021035104977","0.882957814944864","0.117042185055136","0.305481862719202","0.577475952225662","0.0214971021758208","0.0955450828793148","8785.08839541662","107.715788840162","3.10221377843714e-25","108.451340824716","0.000499750124937531"
"temprow.678","679","MeanCoopTie2Noncoop","Female_song_score","0.013256045947472","0.0479006153992311","0.0642110439900424","0.0346466125274233","997","0.279469765851404","0.720530234148596","0.892911628918244","0.107088371081756","0.2611044949375","0.631807133980744","0.0183652709139046","0.0887231001678515","8785.08839541662","60.6074324114085","6.96704610905155e-15","61.2077026128791","0.000499750124937531"
"temprow.679","680","MeanCoopTie2Noncoop","Female_song_score","0.013256045947472","0.0479006153992311","0.0642110439900424","0.0346466125274233","997","0.306155305221472","0.693844694778528","0.895255897563386","0.104744102436614","0.287625989818727","0.607629907744659","0.0185293154027448","0.0862147870338695","8785.08839541662","79.8550698633561","4.02905109236056e-19","80.5320487967835","0.000499750124937531"
"temprow.680","681","MeanCoopTie2Noncoop","Female_song_score","0.013256045947472","0.0479006153992311","0.0642110439900424","0.0346466125274233","997","0.355718872938803","0.644281127061197","0.877030278767745","0.122969721232255","0.323671645462627","0.553358633305119","0.0320472274761764","0.0909224937560786","8785.08839541662","47.9182228905903","4.44372187992587e-12","48.3890067754656","0.000499750124937531"
"temprow.681","682","MeanCoopTie2Noncoop","Female_song_score","0.013256045947472","0.0479006153992311","0.0642110439900424","0.0346466125274233","997","0.324522185705262","0.675477814294738","0.876806685479917","0.123193314520083","0.295576981785968","0.581229703693949","0.0289452039192937","0.0942481106007892","8785.08839541662","44.9081037031172","2.06501510535876e-11","45.3739912052774","0.000499750124937531"
"temprow.682","683","MeanCoopTie2Noncoop","Female_song_score","0.013256045947472","0.0479006153992311","0.0642110439900424","0.0346466125274233","997","0.307070046793617","0.692929953206383","0.872486551764132","0.127513448235868","0.283762361186567","0.588724190577566","0.0233076856070501","0.104205762628817","8785.08839541662","92.2039458647017","7.81887135505473e-22","92.8710338001264","0.000499750124937531"
"temprow.683","684","MeanCoopTie2Noncoop","Female_song_score","0.013256045947472","0.0479006153992311","0.0642110439900424","0.0346466125274233","997","0.316952568430914","0.683047431569086","0.878449643372094","0.121550356627906","0.286645278629589","0.591804364742504","0.0303072898013238","0.0912430668265823","8785.08839541662","25.492579949024","4.44087546022158e-07","25.8481044776822","0.000499750124937531"
"temprow.684","685","MeanCoopTie2Noncoop","Female_song_score","0.013256045947472","0.0479006153992311","0.0642110439900424","0.0346466125274233","997","0.289255515222331","0.710744484777668","0.872342879246942","0.127657120753058","0.269034798929887","0.603308080317055","0.0202207162924442","0.107436404460614","8785.08839541662","105.987403907411","7.42053861502042e-25","106.714435056156","0.000499750124937531"
"temprow.685","686","MeanCoopTie2Noncoop","Female_song_score","0.013256045947472","0.0479006153992311","0.0642110439900424","0.0346466125274233","997","0.320652903552433","0.679347096447567","0.883325432261024","0.116674567738976","0.292044262114421","0.591281170146603","0.0286086414380113","0.0880659263009652","8785.08839541662","30.1992879205063","3.89852576824793e-08","30.591855943326","0.000499750124937531"
"temprow.686","687","MeanCoopTie2Noncoop","Female_song_score","0.013256045947472","0.0479006153992311","0.0642110439900424","0.0346466125274233","997","0.313016442806835","0.686983557193165","0.857484297640849","0.142515702359151","0.275315145322292","0.582169152318556","0.0377012974845425","0.104814404874609","8785.08839541662","15.8116185325642","6.99715196586726e-05","16.0744050094794","0.000499750124937531"
"temprow.687","688","MeanCoopTie2Noncoop","Female_song_score","0.013256045947472","0.0479006153992311","0.0642110439900424","0.0346466125274233","997","0.304358155385045","0.695641844614955","0.882734490504996","0.117265509495004","0.282183511926702","0.600550978578295","0.0221746434583427","0.095090866036661","8785.08839541662","72.3434531368987","1.8082168669779e-17","72.9577593998746","0.000499750124937531"
"temprow.688","689","MeanCoopTie2Noncoop","Female_song_score","0.013256045947472","0.0479006153992311","0.0642110439900424","0.0346466125274233","997","0.326611492171525","0.673388507828475","0.878155493809445","0.121844506190554","0.293954585389613","0.584200908419833","0.0326569067819121","0.0891875994086424","8785.08839541662","18.7459243631763","1.49342188770252e-05","19.0481925005076","0.000499750124937531"
"temprow.689","690","MeanCoopTie2Noncoop","Female_song_score","0.013256045947472","0.0479006153992311","0.0642110439900424","0.0346466125274233","997","0.292394106148763","0.707605893851237","0.897850024552999","0.102149975447001","0.267373912810563","0.630476111742436","0.0250201933382001","0.0771297821088013","8785.08839541662","10.6116290506105","0.00112378638080923","10.8653502278051","0.000999500249875062"
"temprow.690","691","MeanCoopTie2Noncoop","Female_song_score","0.013256045947472","0.0479006153992311","0.0642110439900424","0.0346466125274233","997","0.32647491394381","0.67352508605619","0.882201727346054","0.117798272653946","0.292927410083296","0.589274317262758","0.0335475038605134","0.0842507687934331","8785.08839541662","8.95091630897785","0.00277330442182577","9.16330856615807","0.00149925037481259"
"temprow.691","692","MeanCoopTie2Noncoop","Female_song_score","0.013256045947472","0.0479006153992311","0.0642110439900424","0.0346466125274233","997","0.361534671892502","0.638465328107498","0.873271220655709","0.126728779344291","0.323656633004503","0.549614587651207","0.037878038887999","0.0888507404562919","8785.08839541662","21.3514048588773","3.82340476062142e-06","21.6608898506231","0.000499750124937531"
"temprow.692","693","MeanCoopTie2Noncoop","Female_song_score","0.013256045947472","0.0479006153992311","0.0642110439900424","0.0346466125274233","997","0.319952217932483","0.680047782067517","0.886762846704922","0.113237153295078","0.291744848818221","0.595017997886701","0.0282073691142615","0.0850297841808169","8785.08839541662","25.4338157314016","4.57822282034159e-07","25.7990959122766","0.000499750124937531"
"temprow.693","694","MeanCoopTie2Noncoop","Female_song_score","0.013256045947472","0.0479006153992311","0.0642110439900424","0.0346466125274233","997","0.323030419739635","0.676969580260364","0.888872474330861","0.111127525669139","0.296243528130112","0.592628946200749","0.0267868916095237","0.0843406340596157","8785.08839541662","33.5619844806866","6.90287424875355e-09","33.9838919054928","0.000499750124937531"
"temprow.694","695","MeanCoopTie2Noncoop","Female_song_score","0.013256045947472","0.0479006153992311","0.0642110439900424","0.0346466125274233","997","0.295330158112216","0.704669841887784","0.896889522260251","0.103110477739749","0.272902393348837","0.623987128911414","0.0224277647633782","0.0806827129763709","8785.08839541662","28.9961652453809","7.25217186257189e-08","29.4117558683287","0.000499750124937531"
"temprow.695","696","MeanCoopTie2Noncoop","Female_song_score","0.013256045947472","0.0479006153992311","0.0642110439900424","0.0346466125274233","997","0.338775324740948","0.661224675259052","0.879012318938144","0.120987681061856","0.298818440862811","0.580193878075334","0.0399568838781367","0.0810307971837189","8785.08839541662","0.353454932633268","0.552163862177072","0.395743626003333","0.532233883058471"
"temprow.696","697","MeanCoopTie2Noncoop","Female_song_score","0.013256045947472","0.0479006153992311","0.0642110439900424","0.0346466125274233","997","0.33862673710351","0.66137326289649","0.883738208159793","0.116261791840207","0.313500989527339","0.570237218632455","0.0251257475761713","0.0911360442640352","8785.08839541662","76.7061541922017","1.98384193716825e-18","77.3232258205549","0.000499750124937531"
"temprow.697","698","MeanCoopTie2Noncoop","Female_song_score","0.013256045947472","0.0479006153992311","0.0642110439900424","0.0346466125274233","997","0.337956231869559","0.662043768130441","0.876478968595813","0.123521031404187","0.296006935307521","0.580472033288292","0.0419492965620376","0.0815717348421494","8785.08839541662","0.0101861691990659","0.919608764093301","0.0182763838192562","0.918040979510245"
"temprow.698","699","MeanCoopTie2Noncoop","Female_song_score","0.013256045947472","0.0479006153992311","0.0642110439900424","0.0346466125274233","997","0.314915187462504","0.685084812537496","0.889300226455421","0.110699773544579","0.293630566355067","0.595669660100354","0.0212846211074372","0.0894151524371418","8785.08839541662","75.7686920562982","3.18917784126051e-18","76.4071195402253","0.000499750124937531"
"temprow.699","700","MeanCoopTie2Noncoop","Female_song_score","0.013256045947472","0.0479006153992311","0.0642110439900424","0.0346466125274233","997","0.291365210634352","0.708634789365648","0.869632915212542","0.130367084787458","0.260103875213449","0.609529039999092","0.0312613354209019","0.0991057493665564","8785.08839541662","16.5831186636894","4.65636538826065e-05","16.8682277968231","0.000499750124937531"
"temprow.700","701","MeanCoopTie2Noncoop","Female_song_score","0.013256045947472","0.0479006153992311","0.0642110439900424","0.0346466125274233","997","0.325500294918819","0.674499705081181","0.872107481984921","0.127892518015079","0.300956201929195","0.571151280055726","0.0245440929896237","0.103348425025455","8785.08839541662","103.689431182622","2.36650260607664e-24","104.384715102742","0.000499750124937531"
"temprow.701","702","MeanCoopTie2Noncoop","Female_song_score","0.013256045947472","0.0479006153992311","0.0642110439900424","0.0346466125274233","997","0.327311093855412","0.672688906144588","0.903719686472983","0.0962803135270167","0.29807035568879","0.605649330784193","0.0292407381666216","0.067039575360395","8785.08839541662","2.24231231170095","0.134280043303752","2.35920945105606","0.131934032983508"
"temprow.702","703","MeanCoopTie2Noncoop","Female_song_score","0.013256045947472","0.0479006153992311","0.0642110439900424","0.0346466125274233","997","0.363090936184574","0.636909063815425","0.868070411007777","0.131929588992223","0.328770392957858","0.539300018049919","0.0343205432267161","0.0976090457655065","8785.08839541662","60.4829017748368","7.42203738994639e-15","60.9936483654052","0.000499750124937531"
"temprow.703","704","MeanCoopTie2Noncoop","Female_song_score","0.013256045947472","0.0479006153992311","0.0642110439900424","0.0346466125274233","997","0.344292481603984","0.655707518396016","0.878039804077407","0.121960195922593","0.314437898731374","0.563601905346033","0.0298545828726096","0.0921056130499834","8785.08839541662","53.1311437527169","3.12006191717043e-13","53.6325914470546","0.000499750124937531"
"temprow.704","705","MeanCoopTie2Noncoop","Female_song_score","0.013256045947472","0.0479006153992311","0.0642110439900424","0.0346466125274233","997","0.335661149629541","0.664338850370459","0.884856095278445","0.115143904721555","0.3048059165782","0.580050178700246","0.0308552330513407","0.0842886716702138","8785.08839541662","23.0941715715152","1.542575896382e-06","23.435653371846","0.000499750124937531"
"temprow.705","706","MeanCoopTie2Noncoop","Female_song_score","0.013256045947472","0.0479006153992311","0.0642110439900424","0.0346466125274233","997","0.315189135711312","0.684810864288688","0.86769717946583","0.13230282053417","0.28115229043045","0.58654488903538","0.0340368452808622","0.0982659752533074","8785.08839541662","20.477233279713","6.03447780859955e-06","20.7851194676701","0.000499750124937531"
"temprow.706","707","MeanCoopTie2Noncoop","Female_song_score","0.013256045947472","0.0479006153992311","0.0642110439900424","0.0346466125274233","997","0.285119457360739","0.714880542639261","0.875041594840176","0.124958405159824","0.258184582915576","0.6168570119246","0.0269348744451627","0.0980235307146611","8785.08839541662","29.1756138847777","6.61060106051178e-08","29.5628655944188","0.000499750124937531"
"temprow.707","708","MeanCoopTie2Noncoop","Female_song_score","0.013256045947472","0.0479006153992311","0.0642110439900424","0.0346466125274233","997","0.295265416576","0.704734583424","0.892097256495782","0.107902743504218","0.259372798369371","0.632724458126411","0.0358926182066291","0.0720101252975891","8785.08839541662","6.80717128021464","0.00907924811461251","7.00527318314921","0.00749625187406297"
"temprow.708","709","MeanCoopTie2Noncoop","Female_song_score","0.013256045947472","0.0479006153992311","0.0642110439900424","0.0346466125274233","997","0.313353500883478","0.686646499116523","0.880791597265833","0.119208402734166","0.290741224033279","0.590050373232555","0.0226122768501989","0.0965961258839676","8785.08839541662","83.6398126041069","5.93653882747077e-20","84.2900473566988","0.000499750124937531"
"temprow.709","710","MeanCoopTie2Noncoop","Female_song_score","0.013256045947472","0.0479006153992311","0.0642110439900424","0.0346466125274233","997","0.316096649267415","0.683903350732585","0.875659140802348","0.124340859197652","0.290858415605633","0.584800725196715","0.0252382336617815","0.0991026255358705","8785.08839541662","73.0881681014332","1.23985568329905e-17","73.683755376682","0.000499750124937531"
"temprow.710","711","MeanCoopTie2Noncoop","Female_song_score","0.013256045947472","0.0479006153992311","0.0642110439900424","0.0346466125274233","997","0.335276315696981","0.664723684303019","0.892491757256941","0.107508242743059","0.315817942085699","0.576673815171242","0.0194583736112816","0.0880498691317775","8785.08839541662","112.322726836842","3.03635136253534e-26","113.097135301591","0.000499750124937531"
"temprow.711","712","MeanCoopTie2Noncoop","Female_song_score","0.013256045947472","0.0479006153992311","0.0642110439900424","0.0346466125274233","997","0.325880770805068","0.674119229194932","0.883389207510159","0.116610792489841","0.30399445630929","0.579394751200869","0.0218863144957772","0.0947244779940637","8785.08839541662","100.345425363143","1.28007050458353e-23","101.057254728156","0.000499750124937531"
"temprow.712","713","MeanCoopTie2Noncoop","Female_song_score","0.013256045947472","0.0479006153992311","0.0642110439900424","0.0346466125274233","997","0.33171193107802","0.66828806892198","0.866669823998046","0.133330176001954","0.28770665086425","0.578963173133796","0.04400528021377","0.089324895788184","8785.08839541662","0.00801737242690538","0.928652939664955","0.015094643642182","0.916041979010495"
"temprow.713","714","MeanCoopTie2Noncoop","Female_song_score","0.013256045947472","0.0479006153992311","0.0642110439900424","0.0346466125274233","997","0.348080300772058","0.651919699227942","0.873140331181613","0.126859668818387","0.309909293592836","0.563231037588777","0.0381710071792223","0.0886886616391652","8785.08839541662","12.3802055586183","0.00043390937799088","12.6181620947929","0.000499750124937531"
"temprow.714","715","MeanCoopTie2Noncoop","Female_song_score","0.013256045947472","0.0479006153992311","0.0642110439900424","0.0346466125274233","997","0.302738837187321","0.697261162812679","0.874083441035076","0.125916558964924","0.271773472665538","0.602309968369538","0.0309653645217826","0.0949511944431416","8785.08839541662","19.069119642694","1.26068356306989e-05","19.3760155704183","0.000499750124937531"
"temprow.715","716","MeanCoopTie2Noncoop","Female_song_score","0.013256045947472","0.0479006153992311","0.0642110439900424","0.0346466125274233","997","0.295012689883111","0.704987310116889","0.878060306548411","0.121939693451589","0.269160015618002","0.608900290930409","0.0258526742651085","0.0960870191864801","8785.08839541662","40.0382764852671","2.49034869508554e-10","40.491980768929","0.000499750124937531"
"temprow.716","717","MeanCoopTie2Noncoop","Female_song_score","0.013256045947472","0.0479006153992311","0.0642110439900424","0.0346466125274233","997","0.299822819256949","0.700177180743051","0.886616683981973","0.113383316018027","0.27426047353845","0.612356210443523","0.0255623457184987","0.0878209702995285","8785.08839541662","29.0339672419234","7.11202661566155e-08","29.4308957452704","0.000499750124937531"
"temprow.717","718","MeanCoopTie2Noncoop","Female_song_score","0.013256045947472","0.0479006153992311","0.0642110439900424","0.0346466125274233","997","0.346806150446404","0.653193849553595","0.875060038097471","0.124939961902529","0.316501950588747","0.558558087508724","0.0303041998576576","0.0946357620448718","8785.08839541662","59.6616325819318","1.12651434737838e-14","60.1865744909032","0.000499750124937531"
"temprow.718","719","MeanCoopTie2Noncoop","Female_song_score","0.013256045947472","0.0479006153992311","0.0642110439900424","0.0346466125274233","997","0.325251271902282","0.674748728097718","0.86130861710203","0.13869138289797","0.289270519580041","0.572038097521989","0.0359807523222406","0.10271063057573","8785.08839541662","27.5578205781946","1.52467635022884e-07","27.9048708918835","0.000499750124937531"
"temprow.719","720","MeanCoopTie2Noncoop","Female_song_score","0.013256045947472","0.0479006153992311","0.0642110439900424","0.0346466125274233","997","0.325422668917046","0.674577331082954","0.887056522234841","0.112943477765159","0.297483624332609","0.589572897902231","0.0279390445844364","0.0850044331807227","8785.08839541662","30.9041970619015","2.71084888540582e-08","31.3054867381685","0.000499750124937531"
"temprow.720","721","MeanCoopTie2Noncoop","Female_song_score","0.013256045947472","0.0479006153992311","0.0642110439900424","0.0346466125274233","997","0.314756873634305","0.685243126365695","0.869702513160962","0.130297486839038","0.290656188536187","0.579046324624775","0.0241006850981177","0.10619680174092","8785.08839541662","101.82274873988","6.0718840835843e-24","102.512469676845","0.000499750124937531"
"temprow.721","722","MeanCoopTie2Noncoop","Female_song_score","0.013256045947472","0.0479006153992311","0.0642110439900424","0.0346466125274233","997","0.343392879964798","0.656607120035202","0.898344596298401","0.101655403701599","0.320535290419669","0.577809305878732","0.022857589545128","0.0787978141564711","8785.08839541662","61.1575249298579","5.26860115400544e-15","61.7403645865913","0.000499750124937531"
"temprow.722","723","MeanCoopTie2Noncoop","Female_song_score","0.013256045947472","0.0479006153992311","0.0642110439900424","0.0346466125274233","997","0.28449811499875","0.71550188500125","0.872585242049276","0.127414757950724","0.253231292887343","0.619353949161934","0.0312668221114067","0.0961479358393168","8785.08839541662","9.37594635150732","0.00219851176848307","9.59429495790802","0.000999500249875062"
"temprow.723","724","MeanCoopTie2Noncoop","Female_song_score","0.013256045947472","0.0479006153992311","0.0642110439900424","0.0346466125274233","997","0.325855097865294","0.674144902134706","0.895226222896264","0.104773777103736","0.300162485041752","0.595063737854513","0.0256926128235427","0.0790811642801929","8785.08839541662","29.9227652957367","4.49602845700093e-08","30.3306141997877","0.000499750124937531"
"temprow.724","725","MeanCoopTie2Noncoop","Female_song_score","0.013256045947472","0.0479006153992311","0.0642110439900424","0.0346466125274233","997","0.326376944600433","0.673623055399567","0.889228916252606","0.110771083747394","0.301067304360675","0.588161611891932","0.0253096402397588","0.0854614435076351","8785.08839541662","47.4856742323562","5.54073827452648e-12","47.9866260829011","0.000499750124937531"
"temprow.725","726","MeanCoopTie2Noncoop","Female_song_score","0.013256045947472","0.0479006153992311","0.0642110439900424","0.0346466125274233","997","0.292531701835016","0.707468298164984","0.862299836086309","0.13770016391369","0.255696156173565","0.606603679912744","0.0368355456614511","0.10086461825224","8785.08839541662","4.02429705212696","0.0448493063480863","4.16197176004765","0.0454772613693153"
"temprow.726","727","MeanCoopTie2Noncoop","Female_song_score","0.013256045947472","0.0479006153992311","0.0642110439900424","0.0346466125274233","997","0.313666125407633","0.686333874592367","0.880260292952886","0.119739707047114","0.289339546082614","0.590920746870272","0.0243265793250192","0.0954131277220948","8785.08839541662","66.9460982536126","2.79033121124366e-16","67.5268224662227","0.000499750124937531"
"temprow.727","728","MeanCoopTie2Noncoop","Female_song_score","0.013256045947472","0.0479006153992311","0.0642110439900424","0.0346466125274233","997","0.32588330837719","0.67411669162281","0.902470556892498","0.0975294431075017","0.301806290921605","0.600664265970894","0.0240770174555854","0.0734524256519164","8785.08839541662","26.2576549222888","2.98768211617592e-07","26.652244848561","0.000499750124937531"
"temprow.728","729","MeanCoopTie2Noncoop","Female_song_score","0.013256045947472","0.0479006153992311","0.0642110439900424","0.0346466125274233","997","0.334415406112912","0.665584593887088","0.883206099167777","0.116793900832223","0.30604895643743","0.577157142730347","0.0283664496754818","0.0884274511567415","8785.08839541662","43.4618080718631","4.32315056770626e-11","43.9272394027869","0.000499750124937531"
"temprow.729","730","MeanCoopTie2Noncoop","Female_song_score","0.013256045947472","0.0479006153992311","0.0642110439900424","0.0346466125274233","997","0.287232923021583","0.712767076978417","0.884620536114263","0.115379463885737","0.260514384573154","0.624106151541109","0.0267185384484288","0.0886609254373079","8785.08839541662","16.9520850639474","3.83351929584922e-05","17.2572631179836","0.000499750124937531"
"temprow.730","731","MeanCoopTie2Noncoop","Female_song_score","0.013256045947472","0.0479006153992311","0.0642110439900424","0.0346466125274233","997","0.340155766709503","0.659844233290497","0.888716631148769","0.111283368851231","0.317686831243011","0.571029799905758","0.0224689354664919","0.0888144333847389","8785.08839541662","93.2399122265486","4.6324460674999e-22","93.9328737612467","0.000499750124937531"
"temprow.731","732","MeanCoopTie2Noncoop","Female_song_score","0.013256045947472","0.0479006153992311","0.0642110439900424","0.0346466125274233","997","0.352418059348075","0.647581940651925","0.889279440320232","0.110720559679768","0.32654780685702","0.562731633463212","0.0258702524910546","0.0848503071887133","8785.08839541662","67.0944160035927","2.58810438084841e-16","67.6788534365638","0.000499750124937531"
"temprow.732","733","MeanCoopTie2Noncoop","Female_song_score","0.013256045947472","0.0479006153992311","0.0642110439900424","0.0346466125274233","997","0.301814640471859","0.698185359528141","0.863017173237991","0.136982826762009","0.274515821263447","0.588501351974544","0.0272988192084119","0.109684007553597","8785.08839541662","69.0066659553389","9.81311985183595e-17","69.5692027466582","0.000499750124937531"
"temprow.733","734","MeanCoopTie2Noncoop","Female_song_score","0.013256045947472","0.0479006153992311","0.0642110439900424","0.0346466125274233","997","0.326977995079905","0.673022004920095","0.905949612972658","0.0940503870273416","0.304674604035124","0.601275008937534","0.0223033910447805","0.071746995982561","8785.08839541662","32.9180639639386","9.61259179529934e-09","33.3666518714424","0.000499750124937531"
"temprow.734","735","MeanCoopTie2Noncoop","Female_song_score","0.013256045947472","0.0479006153992311","0.0642110439900424","0.0346466125274233","997","0.345981818265487","0.654018181734513","0.88506673580946","0.11493326419054","0.315540232862069","0.569526502947391","0.0304415854034188","0.0844916787871214","8785.08839541662","32.9360271455951","9.52418179278351e-09","33.3409727960406","0.000499750124937531"
"temprow.735","736","MeanCoopTie2Noncoop","Female_song_score","0.013256045947472","0.0479006153992311","0.0642110439900424","0.0346466125274233","997","0.311306314693132","0.688693685306868","0.880901450347796","0.119098549652204","0.283879761338982","0.597021689008814","0.0274265533541494","0.0916719962980543","8785.08839541662","35.8405473643019","2.14144475399982e-09","36.2677399608776","0.000499750124937531"
"temprow.736","737","MeanCoopTie2Noncoop","Female_song_score","0.013256045947472","0.0479006153992311","0.0642110439900424","0.0346466125274233","997","0.286079253027001","0.713920746972999","0.896956347840258","0.103043652159742","0.26541828057241","0.631538067267848","0.0206609724545905","0.0823826797051512","8785.08839541662","35.480783403853","2.57579240354731e-09","35.9446392679957","0.000499750124937531"
"temprow.737","738","MeanCoopTie2Noncoop","Female_song_score","0.013256045947472","0.0479006153992311","0.0642110439900424","0.0346466125274233","997","0.290903691112093","0.709096308887907","0.881758964683125","0.118241035316875","0.264872096699059","0.616886867984066","0.0260315944130333","0.0922094409038415","8785.08839541662","28.0405569377528","1.18799391731117e-07","28.4270651687775","0.000499750124937531"
"temprow.738","739","MeanCoopTie2Noncoop","Female_song_score","0.013256045947472","0.0479006153992311","0.0642110439900424","0.0346466125274233","997","0.307677252480088","0.692322747519912","0.864045670703909","0.135954329296091","0.282375054571142","0.581670616132767","0.0253021979089459","0.110652131387145","8785.08839541662","95.5017615988139","1.4775974891712e-22","96.1621040815721","0.000499750124937531"
"temprow.739","740","MeanCoopTie2Noncoop","Female_song_score","0.013256045947472","0.0479006153992311","0.0642110439900424","0.0346466125274233","997","0.324007912022312","0.675992087977688","0.881111737601202","0.118888262398798","0.293535087684695","0.587576649916506","0.0304728243376163","0.088415438061182","8785.08839541662","24.3805113496935","7.90645026248288e-07","24.7294481486882","0.000499750124937531"
"temprow.740","741","MeanCoopTie2Noncoop","Female_song_score","0.013256045947472","0.0479006153992311","0.0642110439900424","0.0346466125274233","997","0.33479719212901","0.66520280787099","0.891502075395755","0.108497924604245","0.302329397930801","0.589172677464953","0.0324677941982087","0.0760301304060366","8785.08839541662","5.94565983531369","0.0147535673693903","6.1242478601222","0.0129935032483758"
"temprow.741","742","MeanCoopTie2Noncoop","Female_song_score","0.013256045947472","0.0479006153992311","0.0642110439900424","0.0346466125274233","997","0.357600611707638","0.642399388292362","0.894898975272589","0.105101024727411","0.319856966150394","0.575042009122195","0.0377436455572433","0.0673573791701677","8785.08839541662","0.00596360838127822","0.93844502901747","0.0128830678903006","0.919540229885057"
"temprow.742","743","MeanCoopTie2Noncoop","Female_song_score","0.013256045947472","0.0479006153992311","0.0642110439900424","0.0346466125274233","997","0.278125938724593","0.721874061275407","0.876976805594397","0.123023194405603","0.253023699984723","0.623953105609675","0.0251022387398697","0.097920955665733","8785.08839541662","32.9812616670379","9.3051402241066e-09","33.3988168919555","0.000499750124937531"
"temprow.743","744","MeanCoopTie2Noncoop","Female_song_score","0.013256045947472","0.0479006153992311","0.0642110439900424","0.0346466125274233","997","0.319785302474466","0.680214697525534","0.894793017979501","0.105206982020499","0.293330880393303","0.601462137586197","0.0264544220811619","0.0787525599393375","8785.08839541662","22.0335984460775","2.67919273721682e-06","22.3850137720219","0.000499750124937531"
"temprow.744","745","MeanCoopTie2Noncoop","Female_song_score","0.013256045947472","0.0479006153992311","0.0642110439900424","0.0346466125274233","997","0.322491418932889","0.677508581067111","0.88221814338444","0.11778185661556","0.29783709952901","0.58438104385543","0.0246543194038794","0.0931275372116808","8785.08839541662","67.8471855535368","1.76670580103542e-16","68.4315778289737","0.000499750124937531"
"temprow.745","746","MeanCoopTie2Noncoop","Female_song_score","0.013256045947472","0.0479006153992311","0.0642110439900424","0.0346466125274233","997","0.290136256220226","0.709863743779774","0.844172496545767","0.155827503454233","0.255350744573008","0.588821751972759","0.0347855116472181","0.121041991807015","8785.08839541662","34.5768850277686","4.09743061524509e-09","34.959072259847","0.000499750124937531"
"temprow.746","747","MeanCoopTie2Noncoop","Female_song_score","0.013256045947472","0.0479006153992311","0.0642110439900424","0.0346466125274233","997","0.322105405697638","0.677894594302362","0.901969786321067","0.0980302136789335","0.306051937931226","0.595917848389841","0.0160534677664118","0.0819767459125215","8785.08839541662","108.845129332118","1.75474396196995e-25","109.647745026225","0.000499750124937531"
"temprow.747","748","MeanCoopTie2Noncoop","Female_song_score","0.013256045947472","0.0479006153992311","0.0642110439900424","0.0346466125274233","997","0.331047370840386","0.668952629159614","0.855836618630693","0.144163381369307","0.297065937543882","0.55877068108681","0.0339814332965031","0.110181948072804","8785.08839541662","59.9625653617479","9.66788051239691e-15","60.4633058454863","0.000499750124937531"
"temprow.748","749","MeanCoopTie2Noncoop","Female_song_score","0.013256045947472","0.0479006153992311","0.0642110439900424","0.0346466125274233","997","0.325967757186862","0.674032242813138","0.873536278212266","0.126463721787734","0.287938020543473","0.585598257668793","0.0380297366433887","0.0884339851443456","8785.08839541662","3.58693426182179","0.0582355839803376","3.71780416418267","0.055472263868066"
"temprow.749","750","MeanCoopTie2Noncoop","Female_song_score","0.013256045947472","0.0479006153992311","0.0642110439900424","0.0346466125274233","997","0.311758703906122","0.688241296093878","0.867066697765315","0.132933302234685","0.286654999677506","0.580411698087809","0.025103704228616","0.107829598006069","8785.08839541662","93.6585002078288","3.74940417498506e-22","94.316162826125","0.000499750124937531"
"temprow.750","751","MeanCoopTie2Noncoop","Female_song_score","0.013256045947472","0.0479006153992311","0.0642110439900424","0.0346466125274233","997","0.296700291543927","0.703299708456073","0.889597488739803","0.110402511260197","0.270217596537152","0.619379892202651","0.0264826950067747","0.0839198162534221","8785.08839541662","16.405339527786","5.11409645314478e-05","16.7085564346132","0.000499750124937531"
"temprow.751","752","MeanCoopTie2Noncoop","Female_song_score","0.013256045947472","0.0479006153992311","0.0642110439900424","0.0346466125274233","997","0.343295452564729","0.656704547435271","0.859016542278116","0.140983457721884","0.293593212775123","0.565423329502993","0.0497022397896054","0.0912812179322785","8785.08839541662","0.516835779728674","0.472194578248436","0.564289582712803","0.469765117441279"
"temprow.752","753","MeanCoopTie2Noncoop","Female_song_score","0.013256045947472","0.0479006153992311","0.0642110439900424","0.0346466125274233","997","0.313510034080434","0.686489965919566","0.896608437354784","0.103391562645216","0.28326196289238","0.613346474462404","0.0302480711880542","0.0731434914571618","8785.08839541662","1.94326597992959","0.163314357477888","2.04995236311242","0.154922538730635"
"temprow.753","754","MeanCoopTie2Noncoop","Female_song_score","0.013256045947472","0.0479006153992311","0.0642110439900424","0.0346466125274233","997","0.325701439054726","0.674298560945274","0.873365105276549","0.126634894723451","0.299283237692569","0.574081867583979","0.0264182013621564","0.100216693361295","8785.08839541662","78.8465525547246","6.71264796933904e-19","79.4557102915513","0.000499750124937531"
"temprow.754","755","MeanCoopTie2Noncoop","Female_song_score","0.013256045947472","0.0479006153992311","0.0642110439900424","0.0346466125274233","997","0.315839848050161","0.684160151949839","0.874671717916706","0.125328282083294","0.282806777790643","0.591864940126063","0.0330330702595183","0.0922952118237756","8785.08839541662","15.7017782334788","7.41544222143471e-05","15.9776889297213","0.000499750124937531"
"temprow.755","756","MeanCoopTie2Noncoop","Female_song_score","0.013256045947472","0.0479006153992311","0.0642110439900424","0.0346466125274233","997","0.325178634503519","0.674821365496481","0.88370727164384","0.11629272835616","0.293664436342486","0.590042835301354","0.031514198161033","0.0847785301951268","8785.08839541662","15.1700390685163","9.82500179449236e-05","15.447973125211","0.000499750124937531"
"temprow.756","757","MeanCoopTie2Noncoop","Female_song_score","0.013256045947472","0.0479006153992311","0.0642110439900424","0.0346466125274233","997","0.333731958626795","0.666268041373205","0.89323441564211","0.10676558435789","0.30906952252748","0.58416489311463","0.024662436099315","0.0821031482585751","8785.08839541662","49.0130738882709","2.54262096046793e-12","49.5273292746553","0.000499750124937531"
"temprow.757","758","MeanCoopTie2Noncoop","Female_song_score","0.013256045947472","0.0479006153992311","0.0642110439900424","0.0346466125274233","997","0.320603226078495","0.679396773921505","0.883682973938071","0.116317026061929","0.290486233863363","0.593196740074708","0.0301169922151321","0.0862000338467964","8785.08839541662","19.6750456904192","9.17922559618753e-06","19.9925605814266","0.000499750124937531"
"temprow.758","759","MeanCoopTie2Noncoop","Female_song_score","0.013256045947472","0.0479006153992311","0.0642110439900424","0.0346466125274233","997","0.314364891213847","0.685635108786153","0.90095134633926","0.0990486536607405","0.292772472789605","0.608178873549654","0.0215924184242412","0.0774562352364992","8785.08839541662","40.8003226471369","1.6860525168434e-10","41.2932090176936","0.000499750124937531"
"temprow.759","760","MeanCoopTie2Noncoop","Female_song_score","0.013256045947472","0.0479006153992311","0.0642110439900424","0.0346466125274233","997","0.329290107684182","0.670709892315818","0.879292585055667","0.120707414944333","0.300663935814019","0.578628649241648","0.0286261718701637","0.0920812430741698","8785.08839541662","46.1721064538658","1.08308025829944e-11","46.6469341371074","0.000499750124937531"
"temprow.760","761","MeanCoopTie2Noncoop","Female_song_score","0.013256045947472","0.0479006153992311","0.0642110439900424","0.0346466125274233","997","0.360234007711368","0.639765992288632","0.873921684380148","0.126078315619852","0.324145945259044","0.549775739121104","0.0360880624523235","0.089990253167528","8785.08839541662","29.8658795841907","4.6298928068553e-08","30.2328362565438","0.000499750124937531"
"temprow.761","762","MeanCoopTie2Noncoop","Female_song_score","0.013256045947472","0.0479006153992311","0.0642110439900424","0.0346466125274233","997","0.306788749534482","0.693211250465518","0.861180960940067","0.138819039059933","0.281329758900253","0.579851202039814","0.0254589906342284","0.113360048425704","8785.08839541662","100.502557573684","1.18244173337595e-23","101.174322897038","0.000499750124937531"
"temprow.762","763","MeanCoopTie2Noncoop","Female_song_score","0.013256045947472","0.0479006153992311","0.0642110439900424","0.0346466125274233","997","0.304823619785503","0.695176380214497","0.886253768633104","0.113746231366896","0.275096847458318","0.611156921174786","0.0297267723271844","0.0840194590397113","8785.08839541662","9.86982003169996","0.00168011941760132","10.1005073971782","0.000499750124937531"
"temprow.763","764","MeanCoopTie2Noncoop","Female_song_score","0.013256045947472","0.0479006153992311","0.0642110439900424","0.0346466125274233","997","0.292815141119125","0.707184858880875","0.867424915267531","0.132575084732469","0.263286928719948","0.604137986547584","0.0295282123991776","0.103046872333291","8785.08839541662","31.631240290529","1.86406614209513e-08","32.02138383759","0.000499750124937531"
"temprow.764","765","MeanCoopTie2Noncoop","Female_song_score","0.013256045947472","0.0479006153992311","0.0642110439900424","0.0346466125274233","997","0.322781811961213","0.677218188038787","0.871274437905255","0.128725562094745","0.28402045776927","0.587253980135985","0.0387613541919431","0.089964207902802","8785.08839541662","2.58832754610254","0.107653955702308","2.6991035127149","0.0939530234882559"
"temprow.765","766","MeanCoopTie2Noncoop","Female_song_score","0.013256045947472","0.0479006153992311","0.0642110439900424","0.0346466125274233","997","0.309363669327542","0.690636330672458","0.881564671964556","0.118435328035444","0.276373811743071","0.605190860221484","0.0329898575844705","0.0854454704509737","8785.08839541662","5.07355937341081","0.0242934514713043","5.23569874663337","0.0224887556221889"
"temprow.766","767","MeanCoopTie2Noncoop","Female_song_score","0.013256045947472","0.0479006153992311","0.0642110439900424","0.0346466125274233","997","0.323564566464181","0.676435433535819","0.883823273223247","0.116176726776753","0.304619077328858","0.579204195894389","0.0189454891353227","0.0972312376414306","8785.08839541662","135.501045912525","2.56532538667833e-31","136.330996240517","0.000499750124937531"
"temprow.767","768","MeanCoopTie2Noncoop","Female_song_score","0.013256045947472","0.0479006153992311","0.0642110439900424","0.0346466125274233","997","0.322983089623335","0.677016910376665","0.89095519125512","0.10904480874488","0.292576465825946","0.598378725429174","0.0304066237973884","0.0786381849474911","8785.08839541662","9.39533388795754","0.00217538382547868","9.62104782511071","0.00299850074962519"
"temprow.768","769","MeanCoopTie2Noncoop","Female_song_score","0.013256045947472","0.0479006153992311","0.0642110439900424","0.0346466125274233","997","0.360390973776923","0.639609026223077","0.892530035320953","0.107469964679047","0.334673634196908","0.557856401124045","0.025717339580014","0.081752625099033","8785.08839541662","66.5692563787005","3.37813866318911e-16","67.1559976346893","0.000499750124937531"
"temprow.769","770","MeanCoopTie2Noncoop","Female_song_score","0.013256045947472","0.0479006153992311","0.0642110439900424","0.0346466125274233","997","0.313621551829914","0.686378448170086","0.872864963152704","0.127135036847296","0.282797233924369","0.590067729228335","0.0308243179055446","0.0963107189417515","8785.08839541662","29.5828610888187","5.35765828337931e-08","29.9594967138952","0.000499750124937531"
"temprow.770","771","MeanCoopTie2Noncoop","Female_song_score","0.013256045947472","0.0479006153992311","0.0642110439900424","0.0346466125274233","997","0.356667286941885","0.643332713058115","0.86332680302015","0.13667319697985","0.318686664745117","0.544640138275032","0.0379806221967675","0.0986925747830829","8785.08839541662","37.0610104704538","1.14490260644663e-09","37.4567416535541","0.000499750124937531"
"temprow.771","772","MeanCoopTie2Noncoop","Female_song_score","0.013256045947472","0.0479006153992311","0.0642110439900424","0.0346466125274233","997","0.322579381548881","0.677420618451119","0.886619759797778","0.113380240202222","0.293535508402339","0.593084251395439","0.0290438731465417","0.0843363670556801","8785.08839541662","22.4394189694872","2.16876938837629e-06","22.7817134040258","0.000499750124937531"
"temprow.772","773","MeanCoopTie2Noncoop","Female_song_score","0.013256045947472","0.0479006153992311","0.0642110439900424","0.0346466125274233","997","0.281887172674541","0.718112827325459","0.874324088575415","0.125675911424585","0.257121716849313","0.617202371726102","0.0247654558252282","0.100910455599357","8785.08839541662","44.252150380244","2.88687096025347e-11","44.7291150833962","0.000499750124937531"
"temprow.773","774","MeanCoopTie2Noncoop","Female_song_score","0.013256045947472","0.0479006153992311","0.0642110439900424","0.0346466125274233","997","0.30823125885525","0.69176874114475","0.882402727495154","0.117597272504846","0.273339524202682","0.609063203292472","0.0348917346525676","0.082705537852278","8785.08839541662","0.644517464094438","0.422079676441246","0.703364189810551","0.409795102448776"
"temprow.774","775","MeanCoopTie2Noncoop","Female_song_score","0.013256045947472","0.0479006153992311","0.0642110439900424","0.0346466125274233","997","0.320926708866364","0.679073291133636","0.874001504281706","0.125998495718294","0.289415106240611","0.584586398041096","0.0315116026257531","0.0944868930925406","8785.08839541662","28.7106103998899","8.4042006971187e-08","29.080786902426","0.000499750124937531"
"temprow.775","776","MeanCoopTie2Noncoop","Female_song_score","0.013256045947472","0.0479006153992311","0.0642110439900424","0.0346466125274233","997","0.380498330602998","0.619501669397002","0.881280073861454","0.118719926138546","0.341319223334268","0.539960850527185","0.0391791072687285","0.0795408188698179","8785.08839541662","12.6498597782503","0.000375593847281923","12.8926406470467","0.000499750124937531"
"temprow.776","777","MeanCoopTie2Noncoop","Female_song_score","0.013256045947472","0.0479006153992311","0.0642110439900424","0.0346466125274233","997","0.287758031308537","0.712241968691463","0.886164728397075","0.113835271602925","0.265804234414026","0.620360493983049","0.0219537968945108","0.0918814747084146","8785.08839541662","48.9224407403203","2.66286605039775e-12","49.4428153213994","0.000499750124937531"
"temprow.777","778","MeanCoopTie2Noncoop","Female_song_score","0.013256045947472","0.0479006153992311","0.0642110439900424","0.0346466125274233","997","0.291577347595657","0.708422652404343","0.899032348829874","0.100967651170126","0.274213434007852","0.624818914822022","0.0173639135878047","0.0836037375823216","8785.08839541662","67.152586126945","2.51285456093388e-16","67.7925644044361","0.000499750124937531"
"temprow.778","779","MeanCoopTie2Noncoop","Female_song_score","0.013256045947472","0.0479006153992311","0.0642110439900424","0.0346466125274233","997","0.313415747751749","0.686584252248251","0.895030923992249","0.104969076007751","0.284005954827172","0.611024969165077","0.0294097929245767","0.075559283083174","8785.08839541662","5.21547999272332","0.0223866663372225","5.38827039348213","0.024487756121939"
"temprow.779","780","MeanCoopTie2Noncoop","Female_song_score","0.013256045947472","0.0479006153992311","0.0642110439900424","0.0346466125274233","997","0.330522123640779","0.669477876359222","0.870683825850767","0.129316174149233","0.293015643287068","0.577668182563699","0.0375064803537106","0.0918096937955228","8785.08839541662","9.62323570091669","0.00192130930728112","9.83407675493322","0.00449775112443778"
"temprow.780","781","MeanCoopTie2Noncoop","Female_song_score","0.013256045947472","0.0479006153992311","0.0642110439900424","0.0346466125274233","997","0.316309206913738","0.683690793086262","0.873572477423057","0.126427522576943","0.28666734715853","0.586905130264528","0.0296418597552084","0.0967856628217343","8785.08839541662","39.0970843122926","4.03245764364822e-10","39.5300734121053","0.000499750124937531"
"temprow.781","782","MeanCoopTie2Noncoop","Female_song_score","0.013256045947472","0.0479006153992311","0.0642110439900424","0.0346466125274233","997","0.322890505886552","0.677109494113448","0.89219315956183","0.10780684043817","0.291774043727667","0.600419115834163","0.0311164621588845","0.076690378279286","8785.08839541662","5.61813696159179","0.0177755346344266","5.79389432678965","0.0164917541229385"
"temprow.782","783","MeanCoopTie2Noncoop","Female_song_score","0.013256045947472","0.0479006153992311","0.0642110439900424","0.0346466125274233","997","0.323784967412722","0.676215032587278","0.89806959613967","0.10193040386033","0.299416765021857","0.598652831117813","0.024368202390864","0.0775622014694657","8785.08839541662","32.1968031404396","1.39319801462364e-08","32.6259484104511","0.000499750124937531"
"temprow.783","784","MeanCoopTie2Noncoop","Female_song_score","0.013256045947472","0.0479006153992311","0.0642110439900424","0.0346466125274233","997","0.355842001053151","0.644157998946849","0.874560791673491","0.125439208326509","0.329712229095827","0.544848562577665","0.026129771957324","0.0993094363691845","8785.08839541662","118.36108957602","1.44529588165641e-27","119.094156973518","0.000499750124937531"
"temprow.784","785","MeanCoopTie2Noncoop","Female_song_score","0.013256045947472","0.0479006153992311","0.0642110439900424","0.0346466125274233","997","0.32541906150852","0.67458093849148","0.867349572031587","0.132650427968413","0.294305888935103","0.573043683096485","0.031113172573417","0.101537255394996","8785.08839541662","50.3055750201315","1.31575217039215e-12","50.7829052335621","0.000499750124937531"
"temprow.785","786","MeanCoopTie2Noncoop","Female_song_score","0.013256045947472","0.0479006153992311","0.0642110439900424","0.0346466125274233","997","0.32073285948281","0.67926714051719","0.873578996521519","0.126421003478481","0.290174715517714","0.583404281003805","0.0305581439650956","0.0958628595133853","8785.08839541662","36.2193745947407","1.76308991799293e-09","36.6346197592697","0.000499750124937531"
"temprow.786","787","MeanCoopTie2Noncoop","Female_song_score","0.013256045947472","0.0479006153992311","0.0642110439900424","0.0346466125274233","997","0.289772650191358","0.710227349808642","0.875915789183254","0.124084210816746","0.269558371931824","0.60635741725143","0.020214278259534","0.103869932557212","8785.08839541662","96.3482854562497","9.63512911568425e-23","97.0495125170423","0.000499750124937531"
"temprow.787","788","MeanCoopTie2Noncoop","Female_song_score","0.013256045947472","0.0479006153992311","0.0642110439900424","0.0346466125274233","997","0.313843836500171","0.686156163499829","0.891925825296806","0.108074174703193","0.287093758081325","0.604832067215482","0.0267500784188459","0.0813240962843476","8785.08839541662","21.3098217623594","3.90724451552913e-06","21.6531075333564","0.000499750124937531"
"temprow.788","789","MeanCoopTie2Noncoop","Female_song_score","0.013256045947472","0.0479006153992311","0.0642110439900424","0.0346466125274233","997","0.346413518704073","0.653586481295927","0.864506644145136","0.135493355854864","0.313589907306105","0.550916736839032","0.0328236113979685","0.102669744456895","8785.08839541662","65.6930191170152","5.26921759305525e-16","66.2251631008829","0.000499750124937531"
"temprow.789","790","MeanCoopTie2Noncoop","Female_song_score","0.013256045947472","0.0479006153992311","0.0642110439900424","0.0346466125274233","997","0.338147679689848","0.661852320310152","0.863332827753958","0.136667172246042","0.304718902859853","0.558613924894105","0.033428776829995","0.103238395416047","8785.08839541662","53.7341752399358","2.2953559339472e-13","54.2164556864864","0.000499750124937531"
"temprow.790","791","MeanCoopTie2Noncoop","Female_song_score","0.013256045947472","0.0479006153992311","0.0642110439900424","0.0346466125274233","997","0.342350770879438","0.657649229120562","0.871775186638336","0.128224813361664","0.313567991481481","0.558207195156855","0.0287827793979564","0.0994420339637072","8785.08839541662","79.1815037788084","5.66580429269324e-19","79.7809394947326","0.000499750124937531"
"temprow.791","792","MeanCoopTie2Noncoop","Female_song_score","0.013256045947472","0.0479006153992311","0.0642110439900424","0.0346466125274233","997","0.320164215532143","0.679835784467857","0.886357086453919","0.113642913546081","0.295470256943827","0.590886829510092","0.0246939585883164","0.088948954957765","8785.08839541662","54.0983907747452","1.90697377369864e-13","54.6297303601057","0.000499750124937531"
"temprow.792","793","MeanCoopTie2Noncoop","Female_song_score","0.013256045947472","0.0479006153992311","0.0642110439900424","0.0346466125274233","997","0.299146485649602","0.700853514350398","0.897373567952874","0.102626432047126","0.271312147693254","0.62606142025962","0.027834337956348","0.0747920940907777","8785.08839541662","3.50838795739192","0.061058839816488","3.65363620921415","0.0544727636181909"
"temprow.793","794","MeanCoopTie2Noncoop","Female_song_score","0.013256045947472","0.0479006153992311","0.0642110439900424","0.0346466125274233","997","0.375363420179565","0.624636579820435","0.886913168161685","0.113086831838315","0.330738232652731","0.556174935508953","0.0446251875268333","0.0684616443114817","8785.08839541662","1.69602758354041","0.19280830302052","1.78786087290078","0.19240379810095"
"temprow.794","795","MeanCoopTie2Noncoop","Female_song_score","0.013256045947472","0.0479006153992311","0.0642110439900424","0.0346466125274233","997","0.312925167093277","0.687074832906723","0.887121955444909","0.112878044555091","0.284704585371916","0.602417370072993","0.0282205817213613","0.0846574628337299","8785.08839541662","20.2626505436834","6.75056104291258e-06","20.591230174869","0.000499750124937531"
"temprow.795","796","MeanCoopTie2Noncoop","Female_song_score","0.013256045947472","0.0479006153992311","0.0642110439900424","0.0346466125274233","997","0.299578197488536","0.700421802511464","0.880766800636667","0.119233199363333","0.274392533775186","0.606374266861481","0.0251856637133489","0.0940475356499836","8785.08839541662","43.9114245987193","3.43577526060253e-11","44.3890677130547","0.000499750124937531"
"temprow.796","797","MeanCoopTie2Noncoop","Female_song_score","0.013256045947472","0.0479006153992311","0.0642110439900424","0.0346466125274233","997","0.313930168671645","0.686069831328355","0.879111891184968","0.120888108815032","0.282881440086738","0.59623045109823","0.0310487285849067","0.0898393802301251","8785.08839541662","17.8484302095955","2.39216527124376e-05","18.147600321722","0.000499750124937531"
"temprow.797","798","MeanCoopTie2Noncoop","Female_song_score","0.013256045947472","0.0479006153992311","0.0642110439900424","0.0346466125274233","997","0.313794219828667","0.686205780171333","0.873652558834464","0.126347441165536","0.282885706042618","0.590766852791846","0.0309085137860495","0.095438927379487","8785.08839541662","27.5514825624719","1.52968072179576e-07","27.9159078357593","0.000499750124937531"
"temprow.798","799","MeanCoopTie2Noncoop","Female_song_score","0.013256045947472","0.0479006153992311","0.0642110439900424","0.0346466125274233","997","0.306538657123094","0.693461342876906","0.88486918210161","0.11513081789839","0.27416522282343","0.61070395927818","0.0323734342996643","0.0827573835987256","8785.08839541662","3.3969591027559","0.0653167283503306","3.5319214487335","0.072463768115942"
"temprow.799","800","MeanCoopTie2Noncoop","Female_song_score","0.013256045947472","0.0479006153992311","0.0642110439900424","0.0346466125274233","997","0.319924996468353","0.680075003531647","0.884713478335045","0.115286521664955","0.286855299531026","0.597858178804018","0.0330696969373266","0.0822168247276289","8785.08839541662","5.46230326370136","0.0194310174218482","5.63095096863133","0.0189905047476262"
"temprow.800","801","MeanCoopTie2Noncoop","Female_song_score","0.013256045947472","0.0479006153992311","0.0642110439900424","0.0346466125274233","997","0.348598724185093","0.651401275814907","0.875980928846108","0.124019071153892","0.309856849303423","0.566124079542685","0.0387418748816694","0.0852771962722228","8785.08839541662","7.06192564502851","0.00787393166817101","7.24363294372397","0.0079960019990005"
"temprow.801","802","MeanCoopTie2Noncoop","Female_song_score","0.013256045947472","0.0479006153992311","0.0642110439900424","0.0346466125274233","997","0.335626612373405","0.664373387626595","0.887136409460543","0.112863590539457","0.310065505792305","0.577070903668239","0.0255611065811002","0.0873024839583564","8785.08839541662","58.8505402222911","1.70115059595155e-14","59.3994524714829","0.000499750124937531"
"temprow.802","803","MeanCoopTie2Noncoop","Female_song_score","0.013256045947472","0.0479006153992311","0.0642110439900424","0.0346466125274233","997","0.311671539346617","0.688328460653383","0.880345850331596","0.119654149668404","0.287627980419154","0.592717869912442","0.0240435589274631","0.0956105907409412","8785.08839541662","67.862533347522","1.75300736039719e-16","68.4484987882114","0.000499750124937531"
"temprow.803","804","MeanCoopTie2Noncoop","Female_song_score","0.013256045947472","0.0479006153992311","0.0642110439900424","0.0346466125274233","997","0.306525816777815","0.693474183222185","0.892157658408864","0.107842341591136","0.292053336147695","0.600104322261169","0.0144724806301196","0.0933698609610161","8785.08839541662","147.561753094662","5.91467299320943e-34","148.469553177565","0.000499750124937531"
"temprow.804","805","MeanCoopTie2Noncoop","Female_song_score","0.013256045947472","0.0479006153992311","0.0642110439900424","0.0346466125274233","997","0.329671839234981","0.670328160765019","0.878057668306524","0.121942331693476","0.303224432321017","0.574833235985508","0.0264474069139642","0.0954949247795115","8785.08839541662","69.9373794223206","6.12173291292631e-17","70.5186955559684","0.000499750124937531"
"temprow.805","806","MeanCoopTie2Noncoop","Female_song_score","0.013256045947472","0.0479006153992311","0.0642110439900424","0.0346466125274233","997","0.339121777903841","0.660878222096159","0.89058632144456","0.10941367855544","0.311767556118501","0.578818765326059","0.0273542217853398","0.0820594567701003","8785.08839541662","38.0010168691047","7.07077693323218e-10","38.4474230831928","0.000499750124937531"
"temprow.806","807","MeanCoopTie2Noncoop","Female_song_score","0.013256045947472","0.0479006153992311","0.0642110439900424","0.0346466125274233","997","0.316142977554986","0.683857022445013","0.851326143579835","0.148673856420165","0.27967372915645","0.571652414423385","0.036469248398536","0.112204608021629","8785.08839541662","35.470922020675","2.58886610030692e-09","35.8561137011714","0.000499750124937531"
"temprow.807","808","MeanCoopTie2Noncoop","Female_song_score","0.013256045947472","0.0479006153992311","0.0642110439900424","0.0346466125274233","997","0.309970465303701","0.690029534696299","0.882293115962969","0.117706884037031","0.280330067736853","0.601963048226117","0.0296403975668474","0.0880664864701832","8785.08839541662","18.4488222476285","1.74528661268541e-05","18.7575899629071","0.000499750124937531"
"temprow.808","809","MeanCoopTie2Noncoop","Female_song_score","0.013256045947472","0.0479006153992311","0.0642110439900424","0.0346466125274233","997","0.331537046668033","0.668462953331967","0.892557540803436","0.107442459196564","0.301564450022351","0.590993090781085","0.0299725966456812","0.0774698625508825","8785.08839541662","13.0763790009397","0.000299042981266565","13.3423601030818","0.000999500249875062"
"temprow.809","810","MeanCoopTie2Noncoop","Female_song_score","0.013256045947472","0.0479006153992311","0.0642110439900424","0.0346466125274233","997","0.303605514924499","0.696394485075501","0.884800677567615","0.115199322432385","0.286762641347471","0.598038036220144","0.0168428735770272","0.0983564488553575","8785.08839541662","133.086641934212","8.65509062409894e-31","133.926416138375","0.000499750124937531"
"temprow.810","811","MeanCoopTie2Noncoop","Female_song_score","0.013256045947472","0.0479006153992311","0.0642110439900424","0.0346466125274233","997","0.320277827455845","0.679722172544155","0.884512517935314","0.115487482064686","0.298588945338786","0.585923572596528","0.0216888821170586","0.093798599947627","8785.08839541662","91.3550999482309","1.20070250276627e-21","92.0400544262792","0.000499750124937531"
"temprow.811","812","MeanCoopTie2Noncoop","Female_song_score","0.013256045947472","0.0479006153992311","0.0642110439900424","0.0346466125274233","997","0.310703429122889","0.689296570877111","0.882469765576497","0.117530234423503","0.284710671495118","0.597759094081379","0.02599275762777","0.0915374767957333","8785.08839541662","43.5086648569496","4.22086298386823e-11","43.9822497149204","0.000499750124937531"
"temprow.812","813","MeanCoopTie2Noncoop","Female_song_score","0.013256045947472","0.0479006153992311","0.0642110439900424","0.0346466125274233","997","0.331413089276532","0.668586910723468","0.89252818479576","0.10747181520424","0.298196100089996","0.594332084705764","0.0332169891865354","0.074254826017705","8785.08839541662","2.23142661748629","0.135228936166602","2.34208732841518","0.141429285357321"
"temprow.813","814","MeanCoopTie2Noncoop","Female_song_score","0.013256045947472","0.0479006153992311","0.0642110439900424","0.0346466125274233","997","0.329180738149609","0.670819261850391","0.880057730210007","0.119942269789993","0.305744353400222","0.574313376809785","0.0234363847493862","0.0965058850406067","8785.08839541662","96.3401180928208","9.67495834166105e-23","97.0271595599411","0.000499750124937531"
"temprow.814","815","MeanCoopTie2Noncoop","Female_song_score","0.013256045947472","0.0479006153992311","0.0642110439900424","0.0346466125274233","997","0.331723876612159","0.668276123387841","0.880669416567365","0.119330583432635","0.308054948695927","0.572614467871438","0.0236689279162313","0.0956616555164038","8785.08839541662","94.6497130456535","2.2723919418904e-22","95.3310703804849","0.000499750124937531"
"temprow.815","816","MeanCoopTie2Noncoop","Female_song_score","0.013256045947472","0.0479006153992311","0.0642110439900424","0.0346466125274233","997","0.323610435743409","0.676389564256591","0.892861273689773","0.107138726310227","0.303004950418984","0.589856323270789","0.020605485324424","0.0865332409858031","8785.08839541662","82.2970123554309","1.17098989378488e-19","82.9673104027075","0.000499750124937531"
"temprow.816","817","MeanCoopTie2Noncoop","Female_song_score","0.013256045947472","0.0479006153992311","0.0642110439900424","0.0346466125274233","997","0.304441319009839","0.695558680990161","0.880755025456683","0.119244974543317","0.280670885873548","0.600084139583136","0.023770433136291","0.0954745414070256","8785.08839541662","61.4294798457329","4.58888037941902e-15","61.9913706229093","0.000499750124937531"
"temprow.817","818","MeanCoopTie2Noncoop","Female_song_score","0.013256045947472","0.0479006153992311","0.0642110439900424","0.0346466125274233","997","0.308627022938385","0.691372977061615","0.89894491413161","0.10105508586839","0.285669652118094","0.613275262013515","0.0229573708202898","0.0780977150481003","8785.08839541662","30.0970254207099","4.10961090333023e-08","30.5188336223751","0.000499750124937531"
"temprow.818","819","MeanCoopTie2Noncoop","Female_song_score","0.013256045947472","0.0479006153992311","0.0642110439900424","0.0346466125274233","997","0.328959184541155","0.671040815458845","0.877157767642409","0.122842232357591","0.29905265280575","0.578105114836659","0.0299065317354043","0.0929357006221864","8785.08839541662","40.035097248545","2.49440516093785e-10","40.4740346197263","0.000499750124937531"
"temprow.819","820","MeanCoopTie2Noncoop","Female_song_score","0.013256045947472","0.0479006153992311","0.0642110439900424","0.0346466125274233","997","0.332934310296073","0.667065689703927","0.881057844137066","0.118942155862934","0.302644450785662","0.578413393351404","0.0302898595104112","0.088652296352523","8785.08839541662","32.4329324395627","1.23377797513111e-08","32.8324138472439","0.000499750124937531"
"temprow.820","821","MeanCoopTie2Noncoop","Female_song_score","0.013256045947472","0.0479006153992311","0.0642110439900424","0.0346466125274233","997","0.334134838654143","0.665865161345857","0.877309578926077","0.122690421073923","0.289001105386559","0.588308473539518","0.0451337332675843","0.0775566878063383","8785.08839541662","6.23622515808704","0.0125162973555979","6.40956144084229","0.00949525237381309"
"temprow.821","822","MeanCoopTie2Noncoop","Female_song_score","0.013256045947472","0.0479006153992311","0.0642110439900424","0.0346466125274233","997","0.323815240310599","0.676184759689401","0.878765701826205","0.121234298173795","0.295000272516681","0.583765429309523","0.0288149677939176","0.0924193303798778","8785.08839541662","40.7623118521539","1.71916888784176e-10","41.209520863145","0.000499750124937531"
"temprow.822","823","MeanCoopTie2Noncoop","Female_song_score","0.013256045947472","0.0479006153992311","0.0642110439900424","0.0346466125274233","997","0.313115960297596","0.686884039702404","0.885179108344083","0.114820891655917","0.292070195286339","0.593108913057744","0.021045765011257","0.0937751266446596","8785.08839541662","88.5637412819967","4.92229394310359e-21","89.2440575304476","0.000499750124937531"
"temprow.823","824","MeanCoopTie2Noncoop","Female_song_score","0.013256045947472","0.0479006153992311","0.0642110439900424","0.0346466125274233","997","0.326392824588677","0.673607175411323","0.870642441082252","0.129357558917748","0.288291632622844","0.582350808459408","0.0381011919658319","0.0912563669519163","8785.08839541662","5.83917544126218","0.0156731699353475","6.0041199775763","0.0114942528735632"
"temprow.824","825","MeanCoopTie2Noncoop","Female_song_score","0.013256045947472","0.0479006153992311","0.0642110439900424","0.0346466125274233","997","0.319994552559046","0.680005447440954","0.897781280273548","0.102218719726452","0.296296065479332","0.601485214794216","0.023698487079714","0.0785202326467384","8785.08839541662","35.43230424308","2.64070628100117e-09","35.8831522913331","0.000499750124937531"
"temprow.825","826","MeanCoopTie2Noncoop","Female_song_score","0.013256045947472","0.0479006153992311","0.0642110439900424","0.0346466125274233","997","0.342876430225389","0.657123569774611","0.872230707402107","0.127769292597893","0.315364262999292","0.556866444402816","0.0275121672260974","0.100257125371795","8785.08839541662","92.15309179846","8.0223982493589e-22","92.8004024754116","0.000499750124937531"
"temprow.826","827","MeanCoopTie2Noncoop","Female_song_score","0.013256045947472","0.0479006153992311","0.0642110439900424","0.0346466125274233","997","0.34818053008621","0.65181946991379","0.879630874076878","0.120369125923122","0.315970476918659","0.563660397158218","0.0322100531675507","0.0881590727555717","8785.08839541662","33.8790137584506","5.8647918190486e-09","34.2808727893446","0.000499750124937531"
"temprow.827","828","MeanCoopTie2Noncoop","Female_song_score","0.013256045947472","0.0479006153992311","0.0642110439900424","0.0346466125274233","997","0.321174852042113","0.678825147957887","0.874614119624525","0.125385880375475","0.295353351172243","0.579260768452282","0.0258215008698696","0.0995643795056055","8785.08839541662","76.0989026118281","2.6980717904007e-18","76.7018812809201","0.000499750124937531"
"temprow.828","829","MeanCoopTie2Noncoop","Female_song_score","0.013256045947472","0.0479006153992311","0.0642110439900424","0.0346466125274233","997","0.308333537309779","0.691666462690221","0.878035521363807","0.121964478636193","0.275940796654869","0.602094724708938","0.0323927406549091","0.0895717379812839","8785.08839541662","10.1189347536539","0.00146753794000788","10.3447015151899","0.000499750124937531"
"temprow.829","830","MeanCoopTie2Noncoop","Female_song_score","0.013256045947472","0.0479006153992311","0.0642110439900424","0.0346466125274233","997","0.321985968592451","0.678014031407549","0.881032262843288","0.118967737156712","0.29403824716032","0.586994015682968","0.0279477214321316","0.0910200157245806","8785.08839541662","40.5346079382912","1.93164205786455e-10","40.9847337119426","0.000499750124937531"
"temprow.830","831","MeanCoopTie2Noncoop","Female_song_score","0.013256045947472","0.0479006153992311","0.0642110439900424","0.0346466125274233","997","0.323851093094327","0.676148906905673","0.898055582723616","0.101944417276384","0.307220187802562","0.590835394921054","0.0166309052917647","0.0853135119846195","8785.08839541662","116.738054225074","3.27599850565491e-27","117.553868450277","0.000499750124937531"
"temprow.831","832","MeanCoopTie2Noncoop","Female_song_score","0.013256045947472","0.0479006153992311","0.0642110439900424","0.0346466125274233","997","0.316135804652876","0.683864195347124","0.879987194453244","0.120012805546756","0.280080522033213","0.599906672420031","0.0360552826196628","0.0839575229270928","8785.08839541662","1.28743576352788","0.256521045059579","1.36877060786447","0.234382808595702"
"temprow.832","833","MeanCoopTie2Noncoop","Female_song_score","0.013256045947472","0.0479006153992311","0.0642110439900424","0.0346466125274233","997","0.289483615565945","0.710516384434055","0.868073835794696","0.131926164205304","0.270219079755136","0.597854756039561","0.0192645358108094","0.112661628394494","8785.08839541662","133.159742226675","8.34219968037816e-31","133.963134259444","0.000499750124937531"
"temprow.833","834","MeanCoopTie2Noncoop","Female_song_score","0.013256045947472","0.0479006153992311","0.0642110439900424","0.0346466125274233","997","0.322376386734473","0.677623613265527","0.883436706534455","0.116563293465545","0.296680295882436","0.586756410652019","0.0256960908520358","0.0908672026135091","8785.08839541662","54.3169947274476","1.70619811646237e-13","54.8425323712007","0.000499750124937531"
"temprow.834","835","MeanCoopTie2Noncoop","Female_song_score","0.013256045947472","0.0479006153992311","0.0642110439900424","0.0346466125274233","997","0.331910159124807","0.668089840875193","0.869243599538052","0.130756400461948","0.306671094581525","0.562572504956527","0.0252390645432817","0.105517335918666","8785.08839541662","113.989265518081","1.31015829989666e-26","114.707818241195","0.000499750124937531"
"temprow.835","836","MeanCoopTie2Noncoop","Female_song_score","0.013256045947472","0.0479006153992311","0.0642110439900424","0.0346466125274233","997","0.313546392447988","0.686453607552012","0.893493710467726","0.106506289532274","0.288099753725146","0.60539395674258","0.0254466387228418","0.081059650809432","8785.08839541662","26.4727521025334","2.67281733690422e-07","26.857625244448","0.000499750124937531"
"temprow.836","837","MeanCoopTie2Noncoop","Female_song_score","0.013256045947472","0.0479006153992311","0.0642110439900424","0.0346466125274233","997","0.299202704261567","0.700797295738433","0.862512581432438","0.137487418567562","0.267419122527234","0.595093458905204","0.0317835817343325","0.105703836833229","8785.08839541662","30.6833175233523","3.03765524190997e-08","31.0592489295963","0.000499750124937531"
"temprow.837","838","MeanCoopTie2Noncoop","Female_song_score","0.013256045947472","0.0479006153992311","0.0642110439900424","0.0346466125274233","997","0.3541205397472","0.6458794602528","0.877490152347775","0.122509847652224","0.327625575640751","0.549864576707024","0.0264949641064488","0.0960148835457756","8785.08839541662","100.796378368772","1.01942546963215e-23","101.480716206531","0.000499750124937531"
"temprow.838","839","MeanCoopTie2Noncoop","Female_song_score","0.013256045947472","0.0479006153992311","0.0642110439900424","0.0346466125274233","997","0.340407345826841","0.659592654173159","0.883875959004807","0.116124040995193","0.30997984026291","0.573896118741897","0.0304275055639305","0.085696535431262","8785.08839541662","31.3500975465447","2.15447872608194e-08","31.7448817769539","0.000499750124937531"
"temprow.839","840","MeanCoopTie2Noncoop","Female_song_score","0.013256045947472","0.0479006153992311","0.0642110439900424","0.0346466125274233","997","0.300994827399133","0.699005172600867","0.894032886165524","0.105967113834476","0.276322414440223","0.617710471725301","0.0246724129589093","0.0812947008755671","8785.08839541662","22.5001070498113","2.10131884987623e-06","22.8599598654049","0.000499750124937531"
"temprow.840","841","MeanCoopTie2Noncoop","Female_song_score","0.013256045947472","0.0479006153992311","0.0642110439900424","0.0346466125274233","997","0.350190646778282","0.649809353221718","0.8860655491964","0.113934450803599","0.318517398650574","0.567548150545826","0.0316732481277079","0.0822612026758914","8785.08839541662","25.6812221458779","4.02726701860191e-07","26.0391820359976","0.000499750124937531"
"temprow.841","842","MeanCoopTie2Noncoop","Female_song_score","0.013256045947472","0.0479006153992311","0.0642110439900424","0.0346466125274233","997","0.34836417254641","0.65163582745359","0.884545754362145","0.115454245637855","0.315172924116784","0.569372830245361","0.0331912484296257","0.0822629972082291","8785.08839541662","18.3304941690578","1.857106306205e-05","18.6316253621995","0.000499750124937531"
"temprow.842","843","MeanCoopTie2Noncoop","Female_song_score","0.013256045947472","0.0479006153992311","0.0642110439900424","0.0346466125274233","997","0.326746860683409","0.673253139316591","0.853351997157899","0.146648002842101","0.29427168471881","0.559080312439089","0.032475175964598","0.114172826877502","8785.08839541662","75.6934141931337","3.31310812271253e-18","76.253976026513","0.000499750124937531"
"temprow.843","844","MeanCoopTie2Noncoop","Female_song_score","0.013256045947472","0.0479006153992311","0.0642110439900424","0.0346466125274233","997","0.305365623642561","0.694634376357439","0.879398593882321","0.120601406117679","0.280333327858132","0.599065266024189","0.0250322957844291","0.0955691103332499","8785.08839541662","53.8594860892871","2.15352832104851e-13","54.3826724922677","0.000499750124937531"
"temprow.844","845","MeanCoopTie2Noncoop","Female_song_score","0.013256045947472","0.0479006153992311","0.0642110439900424","0.0346466125274233","997","0.32188453789405","0.67811546210595","0.883653832756787","0.116346167243213","0.299800815840647","0.583853016916141","0.0220837220534026","0.0942624451898098","8785.08839541662","91.7585111120249","9.79261897895553e-22","92.4420269891827","0.000499750124937531"
"temprow.845","846","MeanCoopTie2Noncoop","Female_song_score","0.013256045947472","0.0479006153992311","0.0642110439900424","0.0346466125274233","997","0.277127758126722","0.722872241873278","0.848929001510501","0.151070998489499","0.245552335306385","0.603376666204116","0.0315754228203371","0.119495575669162","8785.08839541662","36.0266948145672","1.94632743391809e-09","36.4273764089547","0.000499750124937531"
"temprow.846","847","MeanCoopTie2Noncoop","Female_song_score","0.013256045947472","0.0479006153992311","0.0642110439900424","0.0346466125274233","997","0.329437031993636","0.670562968006364","0.865271949185142","0.134728050814858","0.285554888160964","0.579717061024178","0.0438821438326714","0.0908459069821864","8785.08839541662","0.0582117044324984","0.80934507125896","0.0753536609983049","0.797101449275362"
"temprow.847","848","MeanCoopTie2Noncoop","Female_song_score","0.013256045947472","0.0479006153992311","0.0642110439900424","0.0346466125274233","997","0.315894852286215","0.684105147713785","0.867785592807559","0.132214407192441","0.280215530076777","0.587570062730783","0.0356793222094383","0.0965350849830025","8785.08839541662","13.0161382248423","0.000308818004380839","13.2617856114961","0.000499750124937531"
"temprow.848","849","MeanCoopTie2Noncoop","Female_song_score","0.013256045947472","0.0479006153992311","0.0642110439900424","0.0346466125274233","997","0.344695135319253","0.655304864680747","0.892885291093287","0.107114708906713","0.322822272722991","0.570063018370297","0.0218728625962623","0.0852418463104505","8785.08839541662","91.5917171179481","1.06538016647959e-21","92.2877404941028","0.000499750124937531"
"temprow.849","850","MeanCoopTie2Noncoop","Female_song_score","0.013256045947472","0.0479006153992311","0.0642110439900424","0.0346466125274233","997","0.329471880938174","0.670528119061826","0.872731854381839","0.127268145618161","0.296274667029232","0.576457187352607","0.0331972139089415","0.0940709317092198","8785.08839541662","26.7398550308289","2.32770589348126e-07","27.0932043657196","0.000499750124937531"
"temprow.850","851","MeanCoopTie2Noncoop","Female_song_score","0.013256045947472","0.0479006153992311","0.0642110439900424","0.0346466125274233","997","0.347614460819293","0.652385539180707","0.865784561141897","0.134215438858103","0.31338401805165","0.552400543090247","0.0342304427676424","0.0999849960904606","8785.08839541662","50.7265823043464","1.06171809609343e-12","51.1957698069257","0.000499750124937531"
"temprow.851","852","MeanCoopTie2Noncoop","Female_song_score","0.013256045947472","0.0479006153992311","0.0642110439900424","0.0346466125274233","997","0.325168631759711","0.674831368240289","0.885302426752182","0.114697573247818","0.297335743268043","0.587966683484138","0.0278328884916677","0.0868646847561507","8785.08839541662","34.6013997186902","4.04615243076664e-09","35.0230291802327","0.000499750124937531"
"temprow.852","853","MeanCoopTie2Noncoop","Female_song_score","0.013256045947472","0.0479006153992311","0.0642110439900424","0.0346466125274233","997","0.313052357546512","0.686947642453488","0.891717984718778","0.108282015281222","0.283371343230554","0.608346641488224","0.0296810143159569","0.0786010009652648","8785.08839541662","7.30172680466242","0.00688883731502247","7.50310004162199","0.00549725137431284"
"temprow.853","854","MeanCoopTie2Noncoop","Female_song_score","0.013256045947472","0.0479006153992311","0.0642110439900424","0.0346466125274233","997","0.31325240149435","0.68674759850565","0.85779978913999","0.14220021086001","0.285791775106812","0.572008014033178","0.0274606263875374","0.114739584472472","8785.08839541662","97.3085400755732","5.93239088216007e-23","97.9593736510718","0.000499750124937531"
"temprow.854","855","MeanCoopTie2Noncoop","Female_song_score","0.013256045947472","0.0479006153992311","0.0642110439900424","0.0346466125274233","997","0.365906510349377","0.634093489650623","0.883727932092908","0.116272067907092","0.337725319294821","0.546002612798087","0.0281811910545557","0.0880908768525364","8785.08839541662","75.1322060623763","4.40226436731539e-18","75.7321891946377","0.000499750124937531"
"temprow.855","856","MeanCoopTie2Noncoop","Female_song_score","0.013256045947472","0.0479006153992311","0.0642110439900424","0.0346466125274233","997","0.303599004130158","0.696400995869842","0.870689086430538","0.129310913569462","0.281777245171573","0.588911841258966","0.0218217589585852","0.107489154610876","8785.08839541662","111.02674357197","5.83778369605162e-26","111.75658863682","0.000499750124937531"
"temprow.856","857","MeanCoopTie2Noncoop","Female_song_score","0.013256045947472","0.0479006153992311","0.0642110439900424","0.0346466125274233","997","0.330139950334165","0.669860049665835","0.879637769593288","0.120362230406712","0.284727643762874","0.594910125830414","0.0454123065712911","0.0749499238354212","8785.08839541662","11.9333352588114","0.000551383760557781","12.1754534563572","0.00149925037481259"
"temprow.857","858","MeanCoopTie2Noncoop","Female_song_score","0.013256045947472","0.0479006153992311","0.0642110439900424","0.0346466125274233","997","0.348484368759658","0.651515631240342","0.877885174923261","0.122114825076739","0.310914379043978","0.566970795879283","0.0375699897156805","0.0845448353610587","8785.08839541662","8.79601490883041","0.00301889253488453","8.99999462562592","0.00399800099950025"
"temprow.858","859","MeanCoopTie2Noncoop","Female_song_score","0.013256045947472","0.0479006153992311","0.0642110439900424","0.0346466125274233","997","0.341506587135011","0.658493412864989","0.897920255361151","0.102079744638849","0.316076675061151","0.5818435803","0.0254299120738595","0.0766498325649892","8785.08839541662","37.5947239865836","8.70797006568677e-10","38.0519313765449","0.000499750124937531"
"temprow.859","860","MeanCoopTie2Noncoop","Female_song_score","0.013256045947472","0.0479006153992311","0.0642110439900424","0.0346466125274233","997","0.30697318203153","0.69302681796847","0.87700426713449","0.12299573286551","0.283062808003956","0.593941459130534","0.0239103740275739","0.099085358837936","8785.08839541662","72.7242176913795","1.49093287990128e-17","73.3261838989409","0.000499750124937531"
"temprow.860","861","MeanCoopTie2Noncoop","Female_song_score","0.013256045947472","0.0479006153992311","0.0642110439900424","0.0346466125274233","997","0.322882915023859","0.677117084976141","0.893906016184729","0.106093983815271","0.297196132519466","0.596709883665263","0.0256867825043927","0.0804072013108779","8785.08839541662","30.4501363538365","3.42559249551919e-08","30.8603609889062","0.000499750124937531"
"temprow.861","862","MeanCoopTie2Noncoop","Female_song_score","0.013256045947472","0.0479006153992311","0.0642110439900424","0.0346466125274233","997","0.325480271259788","0.674519728740212","0.884894017570832","0.115105982429168","0.301338819857091","0.583555197713741","0.024141451402697","0.0909645310264709","8785.08839541662","69.1292424748646","9.22178518560909e-17","69.7237927674913","0.000499750124937531"
"temprow.862","863","MeanCoopTie2Noncoop","Female_song_score","0.013256045947472","0.0479006153992311","0.0642110439900424","0.0346466125274233","997","0.340299288257749","0.659700711742251","0.835152138184178","0.164847861815822","0.303682063614546","0.531470074569633","0.036617224643203","0.128230637172619","8785.08839541662","107.157477318379","4.11164755636933e-25","107.786462919796","0.000499750124937531"
"temprow.863","864","MeanCoopTie2Noncoop","Female_song_score","0.013256045947472","0.0479006153992311","0.0642110439900424","0.0346466125274233","997","0.301485400086235","0.698514599913765","0.890309159016116","0.109690840983884","0.277571163373966","0.61273799564215","0.0239142367122682","0.0857766042716153","8785.08839541662","35.4788469581985","2.57835441311061e-09","35.9233190824264","0.000499750124937531"
"temprow.864","865","MeanCoopTie2Noncoop","Female_song_score","0.013256045947472","0.0479006153992311","0.0642110439900424","0.0346466125274233","997","0.323566484874313","0.676433515125687","0.87762153917832","0.12237846082168","0.28406786535077","0.59355367382755","0.0394986195235426","0.0828798412981376","8785.08839541662","0.000741403838256859","0.978277299493963","0.00384674094793467","0.971014492753623"
"temprow.865","866","MeanCoopTie2Noncoop","Female_song_score","0.013256045947472","0.0479006153992311","0.0642110439900424","0.0346466125274233","997","0.315049152595345","0.684950847404655","0.899165617858693","0.100834382141307","0.294930010352335","0.604235607506358","0.0201191422430097","0.0807152398982977","8785.08839541662","60.117404664742","8.93646182450108e-15","60.7101981982074","0.000499750124937531"
"temprow.866","867","MeanCoopTie2Noncoop","Female_song_score","0.013256045947472","0.0479006153992311","0.0642110439900424","0.0346466125274233","997","0.322486810629174","0.677513189370826","0.880943379435701","0.119056620564299","0.286827269082007","0.594116110353694","0.0356595415471674","0.0833970790171319","8785.08839541662","2.81724235393661","0.0932564971896593","2.93677785209111","0.087456271864068"
"temprow.867","868","MeanCoopTie2Noncoop","Female_song_score","0.013256045947472","0.0479006153992311","0.0642110439900424","0.0346466125274233","997","0.333532603281907","0.666467396718093","0.877183116682673","0.122816883317327","0.298580172963108","0.578602943719565","0.0349524303187979","0.0878644529985289","8785.08839541662","13.0367166292092","0.000305443122564289","13.2868332156285","0.000499750124937531"
"temprow.868","869","MeanCoopTie2Noncoop","Female_song_score","0.013256045947472","0.0479006153992311","0.0642110439900424","0.0346466125274233","997","0.358623979096562","0.641376020903438","0.891658235328771","0.108341764671229","0.325031088913865","0.566627146414906","0.0335928901826959","0.0747488744885329","8785.08839541662","10.7701368073456","0.00103150884938646","11.006293269597","0.00199900049975012"
"temprow.869","870","MeanCoopTie2Noncoop","Female_song_score","0.013256045947472","0.0479006153992311","0.0642110439900424","0.0346466125274233","997","0.32861093086071","0.67138906913929","0.876369755812698","0.123630244187302","0.292398332897164","0.583971422915534","0.0362125979635456","0.0874176462237563","8785.08839541662","7.01866400456417","0.00806643950505484","7.20267806317191","0.0104947526236882"
"temprow.870","871","MeanCoopTie2Noncoop","Female_song_score","0.013256045947472","0.0479006153992311","0.0642110439900424","0.0346466125274233","997","0.335115109493947","0.664884890506053","0.876371360814569","0.123628639185431","0.303129273792427","0.573242087022142","0.0319858357015198","0.0916428034839113","8785.08839541662","32.0462669367164","1.50544103985808e-08","32.4361836531132","0.000499750124937531"
"temprow.871","872","MeanCoopTie2Noncoop","Female_song_score","0.013256045947472","0.0479006153992311","0.0642110439900424","0.0346466125274233","997","0.338239465098041","0.661760534901959","0.890902402224984","0.109097597775016","0.308146434313297","0.582755967911687","0.0300930307847433","0.0790045669902725","8785.08839541662","18.5232826764554","1.67841431652141e-05","18.8359796896401","0.000499750124937531"
"temprow.872","873","MeanCoopTie2Noncoop","Female_song_score","0.013256045947472","0.0479006153992311","0.0642110439900424","0.0346466125274233","997","0.331826141350036","0.668173858649964","0.896861389862844","0.103138610137156","0.307704445638568","0.589156944224276","0.0241216957114672","0.0790169144256885","8785.08839541662","43.1069104971032","5.18288689706886e-11","43.5974550032356","0.000499750124937531"
"temprow.873","874","MeanCoopTie2Noncoop","Female_song_score","0.013256045947472","0.0479006153992311","0.0642110439900424","0.0346466125274233","997","0.368532617164247","0.631467382835753","0.877906767617539","0.122093232382461","0.329209211682498","0.548697555935041","0.0393234054817481","0.0827698269007129","8785.08839541662","11.2070539369637","0.000814869835651179","11.4344007373336","0.000999500249875062"
"temprow.874","875","MeanCoopTie2Noncoop","Female_song_score","0.013256045947472","0.0479006153992311","0.0642110439900424","0.0346466125274233","997","0.30478148205577","0.69521851794423","0.858616981060723","0.141383018939277","0.272408507816958","0.586208473243766","0.0323729742388114","0.109010044700465","8785.08839541662","39.0808855660825","4.06605462742524e-10","39.4978914694737","0.000499750124937531"
"temprow.875","876","MeanCoopTie2Noncoop","Female_song_score","0.013256045947472","0.0479006153992311","0.0642110439900424","0.0346466125274233","997","0.358192899981063","0.641807100018937","0.875989518241338","0.124010481758662","0.320248416737299","0.555741101504039","0.0379444832437644","0.0860659985148978","8785.08839541662","14.570116360118","0.000135039201716518","14.8290129739748","0.000499750124937531"
"temprow.876","877","MeanCoopTie2Noncoop","Female_song_score","0.013256045947472","0.0479006153992311","0.0642110439900424","0.0346466125274233","997","0.325553688245146","0.674446311754854","0.88295235542662","0.11704764457338","0.303063720093721","0.579888635332899","0.0224899681514252","0.0945576764219543","8785.08839541662","93.4023246104121","4.2674923647399e-22","94.0878640050257","0.000499750124937531"
"temprow.877","878","MeanCoopTie2Noncoop","Female_song_score","0.013256045947472","0.0479006153992311","0.0642110439900424","0.0346466125274233","997","0.31292414321016","0.68707585678984","0.867598261198225","0.132401738801775","0.281951999947605","0.58564626125062","0.0309721432625551","0.10142959553922","8785.08839541662","38.5291083796104","5.39431146695016e-10","38.951686253876","0.000499750124937531"
"temprow.878","879","MeanCoopTie2Noncoop","Female_song_score","0.013256045947472","0.0479006153992311","0.0642110439900424","0.0346466125274233","997","0.339068639837705","0.660931360162295","0.876133094036642","0.123866905963358","0.300424226640615","0.575708867396027","0.0386444131970891","0.0852224927662688","8785.08839541662","4.02401780722075","0.0448567318046495","4.16244352508881","0.0449775112443778"
"temprow.879","880","MeanCoopTie2Noncoop","Female_song_score","0.013256045947472","0.0479006153992311","0.0642110439900424","0.0346466125274233","997","0.324270176128109","0.675729823871891","0.878287988897805","0.121712011102195","0.3026404306676","0.575647558230205","0.0216297454605086","0.100082265641686","8785.08839541662","118.554514459462","1.31101078039883e-27","119.314820064637","0.000499750124937531"
"temprow.880","881","MeanCoopTie2Noncoop","Female_song_score","0.013256045947472","0.0479006153992311","0.0642110439900424","0.0346466125274233","997","0.331454416426784","0.668545583573216","0.884015580528879","0.115984419471121","0.307897894335893","0.576117686192985","0.02355652209089","0.0924278973802313","8785.08839541662","85.0168991942388","2.95825881298107e-20","85.6707617186878","0.000499750124937531"
"temprow.881","882","MeanCoopTie2Noncoop","Female_song_score","0.013256045947472","0.0479006153992311","0.0642110439900424","0.0346466125274233","997","0.289120657270754","0.710879342729246","0.891156339066002","0.108843660933998","0.26727617002888","0.623880169037122","0.021844487241874","0.0869991736921237","8785.08839541662","40.2065351283214","2.28482640321277e-10","40.6871396413703","0.000499750124937531"
"temprow.882","883","MeanCoopTie2Noncoop","Female_song_score","0.013256045947472","0.0479006153992311","0.0642110439900424","0.0346466125274233","997","0.357050687239051","0.642949312760949","0.886208360683579","0.113791639316421","0.323290166866543","0.562918193817036","0.0337605203725067","0.080031118943914","8785.08839541662","17.4519954925694","2.94654821052564e-05","17.7461121393867","0.000499750124937531"
"temprow.883","884","MeanCoopTie2Noncoop","Female_song_score","0.013256045947472","0.0479006153992311","0.0642110439900424","0.0346466125274233","997","0.323535378249263","0.676464621750737","0.874015979635058","0.125984020364942","0.286653063888321","0.587362915746737","0.0368823143609414","0.0891017060040009","8785.08839541662","5.33855846413293","0.020858714946568","5.49852504609916","0.0214892553723138"
"temprow.884","885","MeanCoopTie2Noncoop","Female_song_score","0.013256045947472","0.0479006153992311","0.0642110439900424","0.0346466125274233","997","0.302615129096394","0.697384870903606","0.872332386211629","0.127667613788371","0.273326424798327","0.599005961413301","0.0292887042980658","0.0983789094903054","8785.08839541662","32.3510067461924","1.28690518546793e-08","32.7481442769969","0.000499750124937531"
"temprow.885","886","MeanCoopTie2Noncoop","Female_song_score","0.013256045947472","0.0479006153992311","0.0642110439900424","0.0346466125274233","997","0.302567278209211","0.697432721790789","0.897062998980883","0.102937001019117","0.27990352715145","0.617159471829433","0.0226637510577614","0.0802732499613557","8785.08839541662","32.0122212383555","1.53205702659099e-08","32.4461902129101","0.000499750124937531"
"temprow.886","887","MeanCoopTie2Noncoop","Female_song_score","0.013256045947472","0.0479006153992311","0.0642110439900424","0.0346466125274233","997","0.320218993959893","0.679781006040107","0.895397064499589","0.104602935500411","0.294214947411874","0.601182117087715","0.0260040465480183","0.0785988889523925","8785.08839541662","23.9608132596666","9.83165406910116e-07","24.3281272556428","0.000499750124937531"
"temprow.887","888","MeanCoopTie2Noncoop","Female_song_score","0.013256045947472","0.0479006153992311","0.0642110439900424","0.0346466125274233","997","0.308081275134371","0.691918724865629","0.886644180820527","0.113355819179473","0.286766523387444","0.599877657433084","0.0213147517469272","0.0920410674325458","8785.08839541662","75.6055752136103","3.46382126440993e-18","76.2406842050821","0.000499750124937531"
"temprow.888","889","MeanCoopTie2Noncoop","Female_song_score","0.013256045947472","0.0479006153992311","0.0642110439900424","0.0346466125274233","997","0.311859466132743","0.688140533867257","0.873627633180453","0.126372366819547","0.28031493776471","0.593312695415743","0.0315445283680327","0.0948278384515142","8785.08839541662","22.6797379565082","1.91375283258273e-06","23.0110483015796","0.000499750124937531"
"temprow.889","890","MeanCoopTie2Noncoop","Female_song_score","0.013256045947472","0.0479006153992311","0.0642110439900424","0.0346466125274233","997","0.372945956895876","0.627054043104124","0.887458927811348","0.112541072188652","0.341118001892592","0.546340925918756","0.0318279550032841","0.0807131171853674","8785.08839541662","38.0521068260318","6.88802939403565e-10","38.483890707876","0.000499750124937531"
"temprow.890","891","MeanCoopTie2Noncoop","Female_song_score","0.013256045947472","0.0479006153992311","0.0642110439900424","0.0346466125274233","997","0.382344978464748","0.617655021535252","0.880604339546538","0.119395660453462","0.343102055865321","0.537502283681217","0.039242922599427","0.0801527378540347","8785.08839541662","14.166553431296","0.000167318460789894","14.4225313796627","0.000499750124937531"
"temprow.891","892","MeanCoopTie2Noncoop","Female_song_score","0.013256045947472","0.0479006153992311","0.0642110439900424","0.0346466125274233","997","0.314896008790825","0.685103991209175","0.895588178753618","0.104411821246382","0.293358016309347","0.602230162444271","0.0215379924814773","0.0828738287649049","8785.08839541662","55.5687052392014","9.02489801394025e-14","56.1301610214191","0.000499750124937531"
"temprow.892","893","MeanCoopTie2Noncoop","Female_song_score","0.013256045947472","0.0479006153992311","0.0642110439900424","0.0346466125274233","997","0.298362635506635","0.701637364493365","0.89353387054551","0.106466129454489","0.276785648732127","0.616748221813384","0.0215769867745076","0.0848891426799818","8785.08839541662","45.0661608337827","1.90488737205662e-11","45.5749199643895","0.000499750124937531"
"temprow.893","894","MeanCoopTie2Noncoop","Female_song_score","0.013256045947472","0.0479006153992311","0.0642110439900424","0.0346466125274233","997","0.3839056022652","0.6160943977348","0.887052529173694","0.112947470826306","0.35212949517444","0.534923033999255","0.0317761070907607","0.081171363735545","8785.08839541662","49.3133908886153","2.18168136010457e-12","49.8013555025125","0.000499750124937531"
"temprow.894","895","MeanCoopTie2Noncoop","Female_song_score","0.013256045947472","0.0479006153992311","0.0642110439900424","0.0346466125274233","997","0.315393630542625","0.684606369457375","0.867002496140245","0.132997503859755","0.287909303038138","0.579093193102107","0.0274843275044872","0.105513176355268","8785.08839541662","73.5645276006354","9.73994238127393e-18","74.1457220835085","0.000499750124937531"
"temprow.895","896","MeanCoopTie2Noncoop","Female_song_score","0.013256045947472","0.0479006153992311","0.0642110439900424","0.0346466125274233","997","0.303642326808261","0.696357673191739","0.886545018095473","0.113454981904527","0.275586386470019","0.610958631625454","0.028055940338242","0.0853990415662852","8785.08839541662","16.7395187835626","4.28784781611238e-05","17.0402817368865","0.000499750124937531"
"temprow.896","897","MeanCoopTie2Noncoop","Female_song_score","0.013256045947472","0.0479006153992311","0.0642110439900424","0.0346466125274233","997","0.304908332642055","0.695091667357945","0.884763595364014","0.115236404635986","0.281910686692114","0.6028529086719","0.0229976459499409","0.0922387586860449","8785.08839541662","59.3263676218115","1.33574705149486e-14","59.8867818917162","0.000499750124937531"
"temprow.897","898","MeanCoopTie2Noncoop","Female_song_score","0.013256045947472","0.0479006153992311","0.0642110439900424","0.0346466125274233","997","0.325685808161998","0.674314191838002","0.860592264319056","0.139407735680944","0.283468323118015","0.577123941201042","0.0422174850439826","0.0971902506369609","8785.08839541662","3.25339195314445","0.0712758163034077","3.37301743282401","0.0814592703648176"
"temprow.898","899","MeanCoopTie2Noncoop","Female_song_score","0.013256045947472","0.0479006153992311","0.0642110439900424","0.0346466125274233","997","0.349969785059246","0.650030214940754","0.860105413952441","0.139894586047559","0.308069244976055","0.552036168976386","0.0419005400831905","0.0979940459643683","8785.08839541662","15.7525939496171","7.21888869291423e-05","16.0095857805995","0.000499750124937531"
"temprow.899","900","MeanCoopTie2Noncoop","Female_song_score","0.013256045947472","0.0479006153992311","0.0642110439900424","0.0346466125274233","997","0.297242327808476","0.702757672191524","0.88700007179895","0.11299992820105","0.268127781745687","0.618872290053264","0.0291145460627892","0.0838853821382604","8785.08839541662","8.14382846726542","0.00432079613172779","8.35556705649013","0.00699650174912544"
"temprow.900","901","MeanCoopTie2Noncoop","Female_song_score","0.013256045947472","0.0479006153992311","0.0642110439900424","0.0346466125274233","997","0.30102028631232","0.69897971368768","0.894783704368735","0.105216295631265","0.275338967730391","0.619444736638344","0.0256813185819287","0.0795349770493366","8785.08839541662","15.5085466677519","8.2133058169148e-05","15.8084038149486","0.000499750124937531"
"temprow.901","902","MeanCoopTie2Noncoop","Female_song_score","0.013256045947472","0.0479006153992311","0.0642110439900424","0.0346466125274233","997","0.307602624612174","0.692397375387826","0.88887093300819","0.11112906699181","0.28047828783982","0.60839264516837","0.0271243367723531","0.084004730219457","8785.08839541662","20.5958134390252","5.67200160190544e-06","20.9310369024765","0.000999500249875062"
"temprow.902","903","MeanCoopTie2Noncoop","Female_song_score","0.013256045947472","0.0479006153992311","0.0642110439900424","0.0346466125274233","997","0.337315213835346","0.662684786164654","0.88812065847751","0.11187934152249","0.300227937874469","0.587892720603041","0.0370872759608765","0.0747920655616137","8785.08839541662","0.134314378148739","0.714000024822085","0.161829421835743","0.691154422788606"
"temprow.903","904","MeanCoopTie2Noncoop","Female_song_score","0.013256045947472","0.0479006153992311","0.0642110439900424","0.0346466125274233","997","0.324395921058206","0.675604078941794","0.890640883936096","0.109359116063904","0.295135278210963","0.595505605725133","0.0292606428472426","0.0800984732166609","8785.08839541662","15.6779216773666","7.50956694767457e-05","15.9683609469796","0.000499750124937531"
"temprow.904","905","MeanCoopTie2Noncoop","Female_song_score","0.013256045947472","0.0479006153992311","0.0642110439900424","0.0346466125274233","997","0.362476446524295","0.637523553475705","0.89295640369134","0.10704359630866","0.340551263918455","0.552405139772885","0.0219251826058396","0.0851184137028203","8785.08839541662","112.230152295589","3.18148821881192e-26","112.991700947033","0.000499750124937531"
"temprow.905","906","MeanCoopTie2Noncoop","Female_song_score","0.013256045947472","0.0479006153992311","0.0642110439900424","0.0346466125274233","997","0.350083883230042","0.649916116769958","0.880253968743586","0.119746031256414","0.317115933079969","0.563138035663617","0.0329679501500731","0.086778081106341","8785.08839541662","28.76265119284","8.18137303471615e-08","29.1333015872013","0.000499750124937531"
"temprow.906","907","MeanCoopTie2Noncoop","Female_song_score","0.013256045947472","0.0479006153992311","0.0642110439900424","0.0346466125274233","997","0.332532026240402","0.667467973759598","0.886555541233361","0.113444458766639","0.304266538855385","0.582289002377976","0.028265487385017","0.0851789713816221","8785.08839541662","34.8993442901663","3.47197775996302e-09","35.3225870517557","0.000499750124937531"
"temprow.907","908","MeanCoopTie2Noncoop","Female_song_score","0.013256045947472","0.0479006153992311","0.0642110439900424","0.0346466125274233","997","0.324858519201428","0.675141480798572","0.911897313156849","0.0881026868431514","0.303062593379779","0.60883471977707","0.0217959258216492","0.0663067610215022","8785.08839541662","23.1530610567969","1.49604862357886e-06","23.5414451958166","0.000499750124937531"
"temprow.908","909","MeanCoopTie2Noncoop","Female_song_score","0.013256045947472","0.0479006153992311","0.0642110439900424","0.0346466125274233","997","0.331083125704875","0.668916874295125","0.884693951688268","0.115306048311732","0.290035512873069","0.594658438815199","0.041047612831806","0.0742584354799259","8785.08839541662","3.16455029707939","0.0752531583755351","3.29207531694647","0.0734632683658171"
"temprow.909","910","MeanCoopTie2Noncoop","Female_song_score","0.013256045947472","0.0479006153992311","0.0642110439900424","0.0346466125274233","997","0.307935473659386","0.692064526340614","0.8755401611887","0.1244598388113","0.276304371730383","0.599235789458317","0.0316311019290025","0.0928287368822971","8785.08839541662","16.6843184828557","4.41444000616377e-05","16.9714547132486","0.000499750124937531"
"temprow.910","911","MeanCoopTie2Noncoop","Female_song_score","0.013256045947472","0.0479006153992311","0.0642110439900424","0.0346466125274233","997","0.330327545302189","0.669672454697811","0.889921175765291","0.110078824234709","0.301097800435057","0.588823375330234","0.0292297448671314","0.0808490793675773","8785.08839541662","20.1500084980277","7.15999294189532e-06","20.476664447039","0.000499750124937531"
"temprow.911","912","MeanCoopTie2Noncoop","Female_song_score","0.013256045947472","0.0479006153992311","0.0642110439900424","0.0346466125274233","997","0.310406715570245","0.689593284429755","0.883887082813084","0.116112917186916","0.285537359128662","0.598349723684422","0.0248693564415824","0.0912435607453333","8785.08839541662","49.7825468213748","1.71765112411856e-12","50.2917878456448","0.000499750124937531"
"temprow.912","913","MeanCoopTie2Noncoop","Female_song_score","0.013256045947472","0.0479006153992311","0.0642110439900424","0.0346466125274233","997","0.334196235970503","0.665803764029497","0.876693403957543","0.123306596042457","0.298828211165991","0.577865192791552","0.0353680248045108","0.0879385712379458","8785.08839541662","12.1757966754806","0.000484136174909097","12.4169525044131","0.000499750124937531"
"temprow.913","914","MeanCoopTie2Noncoop","Female_song_score","0.013256045947472","0.0479006153992311","0.0642110439900424","0.0346466125274233","997","0.289013354550768","0.710986645449232","0.870192333303884","0.129807666696116","0.257560330517077","0.612632002786807","0.0314530240336904","0.0983546426624255","8785.08839541662","13.7677033329896","0.000206862069851345","14.0288079162338","0.000499750124937531"
"temprow.914","915","MeanCoopTie2Noncoop","Female_song_score","0.013256045947472","0.0479006153992311","0.0642110439900424","0.0346466125274233","997","0.350394993958996","0.649605006041004","0.883699884348041","0.116300115651959","0.323116659202139","0.560583225145902","0.0272783347568573","0.089021780895102","8785.08839541662","67.3333851372819","2.29266020563246e-16","67.9069029034583","0.000499750124937531"
"temprow.915","916","MeanCoopTie2Noncoop","Female_song_score","0.013256045947472","0.0479006153992311","0.0642110439900424","0.0346466125274233","997","0.333720029960627","0.666279970039373","0.87247185259465","0.127528147405349","0.298558277970787","0.573913574623864","0.0351617519898398","0.0923663954155096","8785.08839541662","19.0276579168669","1.28837413383781e-05","19.3247247955743","0.000499750124937531"
"temprow.916","917","MeanCoopTie2Noncoop","Female_song_score","0.013256045947472","0.0479006153992311","0.0642110439900424","0.0346466125274233","997","0.311106981199198","0.688893018800802","0.889808649021392","0.110191350978608","0.280877553452286","0.608931095569107","0.030229427746912","0.0799619232316956","8785.08839541662","6.52897300281914","0.0106131217386133","6.71837780875341","0.0154922538730635"
"temprow.917","918","MeanCoopTie2Noncoop","Female_song_score","0.013256045947472","0.0479006153992311","0.0642110439900424","0.0346466125274233","997","0.363061725600359","0.636938274399641","0.889318629192111","0.110681370807889","0.326380948665773","0.562937680526338","0.0366807769345863","0.0740005938733024","8785.08839541662","4.61745018977526","0.0316482506991379","4.77068489556826","0.0294852573713143"
"temprow.918","919","MeanCoopTie2Noncoop","Female_song_score","0.013256045947472","0.0479006153992311","0.0642110439900424","0.0346466125274233","997","0.305274963934636","0.694725036065364","0.879471120897335","0.120528879102665","0.267181725742555","0.61228939515478","0.038093238192081","0.0824356409105843","8785.08839541662","0.634437889482541","0.425732124355771","0.6923771362446","0.422788605697151"
"temprow.919","920","MeanCoopTie2Noncoop","Female_song_score","0.013256045947472","0.0479006153992311","0.0642110439900424","0.0346466125274233","997","0.315830443829556","0.684169556170444","0.901745152628381","0.098254847371619","0.296530492063909","0.605214660564472","0.0192999517656468","0.0789548956059722","8785.08839541662","62.2757898620955","2.9857316114418e-15","62.8855041700909","0.000499750124937531"
"temprow.920","921","MeanCoopTie2Noncoop","Female_song_score","0.013256045947472","0.0479006153992311","0.0642110439900424","0.0346466125274233","997","0.338857373159639","0.661142626840361","0.873843626030109","0.126156373969891","0.309946029808296","0.563897596221812","0.0289113433513425","0.0972450306185489","8785.08839541662","67.4611537118572","2.14879427779306e-16","68.0199683166744","0.000499750124937531"
"temprow.921","922","MeanCoopTie2Noncoop","Female_song_score","0.013256045947472","0.0479006153992311","0.0642110439900424","0.0346466125274233","997","0.325392044111106","0.674607955888893","0.875826042175198","0.124173957824802","0.298484739681005","0.577341302494193","0.0269073044301012","0.0972666533947006","8785.08839541662","66.6070893795496","3.3139215231323e-16","67.1720464419118","0.000499750124937531"
"temprow.922","923","MeanCoopTie2Noncoop","Female_song_score","0.013256045947472","0.0479006153992311","0.0642110439900424","0.0346466125274233","997","0.302916948225384","0.697083051774615","0.871713065557808","0.128286934442192","0.269415546047794","0.602297519510014","0.0335014021775899","0.094785532264602","8785.08839541662","10.5905919244933","0.00113664579947093","10.8177474796818","0.00249875062468766"
"temprow.923","924","MeanCoopTie2Noncoop","Female_song_score","0.013256045947472","0.0479006153992311","0.0642110439900424","0.0346466125274233","997","0.301000255387568","0.698999744612432","0.873663386412507","0.126336613587493","0.276989872984127","0.596673513428379","0.0240103824034401","0.102326231184053","8785.08839541662","73.6410600365107","9.36952438337762e-18","74.2430740310187","0.000499750124937531"
"temprow.924","925","MeanCoopTie2Noncoop","Female_song_score","0.013256045947472","0.0479006153992311","0.0642110439900424","0.0346466125274233","997","0.315262034256865","0.684737965743135","0.88706679590798","0.11293320409202","0.294589919194535","0.592476876713445","0.0206721150623296","0.0922610890296905","8785.08839541662","89.6605614259322","2.82735408988941e-21","90.3485758164133","0.000499750124937531"
"temprow.925","926","MeanCoopTie2Noncoop","Female_song_score","0.013256045947472","0.0479006153992311","0.0642110439900424","0.0346466125274233","997","0.303611574707014","0.696388425292986","0.893709502498981","0.106290497501019","0.275004927443658","0.618704575055323","0.0286066472633564","0.0776838502376626","8785.08839541662","5.72733781335976","0.0167027847561125","5.90898727992353","0.015992003998001"
"temprow.926","927","MeanCoopTie2Noncoop","Female_song_score","0.013256045947472","0.0479006153992311","0.0642110439900424","0.0346466125274233","997","0.312123265341518","0.687876734658482","0.855645565327742","0.144354434672258","0.271485890240953","0.58415967508679","0.040637375100565","0.103717059571693","8785.08839541662","6.28783489979182","0.0121569466889743","6.45320194517537","0.0119940029985007"
"temprow.927","928","MeanCoopTie2Noncoop","Female_song_score","0.013256045947472","0.0479006153992311","0.0642110439900424","0.0346466125274233","997","0.366984027312578","0.633015972687422","0.867597157251848","0.132402842748152","0.334093230479677","0.533503926772171","0.0328907968329011","0.0995120459152507","8785.08839541662","80.4309265054755","3.01046452913697e-19","81.0177613591942","0.000499750124937531"
"temprow.928","929","MeanCoopTie2Noncoop","Female_song_score","0.013256045947472","0.0479006153992311","0.0642110439900424","0.0346466125274233","997","0.33787989750534","0.66212010249466","0.866613517190598","0.133386482809402","0.310358853235977","0.556254663954621","0.0275210442693629","0.105865438540039","8785.08839541662","103.754254915233","2.29032692868592e-24","104.431072155204","0.000499750124937531"
"temprow.929","930","MeanCoopTie2Noncoop","Female_song_score","0.013256045947472","0.0479006153992311","0.0642110439900424","0.0346466125274233","997","0.353568255713957","0.646431744286043","0.90324622097406","0.0967537790259396","0.335511983195294","0.567734237778766","0.0180562725186629","0.0786975065072767","8785.08839541662","113.424981020243","1.74147018425639e-26","114.230346808704","0.000499750124937531"
"temprow.930","931","MeanCoopTie2Noncoop","Female_song_score","0.013256045947472","0.0479006153992311","0.0642110439900424","0.0346466125274233","997","0.353157015639594","0.646842984360406","0.868290873990266","0.131709126009734","0.304588187642876","0.563702686347389","0.0485688279967174","0.083140298013017","8785.08839541662","1.3850738552631","0.239238772332689","1.4638478495053","0.209895052473763"
"temprow.931","932","MeanCoopTie2Noncoop","Female_song_score","0.013256045947472","0.0479006153992311","0.0642110439900424","0.0346466125274233","997","0.339679032954106","0.660320967045894","0.868057376088037","0.131942623911963","0.297308633503151","0.570748742584886","0.0423703994509552","0.0895722244610079","8785.08839541662","1.98741629853182","0.158611290423834","2.08237022932744","0.139430284857571"
"temprow.932","933","MeanCoopTie2Noncoop","Female_song_score","0.013256045947472","0.0479006153992311","0.0642110439900424","0.0346466125274233","997","0.323765001618776","0.676234998381224","0.872723705300647","0.127276294699353","0.29326901578937","0.579454689511277","0.0304959858294054","0.0967803088699472","8785.08839541662","40.8677459731471","1.62887400926422e-10","41.3063122831482","0.000499750124937531"
"temprow.933","934","MeanCoopTie2Noncoop","Female_song_score","0.013256045947472","0.0479006153992311","0.0642110439900424","0.0346466125274233","997","0.302959879180165","0.697040120819835","0.874283173991246","0.125716826008754","0.269919044772599","0.604364129218647","0.0330408344075661","0.092675991601188","8785.08839541662","9.47347922380188","0.00208463627863024","9.69029322927821","0.00199900049975012"
"temprow.934","935","MeanCoopTie2Noncoop","Female_song_score","0.013256045947472","0.0479006153992311","0.0642110439900424","0.0346466125274233","997","0.288001018290803","0.711998981709197","0.878350645590325","0.121649354409675","0.269766121771178","0.608584523819147","0.0182348965196251","0.10341445789005","8785.08839541662","112.792472204535","2.39583722057988e-26","113.559180183662","0.000499750124937531"
"temprow.935","936","MeanCoopTie2Noncoop","Female_song_score","0.013256045947472","0.0479006153992311","0.0642110439900424","0.0346466125274233","997","0.303985841886907","0.696014158113093","0.896476920229393","0.103523079770607","0.283375582572811","0.613101337656583","0.0206102593140964","0.0829128204565103","8785.08839541662","52.125925579219","5.20531256656249e-13","52.6772199764695","0.000499750124937531"
"temprow.936","937","MeanCoopTie2Noncoop","Female_song_score","0.013256045947472","0.0479006153992311","0.0642110439900424","0.0346466125274233","997","0.340021506005774","0.659978493994226","0.887229987074192","0.112770012925808","0.314532498908121","0.572697488166071","0.0254890070976529","0.0872810058281552","8785.08839541662","64.0924124765367","1.1871787254401e-15","64.6636367563165","0.000499750124937531"
"temprow.937","938","MeanCoopTie2Noncoop","Female_song_score","0.013256045947472","0.0479006153992311","0.0642110439900424","0.0346466125274233","997","0.308576869150809","0.691423130849191","0.876347490229711","0.123652509770289","0.284363516462387","0.591983973767324","0.0242133526884216","0.0994391570818672","8785.08839541662","73.1253205016678","1.21673520473157e-17","73.7264120153041","0.000499750124937531"
"temprow.938","939","MeanCoopTie2Noncoop","Female_song_score","0.013256045947472","0.0479006153992311","0.0642110439900424","0.0346466125274233","997","0.296273453478882","0.703726546521118","0.876237472479357","0.123762527520643","0.264968585847926","0.611268886631431","0.0313048676309559","0.0924576598896874","8785.08839541662","10.9241737467184","0.000949175261882784","11.1599642876581","0.00149925037481259"
"temprow.939","940","MeanCoopTie2Noncoop","Female_song_score","0.013256045947472","0.0479006153992311","0.0642110439900424","0.0346466125274233","997","0.334073262746991","0.665926737253009","0.861496836794876","0.138503163205124","0.297233771508769","0.564263065286106","0.0368394912382206","0.101663671966904","8785.08839541662","28.8916512409854","7.65421176184821e-08","29.2446730999742","0.000499750124937531"
"temprow.940","941","MeanCoopTie2Noncoop","Female_song_score","0.013256045947472","0.0479006153992311","0.0642110439900424","0.0346466125274233","997","0.306460728739269","0.693539271260731","0.877297678876688","0.122702321123312","0.279495157692044","0.597802521184644","0.0269655710472251","0.0957367500760866","8785.08839541662","42.8766008680628","5.83038712208406e-11","43.3397124387484","0.000499750124937531"
"temprow.941","942","MeanCoopTie2Noncoop","Female_song_score","0.013256045947472","0.0479006153992311","0.0642110439900424","0.0346466125274233","997","0.289725304430635","0.710274695569365","0.873074810671501","0.126925189328499","0.267108846331959","0.605965964339542","0.0226164580986754","0.104308731229823","8785.08839541662","76.2963483179993","2.44134926731015e-18","76.9146778213853","0.000499750124937531"
"temprow.942","943","MeanCoopTie2Noncoop","Female_song_score","0.013256045947472","0.0479006153992311","0.0642110439900424","0.0346466125274233","997","0.343442334423534","0.656557665576466","0.883907836814359","0.116092163185641","0.3192073419313","0.56470049488306","0.0242349924922347","0.0918571706934058","8785.08839541662","92.049707523855","8.45264344574744e-22","92.723840746913","0.000499750124937531"
"temprow.943","944","MeanCoopTie2Noncoop","Female_song_score","0.013256045947472","0.0479006153992311","0.0642110439900424","0.0346466125274233","997","0.310103175271283","0.689896824728717","0.881986875380195","0.118013124619805","0.27875770833826","0.603229167041935","0.0313454669330226","0.0866676576867822","8785.08839541662","10.7169423043534","0.00106158960019148","10.9523523140862","0.000999500249875062"
"temprow.944","945","MeanCoopTie2Noncoop","Female_song_score","0.013256045947472","0.0479006153992311","0.0642110439900424","0.0346466125274233","997","0.342591442201192","0.657408557798808","0.880892712972206","0.119107287027794","0.321309017020591","0.559583695951615","0.0212824251806006","0.0978248618471933","8785.08839541662","140.71027415142","1.86164090414449e-32","141.534873375705","0.000499750124937531"
"temprow.945","946","MeanCoopTie2Noncoop","Female_song_score","0.013256045947472","0.0479006153992311","0.0642110439900424","0.0346466125274233","997","0.282379701125787","0.717620298874213","0.8869750816781","0.1130249183219","0.257824850930955","0.629150230747146","0.0245548501948322","0.0884700681270673","8785.08839541662","22.9023104796547","1.70446850491048e-06","23.2619161726211","0.000499750124937531"
"temprow.946","947","MeanCoopTie2Noncoop","Female_song_score","0.013256045947472","0.0479006153992311","0.0642110439900424","0.0346466125274233","997","0.336309405792776","0.663690594207224","0.874313432308499","0.125686567691501","0.306622434299963","0.567690998008537","0.0296869714928136","0.0959995961986871","8785.08839541662","56.0043507793113","7.23108217182655e-14","56.5153312950398","0.000499750124937531"
"temprow.947","948","MeanCoopTie2Noncoop","Female_song_score","0.013256045947472","0.0479006153992311","0.0642110439900424","0.0346466125274233","997","0.324163917979679","0.675836082020321","0.89438863932972","0.10561136067028","0.299812864835898","0.594575774493822","0.0243510531437802","0.0812603075264995","8785.08839541662","41.0026188472031","1.52025374571549e-10","41.4788503862257","0.000499750124937531"
"temprow.948","949","MeanCoopTie2Noncoop","Female_song_score","0.013256045947472","0.0479006153992311","0.0642110439900424","0.0346466125274233","997","0.315592883508216","0.684407116491784","0.883803384022569","0.116196615977431","0.290648945576995","0.593154438445574","0.0249439379312203","0.0912526780462107","8785.08839541662","54.0837971063002","1.92118988613107e-13","54.6118831165821","0.000499750124937531"
"temprow.949","950","MeanCoopTie2Noncoop","Female_song_score","0.013256045947472","0.0479006153992311","0.0642110439900424","0.0346466125274233","997","0.30146866744029","0.698531332559709","0.888847796980219","0.111152203019781","0.283822861209197","0.605024935771022","0.0176458062310928","0.0935063967886877","8785.08839541662","105.335825179368","1.03095285215762e-24","106.09652275019","0.000499750124937531"
"temprow.950","951","MeanCoopTie2Noncoop","Female_song_score","0.013256045947472","0.0479006153992311","0.0642110439900424","0.0346466125274233","997","0.330796000077366","0.669203999922634","0.897091124204916","0.102908875795084","0.298120470934402","0.598970653270514","0.0326755291429644","0.0702333466521197","8785.08839541662","0.741181786254997","0.389282572658023","0.806828418821587","0.376811594202899"
"temprow.951","952","MeanCoopTie2Noncoop","Female_song_score","0.013256045947472","0.0479006153992311","0.0642110439900424","0.0346466125274233","997","0.300735768363481","0.699264231636519","0.879561585911616","0.120438414088384","0.277040063214199","0.602521522697417","0.0236957051492818","0.0967427089391021","8785.08839541662","61.4741508121018","4.48594012593561e-15","62.0359003508036","0.000499750124937531"
"temprow.952","953","MeanCoopTie2Noncoop","Female_song_score","0.013256045947472","0.0479006153992311","0.0642110439900424","0.0346466125274233","997","0.320834057491044","0.679165942508956","0.890586256606175","0.109413743393825","0.288877928159992","0.601708328446182","0.0319561293310516","0.0774576140627737","8785.08839541662","3.87199799075446","0.0490980403827667","4.0174221185822","0.0469765117441279"
"temprow.953","954","MeanCoopTie2Noncoop","Female_song_score","0.013256045947472","0.0479006153992311","0.0642110439900424","0.0346466125274233","997","0.322998087837383","0.677001912162617","0.86381949210369","0.13618050789631","0.294122558553728","0.569696933549962","0.0288755292836554","0.107304978612655","8785.08839541662","77.2378617393525","1.51560100479251e-18","77.8234491411074","0.000499750124937531"
"temprow.954","955","MeanCoopTie2Noncoop","Female_song_score","0.013256045947472","0.0479006153992311","0.0642110439900424","0.0346466125274233","997","0.300287239036524","0.699712760963476","0.88559483945334","0.11440516054666","0.277569202260977","0.608025637192363","0.0227180367755466","0.0916871237711129","8785.08839541662","54.8580625283336","1.2955619556382e-13","55.4010148318163","0.000499750124937531"
"temprow.955","956","MeanCoopTie2Noncoop","Female_song_score","0.013256045947472","0.0479006153992311","0.0642110439900424","0.0346466125274233","997","0.296940435432567","0.703059564567433","0.895371328526113","0.104628671473887","0.272810312218492","0.622561016307621","0.024130123214074","0.0804985482598125","8785.08839541662","21.2543827501805","4.02189708775768e-06","21.6075696034837","0.000499750124937531"
"temprow.956","957","MeanCoopTie2Noncoop","Female_song_score","0.013256045947472","0.0479006153992311","0.0642110439900424","0.0346466125274233","997","0.340983477002105","0.659016522997895","0.883110081787222","0.116889918212778","0.312791551007816","0.570318530779406","0.0281919259942892","0.088697992218489","8785.08839541662","50.7897223609335","1.02810657537403e-12","51.2901411387532","0.000499750124937531"
"temprow.957","958","MeanCoopTie2Noncoop","Female_song_score","0.013256045947472","0.0479006153992311","0.0642110439900424","0.0346466125274233","997","0.341828454504456","0.658171545495544","0.857114904235593","0.142885095764407","0.297195614995121","0.559919289240472","0.0446328395093349","0.0982522562550722","8785.08839541662","5.50476653760552","0.0189647117405918","5.65661504220826","0.0189905047476262"
"temprow.958","959","MeanCoopTie2Noncoop","Female_song_score","0.013256045947472","0.0479006153992311","0.0642110439900424","0.0346466125274233","997","0.326170219143248","0.673829780856752","0.888287935417604","0.111712064582396","0.301322524923993","0.586965410493611","0.0248476942192547","0.0868643703631413","8785.08839541662","53.7162891339429","2.31634785957718e-13","54.2471961756601","0.000499750124937531"
"temprow.959","960","MeanCoopTie2Noncoop","Female_song_score","0.013256045947472","0.0479006153992311","0.0642110439900424","0.0346466125274233","997","0.292175274253253","0.707824725746747","0.865536927112031","0.134463072887969","0.268278626006717","0.597258301105314","0.0238966482465359","0.110566424641433","8785.08839541662","85.6822040182138","2.11306034030492e-20","86.3199968154738","0.000499750124937531"
"temprow.960","961","MeanCoopTie2Noncoop","Female_song_score","0.013256045947472","0.0479006153992311","0.0642110439900424","0.0346466125274233","997","0.331277847246347","0.668722152753653","0.877300673270314","0.122699326729686","0.306100397794675","0.571200275475639","0.0251774494516711","0.0975218772780145","8785.08839541662","87.7475619338446","7.43645347447785e-21","88.395939138304","0.000499750124937531"
"temprow.961","962","MeanCoopTie2Noncoop","Female_song_score","0.013256045947472","0.0479006153992311","0.0642110439900424","0.0346466125274233","997","0.327542785382062","0.672457214617938","0.884674961202385","0.115325038797615","0.293179761431811","0.591495199770574","0.0343630239502505","0.0809620148473644","8785.08839541662","4.36734885028538","0.0366339458782581","4.51735311551387","0.0334832583708146"
"temprow.962","963","MeanCoopTie2Noncoop","Female_song_score","0.013256045947472","0.0479006153992311","0.0642110439900424","0.0346466125274233","997","0.299695059056699","0.700304940943301","0.891111155039565","0.108888844960435","0.275449139382081","0.615662015657484","0.0242459196746169","0.0846429252858179","8785.08839541662","30.0169433401191","4.28287657249076e-08","30.427876162914","0.000499750124937531"
"temprow.963","964","MeanCoopTie2Noncoop","Female_song_score","0.013256045947472","0.0479006153992311","0.0642110439900424","0.0346466125274233","997","0.295303411185044","0.704696588814956","0.883607785341625","0.116392214658375","0.266018060623844","0.617589724717781","0.0292853505612004","0.0871068640971749","8785.08839541662","10.4297647314979","0.00124000537763592","10.666678223036","0.000499750124937531"
"temprow.964","965","MeanCoopTie2Noncoop","Female_song_score","0.013256045947472","0.0479006153992311","0.0642110439900424","0.0346466125274233","997","0.318040450160788","0.681959549839212","0.883185484892094","0.116814515107906","0.292775547148706","0.590409937743388","0.0252649030120816","0.0915496120958245","8785.08839541662","54.8321138581881","1.31278063666734e-13","55.3615765271182","0.000499750124937531"
"temprow.965","966","MeanCoopTie2Noncoop","Female_song_score","0.013256045947472","0.0479006153992311","0.0642110439900424","0.0346466125274233","997","0.30491629212722","0.69508370787278","0.885960598540742","0.114039401459258","0.284222028776148","0.601738569764594","0.020694263351072","0.0933451381081863","8785.08839541662","80.4869776380897","2.9262702868107e-19","81.1423448379769","0.000499750124937531"
"temprow.966","967","MeanCoopTie2Noncoop","Female_song_score","0.013256045947472","0.0479006153992311","0.0642110439900424","0.0346466125274233","997","0.317818005105187","0.682181994894813","0.896656033582766","0.103343966417234","0.290223319346068","0.606432714236698","0.0275946857591186","0.0757492806581153","8785.08839541662","11.8732863948717","0.000569448398782967","12.1341857336281","0.00149925037481259"
"temprow.967","968","MeanCoopTie2Noncoop","Female_song_score","0.013256045947472","0.0479006153992311","0.0642110439900424","0.0346466125274233","997","0.307565923780727","0.692434076219273","0.878224331107242","0.121775668892758","0.276311560697519","0.601912770409723","0.0312543630832078","0.0905213058095501","8785.08839541662","14.3557389194627","0.000151317755674746","14.6248210903342","0.000499750124937531"
"temprow.968","969","MeanCoopTie2Noncoop","Female_song_score","0.013256045947472","0.0479006153992311","0.0642110439900424","0.0346466125274233","997","0.303891577434255","0.696108422565745","0.894216957481475","0.105783042518525","0.287562473194993","0.606654484286482","0.016329104239262","0.0894539382792631","8785.08839541662","109.54978865731","1.22976525756918e-25","110.340801712642","0.000499750124937531"
"temprow.969","970","MeanCoopTie2Noncoop","Female_song_score","0.013256045947472","0.0479006153992311","0.0642110439900424","0.0346466125274233","997","0.292366242890353","0.707633757109647","0.891035966138266","0.108964033861734","0.270587362997518","0.620448603140747","0.0217788798928342","0.0871851539689","8785.08839541662","44.1453529593039","3.04874710826542e-11","44.6470186788643","0.000499750124937531"
"temprow.970","971","MeanCoopTie2Noncoop","Female_song_score","0.013256045947472","0.0479006153992311","0.0642110439900424","0.0346466125274233","997","0.326782457731242","0.673217542268758","0.868237620143507","0.131762379856493","0.291675802127152","0.576561818016355","0.0351066556040901","0.0966557242524026","8785.08839541662","21.8743332116478","2.91101618624775e-06","22.1900804363696","0.000499750124937531"
"temprow.971","972","MeanCoopTie2Noncoop","Female_song_score","0.013256045947472","0.0479006153992311","0.0642110439900424","0.0346466125274233","997","0.332715189177689","0.667284810822311","0.868935333891355","0.131064666108645","0.28584221671128","0.583093117180075","0.0468729724664081","0.0841916936422365","8785.08839541662","3.58956574089768","0.0581434350902702","3.7177865266905","0.0599700149925037"
"temprow.972","973","MeanCoopTie2Noncoop","Female_song_score","0.013256045947472","0.0479006153992311","0.0642110439900424","0.0346466125274233","997","0.337571852959965","0.662428147040035","0.875562114051354","0.124437885948646","0.300066611474967","0.575495502576387","0.0375052414849981","0.0869326444636483","8785.08839541662","7.25281288720799","0.00707900364072856","7.4380848163796","0.00499750124937531"
"temprow.973","974","MeanCoopTie2Noncoop","Female_song_score","0.013256045947472","0.0479006153992311","0.0642110439900424","0.0346466125274233","997","0.324501779535198","0.675498220464802","0.897874735788708","0.102125264211292","0.294306880776036","0.603567855012672","0.0301948987591619","0.0719303654521304","8785.08839541662","3.71304743324567","0.0539887355524868","3.85948274016888","0.0464767616191904"
"temprow.974","975","MeanCoopTie2Noncoop","Female_song_score","0.013256045947472","0.0479006153992311","0.0642110439900424","0.0346466125274233","997","0.283755903055802","0.716244096944198","0.879212290284919","0.120787709715081","0.259635532447345","0.619576757837574","0.0241203706084574","0.096667339106624","8785.08839541662","41.3926376634148","1.2452549792438e-10","41.8611960669326","0.000499750124937531"
"temprow.975","976","MeanCoopTie2Noncoop","Female_song_score","0.013256045947472","0.0479006153992311","0.0642110439900424","0.0346466125274233","997","0.30793075100347","0.69206924899653","0.871789656021678","0.128210343978322","0.270182098112282","0.601607557909396","0.0377486528911875","0.0904616910871345","8785.08839541662","1.01866699855708","0.312835409622275","1.08961015004706","0.300849575212394"
"temprow.976","977","MeanCoopTie2Noncoop","Female_song_score","0.013256045947472","0.0479006153992311","0.0642110439900424","0.0346466125274233","997","0.35688332274397","0.64311667725603","0.880412401039855","0.119587598960145","0.328147870005591","0.552264531034265","0.0287354527383789","0.0908521462217658","8785.08839541662","70.3785953468236","4.89481577731849e-17","70.9556975282587","0.000499750124937531"
"temprow.977","978","MeanCoopTie2Noncoop","Female_song_score","0.013256045947472","0.0479006153992311","0.0642110439900424","0.0346466125274233","997","0.304943597183462","0.695056402816538","0.864696835037177","0.135303164962823","0.270789612672702","0.593907222364476","0.03415398451076","0.101149180452063","8785.08839541662","17.6676788877922","2.63058772071331e-05","17.9535765518943","0.000499750124937531"
"temprow.978","979","MeanCoopTie2Noncoop","Female_song_score","0.013256045947472","0.0479006153992311","0.0642110439900424","0.0346466125274233","997","0.327573103359325","0.672426896640675","0.892036723233947","0.107963276766053","0.301521514992276","0.590515208241671","0.0260515883670486","0.081911688399004","8785.08839541662","35.5022175029541","2.54760377674854e-09","35.9399142284304","0.000499750124937531"
"temprow.979","980","MeanCoopTie2Noncoop","Female_song_score","0.013256045947472","0.0479006153992311","0.0642110439900424","0.0346466125274233","997","0.324619800303656","0.675380199696344","0.888165011820058","0.111834988179942","0.29867443415233","0.589490577667728","0.0259453661513259","0.0858896220286163","8785.08839541662","42.8758151820196","5.8327291962703e-11","43.3504217877312","0.000499750124937531"
"temprow.980","981","MeanCoopTie2Noncoop","Female_song_score","0.013256045947472","0.0479006153992311","0.0642110439900424","0.0346466125274233","997","0.323362403255607","0.676637596744393","0.887717768386427","0.112282231613573","0.292246713985045","0.595471054401382","0.0311156892705612","0.081166542343012","8785.08839541662","10.710248145128","0.00106543738777687","10.9480418687571","0.00199900049975012"
"temprow.981","982","MeanCoopTie2Noncoop","Female_song_score","0.013256045947472","0.0479006153992311","0.0642110439900424","0.0346466125274233","997","0.329756529088622","0.670243470911378","0.895596006624918","0.104403993375082","0.296581900272395","0.599014106352523","0.0331746288162273","0.0712293645588549","8785.08839541662","0.645761251372473","0.421632231857886","0.70678753746088","0.407296351824088"
"temprow.982","983","MeanCoopTie2Noncoop","Female_song_score","0.013256045947472","0.0479006153992311","0.0642110439900424","0.0346466125274233","997","0.309736837583787","0.690263162416213","0.887785966010378","0.112214033989622","0.287693425377033","0.600092540633345","0.0220434122067534","0.0901706217828683","8785.08839541662","65.7136210173631","5.21442384655686e-16","66.307525382441","0.000499750124937531"
"temprow.983","984","MeanCoopTie2Noncoop","Female_song_score","0.013256045947472","0.0479006153992311","0.0642110439900424","0.0346466125274233","997","0.369103646326393","0.630896353673607","0.883266585275366","0.116733414724634","0.33585184591962","0.547414739355745","0.0332518004067735","0.0834816143178609","8785.08839541662","34.923260281381","3.42959149007791e-09","35.3314431637475","0.000499750124937531"
"temprow.984","985","MeanCoopTie2Noncoop","Female_song_score","0.013256045947472","0.0479006153992311","0.0642110439900424","0.0346466125274233","997","0.32434900712094","0.67565099287906","0.888642164751119","0.111357835248881","0.302314920501322","0.586327244249797","0.0220340866196176","0.0893237486292638","8785.08839541662","79.4431200986237","4.9631003001302e-19","80.0899550291192","0.000499750124937531"
"temprow.985","986","MeanCoopTie2Noncoop","Female_song_score","0.013256045947472","0.0479006153992311","0.0642110439900424","0.0346466125274233","997","0.315654849187237","0.684345150812763","0.899087847191083","0.100912152808917","0.296909124831661","0.602178722359423","0.018745724355576","0.0821664284533406","8785.08839541662","76.0848182806593","2.71738438212033e-18","76.7508642507405","0.000499750124937531"
"temprow.986","987","MeanCoopTie2Noncoop","Female_song_score","0.013256045947472","0.0479006153992311","0.0642110439900424","0.0346466125274233","997","0.324386809213572","0.675613190786428","0.869507069277946","0.130492930722054","0.291017032263082","0.578490037014863","0.0333697769504892","0.0971231537715651","8785.08839541662","28.0579709436253","1.17735177119919e-07","28.4175398910538","0.000499750124937531"
"temprow.987","988","MeanCoopTie2Noncoop","Female_song_score","0.013256045947472","0.0479006153992311","0.0642110439900424","0.0346466125274233","997","0.322208809654178","0.677791190345822","0.87117528771771","0.12882471228229","0.290934078743303","0.580241208974408","0.0312747309108753","0.0975499813714143","8785.08839541662","37.0183643065777","1.17021884320942e-09","37.4341045731015","0.000499750124937531"
"temprow.988","989","MeanCoopTie2Noncoop","Female_song_score","0.013256045947472","0.0479006153992311","0.0642110439900424","0.0346466125274233","997","0.299040584374915","0.700959415625085","0.903557503269612","0.0964424967303881","0.276581847888215","0.626975655381397","0.0224587364866999","0.0739837602436882","8785.08839541662","19.3952552599328","1.06270757946086e-05","19.7445204983196","0.000499750124937531"
"temprow.989","990","MeanCoopTie2Noncoop","Female_song_score","0.013256045947472","0.0479006153992311","0.0642110439900424","0.0346466125274233","997","0.30165754247161","0.69834245752839","0.867286966785855","0.132713033214145","0.272430581741088","0.594856385044767","0.0292269607305211","0.103486072483623","8785.08839541662","41.6769852535098","1.0766898494361e-10","42.1204744804529","0.000499750124937531"
"temprow.990","991","MeanCoopTie2Noncoop","Female_song_score","0.013256045947472","0.0479006153992311","0.0642110439900424","0.0346466125274233","997","0.34577663322114","0.65422336677886","0.877917265601533","0.122082734398467","0.310392381829311","0.567524883772222","0.0353842513918291","0.0866984830066378","8785.08839541662","16.6248998139866","4.55490929977184e-05","16.9053933683311","0.000499750124937531"
"temprow.991","992","MeanCoopTie2Noncoop","Female_song_score","0.013256045947472","0.0479006153992311","0.0642110439900424","0.0346466125274233","997","0.338959807916808","0.661040192083192","0.890447242843735","0.109552757156265","0.312041412556755","0.57840583028698","0.0269183953600527","0.0826343617962125","8785.08839541662","41.7657083818795","1.02892264979659e-10","42.2334948129866","0.000499750124937531"
"temprow.992","993","MeanCoopTie2Noncoop","Female_song_score","0.013256045947472","0.0479006153992311","0.0642110439900424","0.0346466125274233","997","0.333496010778588","0.666503989221412","0.899743811856656","0.100256188143344","0.3107112559941","0.589032555862556","0.0227847547844883","0.0774714333588561","8785.08839541662","49.4076051860445","2.07937962876201e-12","49.9385783946386","0.000499750124937531"
"temprow.993","994","MeanCoopTie2Noncoop","Female_song_score","0.013256045947472","0.0479006153992311","0.0642110439900424","0.0346466125274233","997","0.31719838594884","0.68280161405116","0.874020690664905","0.125979309335095","0.278381325708261","0.595639364956643","0.038817060240578","0.087162249094517","8785.08839541662","0.444439192997215","0.504987591451098","0.491685311574913","0.494752623688156"
"temprow.994","995","MeanCoopTie2Noncoop","Female_song_score","0.013256045947472","0.0479006153992311","0.0642110439900424","0.0346466125274233","997","0.311758185513948","0.688241814486052","0.895661154440537","0.104338845559463","0.285586250076704","0.610074904363833","0.0261719354372439","0.0781669101222188","8785.08839541662","17.398754183934","3.03024524611973e-05","17.714394055355","0.000499750124937531"
"temprow.995","996","MeanCoopTie2Noncoop","Female_song_score","0.013256045947472","0.0479006153992311","0.0642110439900424","0.0346466125274233","997","0.324225395153981","0.675774604846019","0.879635492676187","0.120364507323813","0.293632294255095","0.586003198421092","0.0305931008988848","0.0897714064249276","8785.08839541662","26.5461638685173","2.57315157839362e-07","26.9082023737333","0.000499750124937531"
"temprow.996","997","MeanCoopTie2Noncoop","Female_song_score","0.013256045947472","0.0479006153992311","0.0642110439900424","0.0346466125274233","997","0.354136883453469","0.645863116546531","0.888394181451754","0.111605818548246","0.329421706855623","0.558972474596131","0.0247151765978459","0.0868906419504","8785.08839541662","84.2694971069066","4.31724859102198e-20","84.9212620574398","0.000499750124937531"
"temprow.997","998","MeanCoopTie2Noncoop","Female_song_score","0.013256045947472","0.0479006153992311","0.0642110439900424","0.0346466125274233","997","0.342212741930751","0.657787258069249","0.867856048539338","0.132143951460662","0.304084148774206","0.563771899765132","0.0381285931565442","0.0940153583041177","8785.08839541662","16.8206264201753","4.1084314524877e-05","17.0940649229318","0.000499750124937531"
"temprow.998","999","MeanCoopTie2Noncoop","Female_song_score","0.013256045947472","0.0479006153992311","0.0642110439900424","0.0346466125274233","997","0.354904882274835","0.645095117725165","0.887285449554793","0.112714550445207","0.3286920907313","0.558593358823493","0.0262127915435344","0.0865017589016724","8785.08839541662","72.6457088118605","1.55143853884315e-17","73.2479557817756","0.000499750124937531"
"temprow.999","1000","MeanCoopTie2Noncoop","Female_song_score","0.013256045947472","0.0479006153992311","0.0642110439900424","0.0346466125274233","997","0.319253969093847","0.680746030906153","0.885490942052722","0.114509057947277","0.295916820279202","0.589574121773521","0.0233371488146452","0.0911719091326322","8785.08839541662","69.1530613996789","9.11108300467374e-17","69.7519937430124","0.000499750124937531"
