"","DiscreteTrait","ContinuousTrait","Pval","ERRate","ERloglik","ERace","ARDRate0","ARDRate1","ARDloglik","ARDace","k2","convergence","simmapnumber","phylanovaP"
"1","CoopBreed","Continuity",0.00544027576901654,0.024058796339896,-117.150167779733,-1.40286254267102,0.0211047381214025,0.0742822037636635,-113.286695874585,-1.40289347419672,3,"Optimization has converged.",1,"not evaluated"
"2","CoopBreed","Continuity",0.171097268468352,0.024058796339896,-117.150167779733,-1.40286254267102,0.0251529698437255,0.000175615736907659,-116.213516309,-1.40288740772195,3,"Optimization has converged.",2,"not evaluated"
"3","CoopBreed","Continuity",0.125740918877694,0.024058796339896,-117.150167779733,-1.40286254267102,0.0222914660698598,0.0936382316136848,-115.978010871253,-1.40289814926666,3,"Optimization may not have converged.  Consider increasing maxit.",3,"not evaluated"
"4","CoopBreed","Continuity",0.0211208076528636,0.024058796339896,-117.150167779733,-1.40286254267102,0.0216218962916723,0.0787548004498664,-114.491769605289,-1.40286813002705,3,"Optimization has converged.",4,"not evaluated"
"5","CoopBreed","Continuity",0.00375310386699938,0.024058796339896,-117.150167779733,-1.40286254267102,0.0197595627032383,0.276349218798774,-112.950384254705,-1.4027345657649,3,"Optimization has converged.",5,"not evaluated"
"6","CoopBreed","Continuity",0.218418940532429,0.024058796339896,-117.150167779733,-1.40286254267102,0.0225735657850987,0.0563631545020093,-116.392803417611,-1.40299717300694,3,"Optimization has converged.",6,"not evaluated"
"7","CoopBreed","Continuity",0.943817577016306,0.024058796339896,-117.150167779733,-1.40286254267102,0.0239746333347244,0.0267306234315761,-117.147684592138,-1.40286316398715,3,"Optimization has converged.",7,"not evaluated"
"8","CoopBreed","Continuity",0.0432751366856604,0.024058796339896,-117.150167779733,-1.40286254267102,0.021376951530489,0.0888908267911761,-115.107856913255,-1.40295188924185,3,"Optimization may not have converged.  Consider increasing maxit.",8,"not evaluated"
"9","CoopBreed","Continuity",0.223209947119008,0.024058796339896,-117.150167779733,-1.40286254267102,0.0246682028222379,0.00723018688429423,-116.408360823598,-1.40287256703063,3,"Optimization has converged.",9,"not evaluated"
"10","CoopBreed","Continuity",0.141763345327981,0.024058796339896,-117.150167779733,-1.40286254267102,0.0246492704902417,2.4058796339896e-06,-116.070811069481,-1.43201052550289,3,"Optimization has converged.",10,"not evaluated"
"11","CoopBreed","Continuity",0.00574906108465376,0.024058796339896,-117.150167779733,-1.40286254267102,0.0211464669375585,0.0823477922090304,-113.336506893974,-1.40286103900589,3,"Optimization has converged.",11,"not evaluated"
"12","CoopBreed","Continuity",0.5309635932667,0.024058796339896,-117.150167779733,-1.40286254267102,0.0230153875752549,0.0652800595978291,-116.953894254433,-1.40286080039582,3,"Optimization has converged.",12,"not evaluated"
"13","CoopBreed","Continuity",0.523702615021718,0.024058796339896,-117.150167779733,-1.40286254267102,0.0230582484383871,0.0394460067058531,-116.9468700712,-1.40286257194175,3,"Optimization has converged.",13,"not evaluated"
"14","CoopBreed","Continuity",0.0111821724625346,0.024058796339896,-117.150167779733,-1.40286254267102,0.0213488839953861,0.0854477383893721,-113.93210060333,-1.40284264911755,3,"Optimization has converged.",14,"not evaluated"
"15","CoopBreed","Continuity",0.468932535815541,0.024058796339896,-117.150167779733,-1.40286254267102,0.0230869392727776,0.045323832013821,-116.887922662845,-1.38317848234602,3,"Optimization has converged.",15,"not evaluated"
"16","CoopBreed","Continuity",0.15327909657668,0.024058796339896,-117.150167779733,-1.40286254267102,0.0222942453851984,0.0736008454692125,-116.130512461517,-1.40279902467895,3,"Optimization has converged.",16,"not evaluated"
"17","CoopBreed","Continuity",0.222003384191111,0.024058796339896,-117.150167779733,-1.40286254267102,0.0224933264056852,0.0821271508057107,-116.404480734148,-1.41585919854099,3,"Optimization has converged.",17,"not evaluated"
"18","CoopBreed","Continuity",0.335951763707667,0.024058796339896,-117.150167779733,-1.40286254267102,0.022829988766388,0.0572714915651245,-116.68725836888,-1.40287657745135,3,"Optimization has converged.",18,"not evaluated"
"19","CoopBreed","Continuity",0.0168965626907252,0.024058796339896,-117.150167779733,-1.40286254267102,0.021575743664585,0.0580717273801239,-114.296624700976,-1.402844587586,3,"Optimization has converged.",19,"not evaluated"
"20","CoopBreed","Continuity",0.00137351815540057,0.024058796339896,-117.150167779733,-1.40286254267102,0.0209317944925307,0.0958060245496731,-112.02965911937,-1.40273100309642,3,"Optimization has converged.",20,"not evaluated"
"21","CoopBreed","Continuity",0.365476683054206,0.024058796339896,-117.150167779733,-1.40286254267102,0.0245425252950851,0.00571133713682837,-116.740674575748,-1.40286187797706,3,"Optimization has converged.",21,"not evaluated"
"22","CoopBreed","Continuity",0.00349303447533328,0.024058796339896,-117.150167779733,-1.40286254267102,0.0210800723454291,0.0824172417194532,-112.885073338803,-1.4028819541632,3,"Optimization has converged.",22,"not evaluated"
"23","CoopBreed","Continuity",0.262433200400812,0.024058796339896,-117.150167779733,-1.40286254267102,0.022771403069335,0.0549477653006964,-116.522229903198,-1.40283568572769,3,"Optimization has converged.",23,"not evaluated"
"24","CoopBreed","Continuity",0.0113366306701019,0.024058796339896,-117.150167779733,-1.40286254267102,0.0213525591128301,0.120278764770743,-113.944282416777,-1.36456771702596,3,"Optimization has converged.",24,"not evaluated"
"25","CoopBreed","Continuity",0.129855658188319,0.024058796339896,-117.150167779733,-1.40286254267102,0.0244282607195675,2.4058796339896e-06,-116.003053159639,-1.40469298913439,3,"Optimization has converged.",25,"not evaluated"
"26","CoopBreed","Continuity",0.326627510015843,0.024058796339896,-117.150167779733,-1.40286254267102,0.0245882364033035,0.00687192400169518,-116.669056440193,-1.40292448118533,3,"Optimization has converged.",26,"not evaluated"
"27","CoopBreed","Continuity",0.355603594258475,0.024058796339896,-117.150167779733,-1.40286254267102,0.0246712359580282,0.00841180210200804,-116.723487867785,-1.40286943994383,3,"Optimization has converged.",27,"not evaluated"
"28","CoopBreed","Continuity",0.0431521201069468,0.024058796339896,-117.150167779733,-1.40286254267102,0.0218337139810311,0.0807564367229802,-115.105451366103,-1.40287220031859,3,"Optimization has converged.",28,"not evaluated"
"29","CoopBreed","Continuity",0.000737463531121917,0.024058796339896,-117.150167779733,-1.40286254267102,0.0200933612437507,0.141827818005889,-111.453982404095,-1.30530654089762,3,"Optimization has converged.",29,"not evaluated"
"30","CoopBreed","Continuity",0.795371468179645,0.024058796339896,-117.150167779733,-1.40286254267102,0.0229319048973712,0.0632557057032557,-117.116538674139,-1.40285870950068,3,"Optimization has converged.",30,"not evaluated"
"31","CoopBreed","Continuity",0.00831591499549347,0.024058796339896,-117.150167779733,-1.40286254267102,0.0210617214321152,0.111136785653847,-113.668095168267,-1.40285727948892,3,"Optimization has converged.",31,"not evaluated"
"32","CoopBreed","Continuity",0.109207222809893,0.024058796339896,-117.150167779733,-1.40286254267102,0.022264139097763,0.0895529517070465,-115.867339596661,-1.40286030409674,3,"Optimization has converged.",32,"not evaluated"
"33","CoopBreed","Continuity",0.316347077960464,0.024058796339896,-117.150167779733,-1.40286254267102,0.0246297648093774,2.4058796339896e-06,-116.648173010063,-1.40287220818099,3,"Optimization has converged.",33,"not evaluated"
"34","CoopBreed","Continuity",0.0009042292391469,0.024058796339896,-117.150167779733,-1.40286254267102,0.0196458143230771,0.110677705148808,-111.643133208763,-1.40278510275815,3,"Optimization has converged.",34,"not evaluated"
"35","CoopBreed","Continuity",0.0488127380333526,0.024058796339896,-117.150167779733,-1.40286254267102,0.0215807873803571,0.155876929168303,-115.209277057793,-1.40284362415602,3,"Optimization has converged.",35,"not evaluated"
"36","CoopBreed","Continuity",0.0253255095146734,0.024058796339896,-117.150167779733,-1.40286254267102,0.0216483827427082,0.105296580946017,-114.649422851846,-1.40294083091975,3,"Optimization has converged.",36,"not evaluated"
"37","CoopBreed","Continuity",0.33475502769517,0.024058796339896,-117.150167779733,-1.40286254267102,0.025579879078067,0.00576360295949949,-116.684960119742,-1.39199510538968,3,"Optimization has converged.",37,"not evaluated"
"38","CoopBreed","Continuity",0.138976763851979,0.024058796339896,-117.150167779733,-1.40286254267102,0.0222020204779087,0.140150398632754,-116.055541621171,-1.40286309726766,3,"Optimization has converged.",38,"not evaluated"
"39","CoopBreed","Continuity",0.000957505698783142,0.024058796339896,-117.150167779733,-1.40286254267102,0.0196711271530316,0.143377601511657,-111.696174777119,-1.34650750714421,3,"Optimization has converged.",39,"not evaluated"
"40","CoopBreed","Continuity",0.0015821265437465,0.024058796339896,-117.150167779733,-1.40286254267102,0.0202999603167412,0.138314311340116,-112.159952322519,-1.37132648239455,3,"Optimization has converged.",40,"not evaluated"
"41","CoopBreed","Continuity",0.000628672220398788,0.024058796339896,-117.150167779733,-1.40286254267102,0.0197890304235203,0.21908092990882,-111.305616614001,-1.33288210680721,3,"Optimization may not have converged.  Consider increasing maxit.",41,"not evaluated"
"42","CoopBreed","Continuity",0.273894061604205,0.024058796339896,-117.150167779733,-1.40286254267102,0.0224198556292253,0.118166286169669,-116.551597807877,-1.40286223914057,3,"Optimization has converged.",42,"not evaluated"
"43","CoopBreed","Continuity",0.0344303822919002,0.024058796339896,-117.150167779733,-1.40286254267102,0.0216854398202483,0.0913748776570295,-114.913566073728,-1.40271465453253,3,"Optimization has converged.",43,"not evaluated"
"44","CoopBreed","Continuity",0.000500551239670591,0.024058796339896,-117.150167779733,-1.40286254267102,0.0192430904862382,0.171381649253913,-111.093362550257,-1.40279632782472,3,"Optimization may not have converged.  Consider increasing maxit.",44,"not evaluated"
"45","CoopBreed","Continuity",0.0578801653247904,0.024058796339896,-117.150167779733,-1.40286254267102,0.021905804644314,0.0714164066057917,-115.351613595488,-1.40291445968074,3,"Optimization has converged.",45,"not evaluated"
"46","CoopBreed","Continuity",0.0652206779421079,0.024058796339896,-117.150167779733,-1.40286254267102,0.0217957536642029,0.235320790725172,-115.450474600146,-1.40286481717238,3,"Optimization has converged.",46,"not evaluated"
"47","CoopBreed","Continuity",0.0842517700179755,0.024058796339896,-117.150167779733,-1.40286254267102,0.0251318931651838,2.4058796339896e-06,-115.659711622518,-1.40285595717268,3,"Optimization has converged.",47,"not evaluated"
"48","CoopBreed","Continuity",0.0260882062518799,0.024058796339896,-117.150167779733,-1.40286254267102,0.0217854504352714,0.0909050540854508,-114.675086198332,-1.40287547377458,3,"Optimization has converged.",48,"not evaluated"
"49","CoopBreed","Continuity",0.0555534991158732,0.024058796339896,-117.150167779733,-1.40286254267102,0.0209998650216395,0.0867242074539045,-115.31747065955,-1.40280084818503,3,"Optimization has converged.",49,"not evaluated"
"50","CoopBreed","Continuity",0.00428909528656171,0.024058796339896,-117.150167779733,-1.40286254267102,0.0212625557852712,0.082477901967,-113.071576539801,-1.40293579968079,3,"Optimization has converged.",50,"not evaluated"
"51","CoopBreed","Continuity",0.0764139992519375,0.024058796339896,-117.150167779733,-1.40286254267102,0.0219807715265298,0.0650905073687995,-115.580383292431,-1.402901654761,3,"Optimization has converged.",51,"not evaluated"
"52","CoopBreed","Continuity",0.165621139586964,0.024058796339896,-117.150167779733,-1.40286254267102,0.0223098393894223,0.17038445263735,-116.189098686916,-1.402912602439,3,"Optimization has converged.",52,"not evaluated"
"53","CoopBreed","Continuity",0.0189740254176587,0.024058796339896,-117.150167779733,-1.40286254267102,0.0213709990568197,0.117759353793773,-114.398213835027,-1.39014276118288,3,"Optimization has converged.",53,"not evaluated"
"54","CoopBreed","Continuity",0.221468534212315,0.024058796339896,-117.150167779733,-1.40286254267102,0.0222417761980166,0.0676185482067663,-116.402752671447,-1.38076972846787,3,"Optimization has converged.",54,"not evaluated"
"55","CoopBreed","Continuity",0.279299443246557,0.024058796339896,-117.150167779733,-1.40286254267102,0.0220292111228335,0.0431388139679505,-116.564920008422,-1.40286571207612,3,"Optimization has converged.",55,"not evaluated"
"56","CoopBreed","Continuity",0.302465874899903,0.024058796339896,-117.150167779733,-1.40286254267102,0.022573379475927,0.0447177753480933,-116.61852248278,-1.38998019377631,3,"Optimization has converged.",56,"not evaluated"
"57","CoopBreed","Continuity",0.199862830693419,0.024058796339896,-117.150167779733,-1.40286254267102,0.0249203432230103,0.00350733856783927,-116.328479540629,-1.40285798035393,3,"Optimization has converged.",57,"not evaluated"
"58","CoopBreed","Continuity",0.0355497890450941,0.024058796339896,-117.150167779733,-1.40286254267102,0.0219287500299882,0.0833201639316711,-114.940882107549,-1.40299826446494,3,"Optimization has converged.",58,"not evaluated"
"59","CoopBreed","Continuity",0.0272647203527272,0.024058796339896,-117.150167779733,-1.40286254267102,0.0217435932083217,0.0644407812483272,-114.71318318063,-1.40284261996141,3,"Optimization has converged.",59,"not evaluated"
"60","CoopBreed","Continuity",0.548584535032043,0.024058796339896,-117.150167779733,-1.40286254267102,0.0248392305465412,0.00966347396694621,-116.97023826292,-1.38361065011993,3,"Optimization has converged.",60,"not evaluated"
"61","CoopBreed","Continuity",0.458215057636325,0.024058796339896,-117.150167779733,-1.40286254267102,0.0246950946569752,0.00417922126396954,-116.875042162001,-1.4028732460286,3,"Optimization has converged.",61,"not evaluated"
"62","CoopBreed","Continuity",0.460310408447825,0.024058796339896,-117.150167779733,-1.40286254267102,0.0249422072446022,0.00564149424393944,-116.877597892802,-1.40277907752742,3,"Optimization has converged.",62,"not evaluated"
"63","CoopBreed","Continuity",0.994332419105926,0.024058796339896,-117.150167779733,-1.40286254267102,0.0240697302052107,0.0244135834095431,-117.150142551163,-1.40236973710288,3,"Optimization has converged.",63,"not evaluated"
"64","CoopBreed","Continuity",0.0145219657185172,0.024058796339896,-117.150167779733,-1.40286254267102,0.0205003455617697,0.321951147425354,-114.163389671323,-1.40019933431832,3,"Optimization has converged.",64,"not evaluated"
"65","CoopBreed","Continuity",0.00472925560255357,0.024058796339896,-117.150167779733,-1.40286254267102,0.0209762562835297,0.0758288868884936,-113.160083838169,-1.40285801883174,3,"Optimization has converged.",65,"not evaluated"
"66","CoopBreed","Continuity",0.666683005547741,0.024058796339896,-117.150167779733,-1.40286254267102,0.0244685180795691,0.0145795798497058,-117.057414453931,-1.40286560055245,3,"Optimization has converged.",66,"not evaluated"
"67","CoopBreed","Continuity",0.264745228119829,0.024058796339896,-117.150167779733,-1.40286254267102,0.0225777402177119,0.0687990058630313,-116.528281504419,-1.40286980843479,3,"Optimization has converged.",67,"not evaluated"
"68","CoopBreed","Continuity",0.12706568846511,0.024058796339896,-117.150167779733,-1.40286254267102,0.0221533540761418,0.0727567964495333,-115.986171754928,-1.42894282851361,3,"Optimization has converged.",68,"not evaluated"
"69","CoopBreed","Continuity",0.490943012786775,0.024058796339896,-117.150167779733,-1.40286254267102,0.0252210525664587,0.00636808970294209,-116.912938358779,-1.37103256037451,3,"Optimization has converged.",69,"not evaluated"
"70","CoopBreed","Continuity",0.0399420818726505,0.024058796339896,-117.150167779733,-1.40286254267102,0.0257272564159017,2.4058796339896e-06,-115.039996196855,-1.40286163632336,3,"Optimization has converged.",70,"not evaluated"
"71","CoopBreed","Continuity",0.385701433791544,0.024058796339896,-117.150167779733,-1.40286254267102,0.0226705660338791,0.0459452208500805,-116.77394243231,-1.44649021244408,3,"Optimization has converged.",71,"not evaluated"
"72","CoopBreed","Continuity",0.22001399966857,0.024058796339896,-117.150167779733,-1.40286254267102,0.0226298331959572,0.0485913521735621,-116.398027822259,-1.40273594498286,3,"Optimization may not have converged.  Consider increasing maxit.",72,"not evaluated"
"73","CoopBreed","Continuity",0.837359474454857,0.024058796339896,-117.150167779733,-1.40286254267102,0.0237026453292798,0.0318404007817655,-117.129099444761,-1.40286623275241,3,"Optimization has converged.",73,"not evaluated"
"74","CoopBreed","Continuity",0.159258532412583,0.024058796339896,-117.150167779733,-1.40286254267102,0.0223313085791317,0.0952803535146666,-116.159541585504,-1.40290453166244,3,"Optimization may not have converged.  Consider increasing maxit.",74,"not evaluated"
"75","CoopBreed","Continuity",0.0101260153780689,0.024058796339896,-117.150167779733,-1.40286254267102,0.0205925660099059,0.272675626369471,-113.843871665344,-1.40279714930615,3,"Optimization has converged.",75,"not evaluated"
"76","CoopBreed","Continuity",0.0208038638197139,0.024058796339896,-117.150167779733,-1.40286254267102,0.0217059717202094,0.0868376971188984,-114.478593444017,-1.35128963001934,3,"Optimization has converged.",76,"not evaluated"
"77","CoopBreed","Continuity",0.332718367524277,0.024058796339896,-117.150167779733,-1.40286254267102,0.0249695386480084,0.00533827084722116,-116.681023496451,-1.40287529111421,3,"Optimization has converged.",77,"not evaluated"
"78","CoopBreed","Continuity",0.0013715470187493,0.024058796339896,-117.150167779733,-1.40286254267102,0.0190145001237485,0.153229754017852,-112.028334556588,-1.37080471111745,3,"Optimization has converged.",78,"not evaluated"
"79","CoopBreed","Continuity",0.0765741613674557,0.024058796339896,-117.150167779733,-1.40286254267102,0.0260652802845025,2.4058796339896e-06,-115.582090610867,-1.40288556642818,3,"Optimization has converged.",79,"not evaluated"
"80","CoopBreed","Continuity",0.166992716544647,0.024058796339896,-117.150167779733,-1.40286254267102,0.0221664853917293,0.0611918492202509,-116.195300362034,-1.36147030359664,3,"Optimization has converged.",80,"not evaluated"
"81","CoopBreed","Continuity",0.00164403496617473,0.024058796339896,-117.150167779733,-1.40286254267102,0.0202152671365467,0.0756400301493217,-112.195281847448,-1.40285597626178,3,"Optimization has converged.",81,"not evaluated"
"82","CoopBreed","Continuity",0.00684327345740501,0.024058796339896,-117.150167779733,-1.40286254267102,0.0213103579739123,0.0886915661423519,-113.493342073229,-1.4028880315241,3,"Optimization has converged.",82,"not evaluated"
"83","CoopBreed","Continuity",0.160055556705704,0.024058796339896,-117.150167779733,-1.40286254267102,0.0224087708204077,0.0647796396693206,-116.163317221298,-1.40288184403708,3,"Optimization has converged.",83,"not evaluated"
"84","CoopBreed","Continuity",0.0724882412056562,0.024058796339896,-117.150167779733,-1.40286254267102,0.0218084525409872,0.0786882663858014,-115.537288905096,-1.40758553328364,3,"Optimization has converged.",84,"not evaluated"
"85","CoopBreed","Continuity",0.0844069517176102,0.024058796339896,-117.150167779733,-1.40286254267102,0.0219800239467661,0.0723606920343052,-115.661200777762,-1.40286155591796,3,"Optimization has converged.",85,"not evaluated"
"86","CoopBreed","Continuity",0.0312933642508557,0.024058796339896,-117.150167779733,-1.40286254267102,0.0207906904252922,0.0752826284809134,-114.831769504053,-1.40294443021294,3,"Optimization has converged.",86,"not evaluated"
"87","CoopBreed","Continuity",0.140395691726406,0.024058796339896,-117.150167779733,-1.40286254267102,0.0213918975838975,0.0812056634456545,-116.063359357862,-1.40285320248496,3,"Optimization has converged.",87,"not evaluated"
"88","CoopBreed","Continuity",0.000627692351736294,0.024058796339896,-117.150167779733,-1.40286254267102,0.0201574630446863,0.176933899843395,-111.304165449201,-1.34259582384324,3,"Optimization has converged.",88,"not evaluated"
"89","CoopBreed","Continuity",0.057989961116362,0.024058796339896,-117.150167779733,-1.40286254267102,0.0219847108721632,0.0943683962876924,-115.353188620148,-1.40282379768781,3,"Optimization has converged.",89,"not evaluated"
"90","CoopBreed","Continuity",0.00100446102710732,0.024058796339896,-117.150167779733,-1.40286254267102,0.0186153343533603,0.0941861621818107,-111.740505276251,-1.37717886296695,3,"Optimization has converged.",90,"not evaluated"
"91","CoopBreed","Continuity",0.87398892903358,0.024058796339896,-117.150167779733,-1.40286254267102,0.023724439598574,0.0298349060219078,-117.137591786089,-1.40286026818998,3,"Optimization may not have converged.  Consider increasing maxit.",91,"not evaluated"
"92","CoopBreed","Continuity",0.588650121056634,0.024058796339896,-117.150167779733,-1.40286254267102,0.0231524506686455,0.0499516655807523,-117.003939129862,-1.4026736214884,3,"Optimization has converged.",92,"not evaluated"
"93","CoopBreed","Continuity",0.145127685600886,0.024058796339896,-117.150167779733,-1.40286254267102,0.0221675625086487,0.0609895986236151,-116.088802949792,-1.40260702118175,3,"Optimization has converged.",93,"not evaluated"
"94","CoopBreed","Continuity",0.34790833146701,0.024058796339896,-117.150167779733,-1.40286254267102,0.0228461468424048,0.052069431980344,-116.709631955448,-1.40284343636671,3,"Optimization has converged.",94,"not evaluated"
"95","CoopBreed","Continuity",0.262094404183027,0.024058796339896,-117.150167779733,-1.40286254267102,0.0214314962475407,0.139423530196059,-116.521337564508,-1.40286137339434,3,"Optimization may not have converged.  Consider increasing maxit.",95,"not evaluated"
"96","CoopBreed","Continuity",0.50349078378822,0.024058796339896,-117.150167779733,-1.40286254267102,0.023155368112041,0.0388972387255493,-116.92638235667,-1.4028632540944,3,"Optimization may not have converged.  Consider increasing maxit.",96,"not evaluated"
"97","CoopBreed","Continuity",0.407224697279543,0.024058796339896,-117.150167779733,-1.40286254267102,0.0245115044583768,0.0102300941778946,-116.80672347033,-1.40286948227159,3,"Optimization has converged.",97,"not evaluated"
"98","CoopBreed","Continuity",0.0683797049466424,0.024058796339896,-117.150167779733,-1.40286254267102,0.021132192622099,0.164111172703158,-115.489421281459,-1.32009852168902,3,"Optimization may not have converged.  Consider increasing maxit.",98,"not evaluated"
"99","CoopBreed","Continuity",0.360953065854425,0.024058796339896,-117.150167779733,-1.40286254267102,0.0226220639865281,0.0611785614486907,-116.732880485716,-1.45832768203771,3,"Optimization has converged.",99,"not evaluated"
"100","CoopBreed","Continuity",0.0187785986888598,0.024058796339896,-117.150167779733,-1.40286254267102,0.0211459870573915,0.150852706664585,-114.389159453518,-1.41918738132185,3,"Optimization has converged.",100,"not evaluated"
"101","CoopBreed","Continuity",0.103214811370485,0.024058796339896,-117.150167779733,-1.40286254267102,0.0220896072714333,0.0499844572458957,-115.822591173393,-1.40288858888502,3,"Optimization has converged.",101,"not evaluated"
"102","CoopBreed","Continuity",0.0188061604253719,0.024058796339896,-117.150167779733,-1.40286254267102,0.0215166781609848,0.0798811741309044,-114.390442306793,-1.40288305400445,3,"Optimization has converged.",102,"not evaluated"
"103","CoopBreed","Continuity",0.121362130358308,0.024058796339896,-117.150167779733,-1.40286254267102,0.0245914447092052,2.4058796339896e-06,-115.950341038372,-1.40285277783495,3,"Optimization has converged.",103,"not evaluated"
"104","CoopBreed","Continuity",0.205446664726755,0.024058796339896,-117.150167779733,-1.40286254267102,0.0225625209620958,0.0786220564554699,-116.348554874214,-1.40284900165241,3,"Optimization has converged.",104,"not evaluated"
"105","CoopBreed","Continuity",0.0106515436292232,0.024058796339896,-117.150167779733,-1.40286254267102,0.0213955500691079,0.0713003420301731,-113.888894972658,-1.40284516959072,3,"Optimization has converged.",105,"not evaluated"
"106","CoopBreed","Continuity",0.00580452636987166,0.024058796339896,-117.150167779733,-1.40286254267102,0.0209247507757056,0.144754891014485,-113.345164359274,-1.40285293097946,3,"Optimization has converged.",106,"not evaluated"
"107","CoopBreed","Continuity",0.0608737754106097,0.024058796339896,-117.150167779733,-1.40286254267102,0.021884122016127,0.0820380848924962,-115.393459166769,-1.4028667575323,3,"Optimization has converged.",107,"not evaluated"
"108","CoopBreed","Continuity",0.43196583729551,0.024058796339896,-117.150167779733,-1.40286254267102,0.022905881953889,0.0491204113653154,-116.841401707197,-1.4028766427417,3,"Optimization has converged.",108,"not evaluated"
"109","CoopBreed","Continuity",0.00416062996197665,0.024058796339896,-117.150167779733,-1.40286254267102,0.0208838744144597,0.0787536526508162,-113.043994251203,-1.40287466012379,3,"Optimization has converged.",109,"not evaluated"
"110","CoopBreed","Continuity",0.00901512783000439,0.024058796339896,-117.150167779733,-1.40286254267102,0.0212552675535232,0.0630974580692558,-113.740254057698,-1.42724561675426,3,"Optimization has converged.",110,"not evaluated"
"111","CoopBreed","Continuity",0.35204079276081,0.024058796339896,-117.150167779733,-1.40286254267102,0.0246346765205377,0.00309824268913979,-116.71712413162,-1.40286093866366,3,"Optimization has converged.",111,"not evaluated"
"112","CoopBreed","Continuity",0.17019689472405,0.024058796339896,-117.150167779733,-1.40286254267102,0.0225074374080026,0.0653050945747795,-116.209563694132,-1.40280270302002,3,"Optimization has converged.",112,"not evaluated"
"113","CoopBreed","Continuity",0.101706686573152,0.024058796339896,-117.150167779733,-1.40286254267102,0.0221668411727399,0.0898115374281522,-115.810880159634,-1.46076947842407,3,"Optimization has converged.",113,"not evaluated"
"114","CoopBreed","Continuity",0.434710261745492,0.024058796339896,-117.150167779733,-1.40286254267102,0.0226479977574254,0.10411690331743,-116.845064784643,-1.3796341543816,3,"Optimization has converged.",114,"not evaluated"
"115","CoopBreed","Continuity",0.163484720331583,0.024058796339896,-117.150167779733,-1.40286254267102,0.0268598198464814,0.00457626787896529,-116.179320780202,-1.26212962784919,3,"Optimization has converged.",115,"not evaluated"
"116","CoopBreed","Continuity",0.549430535972131,0.024058796339896,-117.150167779733,-1.40286254267102,0.0244736370002338,0.0142056767745406,-116.970998614873,-1.4051063690095,3,"Optimization has converged.",116,"not evaluated"
"117","CoopBreed","Continuity",0.225618197965452,0.024058796339896,-117.150167779733,-1.40286254267102,0.0226293889432355,0.0496846633617056,-116.416030725304,-1.40285212570811,3,"Optimization has converged.",117,"not evaluated"
"118","CoopBreed","Continuity",0.098978228933239,0.024058796339896,-117.150167779733,-1.40286254267102,0.0221872080383134,0.0619409664835837,-115.789202441834,-1.40280712398097,3,"Optimization has converged.",118,"not evaluated"
"119","CoopBreed","Continuity",0.254879542650471,0.024058796339896,-117.150167779733,-1.40286254267102,0.0224849275960923,0.0705537277261246,-116.501988759802,-1.4044263106968,3,"Optimization may not have converged.  Consider increasing maxit.",119,"not evaluated"
"120","CoopBreed","Continuity",0.105759249051916,0.024058796339896,-117.150167779733,-1.40286254267102,0.0221403946110448,0.116216874202157,-115.84193105662,-1.41438193966056,3,"Optimization has converged.",120,"not evaluated"
"121","CoopBreed","Continuity",0.46608737902278,0.024058796339896,-117.150167779733,-1.40286254267102,0.0247541417923554,0.00365747673442668,-116.884549418152,-1.40850838136804,3,"Optimization has converged.",121,"not evaluated"
"122","CoopBreed","Continuity",0.332820190474039,0.024058796339896,-117.150167779733,-1.40286254267102,0.0251592259401277,0.0052902633242993,-116.681221071437,-1.40286289732888,3,"Optimization may not have converged.  Consider increasing maxit.",122,"not evaluated"
"123","CoopBreed","Continuity",0.106049765389956,0.024058796339896,-117.150167779733,-1.40286254267102,0.0216800947656299,0.0549520554029493,-115.844106738442,-1.40287113484709,3,"Optimization has converged.",123,"not evaluated"
"124","CoopBreed","Continuity",0.198900556939467,0.024058796339896,-117.150167779733,-1.40286254267102,0.0224809052346068,0.0832168444005242,-116.324953298032,-1.40287808227921,3,"Optimization has converged.",124,"not evaluated"
"125","CoopBreed","Continuity",0.00452347284831648,0.024058796339896,-117.150167779733,-1.40286254267102,0.0208561683706991,0.068547900561976,-113.11979825479,-1.40297720508977,3,"Optimization may not have converged.  Consider increasing maxit.",125,"not evaluated"
"126","CoopBreed","Continuity",0.0759024557813034,0.024058796339896,-117.150167779733,-1.40286254267102,0.025695990871254,0.00247808850692783,-115.574904390456,-1.40278801008877,3,"Optimization has converged.",126,"not evaluated"
"127","CoopBreed","Continuity",0.23855885541185,0.024058796339896,-117.150167779733,-1.40286254267102,0.0226869323413119,0.0669952449272543,-116.455622834359,-1.40280774303788,3,"Optimization has converged.",127,"not evaluated"
"128","CoopBreed","Continuity",0.00861562554543884,0.024058796339896,-117.150167779733,-1.40286254267102,0.0203863889611162,0.147400055072496,-113.699758108864,-1.34890397230071,3,"Optimization has converged.",128,"not evaluated"
"129","CoopBreed","Continuity",0.205614587574201,0.024058796339896,-117.150167779733,-1.40286254267102,0.0223043836496327,0.0953129233846272,-116.349148610723,-1.40284670710912,3,"Optimization has converged.",129,"not evaluated"
"130","CoopBreed","Continuity",0.0149368310059044,0.024058796339896,-117.150167779733,-1.40286254267102,0.0217254092578117,0.146583104084359,-114.188216061673,-1.40273158681426,3,"Optimization has converged.",130,"not evaluated"
"131","CoopBreed","Continuity",0.0956336261269226,0.024058796339896,-117.150167779733,-1.40286254267102,0.0220219986212285,0.0743938400541441,-115.761722088429,-1.40286847470708,3,"Optimization has converged.",131,"not evaluated"
"132","CoopBreed","Continuity",0.087609668203232,0.024058796339896,-117.150167779733,-1.40286254267102,0.0218462269147807,0.0700723149482523,-115.691290202652,-1.4027053796314,3,"Optimization has converged.",132,"not evaluated"
"133","CoopBreed","Continuity",0.230828218385125,0.024058796339896,-117.150167779733,-1.40286254267102,0.0226235181528848,0.0781457677453834,-116.432292458008,-1.4028382163412,3,"Optimization has converged.",133,"not evaluated"
"134","CoopBreed","Continuity",0.0253239854753826,0.024058796339896,-117.150167779733,-1.40286254267102,0.0211696066508794,0.0920248734781015,-114.649370770873,-1.40287774874483,3,"Optimization has converged.",134,"not evaluated"
"135","CoopBreed","Continuity",0.118714654035024,0.024058796339896,-117.150167779733,-1.40286254267102,0.0215461507818694,0.0522287542248201,-115.933069155661,-1.40285826768963,3,"Optimization has converged.",135,"not evaluated"
"136","CoopBreed","Continuity",0.310228262570421,0.024058796339896,-117.150167779733,-1.40286254267102,0.022561925686115,0.0977275178151853,-116.635315913553,-1.3735946314133,3,"Optimization has converged.",136,"not evaluated"
"137","CoopBreed","Continuity",0.0111303854945015,0.024058796339896,-117.150167779733,-1.40286254267102,0.0210462985985366,0.089779218465167,-113.927977580589,-1.4029048178081,3,"Optimization has converged.",137,"not evaluated"
"138","CoopBreed","Continuity",0.0297174920284777,0.024058796339896,-117.150167779733,-1.40286254267102,0.0246868334785417,2.4058796339896e-06,-114.787387406625,-1.40286975930181,3,"Optimization has converged.",138,"not evaluated"
"139","CoopBreed","Continuity",0.000107732422582022,0.024058796339896,-117.150167779733,-1.40286254267102,0.0195507941375313,0.118512897273124,-109.652107503801,-1.40229298385087,3,"Optimization has converged.",139,"not evaluated"
"140","CoopBreed","Continuity",0.27733668497688,0.024058796339896,-117.150167779733,-1.40286254267102,0.0246166793823384,0.00852060488791342,-116.560120350184,-1.40286126417155,3,"Optimization has converged.",140,"not evaluated"
"141","CoopBreed","Continuity",0.223724288101967,0.024058796339896,-117.150167779733,-1.40286254267102,0.0224850177627258,0.0766396490176003,-116.410007223702,-1.41650610942411,3,"Optimization has converged.",141,"not evaluated"
"142","CoopBreed","Continuity",0.0150288667187977,0.024058796339896,-117.150167779733,-1.40286254267102,0.0214135034424496,0.109348905193847,-114.193627407984,-1.40043479936426,3,"Optimization has converged.",142,"not evaluated"
"143","CoopBreed","Continuity",0.00110609290876478,0.024058796339896,-117.150167779733,-1.40286254267102,0.0197645330968281,0.0890123276389103,-111.829679825198,-1.40277885814252,3,"Optimization has converged.",143,"not evaluated"
"144","CoopBreed","Continuity",0.0142513422188673,0.024058796339896,-117.150167779733,-1.40286254267102,0.0215154726014796,0.0698363862266845,-114.146798343066,-1.40286861204817,3,"Optimization may not have converged.  Consider increasing maxit.",144,"not evaluated"
"145","CoopBreed","Continuity",0.139434188435343,0.024058796339896,-117.150167779733,-1.40286254267102,0.0217139081370597,0.163693792745527,-116.058071598846,-1.37858878576785,3,"Optimization has converged.",145,"not evaluated"
"146","CoopBreed","Continuity",0.570214715218002,0.024058796339896,-117.150167779733,-1.40286254267102,0.023219413550343,0.0506958135118889,-116.989006091737,-1.39098616759453,3,"Optimization has converged.",146,"not evaluated"
"147","CoopBreed","Continuity",0.00418723891717813,0.024058796339896,-117.150167779733,-1.40286254267102,0.021111226619215,0.0783150466873351,-113.04977787789,-1.39101970865865,3,"Optimization may not have converged.  Consider increasing maxit.",147,"not evaluated"
"148","CoopBreed","Continuity",0.0126719845297854,0.024058796339896,-117.150167779733,-1.40286254267102,0.021366771127845,0.0687527151999587,-114.042999595622,-1.40285746597892,3,"Optimization has converged.",148,"not evaluated"
"149","CoopBreed","Continuity",0.175947822775624,0.024058796339896,-117.150167779733,-1.40286254267102,0.0222916918409536,0.0981996924109287,-116.234406536457,-1.40260114599802,3,"Optimization may not have converged.  Consider increasing maxit.",149,"not evaluated"
"150","CoopBreed","Continuity",0.268943271533354,0.024058796339896,-117.150167779733,-1.40286254267102,0.0227010005138193,0.0658532722433209,-116.539103362155,-1.4028795063423,3,"Optimization has converged.",150,"not evaluated"
"151","CoopBreed","Continuity",0.0407106591031308,0.024058796339896,-117.150167779733,-1.40286254267102,0.0213745884200452,0.131617323430523,-115.056158625153,-1.40281870112549,3,"Optimization has converged.",151,"not evaluated"
"152","CoopBreed","Continuity",0.069052004418104,0.024058796339896,-117.150167779733,-1.40286254267102,0.0218192946564829,0.0726198074683758,-115.497461503332,-1.40288602029781,3,"Optimization has converged.",152,"not evaluated"
"153","CoopBreed","Continuity",0.00745103242826032,0.024058796339896,-117.150167779733,-1.40286254267102,0.0214442944620769,0.220706827698781,-113.569724065993,-1.40307751943069,3,"Optimization has converged.",153,"not evaluated"
"154","CoopBreed","Continuity",0.00955377554328039,0.024058796339896,-117.150167779733,-1.40286254267102,0.0261926402710405,0.00238970884299243,-113.792037670301,-1.4028470405077,3,"Optimization may not have converged.  Consider increasing maxit.",154,"not evaluated"
"155","CoopBreed","Continuity",0.00116354965366369,0.024058796339896,-117.150167779733,-1.40286254267102,0.0198770938909637,0.151143328878287,-111.876494175582,-1.35764778914069,3,"Optimization has converged.",155,"not evaluated"
"156","CoopBreed","Continuity",0.112120264715013,0.024058796339896,-117.150167779733,-1.40286254267102,0.0219299780869848,0.0650013981399731,-115.888128548785,-1.40291174885166,3,"Optimization has converged.",156,"not evaluated"
"157","CoopBreed","Continuity",0.0248330458847342,0.024058796339896,-117.150167779733,-1.40286254267102,0.0246474359044746,2.4058796339896e-06,-114.632422258904,-1.40284787529252,3,"Optimization may not have converged.  Consider increasing maxit.",157,"not evaluated"
"158","CoopBreed","Continuity",0.0444944696945554,0.024058796339896,-117.150167779733,-1.40286254267102,0.0217121357568883,0.0590132404222399,-115.131318659158,-1.40283271058539,3,"Optimization has converged.",158,"not evaluated"
"159","CoopBreed","Continuity",0.00924977357472268,0.024058796339896,-117.150167779733,-1.40286254267102,0.0214485973387649,0.0722230029578191,-113.763191277085,-1.40283719734776,3,"Optimization has converged.",159,"not evaluated"
"160","CoopBreed","Continuity",0.342781796853022,0.024058796339896,-117.150167779733,-1.40286254267102,0.0245698263989208,0.00533441325546737,-116.700167939549,-1.40287231474139,3,"Optimization has converged.",160,"not evaluated"
"161","CoopBreed","Continuity",0.28203281484109,0.024058796339896,-117.150167779733,-1.40286254267102,0.0225429330479367,0.0716823150302021,-116.571533684159,-1.40286682003993,3,"Optimization has converged.",161,"not evaluated"
"162","CoopBreed","Continuity",0.0769779637767587,0.024058796339896,-117.150167779733,-1.40286254267102,0.0220624462465814,0.0834371014429644,-115.586378130078,-1.42847467807231,3,"Optimization has converged.",162,"not evaluated"
"163","CoopBreed","Continuity",0.0635142072166171,0.024058796339896,-117.150167779733,-1.40286254267102,0.0217894953471221,0.0708270954536883,-115.428589105785,-1.40289592291832,3,"Optimization has converged.",163,"not evaluated"
"164","CoopBreed","Continuity",0.81468831702518,0.024058796339896,-117.150167779733,-1.40286254267102,0.0243951435757616,0.0191110823626321,-117.122700284231,-1.40286345492701,3,"Optimization has converged.",164,"not evaluated"
"165","CoopBreed","Continuity",0.443329903939037,0.024058796339896,-117.150167779733,-1.40286254267102,0.0228090605572945,0.0346853604220006,-116.856343570291,-1.43510000148963,3,"Optimization has converged.",165,"not evaluated"
"166","CoopBreed","Continuity",0.0312930551513439,0.024058796339896,-117.150167779733,-1.40286254267102,0.0217888116341269,0.0731997050699764,-114.831761029104,-1.40284685973153,3,"Optimization has converged.",166,"not evaluated"
"167","CoopBreed","Continuity",0.01772018758794,0.024058796339896,-117.150167779733,-1.40286254267102,0.0214925679154575,0.11678112597702,-114.338366470792,-1.43819196606452,3,"Optimization has converged.",167,"not evaluated"
"168","CoopBreed","Continuity",0.163446650785341,0.024058796339896,-117.150167779733,-1.40286254267102,0.0251109554692395,2.4058796339896e-06,-116.179145222745,-1.40285991699938,3,"Optimization has converged.",168,"not evaluated"
"169","CoopBreed","Continuity",0.497942232828737,0.024058796339896,-117.150167779733,-1.40286254267102,0.023085115599461,0.0409843804977285,-116.920508088805,-1.4028627356589,3,"Optimization has converged.",169,"not evaluated"
"170","CoopBreed","Continuity",0.84067390310866,0.024058796339896,-117.150167779733,-1.40286254267102,0.0244639352108111,0.0178554657690946,-117.129960937379,-1.4028594674411,3,"Optimization has converged.",170,"not evaluated"
"171","CoopBreed","Continuity",0.0262350811336586,0.024058796339896,-117.150167779733,-1.40286254267102,0.021729717966382,0.125473170473408,-114.679938683063,-1.40287407102353,3,"Optimization has converged.",171,"not evaluated"
"172","CoopBreed","Continuity",0.0367779545893191,0.024058796339896,-117.150167779733,-1.40286254267102,0.0213945451323181,0.106740074154736,-114.969835482752,-1.40983798070684,3,"Optimization has converged.",172,"not evaluated"
"173","CoopBreed","Continuity",0.332264471652371,0.024058796339896,-117.150167779733,-1.40286254267102,0.0228070840880298,0.0583633046583292,-116.680141784993,-1.41958691005249,3,"Optimization has converged.",173,"not evaluated"
"174","CoopBreed","Continuity",0.188991487906791,0.024058796339896,-117.150167779733,-1.40286254267102,0.0220589304178518,0.0890502214781709,-116.287436806048,-1.40281106019035,3,"Optimization has converged.",174,"not evaluated"
"175","CoopBreed","Continuity",0.0356713535329543,0.024058796339896,-117.150167779733,-1.40286254267102,0.0207004453033785,0.114729051429254,-114.94379424858,-1.40286602427912,3,"Optimization has converged.",175,"not evaluated"
"176","CoopBreed","Continuity",0.575397855732873,0.024058796339896,-117.150167779733,-1.40286254267102,0.0249934643459191,2.4058796339896e-06,-116.993300791206,-1.40289127435727,3,"Optimization has converged.",176,"not evaluated"
"177","CoopBreed","Continuity",0.00210906448243393,0.024058796339896,-117.150167779733,-1.40286254267102,0.0208532961702519,0.0861988279998323,-112.424113259069,-1.40286035456067,3,"Optimization may not have converged.  Consider increasing maxit.",177,"not evaluated"
"178","CoopBreed","Continuity",0.101299965166559,0.024058796339896,-117.150167779733,-1.40286254267102,0.0220990538580526,0.0636509244223343,-115.807689318934,-1.40286869365499,3,"Optimization has converged.",178,"not evaluated"
"179","CoopBreed","Continuity",0.00787554144905119,0.024058796339896,-117.150167779733,-1.40286254267102,0.0204599648026049,0.105872744778032,-113.619388070797,-1.40288085727653,3,"Optimization has converged.",179,"not evaluated"
"180","CoopBreed","Continuity",0.866846797689912,0.024058796339896,-117.150167779733,-1.40286254267102,0.0238695988948701,0.0309128479631444,-117.136111996246,-1.40286261114066,3,"Optimization has converged.",180,"not evaluated"
"181","CoopBreed","Continuity",0.0541185722809334,0.024058796339896,-117.150167779733,-1.40286254267102,0.0208709480843932,0.630206906056445,-115.295648756898,-1.3333564239606,3,"Optimization has converged.",181,"not evaluated"
"182","CoopBreed","Continuity",0.0669183603471715,0.024058796339896,-117.150167779733,-1.40286254267102,0.0245753424750243,2.4058796339896e-06,-115.471649148159,-1.40286091813092,3,"Optimization has converged.",182,"not evaluated"
"183","CoopBreed","Continuity",0.000366870571942896,0.024058796339896,-117.150167779733,-1.40286254267102,0.0191971701578038,0.0969011924087712,-110.803269337991,-1.40253066063029,3,"Optimization has converged.",183,"not evaluated"
"184","CoopBreed","Continuity",0.499665343672623,0.024058796339896,-117.150167779733,-1.40286254267102,0.0249223377060148,0.0075129420538646,-116.922344207638,-1.40284790421118,3,"Optimization has converged.",184,"not evaluated"
"185","CoopBreed","Continuity",0.332769594340798,0.024058796339896,-117.150167779733,-1.40286254267102,0.0220467169349685,0.0926837912973809,-116.681122905907,-1.40285727333047,3,"Optimization has converged.",185,"not evaluated"
"186","CoopBreed","Continuity",0.00331618033376405,0.024058796339896,-117.150167779733,-1.40286254267102,0.0199458739222052,0.13547738073898,-112.837771036598,-1.41652688550288,3,"Optimization has converged.",186,"not evaluated"
"187","CoopBreed","Continuity",0.701926244391132,0.024058796339896,-117.150167779733,-1.40286254267102,0.0234460396752827,0.0464047667531626,-117.076929892549,-1.40112506455927,3,"Optimization has converged.",187,"not evaluated"
"188","CoopBreed","Continuity",0.16793513135187,0.024058796339896,-117.150167779733,-1.40286254267102,0.0223343933437314,0.082364887019296,-116.199527847153,-1.37209202142452,3,"Optimization has converged.",188,"not evaluated"
"189","CoopBreed","Continuity",0.0043189953136024,0.024058796339896,-117.150167779733,-1.40286254267102,0.0210571957190341,0.0716029015153749,-113.077875585848,-1.40288314306786,3,"Optimization has converged.",189,"not evaluated"
"190","CoopBreed","Continuity",0.00856611865496604,0.024058796339896,-117.150167779733,-1.40286254267102,0.0210320183080233,0.0917158250907519,-113.694606417101,-1.40288286812266,3,"Optimization may not have converged.  Consider increasing maxit.",190,"not evaluated"
"191","CoopBreed","Continuity",0.00768402246901963,0.024058796339896,-117.150167779733,-1.40286254267102,0.0212009437627582,0.0668314287164739,-113.597329590576,-1.40285036666285,3,"Optimization has converged.",191,"not evaluated"
"192","CoopBreed","Continuity",0.895272611038383,0.024058796339896,-117.150167779733,-1.40286254267102,0.0238775175494759,0.0268008361873616,-117.141503828324,-1.40286361702783,3,"Optimization has converged.",192,"not evaluated"
"193","CoopBreed","Continuity",0.236845267495771,0.024058796339896,-117.150167779733,-1.40286254267102,0.0250430680100155,0.0054524980094697,-116.450531087097,-1.41692151917472,3,"Optimization may not have converged.  Consider increasing maxit.",193,"not evaluated"
"194","CoopBreed","Continuity",0.0122425806380777,0.024058796339896,-117.150167779733,-1.40286254267102,0.0215099642597291,0.116080135271719,-114.012470123606,-1.40280911164617,3,"Optimization has converged.",194,"not evaluated"
"195","CoopBreed","Continuity",0.715389137929901,0.024058796339896,-117.150167779733,-1.40286254267102,0.0235309713699452,0.0357444942144944,-117.083691003781,-1.40286451548406,3,"Optimization has converged.",195,"not evaluated"
"196","CoopBreed","Continuity",0.00527465083085521,0.024058796339896,-117.150167779733,-1.40286254267102,0.0210589541863505,0.0789534376477704,-113.258776777565,-1.37587535147954,3,"Optimization has converged.",196,"not evaluated"
"197","CoopBreed","Continuity",0.0560583539272709,0.024058796339896,-117.150167779733,-1.40286254267102,0.0218381264678776,0.101574304335886,-115.325006503925,-1.40316427434474,3,"Optimization has converged.",197,"not evaluated"
"198","CoopBreed","Continuity",0.00562161847641437,0.024058796339896,-117.150167779733,-1.40286254267102,0.0211532409759796,0.0652170813955395,-113.316287494401,-1.40278547623181,3,"Optimization has converged.",198,"not evaluated"
"199","CoopBreed","Continuity",0.0708850043559538,0.024058796339896,-117.150167779733,-1.40286254267102,0.021727386576301,0.0809096081318856,-115.518964260963,-1.40285917217498,3,"Optimization has converged.",199,"not evaluated"
"200","CoopBreed","Continuity",0.0224551703382241,0.024058796339896,-117.150167779733,-1.40286254267102,0.0213405747756432,0.0809689335411599,-114.545083993993,-1.40287313779685,3,"Optimization has converged.",200,"not evaluated"
"201","CoopBreed","Continuity",0.00705275569263167,0.024058796339896,-117.150167779733,-1.40286254267102,0.0214263486089752,0.106025168904091,-113.520425837947,-1.40290346124253,3,"Optimization has converged.",201,"not evaluated"
"202","CoopBreed","Continuity",0.0208809782594663,0.024058796339896,-117.150167779733,-1.40286254267102,0.0213137493426951,0.0617778828465828,-114.481818317025,-1.40286349710174,3,"Optimization has converged.",202,"not evaluated"
"203","CoopBreed","Continuity",0.113026958135674,0.024058796339896,-117.150167779733,-1.40286254267102,0.0214441519838734,0.0888258950417807,-115.894478072166,-1.37410988953684,3,"Optimization has converged.",203,"not evaluated"
"204","CoopBreed","Continuity",0.00141460474820132,0.024058796339896,-117.150167779733,-1.40286254267102,0.0202391474558146,0.135147462920977,-112.056838829929,-1.40278898563634,3,"Optimization has converged.",204,"not evaluated"
"205","CoopBreed","Continuity",0.0310793463523486,0.024058796339896,-117.150167779733,-1.40286254267102,0.021519801882507,0.0757555798131444,-114.825880524639,-1.40282892516297,3,"Optimization has converged.",205,"not evaluated"
"206","CoopBreed","Continuity",0.148164380748649,0.024058796339896,-117.150167779733,-1.40286254267102,0.0223336526440564,0.0728880943917355,-116.104643678394,-1.40282366834134,3,"Optimization has converged.",206,"not evaluated"
"207","CoopBreed","Continuity",0.0962950369920924,0.024058796339896,-117.150167779733,-1.40286254267102,0.0222183859582802,0.0945047275100691,-115.767238721626,-1.4294062106269,3,"Optimization has converged.",207,"not evaluated"
"208","CoopBreed","Continuity",0.00560180495662704,0.024058796339896,-117.150167779733,-1.40286254267102,0.0211870569318501,0.0643798956370063,-113.313102046126,-1.40286103034202,3,"Optimization has converged.",208,"not evaluated"
"209","CoopBreed","Continuity",0.0231930197314743,0.024058796339896,-117.150167779733,-1.40286254267102,0.0217803012686367,0.0997039372092222,-114.573172743607,-1.40255664714884,3,"Optimization has converged.",209,"not evaluated"
"210","CoopBreed","Continuity",0.00906254386586887,0.024058796339896,-117.150167779733,-1.40286254267102,0.0212269349913779,0.068948168768725,-113.744938002322,-1.40285394875238,3,"Optimization has converged.",210,"not evaluated"
"211","CoopBreed","Continuity",0.517806693481641,0.024058796339896,-117.150167779733,-1.40286254267102,0.0253627808444756,2.4058796339896e-06,-116.941037923327,-1.40286589305142,3,"Optimization has converged.",211,"not evaluated"
"212","CoopBreed","Continuity",0.871622531237831,0.024058796339896,-117.150167779733,-1.40286254267102,0.0243116379781638,0.016909650978906,-117.137110843216,-1.40286298673167,3,"Optimization has converged.",212,"not evaluated"
"213","CoopBreed","Continuity",0.210340566964231,0.024058796339896,-117.150167779733,-1.40286254267102,0.025114690380553,0.00802502665299774,-116.365627424163,-1.40286007006697,3,"Optimization has converged.",213,"not evaluated"
"214","CoopBreed","Continuity",0.0236310975355048,0.024058796339896,-117.150167779733,-1.40286254267102,0.0218347975294425,0.0930379631045248,-114.58941469651,-1.40289630300786,3,"Optimization has converged.",214,"not evaluated"
"215","CoopBreed","Continuity",0.56099994976701,0.024058796339896,-117.150167779733,-1.40286254267102,0.0223148222036704,0.0957528073951072,-116.98117986633,-1.40286139374007,3,"Optimization has converged.",215,"not evaluated"
"216","CoopBreed","Continuity",0.0019950406332697,0.024058796339896,-117.150167779733,-1.40286254267102,0.020080114414394,0.08409154275643,-112.373121268846,-1.40279514667804,3,"Optimization has converged.",216,"not evaluated"
"217","CoopBreed","Continuity",0.0184196197352404,0.024058796339896,-117.150167779733,-1.40286254267102,0.0207158713732463,0.191464875680621,-114.372270943541,-1.40285860667642,3,"Optimization has converged.",217,"not evaluated"
"218","CoopBreed","Continuity",0.369495636803368,0.024058796339896,-117.150167779733,-1.40286254267102,0.0226041728276851,0.147079794553302,-116.747487784791,-1.41821107630732,3,"Optimization has converged.",218,"not evaluated"
"219","CoopBreed","Continuity",0.558192099205058,0.024058796339896,-117.150167779733,-1.40286254267102,0.0232622181755351,0.0435512453234851,-116.978745697713,-1.40284984868495,3,"Optimization has converged.",219,"not evaluated"
"220","CoopBreed","Continuity",0.00533477048131252,0.024058796339896,-117.150167779733,-1.40286254267102,0.0205820980522811,0.123809188120965,-113.269013063479,-1.34760324024631,3,"Optimization has converged.",220,"not evaluated"
"221","CoopBreed","Continuity",0.037893322293424,0.024058796339896,-117.150167779733,-1.40286254267102,0.0217229965010216,0.139810318688776,-114.995265667662,-1.35739046397345,3,"Optimization has converged.",221,"not evaluated"
"222","CoopBreed","Continuity",0.206721653517151,0.024058796339896,-117.150167779733,-1.40286254267102,0.0250201002851832,2.4058796339896e-06,-116.353048667969,-1.40286683842979,3,"Optimization may not have converged.  Consider increasing maxit.",222,"not evaluated"
"223","CoopBreed","Continuity",0.0174592387293975,0.024058796339896,-117.150167779733,-1.40286254267102,0.0212216374178552,0.0651565818245048,-114.325361976457,-1.40286424922019,3,"Optimization has converged.",223,"not evaluated"
"224","CoopBreed","Continuity",0.00697084329276704,0.024058796339896,-117.150167779733,-1.40286254267102,0.0209384556492447,0.110068704551151,-113.509934558676,-1.44795159841364,3,"Optimization has converged.",224,"not evaluated"
"225","CoopBreed","Continuity",0.082794720320063,0.024058796339896,-117.150167779733,-1.40286254267102,0.0219613150480135,0.052623532668014,-115.645583213243,-1.38844714820162,3,"Optimization may not have converged.  Consider increasing maxit.",225,"not evaluated"
"226","CoopBreed","Continuity",0.184329671853805,0.024058796339896,-117.150167779733,-1.40286254267102,0.0250970097394284,2.4058796339896e-06,-116.268984765168,-1.40286819118354,3,"Optimization has converged.",226,"not evaluated"
"227","CoopBreed","Continuity",0.021075499540291,0.024058796339896,-117.150167779733,-1.40286254267102,0.0214064700033682,0.0675385617197885,-114.489898616577,-1.4028770212857,3,"Optimization has converged.",227,"not evaluated"
"228","CoopBreed","Continuity",0.311529486453976,0.024058796339896,-117.150167779733,-1.40286254267102,0.0253016314058123,0.00951467043194802,-116.638077646905,-1.40287038505322,3,"Optimization has converged.",228,"not evaluated"
"229","CoopBreed","Continuity",0.232566958880947,0.024058796339896,-117.150167779733,-1.40286254267102,0.022482299618514,0.0939055429795998,-116.43762134992,-1.40279746434048,3,"Optimization has converged.",229,"not evaluated"
"230","CoopBreed","Continuity",0.316005168584384,0.024058796339896,-117.150167779733,-1.40286254267102,0.0226778298245793,0.0661603889847392,-116.647463176293,-1.40933828407429,3,"Optimization may not have converged.  Consider increasing maxit.",230,"not evaluated"
"231","CoopBreed","Continuity",0.0370600249126952,0.024058796339896,-117.150167779733,-1.40286254267102,0.0218878094603002,0.0939934356343397,-114.976342194278,-1.40288471490377,3,"Optimization has converged.",231,"not evaluated"
"232","CoopBreed","Continuity",0.0168814450870598,0.024058796339896,-117.150167779733,-1.40286254267102,0.0211104321900318,0.0775425912838711,-114.295839051912,-1.40284341717018,3,"Optimization has converged.",232,"not evaluated"
"233","CoopBreed","Continuity",0.00391159134349729,0.024058796339896,-117.150167779733,-1.40286254267102,0.0211188174017412,0.0778578652074269,-112.987964467502,-1.40274333588887,3,"Optimization has converged.",233,"not evaluated"
"234","CoopBreed","Continuity",0.0438534821364416,0.024058796339896,-117.150167779733,-1.40286254267102,0.0220144319502957,0.074771133367095,-115.119070685008,-1.40289660076212,3,"Optimization has converged.",234,"not evaluated"
"235","CoopBreed","Continuity",0.387506464186776,0.024058796339896,-117.150167779733,-1.40286254267102,0.0245915747212601,0.00697051980066361,-116.776791693236,-1.39924408184227,3,"Optimization has converged.",235,"not evaluated"
"236","CoopBreed","Continuity",0.547510008427413,0.024058796339896,-117.150167779733,-1.40286254267102,0.0253712655665918,0.00497421606105284,-116.969269361761,-1.40284547833839,3,"Optimization has converged.",236,"not evaluated"
"237","CoopBreed","Continuity",0.674663117717804,0.024058796339896,-117.150167779733,-1.40286254267102,0.0243586508072551,0.00997519850126085,-117.062069889095,-1.40286184264698,3,"Optimization has converged.",237,"not evaluated"
"238","CoopBreed","Continuity",0.00438822838088488,0.024058796339896,-117.150167779733,-1.40286254267102,0.0204977124891764,0.16370325568346,-113.092292155016,-1.35206020739021,3,"Optimization has converged.",238,"not evaluated"
"239","CoopBreed","Continuity",0.0488014166545153,0.024058796339896,-117.150167779733,-1.40286254267102,0.0212263761275748,0.0560973491777322,-115.209082321854,-1.40289212058973,3,"Optimization has converged.",239,"not evaluated"
"240","CoopBreed","Continuity",0.0391199725663732,0.024058796339896,-117.150167779733,-1.40286254267102,0.0216937045682349,0.121085994780946,-115.022342736849,-1.40283915699119,3,"Optimization has converged.",240,"not evaluated"
"241","CoopBreed","Continuity",0.0455933406152387,0.024058796339896,-117.150167779733,-1.40286254267102,0.0219282558158679,0.145346179954538,-115.151889856162,-1.40095858923196,3,"Optimization has converged.",241,"not evaluated"
"242","CoopBreed","Continuity",0.194873951686942,0.024058796339896,-117.150167779733,-1.40286254267102,0.0225125769469902,0.0538647425178883,-116.309977721685,-1.40281034500051,3,"Optimization has converged.",242,"not evaluated"
"243","CoopBreed","Continuity",0.294666827847358,0.024058796339896,-117.150167779733,-1.40286254267102,0.0226466467369435,0.0697247626548047,-116.601079968664,-1.40284644512086,3,"Optimization has converged.",243,"not evaluated"
"244","CoopBreed","Continuity",0.330762391326035,0.024058796339896,-117.150167779733,-1.40286254267102,0.0224927885060659,0.0848547837574801,-116.677212447381,-1.4031464035176,3,"Optimization has converged.",244,"not evaluated"
"245","CoopBreed","Continuity",0.0103626663526498,0.024058796339896,-117.150167779733,-1.40286254267102,0.0212880746383771,0.0936050122047338,-113.864435684524,-1.40283521425234,3,"Optimization has converged.",245,"not evaluated"
"246","CoopBreed","Continuity",0.0200072709972522,0.024058796339896,-117.150167779733,-1.40286254267102,0.0216459382402618,0.177000235809113,-114.4445378312,-1.40277089885671,3,"Optimization has converged.",246,"not evaluated"
"247","CoopBreed","Continuity",0.292532986472656,0.024058796339896,-117.150167779733,-1.40286254267102,0.0247770875418118,0.00876911254666657,-116.596204209622,-1.4028574272713,3,"Optimization may not have converged.  Consider increasing maxit.",247,"not evaluated"
"248","CoopBreed","Continuity",0.126463746055673,0.024058796339896,-117.150167779733,-1.40286254267102,0.0251900022245382,2.4058796339896e-06,-115.982475437724,-1.4028315138459,3,"Optimization has converged.",248,"not evaluated"
"249","CoopBreed","Continuity",0.0158983681938392,0.024058796339896,-117.150167779733,-1.40286254267102,0.0209614523892049,0.133954332836236,-114.243127803125,-1.40288959155687,3,"Optimization has converged.",249,"not evaluated"
"250","CoopBreed","Continuity",9.15989106470788e-05,0.024058796339896,-117.150167779733,-1.40286254267102,0.0188740840622273,0.211175551881334,-109.49895593102,-1.40129037825446,3,"Optimization may not have converged.  Consider increasing maxit.",250,"not evaluated"
"251","CoopBreed","Continuity",0.0702184576775022,0.024058796339896,-117.150167779733,-1.40286254267102,0.0209438293266452,0.160185724659808,-115.511214680096,-1.31777264207859,3,"Optimization has converged.",251,"not evaluated"
"252","CoopBreed","Continuity",0.0350548713619067,0.024058796339896,-117.150167779733,-1.40286254267102,0.0215578751376355,0.0967287615457908,-114.928917580854,-1.40278963067619,3,"Optimization has converged.",252,"not evaluated"
"253","CoopBreed","Continuity",0.0742178036446096,0.024058796339896,-117.150167779733,-1.40286254267102,0.0220661292234292,0.121074652454027,-115.556576279016,-1.40286610577287,3,"Optimization may not have converged.  Consider increasing maxit.",253,"not evaluated"
"254","CoopBreed","Continuity",0.0545377558450815,0.024058796339896,-117.150167779733,-1.40286254267102,0.0248164270289444,2.40587963398764e-06,-115.302086383068,-1.40286260078969,3,"Optimization has converged.",254,"not evaluated"
"255","CoopBreed","Continuity",0.0784575138775932,0.024058796339896,-117.150167779733,-1.40286254267102,0.0216470630109392,0.139749127948003,-115.601883578051,-1.40284959441579,3,"Optimization has converged.",255,"not evaluated"
"256","CoopBreed","Continuity",0.0467000676314242,0.024058796339896,-117.150167779733,-1.40286254267102,0.0215585992703924,0.0991780619979555,-115.172086820699,-1.40286376501164,3,"Optimization has converged.",256,"not evaluated"
"257","CoopBreed","Continuity",0.0434297750891627,0.024058796339896,-117.150167779733,-1.40286254267102,0.0212570519086551,0.0921178807503382,-115.110870631085,-1.35835414343234,3,"Optimization has converged.",257,"not evaluated"
"258","CoopBreed","Continuity",0.460928798754015,0.024058796339896,-117.150167779733,-1.40286254267102,0.0230422234712026,0.0601182448965796,-116.878348633088,-1.4028929069414,3,"Optimization has converged.",258,"not evaluated"
"259","CoopBreed","Continuity",0.246713222133951,0.024058796339896,-117.150167779733,-1.40286254267102,0.0246419407338764,0.0076588689709022,-116.479257665308,-1.40286890154766,3,"Optimization has converged.",259,"not evaluated"
"260","CoopBreed","Continuity",0.576289123934467,0.024058796339896,-117.150167779733,-1.40286254267102,0.0232441571062317,0.0412792954207965,-116.994031610686,-1.40284438489655,3,"Optimization has converged.",260,"not evaluated"
"261","CoopBreed","Continuity",0.43401184394993,0.024058796339896,-117.150167779733,-1.40286254267102,0.0226667364386427,0.0918621960382853,-116.844135925599,-1.40286827908432,3,"Optimization has converged.",261,"not evaluated"
"262","CoopBreed","Continuity",0.0983139906096177,0.024058796339896,-117.150167779733,-1.40286254267102,0.0243956142250159,2.4058796339896e-06,-115.783826223193,-1.46002458500296,3,"Optimization has converged.",262,"not evaluated"
"263","CoopBreed","Continuity",0.132822707736635,0.024058796339896,-117.150167779733,-1.40286254267102,0.0220987612828968,0.0647512770425088,-116.020568057389,-1.40277914580892,3,"Optimization has converged.",263,"not evaluated"
"264","CoopBreed","Continuity",0.323054827794563,0.024058796339896,-117.150167779733,-1.40286254267102,0.0247304484483539,0.00727936460894418,-116.661898401132,-1.40286158278619,3,"Optimization has converged.",264,"not evaluated"
"265","CoopBreed","Continuity",0.403886310626472,0.024058796339896,-117.150167779733,-1.40286254267102,0.0247485923741599,0.0130931130273063,-116.801805244096,-1.42422596563147,3,"Optimization has converged.",265,"not evaluated"
"266","CoopBreed","Continuity",0.0958958369985254,0.024058796339896,-117.150167779733,-1.40286254267102,0.0218703619293835,0.113011962219098,-115.763914069195,-1.40286779777,3,"Optimization has converged.",266,"not evaluated"
"267","CoopBreed","Continuity",0.520030013870547,0.024058796339896,-117.150167779733,-1.40286254267102,0.0253899014846926,0.0150367626309401,-116.943250887629,-1.40286144801213,3,"Optimization may not have converged.  Consider increasing maxit.",267,"not evaluated"
"268","CoopBreed","Continuity",0.106241565429041,0.024058796339896,-117.150167779733,-1.40286254267102,0.0247747453209972,2.4058796339896e-06,-115.845539553415,-1.40286301521227,3,"Optimization may not have converged.  Consider increasing maxit.",268,"not evaluated"
"269","CoopBreed","Continuity",0.522699932305349,0.024058796339896,-117.150167779733,-1.40286254267102,0.0231557241985498,0.0407195150285312,-116.945886436953,-1.40280647427439,3,"Optimization may not have converged.  Consider increasing maxit.",269,"not evaluated"
"270","CoopBreed","Continuity",0.471457541965458,0.024058796339896,-117.150167779733,-1.40286254267102,0.0229057948543234,0.0580052483153169,-116.890888890665,-1.40283657596604,3,"Optimization has converged.",270,"not evaluated"
"271","CoopBreed","Continuity",0.0818185152330756,0.024058796339896,-117.150167779733,-1.40286254267102,0.0217568845426528,0.0628597046617421,-115.635966317797,-1.40295006810114,3,"Optimization has converged.",271,"not evaluated"
"272","CoopBreed","Continuity",0.635245786721326,0.024058796339896,-117.150167779733,-1.40286254267102,0.0235007903738951,0.0414815568885156,-117.037660787911,-1.39125938042814,3,"Optimization has converged.",272,"not evaluated"
"273","CoopBreed","Continuity",0.174858261944663,0.024058796339896,-117.150167779733,-1.40286254267102,0.0220565369351236,0.08048648427246,-116.229772264515,-1.40285665907795,3,"Optimization has converged.",273,"not evaluated"
"274","CoopBreed","Continuity",0.0702203616474046,0.024058796339896,-117.150167779733,-1.40286254267102,0.0221636131931939,0.0925935519390044,-115.511236928572,-1.40285892898611,3,"Optimization has converged.",274,"not evaluated"
"275","CoopBreed","Continuity",0.000406509710338121,0.024058796339896,-117.150167779733,-1.40286254267102,0.0199856924096264,0.143604998074781,-110.89915195781,-1.33453177386001,3,"Optimization has converged.",275,"not evaluated"
"276","CoopBreed","Continuity",0.108059897331983,0.024058796339896,-117.150167779733,-1.40286254267102,0.0248104397815615,2.4058796339896e-06,-115.85898378388,-1.40286048269551,3,"Optimization has converged.",276,"not evaluated"
"277","CoopBreed","Continuity",0.0069229312904233,0.024058796339896,-117.150167779733,-1.40286254267102,0.0211221302356089,0.0872949103434481,-113.503739490702,-1.40240597562395,3,"Optimization may not have converged.  Consider increasing maxit.",277,"not evaluated"
"278","CoopBreed","Continuity",0.0682259553491579,0.024058796339896,-117.150167779733,-1.40286254267102,0.0214134044828435,0.10571086202912,-115.487570665387,-1.40285575778297,3,"Optimization has converged.",278,"not evaluated"
"279","CoopBreed","Continuity",0.00124688060042633,0.024058796339896,-117.150167779733,-1.40286254267102,0.0209339742689992,0.0960509303832259,-111.940391204517,-1.40291213872645,3,"Optimization has converged.",279,"not evaluated"
"280","CoopBreed","Continuity",0.00502340426309703,0.024058796339896,-117.150167779733,-1.40286254267102,0.0206688725133754,0.0840484149023249,-113.214670967308,-1.40283621880191,3,"Optimization has converged.",280,"not evaluated"
"281","CoopBreed","Continuity",0.00441528368121535,0.024058796339896,-117.150167779733,-1.40286254267102,0.0203566771480617,0.117886321051471,-113.097863115778,-1.40283021341325,3,"Optimization has converged.",281,"not evaluated"
"282","CoopBreed","Continuity",0.396334821606183,0.024058796339896,-117.150167779733,-1.40286254267102,0.0230184417461641,0.0463236956768188,-116.790458687638,-1.40287754513672,3,"Optimization has converged.",282,"not evaluated"
"283","CoopBreed","Continuity",0.14583960784572,0.024058796339896,-117.150167779733,-1.40286254267102,0.0222508671484586,0.088933970574743,-116.092549976332,-1.40288023970285,3,"Optimization has converged.",283,"not evaluated"
"284","CoopBreed","Continuity",0.85298533500173,0.024058796339896,-117.150167779733,-1.40286254267102,0.0237825097428087,0.0291017984135952,-117.132997749369,-1.40286958213675,3,"Optimization has converged.",284,"not evaluated"
"285","CoopBreed","Continuity",0.582741527922819,0.024058796339896,-117.150167779733,-1.40286254267102,0.0230330125289456,0.0543425824290463,-116.999256050473,-1.40285759703715,3,"Optimization has converged.",285,"not evaluated"
"286","CoopBreed","Continuity",0.498479166086797,0.024058796339896,-117.150167779733,-1.40286254267102,0.0228820195435124,0.0595178512544424,-116.921081388562,-1.43951332896372,3,"Optimization has converged.",286,"not evaluated"
"287","CoopBreed","Continuity",0.690586897276392,0.024058796339896,-117.150167779733,-1.40286254267102,0.0242821660442361,0.0129366278597744,-117.070942404855,-1.40285808650674,3,"Optimization has converged.",287,"not evaluated"
"288","CoopBreed","Continuity",0.00501393757059771,0.024058796339896,-117.150167779733,-1.40286254267102,0.021063144562554,0.0812935863617913,-113.212965454975,-1.28930846422188,3,"Optimization has converged.",288,"not evaluated"
"289","CoopBreed","Continuity",0.0134527543412514,0.024058796339896,-117.150167779733,-1.40286254267102,0.0211437555200615,0.23390237256052,-114.09588023588,-1.40286294148278,3,"Optimization may not have converged.  Consider increasing maxit.",289,"not evaluated"
"290","CoopBreed","Continuity",0.31696413804021,0.024058796339896,-117.150167779733,-1.40286254267102,0.0246313816393106,0.00510460860112477,-116.649451540388,-1.40286444826006,3,"Optimization has converged.",290,"not evaluated"
"291","CoopBreed","Continuity",0.0378910925948801,0.024058796339896,-117.150167779733,-1.40286254267102,0.0217830910603205,0.0820705819216725,-114.99521561694,-1.40285387750963,3,"Optimization has converged.",291,"not evaluated"
"292","CoopBreed","Continuity",0.164406995438025,0.024058796339896,-117.150167779733,-1.40286254267102,0.0216047606878781,0.0974471242465303,-116.183559633363,-1.40285141568937,3,"Optimization has converged.",292,"not evaluated"
"293","CoopBreed","Continuity",0.00853807870780681,0.024058796339896,-117.150167779733,-1.40286254267102,0.0207639767303332,0.0665767552859247,-113.691675044144,-1.40281928990283,3,"Optimization has converged.",293,"not evaluated"
"294","CoopBreed","Continuity",0.846126146026461,0.024058796339896,-117.150167779733,-1.40286254267102,0.0244917223101454,0.0156038804990249,-117.131337454993,-1.40286166111754,3,"Optimization has converged.",294,"not evaluated"
"295","CoopBreed","Continuity",0.0106883576898569,0.024058796339896,-117.150167779733,-1.40286254267102,0.0204845389550483,0.0800105773019341,-113.891963050564,-1.33021651938377,3,"Optimization has converged.",295,"not evaluated"
"296","CoopBreed","Continuity",0.25057081405506,0.024058796339896,-117.150167779733,-1.40286254267102,0.0224491960977854,0.0579606802970734,-116.490108611383,-1.40285813459341,3,"Optimization may not have converged.  Consider increasing maxit.",296,"not evaluated"
"297","CoopBreed","Continuity",0.824007590992475,0.024058796339896,-117.150167779733,-1.40286254267102,0.02432360280395,0.0127211726671693,-117.125438350914,-1.40289496804483,3,"Optimization has converged.",297,"not evaluated"
"298","CoopBreed","Continuity",0.0973583744984859,0.024058796339896,-117.150167779733,-1.40286254267102,0.0222541494548194,0.0688809431927862,-115.776021737365,-1.40292809471682,3,"Optimization has converged.",298,"not evaluated"
"299","CoopBreed","Continuity",0.192337398004437,0.024058796339896,-117.150167779733,-1.40286254267102,0.0222254459124823,0.0752343662091613,-116.300356700691,-1.37003451772951,3,"Optimization has converged.",299,"not evaluated"
"300","CoopBreed","Continuity",0.00194107738164918,0.024058796339896,-117.150167779733,-1.40286254267102,0.0198555490677364,0.0844131629344294,-112.347949083371,-1.40284991125651,3,"Optimization has converged.",300,"not evaluated"
"301","CoopBreed","Continuity",0.301031681994856,0.024058796339896,-117.150167779733,-1.40286254267102,0.0249088470933009,0.0052499752189947,-116.615358637028,-1.40290451708146,3,"Optimization has converged.",301,"not evaluated"
"302","CoopBreed","Continuity",0.0498863881926726,0.024058796339896,-117.150167779733,-1.40286254267102,0.0214347886082466,0.14182479443923,-115.227531084719,-1.402865991488,3,"Optimization has converged.",302,"not evaluated"
"303","CoopBreed","Continuity",0.0931833056321644,0.024058796339896,-117.150167779733,-1.40286254267102,0.0221229644470149,0.079704652828241,-115.740916553089,-1.4027721341591,3,"Optimization has converged.",303,"not evaluated"
"304","CoopBreed","Continuity",0.00153198712199988,0.024058796339896,-117.150167779733,-1.40286254267102,0.0187594911145607,0.303965929279787,-112.13029710026,-1.40277238733423,3,"Optimization has converged.",304,"not evaluated"
"305","CoopBreed","Continuity",0.288286383738988,0.024058796339896,-117.150167779733,-1.40286254267102,0.0225213972671516,0.0722085055319234,-116.586364367415,-1.40285351255182,3,"Optimization may not have converged.  Consider increasing maxit.",305,"not evaluated"
"306","CoopBreed","Continuity",0.0167202628900103,0.024058796339896,-117.150167779733,-1.40286254267102,0.0209428790085385,0.0790394301644961,-114.287417148058,-1.40277572535079,3,"Optimization has converged.",306,"not evaluated"
"307","CoopBreed","Continuity",0.00199598550573705,0.024058796339896,-117.150167779733,-1.40286254267102,0.0202650865991998,0.13484014510797,-112.373555847666,-1.40292975025074,3,"Optimization has converged.",307,"not evaluated"
"308","CoopBreed","Continuity",0.128274247093233,0.024058796339896,-117.150167779733,-1.40286254267102,0.0223209546458416,0.0636948651856739,-115.993534612351,-1.4025255829261,3,"Optimization has converged.",308,"not evaluated"
"309","CoopBreed","Continuity",0.510056121180251,0.024058796339896,-117.150167779733,-1.40286254267102,0.0220632967013372,0.100459518432081,-116.933191794942,-1.40287147220107,3,"Optimization has converged.",309,"not evaluated"
"310","CoopBreed","Continuity",0.0320571265087996,0.024058796339896,-117.150167779733,-1.40286254267102,0.021556168286888,0.124360631348978,-114.852448129711,-1.40283048804145,3,"Optimization has converged.",310,"not evaluated"
"311","CoopBreed","Continuity",0.337353722807304,0.024058796339896,-117.150167779733,-1.40286254267102,0.0223570584465156,0.159837266158439,-116.689936831965,-1.40291711042478,3,"Optimization has converged.",311,"not evaluated"
"312","CoopBreed","Continuity",0.186123244281328,0.024058796339896,-117.150167779733,-1.40286254267102,0.022394910265456,0.0657913467165616,-116.276147473084,-1.40658248120695,3,"Optimization has converged.",312,"not evaluated"
"313","CoopBreed","Continuity",0.70919648278862,0.024058796339896,-117.150167779733,-1.40286254267102,0.0245087139231612,0.0135389594356399,-117.080627352713,-1.40283804638492,3,"Optimization has converged.",313,"not evaluated"
"314","CoopBreed","Continuity",0.0308208991465922,0.024058796339896,-117.150167779733,-1.40286254267102,0.0210623551059681,0.201628705005396,-114.818712384688,-1.3940177600241,3,"Optimization has converged.",314,"not evaluated"
"315","CoopBreed","Continuity",0.306300139654149,0.024058796339896,-117.150167779733,-1.40286254267102,0.0249268718574824,0.00985668369945253,-116.626886606047,-1.40284952595947,3,"Optimization has converged.",315,"not evaluated"
"316","CoopBreed","Continuity",0.918239270033553,0.024058796339896,-117.150167779733,-1.40286254267102,0.0242153113683208,0.0214889750620986,-117.144899076021,-1.4028620464002,3,"Optimization has converged.",316,"not evaluated"
"317","CoopBreed","Continuity",0.000739980862258114,0.024058796339896,-117.150167779733,-1.40286254267102,0.0201210296983856,0.185257154255443,-111.457147459963,-1.30643776653102,3,"Optimization may not have converged.  Consider increasing maxit.",317,"not evaluated"
"318","CoopBreed","Continuity",0.364175681145718,0.024058796339896,-117.150167779733,-1.40286254267102,0.0248658945554642,0.00733440980473156,-116.738446705855,-1.40286898187482,3,"Optimization may not have converged.  Consider increasing maxit.",318,"not evaluated"
"319","CoopBreed","Continuity",0.0509898507543117,0.024058796339896,-117.150167779733,-1.40286254267102,0.0207523409666865,0.140068386110716,-115.2458644558,-1.40279850306288,3,"Optimization has converged.",319,"not evaluated"
"320","CoopBreed","Continuity",0.567286349923242,0.024058796339896,-117.150167779733,-1.40286254267102,0.0244927465571386,0.0150185763373291,-116.986545699504,-1.40285644329503,3,"Optimization has converged.",320,"not evaluated"
"321","CoopBreed","Continuity",0.00475260577551228,0.024058796339896,-117.150167779733,-1.40286254267102,0.0203446994177234,0.130097994646478,-113.164541813382,-1.40264135361004,3,"Optimization has converged.",321,"not evaluated"
"322","CoopBreed","Continuity",0.0331488362676701,0.024058796339896,-117.150167779733,-1.40286254267102,0.0246543803813505,2.4058796339896e-06,-114.881129926306,-1.40283769726347,3,"Optimization has converged.",322,"not evaluated"
"323","CoopBreed","Continuity",0.636887758816258,0.024058796339896,-117.150167779733,-1.40286254267102,0.0227017902720744,0.159012284112657,-117.038749968684,-1.40284585667574,3,"Optimization has converged.",323,"not evaluated"
"324","CoopBreed","Continuity",0.253795178330065,0.024058796339896,-117.150167779733,-1.40286254267102,0.0251911344372084,0.00798438779755453,-116.499022303104,-1.4028626553023,3,"Optimization has converged.",324,"not evaluated"
"325","CoopBreed","Continuity",0.0103171652171278,0.024058796339896,-117.150167779733,-1.40286254267102,0.0212089194179005,0.110452506868117,-113.860519456685,-1.40280890864491,3,"Optimization has converged.",325,"not evaluated"
"326","CoopBreed","Continuity",0.0256343157803227,0.024058796339896,-117.150167779733,-1.40286254267102,0.0214418014501815,0.0622951341353674,-114.659909087743,-1.40287673999204,3,"Optimization has converged.",326,"not evaluated"
"327","CoopBreed","Continuity",0.000607187640987448,0.024058796339896,-117.150167779733,-1.40286254267102,0.0197704596798905,0.160063858160614,-111.273261938027,-1.38596016050895,3,"Optimization has converged.",327,"not evaluated"
"328","CoopBreed","Continuity",0.0161325278060346,0.024058796339896,-117.150167779733,-1.40286254267102,0.0214177111648348,0.0585167103622689,-114.255982080623,-1.4028657607722,3,"Optimization has converged.",328,"not evaluated"
"329","CoopBreed","Continuity",0.0726755105568973,0.024058796339896,-117.150167779733,-1.40286254267102,0.0220965985773545,0.0863800263375313,-115.539400963432,-1.40300410664167,3,"Optimization has converged.",329,"not evaluated"
"330","CoopBreed","Continuity",0.0148918854873696,0.024058796339896,-117.150167779733,-1.40286254267102,0.0217690850296857,0.105470644694664,-114.18556094702,-1.40260040875347,3,"Optimization has converged.",330,"not evaluated"
"331","CoopBreed","Continuity",0.095990972815097,0.024058796339896,-117.150167779733,-1.40286254267102,0.0214829822635249,0.176394702678518,-115.76470775414,-1.40272548231081,3,"Optimization has converged.",331,"not evaluated"
"332","CoopBreed","Continuity",0.0081180958749512,0.024058796339896,-117.150167779733,-1.40286254267102,0.0212911716729247,0.114889412577418,-113.646550248349,-1.40286930279468,3,"Optimization may not have converged.  Consider increasing maxit.",332,"not evaluated"
"333","CoopBreed","Continuity",0.353922495218386,0.024058796339896,-117.150167779733,-1.40286254267102,0.0244648000871761,2.4058796339896e-06,-116.720496068247,-1.40286232878675,3,"Optimization has converged.",333,"not evaluated"
"334","CoopBreed","Continuity",0.256040608462115,0.024058796339896,-117.150167779733,-1.40286254267102,0.0223659892942174,0.0641361263490582,-116.505147858859,-1.38786267591386,3,"Optimization has converged.",334,"not evaluated"
"335","CoopBreed","Continuity",0.135972167536112,0.024058796339896,-117.150167779733,-1.40286254267102,0.0222483894822907,0.0764241597528806,-116.03868788715,-1.40312770699715,3,"Optimization has converged.",335,"not evaluated"
"336","CoopBreed","Continuity",0.0027932453320119,0.024058796339896,-117.150167779733,-1.40286254267102,0.0206581960737652,0.0984231738163264,-112.681253345267,-1.40283798717767,3,"Optimization has converged.",336,"not evaluated"
"337","CoopBreed","Continuity",0.0211844547229687,0.024058796339896,-117.150167779733,-1.40286254267102,0.0217225311848088,0.212308193051023,-114.494390892157,-1.40284461571559,3,"Optimization has converged.",337,"not evaluated"
"338","CoopBreed","Continuity",0.14148193459802,0.024058796339896,-117.150167779733,-1.40286254267102,0.024452799173925,2.4058796339896e-06,-116.069284411807,-1.40282473254711,3,"Optimization has converged.",338,"not evaluated"
"339","CoopBreed","Continuity",0.0781025528741612,0.024058796339896,-117.150167779733,-1.40286254267102,0.0222333167461661,0.0672157798113667,-115.5981925112,-1.40294411695991,3,"Optimization has converged.",339,"not evaluated"
"340","CoopBreed","Continuity",0.0937821528783138,0.024058796339896,-117.150167779733,-1.40286254267102,0.0223188051958356,0.0681070633523905,-115.746055829159,-1.42297191288657,3,"Optimization has converged.",340,"not evaluated"
"341","CoopBreed","Continuity",0.0341893367370126,0.024058796339896,-117.150167779733,-1.40286254267102,0.0217298728566396,0.070318002598918,-114.907562552991,-1.40297104393708,3,"Optimization has converged.",341,"not evaluated"
"342","CoopBreed","Continuity",0.341832434102403,0.024058796339896,-117.150167779733,-1.40286254267102,0.0221690685328722,0.155486827965779,-116.698394330081,-1.40285824735277,3,"Optimization may not have converged.  Consider increasing maxit.",342,"not evaluated"
"343","CoopBreed","Continuity",0.931102219562103,0.024058796339896,-117.150167779733,-1.40286254267102,0.0242528143036251,0.0195014317664383,-117.146430273518,-1.40286369440073,3,"Optimization has converged.",343,"not evaluated"
"344","CoopBreed","Continuity",0.0965392538487182,0.024058796339896,-117.150167779733,-1.40286254267102,0.0256659338822417,0.00525607697275994,-115.769265235654,-1.40287616321684,3,"Optimization has converged.",344,"not evaluated"
"345","CoopBreed","Continuity",0.18262780565626,0.024058796339896,-117.150167779733,-1.40286254267102,0.0251428705364033,2.4058796339896e-06,-116.262113117537,-1.40286013246252,3,"Optimization has converged.",345,"not evaluated"
"346","CoopBreed","Continuity",0.301981271840161,0.024058796339896,-117.150167779733,-1.40286254267102,0.0225603783840347,0.0720470315292483,-116.617455611513,-1.40892118669839,3,"Optimization has converged.",346,"not evaluated"
"347","CoopBreed","Continuity",0.0156080716963122,0.024058796339896,-117.150167779733,-1.40286254267102,0.0206082204761979,0.123586226754889,-114.226918241421,-1.40283725180314,3,"Optimization has converged.",347,"not evaluated"
"348","CoopBreed","Continuity",0.924668417795273,0.024058796339896,-117.150167779733,-1.40286254267102,0.024270235558087,0.0181543939042055,-117.145697470407,-1.40286062287557,3,"Optimization may not have converged.  Consider increasing maxit.",348,"not evaluated"
"349","CoopBreed","Continuity",0.806960113755343,0.024058796339896,-117.150167779733,-1.40286254267102,0.0236777941720433,0.0333998163362549,-117.120314429349,-1.40286644948517,3,"Optimization has converged.",349,"not evaluated"
"350","CoopBreed","Continuity",0.366896331284366,0.024058796339896,-117.150167779733,-1.40286254267102,0.0245981990067363,0.00640509863948585,-116.743093105588,-1.40286421936592,3,"Optimization has converged.",350,"not evaluated"
"351","CoopBreed","Continuity",0.205180768145417,0.024058796339896,-117.150167779733,-1.40286254267102,0.0256147445201061,0.00194311811758034,-116.347613552859,-1.40291212621515,3,"Optimization has converged.",351,"not evaluated"
"352","CoopBreed","Continuity",0.0498476386816424,0.024058796339896,-117.150167779733,-1.40286254267102,0.0219865287990379,0.0764414537275655,-115.226879518518,-1.40257176555184,3,"Optimization has converged.",352,"not evaluated"
"353","CoopBreed","Continuity",0.00493310343176804,0.024058796339896,-117.150167779733,-1.40286254267102,0.0209686145226817,0.0753350239056137,-113.198267383308,-1.40286611358378,3,"Optimization has converged.",353,"not evaluated"
"354","CoopBreed","Continuity",0.113874089045355,0.024058796339896,-117.150167779733,-1.40286254267102,0.0224096627937925,0.079946821614101,-115.900359975754,-1.40277831129263,3,"Optimization has converged.",354,"not evaluated"
"355","CoopBreed","Continuity",0.143316762663698,0.024058796339896,-117.150167779733,-1.40286254267102,0.0223987629041512,0.0630400377777808,-116.079177515306,-1.40287707152701,3,"Optimization has converged.",355,"not evaluated"
"356","CoopBreed","Continuity",0.497532156931811,0.024058796339896,-117.150167779733,-1.40286254267102,0.0246824829171677,0.0113621586192507,-116.920069533974,-1.4028629306486,3,"Optimization has converged.",356,"not evaluated"
"357","CoopBreed","Continuity",0.0804550792899587,0.024058796339896,-117.150167779733,-1.40286254267102,0.0217261468452082,0.048279179505668,-115.622325445182,-1.40287427603532,3,"Optimization has converged.",357,"not evaluated"
"358","CoopBreed","Continuity",0.00617567569700817,0.024058796339896,-117.150167779733,-1.40286254267102,0.0206231760886604,0.0842437254512957,-113.401010421486,-1.40270653736346,3,"Optimization has converged.",358,"not evaluated"
"359","CoopBreed","Continuity",0.383304482881133,0.024058796339896,-117.150167779733,-1.40286254267102,0.0229044742109337,0.0517840469308725,-116.770129369388,-1.40287563809389,3,"Optimization has converged.",359,"not evaluated"
"360","CoopBreed","Continuity",0.527642190718838,0.024058796339896,-117.150167779733,-1.40286254267102,0.0230672560217557,0.058380138710295,-116.950702609055,-1.40258731765562,3,"Optimization has converged.",360,"not evaluated"
"361","CoopBreed","Continuity",0.0641674970892293,0.024058796339896,-117.150167779733,-1.40286254267102,0.0255506743547429,2.4058796339896e-06,-115.437040825804,-1.54075239545063,3,"Optimization has converged.",361,"not evaluated"
"362","CoopBreed","Continuity",0.00426466489303346,0.024058796339896,-117.150167779733,-1.40286254267102,0.0208670464332664,0.0664171847617925,-113.066396510542,-1.40287420730661,3,"Optimization has converged.",362,"not evaluated"
"363","CoopBreed","Continuity",3.59917659641962e-06,0.024058796339896,-117.150167779733,-1.40286254267102,0.0174064491601494,0.193438565597734,-106.416527186934,-1.40246189056669,3,"Optimization has converged.",363,"not evaluated"
"364","CoopBreed","Continuity",0.947536579963758,0.024058796339896,-117.150167779733,-1.40286254267102,0.0239740227301721,0.026693336053174,-117.14800292037,-1.40286263616811,3,"Optimization has converged.",364,"not evaluated"
"365","CoopBreed","Continuity",0.109107954783169,0.024058796339896,-117.150167779733,-1.40286254267102,0.0212878571036572,0.17391947152585,-115.866620461097,-1.40283817248581,3,"Optimization has converged.",365,"not evaluated"
"366","CoopBreed","Continuity",0.00681425571874716,0.024058796339896,-117.150167779733,-1.40286254267102,0.0203770360057343,0.256546599919704,-113.489523756214,-1.40265674969536,3,"Optimization has converged.",366,"not evaluated"
"367","CoopBreed","Continuity",0.00776682765708485,0.024058796339896,-117.150167779733,-1.40286254267102,0.021044193562957,0.0950034778980556,-113.606935012611,-1.4028460559451,3,"Optimization has converged.",367,"not evaluated"
"368","CoopBreed","Continuity",0.0247016481485388,0.024058796339896,-117.150167779733,-1.40286254267102,0.0212528798575276,0.0800269289026684,-114.627827031001,-1.4029131746531,3,"Optimization has converged.",368,"not evaluated"
"369","CoopBreed","Continuity",0.0930126913971699,0.024058796339896,-117.150167779733,-1.40286254267102,0.0247124365682786,2.4058796339896e-06,-115.739445775447,-1.40286307679083,3,"Optimization has converged.",369,"not evaluated"
"370","CoopBreed","Continuity",0.111131645896461,0.024058796339896,-117.150167779733,-1.40286254267102,0.0219587130566144,0.115813139116519,-115.881140552131,-1.40285460227659,3,"Optimization has converged.",370,"not evaluated"
"371","CoopBreed","Continuity",0.0683604343992277,0.024058796339896,-117.150167779733,-1.40286254267102,0.0216288564617637,0.0983219149801171,-115.489189574455,-1.40288274950658,3,"Optimization has converged.",371,"not evaluated"
"372","CoopBreed","Continuity",0.00706948639610758,0.024058796339896,-117.150167779733,-1.40286254267102,0.0209580424125952,0.0804152364194773,-113.522553380041,-1.40287058368709,3,"Optimization has converged.",372,"not evaluated"
"373","CoopBreed","Continuity",0.0288432731332925,0.024058796339896,-117.150167779733,-1.40286254267102,0.0218978190436771,0.103599879828811,-114.761696058795,-1.40287117213493,3,"Optimization has converged.",373,"not evaluated"
"374","CoopBreed","Continuity",0.00203318700740063,0.024058796339896,-117.150167779733,-1.40286254267102,0.0209143819431509,0.0938427110794465,-112.390502335718,-1.4028511302438,3,"Optimization has converged.",374,"not evaluated"
"375","CoopBreed","Continuity",0.00853541197705762,0.024058796339896,-117.150167779733,-1.40286254267102,0.0210666939258471,0.0574949237107252,-113.691395743933,-1.40285577078491,3,"Optimization may not have converged.  Consider increasing maxit.",375,"not evaluated"
"376","CoopBreed","Continuity",0.00243906074837616,0.024058796339896,-117.150167779733,-1.40286254267102,0.0211072628959565,0.0808417027175275,-112.557290926052,-1.40276656736674,3,"Optimization has converged.",376,"not evaluated"
"377","CoopBreed","Continuity",0.0863333467458904,0.024058796339896,-117.150167779733,-1.40286254267102,0.021916239963005,0.0857334642226632,-115.679444142795,-1.36714058618279,3,"Optimization has converged.",377,"not evaluated"
"378","CoopBreed","Continuity",0.257694264270913,0.024058796339896,-117.150167779733,-1.40286254267102,0.0252183995396751,2.4058796339896e-06,-116.509616851613,-1.40289766081724,3,"Optimization has converged.",378,"not evaluated"
"379","CoopBreed","Continuity",0.00779349520363536,0.024058796339896,-117.150167779733,-1.40286254267102,0.0212736990106858,0.0635264371338415,-113.610006176738,-1.4028654690197,3,"Optimization has converged.",379,"not evaluated"
"380","CoopBreed","Continuity",0.215013103354054,0.024058796339896,-117.150167779733,-1.40286254267102,0.0222994480018452,0.06095447254164,-116.3814941862,-1.39985485402492,3,"Optimization has converged.",380,"not evaluated"
"381","CoopBreed","Continuity",0.309201043878083,0.024058796339896,-117.150167779733,-1.40286254267102,0.022228929932388,0.217339670248194,-116.633125061349,-1.40281440621109,3,"Optimization has converged.",381,"not evaluated"
"382","CoopBreed","Continuity",0.095775635802783,0.024058796339896,-117.150167779733,-1.40286254267102,0.0215560072205207,0.116100029863451,-115.76291004535,-1.40284006398131,3,"Optimization has converged.",382,"not evaluated"
"383","CoopBreed","Continuity",0.0579848202617783,0.024058796339896,-117.150167779733,-1.40286254267102,0.0210654034497306,0.125202650087093,-115.353114945112,-1.40284872811717,3,"Optimization has converged.",383,"not evaluated"
"384","CoopBreed","Continuity",0.210085074941886,0.024058796339896,-117.150167779733,-1.40286254267102,0.0225817701104703,0.0639720381252303,-116.364747806124,-1.40285256041775,3,"Optimization has converged.",384,"not evaluated"
"385","CoopBreed","Continuity",0.00831749475508806,0.024058796339896,-117.150167779733,-1.40286254267102,0.0205279621327887,0.0588047286864017,-113.66826510512,-1.40286303600191,3,"Optimization has converged.",385,"not evaluated"
"386","CoopBreed","Continuity",0.183487413903296,0.024058796339896,-117.150167779733,-1.40286254267102,0.0221803064016022,0.117597293750424,-116.265593206434,-1.4028508109259,3,"Optimization may not have converged.  Consider increasing maxit.",386,"not evaluated"
"387","CoopBreed","Continuity",0.0132718779291143,0.024058796339896,-117.150167779733,-1.40286254267102,0.0214864950242075,0.0685623678036042,-114.083915824231,-1.38625759333566,3,"Optimization has converged.",387,"not evaluated"
"388","CoopBreed","Continuity",0.396574944433099,0.024058796339896,-117.150167779733,-1.40286254267102,0.0230103117058614,0.0451699776179909,-116.79082429419,-1.40284584070084,3,"Optimization has converged.",388,"not evaluated"
"389","CoopBreed","Continuity",0.469153705154689,0.024058796339896,-117.150167779733,-1.40286254267102,0.0228167925440403,0.06744957529398,-116.888183506627,-1.40285069028431,3,"Optimization has converged.",389,"not evaluated"
"390","CoopBreed","Continuity",0.549920276581891,0.024058796339896,-117.150167779733,-1.40286254267102,0.0218409318040444,0.155065505005152,-116.971437775214,-1.37841922264965,3,"Optimization has converged.",390,"not evaluated"
"391","CoopBreed","Continuity",0.314866170807091,0.024058796339896,-117.150167779733,-1.40286254267102,0.0226700598914149,0.0487223180051514,-116.645091244385,-1.40286097497479,3,"Optimization has converged.",391,"not evaluated"
"392","CoopBreed","Continuity",0.790123317976083,0.024058796339896,-117.150167779733,-1.40286254267102,0.0245654802190862,0.0179881970572492,-117.114749740343,-1.4028611092466,3,"Optimization has converged.",392,"not evaluated"
"393","CoopBreed","Continuity",0.146967189261948,0.024058796339896,-117.150167779733,-1.40286254267102,0.0224095197960159,0.0678836973208613,-116.098442723003,-1.40281455771682,3,"Optimization has converged.",393,"not evaluated"
"394","CoopBreed","Continuity",0.62507984000716,0.024058796339896,-117.150167779733,-1.40286254267102,0.0245391539687724,0.0146345306134123,-117.030771696563,-1.4028628010695,3,"Optimization has converged.",394,"not evaluated"
"395","CoopBreed","Continuity",0.0319983571918914,0.024058796339896,-117.150167779733,-1.40286254267102,0.0210757304629281,0.0824092919800602,-114.850875317648,-1.40287561689241,3,"Optimization may not have converged.  Consider increasing maxit.",395,"not evaluated"
"396","CoopBreed","Continuity",0.126926391781869,0.024058796339896,-117.150167779733,-1.40286254267102,0.02224693368102,0.0894454530850306,-115.985318117489,-1.40278250137661,3,"Optimization has converged.",396,"not evaluated"
"397","CoopBreed","Continuity",0.00805788113390507,0.024058796339896,-117.150167779733,-1.40286254267102,0.0206981578397013,0.0966479115012819,-113.639885396863,-1.40286653345577,3,"Optimization has converged.",397,"not evaluated"
"398","CoopBreed","Continuity",0.00209279300470255,0.024058796339896,-117.150167779733,-1.40286254267102,0.0210207342594202,0.080892974980375,-112.417010041338,-1.40280760206923,3,"Optimization has converged.",398,"not evaluated"
"399","CoopBreed","Continuity",0.49948445324894,0.024058796339896,-117.150167779733,-1.40286254267102,0.0230595842975133,0.0421458244215054,-116.922151957928,-1.40286788393834,3,"Optimization has converged.",399,"not evaluated"
"400","CoopBreed","Continuity",0.0222826709817366,0.024058796339896,-117.150167779733,-1.40286254267102,0.02161936131265,0.0873934326552797,-114.538379272687,-1.36626505114006,3,"Optimization has converged.",400,"not evaluated"
"401","CoopBreed","Continuity",0.0226175517784396,0.024058796339896,-117.150167779733,-1.40286254267102,0.0216391317463547,0.0783578329484743,-114.551346865211,-1.40287782633504,3,"Optimization has converged.",401,"not evaluated"
"402","CoopBreed","Continuity",0.0107822327985892,0.024058796339896,-117.150167779733,-1.40286254267102,0.0210927077355467,0.0975100080376107,-113.899737791106,-1.40281195320749,3,"Optimization has converged.",402,"not evaluated"
"403","CoopBreed","Continuity",0.0446732641999631,0.024058796339896,-117.150167779733,-1.40286254267102,0.0220129728834628,0.0790390303194164,-115.134701947559,-1.40292793543593,3,"Optimization has converged.",403,"not evaluated"
"404","CoopBreed","Continuity",0.40345419561149,0.024058796339896,-117.150167779733,-1.40286254267102,0.0247001242338121,0.00832482249634295,-116.801164299164,-1.40286466325036,3,"Optimization has converged.",404,"not evaluated"
"405","CoopBreed","Continuity",0.0411478605913992,0.024058796339896,-117.150167779733,-1.40286254267102,0.0214573672366911,0.0561890525505871,-115.065210210981,-1.4028548275307,3,"Optimization has converged.",405,"not evaluated"
"406","CoopBreed","Continuity",0.00219937331156793,0.024058796339896,-117.150167779733,-1.40286254267102,0.0210108732158167,0.0853784658194992,-112.462553707018,-1.38643202029818,3,"Optimization has converged.",406,"not evaluated"
"407","CoopBreed","Continuity",0.410686820346116,0.024058796339896,-117.150167779733,-1.40286254267102,0.0226561596663486,0.0685753996956352,-116.8117620019,-1.36791941182528,3,"Optimization has converged.",407,"not evaluated"
"408","CoopBreed","Continuity",0.420793511580206,0.024058796339896,-117.150167779733,-1.40286254267102,0.022145932834765,0.0672358956500075,-116.82611877352,-1.38638457588668,3,"Optimization has converged.",408,"not evaluated"
"409","CoopBreed","Continuity",0.0149676064156992,0.024058796339896,-117.150167779733,-1.40286254267102,0.0217967720045094,0.125310720391379,-114.190029349482,-1.40283738626961,3,"Optimization has converged.",409,"not evaluated"
"410","CoopBreed","Continuity",0.63645348879891,0.024058796339896,-117.150167779733,-1.40286254267102,0.0232818398375703,0.0487844337591118,-117.038462531821,-1.4028348815964,3,"Optimization has converged.",410,"not evaluated"
"411","CoopBreed","Continuity",0.121067818394292,0.024058796339896,-117.150167779733,-1.40286254267102,0.0219607021035687,0.104109115641065,-115.948441691241,-1.40285226268303,3,"Optimization has converged.",411,"not evaluated"
"412","CoopBreed","Continuity",0.283008968336535,0.024058796339896,-117.150167779733,-1.40286254267102,0.0225004189586392,0.0791038361666556,-116.573875989911,-1.40284917472594,3,"Optimization has converged.",412,"not evaluated"
"413","CoopBreed","Continuity",0.0984465177269617,0.024058796339896,-117.150167779733,-1.40286254267102,0.0256580779352021,0.00151394758486828,-115.784902031188,-1.40271292225037,3,"Optimization has converged.",413,"not evaluated"
"414","CoopBreed","Continuity",0.00532133808449854,0.024058796339896,-117.150167779733,-1.40286254267102,0.0203826700636818,0.187694572610017,-113.26673623155,-1.37643180613552,3,"Optimization has converged.",414,"not evaluated"
"415","CoopBreed","Continuity",0.0318263472981041,0.024058796339896,-117.150167779733,-1.40286254267102,0.0218591638920865,0.0833426309820859,-114.846254526178,-1.40286914761512,3,"Optimization has converged.",415,"not evaluated"
"416","CoopBreed","Continuity",0.952362350397679,0.024058796339896,-117.150167779733,-1.40286254267102,0.0239857964324385,0.0256297463473604,-117.148383318719,-1.40285959967837,3,"Optimization has converged.",416,"not evaluated"
"417","CoopBreed","Continuity",0.0537099071327056,0.024058796339896,-117.150167779733,-1.40286254267102,0.0220629482306378,0.104808614598137,-115.289321604067,-1.40242804705612,3,"Optimization has converged.",417,"not evaluated"
"418","CoopBreed","Continuity",0.00144879802386534,0.024058796339896,-117.150167779733,-1.40286254267102,0.019980526554504,0.116120626322866,-112.078855904961,-1.40281533284471,3,"Optimization has converged.",418,"not evaluated"
"419","CoopBreed","Continuity",0.590429150205043,0.024058796339896,-117.150167779733,-1.40286254267102,0.0231990263786824,0.0400304981562206,-117.005330495713,-1.40288423975337,3,"Optimization has converged.",419,"not evaluated"
"420","CoopBreed","Continuity",0.00875888357920717,0.024058796339896,-117.150167779733,-1.40286254267102,0.0201529957599399,0.109045766592636,-113.71449660321,-1.40316755095218,3,"Optimization has converged.",420,"not evaluated"
"421","CoopBreed","Continuity",0.0363209602562744,0.024058796339896,-117.150167779733,-1.40286254267102,0.0216124018084519,0.0775149935568878,-114.959181958165,-1.38789352065344,3,"Optimization may not have converged.  Consider increasing maxit.",421,"not evaluated"
"422","CoopBreed","Continuity",0.916714615705359,0.024058796339896,-117.150167779733,-1.40286254267102,0.0239084445326547,0.0283232054106459,-117.144700020355,-1.40286262894679,3,"Optimization has converged.",422,"not evaluated"
"423","CoopBreed","Continuity",0.0279353935963157,0.024058796339896,-117.150167779733,-1.40286254267102,0.0217022751260252,0.108778258849406,-114.734142728706,-1.37517036462039,3,"Optimization has converged.",423,"not evaluated"
"424","CoopBreed","Continuity",0.101067859258953,0.024058796339896,-117.150167779733,-1.40286254267102,0.0247548611713177,0.0048848108933504,-115.805862101825,-1.40285902338159,3,"Optimization has converged.",424,"not evaluated"
"425","CoopBreed","Continuity",0.0116757469457467,0.024058796339896,-117.150167779733,-1.40286254267102,0.0216654683696799,0.115744896562943,-113.970440792899,-1.40286056796501,3,"Optimization may not have converged.  Consider increasing maxit.",425,"not evaluated"
"426","CoopBreed","Continuity",0.225056574792485,0.024058796339896,-117.150167779733,-1.40286254267102,0.0224312894950498,0.0772252396044958,-116.414250850108,-1.40287118614458,3,"Optimization has converged.",426,"not evaluated"
"427","CoopBreed","Continuity",0.00229177645444863,0.024058796339896,-117.150167779733,-1.40286254267102,0.0205661642164764,0.122693732896406,-112.500262860995,-1.37700943619898,3,"Optimization has converged.",427,"not evaluated"
"428","CoopBreed","Continuity",0.00724988468015468,0.024058796339896,-117.150167779733,-1.40286254267102,0.0214203115180622,0.0710406235828704,-113.545172142065,-1.40274507473361,3,"Optimization has converged.",428,"not evaluated"
"429","CoopBreed","Continuity",0.0569885944287337,0.024058796339896,-117.150167779733,-1.40286254267102,0.02138949998646,0.0629483807439522,-115.338705260883,-1.40288638389178,3,"Optimization has converged.",429,"not evaluated"
"430","CoopBreed","Continuity",0.440813119026835,0.024058796339896,-117.150167779733,-1.40286254267102,0.0225627169011075,0.0566096560059046,-116.853085377997,-1.40284679015213,3,"Optimization has converged.",430,"not evaluated"
"431","CoopBreed","Continuity",0.00585781459577611,0.024058796339896,-117.150167779733,-1.40286254267102,0.0211802009340722,0.0917975346728681,-113.353402892809,-1.40287110176237,3,"Optimization has converged.",431,"not evaluated"
"432","CoopBreed","Continuity",0.0653121467306968,0.024058796339896,-117.150167779733,-1.40286254267102,0.0217417155635117,0.0576003369025983,-115.451630381376,-1.42830490433814,3,"Optimization has converged.",432,"not evaluated"
"433","CoopBreed","Continuity",0.432347449969463,0.024058796339896,-117.150167779733,-1.40286254267102,0.0227528337602225,0.0570755642637102,-116.841913173314,-1.40229554725623,3,"Optimization has converged.",433,"not evaluated"
"434","CoopBreed","Continuity",0.0493581453700859,0.024058796339896,-117.150167779733,-1.40286254267102,0.0217036554973743,0.0734283377410377,-115.218602396692,-1.40299888369398,3,"Optimization has converged.",434,"not evaluated"
"435","CoopBreed","Continuity",0.239116720147919,0.024058796339896,-117.150167779733,-1.40286254267102,0.0247377400264982,0.00996353952630502,-116.457270902659,-1.40285938776085,3,"Optimization has converged.",435,"not evaluated"
"436","CoopBreed","Continuity",0.899051119780486,0.024058796339896,-117.150167779733,-1.40286254267102,0.0238789781511509,0.0259655929580121,-117.142121036088,-1.40286575384376,3,"Optimization has converged.",436,"not evaluated"
"437","CoopBreed","Continuity",0.0753171299838516,0.024058796339896,-117.150167779733,-1.40286254267102,0.0208973325413295,0.296091306445695,-115.568586341767,-1.40280472209431,3,"Optimization has converged.",437,"not evaluated"
"438","CoopBreed","Continuity",0.0283338089520609,0.024058796339896,-117.150167779733,-1.40286254267102,0.0210733014796593,0.123797564999176,-114.74634735678,-1.40286636839555,3,"Optimization has converged.",438,"not evaluated"
"439","CoopBreed","Continuity",0.0304636240682432,0.024058796339896,-117.150167779733,-1.40286254267102,0.0217396448807492,0.09115874784982,-114.80869932756,-1.40271894617548,3,"Optimization has converged.",439,"not evaluated"
"440","CoopBreed","Continuity",0.201811073644582,0.024058796339896,-117.150167779733,-1.40286254267102,0.0221968067776291,0.0472433970377065,-116.335558163362,-1.40285497884119,3,"Optimization has converged.",440,"not evaluated"
"441","CoopBreed","Continuity",0.0602577628463573,0.024058796339896,-117.150167779733,-1.40286254267102,0.0220341387817013,0.0988457167366991,-115.385029864028,-1.4027971677165,3,"Optimization has converged.",441,"not evaluated"
"442","CoopBreed","Continuity",0.0857564836207396,0.024058796339896,-117.150167779733,-1.40286254267102,0.0214141118358893,0.130467828927051,-115.674027689575,-1.402985385197,3,"Optimization has converged.",442,"not evaluated"
"443","CoopBreed","Continuity",0.633675977640257,0.024058796339896,-117.150167779733,-1.40286254267102,0.0245295672647263,0.00712011343884263,-117.03661340087,-1.40286347177453,3,"Optimization has converged.",443,"not evaluated"
"444","CoopBreed","Continuity",0.147257526252315,0.024058796339896,-117.150167779733,-1.40286254267102,0.0250266892486334,2.4058796339896e-06,-116.09995177141,-1.4028209632381,3,"Optimization has converged.",444,"not evaluated"
"445","CoopBreed","Continuity",0.0276850087083898,0.024058796339896,-117.150167779733,-1.40286254267102,0.0219475238451776,0.0901549531654444,-114.726379672277,-1.48756876828454,3,"Optimization has converged.",445,"not evaluated"
"446","CoopBreed","Continuity",0.658455989142738,0.024058796339896,-117.150167779733,-1.40286254267102,0.0233379380310175,0.055906250086401,-117.052465489385,-1.40286518754506,3,"Optimization has converged.",446,"not evaluated"
"447","CoopBreed","Continuity",0.071880648296817,0.024058796339896,-117.150167779733,-1.40286254267102,0.0218321279552829,0.0771815438866592,-115.530395852441,-1.343743785778,3,"Optimization has converged.",447,"not evaluated"
"448","CoopBreed","Continuity",0.00153554670231714,0.024058796339896,-117.150167779733,-1.40286254267102,0.02027836570427,0.166168984481448,-112.132434627395,-1.39899959073553,3,"Optimization has converged.",448,"not evaluated"
"449","CoopBreed","Continuity",0.0235956536764769,0.024058796339896,-117.150167779733,-1.40286254267102,0.0214785590825007,0.122692951812053,-114.588112253547,-1.40287589270823,3,"Optimization has converged.",449,"not evaluated"
"450","CoopBreed","Continuity",0.0251291669966184,0.024058796339896,-117.150167779733,-1.40286254267102,0.0216005397500866,0.0748045546337164,-114.642686301332,-1.40287515845138,3,"Optimization has converged.",450,"not evaluated"
"451","CoopBreed","Continuity",0.958538075737129,0.024058796339896,-117.150167779733,-1.40286254267102,0.0241636573642022,0.0222776861571798,-117.148816391959,-1.40286231284913,3,"Optimization has converged.",451,"not evaluated"
"452","CoopBreed","Continuity",0.00818107772505298,0.024058796339896,-117.150167779733,-1.40286254267102,0.0214246169153007,0.0636796828939212,-113.653467487112,-1.40174409350449,3,"Optimization has converged.",452,"not evaluated"
"453","CoopBreed","Continuity",0.00127168267125222,0.024058796339896,-117.150167779733,-1.40286254267102,0.0195220309980131,0.0652766025918415,-111.958576242075,-1.40290238925909,3,"Optimization has converged.",453,"not evaluated"
"454","CoopBreed","Continuity",0.245673056497309,0.024058796339896,-117.150167779733,-1.40286254267102,0.0225310725615009,0.0577868373454705,-116.47629622282,-1.40283411365927,3,"Optimization has converged.",454,"not evaluated"
"455","CoopBreed","Continuity",0.0114218231603537,0.024058796339896,-117.150167779733,-1.40286254267102,0.021282011448285,0.077908780359769,-113.950928702848,-1.40283180241937,3,"Optimization has converged.",455,"not evaluated"
"456","CoopBreed","Continuity",0.00290929885624006,0.024058796339896,-117.150167779733,-1.40286254267102,0.0208663252039687,0.102994964555083,-112.718419886099,-1.43244937617296,3,"Optimization has converged.",456,"not evaluated"
"457","CoopBreed","Continuity",0.0890993279869026,0.024058796339896,-117.150167779733,-1.40286254267102,0.0249756217478719,2.4058796339896e-06,-115.704882151585,-1.40286147685591,3,"Optimization may not have converged.  Consider increasing maxit.",457,"not evaluated"
"458","CoopBreed","Continuity",0.835368976901987,0.024058796339896,-117.150167779733,-1.40286254267102,0.023755543310933,0.0294909005164516,-117.128573060107,-1.40286104632524,3,"Optimization has converged.",458,"not evaluated"
"459","CoopBreed","Continuity",0.00226649675459141,0.024058796339896,-117.150167779733,-1.40286254267102,0.0200106615034033,0.0939310225692765,-112.490101820827,-1.34043239874574,3,"Optimization has converged.",459,"not evaluated"
"460","CoopBreed","Continuity",0.697918826063849,0.024058796339896,-117.150167779733,-1.40286254267102,0.0233797145940559,0.0546899643828351,-117.074844803656,-1.40286664703055,3,"Optimization has converged.",460,"not evaluated"
"461","CoopBreed","Continuity",0.121224503002087,0.024058796339896,-117.150167779733,-1.40286254267102,0.0248666477075338,2.4058796339896e-06,-115.949453493949,-1.40286287302106,3,"Optimization may not have converged.  Consider increasing maxit.",461,"not evaluated"
"462","CoopBreed","Continuity",0.386247453227788,0.024058796339896,-117.150167779733,-1.40286254267102,0.0228937281318074,0.0523786919615875,-116.774806330352,-1.39608769182952,3,"Optimization has converged.",462,"not evaluated"
"463","CoopBreed","Continuity",0.0413122510468735,0.024058796339896,-117.150167779733,-1.40286254267102,0.0219479134101957,0.0872717146773083,-115.068587560778,-1.42010619412143,3,"Optimization has converged.",463,"not evaluated"
"464","CoopBreed","Continuity",0.0175208996337232,0.024058796339896,-117.150167779733,-1.40286254267102,0.0215930735995817,0.0646909950110858,-114.32845288696,-1.40286209008698,3,"Optimization has converged.",464,"not evaluated"
"465","CoopBreed","Continuity",0.114123168447793,0.024058796339896,-117.150167779733,-1.40286254267102,0.0219136716692549,0.0751557948473296,-115.90208024265,-1.40303050694148,3,"Optimization has converged.",465,"not evaluated"
"466","CoopBreed","Continuity",0.529495883420928,0.024058796339896,-117.150167779733,-1.40286254267102,0.0245402106219937,0.0106370121199619,-116.952488312953,-1.40286341962301,3,"Optimization has converged.",466,"not evaluated"
"467","CoopBreed","Continuity",0.156660147315626,0.024058796339896,-117.150167779733,-1.40286254267102,0.0223640955004672,0.0833073876101486,-116.147081641599,-1.39328923588066,3,"Optimization has converged.",467,"not evaluated"
"468","CoopBreed","Continuity",0.141920721017509,0.024058796339896,-117.150167779733,-1.40286254267102,0.0246704282036291,0.00516170825370148,-116.071663350645,-1.40286523212608,3,"Optimization has converged.",468,"not evaluated"
"469","CoopBreed","Continuity",0.00871787629014525,0.024058796339896,-117.150167779733,-1.40286254267102,0.0206935566902507,0.0904992038538322,-113.71030309512,-1.40278168473314,3,"Optimization has converged.",469,"not evaluated"
"470","CoopBreed","Continuity",0.0140841045455091,0.024058796339896,-117.150167779733,-1.40286254267102,0.0215051384601955,0.0583896109200633,-114.136382476268,-1.44486280687453,3,"Optimization has converged.",470,"not evaluated"
"471","CoopBreed","Continuity",0.154706920257674,0.024058796339896,-117.150167779733,-1.40286254267102,0.0245949526934325,2.4058796339896e-06,-116.137559756531,-1.40286379766625,3,"Optimization has converged.",471,"not evaluated"
"472","CoopBreed","Continuity",0.00107624593674071,0.024058796339896,-117.150167779733,-1.40286254267102,0.0202146649644489,0.109324308258029,-111.80438074503,-1.40290533585913,3,"Optimization has converged.",472,"not evaluated"
"473","CoopBreed","Continuity",0.273566454808457,0.024058796339896,-117.150167779733,-1.40286254267102,0.0248298360632003,0.00115869290909829,-116.550779782378,-1.40286193808475,3,"Optimization has converged.",473,"not evaluated"
"474","CoopBreed","Continuity",0.00845431936666276,0.024058796339896,-117.150167779733,-1.40286254267102,0.0211733288391197,0.0991708359316566,-113.682859586646,-1.40280324194743,3,"Optimization has converged.",474,"not evaluated"
"475","CoopBreed","Continuity",0.579806415656765,0.024058796339896,-117.150167779733,-1.40286254267102,0.0246949327566831,0.00551746408502427,-116.996893924844,-1.40286619430754,3,"Optimization has converged.",475,"not evaluated"
"476","CoopBreed","Continuity",0.135999375793303,0.024058796339896,-117.150167779733,-1.40286254267102,0.0221326074620479,0.11741234015147,-116.038842372539,-1.4028538296573,3,"Optimization has converged.",476,"not evaluated"
"477","CoopBreed","Continuity",0.00125200591010967,0.024058796339896,-117.150167779733,-1.40286254267102,0.0198377602131208,0.20323271029172,-111.944178943555,-1.30935742529301,3,"Optimization has converged.",477,"not evaluated"
"478","CoopBreed","Continuity",0.0220015513224132,0.024058796339896,-117.150167779733,-1.40286254267102,0.0218294648633678,0.104483853680207,-114.527336613947,-1.40286324360603,3,"Optimization has converged.",478,"not evaluated"
"479","CoopBreed","Continuity",0.0121145096030715,0.024058796339896,-117.150167779733,-1.40286254267102,0.0205709450036704,0.0721852046375518,-114.003151328592,-1.40291347293162,3,"Optimization may not have converged.  Consider increasing maxit.",479,"not evaluated"
"480","CoopBreed","Continuity",0.000213283776743121,0.024058796339896,-117.150167779733,-1.40286254267102,0.0192208517471708,0.200771689636719,-110.295027535918,-1.40262194460736,3,"Optimization may not have converged.  Consider increasing maxit.",480,"not evaluated"
"481","CoopBreed","Continuity",0.00741857274202399,0.024058796339896,-117.150167779733,-1.40286254267102,0.0214099794197407,0.0937197547531345,-113.565808240966,-1.40293309778403,3,"Optimization has converged.",481,"not evaluated"
"482","CoopBreed","Continuity",0.118951317858482,0.024058796339896,-117.150167779733,-1.40286254267102,0.0247301588407352,2.4058796339896e-06,-115.934630398553,-1.36842359157057,3,"Optimization has converged.",482,"not evaluated"
"483","CoopBreed","Continuity",0.0618514787244234,0.024058796339896,-117.150167779733,-1.40286254267102,0.0209278462130911,0.103916433949791,-115.406653061694,-1.4028547598067,3,"Optimization has converged.",483,"not evaluated"
"484","CoopBreed","Continuity",0.324940057090868,0.024058796339896,-117.150167779733,-1.40286254267102,0.0225527677135903,0.0822082591743438,-116.665688517114,-1.40285609327398,3,"Optimization has converged.",484,"not evaluated"
"485","CoopBreed","Continuity",0.389167670584299,0.024058796339896,-117.150167779733,-1.40286254267102,0.022797541377167,0.0573009202851971,-116.779397253087,-1.39467460023076,3,"Optimization has converged.",485,"not evaluated"
"486","CoopBreed","Continuity",0.322041782742673,0.024058796339896,-117.150167779733,-1.40286254267102,0.0225597833005472,0.0780672952311585,-116.659849666859,-1.40296042797123,3,"Optimization has converged.",486,"not evaluated"
"487","CoopBreed","Continuity",0.00716813144647789,0.024058796339896,-117.150167779733,-1.40286254267102,0.0211364783200394,0.0679735911953744,-113.534993824845,-1.4028729884525,3,"Optimization has converged.",487,"not evaluated"
"488","CoopBreed","Continuity",0.00702440281665342,0.024058796339896,-117.150167779733,-1.40286254267102,0.0212800713959218,0.0708482797751467,-113.516808574313,-1.40284517263397,3,"Optimization has converged.",488,"not evaluated"
"489","CoopBreed","Continuity",0.000493051870557181,0.024058796339896,-117.150167779733,-1.40286254267102,0.0201098114877531,0.131174259122903,-111.079287079514,-1.40287885580997,3,"Optimization has converged.",489,"not evaluated"
"490","CoopBreed","Continuity",0.00436856996677903,0.024058796339896,-117.150167779733,-1.40286254267102,0.0201338188761352,0.137411692299925,-113.08822230871,-1.30306390128348,3,"Optimization has converged.",490,"not evaluated"
"491","CoopBreed","Continuity",0.684318486384178,0.024058796339896,-117.150167779733,-1.40286254267102,0.0233280864974281,0.0413835341499814,-117.067515237067,-1.40286402168114,3,"Optimization has converged.",491,"not evaluated"
"492","CoopBreed","Continuity",0.386051337545581,0.024058796339896,-117.150167779733,-1.40286254267102,0.0227448762882024,0.0505241442122077,-116.774496241257,-1.40285584213501,3,"Optimization has converged.",492,"not evaluated"
"493","CoopBreed","Continuity",0.000196594883662854,0.024058796339896,-117.150167779733,-1.40286254267102,0.019251790829863,0.215951031894771,-110.218491567893,-1.4229121516912,3,"Optimization may not have converged.  Consider increasing maxit.",493,"not evaluated"
"494","CoopBreed","Continuity",0.0657761390311279,0.024058796339896,-117.150167779733,-1.40286254267102,0.0219674217044822,0.0569482781244532,-115.457466804732,-1.4028268598894,3,"Optimization has converged.",494,"not evaluated"
"495","CoopBreed","Continuity",0.000401587773008946,0.024058796339896,-117.150167779733,-1.40286254267102,0.0192128723445793,0.117495106691173,-110.887772177372,-1.4027626706348,3,"Optimization has converged.",495,"not evaluated"
"496","CoopBreed","Continuity",0.00222372563483112,0.024058796339896,-117.150167779733,-1.40286254267102,0.0207798089051252,0.114716231626271,-112.472645506438,-1.40286253780417,3,"Optimization may not have converged.  Consider increasing maxit.",496,"not evaluated"
"497","CoopBreed","Continuity",0.0729142538501758,0.024058796339896,-117.150167779733,-1.40286254267102,0.0221141356505216,0.0819082998478373,-115.54208510545,-1.40280458235292,3,"Optimization has converged.",497,"not evaluated"
"498","CoopBreed","Continuity",0.0427939770531173,0.024058796339896,-117.150167779733,-1.40286254267102,0.0219223731539598,0.0850249131677608,-115.098406722285,-1.4027256932468,3,"Optimization has converged.",498,"not evaluated"
"499","CoopBreed","Continuity",0.00984656526481587,0.024058796339896,-117.150167779733,-1.40286254267102,0.0213778915753874,0.108077007248412,-113.818944624534,-1.40328640719967,3,"Optimization has converged.",499,"not evaluated"
"500","CoopBreed","Continuity",0.00380934013818429,0.024058796339896,-117.150167779733,-1.40286254267102,0.0204931404961944,0.0751396030671092,-112.96390058322,-1.40287691854152,3,"Optimization has converged.",500,"not evaluated"
