"species","CoopBreed","numSourcesNonCoop","numSourcesCoop","SourceDiscrepancy","Dunn","Biagolini","DowningCoop","Jetz","Rubenstein","Cockburn","ReihlCoop","Griesser2017Coop","RiehlKin","DowningKinNKCoop","Griesser2017KinCoop","Griesser2017FamilialLiving","numKin","numNonKin","numMixed","Kin_NK"
"(non-Oscine)","1","0","1","0",NA,NA,NA,NA,NA,NA,NA,"1",NA,NA,"K","1","1","0","0","Kin"
"(non-passerine)","1","0","1","0",NA,NA,NA,NA,NA,NA,NA,"1",NA,NA,"K","1","1","0","0","Kin"
"(not_checked)","0","1","0","0",NA,NA,NA,NA,NA,NA,NA,"0",NA,NA,NA,"0","0","0","0",NA
"Abeillia_abeillei","0","2","0","0",NA,NA,NA,"0",NA,NA,NA,"0",NA,NA,NA,"0","0","0","0",NA
"Abroscopus_albogularis","0","2","0","0",NA,NA,NA,"0",NA,"0",NA,NA,NA,NA,NA,NA,"0","0","0",NA
"Abroscopus_schisticeps","0","1","0","0",NA,NA,NA,"0",NA,NA,NA,NA,NA,NA,NA,NA,"0","0","0",NA
"Abroscopus_superciliaris","0","2","0","0",NA,NA,NA,"0",NA,"0",NA,NA,NA,NA,NA,NA,"0","0","0",NA
"Aburria_aburri","0","1","0","0",NA,NA,NA,"0",NA,NA,NA,NA,NA,NA,NA,NA,"0","0","0",NA
"Acanthagenys_rufogularis","0","1","0","0",NA,NA,NA,"0",NA,NA,NA,NA,NA,NA,NA,NA,"0","0","0",NA
"Acanthidops_bairdii","0","1","0","0",NA,NA,NA,"0",NA,NA,NA,NA,NA,NA,NA,NA,"0","0","0",NA
"Acanthisitta_chloris","1","0","4","0",NA,NA,NA,"1",NA,"1","1","1","M",NA,"K","1","1","0","1","Kin"
"Acanthiza_apicalis",NA,"0","0","0",NA,NA,NA,NA,NA,NA,NA,NA,NA,NA,NA,NA,"0","0","0",NA
"Acanthiza_chrysorrhoa","1","0","5","0","1",NA,NA,"1",NA,"1","1","1","K",NA,"K","1","2","0","0","Kin"
"Acanthiza_ewingii","0","2","0","0",NA,NA,NA,"0",NA,"0",NA,NA,NA,NA,NA,NA,"0","0","0",NA
"Acanthiza_inornata","1","0","3","0",NA,NA,NA,"1",NA,"1",NA,"1",NA,NA,"K","1","1","0","0","Kin"
"Acanthiza_iredalei","1","0","3","0",NA,NA,NA,"1",NA,"1",NA,"1",NA,NA,"K","1","1","0","0","Kin"
"Acanthiza_katherina","1","0","3","0",NA,NA,NA,"1",NA,"1",NA,"1",NA,NA,"K","1","1","0","0","Kin"
"Acanthiza_lineata","1","0","5","0","1",NA,NA,"1",NA,"1","1","1","M",NA,"K","1","1","0","1","Kin"
"Acanthiza_murina","1","0","3","0",NA,NA,NA,"1",NA,"1",NA,"1",NA,NA,"K","1","1","0","0","Kin"
"Acanthiza_nana","1","0","4","0","1",NA,NA,"1",NA,"1",NA,"1",NA,NA,"K","1","1","0","0","Kin"
"Acanthiza_pusilla","0","4","0","0",NA,NA,"0","0",NA,"0",NA,"0",NA,NA,NA,"1","0","0","0",NA
"Acanthiza_reguloides","1","0","4","0",NA,NA,NA,"1",NA,"1","1","1","M",NA,"K","1","1","0","1","Kin"
"Acanthiza_robustirostris","0","2","0","0",NA,NA,NA,"0",NA,"0",NA,NA,NA,NA,NA,NA,"0","0","0",NA
"Acanthiza_uropygialis","1","0","4","0","1",NA,NA,"1",NA,"1",NA,"1",NA,NA,"K","1","1","0","0","Kin"
"Acanthorhynchus_superciliosus","0","3","0","0",NA,NA,NA,"0",NA,"0",NA,"0",NA,NA,NA,"0","0","0","0",NA
"Acanthorhynchus_tenuirostris","0","3","0","0",NA,NA,NA,"0",NA,"0",NA,"0",NA,NA,NA,"0","0","0","0",NA
"Acanthornis_magna","0","3","0","0",NA,NA,NA,"0",NA,"0",NA,"0",NA,NA,NA,"1","0","0","0",NA
"Accipiter_albogularis","0","1","0","0",NA,NA,NA,"0",NA,NA,NA,NA,NA,NA,NA,NA,"0","0","0",NA
"Accipiter_badius","0","3","0","0",NA,NA,NA,"0",NA,"0",NA,"0",NA,NA,NA,"1","0","0","0",NA
"Accipiter_bicolor","0","2","0","0",NA,NA,NA,"0",NA,"0",NA,NA,NA,NA,NA,NA,"0","0","0",NA
"Accipiter_brachyurus","0","1","0","0",NA,NA,NA,"0",NA,NA,NA,NA,NA,NA,NA,NA,"0","0","0",NA
"Accipiter_brevipes","0","2","0","0",NA,NA,NA,"0",NA,"0",NA,NA,NA,NA,NA,NA,"0","0","0",NA
"Accipiter_butleri",NA,"0","0","0",NA,NA,NA,NA,NA,NA,NA,NA,NA,NA,NA,NA,"0","0","0",NA
"Accipiter_castanilius","0","1","0","0",NA,NA,NA,"0",NA,NA,NA,NA,NA,NA,NA,NA,"0","0","0",NA
"Accipiter_chilensis","0","1","0","0",NA,NA,NA,"0",NA,NA,NA,NA,NA,NA,NA,NA,"0","0","0",NA
"Accipiter_chionogaster","0","1","0","0",NA,NA,NA,"0",NA,NA,NA,NA,NA,NA,NA,NA,"0","0","0",NA
"Accipiter_cirrocephalus","0","3","0","0",NA,NA,NA,"0",NA,"0",NA,"0",NA,NA,NA,"0","0","0","0",NA
"Accipiter_collaris","0","1","0","0",NA,NA,NA,"0",NA,NA,NA,NA,NA,NA,NA,NA,"0","0","0",NA
"Accipiter_cooperii","0","3","0","0",NA,"0",NA,"0",NA,NA,NA,"0",NA,NA,NA,"0","0","0","0",NA
"Accipiter_erythrauchen","0","1","0","0",NA,NA,NA,"0",NA,NA,NA,NA,NA,NA,NA,NA,"0","0","0",NA
"Accipiter_erythronemius","0","1","0","0",NA,NA,NA,"0",NA,NA,NA,NA,NA,NA,NA,NA,"0","0","0",NA
"Accipiter_erythropus","0","1","0","0",NA,NA,NA,"0",NA,NA,NA,NA,NA,NA,NA,NA,"0","0","0",NA
"Accipiter_fasciatus","0","2","0","0",NA,NA,NA,"0",NA,"0",NA,NA,NA,NA,NA,NA,"0","0","0",NA
"Accipiter_francesiae","0","1","0","0",NA,NA,NA,"0",NA,NA,NA,NA,NA,NA,NA,NA,"0","0","0",NA
"Accipiter_gentilis","0","4","0","0",NA,NA,"0","0",NA,"0",NA,"0",NA,NA,NA,"0","0","0","0",NA
"Accipiter_griseiceps","0","1","0","0",NA,NA,NA,"0",NA,NA,NA,NA,NA,NA,NA,NA,"0","0","0",NA
"Accipiter_gularis","0","2","0","0",NA,NA,NA,"0",NA,"0",NA,NA,NA,NA,NA,NA,"0","0","0",NA
"Accipiter_gundlachi","0","2","0","0",NA,NA,NA,"0",NA,"0",NA,NA,NA,NA,NA,NA,"0","0","0",NA
"Accipiter_haplochrous","0","1","0","0",NA,NA,NA,"0",NA,NA,NA,NA,NA,NA,NA,NA,"0","0","0",NA
"Accipiter_henicogrammus","0","1","0","0",NA,NA,NA,"0",NA,NA,NA,NA,NA,NA,NA,NA,"0","0","0",NA
"Accipiter_henstii","0","2","0","0",NA,NA,NA,"0",NA,"0",NA,NA,NA,NA,NA,NA,"0","0","0",NA
"Accipiter_imitator","0","1","0","0",NA,NA,NA,"0",NA,NA,NA,NA,NA,NA,NA,NA,"0","0","0",NA
"Accipiter_luteoschistaceus","0","1","0","0",NA,NA,NA,"0",NA,NA,NA,NA,NA,NA,NA,NA,"0","0","0",NA
"Accipiter_madagascariensis","0","1","0","0",NA,NA,NA,"0",NA,NA,NA,NA,NA,NA,NA,NA,"0","0","0",NA
"Accipiter_melanochlamys","0","1","0","0",NA,NA,NA,"0",NA,NA,NA,NA,NA,NA,NA,NA,"0","0","0",NA
"Accipiter_melanoleucus","0","3","0","0",NA,NA,NA,"0",NA,"0",NA,"0",NA,NA,NA,"0","0","0","0",NA
"Accipiter_meyerianus","0","2","0","0",NA,NA,NA,"0",NA,"0",NA,NA,NA,NA,NA,NA,"0","0","0",NA
"Accipiter_minullus","0","3","0","0",NA,NA,NA,"0",NA,"0",NA,"0",NA,NA,NA,"1","0","0","0",NA
"Accipiter_nanus","0","1","0","0",NA,NA,NA,"0",NA,NA,NA,NA,NA,NA,NA,NA,"0","0","0",NA
"Accipiter_nisus","0","1","0","0",NA,NA,NA,"0",NA,NA,NA,NA,NA,NA,NA,NA,"0","0","0",NA
"Accipiter_novaehollandiae","0","2","0","0",NA,NA,NA,"0",NA,"0",NA,NA,NA,NA,NA,NA,"0","0","0",NA
"Accipiter_ovampensis","0","2","0","0",NA,NA,NA,"0",NA,"0",NA,NA,NA,NA,NA,NA,"0","0","0",NA
"Accipiter_poliocephalus","0","1","0","0",NA,NA,NA,"0",NA,NA,NA,NA,NA,NA,NA,NA,"0","0","0",NA
"Accipiter_poliogaster","0","1","0","0",NA,NA,NA,"0",NA,NA,NA,NA,NA,NA,NA,NA,"0","0","0",NA
"Accipiter_princeps","0","1","0","0",NA,NA,NA,"0",NA,NA,NA,NA,NA,NA,NA,NA,"0","0","0",NA
"Accipiter_rhodogaster","0","1","0","0",NA,NA,NA,"0",NA,NA,NA,NA,NA,NA,NA,NA,"0","0","0",NA
"Accipiter_rufitorques","0","1","0","0",NA,NA,NA,"0",NA,NA,NA,NA,NA,NA,NA,NA,"0","0","0",NA
"Accipiter_rufiventris","0","2","0","0",NA,NA,NA,"0",NA,"0",NA,NA,NA,NA,NA,NA,"0","0","0",NA
"Accipiter_soloensis","0","2","0","0",NA,NA,NA,"0",NA,"0",NA,NA,NA,NA,NA,NA,"0","0","0",NA
"Accipiter_striatus","0","3","0","0",NA,NA,NA,"0",NA,"0",NA,"0",NA,NA,NA,"0","0","0","0",NA
"Accipiter_superciliosus","0","1","0","0",NA,NA,NA,"0",NA,NA,NA,NA,NA,NA,NA,NA,"0","0","0",NA
"Accipiter_tachiro","0","3","0","0",NA,NA,NA,"0",NA,"0",NA,"0",NA,NA,NA,"0","0","0","0",NA
"Accipiter_toussenelii","0","1","0","0",NA,NA,NA,"0",NA,NA,NA,NA,NA,NA,NA,NA,"0","0","0",NA
"Accipiter_trinotatus","0","1","0","0",NA,NA,NA,"0",NA,NA,NA,NA,NA,NA,NA,NA,"0","0","0",NA
"Accipiter_trivirgatus","0","2","0","0",NA,NA,NA,"0",NA,"0",NA,NA,NA,NA,NA,NA,"0","0","0",NA
"Accipiter_ventralis","0","1","0","0",NA,NA,NA,"0",NA,NA,NA,NA,NA,NA,NA,NA,"0","0","0",NA
"Accipiter_virgatus","0","2","0","0",NA,NA,NA,"0",NA,"0",NA,NA,NA,NA,NA,NA,"0","0","0",NA
"Aceros_cassidix","0","2","0","0",NA,NA,NA,"0",NA,"0",NA,NA,NA,NA,NA,NA,"0","0","0",NA
"Aceros_comatus","1","0","2","0",NA,NA,NA,"1",NA,"1",NA,NA,NA,NA,NA,NA,"0","0","0",NA
"Aceros_corrugatus","0","1","0","0",NA,NA,NA,"0",NA,NA,NA,NA,NA,NA,NA,NA,"0","0","0",NA
"Aceros_everetti","0","2","0","0",NA,NA,NA,"0",NA,"0",NA,NA,NA,NA,NA,NA,"0","0","0",NA
"Aceros_leucocephalus","0","2","0","0",NA,NA,NA,"0",NA,"0",NA,NA,NA,NA,NA,NA,"0","0","0",NA
"Aceros_narcondami","0","1","0","0",NA,NA,NA,NA,NA,"0",NA,NA,NA,NA,NA,NA,"0","0","0",NA
"Aceros_nipalensis","0","3","0","0",NA,NA,NA,"0",NA,"0",NA,"0",NA,NA,NA,"1","0","0","0",NA
"Aceros_plicatus","0","1","0","0",NA,NA,NA,"0",NA,NA,NA,NA,NA,NA,NA,NA,"0","0","0",NA
"Aceros_subruficollis","0","1","0","0",NA,NA,NA,"0",NA,NA,NA,NA,NA,NA,NA,NA,"0","0","0",NA
"Aceros_undulatus","0","2","0","0",NA,NA,NA,"0",NA,"0",NA,NA,NA,NA,NA,NA,"0","0","0",NA
"Aceros_waldeni","0","1","0","0",NA,NA,NA,"0",NA,NA,NA,NA,NA,NA,NA,NA,"0","0","0",NA
"Achaetops_pycnopygius","0","3","0","0",NA,NA,NA,"0",NA,"0",NA,"0",NA,NA,NA,"0","0","0","0",NA
"Acridotheres_albocinctus","0","1","0","0",NA,NA,NA,"0",NA,NA,NA,NA,NA,NA,NA,NA,"0","0","0",NA
"Acridotheres_cinereus","0","1","0","0",NA,NA,NA,"0",NA,NA,NA,NA,NA,NA,NA,NA,"0","0","0",NA
"Acridotheres_cristatellus","0","3","0","0",NA,NA,NA,"0",NA,"0",NA,"0",NA,NA,NA,"1","0","0","0",NA
"Acridotheres_fuscus","0","3","0","0",NA,NA,NA,"0",NA,"0",NA,"0",NA,NA,NA,"0","0","0","0",NA
"Acridotheres_ginginianus","0","3","0","0",NA,NA,NA,"0",NA,"0",NA,"0",NA,NA,NA,"0","0","0","0",NA
"Acridotheres_grandis","0","2","0","0",NA,NA,NA,"0",NA,"0",NA,NA,NA,NA,NA,NA,"0","0","0",NA
"Acridotheres_tristis","0","3","0","0",NA,NA,NA,"0",NA,"0",NA,"0",NA,NA,NA,"0","0","0","0",NA
"Acrobatornis_fonsecai","1","0","3","0",NA,NA,NA,"1",NA,"1","1",NA,"K",NA,NA,NA,"1","0","0","Kin"
"Acrocephalus_aedon","0","2","0","0",NA,NA,NA,"0",NA,"0",NA,NA,NA,NA,NA,NA,"0","0","0",NA
"Acrocephalus_aequinoctialis","0","1","0","0",NA,NA,NA,NA,NA,"0",NA,NA,NA,NA,NA,NA,"0","0","0",NA
"Acrocephalus_agricola","0","2","0","0",NA,NA,NA,"0",NA,"0",NA,NA,NA,NA,NA,NA,"0","0","0",NA
"Acrocephalus_arundinaceus","0","4","0","0",NA,"0","0","0",NA,"0",NA,NA,NA,NA,NA,NA,"0","0","0",NA
"Acrocephalus_atyphus",NA,"0","0","0",NA,NA,NA,NA,NA,NA,NA,NA,NA,NA,NA,NA,"0","0","0",NA
"Acrocephalus_australis","0","2","0","0",NA,NA,NA,"0",NA,"0",NA,NA,NA,NA,NA,NA,"0","0","0",NA
"Acrocephalus_baeticatus","1","0","3","0",NA,NA,NA,"1",NA,"1","1",NA,"NK",NA,NA,NA,"0","1","0","NonKin"
"Acrocephalus_bistrigiceps","0","3","0","0",NA,"0",NA,"0",NA,"0",NA,NA,NA,NA,NA,NA,"0","0","0",NA
"Acrocephalus_brevipennis","0","1","0","0",NA,NA,NA,"0",NA,NA,NA,NA,NA,NA,NA,NA,"0","0","0",NA
"Acrocephalus_caffer",NA,"0","0","0",NA,NA,NA,NA,NA,NA,NA,NA,NA,NA,NA,NA,"0","0","0",NA
"Acrocephalus_concinens","0","2","0","0",NA,NA,NA,"0",NA,"0",NA,NA,NA,NA,NA,NA,"0","0","0",NA
"Acrocephalus_dumetorum","0","2","0","0",NA,NA,NA,"0",NA,"0",NA,NA,NA,NA,NA,NA,"0","0","0",NA
"Acrocephalus_familiaris","0","1","0","0",NA,NA,NA,NA,NA,"0",NA,NA,NA,NA,NA,NA,"0","0","0",NA
"Acrocephalus_gracilirostris","0","1","0","0",NA,NA,NA,"0",NA,NA,NA,NA,NA,NA,NA,NA,"0","0","0",NA
"Acrocephalus_griseldis","0","2","0","0",NA,NA,NA,"0",NA,"0",NA,NA,NA,NA,NA,NA,"0","0","0",NA
"Acrocephalus_kerearako",NA,"0","0","0",NA,NA,NA,NA,NA,NA,NA,NA,NA,NA,NA,NA,"0","0","0",NA
"Acrocephalus_luscinius","0","1","0","0",NA,NA,NA,"0",NA,NA,NA,NA,NA,NA,NA,NA,"0","0","0",NA
"Acrocephalus_melanopogon","1","1","4","1",NA,"0",NA,"1",NA,"1","1","1","NK",NA,"NK","0","0","2","0","NonKin"
"Acrocephalus_mendanae",NA,"0","0","0",NA,NA,NA,NA,NA,NA,NA,NA,NA,NA,NA,NA,"0","0","0",NA
"Acrocephalus_newtoni","0","2","0","0",NA,NA,NA,"0",NA,"0",NA,NA,NA,NA,NA,NA,"0","0","0",NA
"Acrocephalus_orinus",NA,"0","0","0",NA,NA,NA,NA,NA,NA,NA,NA,NA,NA,NA,NA,"0","0","0",NA
"Acrocephalus_paludicola","0","3","0","0",NA,"0",NA,"0",NA,"0",NA,NA,NA,NA,NA,NA,"0","0","0",NA
"Acrocephalus_palustris","0","5","0","0",NA,"0","0","0",NA,"0",NA,"0",NA,NA,NA,"0","0","0","0",NA
"Acrocephalus_rehsei",NA,"0","0","0",NA,NA,NA,NA,NA,NA,NA,NA,NA,NA,NA,NA,"0","0","0",NA
"Acrocephalus_rimatarae",NA,"0","0","0",NA,NA,NA,NA,NA,NA,NA,NA,NA,NA,NA,NA,"0","0","0",NA
"Acrocephalus_rodericanus","0","2","0","0",NA,NA,NA,"0",NA,"0",NA,NA,NA,NA,NA,NA,"0","0","0",NA
"Acrocephalus_rufescens","0","2","0","0",NA,NA,NA,"0",NA,"0",NA,NA,NA,NA,NA,NA,"0","0","0",NA
"Acrocephalus_schoenobaenus","0","5","0","0",NA,"0","0","0",NA,"0",NA,"0",NA,NA,NA,"0","0","0","0",NA
"Acrocephalus_scirpaceus","0","4","0","0",NA,"0","0","0",NA,"0",NA,NA,NA,NA,NA,NA,"0","0","0",NA
"Acrocephalus_sechellensis","1","0","4","0",NA,"1","1",NA,NA,"1","1",NA,"M","K",NA,NA,"1","0","1","Kin"
"Acrocephalus_sorghophilus","0","1","0","0",NA,NA,NA,"0",NA,NA,NA,NA,NA,NA,NA,NA,"0","0","0",NA
"Acrocephalus_stentoreus","0","2","0","0",NA,NA,NA,"0",NA,"0",NA,NA,NA,NA,NA,NA,"0","0","0",NA
"Acrocephalus_syrinx","0","1","0","0",NA,NA,NA,"0",NA,NA,NA,NA,NA,NA,NA,NA,"0","0","0",NA
"Acrocephalus_taiti","1","0","1","0",NA,NA,NA,NA,NA,"1",NA,NA,NA,NA,NA,NA,"0","0","0",NA
"Acrocephalus_tangorum","0","1","0","0",NA,NA,NA,"0",NA,NA,NA,NA,NA,NA,NA,NA,"0","0","0",NA
"Acrocephalus_vaughani","1","1","2","1",NA,"0","1",NA,NA,NA,"1",NA,"NK","NK",NA,NA,"0","2","0","NonKin"
"Acropternis_orthonyx","0","1","0","0",NA,NA,NA,"0",NA,NA,NA,NA,NA,NA,NA,NA,"0","0","0",NA
"Acryllium_vulturinum","0","3","0","0",NA,NA,NA,"0",NA,"0",NA,"0",NA,NA,NA,"1","0","0","0",NA
"Actenoides_bougainvillei","0","1","0","0",NA,NA,NA,"0",NA,NA,NA,NA,NA,NA,NA,NA,"0","0","0",NA
"Actenoides_concretus","0","1","0","0",NA,NA,NA,"0",NA,NA,NA,NA,NA,NA,NA,NA,"0","0","0",NA
"Actenoides_hombroni","0","1","0","0",NA,NA,NA,"0",NA,NA,NA,NA,NA,NA,NA,NA,"0","0","0",NA
"Actenoides_lindsayi","0","1","0","0",NA,NA,NA,"0",NA,NA,NA,NA,NA,NA,NA,NA,"0","0","0",NA
"Actenoides_monachus","0","1","0","0",NA,NA,NA,"0",NA,NA,NA,NA,NA,NA,NA,NA,"0","0","0",NA
"Actenoides_princeps","0","1","0","0",NA,NA,NA,"0",NA,NA,NA,NA,NA,NA,NA,NA,"0","0","0",NA
"Actinodura_egertoni","0","2","0","0",NA,NA,NA,"0",NA,"0",NA,NA,NA,NA,NA,NA,"0","0","0",NA
"Actinodura_morrisoniana","0","1","0","0",NA,NA,NA,"0",NA,NA,NA,NA,NA,NA,NA,NA,"0","0","0",NA
"Actinodura_nipalensis","0","1","0","0",NA,NA,NA,"0",NA,NA,NA,NA,NA,NA,NA,NA,"0","0","0",NA
"Actinodura_ramsayi","0","1","0","0",NA,NA,NA,"0",NA,NA,NA,NA,NA,NA,NA,NA,"0","0","0",NA
"Actinodura_souliei","0","1","0","0",NA,NA,NA,"0",NA,NA,NA,NA,NA,NA,NA,NA,"0","0","0",NA
"Actinodura_waldeni","0","1","0","0",NA,NA,NA,"0",NA,NA,NA,NA,NA,NA,NA,NA,"0","0","0",NA
"Actitis_hypoleucos","0","4","0","0",NA,"0","0","0",NA,"0",NA,NA,NA,NA,NA,NA,"0","0","0",NA
"Actitis_macularius","0","4","0","0",NA,"0","0","0",NA,"0",NA,NA,NA,NA,NA,NA,"0","0","0",NA
"Actophilornis_africanus","0","3","0","0",NA,NA,NA,"0",NA,"0",NA,"0",NA,NA,NA,"1","0","0","0",NA
"Actophilornis_albinucha","0","1","0","0",NA,NA,NA,"0",NA,NA,NA,NA,NA,NA,NA,NA,"0","0","0",NA
"Adelomyia_melanogenys","0","3","0","0",NA,NA,NA,"0",NA,"0",NA,"0",NA,NA,NA,"0","0","0","0",NA
"Aechmophorus_clarkii","0","2","0","0",NA,NA,NA,"0",NA,"0",NA,NA,NA,NA,NA,NA,"0","0","0",NA
"Aechmophorus_occidentalis","0","2","0","0",NA,NA,NA,"0",NA,NA,NA,"0",NA,NA,NA,"1","0","0","0",NA
"Aegithalos_caudatus","1","0","5","0",NA,"1",NA,"1",NA,"1","1","1","K",NA,"K","1","2","0","0","Kin"
"Aegithalos_concinnus","1","3","1","1",NA,"1",NA,"0",NA,"0",NA,"0",NA,NA,NA,"1","0","0","0",NA
"Aegithalos_fuliginosus","0","1","0","0",NA,NA,NA,"0",NA,NA,NA,NA,NA,NA,NA,NA,"0","0","0",NA
"Aegithalos_iouschistos","0","3","0","0",NA,NA,NA,"0",NA,"0",NA,"0",NA,NA,NA,"0","0","0","0",NA
"Aegithalos_leucogenys","0","2","0","0",NA,NA,NA,"0",NA,"0",NA,NA,NA,NA,NA,NA,"0","0","0",NA
"Aegithalos_niveogularis","0","1","0","0",NA,NA,NA,"0",NA,NA,NA,NA,NA,NA,NA,NA,"0","0","0",NA
"Aegithina_lafresnayei","0","1","0","0",NA,NA,NA,"0",NA,NA,NA,NA,NA,NA,NA,NA,"0","0","0",NA
"Aegithina_nigrolutea","0","2","0","0",NA,NA,NA,"0",NA,"0",NA,NA,NA,NA,NA,NA,"0","0","0",NA
"Aegithina_tiphia","0","2","0","0",NA,NA,NA,"0",NA,"0",NA,NA,NA,NA,NA,NA,"0","0","0",NA
"Aegithina_viridissima","0","2","0","0",NA,NA,NA,"0",NA,"0",NA,NA,NA,NA,NA,NA,"0","0","0",NA
"Aegolius_acadicus","0","3","0","0",NA,NA,NA,"0",NA,"0",NA,"0",NA,NA,NA,"0","0","0","0",NA
"Aegolius_funereus","0","5","0","0",NA,"0","0","0",NA,"0",NA,"0",NA,NA,NA,"0","0","0","0",NA
"Aegolius_harrisii","0","1","0","0",NA,NA,NA,"0",NA,NA,NA,NA,NA,NA,NA,NA,"0","0","0",NA
"Aegolius_ridgwayi","0","1","0","0",NA,NA,NA,"0",NA,NA,NA,NA,NA,NA,NA,NA,"0","0","0",NA
"Aegotheles_albertisi","0","1","0","0",NA,NA,NA,"0",NA,NA,NA,NA,NA,NA,NA,NA,"0","0","0",NA
"Aegotheles_archboldi","0","1","0","0",NA,NA,NA,"0",NA,NA,NA,NA,NA,NA,NA,NA,"0","0","0",NA
"Aegotheles_bennettii","0","1","0","0",NA,NA,NA,"0",NA,NA,NA,NA,NA,NA,NA,NA,"0","0","0",NA
"Aegotheles_crinifrons","0","1","0","0",NA,NA,NA,"0",NA,NA,NA,NA,NA,NA,NA,NA,"0","0","0",NA
"Aegotheles_cristatus","0","3","0","0",NA,NA,NA,"0",NA,"0",NA,"0",NA,NA,NA,"0","0","0","0",NA
"Aegotheles_insignis","0","1","0","0",NA,NA,NA,"0",NA,NA,NA,NA,NA,NA,NA,NA,"0","0","0",NA
"Aegotheles_savesi","0","1","0","0",NA,NA,NA,"0",NA,NA,NA,NA,NA,NA,NA,NA,"0","0","0",NA
"Aegotheles_tatei","0","1","0","0",NA,NA,NA,"0",NA,NA,NA,NA,NA,NA,NA,NA,"0","0","0",NA
"Aegotheles_wallacii","0","1","0","0",NA,NA,NA,"0",NA,NA,NA,NA,NA,NA,NA,NA,"0","0","0",NA
"Aegypius_monachus","0","2","0","0",NA,NA,NA,"0",NA,"0",NA,NA,NA,NA,NA,NA,"0","0","0",NA
"Aenigmatolimnas_marginalis","1","0","1","0",NA,NA,NA,"1",NA,NA,NA,NA,NA,NA,NA,NA,"0","0","0",NA
"Aepypodius_arfakianus","0","2","0","0",NA,NA,NA,"0",NA,"0",NA,NA,NA,NA,NA,NA,"0","0","0",NA
"Aepypodius_bruijnii","0","1","0","0",NA,NA,NA,"0",NA,NA,NA,NA,NA,NA,NA,NA,"0","0","0",NA
"Aeronautes_andecolus","0","1","0","0",NA,NA,NA,"0",NA,NA,NA,NA,NA,NA,NA,NA,"0","0","0",NA
"Aeronautes_montivagus","0","2","0","0",NA,NA,NA,"0",NA,NA,NA,"0",NA,NA,NA,"0","0","0","0",NA
"Aeronautes_saxatalis","0","3","0","0",NA,NA,NA,"0",NA,"0",NA,"0",NA,NA,NA,"0","0","0","0",NA
"Aethia_cristatella","0","1","0","0",NA,NA,NA,NA,NA,"0",NA,NA,NA,NA,NA,NA,"0","0","0",NA
"Aethia_pusilla","0","1","0","0",NA,NA,NA,NA,NA,"0",NA,NA,NA,NA,NA,NA,"0","0","0",NA
"Aethia_pygmaea","0","1","0","0",NA,NA,NA,NA,NA,"0",NA,NA,NA,NA,NA,NA,"0","0","0",NA
"Aethopyga_boltoni","0","1","0","0",NA,NA,NA,"0",NA,NA,NA,NA,NA,NA,NA,NA,"0","0","0",NA
"Aethopyga_christinae","0","1","0","0",NA,NA,NA,"0",NA,NA,NA,NA,NA,NA,NA,NA,"0","0","0",NA
"Aethopyga_duyvenbodei","0","2","0","0",NA,NA,NA,"0",NA,"0",NA,NA,NA,NA,NA,NA,"0","0","0",NA
"Aethopyga_eximia","0","1","0","0",NA,NA,NA,"0",NA,NA,NA,NA,NA,NA,NA,NA,"0","0","0",NA
"Aethopyga_flagrans","0","1","0","0",NA,NA,NA,"0",NA,NA,NA,NA,NA,NA,NA,NA,"0","0","0",NA
"Aethopyga_gouldiae","0","1","0","0",NA,NA,NA,"0",NA,NA,NA,NA,NA,NA,NA,NA,"0","0","0",NA
"Aethopyga_ignicauda","0","1","0","0",NA,NA,NA,"0",NA,NA,NA,NA,NA,NA,NA,NA,"0","0","0",NA
"Aethopyga_mystacalis","0","1","0","0",NA,NA,NA,"0",NA,NA,NA,NA,NA,NA,NA,NA,"0","0","0",NA
"Aethopyga_nipalensis","0","1","0","0",NA,NA,NA,"0",NA,NA,NA,NA,NA,NA,NA,NA,"0","0","0",NA
"Aethopyga_primigenia","0","1","0","0",NA,NA,NA,"0",NA,NA,NA,NA,NA,NA,NA,NA,"0","0","0",NA
"Aethopyga_pulcherrima","0","1","0","0",NA,NA,NA,"0",NA,NA,NA,NA,NA,NA,NA,NA,"0","0","0",NA
"Aethopyga_saturata","0","2","0","0",NA,NA,NA,"0",NA,"0",NA,NA,NA,NA,NA,NA,"0","0","0",NA
"Aethopyga_shelleyi","0","1","0","0",NA,NA,NA,"0",NA,NA,NA,NA,NA,NA,NA,NA,"0","0","0",NA
"Aethopyga_siparaja","0","2","0","0",NA,NA,NA,"0",NA,NA,NA,"0",NA,NA,NA,"1","0","0","0",NA
"Afropavo_congensis","0","1","0","0",NA,NA,NA,"0",NA,NA,NA,NA,NA,NA,NA,NA,"0","0","0",NA
"Agamia_agami","0","2","0","0",NA,NA,NA,"0",NA,"0",NA,NA,NA,NA,NA,NA,"0","0","0",NA
"Agapornis_canus","0","2","0","0",NA,NA,NA,"0",NA,"0",NA,NA,NA,NA,NA,NA,"0","0","0",NA
"Agapornis_fischeri","0","2","0","0",NA,NA,NA,"0",NA,"0",NA,NA,NA,NA,NA,NA,"0","0","0",NA
"Agapornis_lilianae","0","3","0","0",NA,NA,NA,"0",NA,"0",NA,"0",NA,NA,NA,"0","0","0","0",NA
"Agapornis_nigrigenis","0","1","0","0",NA,NA,NA,"0",NA,NA,NA,NA,NA,NA,NA,NA,"0","0","0",NA
"Agapornis_personatus","0","2","0","0",NA,NA,NA,"0",NA,"0",NA,NA,NA,NA,NA,NA,"0","0","0",NA
"Agapornis_pullarius","0","2","0","0",NA,NA,NA,"0",NA,"0",NA,NA,NA,NA,NA,NA,"0","0","0",NA
"Agapornis_roseicollis","0","2","0","0",NA,NA,NA,"0",NA,"0",NA,NA,NA,NA,NA,NA,"0","0","0",NA
"Agapornis_swindernianus","0","1","0","0",NA,NA,NA,"0",NA,NA,NA,NA,NA,NA,NA,NA,"0","0","0",NA
"Agapornis_taranta","0","2","0","0",NA,NA,NA,"0",NA,"0",NA,NA,NA,NA,NA,NA,"0","0","0",NA
"Agelaioides_badius","1","0","3","0",NA,NA,NA,"1",NA,"1",NA,"1",NA,NA,"K","1","1","0","0","Kin"
"Agelaius_assimilis","0","1","0","0",NA,NA,NA,"0",NA,NA,NA,NA,NA,NA,NA,NA,"0","0","0",NA
"Agelaius_humeralis","0","3","0","0",NA,NA,NA,"0",NA,"0",NA,"0",NA,NA,NA,"0","0","0","0",NA
"Agelaius_phoeniceus","0","5","0","0",NA,"0","0","0",NA,"0",NA,"0",NA,NA,NA,"0","0","0","0",NA
"Agelaius_tricolor","0","3","0","0",NA,NA,NA,"0",NA,"0",NA,"0",NA,NA,NA,"0","0","0","0",NA
"Agelaius_xanthomus","0","3","0","0",NA,"0",NA,"0",NA,"0",NA,NA,NA,NA,NA,NA,"0","0","0",NA
"Agelaoides_badius","1","0","1","0",NA,NA,NA,NA,NA,NA,"1",NA,"M",NA,NA,NA,"0","0","1","Mixed"
"Agelastes_meleagrides","0","1","0","0",NA,NA,NA,"0",NA,NA,NA,NA,NA,NA,NA,NA,"0","0","0",NA
"Agelastes_niger","0","1","0","0",NA,NA,NA,"0",NA,NA,NA,NA,NA,NA,NA,NA,"0","0","0",NA
"Agelasticus_cyanopus","0","1","0","0",NA,NA,NA,"0",NA,NA,NA,NA,NA,NA,NA,NA,"0","0","0",NA
"Agelasticus_thilius","0","2","0","0",NA,NA,NA,"0",NA,"0",NA,NA,NA,NA,NA,NA,"0","0","0",NA
"Agelasticus_xanthophthalmus","0","2","0","0",NA,NA,NA,"0",NA,NA,NA,"0",NA,NA,NA,"1","0","0","0",NA
"Aglaeactis_aliciae","0","1","0","0",NA,NA,NA,"0",NA,NA,NA,NA,NA,NA,NA,NA,"0","0","0",NA
"Aglaeactis_castelnaudii","0","2","0","0",NA,NA,NA,"0",NA,NA,NA,"0",NA,NA,NA,"0","0","0","0",NA
"Aglaeactis_cupripennis","0","3","0","0",NA,NA,NA,"0",NA,"0",NA,"0",NA,NA,NA,"0","0","0","0",NA
"Aglaeactis_pamela","0","2","0","0",NA,NA,NA,"0",NA,NA,NA,"0",NA,NA,NA,"0","0","0","0",NA
"Aglaiocercus_berlepschi","0","1","0","0",NA,NA,NA,"0",NA,NA,NA,NA,NA,NA,NA,NA,"0","0","0",NA
"Aglaiocercus_coelestis","0","3","0","0",NA,NA,NA,"0",NA,"0",NA,"0",NA,NA,NA,"0","0","0","0",NA
"Aglaiocercus_kingi","0","2","0","0",NA,NA,NA,"0",NA,"0",NA,NA,NA,NA,NA,NA,"0","0","0",NA
"Agriornis_lividus","0","2","0","0",NA,NA,NA,"0",NA,"0",NA,NA,NA,NA,NA,NA,"0","0","0",NA
"Agriornis_micropterus","0","1","0","0",NA,NA,NA,"0",NA,NA,NA,NA,NA,NA,NA,NA,"0","0","0",NA
"Agriornis_montanus","0","2","0","0",NA,NA,NA,"0",NA,"0",NA,NA,NA,NA,NA,NA,"0","0","0",NA
"Agriornis_murinus","0","1","0","0",NA,NA,NA,"0",NA,NA,NA,NA,NA,NA,NA,NA,"0","0","0",NA
"Ailuroedus_buccoides","0","3","0","0",NA,NA,NA,"0",NA,"0",NA,"0",NA,NA,NA,"1","0","0","0",NA
"Ailuroedus_crassirostris","0","3","0","0",NA,NA,NA,"0",NA,"0",NA,"0",NA,NA,NA,"0","0","0","0",NA
"Ailuroedus_melanotis","0","2","0","0",NA,NA,NA,"0",NA,"0",NA,NA,NA,NA,NA,NA,"0","0","0",NA
"Aimophila_aestivalis","0","2","0","0",NA,NA,NA,"0",NA,"0",NA,NA,NA,NA,NA,NA,"0","0","0",NA
"Aimophila_botterii","0","2","0","0",NA,NA,NA,"0",NA,"0",NA,NA,NA,NA,NA,NA,"0","0","0",NA
"Aimophila_carpalis","0","2","0","0",NA,NA,NA,"0",NA,"0",NA,NA,NA,NA,NA,NA,"0","0","0",NA
"Aimophila_cassinii","0","2","0","0",NA,NA,NA,"0",NA,"0",NA,NA,NA,NA,NA,NA,"0","0","0",NA
"Aimophila_humeralis","0","1","0","0",NA,NA,NA,"0",NA,NA,NA,NA,NA,NA,NA,NA,"0","0","0",NA
"Aimophila_mystacalis","0","1","0","0",NA,NA,NA,"0",NA,NA,NA,NA,NA,NA,NA,NA,"0","0","0",NA
"Aimophila_notosticta","0","1","0","0",NA,NA,NA,"0",NA,NA,NA,NA,NA,NA,NA,NA,"0","0","0",NA
"Aimophila_quinquestriata","0","2","0","0",NA,NA,NA,"0",NA,"0",NA,NA,NA,NA,NA,NA,"0","0","0",NA
"Aimophila_rufescens","0","2","0","0",NA,NA,NA,"0",NA,"0",NA,NA,NA,NA,NA,NA,"0","0","0",NA
"Aimophila_ruficauda","1","0","2","0",NA,NA,NA,"1",NA,"1",NA,NA,NA,NA,NA,NA,"0","0","0",NA
"Aimophila_ruficeps","0","3","0","0",NA,NA,NA,"0",NA,"0",NA,"0",NA,NA,NA,"1","0","0","0",NA
"Aimophila_stolzmanni","0","2","0","0",NA,NA,NA,"0",NA,"0",NA,NA,NA,NA,NA,NA,"0","0","0",NA
"Aimophila_strigiceps","0","1","0","0",NA,NA,NA,"0",NA,NA,NA,NA,NA,NA,NA,NA,"0","0","0",NA
"Aimophila_sumichrasti","0","1","0","0",NA,NA,NA,"0",NA,NA,NA,NA,NA,NA,NA,NA,"0","0","0",NA
"Aix_galericulata","0","2","0","0",NA,NA,NA,"0",NA,"0",NA,NA,NA,NA,NA,NA,"0","0","0",NA
"Aix_sponsa","0","3","0","0",NA,NA,NA,"0",NA,"0",NA,"0",NA,NA,NA,"0","0","0","0",NA
"Ajaia_ajaja","0","1","0","0",NA,NA,NA,NA,NA,NA,NA,"0",NA,NA,NA,"0","0","0","0",NA
"Alaemon_alaudipes","0","2","0","0",NA,NA,NA,"0",NA,"0",NA,NA,NA,NA,NA,NA,"0","0","0",NA
"Alaemon_hamertoni","0","1","0","0",NA,NA,NA,"0",NA,NA,NA,NA,NA,NA,NA,NA,"0","0","0",NA
"Alauda_arvensis","0","5","0","0",NA,"0","0","0",NA,"0",NA,"0",NA,NA,NA,"0","0","0","0",NA
"Alauda_gulgula","0","2","0","0",NA,NA,NA,"0",NA,"0",NA,NA,NA,NA,NA,NA,"0","0","0",NA
"Alauda_japonica","0","1","0","0",NA,NA,NA,"0",NA,NA,NA,NA,NA,NA,NA,NA,"0","0","0",NA
"Alauda_razae","0","2","0","0",NA,NA,NA,"0",NA,"0",NA,NA,NA,NA,NA,NA,"0","0","0",NA
"Alca_torda","0","1","0","0",NA,NA,NA,NA,NA,"0",NA,NA,NA,NA,NA,NA,"0","0","0",NA
"Alcedo_argentata","0","1","0","0",NA,NA,NA,"0",NA,NA,NA,NA,NA,NA,NA,NA,"0","0","0",NA
"Alcedo_atthis","0","1","0","0",NA,NA,NA,"0",NA,NA,NA,NA,NA,NA,NA,NA,"0","0","0",NA
"Alcedo_azurea","0","2","0","0",NA,NA,NA,"0",NA,"0",NA,NA,NA,NA,NA,NA,"0","0","0",NA
"Alcedo_coerulescens","0","2","0","0",NA,NA,NA,"0",NA,"0",NA,NA,NA,NA,NA,NA,"0","0","0",NA
"Alcedo_cristata","0","2","0","0",NA,NA,NA,"0",NA,"0",NA,NA,NA,NA,NA,NA,"0","0","0",NA
"Alcedo_cyanopectus","0","1","0","0",NA,NA,NA,"0",NA,NA,NA,NA,NA,NA,NA,NA,"0","0","0",NA
"Alcedo_euryzona","0","1","0","0",NA,NA,NA,"0",NA,NA,NA,NA,NA,NA,NA,NA,"0","0","0",NA
"Alcedo_hercules","0","2","0","0",NA,NA,NA,"0",NA,"0",NA,NA,NA,NA,NA,NA,"0","0","0",NA
"Alcedo_leucogaster","0","1","0","0",NA,NA,NA,"0",NA,NA,NA,NA,NA,NA,NA,NA,"0","0","0",NA
"Alcedo_meninting","0","2","0","0",NA,NA,NA,"0",NA,"0",NA,NA,NA,NA,NA,NA,"0","0","0",NA
"Alcedo_pusilla","0","2","0","0",NA,NA,NA,"0",NA,"0",NA,NA,NA,NA,NA,NA,"0","0","0",NA
"Alcedo_quadribrachys","0","2","0","0",NA,NA,NA,"0",NA,"0",NA,NA,NA,NA,NA,NA,"0","0","0",NA
"Alcedo_semitorquata","0","3","0","0",NA,NA,NA,"0",NA,"0",NA,"0",NA,NA,NA,"0","0","0","0",NA
"Alcedo_vintsioides","0","2","0","0",NA,NA,NA,"0",NA,"0",NA,NA,NA,NA,NA,NA,"0","0","0",NA
"Alcedo_websteri","0","1","0","0",NA,NA,NA,"0",NA,NA,NA,NA,NA,NA,NA,NA,"0","0","0",NA
"Alcippe_brunnea","0","2","0","0",NA,NA,NA,"0",NA,"0",NA,NA,NA,NA,NA,NA,"0","0","0",NA
"Alcippe_brunneicauda","0","1","0","0",NA,NA,NA,"0",NA,NA,NA,NA,NA,NA,NA,NA,"0","0","0",NA
"Alcippe_castaneceps","0","3","0","0",NA,NA,NA,"0",NA,"0",NA,"0",NA,NA,NA,"0","0","0","0",NA
"Alcippe_chrysotis","0","2","0","0",NA,NA,NA,"0",NA,NA,NA,"0",NA,NA,NA,"0","0","0","0",NA
"Alcippe_cinerea","0","2","0","0",NA,NA,NA,"0",NA,NA,NA,"0",NA,NA,NA,"0","0","0","0",NA
"Alcippe_cinereiceps","0","1","0","0",NA,NA,NA,"0",NA,NA,NA,NA,NA,NA,NA,NA,"0","0","0",NA
"Alcippe_dubia","0","1","0","0",NA,NA,NA,"0",NA,NA,NA,NA,NA,NA,NA,NA,"0","0","0",NA
"Alcippe_ludlowi","0","1","0","0",NA,NA,NA,"0",NA,NA,NA,NA,NA,NA,NA,NA,"0","0","0",NA
"Alcippe_morrisonia","0","1","0","0",NA,NA,NA,"0",NA,NA,NA,NA,NA,NA,NA,NA,"0","0","0",NA
"Alcippe_nipalensis","0","3","0","0",NA,NA,NA,"0",NA,"0",NA,"0",NA,NA,NA,"0","0","0","0",NA
"Alcippe_peracensis","0","1","0","0",NA,NA,NA,"0",NA,NA,NA,NA,NA,NA,NA,NA,"0","0","0",NA
"Alcippe_poioicephala","1","1","1","1",NA,NA,NA,"1",NA,"0",NA,NA,NA,NA,NA,NA,"0","0","0",NA
"Alcippe_pyrrhoptera","1","0","1","0",NA,NA,NA,"1",NA,NA,NA,NA,NA,NA,NA,NA,"0","0","0",NA
"Alcippe_ruficapilla","0","1","0","0",NA,NA,NA,"0",NA,NA,NA,NA,NA,NA,NA,NA,"0","0","0",NA
"Alcippe_rufogularis","0","2","0","0",NA,NA,NA,"0",NA,"0",NA,NA,NA,NA,NA,NA,"0","0","0",NA
"Alcippe_striaticollis","0","1","0","0",NA,NA,NA,"0",NA,NA,NA,NA,NA,NA,NA,NA,"0","0","0",NA
"Alcippe_variegaticeps","0","2","0","0",NA,NA,NA,"0",NA,"0",NA,NA,NA,NA,NA,NA,"0","0","0",NA
"Alcippe_vinipectus","0","2","0","0",NA,NA,NA,"0",NA,NA,NA,"0",NA,NA,NA,"0","0","0","0",NA
"Aleadryas_rufinucha","0","1","0","0",NA,NA,NA,"0",NA,NA,NA,NA,NA,NA,NA,NA,"0","0","0",NA
"Alectoris_barbara","0","1","0","0",NA,NA,NA,"0",NA,NA,NA,NA,NA,NA,NA,NA,"0","0","0",NA
"Alectoris_chukar","0","3","0","0",NA,NA,NA,"0",NA,"0",NA,"0",NA,NA,NA,"1","0","0","0",NA
"Alectoris_graeca","0","3","0","0",NA,NA,NA,"0",NA,"0",NA,"0",NA,NA,NA,"1","0","0","0",NA
"Alectoris_magna","0","2","0","0",NA,NA,NA,"0",NA,"0",NA,NA,NA,NA,NA,NA,"0","0","0",NA
"Alectoris_melanocephala","0","2","0","0",NA,NA,NA,"0",NA,NA,NA,"0",NA,NA,NA,"1","0","0","0",NA
"Alectoris_philbyi","0","1","0","0",NA,NA,NA,"0",NA,NA,NA,NA,NA,NA,NA,NA,"0","0","0",NA
"Alectoris_rufa","0","2","0","0",NA,NA,NA,"0",NA,NA,NA,"0",NA,NA,NA,"1","0","0","0",NA
"Alectroenas_madagascariensis","0","2","0","0",NA,NA,NA,"0",NA,NA,NA,"0",NA,NA,NA,"0","0","0","0",NA
"Alectroenas_pulcherrima","0","2","0","0",NA,NA,NA,"0",NA,"0",NA,NA,NA,NA,NA,NA,"0","0","0",NA
"Alectroenas_sganzini","0","1","0","0",NA,NA,NA,"0",NA,NA,NA,NA,NA,NA,NA,NA,"0","0","0",NA
"Alectrurus_risora","0","1","0","0",NA,NA,NA,"0",NA,NA,NA,NA,NA,NA,NA,NA,"0","0","0",NA
"Alectrurus_tricolor","0","1","0","0",NA,NA,NA,"0",NA,NA,NA,NA,NA,NA,NA,NA,"0","0","0",NA
"Alectura_lathami","0","4","0","0",NA,"0",NA,"0",NA,"0",NA,"0",NA,NA,NA,"0","0","0","0",NA
"Alethe_choloensis","0","1","0","0",NA,NA,NA,"0",NA,NA,NA,NA,NA,NA,NA,NA,"0","0","0",NA
"Alethe_diademata","0","2","0","0",NA,NA,NA,"0",NA,"0",NA,NA,NA,NA,NA,NA,"0","0","0",NA
"Alethe_fuelleborni","0","3","0","0",NA,NA,NA,"0",NA,"0",NA,"0",NA,NA,NA,"1","0","0","0",NA
"Alethe_poliocephala","0","1","0","0",NA,NA,NA,"0",NA,NA,NA,NA,NA,NA,NA,NA,"0","0","0",NA
"Alethe_poliophrys","0","1","0","0",NA,NA,NA,"0",NA,NA,NA,NA,NA,NA,NA,NA,"0","0","0",NA
"Alipiopsitta_xanthops","0","1","0","0",NA,NA,NA,"0",NA,NA,NA,NA,NA,NA,NA,NA,"0","0","0",NA
"Alisterus_amboinensis","0","1","0","0",NA,NA,NA,"0",NA,NA,NA,NA,NA,NA,NA,NA,"0","0","0",NA
"Alisterus_chloropterus","0","1","0","0",NA,NA,NA,"0",NA,NA,NA,NA,NA,NA,NA,NA,"0","0","0",NA
"Alisterus_scapularis","0","3","0","0",NA,NA,NA,"0",NA,"0",NA,"0",NA,NA,NA,"1","0","0","0",NA
"Alle_alle","0","2","0","0",NA,"0",NA,NA,NA,"0",NA,NA,NA,NA,NA,NA,"0","0","0",NA
"Alophoixus_affinis","0","1","0","0",NA,NA,NA,"0",NA,NA,NA,NA,NA,NA,NA,NA,"0","0","0",NA
"Alophoixus_bres","0","1","0","0",NA,NA,NA,"0",NA,NA,NA,NA,NA,NA,NA,NA,"0","0","0",NA
"Alophoixus_finschii","0","2","0","0",NA,NA,NA,"0",NA,"0",NA,NA,NA,NA,NA,NA,"0","0","0",NA
"Alophoixus_flaveolus","0","2","0","0",NA,NA,NA,"0",NA,"0",NA,NA,NA,NA,NA,NA,"0","0","0",NA
"Alophoixus_ochraceus","0","2","0","0",NA,NA,NA,"0",NA,"0",NA,NA,NA,NA,NA,NA,"0","0","0",NA
"Alophoixus_pallidus","1","1","3","1",NA,NA,NA,"1",NA,"0","1","1","K",NA,"K","1","2","0","0","Kin"
"Alophoixus_phaeocephalus","0","2","0","0",NA,NA,NA,"0",NA,NA,NA,"0",NA,NA,NA,"0","0","0","0",NA
"Alopochelidon_fucata","0","2","0","0",NA,NA,NA,"0",NA,"0",NA,NA,NA,NA,NA,NA,"0","0","0",NA
"Alopochen_aegyptiaca","0","2","0","0",NA,NA,NA,"0",NA,"0",NA,NA,NA,NA,NA,NA,"0","0","0",NA
"Amadina_erythrocephala","0","2","0","0",NA,NA,NA,"0",NA,"0",NA,NA,NA,NA,NA,NA,"0","0","0",NA
"Amadina_fasciata","0","2","0","0",NA,NA,NA,"0",NA,"0",NA,NA,NA,NA,NA,NA,"0","0","0",NA
"Amalocichla_incerta","0","1","0","0",NA,NA,NA,"0",NA,NA,NA,NA,NA,NA,NA,NA,"0","0","0",NA
"Amalocichla_sclateriana","0","1","0","0",NA,NA,NA,"0",NA,NA,NA,NA,NA,NA,NA,NA,"0","0","0",NA
"Amandava_amandava","0","3","0","0",NA,NA,NA,"0",NA,"0",NA,"0",NA,NA,NA,"0","0","0","0",NA
"Amandava_formosa","0","2","0","0",NA,NA,NA,"0",NA,"0",NA,NA,NA,NA,NA,NA,"0","0","0",NA
"Amandava_subflava","0","3","0","0",NA,NA,NA,"0",NA,"0",NA,"0",NA,NA,NA,"1","0","0","0",NA
"Amaurocichla_bocagei","0","1","0","0",NA,NA,NA,"0",NA,NA,NA,NA,NA,NA,NA,NA,"0","0","0",NA
"Amaurolimnas_concolor","0","1","0","0",NA,NA,NA,"0",NA,NA,NA,NA,NA,NA,NA,NA,"0","0","0",NA
"Amaurornis_akool","0","2","0","0",NA,NA,NA,"0",NA,"0",NA,NA,NA,NA,NA,NA,"0","0","0",NA
"Amaurornis_bicolor","0","2","0","0",NA,NA,NA,"0",NA,"0",NA,NA,NA,NA,NA,NA,"0","0","0",NA
"Amaurornis_flavirostra","1","0","3","0",NA,NA,NA,"1",NA,"1","1",NA,"K",NA,NA,NA,"1","0","0","Kin"
"Amaurornis_isabellina","0","1","0","0",NA,NA,NA,"0",NA,NA,NA,NA,NA,NA,NA,NA,"0","0","0",NA
"Amaurornis_magnirostris",NA,"0","0","0",NA,NA,NA,NA,NA,NA,NA,NA,NA,NA,NA,NA,"0","0","0",NA
"Amaurornis_moluccana","0","2","0","0",NA,NA,NA,"0",NA,"0",NA,NA,NA,NA,NA,NA,"0","0","0",NA
"Amaurornis_olivacea","0","1","0","0",NA,NA,NA,"0",NA,NA,NA,NA,NA,NA,NA,NA,"0","0","0",NA
"Amaurornis_olivieri","0","1","0","0",NA,NA,NA,"0",NA,NA,NA,NA,NA,NA,NA,NA,"0","0","0",NA
"Amaurornis_phoenicurus","0","2","0","0",NA,NA,NA,"0",NA,"0",NA,NA,NA,NA,NA,NA,"0","0","0",NA
"Amaurospiza_concolor","0","2","0","0",NA,NA,NA,"0",NA,NA,NA,"0",NA,NA,NA,"1","0","0","0",NA
"Amaurospiza_moesta","0","2","0","0",NA,NA,NA,"0",NA,NA,NA,"0",NA,NA,NA,"0","0","0","0",NA
"Amazilia_amabilis","0","3","0","0",NA,NA,NA,"0",NA,"0",NA,"0",NA,NA,NA,"0","0","0","0",NA
"Amazilia_amazilia","0","2","0","0",NA,NA,NA,"0",NA,"0",NA,NA,NA,NA,NA,NA,"0","0","0",NA
"Amazilia_beryllina","0","3","0","0",NA,NA,NA,"0",NA,"0",NA,"0",NA,NA,NA,"0","0","0","0",NA
"Amazilia_boucardi","0","2","0","0",NA,NA,NA,"0",NA,"0",NA,NA,NA,NA,NA,NA,"0","0","0",NA
"Amazilia_candida","0","3","0","0",NA,NA,NA,"0",NA,"0",NA,"0",NA,NA,NA,"0","0","0","0",NA
"Amazilia_castaneiventris","0","1","0","0",NA,NA,NA,"0",NA,NA,NA,NA,NA,NA,NA,NA,"0","0","0",NA
"Amazilia_chionogaster","0","2","0","0",NA,NA,NA,"0",NA,"0",NA,NA,NA,NA,NA,NA,"0","0","0",NA
"Amazilia_cyanifrons","0","3","0","0",NA,NA,NA,"0",NA,"0",NA,"0",NA,NA,NA,"0","0","0","0",NA
"Amazilia_cyanocephala","0","3","0","0",NA,NA,NA,"0",NA,"0",NA,"0",NA,NA,NA,"0","0","0","0",NA
"Amazilia_cyanura","0","2","0","0",NA,NA,NA,"0",NA,NA,NA,"0",NA,NA,NA,"0","0","0","0",NA
"Amazilia_decora","0","1","0","0",NA,NA,NA,NA,NA,NA,NA,"0",NA,NA,NA,"0","0","0","0",NA
"Amazilia_edward","0","2","0","0",NA,NA,NA,"0",NA,"0",NA,NA,NA,NA,NA,NA,"0","0","0",NA
"Amazilia_fimbriata","0","2","0","0",NA,NA,NA,"0",NA,"0",NA,NA,NA,NA,NA,NA,"0","0","0",NA
"Amazilia_franciae","0","2","0","0",NA,NA,NA,"0",NA,"0",NA,NA,NA,NA,NA,NA,"0","0","0",NA
"Amazilia_lactea","0","2","0","0",NA,NA,NA,"0",NA,"0",NA,NA,NA,NA,NA,NA,"0","0","0",NA
"Amazilia_leucogaster","0","2","0","0",NA,NA,NA,"0",NA,"0",NA,NA,NA,NA,NA,NA,"0","0","0",NA
"Amazilia_luciae","0","2","0","0",NA,NA,NA,"0",NA,"0",NA,NA,NA,NA,NA,NA,"0","0","0",NA
"Amazilia_rosenbergi","0","2","0","0",NA,NA,NA,"0",NA,"0",NA,NA,NA,NA,NA,NA,"0","0","0",NA
"Amazilia_rutila","0","3","0","0",NA,NA,NA,"0",NA,"0",NA,"0",NA,NA,NA,"0","0","0","0",NA
"Amazilia_saucerrottei","0","3","0","0",NA,NA,NA,"0",NA,"0",NA,"0",NA,NA,NA,"0","0","0","0",NA
"Amazilia_tobaci","0","2","0","0",NA,NA,NA,"0",NA,"0",NA,NA,NA,NA,NA,NA,"0","0","0",NA
"Amazilia_tzacatl","0","3","0","0",NA,NA,NA,"0",NA,"0",NA,"0",NA,NA,NA,"0","0","0","0",NA
"Amazilia_versicolor","0","2","0","0",NA,NA,NA,"0",NA,"0",NA,NA,NA,NA,NA,NA,"0","0","0",NA
"Amazilia_violiceps","0","3","0","0",NA,NA,NA,"0",NA,"0",NA,"0",NA,NA,NA,"0","0","0","0",NA
"Amazilia_viridicauda","0","2","0","0",NA,NA,NA,"0",NA,"0",NA,NA,NA,NA,NA,NA,"0","0","0",NA
"Amazilia_viridifrons","0","3","0","0",NA,NA,NA,"0",NA,"0",NA,"0",NA,NA,NA,"0","0","0","0",NA
"Amazilia_viridigaster","0","2","0","0",NA,NA,NA,"0",NA,"0",NA,NA,NA,NA,NA,NA,"0","0","0",NA
"Amazilia_yucatanensis","0","3","0","0",NA,NA,NA,"0",NA,"0",NA,"0",NA,NA,NA,"0","0","0","0",NA
"Amazona_aestiva","0","2","0","0",NA,NA,NA,"0",NA,"0",NA,NA,NA,NA,NA,NA,"0","0","0",NA
"Amazona_agilis","0","2","0","0",NA,NA,NA,"0",NA,"0",NA,NA,NA,NA,NA,NA,"0","0","0",NA
"Amazona_albifrons","0","2","0","0",NA,NA,NA,"0",NA,"0",NA,NA,NA,NA,NA,NA,"0","0","0",NA
"Amazona_amazonica","0","2","0","0",NA,NA,NA,"0",NA,"0",NA,NA,NA,NA,NA,NA,"0","0","0",NA
"Amazona_arausiaca","0","2","0","0",NA,NA,NA,"0",NA,"0",NA,NA,NA,NA,NA,NA,"0","0","0",NA
"Amazona_auropalliata","0","1","0","0",NA,NA,NA,NA,NA,"0",NA,NA,NA,NA,NA,NA,"0","0","0",NA
"Amazona_autumnalis","0","2","0","0",NA,NA,NA,"0",NA,"0",NA,NA,NA,NA,NA,NA,"0","0","0",NA
"Amazona_barbadensis","0","2","0","0",NA,NA,NA,"0",NA,"0",NA,NA,NA,NA,NA,NA,"0","0","0",NA
"Amazona_brasiliensis","0","2","0","0",NA,NA,NA,"0",NA,"0",NA,NA,NA,NA,NA,NA,"0","0","0",NA
"Amazona_collaria","0","2","0","0",NA,NA,NA,"0",NA,"0",NA,NA,NA,NA,NA,NA,"0","0","0",NA
"Amazona_dufresniana","0","2","0","0",NA,NA,NA,"0",NA,"0",NA,NA,NA,NA,NA,NA,"0","0","0",NA
"Amazona_farinosa","0","2","0","0",NA,NA,NA,"0",NA,"0",NA,NA,NA,NA,NA,NA,"0","0","0",NA
"Amazona_festiva","0","1","0","0",NA,NA,NA,"0",NA,NA,NA,NA,NA,NA,NA,NA,"0","0","0",NA
"Amazona_finschi","0","1","0","0",NA,NA,NA,"0",NA,NA,NA,NA,NA,NA,NA,NA,"0","0","0",NA
"Amazona_guildingii","0","2","0","0",NA,NA,NA,"0",NA,"0",NA,NA,NA,NA,NA,NA,"0","0","0",NA
"Amazona_imperialis","0","2","0","0",NA,NA,NA,"0",NA,"0",NA,NA,NA,NA,NA,NA,"0","0","0",NA
"Amazona_kawalli","0","1","0","0",NA,NA,NA,"0",NA,NA,NA,NA,NA,NA,NA,NA,"0","0","0",NA
"Amazona_leucocephala","0","2","0","0",NA,NA,NA,"0",NA,"0",NA,NA,NA,NA,NA,NA,"0","0","0",NA
"Amazona_mercenaria","0","2","0","0",NA,NA,NA,"0",NA,"0",NA,NA,NA,NA,NA,NA,"0","0","0",NA
"Amazona_ochrocephala","0","2","0","0",NA,NA,NA,"0",NA,"0",NA,NA,NA,NA,NA,NA,"0","0","0",NA
"Amazona_oratrix",NA,"0","0","0",NA,NA,NA,NA,NA,NA,NA,NA,NA,NA,NA,NA,"0","0","0",NA
"Amazona_pretrei","0","2","0","0",NA,NA,NA,"0",NA,"0",NA,NA,NA,NA,NA,NA,"0","0","0",NA
"Amazona_rhodocorytha","0","1","0","0",NA,NA,NA,"0",NA,NA,NA,NA,NA,NA,NA,NA,"0","0","0",NA
"Amazona_tucumana","0","1","0","0",NA,NA,NA,"0",NA,NA,NA,NA,NA,NA,NA,NA,"0","0","0",NA
"Amazona_ventralis","0","2","0","0",NA,NA,NA,"0",NA,"0",NA,NA,NA,NA,NA,NA,"0","0","0",NA
"Amazona_versicolor","0","2","0","0",NA,NA,NA,"0",NA,"0",NA,NA,NA,NA,NA,NA,"0","0","0",NA
"Amazona_vinacea","0","2","0","0",NA,NA,NA,"0",NA,"0",NA,NA,NA,NA,NA,NA,"0","0","0",NA
"Amazona_viridigenalis","0","1","0","0",NA,NA,NA,"0",NA,NA,NA,NA,NA,NA,NA,NA,"0","0","0",NA
"Amazona_vittata","0","2","0","0",NA,NA,NA,"0",NA,"0",NA,NA,NA,NA,NA,NA,"0","0","0",NA
"Amazona_xantholora","0","1","0","0",NA,NA,NA,"0",NA,NA,NA,NA,NA,NA,NA,NA,"0","0","0",NA
"Amazonetta_brasiliensis","0","2","0","0",NA,NA,NA,"0",NA,"0",NA,NA,NA,NA,NA,NA,"0","0","0",NA
"Amblycercus_holosericeus","0","2","0","0",NA,NA,NA,"0",NA,NA,NA,"0",NA,NA,NA,"1","0","0","0",NA
"Amblyornis_flavifrons","0","1","0","0",NA,NA,NA,"0",NA,NA,NA,NA,NA,NA,NA,NA,"0","0","0",NA
"Amblyornis_inornata","0","2","0","0",NA,NA,NA,"0",NA,"0",NA,NA,NA,NA,NA,NA,"0","0","0",NA
"Amblyornis_macgregoriae","0","2","0","0",NA,NA,NA,"0",NA,"0",NA,NA,NA,NA,NA,NA,"0","0","0",NA
"Amblyornis_subalaris","0","2","0","0",NA,NA,NA,"0",NA,"0",NA,NA,NA,NA,NA,NA,"0","0","0",NA
"Amblyospiza_albifrons","0","3","0","0",NA,NA,NA,"0",NA,"0",NA,"0",NA,NA,NA,"0","0","0","0",NA
"Amblyramphus_holosericeus","0","2","0","0",NA,NA,NA,"0",NA,"0",NA,NA,NA,NA,NA,NA,"0","0","0",NA
"Ammodramus_aurifrons","0","1","0","0",NA,NA,NA,"0",NA,NA,NA,NA,NA,NA,NA,NA,"0","0","0",NA
"Ammodramus_bairdii","0","2","0","0",NA,NA,NA,"0",NA,"0",NA,NA,NA,NA,NA,NA,"0","0","0",NA
"Ammodramus_caudacutus","0","4","0","0",NA,NA,"0","0",NA,"0",NA,"0",NA,NA,NA,"0","0","0","0",NA
"Ammodramus_henslowii","0","1","0","0",NA,NA,NA,"0",NA,NA,NA,NA,NA,NA,NA,NA,"0","0","0",NA
"Ammodramus_humeralis","0","1","0","0",NA,NA,NA,"0",NA,NA,NA,NA,NA,NA,NA,NA,"0","0","0",NA
"Ammodramus_leconteii","0","3","0","0",NA,NA,NA,"0",NA,"0",NA,"0",NA,NA,NA,"0","0","0","0",NA
"Ammodramus_maritimus","0","5","0","0",NA,"0","0","0",NA,"0",NA,"0",NA,NA,NA,"0","0","0","0",NA
"Ammodramus_nelsoni","0","1","0","0",NA,NA,NA,"0",NA,NA,NA,NA,NA,NA,NA,NA,"0","0","0",NA
"Ammodramus_savannarum","1","0","4","0",NA,NA,NA,"1",NA,"1","1","1","NK",NA,"NK","0","0","2","0","NonKin"
"Ammomanes_cinctura","0","2","0","0",NA,NA,NA,"0",NA,"0",NA,NA,NA,NA,NA,NA,"0","0","0",NA
"Ammomanes_deserti","0","1","0","0",NA,NA,NA,"0",NA,NA,NA,NA,NA,NA,NA,NA,"0","0","0",NA
"Ammomanes_grayi","1","1","2","1",NA,NA,NA,"1",NA,"0",NA,"1",NA,NA,"K","1","1","0","0","Kin"
"Ammomanes_phoenicura","0","2","0","0",NA,NA,NA,"0",NA,"0",NA,NA,NA,NA,NA,NA,"0","0","0",NA
"Ammoperdix_griseogularis","0","3","0","0",NA,NA,NA,"0",NA,"0",NA,"0",NA,NA,NA,"1","0","0","0",NA
"Ammoperdix_heyi","0","2","0","0",NA,NA,NA,"0",NA,"0",NA,NA,NA,NA,NA,NA,"0","0","0",NA
"Ampeliceps_coronatus","0","1","0","0",NA,NA,NA,"0",NA,NA,NA,NA,NA,NA,NA,NA,"0","0","0",NA
"Ampelioides_tschudii","0","2","0","0",NA,NA,NA,"0",NA,"0",NA,NA,NA,NA,NA,NA,"0","0","0",NA
"Ampelion_rubrocristatus","0","1","0","0",NA,NA,NA,"0",NA,NA,NA,NA,NA,NA,NA,NA,"0","0","0",NA
"Ampelion_rufaxilla","0","2","0","0",NA,NA,NA,"0",NA,NA,NA,"0",NA,NA,NA,"0","0","0","0",NA
"Amphilais_seebohmi",NA,"0","0","0",NA,NA,NA,NA,NA,NA,NA,NA,NA,NA,NA,NA,"0","0","0",NA
"Amphispiza_belli","0","2","0","0",NA,NA,NA,"0",NA,"0",NA,NA,NA,NA,NA,NA,"0","0","0",NA
"Amphispiza_bilineata","0","3","0","0",NA,NA,NA,"0",NA,"0",NA,"0",NA,NA,NA,"0","0","0","0",NA
"Amytornis_ballarae","1","0","1","0",NA,NA,NA,NA,NA,NA,NA,"1",NA,NA,"K","1","1","0","0","Kin"
"Amytornis_barbatus","1","1","2","1",NA,NA,NA,"1",NA,"0",NA,"1",NA,NA,"K","1","1","0","0","Kin"
"Amytornis_dorotheae","1","1","1","1",NA,NA,NA,"1",NA,"0",NA,NA,NA,NA,NA,NA,"0","0","0",NA
"Amytornis_goyderi","1","0","1","0",NA,NA,NA,"1",NA,NA,NA,NA,NA,NA,NA,NA,"0","0","0",NA
"Amytornis_housei","1","0","3","0",NA,NA,NA,"1",NA,"1",NA,"1",NA,NA,"K","1","1","0","0","Kin"
"Amytornis_purnelli","1","1","2","1","1",NA,NA,"1",NA,"0",NA,NA,NA,NA,NA,NA,"0","0","0",NA
"Amytornis_striatus","1","0","3","0",NA,NA,NA,"1",NA,"1",NA,"1",NA,NA,"K","1","1","0","0","Kin"
"Amytornis_textilis","1","0","3","0",NA,NA,NA,"1",NA,"1",NA,"1",NA,NA,"K","1","1","0","0","Kin"
"Amytornis_woodwardi","1","0","3","0",NA,NA,NA,"1",NA,"1",NA,"1",NA,NA,"K","1","1","0","0","Kin"
"Anabacerthia_amaurotis","0","1","0","0",NA,NA,NA,"0",NA,NA,NA,NA,NA,NA,NA,NA,"0","0","0",NA
"Anabacerthia_striaticollis","0","1","0","0",NA,NA,NA,"0",NA,NA,NA,NA,NA,NA,NA,NA,"0","0","0",NA
"Anabacerthia_variegaticeps","0","1","0","0",NA,NA,NA,"0",NA,NA,NA,NA,NA,NA,NA,NA,"0","0","0",NA
"Anabazenops_fuscus","0","1","0","0",NA,NA,NA,"0",NA,NA,NA,NA,NA,NA,NA,NA,"0","0","0",NA
"Anairetes_agilis","0","1","0","0",NA,NA,NA,"0",NA,NA,NA,NA,NA,NA,NA,NA,"0","0","0",NA
"Anairetes_agraphia","0","1","0","0",NA,NA,NA,"0",NA,NA,NA,NA,NA,NA,NA,NA,"0","0","0",NA
"Anairetes_alpinus","0","1","0","0",NA,NA,NA,"0",NA,NA,NA,NA,NA,NA,NA,NA,"0","0","0",NA
"Anairetes_fernandezianus",NA,"0","0","0",NA,NA,NA,NA,NA,NA,NA,NA,NA,NA,NA,NA,"0","0","0",NA
"Anairetes_flavirostris","0","2","0","0",NA,NA,NA,"0",NA,"0",NA,NA,NA,NA,NA,NA,"0","0","0",NA
"Anairetes_nigrocristatus","0","1","0","0",NA,NA,NA,"0",NA,NA,NA,NA,NA,NA,NA,NA,"0","0","0",NA
"Anairetes_parulus","0","3","0","0",NA,NA,NA,"0",NA,"0",NA,"0",NA,NA,NA,"1","0","0","0",NA
"Anairetes_reguloides","0","1","0","0",NA,NA,NA,"0",NA,NA,NA,NA,NA,NA,NA,NA,"0","0","0",NA
"Anaplectes_rubriceps","0","3","0","0",NA,NA,NA,"0",NA,"0",NA,"0",NA,NA,NA,"0","0","0","0",NA
"Anarhynchus_frontalis","0","3","0","0",NA,NA,NA,"0",NA,"0",NA,"0",NA,NA,NA,"0","0","0","0",NA
"Anas_acuta","0","3","0","0",NA,NA,NA,"0",NA,"0",NA,"0",NA,NA,NA,"0","0","0","0",NA
"Anas_americana","0","3","0","0",NA,NA,NA,"0",NA,"0",NA,"0",NA,NA,NA,"0","0","0","0",NA
"Anas_aucklandica","0","2","0","0",NA,NA,NA,"0",NA,"0",NA,NA,NA,NA,NA,NA,"0","0","0",NA
"Anas_bahamensis","0","2","0","0",NA,NA,NA,"0",NA,"0",NA,NA,NA,NA,NA,NA,"0","0","0",NA
"Anas_bernieri","0","2","0","0",NA,NA,NA,"0",NA,"0",NA,NA,NA,NA,NA,NA,"0","0","0",NA
"Anas_capensis","0","2","0","0",NA,NA,NA,"0",NA,"0",NA,NA,NA,NA,NA,NA,"0","0","0",NA
"Anas_castanea","0","2","0","0",NA,NA,NA,"0",NA,"0",NA,NA,NA,NA,NA,NA,"0","0","0",NA
"Anas_clypeata","0","2","0","0",NA,NA,NA,"0",NA,"0",NA,NA,NA,NA,NA,NA,"0","0","0",NA
"Anas_crecca","0","2","0","0",NA,NA,NA,"0",NA,"0",NA,NA,NA,NA,NA,NA,"0","0","0",NA
"Anas_cyanoptera","0","3","0","0",NA,NA,NA,"0",NA,"0",NA,"0",NA,NA,NA,"0","0","0","0",NA
"Anas_discors","0","3","0","0",NA,NA,NA,"0",NA,"0",NA,"0",NA,NA,NA,"0","0","0","0",NA
"Anas_eatoni","0","1","0","0",NA,NA,NA,NA,NA,"0",NA,NA,NA,NA,NA,NA,"0","0","0",NA
"Anas_erythrorhyncha","0","3","0","0",NA,NA,NA,"0",NA,"0",NA,"0",NA,NA,NA,"0","0","0","0",NA
"Anas_falcata","0","2","0","0",NA,NA,NA,"0",NA,"0",NA,NA,NA,NA,NA,NA,"0","0","0",NA
"Anas_flavirostris","0","2","0","0",NA,NA,NA,"0",NA,"0",NA,NA,NA,NA,NA,NA,"0","0","0",NA
"Anas_formosa","0","2","0","0",NA,NA,NA,"0",NA,"0",NA,NA,NA,NA,NA,NA,"0","0","0",NA
"Anas_fulvigula","0","2","0","0",NA,NA,NA,NA,NA,"0",NA,"0",NA,NA,NA,"0","0","0","0",NA
"Anas_georgica","0","2","0","0",NA,NA,NA,"0",NA,"0",NA,NA,NA,NA,NA,NA,"0","0","0",NA
"Anas_gibberifrons","0","1","0","0",NA,NA,NA,"0",NA,NA,NA,NA,NA,NA,NA,NA,"0","0","0",NA
"Anas_gracilis","0","2","0","0",NA,NA,NA,NA,NA,"0",NA,"0",NA,NA,NA,"0","0","0","0",NA
"Anas_hottentota","0","2","0","0",NA,NA,NA,"0",NA,"0",NA,NA,NA,NA,NA,NA,"0","0","0",NA
"Anas_laysanensis","0","1","0","0",NA,NA,NA,NA,NA,"0",NA,NA,NA,NA,NA,NA,"0","0","0",NA
"Anas_luzonica","0","1","0","0",NA,NA,NA,"0",NA,NA,NA,NA,NA,NA,NA,NA,"0","0","0",NA
"Anas_melleri","0","1","0","0",NA,NA,NA,"0",NA,NA,NA,NA,NA,NA,NA,NA,"0","0","0",NA
"Anas_penelope","0","2","0","0",NA,NA,NA,"0",NA,"0",NA,NA,NA,NA,NA,NA,"0","0","0",NA
"Anas_platalea","0","1","0","0",NA,NA,NA,"0",NA,NA,NA,NA,NA,NA,NA,NA,"0","0","0",NA
"Anas_platyrhynchos","0","5","0","0",NA,"0","0","0",NA,"0",NA,"0",NA,NA,NA,"0","0","0","0",NA
"Anas_poecilorhyncha","0","1","0","0",NA,NA,NA,"0",NA,NA,NA,NA,NA,NA,NA,NA,"0","0","0",NA
"Anas_puna",NA,"0","0","0",NA,NA,NA,NA,NA,NA,NA,NA,NA,NA,NA,NA,"0","0","0",NA
"Anas_querquedula","0","2","0","0",NA,NA,NA,"0",NA,"0",NA,NA,NA,NA,NA,NA,"0","0","0",NA
"Anas_rhynchotis","0","3","0","0",NA,NA,NA,"0",NA,"0",NA,"0",NA,NA,NA,"0","0","0","0",NA
"Anas_rubripes","0","3","0","0",NA,NA,NA,"0",NA,"0",NA,"0",NA,NA,NA,"0","0","0","0",NA
"Anas_sibilatrix","0","2","0","0",NA,NA,NA,"0",NA,"0",NA,NA,NA,NA,NA,NA,"0","0","0",NA
"Anas_smithii","0","2","0","0",NA,NA,NA,"0",NA,"0",NA,NA,NA,NA,NA,NA,"0","0","0",NA
"Anas_sparsa","0","3","0","0",NA,NA,NA,"0",NA,"0",NA,"0",NA,NA,NA,"1","0","0","0",NA
"Anas_strepera","0","4","0","0",NA,NA,"0","0",NA,"0",NA,"0",NA,NA,NA,"0","0","0","0",NA
"Anas_superciliosa","0","3","0","0",NA,NA,NA,"0",NA,"0",NA,"0",NA,NA,NA,"0","0","0","0",NA
"Anas_undulata","0","3","0","0",NA,NA,NA,"0",NA,"0",NA,"0",NA,NA,NA,"0","0","0","0",NA
"Anas_versicolor","0","2","0","0",NA,NA,NA,"0",NA,"0",NA,NA,NA,NA,NA,NA,"0","0","0",NA
"Anas_wyvilliana","0","1","0","0",NA,NA,NA,NA,NA,"0",NA,NA,NA,NA,NA,NA,"0","0","0",NA
"Anastomus_lamelligerus","0","2","0","0",NA,NA,NA,"0",NA,"0",NA,NA,NA,NA,NA,NA,"0","0","0",NA
"Anastomus_oscitans","0","1","0","0",NA,NA,NA,"0",NA,NA,NA,NA,NA,NA,NA,NA,"0","0","0",NA
"Ancistrops_strigilatus","0","1","0","0",NA,NA,NA,"0",NA,NA,NA,NA,NA,NA,NA,NA,"0","0","0",NA
"Andigena_cucullata","0","1","0","0",NA,NA,NA,"0",NA,NA,NA,NA,NA,NA,NA,NA,"0","0","0",NA
"Andigena_hypoglauca","0","1","0","0",NA,NA,NA,"0",NA,NA,NA,NA,NA,NA,NA,NA,"0","0","0",NA
"Andigena_laminirostris","0","2","0","0",NA,NA,NA,"0",NA,"0",NA,NA,NA,NA,NA,NA,"0","0","0",NA
"Andigena_nigrirostris","0","2","0","0",NA,NA,NA,"0",NA,NA,NA,"0",NA,NA,NA,"1","0","0","0",NA
"Androdon_aequatorialis","0","3","0","0",NA,NA,NA,"0",NA,"0",NA,"0",NA,NA,NA,"0","0","0","0",NA
"Andropadus_ansorgei","0","2","0","0",NA,NA,NA,"0",NA,NA,NA,"0",NA,NA,NA,"1","0","0","0",NA
"Andropadus_curvirostris","0","1","0","0",NA,NA,NA,"0",NA,NA,NA,NA,NA,NA,NA,NA,"0","0","0",NA
"Andropadus_gracilirostris","0","2","0","0",NA,NA,NA,"0",NA,NA,NA,"0",NA,NA,NA,"1","0","0","0",NA
"Andropadus_gracilis","0","2","0","0",NA,NA,NA,"0",NA,NA,NA,"0",NA,NA,NA,"1","0","0","0",NA
"Andropadus_importunus","0","3","0","0",NA,NA,NA,"0",NA,"0",NA,"0",NA,NA,NA,"0","0","0","0",NA
"Andropadus_latirostris","0","2","0","0",NA,NA,NA,"0",NA,"0",NA,NA,NA,NA,NA,NA,"0","0","0",NA
"Andropadus_masukuensis","0","1","0","0",NA,NA,NA,"0",NA,NA,NA,NA,NA,NA,NA,NA,"0","0","0",NA
"Andropadus_milanjensis","0","2","0","0",NA,NA,NA,"0",NA,"0",NA,NA,NA,NA,NA,NA,"0","0","0",NA
"Andropadus_montanus","0","1","0","0",NA,NA,NA,"0",NA,NA,NA,NA,NA,NA,NA,NA,"0","0","0",NA
"Andropadus_nigriceps","0","2","0","0",NA,NA,NA,NA,NA,"0",NA,"0",NA,NA,NA,"1","0","0","0",NA
"Andropadus_tephrolaemus","0","3","0","0",NA,NA,NA,"0",NA,"0",NA,"0",NA,NA,NA,"1","0","0","0",NA
"Andropadus_virens","0","2","0","0",NA,NA,NA,"0",NA,"0",NA,NA,NA,NA,NA,NA,"0","0","0",NA
"Androphobus_viridis","0","1","0","0",NA,NA,NA,"0",NA,NA,NA,NA,NA,NA,NA,NA,"0","0","0",NA
"Anhima_cornuta","0","3","0","0",NA,NA,NA,"0",NA,"0",NA,"0",NA,NA,NA,"1","0","0","0",NA
"Anhinga_anhinga","0","2","0","0",NA,NA,NA,"0",NA,"0",NA,NA,NA,NA,NA,NA,"0","0","0",NA
"Anhinga_melanogaster","0","2","0","0",NA,NA,NA,"0",NA,NA,NA,"0",NA,NA,NA,"0","0","0","0",NA
"Anhinga_novaehollandiae","0","1","0","0",NA,NA,NA,NA,NA,"0",NA,NA,NA,NA,NA,NA,"0","0","0",NA
"Anhinga_rufa","0","1","0","0",NA,NA,NA,NA,NA,"0",NA,NA,NA,NA,NA,NA,"0","0","0",NA
"Anisognathus_igniventris","0","1","0","0",NA,NA,NA,"0",NA,NA,NA,NA,NA,NA,NA,NA,"0","0","0",NA
"Anisognathus_lacrymosus","0","1","0","0",NA,NA,NA,"0",NA,NA,NA,NA,NA,NA,NA,NA,"0","0","0",NA
"Anisognathus_melanogenys","0","1","0","0",NA,NA,NA,"0",NA,NA,NA,NA,NA,NA,NA,NA,"0","0","0",NA
"Anisognathus_notabilis","0","1","0","0",NA,NA,NA,"0",NA,NA,NA,NA,NA,NA,NA,NA,"0","0","0",NA
"Anisognathus_somptuosus","0","1","0","0",NA,NA,NA,"0",NA,NA,NA,NA,NA,NA,NA,NA,"0","0","0",NA
"Anodorhynchus_hyacinthinus","0","3","0","0",NA,NA,NA,"0",NA,"0",NA,"0",NA,NA,NA,"1","0","0","0",NA
"Anodorhynchus_leari","0","1","0","0",NA,NA,NA,"0",NA,NA,NA,NA,NA,NA,NA,NA,"0","0","0",NA
"Anomalospiza_imberbis","0","2","0","0",NA,NA,NA,"0",NA,NA,NA,"0",NA,NA,NA,"0","0","0","0",NA
"Anopetia_gounellei","0","3","0","0",NA,NA,NA,"0",NA,"0",NA,"0",NA,NA,NA,"0","0","0","0",NA
"Anorrhinus_austeni","1","0","2","0",NA,NA,NA,"1",NA,NA,"1",NA,"K",NA,NA,NA,"1","0","0","Kin"
"Anorrhinus_galeritus","1","0","4","0",NA,NA,NA,"1",NA,"1","1","1","K",NA,"K","1","2","0","0","Kin"
"Anorrhinus_tickelli","1","0","3","0",NA,NA,NA,"1",NA,"1","1",NA,"K",NA,NA,NA,"1","0","0","Kin"
"Anous_minutus","0","1","0","0",NA,NA,NA,NA,NA,"0",NA,NA,NA,NA,NA,NA,"0","0","0",NA
"Anous_stolidus","0","1","0","0",NA,NA,NA,NA,NA,"0",NA,NA,NA,NA,NA,NA,"0","0","0",NA
"Anous_tenuirostris","0","1","0","0",NA,NA,NA,NA,NA,"0",NA,NA,NA,NA,NA,NA,"0","0","0",NA
"Anser_albifrons","0","2","0","0",NA,NA,NA,"0",NA,NA,NA,"0",NA,NA,NA,"1","0","0","0",NA
"Anser_anser","0","2","0","0",NA,NA,NA,"0",NA,NA,NA,"0",NA,NA,NA,"1","0","0","0",NA
"Anser_brachyrhynchus","0","3","0","0",NA,NA,NA,"0",NA,"0",NA,"0",NA,NA,NA,"1","0","0","0",NA
"Anser_cygnoides","0","2","0","0",NA,NA,NA,"0",NA,"0",NA,NA,NA,NA,NA,NA,"0","0","0",NA
"Anser_erythropus","0","3","0","0",NA,NA,NA,"0",NA,"0",NA,"0",NA,NA,NA,"1","0","0","0",NA
"Anser_fabalis","0","3","0","0",NA,NA,NA,"0",NA,"0",NA,"0",NA,NA,NA,"1","0","0","0",NA
"Anser_indicus","0","3","0","0",NA,NA,NA,"0",NA,"0",NA,"0",NA,NA,NA,"1","0","0","0",NA
"Anseranas_semipalmata","1","0","4","0",NA,NA,NA,"1",NA,"1","1","1","NK",NA,"NK","1","0","2","0","NonKin"
"Anthocephala_floriceps","0","1","0","0",NA,NA,NA,"0",NA,NA,NA,NA,NA,NA,NA,NA,"0","0","0",NA
"Anthochaera_carunculata","0","1","0","0",NA,NA,NA,"0",NA,NA,NA,NA,NA,NA,NA,NA,"0","0","0",NA
"Anthochaera_chrysoptera","1","1","1","1",NA,NA,NA,"1",NA,"0",NA,NA,NA,NA,NA,NA,"0","0","0",NA
"Anthochaera_lunulata",NA,"0","0","0",NA,NA,NA,NA,NA,NA,NA,NA,NA,NA,NA,NA,"0","0","0",NA
"Anthochaera_paradoxa","0","3","0","0",NA,NA,NA,"0",NA,"0",NA,"0",NA,NA,NA,"0","0","0","0",NA
"Anthornis_melanura","0","2","0","0",NA,NA,NA,"0",NA,"0",NA,NA,NA,NA,NA,NA,"0","0","0",NA
"Anthoscopus_caroli","1","1","2","1",NA,NA,NA,"1",NA,"0",NA,"1",NA,NA,"K","1","1","0","0","Kin"
"Anthoscopus_flavifrons","1","1","1","1",NA,NA,NA,"1",NA,"0",NA,NA,NA,NA,NA,NA,"0","0","0",NA
"Anthoscopus_minutus","1","1","3","1",NA,NA,NA,"1",NA,"0","1","1","K",NA,"K","1","2","0","0","Kin"
"Anthoscopus_musculus","1","1","1","1",NA,NA,NA,"1",NA,NA,NA,"0",NA,NA,NA,"1","0","0","0",NA
"Anthoscopus_parvulus","1","0","1","0",NA,NA,NA,"1",NA,NA,NA,NA,NA,NA,NA,NA,"0","0","0",NA
"Anthoscopus_punctifrons","1","0","1","0",NA,NA,NA,"1",NA,NA,NA,NA,NA,NA,NA,NA,"0","0","0",NA
"Anthracoceros_albirostris","0","2","0","0",NA,NA,NA,"0",NA,"0",NA,NA,NA,NA,NA,NA,"0","0","0",NA
"Anthracoceros_coronatus","0","2","0","0",NA,NA,NA,"0",NA,"0",NA,NA,NA,NA,NA,NA,"0","0","0",NA
"Anthracoceros_malayanus","1","0","3","0",NA,NA,NA,"1",NA,"1",NA,"1",NA,NA,"K","1","1","0","0","Kin"
"Anthracoceros_marchei","1","0","1","0",NA,NA,NA,"1",NA,NA,NA,NA,NA,NA,NA,NA,"0","0","0",NA
"Anthracoceros_montani","1","0","1","0",NA,NA,NA,"1",NA,NA,NA,NA,NA,NA,NA,NA,"0","0","0",NA
"Anthracothorax_dominicus","0","2","0","0",NA,NA,NA,"0",NA,NA,NA,"0",NA,NA,NA,"0","0","0","0",NA
"Anthracothorax_mango","0","3","0","0",NA,NA,NA,"0",NA,"0",NA,"0",NA,NA,NA,"0","0","0","0",NA
"Anthracothorax_nigricollis","0","3","0","0",NA,NA,NA,"0",NA,"0",NA,"0",NA,NA,NA,"0","0","0","0",NA
"Anthracothorax_prevostii","0","2","0","0",NA,NA,NA,"0",NA,NA,NA,"0",NA,NA,NA,"0","0","0","0",NA
"Anthracothorax_veraguensis","0","1","0","0",NA,NA,NA,"0",NA,NA,NA,NA,NA,NA,NA,NA,"0","0","0",NA
"Anthracothorax_viridigula","0","3","0","0",NA,NA,NA,"0",NA,"0",NA,"0",NA,NA,NA,"0","0","0","0",NA
"Anthracothorax_viridis","0","2","0","0",NA,NA,NA,"0",NA,NA,NA,"0",NA,NA,NA,"0","0","0","0",NA
"Anthreptes_anchietae","0","1","0","0",NA,NA,NA,"0",NA,NA,NA,NA,NA,NA,NA,NA,"0","0","0",NA
"Anthreptes_aurantium","0","2","0","0",NA,NA,NA,"0",NA,"0",NA,NA,NA,NA,NA,NA,"0","0","0",NA
"Anthreptes_collaris","0","2","0","0",NA,NA,NA,"0",NA,"0",NA,NA,NA,NA,NA,NA,"0","0","0",NA
"Anthreptes_fraseri","0","2","0","0",NA,NA,NA,"0",NA,"0",NA,NA,NA,NA,NA,NA,"0","0","0",NA
"Anthreptes_gabonicus","0","2","0","0",NA,NA,NA,"0",NA,"0",NA,NA,NA,NA,NA,NA,"0","0","0",NA
"Anthreptes_longuemarei","0","3","0","0",NA,NA,NA,"0",NA,"0",NA,"0",NA,NA,NA,"1","0","0","0",NA
"Anthreptes_malacensis","0","2","0","0",NA,NA,NA,"0",NA,"0",NA,NA,NA,NA,NA,NA,"0","0","0",NA
"Anthreptes_metallicus","0","2","0","0",NA,NA,NA,"0",NA,"0",NA,NA,NA,NA,NA,NA,"0","0","0",NA
"Anthreptes_neglectus","0","2","0","0",NA,NA,NA,"0",NA,"0",NA,NA,NA,NA,NA,NA,"0","0","0",NA
"Anthreptes_orientalis","0","1","0","0",NA,NA,NA,"0",NA,NA,NA,NA,NA,NA,NA,NA,"0","0","0",NA
"Anthreptes_pallidigaster","0","2","0","0",NA,NA,NA,"0",NA,"0",NA,NA,NA,NA,NA,NA,"0","0","0",NA
"Anthreptes_platurus","0","2","0","0",NA,NA,NA,"0",NA,"0",NA,NA,NA,NA,NA,NA,"0","0","0",NA
"Anthreptes_rectirostris","1","0","3","0",NA,NA,NA,"1",NA,"1",NA,"1",NA,NA,"K","1","1","0","0","Kin"
"Anthreptes_reichenowi","0","3","0","0",NA,NA,NA,"0",NA,"0",NA,"0",NA,NA,NA,"0","0","0","0",NA
"Anthreptes_rhodolaemus","0","2","0","0",NA,NA,NA,"0",NA,"0",NA,NA,NA,NA,NA,NA,"0","0","0",NA
"Anthreptes_rubritorques","0","2","0","0",NA,NA,NA,"0",NA,"0",NA,NA,NA,NA,NA,NA,"0","0","0",NA
"Anthreptes_simplex","0","1","0","0",NA,NA,NA,"0",NA,NA,NA,NA,NA,NA,NA,NA,"0","0","0",NA
"Anthreptes_singalensis","0","2","0","0",NA,NA,NA,"0",NA,"0",NA,NA,NA,NA,NA,NA,"0","0","0",NA
"Anthus_antarcticus","0","2","0","0",NA,NA,NA,"0",NA,"0",NA,NA,NA,NA,NA,NA,"0","0","0",NA
"Anthus_berthelotii","0","2","0","0",NA,NA,NA,"0",NA,"0",NA,NA,NA,NA,NA,NA,"0","0","0",NA
"Anthus_bogotensis","0","1","0","0",NA,NA,NA,"0",NA,NA,NA,NA,NA,NA,NA,NA,"0","0","0",NA
"Anthus_brachyurus","0","1","0","0",NA,NA,NA,"0",NA,NA,NA,NA,NA,NA,NA,NA,"0","0","0",NA
"Anthus_caffer","0","3","0","0",NA,NA,NA,"0",NA,"0",NA,"0",NA,NA,NA,"0","0","0","0",NA
"Anthus_campestris","0","3","0","0",NA,NA,NA,"0",NA,"0",NA,"0",NA,NA,NA,"0","0","0","0",NA
"Anthus_cervinus","0","2","0","0",NA,NA,NA,"0",NA,"0",NA,NA,NA,NA,NA,NA,"0","0","0",NA
"Anthus_chacoensis","0","1","0","0",NA,NA,NA,"0",NA,NA,NA,NA,NA,NA,NA,NA,"0","0","0",NA
"Anthus_chloris","0","1","0","0",NA,NA,NA,"0",NA,NA,NA,NA,NA,NA,NA,NA,"0","0","0",NA
"Anthus_correndera","0","2","0","0",NA,NA,NA,"0",NA,"0",NA,NA,NA,NA,NA,NA,"0","0","0",NA
"Anthus_crenatus","0","3","0","0",NA,NA,NA,"0",NA,"0",NA,"0",NA,NA,NA,"0","0","0","0",NA
"Anthus_furcatus","0","3","0","0",NA,NA,NA,"0",NA,"0",NA,"0",NA,NA,NA,"0","0","0","0",NA
"Anthus_godlewskii","0","2","0","0",NA,NA,NA,"0",NA,"0",NA,NA,NA,NA,NA,NA,"0","0","0",NA
"Anthus_gustavi","0","2","0","0",NA,NA,NA,"0",NA,"0",NA,NA,NA,NA,NA,NA,"0","0","0",NA
"Anthus_gutturalis","0","1","0","0",NA,NA,NA,"0",NA,NA,NA,NA,NA,NA,NA,NA,"0","0","0",NA
"Anthus_hellmayri","0","1","0","0",NA,NA,NA,"0",NA,NA,NA,NA,NA,NA,NA,NA,"0","0","0",NA
"Anthus_hodgsoni","0","2","0","0",NA,NA,NA,"0",NA,"0",NA,NA,NA,NA,NA,NA,"0","0","0",NA
"Anthus_hoeschi","0","3","0","0",NA,NA,NA,"0",NA,"0",NA,"0",NA,NA,NA,"0","0","0","0",NA
"Anthus_leucophrys","0","3","0","0",NA,NA,NA,"0",NA,"0",NA,"0",NA,NA,NA,"0","0","0","0",NA
"Anthus_lineiventris","0","2","0","0",NA,NA,NA,"0",NA,"0",NA,NA,NA,NA,NA,NA,"0","0","0",NA
"Anthus_lutescens","0","2","0","0",NA,NA,NA,"0",NA,"0",NA,NA,NA,NA,NA,NA,"0","0","0",NA
"Anthus_melindae","0","2","0","0",NA,NA,NA,"0",NA,"0",NA,NA,NA,NA,NA,NA,"0","0","0",NA
"Anthus_nattereri","0","1","0","0",NA,NA,NA,"0",NA,NA,NA,NA,NA,NA,NA,NA,"0","0","0",NA
"Anthus_nilghiriensis","0","1","0","0",NA,NA,NA,"0",NA,NA,NA,NA,NA,NA,NA,NA,"0","0","0",NA
"Anthus_novaeseelandiae","0","3","0","0",NA,NA,NA,"0",NA,"0",NA,"0",NA,NA,NA,"0","0","0","0",NA
"Anthus_pallidiventris","0","1","0","0",NA,NA,NA,"0",NA,NA,NA,NA,NA,NA,NA,NA,"0","0","0",NA
"Anthus_petrosus","0","2","0","0",NA,NA,NA,"0",NA,"0",NA,NA,NA,NA,NA,NA,"0","0","0",NA
"Anthus_pratensis","0","2","0","0",NA,NA,NA,"0",NA,NA,NA,"0",NA,NA,NA,"0","0","0","0",NA
"Anthus_richardi","0","2","0","0",NA,NA,NA,"0",NA,"0",NA,NA,NA,NA,NA,NA,"0","0","0",NA
"Anthus_roseatus","0","2","0","0",NA,NA,NA,"0",NA,"0",NA,NA,NA,NA,NA,NA,"0","0","0",NA
"Anthus_rubescens","0","3","0","0",NA,NA,NA,"0",NA,"0",NA,"0",NA,NA,NA,"0","0","0","0",NA
"Anthus_rufulus","0","2","0","0",NA,NA,NA,"0",NA,"0",NA,NA,NA,NA,NA,NA,"0","0","0",NA
"Anthus_similis","0","3","0","0",NA,NA,NA,"0",NA,"0",NA,"0",NA,NA,NA,"0","0","0","0",NA
"Anthus_sokokensis","0","1","0","0",NA,NA,NA,"0",NA,NA,NA,NA,NA,NA,NA,NA,"0","0","0",NA
"Anthus_spinoletta","0","3","0","0",NA,"0",NA,"0",NA,"0",NA,NA,NA,NA,NA,NA,"0","0","0",NA
"Anthus_spragueii","0","2","0","0",NA,NA,NA,"0",NA,"0",NA,NA,NA,NA,NA,NA,"0","0","0",NA
"Anthus_sylvanus","0","2","0","0",NA,NA,NA,"0",NA,"0",NA,NA,NA,NA,NA,NA,"0","0","0",NA
"Anthus_trivialis","0","2","0","0",NA,NA,NA,"0",NA,NA,NA,"0",NA,NA,NA,"0","0","0","0",NA
"Anthus_vaalensis","0","1","0","0",NA,NA,NA,"0",NA,NA,NA,NA,NA,NA,NA,NA,"0","0","0",NA
"Antilophia_galeata","0","3","0","0",NA,NA,NA,"0",NA,"0",NA,"0",NA,NA,NA,"0","0","0","0",NA
"Anumbius_annumbi","1","1","3","1",NA,NA,NA,"1",NA,"0","1","1","K",NA,"K","1","2","0","0","Kin"
"Anurolimnas_castaneiceps","0","1","0","0",NA,NA,NA,"0",NA,NA,NA,NA,NA,NA,NA,NA,"0","0","0",NA
"Anurolimnas_fasciatus","0","1","0","0",NA,NA,NA,"0",NA,NA,NA,NA,NA,NA,NA,NA,"0","0","0",NA
"Anurolimnas_viridis","0","1","0","0",NA,NA,NA,"0",NA,NA,NA,NA,NA,NA,NA,NA,"0","0","0",NA
"Anurophasis_monorthonyx","0","1","0","0",NA,NA,NA,"0",NA,NA,NA,NA,NA,NA,NA,NA,"0","0","0",NA
"Apalharpactes_mackloti","0","1","0","0",NA,NA,NA,"0",NA,NA,NA,NA,NA,NA,NA,NA,"0","0","0",NA
"Apalharpactes_reinwardtii","0","1","0","0",NA,NA,NA,"0",NA,NA,NA,NA,NA,NA,NA,NA,"0","0","0",NA
"Apalis_alticola","0","1","0","0",NA,NA,NA,"0",NA,NA,NA,NA,NA,NA,NA,NA,"0","0","0",NA
"Apalis_argentea",NA,"0","0","0",NA,NA,NA,NA,NA,NA,NA,NA,NA,NA,NA,NA,"0","0","0",NA
"Apalis_bamendae","0","1","0","0",NA,NA,NA,"0",NA,NA,NA,NA,NA,NA,NA,NA,"0","0","0",NA
"Apalis_binotata","0","3","0","0",NA,NA,NA,"0",NA,"0",NA,"0",NA,NA,NA,"1","0","0","0",NA
"Apalis_chapini","0","3","0","0",NA,NA,NA,"0",NA,"0",NA,"0",NA,NA,NA,"1","0","0","0",NA
"Apalis_chariessa","0","2","0","0",NA,NA,NA,"0",NA,"0",NA,NA,NA,NA,NA,NA,"0","0","0",NA
"Apalis_chirindensis","0","3","0","0",NA,NA,NA,"0",NA,"0",NA,"0",NA,NA,NA,"1","0","0","0",NA
"Apalis_cinerea","0","1","0","0",NA,NA,NA,"0",NA,NA,NA,NA,NA,NA,NA,NA,"0","0","0",NA
"Apalis_flavida","0","3","0","0",NA,NA,NA,"0",NA,"0",NA,"0",NA,NA,NA,"1","0","0","0",NA
"Apalis_goslingi","0","1","0","0",NA,NA,NA,"0",NA,NA,NA,NA,NA,NA,NA,NA,"0","0","0",NA
"Apalis_jacksoni","0","2","0","0",NA,NA,NA,"0",NA,NA,NA,"0",NA,NA,NA,"1","0","0","0",NA
"Apalis_karamojae","0","1","0","0",NA,NA,NA,"0",NA,NA,NA,NA,NA,NA,NA,NA,"0","0","0",NA
"Apalis_melanocephala","1","1","2","1",NA,NA,NA,"1",NA,"0",NA,"1",NA,NA,"K","1","1","0","0","Kin"
"Apalis_nigriceps","0","1","0","0",NA,NA,NA,"0",NA,NA,NA,NA,NA,NA,NA,NA,"0","0","0",NA
"Apalis_personata","0","2","0","0",NA,NA,NA,"0",NA,NA,NA,"0",NA,NA,NA,"1","0","0","0",NA
"Apalis_porphyrolaema","0","2","0","0",NA,NA,NA,"0",NA,NA,NA,"0",NA,NA,NA,"1","0","0","0",NA
"Apalis_ruddi","0","3","0","0",NA,NA,NA,"0",NA,"0",NA,"0",NA,NA,NA,"0","0","0","0",NA
"Apalis_rufogularis","0","2","0","0",NA,NA,NA,"0",NA,NA,NA,"0",NA,NA,NA,"1","0","0","0",NA
"Apalis_sharpii","0","2","0","0",NA,NA,NA,"0",NA,NA,NA,"0",NA,NA,NA,"1","0","0","0",NA
"Apalis_thoracica","0","3","0","0",NA,NA,NA,"0",NA,"0",NA,"0",NA,NA,NA,"1","0","0","0",NA
"Apaloderma_aequatoriale","0","2","0","0",NA,NA,NA,"0",NA,"0",NA,NA,NA,NA,NA,NA,"0","0","0",NA
"Apaloderma_narina","0","3","0","0",NA,NA,NA,"0",NA,"0",NA,"0",NA,NA,NA,"1","0","0","0",NA
"Apaloderma_vittatum","0","1","0","0",NA,NA,NA,"0",NA,NA,NA,NA,NA,NA,NA,NA,"0","0","0",NA
"Apalopteron_familiare","0","1","0","0",NA,NA,NA,NA,NA,"0",NA,NA,NA,NA,NA,NA,"0","0","0",NA
"Aphanotriccus_audax","0","3","0","0",NA,NA,NA,"0",NA,"0",NA,"0",NA,NA,NA,"0","0","0","0",NA
"Aphanotriccus_capitalis","0","1","0","0",NA,NA,NA,"0",NA,NA,NA,NA,NA,NA,NA,NA,"0","0","0",NA
"Aphantochroa_cirrochloris","0","2","0","0",NA,NA,NA,"0",NA,"0",NA,NA,NA,NA,NA,NA,"0","0","0",NA
"Aphelocephala_leucopsis","1","0","3","0",NA,NA,NA,"1",NA,"1",NA,"1",NA,NA,"K","1","1","0","0","Kin"
"Aphelocephala_nigricincta","1","1","1","1",NA,NA,NA,"1",NA,"0",NA,NA,NA,NA,NA,NA,"0","0","0",NA
"Aphelocephala_pectoralis","1","0","3","0",NA,NA,NA,"1",NA,"1",NA,"1",NA,NA,"K","1","1","0","0","Kin"
"Aphelocoma_californica","1","0","3","0",NA,NA,NA,"1",NA,"1","1",NA,"K",NA,NA,NA,"1","0","0","Kin"
"Aphelocoma_coerulescens","1","0","7","0","1","1","1","1",NA,"1","1","1","K","K","K","1","3","0","0","Kin"
"Aphelocoma_insularis","0","2","0","0",NA,NA,NA,"0",NA,"0",NA,NA,NA,NA,NA,NA,"0","0","0",NA
"Aphelocoma_ultramarina","1","0","7","0","1","1","1","1",NA,"1","1","1","M","K","K","1","2","0","1","Kin"
"Aphelocoma_unicolor","1","0","3","0",NA,NA,NA,"1",NA,"1",NA,"1",NA,NA,"K","1","1","0","0","Kin"
"Aphrastura_masafuerae","0","1","0","0",NA,NA,NA,NA,NA,"0",NA,NA,NA,NA,NA,NA,"0","0","0",NA
"Aphrastura_spinicauda","0","2","0","0",NA,NA,NA,"0",NA,"0",NA,NA,NA,NA,NA,NA,"0","0","0",NA
"Aphriza_virgata","0","2","0","0",NA,NA,NA,"0",NA,"0",NA,NA,NA,NA,NA,NA,"0","0","0",NA
"Aplonis_atrifusca",NA,"0","0","0",NA,NA,NA,NA,NA,NA,NA,NA,NA,NA,NA,NA,"0","0","0",NA
"Aplonis_brunneicapillus","0","2","0","0",NA,NA,NA,"0",NA,"0",NA,NA,NA,NA,NA,NA,"0","0","0",NA
"Aplonis_cantoroides","0","2","0","0",NA,NA,NA,"0",NA,"0",NA,NA,NA,NA,NA,NA,"0","0","0",NA
"Aplonis_cinerascens",NA,"0","0","0",NA,NA,NA,NA,NA,NA,NA,NA,NA,NA,NA,NA,"0","0","0",NA
"Aplonis_crassa","0","1","0","0",NA,NA,NA,"0",NA,NA,NA,NA,NA,NA,NA,NA,"0","0","0",NA
"Aplonis_dichroa","0","1","0","0",NA,NA,NA,"0",NA,NA,NA,NA,NA,NA,NA,NA,"0","0","0",NA
"Aplonis_feadensis","0","1","0","0",NA,NA,NA,"0",NA,NA,NA,NA,NA,NA,NA,NA,"0","0","0",NA
"Aplonis_grandis","0","1","0","0",NA,NA,NA,"0",NA,NA,NA,NA,NA,NA,NA,NA,"0","0","0",NA
"Aplonis_insularis","0","1","0","0",NA,NA,NA,"0",NA,NA,NA,NA,NA,NA,NA,NA,"0","0","0",NA
"Aplonis_magna","0","1","0","0",NA,NA,NA,"0",NA,NA,NA,NA,NA,NA,NA,NA,"0","0","0",NA
"Aplonis_metallica","0","3","0","0",NA,NA,NA,"0",NA,"0",NA,"0",NA,NA,NA,"0","0","0","0",NA
"Aplonis_minor","0","2","0","0",NA,NA,NA,"0",NA,"0",NA,NA,NA,NA,NA,NA,"0","0","0",NA
"Aplonis_mysolensis","0","1","0","0",NA,NA,NA,"0",NA,NA,NA,NA,NA,NA,NA,NA,"0","0","0",NA
"Aplonis_mystacea","0","1","0","0",NA,NA,NA,"0",NA,NA,NA,NA,NA,NA,NA,NA,"0","0","0",NA
"Aplonis_opaca","0","2","0","0",NA,NA,NA,"0",NA,"0",NA,NA,NA,NA,NA,NA,"0","0","0",NA
"Aplonis_panayensis","0","2","0","0",NA,NA,NA,"0",NA,NA,NA,"0",NA,NA,NA,"0","0","0","0",NA
"Aplonis_pelzelni","0","1","0","0",NA,NA,NA,"0",NA,NA,NA,NA,NA,NA,NA,NA,"0","0","0",NA
"Aplonis_santovestris","0","1","0","0",NA,NA,NA,"0",NA,NA,NA,NA,NA,NA,NA,NA,"0","0","0",NA
"Aplonis_striata","0","1","0","0",NA,NA,NA,"0",NA,NA,NA,NA,NA,NA,NA,NA,"0","0","0",NA
"Aplonis_tabuensis","0","1","0","0",NA,NA,NA,"0",NA,NA,NA,NA,NA,NA,NA,NA,"0","0","0",NA
"Aplonis_zelandica","0","1","0","0",NA,NA,NA,"0",NA,NA,NA,NA,NA,NA,NA,NA,"0","0","0",NA
"Aplopelia_larvata","0","1","0","0",NA,NA,NA,"0",NA,NA,NA,NA,NA,NA,NA,NA,"0","0","0",NA
"Aprosmictus_erythropterus","0","3","0","0",NA,NA,NA,"0",NA,"0",NA,"0",NA,NA,NA,"1","0","0","0",NA
"Aprosmictus_jonquillaceus","0","1","0","0",NA,NA,NA,"0",NA,NA,NA,NA,NA,NA,NA,NA,"0","0","0",NA
"Aptenodytes_forsteri","0","1","0","0",NA,NA,NA,NA,NA,"0",NA,NA,NA,NA,NA,NA,"0","0","0",NA
"Aptenodytes_patagonicus","0","1","0","0",NA,NA,NA,NA,NA,"0",NA,NA,NA,NA,NA,NA,"0","0","0",NA
"Apteryx_australis","1","0","4","0",NA,NA,NA,"1",NA,"1","1","1","K",NA,"K","1","2","0","0","Kin"
"Apteryx_haastii","0","3","0","0",NA,NA,NA,"0",NA,"0",NA,"0",NA,NA,NA,"0","0","0","0",NA
"Apteryx_mantelli","0","1","0","0",NA,NA,NA,NA,NA,"0",NA,NA,NA,NA,NA,NA,"0","0","0",NA
"Apteryx_owenii","0","2","0","0",NA,NA,NA,"0",NA,"0",NA,NA,NA,NA,NA,NA,"0","0","0",NA
"Apus_acuticauda","0","1","0","0",NA,NA,NA,"0",NA,NA,NA,NA,NA,NA,NA,NA,"0","0","0",NA
"Apus_affinis","1","1","1","1",NA,NA,NA,"1",NA,"0",NA,NA,NA,NA,NA,NA,"0","0","0",NA
"Apus_alexandri","0","1","0","0",NA,NA,NA,"0",NA,NA,NA,NA,NA,NA,NA,NA,"0","0","0",NA
"Apus_apus","0","5","0","0",NA,"0","0","0",NA,"0",NA,"0",NA,NA,NA,"0","0","0","0",NA
"Apus_balstoni",NA,"0","0","0",NA,NA,NA,NA,NA,NA,NA,NA,NA,NA,NA,NA,"0","0","0",NA
"Apus_barbatus","0","1","0","0",NA,NA,NA,"0",NA,NA,NA,NA,NA,NA,NA,NA,"0","0","0",NA
"Apus_batesi","0","1","0","0",NA,NA,NA,"0",NA,NA,NA,NA,NA,NA,NA,NA,"0","0","0",NA
"Apus_berliozi","0","2","0","0",NA,NA,NA,"0",NA,NA,NA,"0",NA,NA,NA,"0","0","0","0",NA
"Apus_bradfieldi","0","1","0","0",NA,NA,NA,"0",NA,NA,NA,NA,NA,NA,NA,NA,"0","0","0",NA
"Apus_caffer","1","2","1","1",NA,NA,NA,"0",NA,"0",NA,"1",NA,NA,"K","1","1","0","0","Kin"
"Apus_horus","0","3","0","0",NA,NA,NA,"0",NA,"0",NA,"0",NA,NA,NA,"0","0","0","0",NA
"Apus_melba","0","1","0","0",NA,NA,NA,NA,NA,NA,NA,"0",NA,NA,NA,"0","0","0","0",NA
"Apus_niansae","0","2","0","0",NA,NA,NA,"0",NA,"0",NA,NA,NA,NA,NA,NA,"0","0","0",NA
"Apus_nipalensis","0","2","0","0",NA,NA,NA,"0",NA,"0",NA,NA,NA,NA,NA,NA,"0","0","0",NA
"Apus_pacificus","0","2","0","0",NA,NA,NA,"0",NA,"0",NA,NA,NA,NA,NA,NA,"0","0","0",NA
"Apus_pallidus","0","2","0","0",NA,NA,NA,"0",NA,"0",NA,NA,NA,NA,NA,NA,"0","0","0",NA
"Apus_toulsoni",NA,"0","0","0",NA,NA,NA,NA,NA,NA,NA,NA,NA,NA,NA,NA,"0","0","0",NA
"Apus_unicolor","0","2","0","0",NA,NA,NA,"0",NA,"0",NA,NA,NA,NA,NA,NA,"0","0","0",NA
"Aquila_adalberti","0","2","0","0",NA,NA,NA,"0",NA,"0",NA,NA,NA,NA,NA,NA,"0","0","0",NA
"Aquila_africanus","0","1","0","0",NA,NA,NA,"0",NA,NA,NA,NA,NA,NA,NA,NA,"0","0","0",NA
"Aquila_audax","0","3","0","0",NA,NA,NA,"0",NA,"0",NA,"0",NA,NA,NA,"1","0","0","0",NA
"Aquila_chrysaetos","0","2","0","0",NA,NA,NA,"0",NA,NA,NA,"0",NA,NA,NA,"1","0","0","0",NA
"Aquila_clanga","0","2","0","0",NA,NA,NA,"0",NA,"0",NA,NA,NA,NA,NA,NA,"0","0","0",NA
"Aquila_fasciatus",NA,"0","0","0",NA,NA,NA,NA,NA,NA,NA,NA,NA,NA,NA,NA,"0","0","0",NA
"Aquila_gurneyi","0","1","0","0",NA,NA,NA,"0",NA,NA,NA,NA,NA,NA,NA,NA,"0","0","0",NA
"Aquila_heliaca","0","2","0","0",NA,NA,NA,"0",NA,"0",NA,NA,NA,NA,NA,NA,"0","0","0",NA
"Aquila_nipalensis","0","2","0","0",NA,NA,NA,"0",NA,"0",NA,NA,NA,NA,NA,NA,"0","0","0",NA
"Aquila_pomarina","0","1","0","0",NA,NA,NA,"0",NA,NA,NA,NA,NA,NA,NA,NA,"0","0","0",NA
"Aquila_rapax","0","3","0","0",NA,NA,NA,"0",NA,"0",NA,"0",NA,NA,NA,"1","0","0","0",NA
"Aquila_verreauxii","0","3","0","0",NA,NA,NA,"0",NA,"0",NA,"0",NA,NA,NA,"0","0","0","0",NA
"Aquila_wahlbergi","0","2","0","0",NA,NA,NA,"0",NA,"0",NA,NA,NA,NA,NA,NA,"0","0","0",NA
"Ara_ambiguus","0","2","0","0",NA,NA,NA,"0",NA,"0",NA,NA,NA,NA,NA,NA,"0","0","0",NA
"Ara_ararauna","0","3","0","0",NA,NA,NA,"0",NA,"0",NA,"0",NA,NA,NA,"1","0","0","0",NA
"Ara_chloropterus","0","2","0","0",NA,NA,NA,"0",NA,"0",NA,NA,NA,NA,NA,NA,"0","0","0",NA
"Ara_glaucogularis","0","1","0","0",NA,NA,NA,"0",NA,NA,NA,NA,NA,NA,NA,NA,"0","0","0",NA
"Ara_macao","0","2","0","0",NA,NA,NA,"0",NA,"0",NA,NA,NA,NA,NA,NA,"0","0","0",NA
"Ara_militaris","0","2","0","0",NA,NA,NA,"0",NA,"0",NA,NA,NA,NA,NA,NA,"0","0","0",NA
"Ara_rubrogenys","0","2","0","0",NA,NA,NA,"0",NA,"0",NA,NA,NA,NA,NA,NA,"0","0","0",NA
"Ara_severus","0","2","0","0",NA,NA,NA,"0",NA,"0",NA,NA,NA,NA,NA,NA,"0","0","0",NA
"Arachnothera_affinis","0","1","0","0",NA,NA,NA,"0",NA,NA,NA,NA,NA,NA,NA,NA,"0","0","0",NA
"Arachnothera_chrysogenys","0","1","0","0",NA,NA,NA,"0",NA,NA,NA,NA,NA,NA,NA,NA,"0","0","0",NA
"Arachnothera_clarae","0","1","0","0",NA,NA,NA,"0",NA,NA,NA,NA,NA,NA,NA,NA,"0","0","0",NA
"Arachnothera_crassirostris","0","1","0","0",NA,NA,NA,"0",NA,NA,NA,NA,NA,NA,NA,NA,"0","0","0",NA
"Arachnothera_everetti","0","1","0","0",NA,NA,NA,"0",NA,NA,NA,NA,NA,NA,NA,NA,"0","0","0",NA
"Arachnothera_flavigaster","0","1","0","0",NA,NA,NA,"0",NA,NA,NA,NA,NA,NA,NA,NA,"0","0","0",NA
"Arachnothera_juliae","0","1","0","0",NA,NA,NA,"0",NA,NA,NA,NA,NA,NA,NA,NA,"0","0","0",NA
"Arachnothera_longirostra","0","2","0","0",NA,NA,NA,"0",NA,"0",NA,NA,NA,NA,NA,NA,"0","0","0",NA
"Arachnothera_magna","0","2","0","0",NA,NA,NA,"0",NA,"0",NA,NA,NA,NA,NA,NA,"0","0","0",NA
"Arachnothera_robusta","0","1","0","0",NA,NA,NA,"0",NA,NA,NA,NA,NA,NA,NA,NA,"0","0","0",NA
"Aramides_axillaris","1","1","1","1",NA,NA,NA,"1",NA,"0",NA,NA,NA,NA,NA,NA,"0","0","0",NA
"Aramides_cajanea","0","2","0","0",NA,NA,NA,"0",NA,"0",NA,NA,NA,NA,NA,NA,"0","0","0",NA
"Aramides_calopterus","0","1","0","0",NA,NA,NA,"0",NA,NA,NA,NA,NA,NA,NA,NA,"0","0","0",NA
"Aramides_mangle","0","1","0","0",NA,NA,NA,"0",NA,NA,NA,NA,NA,NA,NA,NA,"0","0","0",NA
"Aramides_saracura","0","1","0","0",NA,NA,NA,"0",NA,NA,NA,NA,NA,NA,NA,NA,"0","0","0",NA
"Aramides_wolfi","0","1","0","0",NA,NA,NA,"0",NA,NA,NA,NA,NA,NA,NA,NA,"0","0","0",NA
"Aramides_ypecaha","0","2","0","0",NA,NA,NA,"0",NA,"0",NA,NA,NA,NA,NA,NA,"0","0","0",NA
"Aramidopsis_plateni","0","1","0","0",NA,NA,NA,"0",NA,NA,NA,NA,NA,NA,NA,NA,"0","0","0",NA
"Aramus_guarauna","0","3","0","0",NA,NA,NA,"0",NA,"0",NA,"0",NA,NA,NA,"1","0","0","0",NA
"Aratinga_acuticaudata","0","1","0","0",NA,NA,NA,"0",NA,NA,NA,NA,NA,NA,NA,NA,"0","0","0",NA
"Aratinga_aurea","0","2","0","0",NA,NA,NA,"0",NA,"0",NA,NA,NA,NA,NA,NA,"0","0","0",NA
"Aratinga_auricapillus","0","1","0","0",NA,NA,NA,"0",NA,NA,NA,NA,NA,NA,NA,NA,"0","0","0",NA
"Aratinga_cactorum","0","1","0","0",NA,NA,NA,"0",NA,NA,NA,NA,NA,NA,NA,NA,"0","0","0",NA
"Aratinga_canicularis","0","3","0","0",NA,NA,NA,"0",NA,"0",NA,"0",NA,NA,NA,"0","0","0","0",NA
"Aratinga_chloroptera","0","1","0","0",NA,NA,NA,"0",NA,NA,NA,NA,NA,NA,NA,NA,"0","0","0",NA
"Aratinga_erythrogenys","0","1","0","0",NA,NA,NA,"0",NA,NA,NA,NA,NA,NA,NA,NA,"0","0","0",NA
"Aratinga_euops","0","1","0","0",NA,NA,NA,"0",NA,NA,NA,NA,NA,NA,NA,NA,"0","0","0",NA
"Aratinga_finschi","0","1","0","0",NA,NA,NA,"0",NA,NA,NA,NA,NA,NA,NA,NA,"0","0","0",NA
"Aratinga_holochlora","0","1","0","0",NA,NA,NA,"0",NA,NA,NA,NA,NA,NA,NA,NA,"0","0","0",NA
"Aratinga_jandaya","0","1","0","0",NA,NA,NA,"0",NA,NA,NA,NA,NA,NA,NA,NA,"0","0","0",NA
"Aratinga_leucophthalma","0","1","0","0",NA,NA,NA,"0",NA,NA,NA,NA,NA,NA,NA,NA,"0","0","0",NA
"Aratinga_mitrata","0","1","0","0",NA,NA,NA,"0",NA,NA,NA,NA,NA,NA,NA,NA,"0","0","0",NA
"Aratinga_nana","0","1","0","0",NA,NA,NA,"0",NA,NA,NA,NA,NA,NA,NA,NA,"0","0","0",NA
"Aratinga_pertinax","0","1","0","0",NA,NA,NA,"0",NA,NA,NA,NA,NA,NA,NA,NA,"0","0","0",NA
"Aratinga_rubritorquis","0","1","0","0",NA,NA,NA,"0",NA,NA,NA,NA,NA,NA,NA,NA,"0","0","0",NA
"Aratinga_solstitialis","0","1","0","0",NA,NA,NA,"0",NA,NA,NA,NA,NA,NA,NA,NA,"0","0","0",NA
"Aratinga_wagleri","0","1","0","0",NA,NA,NA,"0",NA,NA,NA,NA,NA,NA,NA,NA,"0","0","0",NA
"Aratinga_weddellii","1","1","1","1",NA,NA,NA,"1",NA,"0",NA,NA,NA,NA,NA,NA,"0","0","0",NA
"Arborophila_ardens","0","1","0","0",NA,NA,NA,"0",NA,NA,NA,NA,NA,NA,NA,NA,"0","0","0",NA
"Arborophila_atrogularis","0","2","0","0",NA,NA,NA,"0",NA,"0",NA,NA,NA,NA,NA,NA,"0","0","0",NA
"Arborophila_brunneopectus","0","1","0","0",NA,NA,NA,"0",NA,NA,NA,NA,NA,NA,NA,NA,"0","0","0",NA
"Arborophila_cambodiana","0","1","0","0",NA,NA,NA,"0",NA,NA,NA,NA,NA,NA,NA,NA,"0","0","0",NA
"Arborophila_charltonii","0","1","0","0",NA,NA,NA,"0",NA,NA,NA,NA,NA,NA,NA,NA,"0","0","0",NA
"Arborophila_chloropus","0","1","0","0",NA,NA,NA,"0",NA,NA,NA,NA,NA,NA,NA,NA,"0","0","0",NA
"Arborophila_crudigularis","0","2","0","0",NA,NA,NA,"0",NA,"0",NA,NA,NA,NA,NA,NA,"0","0","0",NA
"Arborophila_davidi","0","1","0","0",NA,NA,NA,"0",NA,NA,NA,NA,NA,NA,NA,NA,"0","0","0",NA
"Arborophila_gingica","0","1","0","0",NA,NA,NA,"0",NA,NA,NA,NA,NA,NA,NA,NA,"0","0","0",NA
"Arborophila_hyperythra","0","1","0","0",NA,NA,NA,"0",NA,NA,NA,NA,NA,NA,NA,NA,"0","0","0",NA
"Arborophila_javanica","0","1","0","0",NA,NA,NA,"0",NA,NA,NA,NA,NA,NA,NA,NA,"0","0","0",NA
"Arborophila_mandellii","0","1","0","0",NA,NA,NA,"0",NA,NA,NA,NA,NA,NA,NA,NA,"0","0","0",NA
"Arborophila_orientalis","0","1","0","0",NA,NA,NA,"0",NA,NA,NA,NA,NA,NA,NA,NA,"0","0","0",NA
"Arborophila_rubrirostris","0","1","0","0",NA,NA,NA,"0",NA,NA,NA,NA,NA,NA,NA,NA,"0","0","0",NA
"Arborophila_rufipectus","0","2","0","0",NA,NA,NA,"0",NA,"0",NA,NA,NA,NA,NA,NA,"0","0","0",NA
"Arborophila_rufogularis","0","2","0","0",NA,NA,NA,"0",NA,"0",NA,NA,NA,NA,NA,NA,"0","0","0",NA
"Arborophila_torqueola","0","2","0","0",NA,NA,NA,"0",NA,"0",NA,NA,NA,NA,NA,NA,"0","0","0",NA
"Archboldia_papuensis","0","2","0","0",NA,NA,NA,"0",NA,"0",NA,NA,NA,NA,NA,NA,"0","0","0",NA
"Archilochus_alexandri","0","3","0","0",NA,NA,NA,"0",NA,"0",NA,"0",NA,NA,NA,"0","0","0","0",NA
"Archilochus_colubris","0","3","0","0",NA,NA,NA,"0",NA,"0",NA,"0",NA,NA,NA,"0","0","0","0",NA
"Ardea_cinerea","0","2","0","0",NA,NA,NA,"0",NA,"0",NA,NA,NA,NA,NA,NA,"0","0","0",NA
"Ardea_cocoi","0","2","0","0",NA,NA,NA,"0",NA,"0",NA,NA,NA,NA,NA,NA,"0","0","0",NA
"Ardea_goliath","0","3","0","0",NA,NA,NA,"0",NA,"0",NA,"0",NA,NA,NA,"0","0","0","0",NA
"Ardea_herodias","0","3","0","0",NA,NA,NA,"0",NA,"0",NA,"0",NA,NA,NA,"0","0","0","0",NA
"Ardea_humbloti","0","1","0","0",NA,NA,NA,"0",NA,NA,NA,NA,NA,NA,NA,NA,"0","0","0",NA
"Ardea_insignis","0","1","0","0",NA,NA,NA,"0",NA,NA,NA,NA,NA,NA,NA,NA,"0","0","0",NA
"Ardea_melanocephala","0","3","0","0",NA,NA,NA,"0",NA,"0",NA,"0",NA,NA,NA,"0","0","0","0",NA
"Ardea_pacifica","0","2","0","0",NA,NA,NA,"0",NA,"0",NA,NA,NA,NA,NA,NA,"0","0","0",NA
"Ardea_picata","0","1","0","0",NA,NA,NA,"0",NA,NA,NA,NA,NA,NA,NA,NA,"0","0","0",NA
"Ardea_purpurea","0","3","0","0",NA,NA,NA,"0",NA,"0",NA,"0",NA,NA,NA,"0","0","0","0",NA
"Ardea_sumatrana","0","3","0","0",NA,NA,NA,"0",NA,"0",NA,"0",NA,NA,NA,"0","0","0","0",NA
"Ardeola_bacchus","0","2","0","0",NA,NA,NA,"0",NA,"0",NA,NA,NA,NA,NA,NA,"0","0","0",NA
"Ardeola_grayii","0","2","0","0",NA,NA,NA,"0",NA,"0",NA,NA,NA,NA,NA,NA,"0","0","0",NA
"Ardeola_idae","0","2","0","0",NA,NA,NA,"0",NA,"0",NA,NA,NA,NA,NA,NA,"0","0","0",NA
"Ardeola_ralloides","0","2","0","0",NA,NA,NA,"0",NA,"0",NA,NA,NA,NA,NA,NA,"0","0","0",NA
"Ardeola_rufiventris","0","2","0","0",NA,NA,NA,"0",NA,"0",NA,NA,NA,NA,NA,NA,"0","0","0",NA
"Ardeola_speciosa","0","2","0","0",NA,NA,NA,"0",NA,"0",NA,NA,NA,NA,NA,NA,"0","0","0",NA
"Ardeotis_arabs","0","2","0","0",NA,NA,NA,"0",NA,"0",NA,NA,NA,NA,NA,NA,"0","0","0",NA
"Ardeotis_australis","0","3","0","0",NA,NA,NA,"0",NA,"0",NA,"0",NA,NA,NA,"1","0","0","0",NA
"Ardeotis_kori","0","3","0","0",NA,NA,NA,"0",NA,"0",NA,"0",NA,NA,NA,"1","0","0","0",NA
"Ardeotis_nigriceps","0","3","0","0",NA,NA,NA,"0",NA,"0",NA,"0",NA,NA,NA,"1","0","0","0",NA
"Arenaria_interpres","0","3","0","0",NA,NA,NA,"0",NA,"0",NA,"0",NA,NA,NA,"0","0","0","0",NA
"Arenaria_melanocephala","0","3","0","0",NA,NA,NA,"0",NA,"0",NA,"0",NA,NA,NA,"0","0","0","0",NA
"Argusianus_argus","0","2","0","0",NA,NA,NA,"0",NA,"0",NA,NA,NA,NA,NA,NA,"0","0","0",NA
"Arremon_abeillei","0","2","0","0",NA,NA,NA,"0",NA,NA,NA,"0",NA,NA,NA,"0","0","0","0",NA
"Arremon_aurantiirostris","0","2","0","0",NA,NA,NA,"0",NA,"0",NA,NA,NA,NA,NA,NA,"0","0","0",NA
"Arremon_brunneinucha","0","1","0","0",NA,NA,NA,NA,NA,NA,NA,"0",NA,NA,NA,"0","0","0","0",NA
"Arremon_castaneiceps","0","1","0","0",NA,NA,NA,"0",NA,NA,NA,NA,NA,NA,NA,NA,"0","0","0",NA
"Arremon_crassirostris","0","1","0","0",NA,NA,NA,"0",NA,NA,NA,NA,NA,NA,NA,NA,"0","0","0",NA
"Arremon_flavirostris","0","3","0","0",NA,NA,NA,"0",NA,"0",NA,"0",NA,NA,NA,"1","0","0","0",NA
"Arremon_franciscanus","0","1","0","0",NA,NA,NA,"0",NA,NA,NA,NA,NA,NA,NA,NA,"0","0","0",NA
"Arremon_schlegeli","0","2","0","0",NA,NA,NA,"0",NA,NA,NA,"0",NA,NA,NA,"0","0","0","0",NA
"Arremon_semitorquatus","0","1","0","0",NA,NA,NA,"0",NA,NA,NA,NA,NA,NA,NA,NA,"0","0","0",NA
"Arremon_taciturnus","0","3","0","0",NA,NA,NA,"0",NA,"0",NA,"0",NA,NA,NA,"0","0","0","0",NA
"Arremonops_chloronotus","0","2","0","0",NA,NA,NA,"0",NA,"0",NA,NA,NA,NA,NA,NA,"0","0","0",NA
"Arremonops_conirostris","0","3","0","0",NA,NA,NA,"0",NA,"0",NA,"0",NA,NA,NA,"1","0","0","0",NA
"Arremonops_rufivirgatus","0","3","0","0",NA,NA,NA,"0",NA,"0",NA,"0",NA,NA,NA,"0","0","0","0",NA
"Arremonops_tocuyensis","0","2","0","0",NA,NA,NA,"0",NA,"0",NA,NA,NA,NA,NA,NA,"0","0","0",NA
"Arses_insularis","0","1","0","0",NA,NA,NA,"0",NA,NA,NA,NA,NA,NA,NA,NA,"0","0","0",NA
"Arses_kaupi","0","2","0","0",NA,NA,NA,"0",NA,"0",NA,NA,NA,NA,NA,NA,"0","0","0",NA
"Arses_telescophthalmus","0","2","0","0",NA,NA,NA,"0",NA,"0",NA,NA,NA,NA,NA,NA,"0","0","0",NA
"Artamella_viridis","0","1","0","0",NA,NA,NA,"0",NA,NA,NA,NA,NA,NA,NA,NA,"0","0","0",NA
"Artamus_cinereus","1","0","5","0","1",NA,NA,"1",NA,"1","1","1","K",NA,"K","1","2","0","0","Kin"
"Artamus_cyanopterus","1","0","5","0","1",NA,NA,"1",NA,"1","1","1","K",NA,"K","1","2","0","0","Kin"
"Artamus_fuscus","1","0","1","0",NA,NA,NA,"1",NA,NA,NA,NA,NA,NA,NA,NA,"0","0","0",NA
"Artamus_insignis","1","0","1","0",NA,NA,NA,"1",NA,NA,NA,NA,NA,NA,NA,NA,"0","0","0",NA
"Artamus_leucorynchus","1","0","4","0","1",NA,NA,"1",NA,"1",NA,"1",NA,NA,"K","1","1","0","0","Kin"
"Artamus_maximus","1","0","3","0","1",NA,NA,"1",NA,"1",NA,NA,NA,NA,NA,NA,"0","0","0",NA
"Artamus_mentalis","1","0","2","0",NA,NA,NA,"1",NA,"1",NA,NA,NA,NA,NA,NA,"0","0","0",NA
"Artamus_minor","1","0","4","0","1",NA,NA,"1",NA,"1",NA,"1",NA,NA,"K","1","1","0","0","Kin"
"Artamus_monachus","1","0","1","0",NA,NA,NA,"1",NA,NA,NA,NA,NA,NA,NA,NA,"0","0","0",NA
"Artamus_personatus","0","3","0","0",NA,NA,NA,"0",NA,"0",NA,"0",NA,NA,NA,"0","0","0","0",NA
"Artamus_superciliosus","0","2","0","0",NA,NA,NA,"0",NA,"0",NA,NA,NA,NA,NA,NA,"0","0","0",NA
"Artisornis_metopias","0","2","0","0",NA,NA,NA,"0",NA,NA,NA,"0",NA,NA,NA,"1","0","0","0",NA
"Artisornis_moreaui","0","1","0","0",NA,NA,NA,"0",NA,NA,NA,NA,NA,NA,NA,NA,"0","0","0",NA
"Arundinicola_leucocephala","0","2","0","0",NA,NA,NA,"0",NA,"0",NA,NA,NA,NA,NA,NA,"0","0","0",NA
"Ashbyia_lovensis","0","1","0","0",NA,NA,NA,"0",NA,NA,NA,NA,NA,NA,NA,NA,"0","0","0",NA
"Asio_abyssinicus","0","1","0","0",NA,NA,NA,"0",NA,NA,NA,NA,NA,NA,NA,NA,"0","0","0",NA
"Asio_capensis","0","3","0","0",NA,NA,NA,"0",NA,"0",NA,"0",NA,NA,NA,"0","0","0","0",NA
"Asio_flammeus","0","3","0","0",NA,NA,NA,"0",NA,"0",NA,"0",NA,NA,NA,"0","0","0","0",NA
"Asio_madagascariensis","0","1","0","0",NA,NA,NA,"0",NA,NA,NA,NA,NA,NA,NA,NA,"0","0","0",NA
"Asio_otus","0","3","0","0",NA,NA,"0","0",NA,NA,NA,"0",NA,NA,NA,"0","0","0","0",NA
"Asio_stygius","0","2","0","0",NA,NA,NA,"0",NA,"0",NA,NA,NA,NA,NA,NA,"0","0","0",NA
"Aspatha_gularis","0","2","0","0",NA,NA,NA,"0",NA,"0",NA,NA,NA,NA,NA,NA,"0","0","0",NA
"Asthenes_anthoides","0","1","0","0",NA,NA,NA,"0",NA,NA,NA,NA,NA,NA,NA,NA,"0","0","0",NA
"Asthenes_arequipae","0","1","0","0",NA,NA,NA,"0",NA,NA,NA,NA,NA,NA,NA,NA,"0","0","0",NA
"Asthenes_baeri","0","2","0","0",NA,NA,NA,"0",NA,"0",NA,NA,NA,NA,NA,NA,"0","0","0",NA
"Asthenes_berlepschi","0","1","0","0",NA,NA,NA,"0",NA,NA,NA,NA,NA,NA,NA,NA,"0","0","0",NA
"Asthenes_cactorum","0","1","0","0",NA,NA,NA,"0",NA,NA,NA,NA,NA,NA,NA,NA,"0","0","0",NA
"Asthenes_dorbignyi","0","1","0","0",NA,NA,NA,"0",NA,NA,NA,NA,NA,NA,NA,NA,"0","0","0",NA
"Asthenes_flammulata","0","1","0","0",NA,NA,NA,"0",NA,NA,NA,NA,NA,NA,NA,NA,"0","0","0",NA
"Asthenes_heterura","0","1","0","0",NA,NA,NA,"0",NA,NA,NA,NA,NA,NA,NA,NA,"0","0","0",NA
"Asthenes_huancavelicae","0","1","0","0",NA,NA,NA,"0",NA,NA,NA,NA,NA,NA,NA,NA,"0","0","0",NA
"Asthenes_hudsoni","0","1","0","0",NA,NA,NA,"0",NA,NA,NA,NA,NA,NA,NA,NA,"0","0","0",NA
"Asthenes_humicola","0","1","0","0",NA,NA,NA,"0",NA,NA,NA,NA,NA,NA,NA,NA,"0","0","0",NA
"Asthenes_humilis","0","1","0","0",NA,NA,NA,"0",NA,NA,NA,NA,NA,NA,NA,NA,"0","0","0",NA
"Asthenes_luizae","0","1","0","0",NA,NA,NA,"0",NA,NA,NA,NA,NA,NA,NA,NA,"0","0","0",NA
"Asthenes_maculicauda","0","1","0","0",NA,NA,NA,"0",NA,NA,NA,NA,NA,NA,NA,NA,"0","0","0",NA
"Asthenes_modesta","0","1","0","0",NA,NA,NA,"0",NA,NA,NA,NA,NA,NA,NA,NA,"0","0","0",NA
"Asthenes_ottonis","0","1","0","0",NA,NA,NA,"0",NA,NA,NA,NA,NA,NA,NA,NA,"0","0","0",NA
"Asthenes_patagonica","0","1","0","0",NA,NA,NA,"0",NA,NA,NA,NA,NA,NA,NA,NA,"0","0","0",NA
"Asthenes_pudibunda","0","1","0","0",NA,NA,NA,"0",NA,NA,NA,NA,NA,NA,NA,NA,"0","0","0",NA
"Asthenes_pyrrholeuca","0","1","0","0",NA,NA,NA,"0",NA,NA,NA,NA,NA,NA,NA,NA,"0","0","0",NA
"Asthenes_sclateri","0","1","0","0",NA,NA,NA,"0",NA,NA,NA,NA,NA,NA,NA,NA,"0","0","0",NA
"Asthenes_steinbachi","0","1","0","0",NA,NA,NA,"0",NA,NA,NA,NA,NA,NA,NA,NA,"0","0","0",NA
"Asthenes_urubambensis","0","1","0","0",NA,NA,NA,"0",NA,NA,NA,NA,NA,NA,NA,NA,"0","0","0",NA
"Asthenes_virgata","0","1","0","0",NA,NA,NA,"0",NA,NA,NA,NA,NA,NA,NA,NA,"0","0","0",NA
"Asthenes_wyatti","0","1","0","0",NA,NA,NA,"0",NA,NA,NA,NA,NA,NA,NA,NA,"0","0","0",NA
"Astrapia_mayeri","0","2","0","0",NA,NA,NA,"0",NA,"0",NA,NA,NA,NA,NA,NA,"0","0","0",NA
"Astrapia_nigra","0","1","0","0",NA,NA,NA,"0",NA,NA,NA,NA,NA,NA,NA,NA,"0","0","0",NA
"Astrapia_rothschildi","0","2","0","0",NA,NA,NA,"0",NA,"0",NA,NA,NA,NA,NA,NA,"0","0","0",NA
"Astrapia_splendidissima","0","2","0","0",NA,NA,NA,"0",NA,"0",NA,NA,NA,NA,NA,NA,"0","0","0",NA
"Astrapia_stephaniae","0","2","0","0",NA,NA,NA,"0",NA,"0",NA,NA,NA,NA,NA,NA,"0","0","0",NA
"Atalotriccus_pilaris","0","1","0","0",NA,NA,NA,"0",NA,NA,NA,NA,NA,NA,NA,NA,"0","0","0",NA
"Atelornis_crossleyi","0","1","0","0",NA,NA,NA,"0",NA,NA,NA,NA,NA,NA,NA,NA,"0","0","0",NA
"Atelornis_pittoides","0","2","0","0",NA,NA,NA,"0",NA,"0",NA,NA,NA,NA,NA,NA,"0","0","0",NA
"Athene_brama","0","3","0","0",NA,NA,NA,"0",NA,"0",NA,"0",NA,NA,NA,"0","0","0","0",NA
"Athene_cunicularia","0","4","0","0",NA,"0","0","0",NA,NA,NA,"0",NA,NA,NA,"0","0","0","0",NA
"Athene_noctua","0","5","0","0",NA,"0","0","0",NA,"0",NA,"0",NA,NA,NA,"0","0","0","0",NA
"Atlantisia_rogersi","0","1","0","0",NA,NA,NA,NA,NA,"0",NA,NA,NA,NA,NA,NA,"0","0","0",NA
"Atlapetes_albiceps","0","1","0","0",NA,NA,NA,"0",NA,NA,NA,NA,NA,NA,NA,NA,"0","0","0",NA
"Atlapetes_albinucha","0","2","0","0",NA,NA,NA,"0",NA,NA,NA,"0",NA,NA,NA,"0","0","0","0",NA
"Atlapetes_albofrenatus","0","2","0","0",NA,NA,NA,"0",NA,NA,NA,"0",NA,NA,NA,"1","0","0","0",NA
"Atlapetes_canigenis","0","1","0","0",NA,NA,NA,"0",NA,NA,NA,NA,NA,NA,NA,NA,"0","0","0",NA
"Atlapetes_citrinellus","0","2","0","0",NA,NA,NA,"0",NA,NA,NA,"0",NA,NA,NA,"1","0","0","0",NA
"Atlapetes_flaviceps","0","1","0","0",NA,NA,NA,"0",NA,NA,NA,NA,NA,NA,NA,NA,"0","0","0",NA
"Atlapetes_forbesi","0","1","0","0",NA,NA,NA,"0",NA,NA,NA,NA,NA,NA,NA,NA,"0","0","0",NA
"Atlapetes_fulviceps","0","2","0","0",NA,NA,NA,"0",NA,NA,NA,"0",NA,NA,NA,"0","0","0","0",NA
"Atlapetes_fuscoolivaceus","0","1","0","0",NA,NA,NA,"0",NA,NA,NA,NA,NA,NA,NA,NA,"0","0","0",NA
"Atlapetes_latinuchus","0","2","0","0",NA,NA,NA,"0",NA,NA,NA,"0",NA,NA,NA,"1","0","0","0",NA
"Atlapetes_leucopis","0","1","0","0",NA,NA,NA,"0",NA,NA,NA,NA,NA,NA,NA,NA,"0","0","0",NA
"Atlapetes_leucopterus","0","1","0","0",NA,NA,NA,"0",NA,NA,NA,NA,NA,NA,NA,NA,"0","0","0",NA
"Atlapetes_melanocephalus","0","1","0","0",NA,NA,NA,"0",NA,NA,NA,NA,NA,NA,NA,NA,"0","0","0",NA
"Atlapetes_melanolaemus","0","1","0","0",NA,NA,NA,"0",NA,NA,NA,NA,NA,NA,NA,NA,"0","0","0",NA
"Atlapetes_melanopsis","0","1","0","0",NA,NA,NA,"0",NA,NA,NA,NA,NA,NA,NA,NA,"0","0","0",NA
"Atlapetes_nationi","0","1","0","0",NA,NA,NA,"0",NA,NA,NA,NA,NA,NA,NA,NA,"0","0","0",NA
"Atlapetes_pallidiceps","0","2","0","0",NA,NA,NA,"0",NA,"0",NA,NA,NA,NA,NA,NA,"0","0","0",NA
"Atlapetes_pallidinucha","0","2","0","0",NA,NA,NA,"0",NA,NA,NA,"0",NA,NA,NA,"1","0","0","0",NA
"Atlapetes_personatus","0","2","0","0",NA,NA,NA,"0",NA,NA,NA,"0",NA,NA,NA,"1","0","0","0",NA
"Atlapetes_pileatus","0","1","0","0",NA,NA,NA,"0",NA,NA,NA,NA,NA,NA,NA,NA,"0","0","0",NA
"Atlapetes_rufigenis","0","1","0","0",NA,NA,NA,"0",NA,NA,NA,NA,NA,NA,NA,NA,"0","0","0",NA
"Atlapetes_rufinucha","0","1","0","0",NA,NA,NA,"0",NA,NA,NA,NA,NA,NA,NA,NA,"0","0","0",NA
"Atlapetes_schistaceus","0","2","0","0",NA,NA,NA,"0",NA,NA,NA,"0",NA,NA,NA,"0","0","0","0",NA
"Atlapetes_seebohmi","0","1","0","0",NA,NA,NA,"0",NA,NA,NA,NA,NA,NA,NA,NA,"0","0","0",NA
"Atlapetes_semirufus","0","1","0","0",NA,NA,NA,"0",NA,NA,NA,NA,NA,NA,NA,NA,"0","0","0",NA
"Atlapetes_tricolor","0","1","0","0",NA,NA,NA,"0",NA,NA,NA,NA,NA,NA,NA,NA,"0","0","0",NA
"Atrichornis_clamosus","0","2","0","0",NA,NA,NA,"0",NA,"0",NA,NA,NA,NA,NA,NA,"0","0","0",NA
"Atrichornis_rufescens","0","3","0","0",NA,NA,NA,"0",NA,"0",NA,"0",NA,NA,NA,"0","0","0","0",NA
"Attagis_gayi","0","3","0","0",NA,NA,NA,"0",NA,"0",NA,"0",NA,NA,NA,"0","0","0","0",NA
"Attagis_malouinus","0","2","0","0",NA,NA,NA,"0",NA,"0",NA,NA,NA,NA,NA,NA,"0","0","0",NA
"Atthis_ellioti","0","2","0","0",NA,NA,NA,"0",NA,NA,NA,"0",NA,NA,NA,"0","0","0","0",NA
"Atthis_heloisa","0","2","0","0",NA,NA,NA,"0",NA,NA,NA,"0",NA,NA,NA,"0","0","0","0",NA
"Atticora_fasciata","0","1","0","0",NA,NA,NA,"0",NA,NA,NA,NA,NA,NA,NA,NA,"0","0","0",NA
"Atticora_melanoleuca","0","2","0","0",NA,NA,NA,"0",NA,"0",NA,NA,NA,NA,NA,NA,"0","0","0",NA
"Attila_bolivianus","0","1","0","0",NA,NA,NA,"0",NA,NA,NA,NA,NA,NA,NA,NA,"0","0","0",NA
"Attila_cinnamomeus","0","1","0","0",NA,NA,NA,"0",NA,NA,NA,NA,NA,NA,NA,NA,"0","0","0",NA
"Attila_citriniventris","0","1","0","0",NA,NA,NA,"0",NA,NA,NA,NA,NA,NA,NA,NA,"0","0","0",NA
"Attila_phoenicurus","0","1","0","0",NA,NA,NA,"0",NA,NA,NA,NA,NA,NA,NA,NA,"0","0","0",NA
"Attila_rufus","0","1","0","0",NA,NA,NA,"0",NA,NA,NA,NA,NA,NA,NA,NA,"0","0","0",NA
"Attila_spadiceus","0","2","0","0",NA,NA,NA,"0",NA,"0",NA,NA,NA,NA,NA,NA,"0","0","0",NA
"Attila_torridus","0","1","0","0",NA,NA,NA,"0",NA,NA,NA,NA,NA,NA,NA,NA,"0","0","0",NA
"Augastes_lumachella","0","3","0","0",NA,NA,NA,"0",NA,"0",NA,"0",NA,NA,NA,"0","0","0","0",NA
"Augastes_scutatus","0","3","0","0",NA,NA,NA,"0",NA,"0",NA,"0",NA,NA,NA,"0","0","0","0",NA
"Aulacorhynchus_coeruleicinctis","0","1","0","0",NA,NA,NA,"0",NA,NA,NA,NA,NA,NA,NA,NA,"0","0","0",NA
"Aulacorhynchus_derbianus","0","1","0","0",NA,NA,NA,"0",NA,NA,NA,NA,NA,NA,NA,NA,"0","0","0",NA
"Aulacorhynchus_haematopygus","0","1","0","0",NA,NA,NA,"0",NA,NA,NA,NA,NA,NA,NA,NA,"0","0","0",NA
"Aulacorhynchus_huallagae","0","1","0","0",NA,NA,NA,"0",NA,NA,NA,NA,NA,NA,NA,NA,"0","0","0",NA
"Aulacorhynchus_prasinus","0","2","0","0",NA,NA,NA,"0",NA,"0",NA,NA,NA,NA,NA,NA,"0","0","0",NA
"Aulacorhynchus_sulcatus","0","1","0","0",NA,NA,NA,"0",NA,NA,NA,NA,NA,NA,NA,NA,"0","0","0",NA
"Auriparus_flaviceps","0","3","0","0",NA,NA,NA,"0",NA,"0",NA,"0",NA,NA,NA,"0","0","0","0",NA
"Automolus_infuscatus","0","1","0","0",NA,NA,NA,"0",NA,NA,NA,NA,NA,NA,NA,NA,"0","0","0",NA
"Automolus_leucophthalmus","0","1","0","0",NA,NA,NA,"0",NA,NA,NA,NA,NA,NA,NA,NA,"0","0","0",NA
"Automolus_melanopezus","0","1","0","0",NA,NA,NA,"0",NA,NA,NA,NA,NA,NA,NA,NA,"0","0","0",NA
"Automolus_ochrolaemus","0","2","0","0",NA,NA,NA,"0",NA,"0",NA,NA,NA,NA,NA,NA,"0","0","0",NA
"Automolus_rubiginosus","0","2","0","0",NA,NA,NA,"0",NA,"0",NA,NA,NA,NA,NA,NA,"0","0","0",NA
"Automolus_rufipileatus","0","1","0","0",NA,NA,NA,"0",NA,NA,NA,NA,NA,NA,NA,NA,"0","0","0",NA
"Aviceda_cuculoides","0","3","0","0",NA,NA,NA,"0",NA,"0",NA,"0",NA,NA,NA,"0","0","0","0",NA
"Aviceda_jerdoni","0","1","0","0",NA,NA,NA,"0",NA,NA,NA,NA,NA,NA,NA,NA,"0","0","0",NA
"Aviceda_leuphotes","0","1","0","0",NA,NA,NA,"0",NA,NA,NA,NA,NA,NA,NA,NA,"0","0","0",NA
"Aviceda_madagascariensis","0","1","0","0",NA,NA,NA,"0",NA,NA,NA,NA,NA,NA,NA,NA,"0","0","0",NA
"Aviceda_subcristata","0","3","0","0",NA,NA,NA,"0",NA,"0",NA,"0",NA,NA,NA,"1","0","0","0",NA
"Avocettula_recurvirostris","0","3","0","0",NA,NA,NA,"0",NA,"0",NA,"0",NA,NA,NA,"0","0","0","0",NA
"Aythya_affinis","0","3","0","0",NA,NA,NA,"0",NA,"0",NA,"0",NA,NA,NA,"0","0","0","0",NA
"Aythya_americana","0","3","0","0",NA,NA,NA,"0",NA,"0",NA,"0",NA,NA,NA,"0","0","0","0",NA
"Aythya_australis","0","2","0","0",NA,NA,NA,"0",NA,"0",NA,NA,NA,NA,NA,NA,"0","0","0",NA
"Aythya_baeri","0","1","0","0",NA,NA,NA,"0",NA,NA,NA,NA,NA,NA,NA,NA,"0","0","0",NA
"Aythya_collaris","0","3","0","0",NA,NA,NA,"0",NA,"0",NA,"0",NA,NA,NA,"0","0","0","0",NA
"Aythya_ferina","0","3","0","0",NA,NA,"0","0",NA,"0",NA,NA,NA,NA,NA,NA,"0","0","0",NA
"Aythya_fuligula","0","2","0","0",NA,NA,NA,"0",NA,"0",NA,NA,NA,NA,NA,NA,"0","0","0",NA
"Aythya_innotata","0","1","0","0",NA,NA,NA,"0",NA,NA,NA,NA,NA,NA,NA,NA,"0","0","0",NA
"Aythya_marila","0","3","0","0",NA,NA,NA,"0",NA,"0",NA,"0",NA,NA,NA,"0","0","0","0",NA
"Aythya_novaeseelandiae","0","3","0","0",NA,NA,NA,"0",NA,"0",NA,"0",NA,NA,NA,"0","0","0","0",NA
"Aythya_nyroca","0","2","0","0",NA,NA,NA,"0",NA,"0",NA,NA,NA,NA,NA,NA,"0","0","0",NA
"Aythya_valisineria","0","3","0","0",NA,NA,NA,"0",NA,"0",NA,"0",NA,NA,NA,"0","0","0","0",NA
"Babax_koslowi","1","0","1","0",NA,NA,NA,"1",NA,NA,NA,NA,NA,NA,NA,NA,"0","0","0",NA
"Babax_lanceolatus","1","1","1","1",NA,NA,NA,"1",NA,NA,NA,"0",NA,NA,NA,"1","0","0","0",NA
"Babax_waddelli","1","0","3","0",NA,NA,NA,"1",NA,NA,"1","1","K",NA,"K","1","2","0","0","Kin"
"Baeolophus_atricristatus","0","3","0","0",NA,NA,NA,"0",NA,"0",NA,"0",NA,NA,NA,"0","0","0","0",NA
"Baeolophus_bicolor","1","1","3","1",NA,NA,"0","1",NA,"1",NA,"1",NA,NA,"K","1","1","0","0","Kin"
"Baeolophus_inornatus","0","3","0","0",NA,NA,NA,"0",NA,"0",NA,"0",NA,NA,NA,"0","0","0","0",NA
"Baeolophus_ridgwayi","0","2","0","0",NA,NA,NA,"0",NA,NA,NA,"0",NA,NA,NA,"0","0","0","0",NA
"Baeolophus_wollweberi","1","0","4","0","1",NA,NA,"1",NA,"1",NA,"1",NA,NA,"K","1","1","0","0","Kin"
"Baeopogon_clamans","0","1","0","0",NA,NA,NA,"0",NA,NA,NA,NA,NA,NA,NA,NA,"0","0","0",NA
"Baeopogon_indicator","0","2","0","0",NA,NA,NA,"0",NA,NA,NA,"0",NA,NA,NA,"1","0","0","0",NA
"Balaeniceps_rex","0","3","0","0",NA,NA,NA,"0",NA,"0",NA,"0",NA,NA,NA,"0","0","0","0",NA
"Balearica_pavonina","0","2","0","0",NA,NA,NA,"0",NA,"0",NA,NA,NA,NA,NA,NA,"0","0","0",NA
"Balearica_regulorum","0","2","0","0",NA,NA,NA,"0",NA,"0",NA,NA,NA,NA,NA,NA,"0","0","0",NA
"Bambusicola_fytchii","0","2","0","0",NA,NA,NA,"0",NA,"0",NA,NA,NA,NA,NA,NA,"0","0","0",NA
"Bambusicola_thoracicus","0","1","0","0",NA,NA,NA,"0",NA,NA,NA,NA,NA,NA,NA,NA,"0","0","0",NA
"Bangsia_arcaei","0","1","0","0",NA,NA,NA,"0",NA,NA,NA,NA,NA,NA,NA,NA,"0","0","0",NA
"Bangsia_aureocincta","0","1","0","0",NA,NA,NA,"0",NA,NA,NA,NA,NA,NA,NA,NA,"0","0","0",NA
"Bangsia_edwardsi","0","2","0","0",NA,NA,NA,"0",NA,NA,NA,"0",NA,NA,NA,"0","0","0","0",NA
"Bangsia_melanochlamys","0","2","0","0",NA,NA,NA,"0",NA,NA,NA,"0",NA,NA,NA,"0","0","0","0",NA
"Bangsia_rothschildi","0","2","0","0",NA,NA,NA,"0",NA,NA,NA,"0",NA,NA,NA,"0","0","0","0",NA
"Barnardius_zonarius","0","2","0","0",NA,NA,NA,"0",NA,"0",NA,NA,NA,NA,NA,NA,"0","0","0",NA
"Bartramia_longicauda","0","4","0","0",NA,"0",NA,"0",NA,"0",NA,"0",NA,NA,NA,"0","0","0","0",NA
"Baryphthengus_martii","0","2","0","0",NA,NA,NA,"0",NA,"0",NA,NA,NA,NA,NA,NA,"0","0","0",NA
"Baryphthengus_ruficapillus","0","2","0","0",NA,NA,NA,"0",NA,"0",NA,NA,NA,NA,NA,NA,"0","0","0",NA
"Basileuterus_basilicus","0","1","0","0",NA,NA,NA,"0",NA,NA,NA,NA,NA,NA,NA,NA,"0","0","0",NA
"Basileuterus_belli","0","1","0","0",NA,NA,NA,"0",NA,NA,NA,NA,NA,NA,NA,NA,"0","0","0",NA
"Basileuterus_bivittatus","0","1","0","0",NA,NA,NA,"0",NA,NA,NA,NA,NA,NA,NA,NA,"0","0","0",NA
"Basileuterus_chlorophrys","0","1","0","0",NA,NA,NA,"0",NA,NA,NA,NA,NA,NA,NA,NA,"0","0","0",NA
"Basileuterus_chrysogaster","0","1","0","0",NA,NA,NA,"0",NA,NA,NA,NA,NA,NA,NA,NA,"0","0","0",NA
"Basileuterus_cinereicollis","0","1","0","0",NA,NA,NA,"0",NA,NA,NA,NA,NA,NA,NA,NA,"0","0","0",NA
"Basileuterus_conspicillatus","0","1","0","0",NA,NA,NA,"0",NA,NA,NA,NA,NA,NA,NA,NA,"0","0","0",NA
"Basileuterus_coronatus","0","2","0","0",NA,NA,NA,"0",NA,NA,NA,"0",NA,NA,NA,"1","0","0","0",NA
"Basileuterus_culicivorus","0","2","0","0",NA,NA,NA,"0",NA,NA,NA,"0",NA,NA,NA,"1","0","0","0",NA
"Basileuterus_flaveolus","0","2","0","0",NA,NA,NA,"0",NA,"0",NA,NA,NA,NA,NA,NA,"0","0","0",NA
"Basileuterus_fraseri","0","1","0","0",NA,NA,NA,"0",NA,NA,NA,NA,NA,NA,NA,NA,"0","0","0",NA
"Basileuterus_griseiceps","0","1","0","0",NA,NA,NA,"0",NA,NA,NA,NA,NA,NA,NA,NA,"0","0","0",NA
"Basileuterus_hypoleucus","0","1","0","0",NA,NA,NA,"0",NA,NA,NA,NA,NA,NA,NA,NA,"0","0","0",NA
"Basileuterus_ignotus","0","1","0","0",NA,NA,NA,"0",NA,NA,NA,NA,NA,NA,NA,NA,"0","0","0",NA
"Basileuterus_leucoblepharus","0","1","0","0",NA,NA,NA,"0",NA,NA,NA,NA,NA,NA,NA,NA,"0","0","0",NA
"Basileuterus_leucophrys","0","1","0","0",NA,NA,NA,"0",NA,NA,NA,NA,NA,NA,NA,NA,"0","0","0",NA
"Basileuterus_luteoviridis","0","1","0","0",NA,NA,NA,"0",NA,NA,NA,NA,NA,NA,NA,NA,"0","0","0",NA
"Basileuterus_melanogenys","0","1","0","0",NA,NA,NA,"0",NA,NA,NA,NA,NA,NA,NA,NA,"0","0","0",NA
"Basileuterus_nigrocristatus","0","1","0","0",NA,NA,NA,"0",NA,NA,NA,NA,NA,NA,NA,NA,"0","0","0",NA
"Basileuterus_rufifrons","0","1","0","0",NA,NA,NA,"0",NA,NA,NA,NA,NA,NA,NA,NA,"0","0","0",NA
"Basileuterus_signatus","0","1","0","0",NA,NA,NA,"0",NA,NA,NA,NA,NA,NA,NA,NA,"0","0","0",NA
"Basileuterus_trifasciatus","0","2","0","0",NA,NA,NA,"0",NA,NA,NA,"0",NA,NA,NA,"1","0","0","0",NA
"Basileuterus_tristriatus","0","2","0","0",NA,NA,NA,"0",NA,NA,NA,"0",NA,NA,NA,"0","0","0","0",NA
"Basilornis_celebensis","0","1","0","0",NA,NA,NA,"0",NA,NA,NA,NA,NA,NA,NA,NA,"0","0","0",NA
"Basilornis_corythaix","0","1","0","0",NA,NA,NA,"0",NA,NA,NA,NA,NA,NA,NA,NA,"0","0","0",NA
"Basilornis_galeatus","0","1","0","0",NA,NA,NA,"0",NA,NA,NA,NA,NA,NA,NA,NA,"0","0","0",NA
"Basilornis_mirandus","0","1","0","0",NA,NA,NA,"0",NA,NA,NA,NA,NA,NA,NA,NA,"0","0","0",NA
"Batara_cinerea","0","1","0","0",NA,NA,NA,"0",NA,NA,NA,NA,NA,NA,NA,NA,"0","0","0",NA
"Bathmocercus_cerviniventris","0","1","0","0",NA,NA,NA,"0",NA,NA,NA,NA,NA,NA,NA,NA,"0","0","0",NA
"Bathmocercus_rufus","0","2","0","0",NA,NA,NA,"0",NA,"0",NA,NA,NA,NA,NA,NA,"0","0","0",NA
"Bathmocercus_winifredae","0","1","0","0",NA,NA,NA,"0",NA,NA,NA,NA,NA,NA,NA,NA,"0","0","0",NA
"Batis_capensis","1","1","2","1",NA,NA,NA,"1",NA,"0",NA,"1",NA,NA,"K","1","1","0","0","Kin"
"Batis_diops","0","2","0","0",NA,NA,NA,"0",NA,NA,NA,"0",NA,NA,NA,"0","0","0","0",NA
"Batis_fratrum","1","1","2","1",NA,NA,NA,"1",NA,"0",NA,"1",NA,NA,"K","1","1","0","0","Kin"
"Batis_ituriensis","0","1","0","0",NA,NA,NA,"0",NA,NA,NA,NA,NA,NA,NA,NA,"0","0","0",NA
"Batis_margaritae","0","2","0","0",NA,NA,NA,"0",NA,NA,NA,"0",NA,NA,NA,"0","0","0","0",NA
"Batis_minima","0","2","0","0",NA,NA,NA,"0",NA,NA,NA,"0",NA,NA,NA,"1","0","0","0",NA
"Batis_minor","0","3","0","0",NA,NA,NA,"0",NA,"0",NA,"0",NA,NA,NA,"1","0","0","0",NA
"Batis_minulla","0","2","0","0",NA,NA,NA,"0",NA,NA,NA,"0",NA,NA,NA,"0","0","0","0",NA
"Batis_mixta","0","2","0","0",NA,NA,NA,"0",NA,NA,NA,"0",NA,NA,NA,"1","0","0","0",NA
"Batis_molitor","1","1","2","1",NA,NA,NA,"1",NA,"0",NA,"1",NA,NA,"K","1","1","0","0","Kin"
"Batis_occulta","0","1","0","0",NA,NA,NA,NA,NA,NA,NA,"0",NA,NA,NA,"1","0","0","0",NA
"Batis_orientalis","0","1","0","0",NA,NA,NA,"0",NA,NA,NA,NA,NA,NA,NA,NA,"0","0","0",NA
"Batis_perkeo","0","2","0","0",NA,NA,NA,"0",NA,NA,NA,"0",NA,NA,NA,"1","0","0","0",NA
"Batis_poensis","0","2","0","0",NA,NA,NA,"0",NA,NA,NA,"0",NA,NA,NA,"1","0","0","0",NA
"Batis_pririt","0","3","0","0",NA,NA,NA,"0",NA,"0",NA,"0",NA,NA,NA,"1","0","0","0",NA
"Batis_senegalensis","0","2","0","0",NA,NA,NA,"0",NA,NA,NA,"0",NA,NA,NA,"1","0","0","0",NA
"Batis_soror","1","1","2","1",NA,NA,NA,"1",NA,"0",NA,"1",NA,NA,"K","1","1","0","0","Kin"
"Batrachostomus_affinis",NA,"0","0","0",NA,NA,NA,NA,NA,NA,NA,NA,NA,NA,NA,NA,"0","0","0",NA
"Batrachostomus_auritus","0","1","0","0",NA,NA,NA,"0",NA,NA,NA,NA,NA,NA,NA,NA,"0","0","0",NA
"Batrachostomus_cornutus","0","1","0","0",NA,NA,NA,"0",NA,NA,NA,NA,NA,NA,NA,NA,"0","0","0",NA
"Batrachostomus_harterti","0","1","0","0",NA,NA,NA,"0",NA,NA,NA,NA,NA,NA,NA,NA,"0","0","0",NA
"Batrachostomus_hodgsoni","0","2","0","0",NA,NA,NA,"0",NA,"0",NA,NA,NA,NA,NA,NA,"0","0","0",NA
"Batrachostomus_javensis","0","2","0","0",NA,NA,NA,"0",NA,"0",NA,NA,NA,NA,NA,NA,"0","0","0",NA
"Batrachostomus_mixtus",NA,"0","0","0",NA,NA,NA,NA,NA,NA,NA,NA,NA,NA,NA,NA,"0","0","0",NA
"Batrachostomus_moniliger","0","2","0","0",NA,NA,NA,"0",NA,"0",NA,NA,NA,NA,NA,NA,"0","0","0",NA
"Batrachostomus_poliolophus","0","1","0","0",NA,NA,NA,"0",NA,NA,NA,NA,NA,NA,NA,NA,"0","0","0",NA
"Batrachostomus_septimus","0","1","0","0",NA,NA,NA,"0",NA,NA,NA,NA,NA,NA,NA,NA,"0","0","0",NA
"Batrachostomus_stellatus","0","1","0","0",NA,NA,NA,"0",NA,NA,NA,NA,NA,NA,NA,NA,"0","0","0",NA
"Berlepschia_rikeri","0","1","0","0",NA,NA,NA,"0",NA,NA,NA,NA,NA,NA,NA,NA,"0","0","0",NA
"Bernieria_apperti","1","0","1","0",NA,NA,NA,"1",NA,NA,NA,NA,NA,NA,NA,NA,"0","0","0",NA
"Bernieria_cinereiceps","1","1","1","1",NA,NA,NA,"1",NA,"0",NA,NA,NA,NA,NA,NA,"0","0","0",NA
"Bernieria_madagascariensis","0","1","0","0",NA,NA,NA,"0",NA,NA,NA,NA,NA,NA,NA,NA,"0","0","0",NA
"Bernieria_tenebrosa","1","0","1","0",NA,NA,NA,"1",NA,NA,NA,NA,NA,NA,NA,NA,"0","0","0",NA
"Bernieria_zosterops","1","1","1","1",NA,NA,NA,"1",NA,"0",NA,NA,NA,NA,NA,NA,"0","0","0",NA
"Bias_musicus","1","1","2","1",NA,NA,NA,"1",NA,"0",NA,"1",NA,NA,"K","1","1","0","0","Kin"
"Biatas_nigropectus","0","1","0","0",NA,NA,NA,"0",NA,NA,NA,NA,NA,NA,NA,NA,"0","0","0",NA
"Biziura_lobata","0","3","0","0",NA,NA,NA,"0",NA,"0",NA,"0",NA,NA,NA,"0","0","0","0",NA
"Bleda_canicapillus","0","2","0","0",NA,NA,NA,"0",NA,NA,NA,"0",NA,NA,NA,"1","0","0","0",NA
"Bleda_eximius","0","2","0","0",NA,NA,NA,"0",NA,"0",NA,NA,NA,NA,NA,NA,"0","0","0",NA
"Bleda_notatus","0","1","0","0",NA,NA,NA,NA,NA,NA,NA,"0",NA,NA,NA,"1","0","0","0",NA
"Bleda_syndactylus","0","3","0","0",NA,NA,NA,"0",NA,"0",NA,"0",NA,NA,NA,"1","0","0","0",NA
"Blythipicus_pyrrhotis","0","2","0","0",NA,NA,NA,"0",NA,"0",NA,NA,NA,NA,NA,NA,"0","0","0",NA
"Blythipicus_rubiginosus","0","1","0","0",NA,NA,NA,"0",NA,NA,NA,NA,NA,NA,NA,NA,"0","0","0",NA
"Boissonneaua_flavescens","0","3","0","0",NA,NA,NA,"0",NA,"0",NA,"0",NA,NA,NA,"0","0","0","0",NA
"Boissonneaua_jardini","0","3","0","0",NA,NA,NA,"0",NA,"0",NA,"0",NA,NA,NA,"0","0","0","0",NA
"Boissonneaua_matthewsii","0","3","0","0",NA,NA,NA,"0",NA,"0",NA,"0",NA,NA,NA,"0","0","0","0",NA
"Bolbopsittacus_lunulatus","0","1","0","0",NA,NA,NA,"0",NA,NA,NA,NA,NA,NA,NA,NA,"0","0","0",NA
"Bolborhynchus_ferrugineifrons","0","1","0","0",NA,NA,NA,"0",NA,NA,NA,NA,NA,NA,NA,NA,"0","0","0",NA
"Bolborhynchus_lineola","0","1","0","0",NA,NA,NA,"0",NA,NA,NA,NA,NA,NA,NA,NA,"0","0","0",NA
"Bolborhynchus_orbygnesius","0","1","0","0",NA,NA,NA,"0",NA,NA,NA,NA,NA,NA,NA,NA,"0","0","0",NA
"Bombycilla_cedrorum","0","3","0","0",NA,NA,NA,"0",NA,"0",NA,"0",NA,NA,NA,"0","0","0","0",NA
"Bombycilla_garrulus","0","2","0","0",NA,NA,NA,"0",NA,"0",NA,NA,NA,NA,NA,NA,"0","0","0",NA
"Bombycilla_japonica","0","3","0","0",NA,NA,NA,"0",NA,"0",NA,"0",NA,NA,NA,"0","0","0","0",NA
"Bonasa_bonasia","0","2","0","0",NA,NA,NA,"0",NA,"0",NA,NA,NA,NA,NA,NA,"0","0","0",NA
"Bonasa_sewerzowi","0","2","0","0",NA,NA,NA,"0",NA,"0",NA,NA,NA,NA,NA,NA,"0","0","0",NA
"Bonasa_umbellus","0","3","0","0",NA,NA,NA,"0",NA,"0",NA,"0",NA,NA,NA,"1","0","0","0",NA
"Bostrychia_carunculata","0","2","0","0",NA,NA,NA,"0",NA,"0",NA,NA,NA,NA,NA,NA,"0","0","0",NA
"Bostrychia_hagedash","0","3","0","0",NA,NA,NA,"0",NA,"0",NA,"0",NA,NA,NA,"1","0","0","0",NA
"Bostrychia_olivacea","0","2","0","0",NA,NA,NA,"0",NA,"0",NA,NA,NA,NA,NA,NA,"0","0","0",NA
"Bostrychia_rara","0","2","0","0",NA,NA,NA,"0",NA,"0",NA,NA,NA,NA,NA,NA,"0","0","0",NA
"Botaurus_lentiginosus","0","3","0","0",NA,NA,NA,"0",NA,"0",NA,"0",NA,NA,NA,"0","0","0","0",NA
"Botaurus_pinnatus","0","3","0","0",NA,NA,NA,"0",NA,"0",NA,"0",NA,NA,NA,"0","0","0","0",NA
"Botaurus_poiciloptilus","0","3","0","0",NA,NA,NA,"0",NA,"0",NA,"0",NA,NA,NA,"0","0","0","0",NA
"Botaurus_stellaris","0","3","0","0",NA,NA,NA,"0",NA,"0",NA,"0",NA,NA,NA,"0","0","0","0",NA
"Brachycope_anomala","0","1","0","0",NA,NA,NA,"0",NA,NA,NA,NA,NA,NA,NA,NA,"0","0","0",NA
"Brachygalba_albogularis","1","0","2","0",NA,NA,NA,"1",NA,"1",NA,NA,NA,NA,NA,NA,"0","0","0",NA
"Brachygalba_goeringi","1","0","1","0",NA,NA,NA,"1",NA,NA,NA,NA,NA,NA,NA,NA,"0","0","0",NA
"Brachygalba_lugubris","1","0","1","0",NA,NA,NA,"1",NA,NA,NA,NA,NA,NA,NA,NA,"0","0","0",NA
"Brachygalba_salmoni","1","0","1","0",NA,NA,NA,"1",NA,NA,NA,NA,NA,NA,NA,NA,"0","0","0",NA
"Brachypteracias_leptosomus","0","2","0","0",NA,NA,NA,"0",NA,"0",NA,NA,NA,NA,NA,NA,"0","0","0",NA
"Brachypteracias_squamiger","0","2","0","0",NA,NA,NA,"0",NA,"0",NA,NA,NA,NA,NA,NA,"0","0","0",NA
"Brachypteryx_hyperythra","0","1","0","0",NA,NA,NA,"0",NA,NA,NA,NA,NA,NA,NA,NA,"0","0","0",NA
"Brachypteryx_leucophrys","0","2","0","0",NA,NA,NA,"0",NA,"0",NA,NA,NA,NA,NA,NA,"0","0","0",NA
"Brachypteryx_montana","0","2","0","0",NA,NA,NA,"0",NA,"0",NA,NA,NA,NA,NA,NA,"0","0","0",NA
"Brachypteryx_stellata","0","1","0","0",NA,NA,NA,"0",NA,NA,NA,NA,NA,NA,NA,NA,"0","0","0",NA
"Brachyramphus_brevirostris","0","1","0","0",NA,NA,NA,NA,NA,"0",NA,NA,NA,NA,NA,NA,"0","0","0",NA
"Brachyramphus_marmoratus","0","1","0","0",NA,NA,NA,NA,NA,"0",NA,NA,NA,NA,NA,NA,"0","0","0",NA
"Bradornis_infuscatus","0","2","0","0",NA,NA,NA,"0",NA,"0",NA,NA,NA,NA,NA,NA,"0","0","0",NA
"Bradornis_mariquensis","1","0","2","0",NA,NA,NA,"1",NA,"1",NA,NA,NA,NA,NA,NA,"0","0","0",NA
"Bradornis_microrhynchus","0","2","0","0",NA,NA,NA,"0",NA,"0",NA,NA,NA,NA,NA,NA,"0","0","0",NA
"Bradornis_pallidus","1","1","1","1",NA,NA,NA,"1",NA,"0",NA,NA,NA,NA,NA,NA,"0","0","0",NA
"Bradypterus_accentor","0","1","0","0",NA,NA,NA,"0",NA,NA,NA,NA,NA,NA,NA,NA,"0","0","0",NA
"Bradypterus_alfredi","0","1","0","0",NA,NA,NA,"0",NA,NA,NA,NA,NA,NA,NA,NA,"0","0","0",NA
"Bradypterus_baboecala","0","3","0","0",NA,NA,NA,"0",NA,"0",NA,"0",NA,NA,NA,"0","0","0","0",NA
"Bradypterus_barratti","0","2","0","0",NA,NA,NA,"0",NA,"0",NA,NA,NA,NA,NA,NA,"0","0","0",NA
"Bradypterus_carpalis","0","1","0","0",NA,NA,NA,"0",NA,NA,NA,NA,NA,NA,NA,NA,"0","0","0",NA
"Bradypterus_castaneus","0","1","0","0",NA,NA,NA,"0",NA,NA,NA,NA,NA,NA,NA,NA,"0","0","0",NA
"Bradypterus_caudatus","0","1","0","0",NA,NA,NA,"0",NA,NA,NA,NA,NA,NA,NA,NA,"0","0","0",NA
"Bradypterus_cinnamomeus","0","2","0","0",NA,NA,NA,"0",NA,"0",NA,NA,NA,NA,NA,NA,"0","0","0",NA
"Bradypterus_grandis","0","2","0","0",NA,NA,NA,"0",NA,"0",NA,NA,NA,NA,NA,NA,"0","0","0",NA
"Bradypterus_graueri","0","1","0","0",NA,NA,NA,"0",NA,NA,NA,NA,NA,NA,NA,NA,"0","0","0",NA
"Bradypterus_lopezi","0","2","0","0",NA,NA,NA,"0",NA,"0",NA,NA,NA,NA,NA,NA,"0","0","0",NA
"Bradypterus_luteoventris","0","2","0","0",NA,NA,NA,"0",NA,"0",NA,NA,NA,NA,NA,NA,"0","0","0",NA
"Bradypterus_major","0","1","0","0",NA,NA,NA,"0",NA,NA,NA,NA,NA,NA,NA,NA,"0","0","0",NA
"Bradypterus_palliseri","0","3","0","0",NA,NA,NA,"0",NA,"0",NA,"0",NA,NA,NA,"1","0","0","0",NA
"Bradypterus_seebohmi","0","1","0","0",NA,NA,NA,"0",NA,NA,NA,NA,NA,NA,NA,NA,"0","0","0",NA
"Bradypterus_sylvaticus","0","2","0","0",NA,NA,NA,"0",NA,"0",NA,NA,NA,NA,NA,NA,"0","0","0",NA
"Bradypterus_tacsanowskius","0","2","0","0",NA,NA,NA,"0",NA,"0",NA,NA,NA,NA,NA,NA,"0","0","0",NA
"Bradypterus_thoracicus","0","1","0","0",NA,NA,NA,"0",NA,NA,NA,NA,NA,NA,NA,NA,"0","0","0",NA
"Bradypterus_victorini","0","2","0","0",NA,NA,NA,"0",NA,"0",NA,NA,NA,NA,NA,NA,"0","0","0",NA
"Branta_bernicla","0","4","0","0",NA,"0",NA,"0",NA,"0",NA,"0",NA,NA,NA,"1","0","0","0",NA
"Branta_canadensis","0","5","0","0",NA,"0","0","0",NA,"0",NA,"0",NA,NA,NA,"1","0","0","0",NA
"Branta_leucopsis","0","5","0","0",NA,"0","0","0",NA,"0",NA,"0",NA,NA,NA,"1","0","0","0",NA
"Branta_ruficollis","0","2","0","0",NA,NA,NA,"0",NA,"0",NA,NA,NA,NA,NA,NA,"0","0","0",NA
"Branta_sandvicensis","0","1","0","0",NA,NA,NA,"0",NA,NA,NA,NA,NA,NA,NA,NA,"0","0","0",NA
"Brotogeris_chiriri","0","3","0","0",NA,NA,NA,"0",NA,"0",NA,"0",NA,NA,NA,"0","0","0","0",NA
"Brotogeris_chrysoptera","1","1","1","1",NA,NA,NA,"1",NA,"0",NA,NA,NA,NA,NA,NA,"0","0","0",NA
"Brotogeris_cyanoptera","1","0","3","0",NA,NA,NA,"1",NA,"1",NA,"1",NA,NA,"K","1","1","0","0","Kin"
"Brotogeris_jugularis","0","2","0","0",NA,NA,NA,"0",NA,"0",NA,NA,NA,NA,NA,NA,"0","0","0",NA
"Brotogeris_pyrrhoptera","0","2","0","0",NA,NA,NA,"0",NA,"0",NA,NA,NA,NA,NA,NA,"0","0","0",NA
"Brotogeris_sanctithomae","1","0","1","0",NA,NA,NA,"1",NA,NA,NA,NA,NA,NA,NA,NA,"0","0","0",NA
"Brotogeris_tirica","0","2","0","0",NA,NA,NA,"0",NA,"0",NA,NA,NA,NA,NA,NA,"0","0","0",NA
"Brotogeris_versicolurus","0","2","0","0",NA,NA,NA,"0",NA,NA,NA,"0",NA,NA,NA,"1","0","0","0",NA
"Bubalornis_albirostris","1","1","1","1",NA,NA,NA,"1",NA,"0",NA,NA,NA,NA,NA,NA,"0","0","0",NA
"Bubalornis_niger","1","0","4","0",NA,NA,NA,"1",NA,"1","1","1","NK",NA,"NK","0","0","2","0","NonKin"
"Bubo_africanus","0","3","0","0",NA,NA,NA,"0",NA,"0",NA,"0",NA,NA,NA,"1","0","0","0",NA
"Bubo_ascalaphus","0","2","0","0",NA,NA,NA,"0",NA,"0",NA,NA,NA,NA,NA,NA,"0","0","0",NA
"Bubo_bengalensis","0","2","0","0",NA,NA,NA,"0",NA,"0",NA,NA,NA,NA,NA,NA,"0","0","0",NA
"Bubo_bubo","0","3","0","0",NA,NA,NA,"0",NA,"0",NA,"0",NA,NA,NA,"0","0","0","0",NA
"Bubo_capensis","0","3","0","0",NA,NA,NA,"0",NA,"0",NA,"0",NA,NA,NA,"1","0","0","0",NA
"Bubo_cinerascens","0","1","0","0",NA,NA,NA,"0",NA,NA,NA,NA,NA,NA,NA,NA,"0","0","0",NA
"Bubo_coromandus","0","1","0","0",NA,NA,NA,"0",NA,NA,NA,NA,NA,NA,NA,NA,"0","0","0",NA
"Bubo_lacteus","1","1","1","1",NA,NA,NA,"0",NA,NA,NA,"1",NA,NA,"K","1","1","0","0","Kin"
"Bubo_leucostictus","0","1","0","0",NA,NA,NA,"0",NA,NA,NA,NA,NA,NA,NA,NA,"0","0","0",NA
"Bubo_magellanicus","0","1","0","0",NA,NA,NA,"0",NA,NA,NA,NA,NA,NA,NA,NA,"0","0","0",NA
"Bubo_nipalensis","0","2","0","0",NA,NA,NA,"0",NA,"0",NA,NA,NA,NA,NA,NA,"0","0","0",NA
"Bubo_philippensis","0","1","0","0",NA,NA,NA,"0",NA,NA,NA,NA,NA,NA,NA,NA,"0","0","0",NA
"Bubo_poensis","0","1","0","0",NA,NA,NA,"0",NA,NA,NA,NA,NA,NA,NA,NA,"0","0","0",NA
"Bubo_shelleyi","0","1","0","0",NA,NA,NA,"0",NA,NA,NA,NA,NA,NA,NA,NA,"0","0","0",NA
"Bubo_sumatranus","0","2","0","0",NA,NA,NA,"0",NA,"0",NA,NA,NA,NA,NA,NA,"0","0","0",NA
"Bubo_virginianus","0","3","0","0",NA,NA,NA,"0",NA,"0",NA,"0",NA,NA,NA,"1","0","0","0",NA
"Bubo_vosseleri","0","1","0","0",NA,NA,NA,"0",NA,NA,NA,NA,NA,NA,NA,NA,"0","0","0",NA
"Bubulcus_ibis","0","2","0","0",NA,NA,NA,"0",NA,NA,NA,"0",NA,NA,NA,"0","0","0","0",NA
"Bucanetes_githagineus","0","2","0","0",NA,NA,NA,"0",NA,"0",NA,NA,NA,NA,NA,NA,"0","0","0",NA
"Buccanodon_duchaillui","0","1","0","0",NA,NA,NA,"0",NA,NA,NA,NA,NA,NA,NA,NA,"0","0","0",NA
"Bucco_capensis","0","1","0","0",NA,NA,NA,"0",NA,NA,NA,NA,NA,NA,NA,NA,"0","0","0",NA
"Bucco_macrodactylus","0","1","0","0",NA,NA,NA,"0",NA,NA,NA,NA,NA,NA,NA,NA,"0","0","0",NA
"Bucco_noanamae","0","1","0","0",NA,NA,NA,"0",NA,NA,NA,NA,NA,NA,NA,NA,"0","0","0",NA
"Bucco_tamatia","0","1","0","0",NA,NA,NA,"0",NA,NA,NA,NA,NA,NA,NA,NA,"0","0","0",NA
"Bucephala_albeola","0","3","0","0",NA,NA,NA,"0",NA,"0",NA,"0",NA,NA,NA,"0","0","0","0",NA
"Bucephala_clangula","0","4","0","0",NA,NA,"0","0",NA,"0",NA,"0",NA,NA,NA,"0","0","0","0",NA
"Bucephala_islandica","0","4","0","0",NA,NA,"0","0",NA,"0",NA,"0",NA,NA,NA,"0","0","0","0",NA
"Buceros_bicornis","0","2","0","0",NA,NA,NA,"0",NA,"0",NA,NA,NA,NA,NA,NA,"0","0","0",NA
"Buceros_hydrocorax","1","0","3","0",NA,NA,NA,"1",NA,"1",NA,"1",NA,NA,"K","1","1","0","0","Kin"
"Buceros_rhinoceros","1","0","3","0",NA,NA,NA,"1",NA,"1",NA,"1",NA,NA,"K","1","1","0","0","Kin"
"Bucorvus_abyssinicus","1","1","3","1",NA,NA,NA,"1",NA,"0","1","1","K",NA,"K","1","2","0","0","Kin"
"Bucorvus_leadbeateri","1","0","2","0",NA,NA,NA,NA,NA,NA,"1","1","K",NA,"K","1","2","0","0","Kin"
"Buettikoferella_bivittata","0","1","0","0",NA,NA,NA,"0",NA,NA,NA,NA,NA,NA,NA,NA,"0","0","0",NA
"Bulweria_bulwerii","0","1","0","0",NA,NA,NA,NA,NA,"0",NA,NA,NA,NA,NA,NA,"0","0","0",NA
"Bulweria_fallax",NA,"0","0","0",NA,NA,NA,NA,NA,NA,NA,NA,NA,NA,NA,NA,"0","0","0",NA
"Buphagus_africanus","1","0","4","0",NA,NA,NA,"1",NA,"1","1","1","K",NA,"K","1","2","0","0","Kin"
"Buphagus_erythrorhynchus","1","0","3","0",NA,NA,NA,"1",NA,"1",NA,"1",NA,NA,"K","1","1","0","0","Kin"
"Burhinus_bistriatus","0","2","0","0",NA,NA,NA,"0",NA,"0",NA,NA,NA,NA,NA,NA,"0","0","0",NA
"Burhinus_capensis","0","3","0","0",NA,NA,NA,"0",NA,"0",NA,"0",NA,NA,NA,"0","0","0","0",NA
"Burhinus_grallarius","0","3","0","0",NA,NA,NA,"0",NA,"0",NA,"0",NA,NA,NA,"1","0","0","0",NA
"Burhinus_oedicnemus","0","2","0","0",NA,NA,NA,"0",NA,"0",NA,NA,NA,NA,NA,NA,"0","0","0",NA
"Burhinus_senegalensis","0","2","0","0",NA,NA,NA,"0",NA,"0",NA,NA,NA,NA,NA,NA,"0","0","0",NA
"Burhinus_superciliaris","0","1","0","0",NA,NA,NA,"0",NA,NA,NA,NA,NA,NA,NA,NA,"0","0","0",NA
"Burhinus_vermiculatus","0","3","0","0",NA,NA,NA,"0",NA,"0",NA,"0",NA,NA,NA,"0","0","0","0",NA
"Busarellus_nigricollis","0","1","0","0",NA,NA,NA,"0",NA,NA,NA,NA,NA,NA,NA,NA,"0","0","0",NA
"Butastur_indicus","0","2","0","0",NA,NA,NA,"0",NA,"0",NA,NA,NA,NA,NA,NA,"0","0","0",NA
"Butastur_liventer","0","1","0","0",NA,NA,NA,"0",NA,NA,NA,NA,NA,NA,NA,NA,"0","0","0",NA
"Butastur_rufipennis","0","3","0","0",NA,NA,NA,"0",NA,"0",NA,"0",NA,NA,NA,"0","0","0","0",NA
"Butastur_teesa","0","2","0","0",NA,NA,NA,"0",NA,"0",NA,NA,NA,NA,NA,NA,"0","0","0",NA
"Buteo_albicaudatus","0","3","0","0",NA,NA,NA,"0",NA,"0",NA,"0",NA,NA,NA,"1","0","0","0",NA
"Buteo_albigula","0","1","0","0",NA,NA,NA,"0",NA,NA,NA,NA,NA,NA,NA,NA,"0","0","0",NA
"Buteo_albonotatus","0","2","0","0",NA,NA,NA,"0",NA,"0",NA,NA,NA,NA,NA,NA,"0","0","0",NA
"Buteo_archeri","0","1","0","0",NA,NA,NA,"0",NA,NA,NA,NA,NA,NA,NA,NA,"0","0","0",NA
"Buteo_augur","0","2","0","0",NA,NA,NA,"0",NA,NA,NA,"0",NA,NA,NA,"0","0","0","0",NA
"Buteo_auguralis","0","2","0","0",NA,NA,NA,"0",NA,"0",NA,NA,NA,NA,NA,NA,"0","0","0",NA
"Buteo_brachypterus","0","2","0","0",NA,NA,NA,"0",NA,"0",NA,NA,NA,NA,NA,NA,"0","0","0",NA
"Buteo_brachyurus","0","2","0","0",NA,NA,NA,"0",NA,"0",NA,NA,NA,NA,NA,NA,"0","0","0",NA
"Buteo_buteo","0","3","0","0",NA,NA,NA,"0",NA,"0",NA,"0",NA,NA,NA,"1","0","0","0",NA
"Buteo_galapagoensis","1","0","6","0",NA,"1","1","1",NA,"1","1","1","NK","NK","NK","1","0","3","0","NonKin"
"Buteo_hemilasius","0","2","0","0",NA,NA,NA,"0",NA,"0",NA,NA,NA,NA,NA,NA,"0","0","0",NA
"Buteo_jamaicensis","0","2","0","0",NA,NA,NA,"0",NA,NA,NA,"0",NA,NA,NA,"1","0","0","0",NA
"Buteo_lagopus","0","3","0","0",NA,NA,NA,"0",NA,"0",NA,"0",NA,NA,NA,"0","0","0","0",NA
"Buteo_leucorrhous","0","1","0","0",NA,NA,NA,"0",NA,NA,NA,NA,NA,NA,NA,NA,"0","0","0",NA
"Buteo_lineatus","0","1","0","0",NA,NA,NA,"0",NA,NA,NA,NA,NA,NA,NA,NA,"0","0","0",NA
"Buteo_magnirostris","0","2","0","0",NA,NA,NA,"0",NA,"0",NA,NA,NA,NA,NA,NA,"0","0","0",NA
"Buteo_nitidus","0","1","0","0",NA,NA,NA,"0",NA,NA,NA,NA,NA,NA,NA,NA,"0","0","0",NA
"Buteo_oreophilus","0","3","0","0",NA,NA,NA,"0",NA,"0",NA,"0",NA,NA,NA,"0","0","0","0",NA
"Buteo_platypterus","0","3","0","0",NA,NA,NA,"0",NA,"0",NA,"0",NA,NA,NA,"0","0","0","0",NA
"Buteo_polyosoma","0","2","0","0",NA,NA,NA,"0",NA,"0",NA,NA,NA,NA,NA,NA,"0","0","0",NA
"Buteo_regalis","0","2","0","0",NA,NA,NA,"0",NA,NA,NA,"0",NA,NA,NA,"0","0","0","0",NA
"Buteo_ridgwayi","0","3","0","0",NA,"0",NA,"0",NA,"0",NA,NA,NA,NA,NA,NA,"0","0","0",NA
"Buteo_rufinus","0","2","0","0",NA,NA,NA,"0",NA,"0",NA,NA,NA,NA,NA,NA,"0","0","0",NA
"Buteo_rufofuscus","1","0","3","0",NA,NA,NA,"1",NA,"1",NA,"1",NA,NA,"NK","0","0","1","0","NonKin"
"Buteo_solitarius","0","3","0","0",NA,NA,NA,"0",NA,"0",NA,"0",NA,NA,NA,"1","0","0","0",NA
"Buteo_swainsoni","1","1","3","1",NA,NA,"0","1",NA,"1",NA,"1",NA,NA,"NK","0","0","1","0","NonKin"
"Buteo_ventralis","0","1","0","0",NA,NA,NA,"0",NA,NA,NA,NA,NA,NA,NA,NA,"0","0","0",NA
"Buteogallus_aequinoctialis","0","2","0","0",NA,NA,NA,"0",NA,"0",NA,NA,NA,NA,NA,NA,"0","0","0",NA
"Buteogallus_anthracinus","0","3","0","0",NA,NA,NA,"0",NA,"0",NA,"0",NA,NA,NA,"0","0","0","0",NA
"Buteogallus_meridionalis","0","2","0","0",NA,NA,NA,"0",NA,"0",NA,NA,NA,NA,NA,NA,"0","0","0",NA
"Buteogallus_urubitinga","0","2","0","0",NA,NA,NA,"0",NA,"0",NA,NA,NA,NA,NA,NA,"0","0","0",NA
"Buthraupis_aureodorsalis","0","1","0","0",NA,NA,NA,"0",NA,NA,NA,NA,NA,NA,NA,NA,"0","0","0",NA
"Buthraupis_eximia","0","1","0","0",NA,NA,NA,"0",NA,NA,NA,NA,NA,NA,NA,NA,"0","0","0",NA
"Buthraupis_montana","0","1","0","0",NA,NA,NA,"0",NA,NA,NA,NA,NA,NA,NA,NA,"0","0","0",NA
"Buthraupis_wetmorei","0","1","0","0",NA,NA,NA,"0",NA,NA,NA,NA,NA,NA,NA,NA,"0","0","0",NA
"Butorides_striata","0","2","0","0",NA,NA,NA,"0",NA,"0",NA,NA,NA,NA,NA,NA,"0","0","0",NA
"Butorides_virescens","0","1","0","0",NA,NA,NA,NA,NA,"0",NA,NA,NA,NA,NA,NA,"0","0","0",NA
"Bycanistes_albotibialis",NA,"0","0","0",NA,NA,NA,NA,NA,NA,NA,NA,NA,NA,NA,NA,"0","0","0",NA
"Bycanistes_brevis","0","3","0","0",NA,NA,NA,"0",NA,"0",NA,"0",NA,NA,NA,"1","0","0","0",NA
"Bycanistes_bucinator","1","0","3","0",NA,NA,NA,"1",NA,"1",NA,"1",NA,NA,"K","1","1","0","0","Kin"
"Bycanistes_cylindricus","0","2","0","0",NA,NA,NA,"0",NA,NA,NA,"0",NA,NA,NA,"0","0","0","0",NA
"Bycanistes_fistulator","1","1","1","1",NA,NA,NA,"1",NA,NA,NA,"0",NA,NA,NA,"1","0","0","0",NA
"Bycanistes_subcylindricus","0","2","0","0",NA,NA,NA,"0",NA,"0",NA,NA,NA,NA,NA,NA,"0","0","0",NA
"Cacatua_alba","0","2","0","0",NA,NA,NA,"0",NA,"0",NA,NA,NA,NA,NA,NA,"0","0","0",NA
"Cacatua_ducorpsii","0","1","0","0",NA,NA,NA,"0",NA,NA,NA,NA,NA,NA,NA,NA,"0","0","0",NA
"Cacatua_galerita","0","3","0","0",NA,NA,NA,"0",NA,"0",NA,"0",NA,NA,NA,"1","0","0","0",NA
"Cacatua_haematuropygia","0","2","0","0",NA,NA,NA,"0",NA,"0",NA,NA,NA,NA,NA,NA,"0","0","0",NA
"Cacatua_leadbeateri","0","2","0","0",NA,NA,NA,"0",NA,"0",NA,NA,NA,NA,NA,NA,"0","0","0",NA
"Cacatua_moluccensis","0","1","0","0",NA,NA,NA,"0",NA,NA,NA,NA,NA,NA,NA,NA,"0","0","0",NA
"Cacatua_ophthalmica","0","1","0","0",NA,NA,NA,"0",NA,NA,NA,NA,NA,NA,NA,NA,"0","0","0",NA
"Cacatua_pastinator","0","3","0","0",NA,NA,NA,"0",NA,"0",NA,"0",NA,NA,NA,"1","0","0","0",NA
"Cacatua_roseicapilla","0","1","0","0",NA,NA,NA,"0",NA,NA,NA,NA,NA,NA,NA,NA,"0","0","0",NA
"Cacatua_sanguinea","0","3","0","0",NA,NA,NA,"0",NA,"0",NA,"0",NA,NA,NA,"1","0","0","0",NA
"Cacatua_sulphurea","0","2","0","0",NA,NA,NA,"0",NA,"0",NA,NA,NA,NA,NA,NA,"0","0","0",NA
"Cacatua_tenuirostris","0","2","0","0",NA,NA,NA,"0",NA,"0",NA,NA,NA,NA,NA,NA,"0","0","0",NA
"Cacicus_cela","0","2","0","0",NA,NA,NA,"0",NA,"0",NA,NA,NA,NA,NA,NA,"0","0","0",NA
"Cacicus_chrysonotus","0","1","0","0",NA,NA,NA,"0",NA,NA,NA,NA,NA,NA,NA,NA,"0","0","0",NA
"Cacicus_chrysopterus","0","2","0","0",NA,NA,NA,"0",NA,NA,NA,"0",NA,NA,NA,"1","0","0","0",NA
"Cacicus_haemorrhous","0","2","0","0",NA,NA,NA,"0",NA,"0",NA,NA,NA,NA,NA,NA,"0","0","0",NA
"Cacicus_koepckeae","0","1","0","0",NA,NA,NA,"0",NA,NA,NA,NA,NA,NA,NA,NA,"0","0","0",NA
"Cacicus_leucoramphus","0","1","0","0",NA,NA,NA,"0",NA,NA,NA,NA,NA,NA,NA,NA,"0","0","0",NA
"Cacicus_melanicterus","0","1","0","0",NA,NA,NA,"0",NA,NA,NA,NA,NA,NA,NA,NA,"0","0","0",NA
"Cacicus_microrhynchus","0","1","0","0",NA,NA,NA,"0",NA,NA,NA,NA,NA,NA,NA,NA,"0","0","0",NA
"Cacicus_sclateri","0","1","0","0",NA,NA,NA,"0",NA,NA,NA,NA,NA,NA,NA,NA,"0","0","0",NA
"Cacicus_solitarius","0","1","0","0",NA,NA,NA,"0",NA,NA,NA,NA,NA,NA,NA,NA,"0","0","0",NA
"Cacicus_uropygialis","0","2","0","0",NA,NA,NA,"0",NA,"0",NA,NA,NA,NA,NA,NA,"0","0","0",NA
"Cacomantis_castaneiventris","0","2","0","0",NA,NA,NA,"0",NA,NA,NA,"0",NA,NA,NA,"0","0","0","0",NA
"Cacomantis_flabelliformis","0","2","0","0",NA,NA,NA,"0",NA,NA,NA,"0",NA,NA,NA,"0","0","0","0",NA
"Cacomantis_heinrichi","0","1","0","0",NA,NA,NA,"0",NA,NA,NA,NA,NA,NA,NA,NA,"0","0","0",NA
"Cacomantis_merulinus","0","2","0","0",NA,NA,NA,"0",NA,NA,NA,"0",NA,NA,NA,"0","0","0","0",NA
"Cacomantis_passerinus",NA,"0","0","0",NA,NA,NA,NA,NA,NA,NA,NA,NA,NA,NA,NA,"0","0","0",NA
"Cacomantis_sepulcralis",NA,"0","0","0",NA,NA,NA,NA,NA,NA,NA,NA,NA,NA,NA,NA,"0","0","0",NA
"Cacomantis_sonneratii","0","2","0","0",NA,NA,NA,"0",NA,NA,NA,"0",NA,NA,NA,"0","0","0","0",NA
"Cacomantis_variolosus","0","2","0","0",NA,NA,NA,"0",NA,NA,NA,"0",NA,NA,NA,"0","0","0","0",NA
"Cairina_moschata","0","2","0","0",NA,NA,NA,"0",NA,"0",NA,NA,NA,NA,NA,NA,"0","0","0",NA
"Cairina_scutulata","0","2","0","0",NA,NA,NA,"0",NA,"0",NA,NA,NA,NA,NA,NA,"0","0","0",NA
"Calamanthus_campestris","0","3","0","0",NA,NA,NA,"0",NA,"0",NA,"0",NA,NA,NA,"1","0","0","0",NA
"Calamanthus_fuliginosus","0","3","0","0",NA,NA,NA,"0",NA,"0",NA,"0",NA,NA,NA,"1","0","0","0",NA
"Calamospiza_melanocorys","1","0","3","0",NA,NA,NA,"1",NA,"1",NA,"1",NA,NA,"NK","0","0","1","0","NonKin"
"Calandrella_acutirostris","0","2","0","0",NA,NA,NA,"0",NA,"0",NA,NA,NA,NA,NA,NA,"0","0","0",NA
"Calandrella_brachydactyla","0","3","0","0",NA,NA,NA,"0",NA,"0",NA,"0",NA,NA,NA,"0","0","0","0",NA
"Calandrella_cheleensis","0","1","0","0",NA,NA,NA,"0",NA,NA,NA,NA,NA,NA,NA,NA,"0","0","0",NA
"Calandrella_cinerea","0","2","0","0",NA,NA,NA,"0",NA,"0",NA,NA,NA,NA,NA,NA,"0","0","0",NA
"Calandrella_raytal","0","2","0","0",NA,NA,NA,"0",NA,"0",NA,NA,NA,NA,NA,NA,"0","0","0",NA
"Calandrella_rufescens","0","1","0","0",NA,NA,NA,"0",NA,NA,NA,NA,NA,NA,NA,NA,"0","0","0",NA
"Calandrella_somalica","0","1","0","0",NA,NA,NA,"0",NA,NA,NA,NA,NA,NA,NA,NA,"0","0","0",NA
"Calcarius_lapponicus","0","3","0","0",NA,NA,NA,"0",NA,"0",NA,"0",NA,NA,NA,"0","0","0","0",NA
"Calcarius_mccownii","0","2","0","0",NA,NA,NA,"0",NA,"0",NA,NA,NA,NA,NA,NA,"0","0","0",NA
"Calcarius_ornatus","0","4","0","0",NA,NA,"0","0",NA,"0",NA,"0",NA,NA,NA,"0","0","0","0",NA
"Calcarius_pictus","1","1","5","1",NA,"0","1","1",NA,"1","1","1","NK","NK","NK","0","0","3","0","NonKin"
"Calicalicus_madagascariensis","0","2","0","0",NA,NA,NA,"0",NA,"0",NA,NA,NA,NA,NA,NA,"0","0","0",NA
"Calicalicus_rufocarpalis",NA,"0","0","0",NA,NA,NA,NA,NA,NA,NA,NA,NA,NA,NA,NA,"0","0","0",NA
"Calidris_acuminata","0","2","0","0",NA,NA,NA,"0",NA,"0",NA,NA,NA,NA,NA,NA,"0","0","0",NA
"Calidris_alba","0","4","0","0",NA,NA,"0","0",NA,"0",NA,"0",NA,NA,NA,"0","0","0","0",NA
"Calidris_alpina","0","3","0","0",NA,NA,NA,"0",NA,"0",NA,"0",NA,NA,NA,"0","0","0","0",NA
"Calidris_bairdii","0","2","0","0",NA,NA,NA,"0",NA,"0",NA,NA,NA,NA,NA,NA,"0","0","0",NA
"Calidris_canutus","0","3","0","0",NA,NA,NA,"0",NA,"0",NA,"0",NA,NA,NA,"0","0","0","0",NA
"Calidris_ferruginea","0","2","0","0",NA,NA,NA,"0",NA,"0",NA,NA,NA,NA,NA,NA,"0","0","0",NA
"Calidris_fuscicollis","0","3","0","0",NA,NA,NA,"0",NA,"0",NA,"0",NA,NA,NA,"0","0","0","0",NA
"Calidris_himantopus","0","1","0","0",NA,NA,NA,NA,NA,NA,NA,"0",NA,NA,NA,"0","0","0","0",NA
"Calidris_maritima","0","5","0","0",NA,"0","0","0",NA,"0",NA,"0",NA,NA,NA,"0","0","0","0",NA
"Calidris_mauri","0","5","0","0",NA,"0","0","0",NA,"0",NA,"0",NA,NA,NA,"0","0","0","0",NA
"Calidris_melanotos","0","3","0","0",NA,NA,NA,"0",NA,"0",NA,"0",NA,NA,NA,"0","0","0","0",NA
"Calidris_minuta","0","2","0","0",NA,NA,NA,"0",NA,"0",NA,NA,NA,NA,NA,NA,"0","0","0",NA
"Calidris_minutilla","0","3","0","0",NA,NA,NA,"0",NA,"0",NA,"0",NA,NA,NA,"0","0","0","0",NA
"Calidris_ptilocnemis","0","3","0","0",NA,NA,NA,"0",NA,"0",NA,"0",NA,NA,NA,"0","0","0","0",NA
"Calidris_pusilla","0","3","0","0",NA,NA,NA,"0",NA,"0",NA,"0",NA,NA,NA,"0","0","0","0",NA
"Calidris_ruficollis","0","2","0","0",NA,NA,NA,"0",NA,"0",NA,NA,NA,NA,NA,NA,"0","0","0",NA
"Calidris_subminuta","0","2","0","0",NA,NA,NA,"0",NA,"0",NA,NA,NA,NA,NA,NA,"0","0","0",NA
"Calidris_temminckii","0","3","0","0",NA,NA,NA,"0",NA,"0",NA,"0",NA,NA,NA,"0","0","0","0",NA
"Calidris_tenuirostris","0","2","0","0",NA,NA,NA,"0",NA,"0",NA,NA,NA,NA,NA,NA,"0","0","0",NA
"Caliechthrus_leucolophus","0","1","0","0",NA,NA,NA,"0",NA,NA,NA,NA,NA,NA,NA,NA,"0","0","0",NA
"Callacanthis_burtoni","0","2","0","0",NA,NA,NA,"0",NA,"0",NA,NA,NA,NA,NA,NA,"0","0","0",NA
"Callaeas_cinereus","0","3","0","0",NA,NA,NA,"0",NA,"0",NA,"0",NA,NA,NA,"0","0","0","0",NA
"Callipepla_californica","0","3","0","0",NA,NA,NA,"0",NA,"0",NA,"0",NA,NA,NA,"1","0","0","0",NA
"Callipepla_douglasii","0","2","0","0",NA,NA,NA,"0",NA,"0",NA,NA,NA,NA,NA,NA,"0","0","0",NA
"Callipepla_gambelii","0","3","0","0",NA,NA,NA,"0",NA,"0",NA,"0",NA,NA,NA,"1","0","0","0",NA
"Callipepla_squamata","0","2","0","0",NA,NA,NA,"0",NA,"0",NA,NA,NA,NA,NA,NA,"0","0","0",NA
"Calliphlox_amethystina","0","3","0","0",NA,NA,NA,"0",NA,"0",NA,"0",NA,NA,NA,"0","0","0","0",NA
"Calliphlox_bryantae","0","3","0","0",NA,NA,NA,"0",NA,"0",NA,"0",NA,NA,NA,"0","0","0","0",NA
"Calliphlox_evelynae","0","2","0","0",NA,NA,NA,"0",NA,"0",NA,NA,NA,NA,NA,NA,"0","0","0",NA
"Calliphlox_mitchellii","0","3","0","0",NA,NA,NA,"0",NA,"0",NA,"0",NA,NA,NA,"0","0","0","0",NA
"Callocephalon_fimbriatum","0","3","0","0",NA,NA,NA,"0",NA,"0",NA,"0",NA,NA,NA,"1","0","0","0",NA
"Callonetta_leucophrys","0","2","0","0",NA,NA,NA,"0",NA,"0",NA,NA,NA,NA,NA,NA,"0","0","0",NA
"Calochaetes_coccineus","1","0","1","0",NA,NA,NA,"1",NA,NA,NA,NA,NA,NA,NA,NA,"0","0","0",NA
"Calocitta_colliei","1","0","3","0",NA,NA,NA,"1",NA,"1",NA,"1",NA,NA,"K","1","1","0","0","Kin"
"Calocitta_formosa","1","0","4","0",NA,NA,NA,"1",NA,"1","1","1","M",NA,"K","1","1","0","1","Kin"
"Caloenas_nicobarica","0","2","0","0",NA,NA,NA,"0",NA,"0",NA,NA,NA,NA,NA,NA,"0","0","0",NA
"Calonectris_diomedea","0","3","0","0",NA,"0","0",NA,NA,"0",NA,NA,NA,NA,NA,NA,"0","0","0",NA
"Calonectris_leucomelas","0","1","0","0",NA,NA,NA,NA,NA,"0",NA,NA,NA,NA,NA,NA,"0","0","0",NA
"Caloperdix_oculeus","0","1","0","0",NA,NA,NA,"0",NA,NA,NA,NA,NA,NA,NA,NA,"0","0","0",NA
"Calorhamphus_fuliginosus","0","1","0","0",NA,NA,NA,"0",NA,NA,NA,NA,NA,NA,NA,NA,"0","0","0",NA
"Calothorax_lucifer","0","3","0","0",NA,NA,NA,"0",NA,"0",NA,"0",NA,NA,NA,"0","0","0","0",NA
"Calothorax_pulcher","0","3","0","0",NA,NA,NA,"0",NA,"0",NA,"0",NA,NA,NA,"0","0","0","0",NA
"Calypte_anna","0","3","0","0",NA,NA,NA,"0",NA,"0",NA,"0",NA,NA,NA,"0","0","0","0",NA
"Calypte_costae","0","3","0","0",NA,NA,NA,"0",NA,"0",NA,"0",NA,NA,NA,"0","0","0","0",NA
"Calyptocichla_serina","0","3","0","0",NA,NA,NA,"0",NA,"0",NA,"0",NA,NA,NA,"1","0","0","0",NA
"Calyptomena_hosii","0","1","0","0",NA,NA,NA,"0",NA,NA,NA,NA,NA,NA,NA,NA,"0","0","0",NA
"Calyptomena_viridis","0","1","0","0",NA,NA,NA,"0",NA,NA,NA,NA,NA,NA,NA,NA,"0","0","0",NA
"Calyptomena_whiteheadi","0","1","0","0",NA,NA,NA,"0",NA,NA,NA,NA,NA,NA,NA,NA,"0","0","0",NA
"Calyptophilus_frugivorus","0","1","0","0",NA,NA,NA,"0",NA,NA,NA,NA,NA,NA,NA,NA,"0","0","0",NA
"Calyptophilus_tertius","0","1","0","0",NA,NA,NA,"0",NA,NA,NA,NA,NA,NA,NA,NA,"0","0","0",NA
"Calyptorhynchus_banksii","0","3","0","0",NA,NA,NA,"0",NA,"0",NA,"0",NA,NA,NA,"1","0","0","0",NA
"Calyptorhynchus_baudinii","0","3","0","0",NA,NA,NA,"0",NA,"0",NA,"0",NA,NA,NA,"1","0","0","0",NA
"Calyptorhynchus_funereus","0","2","0","0",NA,NA,NA,"0",NA,NA,NA,"0",NA,NA,NA,"1","0","0","0",NA
"Calyptorhynchus_lathami","0","3","0","0",NA,NA,NA,"0",NA,"0",NA,"0",NA,NA,NA,"1","0","0","0",NA
"Calyptorhynchus_latirostris","0","3","0","0",NA,NA,NA,"0",NA,"0",NA,"0",NA,NA,NA,"1","0","0","0",NA
"Calyptura_cristata","0","1","0","0",NA,NA,NA,"0",NA,NA,NA,NA,NA,NA,NA,NA,"0","0","0",NA
"Camarhynchus_heliobates","0","2","0","0",NA,NA,NA,"0",NA,"0",NA,NA,NA,NA,NA,NA,"0","0","0",NA
"Camarhynchus_pallidus","0","3","0","0",NA,NA,NA,"0",NA,"0",NA,"0",NA,NA,NA,"0","0","0","0",NA
"Camarhynchus_parvulus","0","2","0","0",NA,NA,NA,"0",NA,"0",NA,NA,NA,NA,NA,NA,"0","0","0",NA
"Camarhynchus_pauper","0","1","0","0",NA,NA,NA,NA,NA,"0",NA,NA,NA,NA,NA,NA,"0","0","0",NA
"Camarhynchus_psittacula","0","2","0","0",NA,NA,NA,"0",NA,"0",NA,NA,NA,NA,NA,NA,"0","0","0",NA
"Camaroptera_brachyura","0","3","0","0",NA,NA,NA,"0",NA,"0",NA,"0",NA,NA,NA,"0","0","0","0",NA
"Camaroptera_chloronota","0","3","0","0",NA,NA,NA,"0",NA,"0",NA,"0",NA,NA,NA,"1","0","0","0",NA
"Camaroptera_superciliaris","0","3","0","0",NA,NA,NA,"0",NA,"0",NA,"0",NA,NA,NA,"1","0","0","0",NA
"Camaroptera_undosa","0","1","0","0",NA,NA,NA,"0",NA,NA,NA,NA,NA,NA,NA,NA,"0","0","0",NA
"Campephaga_flava","0","3","0","0",NA,NA,NA,"0",NA,"0",NA,"0",NA,NA,NA,"0","0","0","0",NA
"Campephaga_lobata","0","1","0","0",NA,NA,NA,"0",NA,NA,NA,NA,NA,NA,NA,NA,"0","0","0",NA
"Campephaga_oriolina","0","1","0","0",NA,NA,NA,"0",NA,NA,NA,NA,NA,NA,NA,NA,"0","0","0",NA
"Campephaga_petiti","0","1","0","0",NA,NA,NA,"0",NA,NA,NA,NA,NA,NA,NA,NA,"0","0","0",NA
"Campephaga_phoenicea","0","2","0","0",NA,NA,NA,"0",NA,"0",NA,NA,NA,NA,NA,NA,"0","0","0",NA
"Campephaga_quiscalina","0","2","0","0",NA,NA,NA,"0",NA,"0",NA,NA,NA,NA,NA,NA,"0","0","0",NA
"Campephilus_gayaquilensis","0","1","0","0",NA,NA,NA,"0",NA,NA,NA,NA,NA,NA,NA,NA,"0","0","0",NA
"Campephilus_guatemalensis","0","2","0","0",NA,NA,NA,"0",NA,"0",NA,NA,NA,NA,NA,NA,"0","0","0",NA
"Campephilus_haematogaster","0","1","0","0",NA,NA,NA,"0",NA,NA,NA,NA,NA,NA,NA,NA,"0","0","0",NA
"Campephilus_imperialis","0","1","0","0",NA,NA,NA,"0",NA,NA,NA,NA,NA,NA,NA,NA,"0","0","0",NA
"Campephilus_leucopogon","0","1","0","0",NA,NA,NA,"0",NA,NA,NA,NA,NA,NA,NA,NA,"0","0","0",NA
"Campephilus_magellanicus","0","3","0","0",NA,NA,NA,"0",NA,"0",NA,"0",NA,NA,NA,"1","0","0","0",NA
"Campephilus_melanoleucos","0","3","0","0",NA,NA,NA,"0",NA,"0",NA,"0",NA,NA,NA,"1","0","0","0",NA
"Campephilus_pollens","0","1","0","0",NA,NA,NA,"0",NA,NA,NA,NA,NA,NA,NA,NA,"0","0","0",NA
"Campephilus_principalis","0","2","0","0",NA,NA,NA,"0",NA,"0",NA,NA,NA,NA,NA,NA,"0","0","0",NA
"Campephilus_robustus","0","2","0","0",NA,NA,NA,"0",NA,NA,NA,"0",NA,NA,NA,"1","0","0","0",NA
"Campephilus_rubricollis","0","2","0","0",NA,NA,NA,"0",NA,NA,NA,"0",NA,NA,NA,"1","0","0","0",NA
"Campethera_abingoni","0","3","0","0",NA,NA,NA,"0",NA,"0",NA,"0",NA,NA,NA,"0","0","0","0",NA
"Campethera_bennettii","0","3","0","0",NA,NA,NA,"0",NA,"0",NA,"0",NA,NA,NA,"1","0","0","0",NA
"Campethera_cailliautii","0","3","0","0",NA,NA,NA,"0",NA,"0",NA,"0",NA,NA,NA,"0","0","0","0",NA
"Campethera_caroli","0","1","0","0",NA,NA,NA,"0",NA,NA,NA,NA,NA,NA,NA,NA,"0","0","0",NA
"Campethera_maculosa","0","1","0","0",NA,NA,NA,"0",NA,NA,NA,NA,NA,NA,NA,NA,"0","0","0",NA
"Campethera_mombassica","0","1","0","0",NA,NA,NA,"0",NA,NA,NA,NA,NA,NA,NA,NA,"0","0","0",NA
"Campethera_nivosa","0","1","0","0",NA,NA,NA,"0",NA,NA,NA,NA,NA,NA,NA,NA,"0","0","0",NA
"Campethera_notata","0","3","0","0",NA,NA,NA,"0",NA,"0",NA,"0",NA,NA,NA,"1","0","0","0",NA
"Campethera_nubica","0","2","0","0",NA,NA,NA,"0",NA,"0",NA,NA,NA,NA,NA,NA,"0","0","0",NA
"Campethera_punctuligera","0","2","0","0",NA,NA,NA,"0",NA,"0",NA,NA,NA,NA,NA,NA,"0","0","0",NA
"Campethera_scriptoricauda","0","1","0","0",NA,NA,NA,"0",NA,NA,NA,NA,NA,NA,NA,NA,"0","0","0",NA
"Campethera_tullbergi","0","1","0","0",NA,NA,NA,"0",NA,NA,NA,NA,NA,NA,NA,NA,"0","0","0",NA
"Campochaera_sloetii","1","0","1","0",NA,NA,NA,"1",NA,NA,NA,NA,NA,NA,NA,NA,"0","0","0",NA
"Camptostoma_imberbe","0","3","0","0",NA,NA,NA,"0",NA,"0",NA,"0",NA,NA,NA,"0","0","0","0",NA
"Camptostoma_obsoletum","0","2","0","0",NA,NA,NA,"0",NA,"0",NA,NA,NA,NA,NA,NA,"0","0","0",NA
"Campylopterus_curvipennis","0","2","0","0",NA,NA,NA,"0",NA,NA,NA,"0",NA,NA,NA,"0","0","0","0",NA
"Campylopterus_duidae","0","2","0","0",NA,NA,NA,"0",NA,NA,NA,"0",NA,NA,NA,"0","0","0","0",NA
"Campylopterus_ensipennis","0","3","0","0",NA,NA,NA,"0",NA,"0",NA,"0",NA,NA,NA,"0","0","0","0",NA
"Campylopterus_excellens","0","1","0","0",NA,NA,NA,NA,NA,NA,NA,"0",NA,NA,NA,"0","0","0","0",NA
"Campylopterus_falcatus","0","2","0","0",NA,NA,NA,"0",NA,NA,NA,"0",NA,NA,NA,"0","0","0","0",NA
"Campylopterus_hemileucurus","0","3","0","0",NA,NA,NA,"0",NA,"0",NA,"0",NA,NA,NA,"0","0","0","0",NA
"Campylopterus_hyperythrus","0","2","0","0",NA,NA,NA,"0",NA,NA,NA,"0",NA,NA,NA,"0","0","0","0",NA
"Campylopterus_largipennis","0","1","0","0",NA,NA,NA,"0",NA,NA,NA,NA,NA,NA,NA,NA,"0","0","0",NA
"Campylopterus_phainopeplus","0","1","0","0",NA,NA,NA,"0",NA,NA,NA,NA,NA,NA,NA,NA,"0","0","0",NA
"Campylopterus_rufus","0","3","0","0",NA,NA,NA,"0",NA,"0",NA,"0",NA,NA,NA,"0","0","0","0",NA
"Campylopterus_villaviscensio","0","1","0","0",NA,NA,NA,"0",NA,NA,NA,NA,NA,NA,NA,NA,"0","0","0",NA
"Campylorhamphus_falcularius","0","1","0","0",NA,NA,NA,"0",NA,NA,NA,NA,NA,NA,NA,NA,"0","0","0",NA
"Campylorhamphus_procurvoides","0","1","0","0",NA,NA,NA,"0",NA,NA,NA,NA,NA,NA,NA,NA,"0","0","0",NA
"Campylorhamphus_pucherani","0","1","0","0",NA,NA,NA,"0",NA,NA,NA,NA,NA,NA,NA,NA,"0","0","0",NA
"Campylorhamphus_pusillus","0","1","0","0",NA,NA,NA,"0",NA,NA,NA,NA,NA,NA,NA,NA,"0","0","0",NA
"Campylorhamphus_trochilirostris","0","2","0","0",NA,NA,NA,"0",NA,"0",NA,NA,NA,NA,NA,NA,"0","0","0",NA
"Campylorhynchus_albobrunneus","1","1","1","1",NA,NA,NA,"1",NA,"0",NA,NA,NA,NA,NA,NA,"0","0","0",NA
"Campylorhynchus_brunneicapillus","1","1","2","1",NA,NA,NA,"1",NA,"1",NA,"0",NA,NA,NA,"0","0","0","0",NA
"Campylorhynchus_chiapensis","1","0","3","0",NA,NA,NA,"1",NA,"1",NA,"1",NA,NA,"K","1","1","0","0","Kin"
"Campylorhynchus_fasciatus","1","0","4","0",NA,NA,NA,"1",NA,"1","1","1","K",NA,"K","1","2","0","0","Kin"
"Campylorhynchus_griseus","1","0","6","0",NA,"1","1","1",NA,"1","1","1","K","K","K","1","3","0","0","Kin"
"Campylorhynchus_gularis","1","0","3","0",NA,NA,NA,"1",NA,"1",NA,"1",NA,NA,"K","1","1","0","0","Kin"
"Campylorhynchus_jocosus","1","0","3","0",NA,NA,NA,"1",NA,"1",NA,"1",NA,NA,"K","1","1","0","0","Kin"
"Campylorhynchus_megalopterus","1","0","3","0",NA,NA,NA,"1",NA,"1",NA,"1",NA,NA,"K","1","1","0","0","Kin"
"Campylorhynchus_nuchalis","1","0","6","0",NA,"1","1","1",NA,"1","1","1","M","K","K","1","2","0","1","Kin"
"Campylorhynchus_rufinucha","1","0","3","0",NA,NA,NA,"1",NA,"1",NA,"1",NA,NA,"K","1","1","0","0","Kin"
"Campylorhynchus_turdinus","1","0","3","0",NA,NA,NA,"1",NA,"1",NA,"1",NA,NA,"K","1","1","0","0","Kin"
"Campylorhynchus_yucatanicus","1","1","2","1",NA,NA,NA,"1",NA,"0","1",NA,"K",NA,NA,NA,"1","0","0","Kin"
"Campylorhynchus_zonatus","1","0","3","0",NA,NA,NA,"1",NA,"1",NA,"1",NA,NA,"K","1","1","0","0","Kin"
"Campyloryhnchus_zonatus","1","0","1","0",NA,NA,NA,NA,NA,NA,"1",NA,"M",NA,NA,NA,"0","0","1","Mixed"
"Canirallus_kioloides","0","1","0","0",NA,NA,NA,"0",NA,NA,NA,NA,NA,NA,NA,NA,"0","0","0",NA
"Canirallus_oculeus","0","1","0","0",NA,NA,NA,"0",NA,NA,NA,NA,NA,NA,NA,NA,"0","0","0",NA
"Capito_aurovirens","0","1","0","0",NA,NA,NA,"0",NA,NA,NA,NA,NA,NA,NA,NA,"0","0","0",NA
"Capito_brunneipectus","0","1","0","0",NA,NA,NA,"0",NA,NA,NA,NA,NA,NA,NA,NA,"0","0","0",NA
"Capito_dayi","0","1","0","0",NA,NA,NA,"0",NA,NA,NA,NA,NA,NA,NA,NA,"0","0","0",NA
"Capito_hypoleucus","0","1","0","0",NA,NA,NA,"0",NA,NA,NA,NA,NA,NA,NA,NA,"0","0","0",NA
"Capito_maculicoronatus","0","2","0","0",NA,NA,NA,"0",NA,NA,NA,"0",NA,NA,NA,"1","0","0","0",NA
"Capito_niger","0","2","0","0",NA,NA,NA,"0",NA,"0",NA,NA,NA,NA,NA,NA,"0","0","0",NA
"Capito_quinticolor","0","2","0","0",NA,NA,NA,"0",NA,"0",NA,NA,NA,NA,NA,NA,"0","0","0",NA
"Capito_squamatus","0","1","0","0",NA,NA,NA,"0",NA,NA,NA,NA,NA,NA,NA,NA,"0","0","0",NA
"Capito_wallacei","0","1","0","0",NA,NA,NA,"0",NA,NA,NA,NA,NA,NA,NA,NA,"0","0","0",NA
"Caprimulgus_aegyptius","0","2","0","0",NA,NA,NA,"0",NA,"0",NA,NA,NA,NA,NA,NA,"0","0","0",NA
"Caprimulgus_affinis","0","2","0","0",NA,NA,NA,"0",NA,"0",NA,NA,NA,NA,NA,NA,"0","0","0",NA
"Caprimulgus_anthonyi","0","1","0","0",NA,NA,NA,"0",NA,NA,NA,NA,NA,NA,NA,NA,"0","0","0",NA
"Caprimulgus_asiaticus","0","2","0","0",NA,NA,NA,"0",NA,"0",NA,NA,NA,NA,NA,NA,"0","0","0",NA
"Caprimulgus_atripennis","0","2","0","0",NA,NA,NA,"0",NA,"0",NA,NA,NA,NA,NA,NA,"0","0","0",NA
"Caprimulgus_badius","0","1","0","0",NA,NA,NA,"0",NA,NA,NA,NA,NA,NA,NA,NA,"0","0","0",NA
"Caprimulgus_batesi","0","1","0","0",NA,NA,NA,"0",NA,NA,NA,NA,NA,NA,NA,NA,"0","0","0",NA
"Caprimulgus_binotatus","0","1","0","0",NA,NA,NA,"0",NA,NA,NA,NA,NA,NA,NA,NA,"0","0","0",NA
"Caprimulgus_carolinensis","0","2","0","0",NA,NA,NA,"0",NA,"0",NA,NA,NA,NA,NA,NA,"0","0","0",NA
"Caprimulgus_cayennensis","0","2","0","0",NA,NA,NA,"0",NA,"0",NA,NA,NA,NA,NA,NA,"0","0","0",NA
"Caprimulgus_celebensis","0","1","0","0",NA,NA,NA,"0",NA,NA,NA,NA,NA,NA,NA,NA,"0","0","0",NA
"Caprimulgus_centralasicus","0","1","0","0",NA,NA,NA,"0",NA,NA,NA,NA,NA,NA,NA,NA,"0","0","0",NA
"Caprimulgus_clarus","0","2","0","0",NA,NA,NA,"0",NA,"0",NA,NA,NA,NA,NA,NA,"0","0","0",NA
"Caprimulgus_climacurus","0","2","0","0",NA,NA,NA,"0",NA,"0",NA,NA,NA,NA,NA,NA,"0","0","0",NA
"Caprimulgus_concretus","0","1","0","0",NA,NA,NA,"0",NA,NA,NA,NA,NA,NA,NA,NA,"0","0","0",NA
"Caprimulgus_cubanensis","0","2","0","0",NA,NA,NA,"0",NA,"0",NA,NA,NA,NA,NA,NA,"0","0","0",NA
"Caprimulgus_donaldsoni","0","1","0","0",NA,NA,NA,"0",NA,NA,NA,NA,NA,NA,NA,NA,"0","0","0",NA
"Caprimulgus_ekmani","0","1","0","0",NA,NA,NA,"0",NA,NA,NA,NA,NA,NA,NA,NA,"0","0","0",NA
"Caprimulgus_enarratus","0","1","0","0",NA,NA,NA,"0",NA,NA,NA,NA,NA,NA,NA,NA,"0","0","0",NA
"Caprimulgus_europaeus","0","1","0","0",NA,NA,NA,"0",NA,NA,NA,NA,NA,NA,NA,NA,"0","0","0",NA
"Caprimulgus_eximius","0","1","0","0",NA,NA,NA,"0",NA,NA,NA,NA,NA,NA,NA,NA,"0","0","0",NA
"Caprimulgus_fossii","0","3","0","0",NA,NA,NA,"0",NA,"0",NA,"0",NA,NA,NA,"0","0","0","0",NA
"Caprimulgus_fraenatus","0","1","0","0",NA,NA,NA,"0",NA,NA,NA,NA,NA,NA,NA,NA,"0","0","0",NA
"Caprimulgus_hirundinaceus","0","1","0","0",NA,NA,NA,"0",NA,NA,NA,NA,NA,NA,NA,NA,"0","0","0",NA
"Caprimulgus_indicus","0","2","0","0",NA,NA,NA,"0",NA,"0",NA,NA,NA,NA,NA,NA,"0","0","0",NA
"Caprimulgus_inornatus","0","2","0","0",NA,NA,NA,"0",NA,"0",NA,NA,NA,NA,NA,NA,"0","0","0",NA
"Caprimulgus_longirostris","0","1","0","0",NA,NA,NA,"0",NA,NA,NA,NA,NA,NA,NA,NA,"0","0","0",NA
"Caprimulgus_macrurus","0","3","0","0",NA,NA,NA,"0",NA,"0",NA,"0",NA,NA,NA,"1","0","0","0",NA
"Caprimulgus_maculicaudus","0","1","0","0",NA,NA,NA,"0",NA,NA,NA,NA,NA,NA,NA,NA,"0","0","0",NA
"Caprimulgus_maculosus","0","1","0","0",NA,NA,NA,"0",NA,NA,NA,NA,NA,NA,NA,NA,"0","0","0",NA
"Caprimulgus_madagascariensis","0","1","0","0",NA,NA,NA,"0",NA,NA,NA,NA,NA,NA,NA,NA,"0","0","0",NA
"Caprimulgus_mahrattensis","0","2","0","0",NA,NA,NA,"0",NA,"0",NA,NA,NA,NA,NA,NA,"0","0","0",NA
"Caprimulgus_manillensis","0","1","0","0",NA,NA,NA,"0",NA,NA,NA,NA,NA,NA,NA,NA,"0","0","0",NA
"Caprimulgus_natalensis","0","3","0","0",NA,NA,NA,"0",NA,"0",NA,"0",NA,NA,NA,"0","0","0","0",NA
"Caprimulgus_nigrescens","0","2","0","0",NA,NA,NA,"0",NA,"0",NA,NA,NA,NA,NA,NA,"0","0","0",NA
"Caprimulgus_nigriscapularis","0","1","0","0",NA,NA,NA,"0",NA,NA,NA,NA,NA,NA,NA,NA,"0","0","0",NA
"Caprimulgus_noctitherus","0","2","0","0",NA,NA,NA,"0",NA,"0",NA,NA,NA,NA,NA,NA,"0","0","0",NA
"Caprimulgus_nubicus","0","1","0","0",NA,NA,NA,"0",NA,NA,NA,NA,NA,NA,NA,NA,"0","0","0",NA
"Caprimulgus_parvulus","0","1","0","0",NA,NA,NA,"0",NA,NA,NA,NA,NA,NA,NA,NA,"0","0","0",NA
"Caprimulgus_pectoralis","0","3","0","0",NA,NA,NA,"0",NA,"0",NA,"0",NA,NA,NA,"0","0","0","0",NA
"Caprimulgus_poliocephalus","0","2","0","0",NA,NA,NA,"0",NA,"0",NA,NA,NA,NA,NA,NA,"0","0","0",NA
"Caprimulgus_prigoginei","0","1","0","0",NA,NA,NA,"0",NA,NA,NA,NA,NA,NA,NA,NA,"0","0","0",NA
"Caprimulgus_pulchellus","0","1","0","0",NA,NA,NA,"0",NA,NA,NA,NA,NA,NA,NA,NA,"0","0","0",NA
"Caprimulgus_ridgwayi","0","1","0","0",NA,NA,NA,"0",NA,NA,NA,NA,NA,NA,NA,NA,"0","0","0",NA
"Caprimulgus_ruficollis","0","2","0","0",NA,NA,NA,"0",NA,"0",NA,NA,NA,NA,NA,NA,"0","0","0",NA
"Caprimulgus_rufigena","0","2","0","0",NA,NA,NA,"0",NA,NA,NA,"0",NA,NA,NA,"0","0","0","0",NA
"Caprimulgus_rufus","0","1","0","0",NA,NA,NA,"0",NA,NA,NA,NA,NA,NA,NA,NA,"0","0","0",NA
"Caprimulgus_ruwenzorii","0","1","0","0",NA,NA,NA,"0",NA,NA,NA,NA,NA,NA,NA,NA,"0","0","0",NA
"Caprimulgus_salvini","0","1","0","0",NA,NA,NA,"0",NA,NA,NA,NA,NA,NA,NA,NA,"0","0","0",NA
"Caprimulgus_saturatus","0","1","0","0",NA,NA,NA,"0",NA,NA,NA,NA,NA,NA,NA,NA,"0","0","0",NA
"Caprimulgus_sericocaudatus","0","1","0","0",NA,NA,NA,"0",NA,NA,NA,NA,NA,NA,NA,NA,"0","0","0",NA
"Caprimulgus_stellatus","0","1","0","0",NA,NA,NA,"0",NA,NA,NA,NA,NA,NA,NA,NA,"0","0","0",NA
"Caprimulgus_tristigma","0","3","0","0",NA,NA,NA,"0",NA,"0",NA,"0",NA,NA,NA,"0","0","0","0",NA
"Caprimulgus_vociferus","0","2","0","0",NA,NA,NA,"0",NA,"0",NA,NA,NA,NA,NA,NA,"0","0","0",NA
"Caprimulgus_whitelyi","0","1","0","0",NA,NA,NA,"0",NA,NA,NA,NA,NA,NA,NA,NA,"0","0","0",NA
"Capsiempis_flaveola","0","3","0","0",NA,NA,NA,"0",NA,"0",NA,"0",NA,NA,NA,"1","0","0","0",NA
"Caracara_plancus","0","2","0","0",NA,NA,NA,"0",NA,NA,NA,"0",NA,NA,NA,"1","0","0","0",NA
"Caracopsis_vasa","1","0","1","0",NA,NA,NA,NA,NA,NA,"1",NA,"NK",NA,NA,NA,"0","1","0","NonKin"
"Cardellina_rubrifrons","0","2","0","0",NA,NA,"0","0",NA,NA,NA,NA,NA,NA,NA,NA,"0","0","0",NA
"Cardinalis_cardinalis","0","4","0","0",NA,"0","0","0",NA,NA,NA,"0",NA,NA,NA,"0","0","0","0",NA
"Cardinalis_phoeniceus","0","1","0","0",NA,NA,NA,"0",NA,NA,NA,NA,NA,NA,NA,NA,"0","0","0",NA
"Cardinalis_sinuatus","0","3","0","0",NA,NA,NA,"0",NA,"0",NA,"0",NA,NA,NA,"0","0","0","0",NA
"Carduelis_ambigua","0","1","0","0",NA,NA,NA,"0",NA,NA,NA,NA,NA,NA,NA,NA,"0","0","0",NA
"Carduelis_atrata","0","1","0","0",NA,NA,NA,"0",NA,NA,NA,NA,NA,NA,NA,NA,"0","0","0",NA
"Carduelis_atriceps","0","1","0","0",NA,NA,NA,"0",NA,NA,NA,NA,NA,NA,NA,NA,"0","0","0",NA
"Carduelis_barbata","0","1","0","0",NA,NA,NA,"0",NA,NA,NA,NA,NA,NA,NA,NA,"0","0","0",NA
"Carduelis_cannabina","0","5","0","0",NA,"0","0","0",NA,"0",NA,"0",NA,NA,NA,"0","0","0","0",NA
"Carduelis_carduelis","0","3","0","0",NA,NA,NA,"0",NA,"0",NA,"0",NA,NA,NA,"0","0","0","0",NA
"Carduelis_chloris","0","3","0","0",NA,NA,NA,"0",NA,"0",NA,"0",NA,NA,NA,"0","0","0","0",NA
"Carduelis_citrinella","0","2","0","0",NA,NA,NA,"0",NA,"0",NA,NA,NA,NA,NA,NA,"0","0","0",NA
"Carduelis_crassirostris","0","1","0","0",NA,NA,NA,"0",NA,NA,NA,NA,NA,NA,NA,NA,"0","0","0",NA
"Carduelis_cucullata","0","2","0","0",NA,NA,NA,"0",NA,"0",NA,NA,NA,NA,NA,NA,"0","0","0",NA
"Carduelis_dominicensis","0","1","0","0",NA,NA,NA,"0",NA,NA,NA,NA,NA,NA,NA,NA,"0","0","0",NA
"Carduelis_flammea","0","2","0","0",NA,NA,NA,"0",NA,NA,NA,"0",NA,NA,NA,"0","0","0","0",NA
"Carduelis_flavirostris","0","2","0","0",NA,NA,NA,"0",NA,"0",NA,NA,NA,NA,NA,NA,"0","0","0",NA
"Carduelis_hornemanni","0","1","0","0",NA,NA,NA,"0",NA,NA,NA,NA,NA,NA,NA,NA,"0","0","0",NA
"Carduelis_johannis","0","1","0","0",NA,NA,NA,"0",NA,NA,NA,NA,NA,NA,NA,NA,"0","0","0",NA
"Carduelis_lawrencei","0","1","0","0",NA,NA,NA,"0",NA,NA,NA,NA,NA,NA,NA,NA,"0","0","0",NA
"Carduelis_magellanica","0","1","0","0",NA,NA,NA,"0",NA,NA,NA,NA,NA,NA,NA,NA,"0","0","0",NA
"Carduelis_monguilloti","0","1","0","0",NA,NA,NA,"0",NA,NA,NA,NA,NA,NA,NA,NA,"0","0","0",NA
"Carduelis_notata","0","1","0","0",NA,NA,NA,"0",NA,NA,NA,NA,NA,NA,NA,NA,"0","0","0",NA
"Carduelis_olivacea","0","1","0","0",NA,NA,NA,"0",NA,NA,NA,NA,NA,NA,NA,NA,"0","0","0",NA
"Carduelis_pinus","0","2","0","0",NA,NA,NA,"0",NA,"0",NA,NA,NA,NA,NA,NA,"0","0","0",NA
"Carduelis_psaltria","0","3","0","0",NA,NA,NA,"0",NA,"0",NA,"0",NA,NA,NA,"0","0","0","0",NA
"Carduelis_siemiradzkii","0","1","0","0",NA,NA,NA,"0",NA,NA,NA,NA,NA,NA,NA,NA,"0","0","0",NA
"Carduelis_sinica","0","2","0","0",NA,NA,NA,"0",NA,"0",NA,NA,NA,NA,NA,NA,"0","0","0",NA
"Carduelis_spinescens","0","1","0","0",NA,NA,NA,"0",NA,NA,NA,NA,NA,NA,NA,NA,"0","0","0",NA
"Carduelis_spinoides","0","2","0","0",NA,NA,NA,"0",NA,"0",NA,NA,NA,NA,NA,NA,"0","0","0",NA
"Carduelis_spinus","0","2","0","0",NA,NA,NA,"0",NA,"0",NA,NA,NA,NA,NA,NA,"0","0","0",NA
"Carduelis_tristis","0","5","0","0",NA,"0","0","0",NA,"0",NA,"0",NA,NA,NA,"0","0","0","0",NA
"Carduelis_uropygialis","0","1","0","0",NA,NA,NA,"0",NA,NA,NA,NA,NA,NA,NA,NA,"0","0","0",NA
"Carduelis_xanthogastra","0","1","0","0",NA,NA,NA,"0",NA,NA,NA,NA,NA,NA,NA,NA,"0","0","0",NA
"Carduelis_yarrellii","0","1","0","0",NA,NA,NA,"0",NA,NA,NA,NA,NA,NA,NA,NA,"0","0","0",NA
"Carduelis_yemenensis","0","2","0","0",NA,NA,NA,"0",NA,"0",NA,NA,NA,NA,NA,NA,"0","0","0",NA
"Cariama_cristata","0","2","0","0",NA,NA,NA,"0",NA,"0",NA,NA,NA,NA,NA,NA,"0","0","0",NA
"Caridonax_fulgidus","0","1","0","0",NA,NA,NA,"0",NA,NA,NA,NA,NA,NA,NA,NA,"0","0","0",NA
"Carpococcyx_radiatus","0","1","0","0",NA,NA,NA,"0",NA,NA,NA,NA,NA,NA,NA,NA,"0","0","0",NA
"Carpococcyx_renauldi","0","2","0","0",NA,NA,NA,"0",NA,"0",NA,NA,NA,NA,NA,NA,"0","0","0",NA
"Carpococcyx_viridis","0","1","0","0",NA,NA,NA,"0",NA,NA,NA,NA,NA,NA,NA,NA,"0","0","0",NA
"Carpodacus_cassinii","0","2","0","0",NA,NA,NA,"0",NA,"0",NA,NA,NA,NA,NA,NA,"0","0","0",NA
"Carpodacus_edwardsii","0","2","0","0",NA,NA,NA,"0",NA,NA,NA,"0",NA,NA,NA,"1","0","0","0",NA
"Carpodacus_eos","0","1","0","0",NA,NA,NA,"0",NA,NA,NA,NA,NA,NA,NA,NA,"0","0","0",NA
"Carpodacus_erythrinus","0","3","0","0",NA,"0","0","0",NA,NA,NA,NA,NA,NA,NA,NA,"0","0","0",NA
"Carpodacus_mexicanus","0","5","0","0",NA,"0","0","0",NA,"0",NA,"0",NA,NA,NA,"0","0","0","0",NA
"Carpodacus_nipalensis","0","1","0","0",NA,NA,NA,"0",NA,NA,NA,NA,NA,NA,NA,NA,"0","0","0",NA
"Carpodacus_pulcherrimus","0","1","0","0",NA,NA,NA,"0",NA,NA,NA,NA,NA,NA,NA,NA,"0","0","0",NA
"Carpodacus_puniceus","0","1","0","0",NA,NA,NA,"0",NA,NA,NA,NA,NA,NA,NA,NA,"0","0","0",NA
"Carpodacus_purpureus","0","3","0","0",NA,NA,NA,"0",NA,"0",NA,"0",NA,NA,NA,"0","0","0","0",NA
"Carpodacus_rhodochlamys","0","1","0","0",NA,NA,NA,"0",NA,NA,NA,NA,NA,NA,NA,NA,"0","0","0",NA
"Carpodacus_roborowskii","0","1","0","0",NA,NA,NA,"0",NA,NA,NA,NA,NA,NA,NA,NA,"0","0","0",NA
"Carpodacus_rodochroa","0","2","0","0",NA,NA,NA,"0",NA,"0",NA,NA,NA,NA,NA,NA,"0","0","0",NA
"Carpodacus_rodopeplus","0","1","0","0",NA,NA,NA,"0",NA,NA,NA,NA,NA,NA,NA,NA,"0","0","0",NA
"Carpodacus_roseus","0","1","0","0",NA,NA,NA,"0",NA,NA,NA,NA,NA,NA,NA,NA,"0","0","0",NA
"Carpodacus_rubescens","0","1","0","0",NA,NA,NA,"0",NA,NA,NA,NA,NA,NA,NA,NA,"0","0","0",NA
"Carpodacus_rubicilla","0","2","0","0",NA,NA,NA,"0",NA,"0",NA,NA,NA,NA,NA,NA,"0","0","0",NA
"Carpodacus_rubicilloides","0","1","0","0",NA,NA,NA,"0",NA,NA,NA,NA,NA,NA,NA,NA,"0","0","0",NA
"Carpodacus_synoicus","0","1","0","0",NA,NA,NA,"0",NA,NA,NA,NA,NA,NA,NA,NA,"0","0","0",NA
"Carpodacus_thura","0","2","0","0",NA,NA,NA,"0",NA,"0",NA,NA,NA,NA,NA,NA,"0","0","0",NA
"Carpodacus_trifasciatus","0","1","0","0",NA,NA,NA,"0",NA,NA,NA,NA,NA,NA,NA,NA,"0","0","0",NA
"Carpodacus_vinaceus","0","2","0","0",NA,NA,NA,"0",NA,"0",NA,NA,NA,NA,NA,NA,"0","0","0",NA
"Carpodectes_antoniae","0","1","0","0",NA,NA,NA,"0",NA,NA,NA,NA,NA,NA,NA,NA,"0","0","0",NA
"Carpodectes_hopkei","0","1","0","0",NA,NA,NA,"0",NA,NA,NA,NA,NA,NA,NA,NA,"0","0","0",NA
"Carpodectes_nitidus","0","1","0","0",NA,NA,NA,"0",NA,NA,NA,NA,NA,NA,NA,NA,"0","0","0",NA
"Carpornis_cucullata","0","2","0","0",NA,NA,NA,"0",NA,NA,NA,"0",NA,NA,NA,"0","0","0","0",NA
"Carpornis_melanocephala","0","1","0","0",NA,NA,NA,"0",NA,NA,NA,NA,NA,NA,NA,NA,"0","0","0",NA
"Caryothraustes_canadensis","0","1","0","0",NA,NA,NA,"0",NA,NA,NA,NA,NA,NA,NA,NA,"0","0","0",NA
"Caryothraustes_poliogaster","1","0","4","0",NA,NA,NA,"1",NA,"1","1","1","K",NA,"K","1","2","0","0","Kin"
"Casiornis_fuscus","0","1","0","0",NA,NA,NA,"0",NA,NA,NA,NA,NA,NA,NA,NA,"0","0","0",NA
"Casiornis_rufus","0","1","0","0",NA,NA,NA,"0",NA,NA,NA,NA,NA,NA,NA,NA,"0","0","0",NA
"Casmerodius_albus","0","1","0","0",NA,NA,NA,NA,NA,NA,NA,"0",NA,NA,NA,"0","0","0","0",NA
"Casuarius_bennetti","0","3","0","0",NA,NA,NA,"0",NA,"0",NA,"0",NA,NA,NA,"0","0","0","0",NA
"Casuarius_casuarius","0","3","0","0",NA,NA,NA,"0",NA,"0",NA,"0",NA,NA,NA,"1","0","0","0",NA
"Casuarius_unappendiculatus","0","2","0","0",NA,NA,NA,"0",NA,NA,NA,"0",NA,NA,NA,"0","0","0","0",NA
"Catamblyrhynchus_diadema","0","2","0","0",NA,NA,NA,"0",NA,NA,NA,"0",NA,NA,NA,"1","0","0","0",NA
"Catamenia_analis","0","1","0","0",NA,NA,NA,"0",NA,NA,NA,NA,NA,NA,NA,NA,"0","0","0",NA
"Catamenia_homochroa","0","1","0","0",NA,NA,NA,"0",NA,NA,NA,NA,NA,NA,NA,NA,"0","0","0",NA
"Catamenia_inornata","0","2","0","0",NA,NA,NA,"0",NA,"0",NA,NA,NA,NA,NA,NA,"0","0","0",NA
"Cataponera_turdoides","0","1","0","0",NA,NA,NA,"0",NA,NA,NA,NA,NA,NA,NA,NA,"0","0","0",NA
"Catharacta_antarctica","0","2","0","0",NA,"0",NA,NA,NA,"0",NA,NA,NA,NA,NA,NA,"0","0","0",NA
"Catharacta_chilensis","0","1","0","0",NA,NA,NA,NA,NA,"0",NA,NA,NA,NA,NA,NA,"0","0","0",NA
"Catharacta_lonnbergi","1","0","2","0",NA,NA,NA,NA,NA,"1","1",NA,"NK",NA,NA,NA,"0","1","0","NonKin"
"Catharacta_maccormicki","0","3","0","0",NA,"0","0",NA,NA,"0",NA,NA,NA,NA,NA,NA,"0","0","0",NA
"Catharacta_skua","0","1","0","0",NA,NA,NA,NA,NA,"0",NA,NA,NA,NA,NA,NA,"0","0","0",NA
"Catharopeza_bishopi","0","1","0","0",NA,NA,NA,"0",NA,NA,NA,NA,NA,NA,NA,NA,"0","0","0",NA
"Cathartes_aura","0","3","0","0",NA,NA,NA,"0",NA,"0",NA,"0",NA,NA,NA,"0","0","0","0",NA
"Cathartes_burrovianus","0","1","0","0",NA,NA,NA,"0",NA,NA,NA,NA,NA,NA,NA,NA,"0","0","0",NA
"Cathartes_melambrotus","0","1","0","0",NA,NA,NA,"0",NA,NA,NA,NA,NA,NA,NA,NA,"0","0","0",NA
"Catharus_aurantiirostris","0","2","0","0",NA,NA,NA,"0",NA,NA,NA,"0",NA,NA,NA,"0","0","0","0",NA
"Catharus_bicknelli","1","0","4","0",NA,NA,NA,"1",NA,"1","1","1","NK",NA,"NK","0","0","2","0","NonKin"
"Catharus_dryas","0","1","0","0",NA,NA,NA,"0",NA,NA,NA,NA,NA,NA,NA,NA,"0","0","0",NA
"Catharus_frantzii","0","3","0","0",NA,NA,NA,"0",NA,"0",NA,"0",NA,NA,NA,"0","0","0","0",NA
"Catharus_fuscater","0","1","0","0",NA,NA,NA,"0",NA,NA,NA,NA,NA,NA,NA,NA,"0","0","0",NA
"Catharus_fuscescens","0","3","0","0",NA,NA,NA,"0",NA,"0",NA,"0",NA,NA,NA,"0","0","0","0",NA
"Catharus_gracilirostris","0","2","0","0",NA,NA,NA,"0",NA,NA,NA,"0",NA,NA,NA,"0","0","0","0",NA
"Catharus_guttatus","0","3","0","0",NA,NA,NA,"0",NA,"0",NA,"0",NA,NA,NA,"0","0","0","0",NA
"Catharus_mexicanus","0","2","0","0",NA,NA,NA,"0",NA,NA,NA,"0",NA,NA,NA,"0","0","0","0",NA
"Catharus_minimus","0","3","0","0",NA,NA,NA,"0",NA,"0",NA,"0",NA,NA,NA,"0","0","0","0",NA
"Catharus_occidentalis","0","1","0","0",NA,NA,NA,"0",NA,NA,NA,NA,NA,NA,NA,NA,"0","0","0",NA
"Catharus_ustulatus","0","3","0","0",NA,NA,NA,"0",NA,"0",NA,"0",NA,NA,NA,"0","0","0","0",NA
"Catherpes_mexicanus","0","3","0","0",NA,NA,NA,"0",NA,"0",NA,"0",NA,NA,NA,"1","0","0","0",NA
"Catoptrophorus_semipalmatus","0","2","0","0",NA,NA,NA,"0",NA,"0",NA,NA,NA,NA,NA,NA,"0","0","0",NA
"Catreus_wallichi","0","2","0","0",NA,NA,NA,"0",NA,"0",NA,NA,NA,NA,NA,NA,"0","0","0",NA
"Celeus_brachyurus","0","2","0","0",NA,NA,NA,"0",NA,"0",NA,NA,NA,NA,NA,NA,"0","0","0",NA
"Celeus_castaneus","0","1","0","0",NA,NA,NA,"0",NA,NA,NA,NA,NA,NA,NA,NA,"0","0","0",NA
"Celeus_elegans","0","1","0","0",NA,NA,NA,"0",NA,NA,NA,NA,NA,NA,NA,NA,"0","0","0",NA
"Celeus_flavescens","0","2","0","0",NA,NA,NA,"0",NA,NA,NA,"0",NA,NA,NA,"1","0","0","0",NA
"Celeus_flavus","0","1","0","0",NA,NA,NA,"0",NA,NA,NA,NA,NA,NA,NA,NA,"0","0","0",NA
"Celeus_grammicus","0","1","0","0",NA,NA,NA,"0",NA,NA,NA,NA,NA,NA,NA,NA,"0","0","0",NA
"Celeus_loricatus","0","1","0","0",NA,NA,NA,"0",NA,NA,NA,NA,NA,NA,NA,NA,"0","0","0",NA
"Celeus_lugubris","0","1","0","0",NA,NA,NA,"0",NA,NA,NA,NA,NA,NA,NA,NA,"0","0","0",NA
"Celeus_spectabilis","0","1","0","0",NA,NA,NA,"0",NA,NA,NA,NA,NA,NA,NA,NA,"0","0","0",NA
"Celeus_torquatus","0","1","0","0",NA,NA,NA,"0",NA,NA,NA,NA,NA,NA,NA,NA,"0","0","0",NA
"Celeus_undatus","0","1","0","0",NA,NA,NA,"0",NA,NA,NA,NA,NA,NA,NA,NA,"0","0","0",NA
"Centrocercus_urophasianus","0","5","0","0",NA,"0","0","0",NA,"0",NA,"0",NA,NA,NA,"1","0","0","0",NA
"Centropus_andamanensis","0","1","0","0",NA,NA,NA,"0",NA,NA,NA,NA,NA,NA,NA,NA,"0","0","0",NA
"Centropus_anselli","0","1","0","0",NA,NA,NA,"0",NA,NA,NA,NA,NA,NA,NA,NA,"0","0","0",NA
"Centropus_ateralbus","0","1","0","0",NA,NA,NA,"0",NA,NA,NA,NA,NA,NA,NA,NA,"0","0","0",NA
"Centropus_bengalensis","0","2","0","0",NA,NA,NA,"0",NA,NA,NA,"0",NA,NA,NA,"0","0","0","0",NA
"Centropus_bernsteini","0","1","0","0",NA,NA,NA,"0",NA,NA,NA,NA,NA,NA,NA,NA,"0","0","0",NA
"Centropus_celebensis","0","1","0","0",NA,NA,NA,"0",NA,NA,NA,NA,NA,NA,NA,NA,"0","0","0",NA
"Centropus_chalybeus","0","1","0","0",NA,NA,NA,"0",NA,NA,NA,NA,NA,NA,NA,NA,"0","0","0",NA
"Centropus_chlororhynchus","0","2","0","0",NA,NA,NA,"0",NA,"0",NA,NA,NA,NA,NA,NA,"0","0","0",NA
"Centropus_cupreicaudus","0","3","0","0",NA,NA,NA,"0",NA,"0",NA,"0",NA,NA,NA,"0","0","0","0",NA
"Centropus_goliath","0","1","0","0",NA,NA,NA,"0",NA,NA,NA,NA,NA,NA,NA,NA,"0","0","0",NA
"Centropus_grillii","0","3","0","0",NA,"0",NA,"0",NA,"0",NA,NA,NA,NA,NA,NA,"0","0","0",NA
"Centropus_leucogaster","0","2","0","0",NA,NA,NA,"0",NA,NA,NA,"0",NA,NA,NA,"0","0","0","0",NA
"Centropus_melanops","0","1","0","0",NA,NA,NA,"0",NA,NA,NA,NA,NA,NA,NA,NA,"0","0","0",NA
"Centropus_menbeki","0","1","0","0",NA,NA,NA,"0",NA,NA,NA,NA,NA,NA,NA,NA,"0","0","0",NA
"Centropus_milo","0","1","0","0",NA,NA,NA,"0",NA,NA,NA,NA,NA,NA,NA,NA,"0","0","0",NA
"Centropus_monachus","0","1","0","0",NA,NA,NA,"0",NA,NA,NA,NA,NA,NA,NA,NA,"0","0","0",NA
"Centropus_nigrorufus","0","1","0","0",NA,NA,NA,"0",NA,NA,NA,NA,NA,NA,NA,NA,"0","0","0",NA
"Centropus_phasianinus","0","4","0","0",NA,"0",NA,"0",NA,"0",NA,"0",NA,NA,NA,"1","0","0","0",NA
"Centropus_rectunguis","0","2","0","0",NA,NA,NA,"0",NA,"0",NA,NA,NA,NA,NA,NA,"0","0","0",NA
"Centropus_senegalensis","0","3","0","0",NA,NA,NA,"0",NA,"0",NA,"0",NA,NA,NA,"0","0","0","0",NA
"Centropus_sinensis","0","2","0","0",NA,NA,NA,"0",NA,"0",NA,NA,NA,NA,NA,NA,"0","0","0",NA
"Centropus_spilopterus","0","1","0","0",NA,NA,NA,"0",NA,NA,NA,NA,NA,NA,NA,NA,"0","0","0",NA
"Centropus_steerii","0","1","0","0",NA,NA,NA,"0",NA,NA,NA,NA,NA,NA,NA,NA,"0","0","0",NA
"Centropus_superciliosus","0","2","0","0",NA,NA,NA,"0",NA,"0",NA,NA,NA,NA,NA,NA,"0","0","0",NA
"Centropus_toulou","0","1","0","0",NA,NA,NA,"0",NA,NA,NA,NA,NA,NA,NA,NA,"0","0","0",NA
"Centropus_unirufus","0","1","0","0",NA,NA,NA,"0",NA,NA,NA,NA,NA,NA,NA,NA,"0","0","0",NA
"Centropus_violaceus","0","1","0","0",NA,NA,NA,"0",NA,NA,NA,NA,NA,NA,NA,NA,"0","0","0",NA
"Centropus_viridis","0","1","0","0",NA,NA,NA,"0",NA,NA,NA,NA,NA,NA,NA,NA,"0","0","0",NA
"Cephalopterus_glabricollis","0","2","0","0",NA,NA,NA,"0",NA,"0",NA,NA,NA,NA,NA,NA,"0","0","0",NA
"Cephalopterus_ornatus","0","2","0","0",NA,NA,NA,"0",NA,"0",NA,NA,NA,NA,NA,NA,"0","0","0",NA
"Cephalopterus_penduliger","0","2","0","0",NA,NA,NA,"0",NA,"0",NA,NA,NA,NA,NA,NA,"0","0","0",NA
"Cephalopyrus_flammiceps","0","2","0","0",NA,NA,NA,"0",NA,"0",NA,NA,NA,NA,NA,NA,"0","0","0",NA
"Cepphus_carbo","0","1","0","0",NA,NA,NA,NA,NA,"0",NA,NA,NA,NA,NA,NA,"0","0","0",NA
"Cepphus_columba","0","1","0","0",NA,NA,NA,NA,NA,"0",NA,NA,NA,NA,NA,NA,"0","0","0",NA
"Cepphus_grylle","0","3","0","0",NA,"0","0",NA,NA,"0",NA,NA,NA,NA,NA,NA,"0","0","0",NA
"Ceratogymna_atrata","1","0","3","0",NA,NA,NA,"1",NA,"1",NA,"1",NA,NA,"K","1","1","0","0","Kin"
"Ceratogymna_elata","1","1","1","1",NA,NA,NA,"1",NA,"0",NA,NA,NA,NA,NA,NA,"0","0","0",NA
"Cercibis_oxycerca","0","1","0","0",NA,NA,NA,"0",NA,NA,NA,NA,NA,NA,NA,NA,"0","0","0",NA
"Cercococcyx_mechowi","0","2","0","0",NA,NA,NA,"0",NA,NA,NA,"0",NA,NA,NA,"0","0","0","0",NA
"Cercococcyx_montanus","0","2","0","0",NA,NA,NA,"0",NA,NA,NA,"0",NA,NA,NA,"0","0","0","0",NA
"Cercococcyx_olivinus","0","1","0","0",NA,NA,NA,"0",NA,NA,NA,NA,NA,NA,NA,NA,"0","0","0",NA
"Cercomacra_brasiliana","0","1","0","0",NA,NA,NA,"0",NA,NA,NA,NA,NA,NA,NA,NA,"0","0","0",NA
"Cercomacra_carbonaria","0","2","0","0",NA,NA,NA,"0",NA,NA,NA,"0",NA,NA,NA,"1","0","0","0",NA
"Cercomacra_cinerascens","0","2","0","0",NA,NA,NA,"0",NA,NA,NA,"0",NA,NA,NA,"1","0","0","0",NA
"Cercomacra_ferdinandi","0","2","0","0",NA,NA,NA,"0",NA,NA,NA,"0",NA,NA,NA,"1","0","0","0",NA
"Cercomacra_laeta","0","2","0","0",NA,NA,NA,"0",NA,NA,NA,"0",NA,NA,NA,"1","0","0","0",NA
"Cercomacra_manu","0","2","0","0",NA,NA,NA,"0",NA,NA,NA,"0",NA,NA,NA,"1","0","0","0",NA
"Cercomacra_melanaria","0","2","0","0",NA,NA,NA,"0",NA,NA,NA,"0",NA,NA,NA,"1","0","0","0",NA
"Cercomacra_nigrescens","0","2","0","0",NA,NA,NA,"0",NA,NA,NA,"0",NA,NA,NA,"1","0","0","0",NA
"Cercomacra_nigricans","0","2","0","0",NA,NA,NA,"0",NA,NA,NA,"0",NA,NA,NA,"1","0","0","0",NA
"Cercomacra_parkeri","0","1","0","0",NA,NA,NA,"0",NA,NA,NA,NA,NA,NA,NA,NA,"0","0","0",NA
"Cercomacra_serva","0","2","0","0",NA,NA,NA,"0",NA,NA,NA,"0",NA,NA,NA,"1","0","0","0",NA
"Cercomacra_tyrannina","0","5","0","0",NA,"0","0","0",NA,"0",NA,"0",NA,NA,NA,"1","0","0","0",NA
"Cercomela_dubia","0","1","0","0",NA,NA,NA,"0",NA,NA,NA,NA,NA,NA,NA,NA,"0","0","0",NA
"Cercomela_familiaris","0","3","0","0",NA,NA,NA,"0",NA,"0",NA,"0",NA,NA,NA,"1","0","0","0",NA
"Cercomela_fusca","0","2","0","0",NA,NA,NA,"0",NA,"0",NA,NA,NA,NA,NA,NA,"0","0","0",NA
"Cercomela_melanura","0","2","0","0",NA,NA,NA,"0",NA,"0",NA,NA,NA,NA,NA,NA,"0","0","0",NA
"Cercomela_schlegelii","0","3","0","0",NA,NA,NA,"0",NA,"0",NA,"0",NA,NA,NA,"1","0","0","0",NA
"Cercomela_scotocerca","0","1","0","0",NA,NA,NA,"0",NA,NA,NA,NA,NA,NA,NA,NA,"0","0","0",NA
"Cercomela_sinuata","0","3","0","0",NA,NA,NA,"0",NA,"0",NA,"0",NA,NA,NA,"1","0","0","0",NA
"Cercomela_sordida","0","2","0","0",NA,NA,NA,"0",NA,"0",NA,NA,NA,NA,NA,NA,"0","0","0",NA
"Cercomela_tractrac","0","3","0","0",NA,NA,NA,"0",NA,"0",NA,"0",NA,NA,NA,"1","0","0","0",NA
"Cercotrichas_podobe","1","2","1","1",NA,NA,NA,"0",NA,"0",NA,"1",NA,NA,"K","1","1","0","0","Kin"
"Cereopsis_novaehollandiae","0","3","0","0",NA,NA,NA,"0",NA,"0",NA,"0",NA,NA,NA,"1","0","0","0",NA
"Cerorhinca_monocerata","0","1","0","0",NA,NA,NA,NA,NA,"0",NA,NA,NA,NA,NA,NA,"0","0","0",NA
"Certhia_americana","0","2","0","0",NA,NA,NA,"0",NA,"0",NA,NA,NA,NA,NA,NA,"0","0","0",NA
"Certhia_brachydactyla","0","2","0","0",NA,NA,NA,"0",NA,"0",NA,NA,NA,NA,NA,NA,"0","0","0",NA
"Certhia_discolor","0","1","0","0",NA,NA,NA,"0",NA,NA,NA,NA,NA,NA,NA,NA,"0","0","0",NA
"Certhia_familiaris","0","3","0","0",NA,NA,NA,"0",NA,"0",NA,"0",NA,NA,NA,"0","0","0","0",NA
"Certhia_himalayana","0","3","0","0",NA,NA,NA,"0",NA,"0",NA,"0",NA,NA,NA,"1","0","0","0",NA
"Certhia_nipalensis","0","1","0","0",NA,NA,NA,"0",NA,NA,NA,NA,NA,NA,NA,NA,"0","0","0",NA
"Certhiaxis_cinnamomeus","0","2","0","0",NA,NA,NA,"0",NA,"0",NA,NA,NA,NA,NA,NA,"0","0","0",NA
"Certhiaxis_mustelinus","0","1","0","0",NA,NA,NA,"0",NA,NA,NA,NA,NA,NA,NA,NA,"0","0","0",NA
"Certhidea_olivacea","0","3","0","0",NA,NA,NA,"0",NA,"0",NA,"0",NA,NA,NA,"0","0","0","0",NA
"Certhilauda_albescens","0","2","0","0",NA,NA,NA,"0",NA,"0",NA,NA,NA,NA,NA,NA,"0","0","0",NA
"Certhilauda_barlowi",NA,"0","0","0",NA,NA,NA,NA,NA,NA,NA,NA,NA,NA,NA,NA,"0","0","0",NA
"Certhilauda_burra","0","2","0","0",NA,NA,NA,"0",NA,"0",NA,NA,NA,NA,NA,NA,"0","0","0",NA
"Certhilauda_chuana","0","2","0","0",NA,NA,NA,"0",NA,NA,NA,"0",NA,NA,NA,"1","0","0","0",NA
"Certhilauda_curvirostris","0","3","0","0",NA,NA,NA,"0",NA,"0",NA,"0",NA,NA,NA,"1","0","0","0",NA
"Certhilauda_erythrochlamys","0","3","0","0",NA,NA,NA,"0",NA,"0",NA,"0",NA,NA,NA,"1","0","0","0",NA
"Certhilauda_semitorquata","0","1","0","0",NA,NA,NA,NA,NA,NA,NA,"0",NA,NA,NA,"1","0","0","0",NA
"Certhilauda_subcoronata",NA,"0","0","0",NA,NA,NA,NA,NA,NA,NA,NA,NA,NA,NA,NA,"0","0","0",NA
"Certhionyx_niger","0","2","0","0",NA,NA,NA,"0",NA,"0",NA,NA,NA,NA,NA,NA,"0","0","0",NA
"Certhionyx_pectoralis","0","2","0","0",NA,NA,NA,"0",NA,NA,NA,"0",NA,NA,NA,"0","0","0","0",NA
"Certhionyx_variegatus","0","2","0","0",NA,NA,NA,"0",NA,"0",NA,NA,NA,NA,NA,NA,"0","0","0",NA
"Ceryle_rudis","1","0","5","0","1",NA,NA,"1",NA,"1","1","1","M",NA,"K","1","1","0","1","Kin"
"Cettia_acanthizoides","0","1","0","0",NA,NA,NA,"0",NA,NA,NA,NA,NA,NA,NA,NA,"0","0","0",NA
"Cettia_annae","0","1","0","0",NA,NA,NA,"0",NA,NA,NA,NA,NA,NA,NA,NA,"0","0","0",NA
"Cettia_brunnifrons","0","1","0","0",NA,NA,NA,"0",NA,NA,NA,NA,NA,NA,NA,NA,"0","0","0",NA
"Cettia_canturians","0","1","0","0",NA,NA,NA,"0",NA,NA,NA,NA,NA,NA,NA,NA,"0","0","0",NA
"Cettia_carolinae","0","1","0","0",NA,NA,NA,"0",NA,NA,NA,NA,NA,NA,NA,NA,"0","0","0",NA
"Cettia_cetti","0","3","0","0",NA,NA,NA,"0",NA,"0",NA,"0",NA,NA,NA,"0","0","0","0",NA
"Cettia_diphone","0","2","0","0",NA,NA,NA,"0",NA,"0",NA,NA,NA,NA,NA,NA,"0","0","0",NA
"Cettia_flavolivacea","0","1","0","0",NA,NA,NA,"0",NA,NA,NA,NA,NA,NA,NA,NA,"0","0","0",NA
"Cettia_fortipes","0","1","0","0",NA,NA,NA,"0",NA,NA,NA,NA,NA,NA,NA,NA,"0","0","0",NA
"Cettia_major","0","1","0","0",NA,NA,NA,"0",NA,NA,NA,NA,NA,NA,NA,NA,"0","0","0",NA
"Cettia_pallidipes","0","1","0","0",NA,NA,NA,"0",NA,NA,NA,NA,NA,NA,NA,NA,"0","0","0",NA
"Cettia_parens","0","1","0","0",NA,NA,NA,"0",NA,NA,NA,NA,NA,NA,NA,NA,"0","0","0",NA
"Cettia_ruficapilla","0","2","0","0",NA,NA,NA,"0",NA,"0",NA,NA,NA,NA,NA,NA,"0","0","0",NA
"Cettia_seebohmi","0","1","0","0",NA,NA,NA,"0",NA,NA,NA,NA,NA,NA,NA,NA,"0","0","0",NA
"Cettia_vulcania","0","2","0","0",NA,NA,NA,"0",NA,"0",NA,NA,NA,NA,NA,NA,"0","0","0",NA
"Ceuthmochares_aereus","0","2","0","0",NA,NA,NA,"0",NA,"0",NA,NA,NA,NA,NA,NA,"0","0","0",NA
"Ceyx_erithaca","0","2","0","0",NA,NA,NA,"0",NA,"0",NA,NA,NA,NA,NA,NA,"0","0","0",NA
"Ceyx_fallax","0","1","0","0",NA,NA,NA,"0",NA,NA,NA,NA,NA,NA,NA,NA,"0","0","0",NA
"Ceyx_lepidus","0","1","0","0",NA,NA,NA,"0",NA,NA,NA,NA,NA,NA,NA,NA,"0","0","0",NA
"Ceyx_melanurus","0","1","0","0",NA,NA,NA,"0",NA,NA,NA,NA,NA,NA,NA,NA,"0","0","0",NA
"Ceyx_rufidorsa",NA,"0","0","0",NA,NA,NA,NA,NA,NA,NA,NA,NA,NA,NA,NA,"0","0","0",NA
"Chaetocercus_astreans","0","1","0","0",NA,NA,NA,"0",NA,NA,NA,NA,NA,NA,NA,NA,"0","0","0",NA
"Chaetocercus_berlepschi","0","1","0","0",NA,NA,NA,"0",NA,NA,NA,NA,NA,NA,NA,NA,"0","0","0",NA
"Chaetocercus_bombus","0","2","0","0",NA,NA,NA,"0",NA,NA,NA,"0",NA,NA,NA,"0","0","0","0",NA
"Chaetocercus_heliodor","0","1","0","0",NA,NA,NA,"0",NA,NA,NA,NA,NA,NA,NA,NA,"0","0","0",NA
"Chaetocercus_jourdanii","0","1","0","0",NA,NA,NA,"0",NA,NA,NA,NA,NA,NA,NA,NA,"0","0","0",NA
"Chaetocercus_mulsant","0","2","0","0",NA,NA,NA,"0",NA,NA,NA,"0",NA,NA,NA,"0","0","0","0",NA
"Chaetops_aurantius","0","1","0","0",NA,NA,NA,NA,NA,NA,NA,"0",NA,NA,NA,"1","0","0","0",NA
"Chaetops_frenatus","1","0","4","0",NA,NA,NA,"1",NA,"1","1","1","K",NA,"K","1","2","0","0","Kin"
"Chaetorhynchus_papuensis","0","1","0","0",NA,NA,NA,"0",NA,NA,NA,NA,NA,NA,NA,NA,"0","0","0",NA
"Chaetornis_striata","0","1","0","0",NA,NA,NA,"0",NA,NA,NA,NA,NA,NA,NA,NA,"0","0","0",NA
"Chaetura_brachyura","1","0","3","0",NA,NA,NA,"1",NA,"1",NA,"1",NA,NA,"K","1","1","0","0","Kin"
"Chaetura_chapmani","1","0","1","0",NA,NA,NA,"1",NA,NA,NA,NA,NA,NA,NA,NA,"0","0","0",NA
"Chaetura_cinereiventris","1","0","1","0",NA,NA,NA,"1",NA,NA,NA,NA,NA,NA,NA,NA,"0","0","0",NA
"Chaetura_egregia","1","0","1","0",NA,NA,NA,"1",NA,NA,NA,NA,NA,NA,NA,NA,"0","0","0",NA
"Chaetura_martinica","1","0","1","0",NA,NA,NA,"1",NA,NA,NA,NA,NA,NA,NA,NA,"0","0","0",NA
"Chaetura_pelagica","1","0","4","0",NA,NA,NA,"1",NA,"1","1","1","M",NA,"K","1","1","0","1","Kin"
"Chaetura_spinicaudus","1","0","1","0",NA,NA,NA,"1",NA,NA,NA,NA,NA,NA,NA,NA,"0","0","0",NA
"Chaetura_vauxi","1","0","3","0",NA,NA,NA,"1",NA,"1",NA,"1",NA,NA,"K","1","1","0","0","Kin"
"Chaimarrornis_leucocephalus","0","2","0","0",NA,NA,NA,"0",NA,"0",NA,NA,NA,NA,NA,NA,"0","0","0",NA
"Chalcophaps_indica","0","2","0","0",NA,NA,NA,"0",NA,"0",NA,NA,NA,NA,NA,NA,"0","0","0",NA
"Chalcophaps_stephani","0","3","0","0",NA,NA,NA,"0",NA,"0",NA,"0",NA,NA,NA,"0","0","0","0",NA
"Chalcopsitta_atra","0","3","0","0",NA,NA,NA,"0",NA,"0",NA,"0",NA,NA,NA,"0","0","0","0",NA
"Chalcopsitta_cardinalis","0","1","0","0",NA,NA,NA,"0",NA,NA,NA,NA,NA,NA,NA,NA,"0","0","0",NA
"Chalcopsitta_duivenbodei","0","1","0","0",NA,NA,NA,"0",NA,NA,NA,NA,NA,NA,NA,NA,"0","0","0",NA
"Chalcopsitta_sintillata","0","1","0","0",NA,NA,NA,"0",NA,NA,NA,NA,NA,NA,NA,NA,"0","0","0",NA
"Chalcostigma_herrani","0","3","0","0",NA,NA,NA,"0",NA,"0",NA,"0",NA,NA,NA,"0","0","0","0",NA
"Chalcostigma_heteropogon","0","3","0","0",NA,NA,NA,"0",NA,"0",NA,"0",NA,NA,NA,"0","0","0","0",NA
"Chalcostigma_olivaceum","0","3","0","0",NA,NA,NA,"0",NA,"0",NA,"0",NA,NA,NA,"0","0","0","0",NA
"Chalcostigma_ruficeps","0","3","0","0",NA,NA,NA,"0",NA,"0",NA,"0",NA,NA,NA,"0","0","0","0",NA
"Chalcostigma_stanleyi","0","3","0","0",NA,NA,NA,"0",NA,"0",NA,"0",NA,NA,NA,"0","0","0","0",NA
"Chalybura_buffonii","0","1","0","0",NA,NA,NA,"0",NA,NA,NA,NA,NA,NA,NA,NA,"0","0","0",NA
"Chalybura_urochrysia","0","3","0","0",NA,NA,NA,"0",NA,"0",NA,"0",NA,NA,NA,"0","0","0","0",NA
"Chamaea_fasciata","0","3","0","0",NA,NA,NA,"0",NA,"0",NA,"0",NA,NA,NA,"0","0","0","0",NA
"Chamaepetes_goudotii","0","1","0","0",NA,NA,NA,"0",NA,NA,NA,NA,NA,NA,NA,NA,"0","0","0",NA
"Chamaepetes_unicolor","0","2","0","0",NA,NA,NA,"0",NA,"0",NA,NA,NA,NA,NA,NA,"0","0","0",NA
"Chamaeza_campanisona","0","1","0","0",NA,NA,NA,"0",NA,NA,NA,NA,NA,NA,NA,NA,"0","0","0",NA
"Chamaeza_meruloides","0","1","0","0",NA,NA,NA,"0",NA,NA,NA,NA,NA,NA,NA,NA,"0","0","0",NA
"Chamaeza_mollissima","0","1","0","0",NA,NA,NA,"0",NA,NA,NA,NA,NA,NA,NA,NA,"0","0","0",NA
"Chamaeza_nobilis","0","1","0","0",NA,NA,NA,"0",NA,NA,NA,NA,NA,NA,NA,NA,"0","0","0",NA
"Chamaeza_ruficauda","0","1","0","0",NA,NA,NA,"0",NA,NA,NA,NA,NA,NA,NA,NA,"0","0","0",NA
"Chamaeza_turdina","0","1","0","0",NA,NA,NA,"0",NA,NA,NA,NA,NA,NA,NA,NA,"0","0","0",NA
"Charadrius_alexandrinus","0","4","0","0",NA,"0","0",NA,NA,"0",NA,"0",NA,NA,NA,"0","0","0","0",NA
"Charadrius_alticola","0","1","0","0",NA,NA,NA,"0",NA,NA,NA,NA,NA,NA,NA,NA,"0","0","0",NA
"Charadrius_asiaticus","0","3","0","0",NA,NA,NA,"0",NA,"0",NA,"0",NA,NA,NA,"0","0","0","0",NA
"Charadrius_australis","0","2","0","0",NA,NA,NA,"0",NA,"0",NA,NA,NA,NA,NA,NA,"0","0","0",NA
"Charadrius_bicinctus","0","1","0","0",NA,NA,NA,NA,NA,"0",NA,NA,NA,NA,NA,NA,"0","0","0",NA
"Charadrius_collaris","0","1","0","0",NA,NA,NA,"0",NA,NA,NA,NA,NA,NA,NA,NA,"0","0","0",NA
"Charadrius_dubius","0","1","0","0",NA,NA,NA,"0",NA,NA,NA,NA,NA,NA,NA,NA,"0","0","0",NA
"Charadrius_falklandicus","0","1","0","0",NA,NA,NA,NA,NA,NA,NA,"0",NA,NA,NA,"0","0","0","0",NA
"Charadrius_forbesi","0","2","0","0",NA,NA,NA,"0",NA,"0",NA,NA,NA,NA,NA,NA,"0","0","0",NA
"Charadrius_hiaticula","0","2","0","0",NA,NA,"0","0",NA,NA,NA,NA,NA,NA,NA,NA,"0","0","0",NA
"Charadrius_javanicus",NA,"0","0","0",NA,NA,NA,NA,NA,NA,NA,NA,NA,NA,NA,NA,"0","0","0",NA
"Charadrius_leschenaultii","0","2","0","0",NA,NA,NA,"0",NA,"0",NA,NA,NA,NA,NA,NA,"0","0","0",NA
"Charadrius_marginatus","0","1","0","0",NA,NA,NA,NA,NA,"0",NA,NA,NA,NA,NA,NA,"0","0","0",NA
"Charadrius_melodus","0","3","0","0",NA,NA,NA,"0",NA,"0",NA,"0",NA,NA,NA,"0","0","0","0",NA
"Charadrius_modestus","0","2","0","0",NA,NA,NA,"0",NA,"0",NA,NA,NA,NA,NA,NA,"0","0","0",NA
"Charadrius_mongolus","0","2","0","0",NA,NA,NA,"0",NA,"0",NA,NA,NA,NA,NA,NA,"0","0","0",NA
"Charadrius_montanus","0","3","0","0",NA,NA,NA,"0",NA,"0",NA,"0",NA,NA,NA,"0","0","0","0",NA
"Charadrius_obscurus","0","1","0","0",NA,NA,NA,NA,NA,"0",NA,NA,NA,NA,NA,NA,"0","0","0",NA
"Charadrius_pallidus","0","3","0","0",NA,NA,NA,"0",NA,"0",NA,"0",NA,NA,NA,"0","0","0","0",NA
"Charadrius_pecuarius","0","1","0","0",NA,NA,NA,NA,NA,"0",NA,NA,NA,NA,NA,NA,"0","0","0",NA
"Charadrius_peronii","0","1","0","0",NA,NA,NA,NA,NA,"0",NA,NA,NA,NA,NA,NA,"0","0","0",NA
"Charadrius_placidus","0","1","0","0",NA,NA,NA,"0",NA,NA,NA,NA,NA,NA,NA,NA,"0","0","0",NA
"Charadrius_ruficapillus","0","1","0","0",NA,NA,NA,NA,NA,"0",NA,NA,NA,NA,NA,NA,"0","0","0",NA
"Charadrius_sanctaehelenae",NA,"0","0","0",NA,NA,NA,NA,NA,NA,NA,NA,NA,NA,NA,NA,"0","0","0",NA
"Charadrius_semipalmatus","0","5","0","0",NA,"0","0","0",NA,"0",NA,"0",NA,NA,NA,"0","0","0","0",NA
"Charadrius_thoracicus","0","1","0","0",NA,NA,NA,"0",NA,NA,NA,NA,NA,NA,NA,NA,"0","0","0",NA
"Charadrius_tricollaris","0","3","0","0",NA,NA,NA,"0",NA,"0",NA,"0",NA,NA,NA,"0","0","0","0",NA
"Charadrius_veredus","0","1","0","0",NA,NA,NA,"0",NA,NA,NA,NA,NA,NA,NA,NA,"0","0","0",NA
"Charadrius_vociferus","0","3","0","0",NA,NA,NA,"0",NA,"0",NA,"0",NA,NA,NA,"0","0","0","0",NA
"Charadrius_wilsonia","0","1","0","0",NA,NA,NA,NA,NA,"0",NA,NA,NA,NA,NA,NA,"0","0","0",NA
"Charitospiza_eucosma","0","1","0","0",NA,NA,NA,"0",NA,NA,NA,NA,NA,NA,NA,NA,"0","0","0",NA
"Charmosyna_amabilis","0","1","0","0",NA,NA,NA,"0",NA,NA,NA,NA,NA,NA,NA,NA,"0","0","0",NA
"Charmosyna_diadema","0","1","0","0",NA,NA,NA,"0",NA,NA,NA,NA,NA,NA,NA,NA,"0","0","0",NA
"Charmosyna_josefinae","0","1","0","0",NA,NA,NA,"0",NA,NA,NA,NA,NA,NA,NA,NA,"0","0","0",NA
"Charmosyna_margarethae","0","1","0","0",NA,NA,NA,"0",NA,NA,NA,NA,NA,NA,NA,NA,"0","0","0",NA
"Charmosyna_meeki","0","1","0","0",NA,NA,NA,"0",NA,NA,NA,NA,NA,NA,NA,NA,"0","0","0",NA
"Charmosyna_multistriata","0","1","0","0",NA,NA,NA,"0",NA,NA,NA,NA,NA,NA,NA,NA,"0","0","0",NA
"Charmosyna_palmarum","0","2","0","0",NA,NA,NA,"0",NA,"0",NA,NA,NA,NA,NA,NA,"0","0","0",NA
"Charmosyna_papou","0","1","0","0",NA,NA,NA,"0",NA,NA,NA,NA,NA,NA,NA,NA,"0","0","0",NA
"Charmosyna_placentis","0","2","0","0",NA,NA,NA,"0",NA,"0",NA,NA,NA,NA,NA,NA,"0","0","0",NA
"Charmosyna_pulchella","0","2","0","0",NA,NA,NA,"0",NA,"0",NA,NA,NA,NA,NA,NA,"0","0","0",NA
"Charmosyna_rubrigularis","0","1","0","0",NA,NA,NA,"0",NA,NA,NA,NA,NA,NA,NA,NA,"0","0","0",NA
"Charmosyna_rubronotata","0","1","0","0",NA,NA,NA,"0",NA,NA,NA,NA,NA,NA,NA,NA,"0","0","0",NA
"Charmosyna_toxopei","0","1","0","0",NA,NA,NA,"0",NA,NA,NA,NA,NA,NA,NA,NA,"0","0","0",NA
"Charmosyna_wilhelminae","0","1","0","0",NA,NA,NA,"0",NA,NA,NA,NA,NA,NA,NA,NA,"0","0","0",NA
"Chasiempis_sandwichensis","0","2","0","0",NA,NA,NA,"0",NA,NA,NA,"0",NA,NA,NA,"1","0","0","0",NA
"Chauna_chavaria","0","2","0","0",NA,NA,NA,"0",NA,"0",NA,NA,NA,NA,NA,NA,"0","0","0",NA
"Chauna_torquata","0","2","0","0",NA,NA,NA,"0",NA,"0",NA,NA,NA,NA,NA,NA,"0","0","0",NA
"Chelictinia_riocourii","0","1","0","0",NA,NA,NA,"0",NA,NA,NA,NA,NA,NA,NA,NA,"0","0","0",NA
"Chelidoptera_tenebrosa","1","0","2","0",NA,NA,NA,"1",NA,"1",NA,NA,NA,NA,NA,NA,"0","0","0",NA
"Chelidorhynx_hypoxantha","0","2","0","0",NA,NA,NA,"0",NA,"0",NA,NA,NA,NA,NA,NA,"0","0","0",NA
"Chen_caerulescens","0","5","0","0",NA,"0","0","0",NA,"0",NA,"0",NA,NA,NA,"1","0","0","0",NA
"Chen_canagica","0","1","0","0",NA,NA,NA,NA,NA,NA,NA,"0",NA,NA,NA,"1","0","0","0",NA
"Chen_rossii","0","5","0","0",NA,"0","0","0",NA,"0",NA,"0",NA,NA,NA,"1","0","0","0",NA
"Chenonetta_jubata","0","3","0","0",NA,NA,NA,"0",NA,"0",NA,"0",NA,NA,NA,"1","0","0","0",NA
"Cheramoeca_leucosterna","0","2","0","0",NA,NA,NA,"0",NA,"0",NA,NA,NA,NA,NA,NA,"0","0","0",NA
"Chersomanes_albofasciata","1","0","3","0",NA,NA,NA,"1",NA,"1",NA,"1",NA,NA,"K","1","1","0","0","Kin"
"Chersophilus_duponti","0","2","0","0",NA,NA,NA,"0",NA,"0",NA,NA,NA,NA,NA,NA,"0","0","0",NA
"Chionis_albus","0","3","0","0",NA,NA,NA,"0",NA,"0",NA,"0",NA,NA,NA,"0","0","0","0",NA
"Chionis_minor","0","2","0","0",NA,NA,NA,NA,NA,"0",NA,"0",NA,NA,NA,"1","0","0","0",NA
"Chiroxiphia_boliviana","0","1","0","0",NA,NA,NA,"0",NA,NA,NA,NA,NA,NA,NA,NA,"0","0","0",NA
"Chiroxiphia_caudata","0","2","0","0",NA,NA,NA,"0",NA,"0",NA,NA,NA,NA,NA,NA,"0","0","0",NA
"Chiroxiphia_lanceolata","0","3","0","0",NA,"0",NA,"0",NA,"0",NA,NA,NA,NA,NA,NA,"0","0","0",NA
"Chiroxiphia_linearis","0","2","0","0",NA,NA,NA,"0",NA,"0",NA,NA,NA,NA,NA,NA,"0","0","0",NA
"Chiroxiphia_pareola","0","2","0","0",NA,NA,NA,"0",NA,"0",NA,NA,NA,NA,NA,NA,"0","0","0",NA
"Chlamydera_cerviniventris","0","2","0","0",NA,NA,NA,"0",NA,"0",NA,NA,NA,NA,NA,NA,"0","0","0",NA
"Chlamydera_guttata","0","2","0","0",NA,NA,NA,"0",NA,"0",NA,NA,NA,NA,NA,NA,"0","0","0",NA
"Chlamydera_lauterbachi","0","2","0","0",NA,NA,NA,"0",NA,"0",NA,NA,NA,NA,NA,NA,"0","0","0",NA
"Chlamydera_maculata","0","2","0","0",NA,NA,NA,"0",NA,"0",NA,NA,NA,NA,NA,NA,"0","0","0",NA
"Chlamydera_nuchalis","0","2","0","0",NA,NA,NA,"0",NA,"0",NA,NA,NA,NA,NA,NA,"0","0","0",NA
"Chlamydochaera_jefferyi","0","1","0","0",NA,NA,NA,"0",NA,NA,NA,NA,NA,NA,NA,NA,"0","0","0",NA
"Chlamydotis_undulata","0","3","0","0",NA,NA,NA,"0",NA,"0",NA,"0",NA,NA,NA,"1","0","0","0",NA
"Chlidonias_hybrida","0","4","0","0",NA,"0","0","0",NA,"0",NA,NA,NA,NA,NA,NA,"0","0","0",NA
"Chlidonias_leucopterus","0","2","0","0",NA,NA,NA,"0",NA,"0",NA,NA,NA,NA,NA,NA,"0","0","0",NA
"Chlidonias_niger","0","4","0","0",NA,"0","0","0",NA,"0",NA,NA,NA,NA,NA,NA,"0","0","0",NA
"Chloephaga_hybrida","0","2","0","0",NA,NA,NA,"0",NA,"0",NA,NA,NA,NA,NA,NA,"0","0","0",NA
"Chloephaga_melanoptera","0","2","0","0",NA,NA,NA,"0",NA,"0",NA,NA,NA,NA,NA,NA,"0","0","0",NA
"Chloephaga_picta","0","2","0","0",NA,NA,NA,"0",NA,"0",NA,NA,NA,NA,NA,NA,"0","0","0",NA
"Chloephaga_poliocephala","0","2","0","0",NA,NA,NA,"0",NA,"0",NA,NA,NA,NA,NA,NA,"0","0","0",NA
"Chloephaga_rubidiceps","0","2","0","0",NA,NA,NA,"0",NA,"0",NA,NA,NA,NA,NA,NA,"0","0","0",NA
"Chlorestes_notata","0","3","0","0",NA,NA,NA,"0",NA,"0",NA,"0",NA,NA,NA,"0","0","0","0",NA
"Chloroceryle_aenea","0","2","0","0",NA,NA,NA,"0",NA,"0",NA,NA,NA,NA,NA,NA,"0","0","0",NA
"Chloroceryle_amazona","0","2","0","0",NA,NA,NA,"0",NA,"0",NA,NA,NA,NA,NA,NA,"0","0","0",NA
"Chloroceryle_americana","0","3","0","0",NA,NA,NA,"0",NA,"0",NA,"0",NA,NA,NA,"0","0","0","0",NA
"Chloroceryle_inda","0","1","0","0",NA,NA,NA,"0",NA,NA,NA,NA,NA,NA,NA,NA,"0","0","0",NA
"Chlorocharis_emiliae","0","1","0","0",NA,NA,NA,"0",NA,NA,NA,NA,NA,NA,NA,NA,"0","0","0",NA
"Chlorochrysa_calliparaea","0","1","0","0",NA,NA,NA,"0",NA,NA,NA,NA,NA,NA,NA,NA,"0","0","0",NA
"Chlorochrysa_nitidissima","0","1","0","0",NA,NA,NA,"0",NA,NA,NA,NA,NA,NA,NA,NA,"0","0","0",NA
"Chlorochrysa_phoenicotis","0","2","0","0",NA,NA,NA,"0",NA,NA,NA,"0",NA,NA,NA,"1","0","0","0",NA
"Chlorocichla_falkensteini","1","1","1","1",NA,NA,NA,"1",NA,NA,NA,"0",NA,NA,NA,"1","0","0","0",NA
"Chlorocichla_flavicollis","1","0","3","0",NA,NA,NA,"1",NA,"1",NA,"1",NA,NA,"K","1","1","0","0","Kin"
"Chlorocichla_flaviventris","0","2","0","0",NA,NA,NA,"0",NA,"0",NA,NA,NA,NA,NA,NA,"0","0","0",NA
"Chlorocichla_laetissima","0","1","0","0",NA,NA,NA,"0",NA,NA,NA,NA,NA,NA,NA,NA,"0","0","0",NA
"Chlorocichla_prigoginei","0","1","0","0",NA,NA,NA,"0",NA,NA,NA,NA,NA,NA,NA,NA,"0","0","0",NA
"Chlorocichla_simplex","1","1","1","1",NA,NA,NA,"1",NA,NA,NA,"0",NA,NA,NA,"1","0","0","0",NA
"Chloropeta_gracilirostris","0","1","0","0",NA,NA,NA,"0",NA,NA,NA,NA,NA,NA,NA,NA,"0","0","0",NA
"Chloropeta_natalensis","0","2","0","0",NA,NA,NA,"0",NA,"0",NA,NA,NA,NA,NA,NA,"0","0","0",NA
"Chloropeta_similis","0","2","0","0",NA,NA,NA,"0",NA,"0",NA,NA,NA,NA,NA,NA,"0","0","0",NA
"Chlorophanes_spiza","0","3","0","0",NA,NA,NA,"0",NA,"0",NA,"0",NA,NA,NA,"1","0","0","0",NA
"Chlorophonia_callophrys","0","2","0","0",NA,NA,NA,"0",NA,"0",NA,NA,NA,NA,NA,NA,"0","0","0",NA
"Chlorophonia_cyanea","0","3","0","0",NA,NA,NA,"0",NA,"0",NA,"0",NA,NA,NA,"1","0","0","0",NA
"Chlorophonia_flavirostris","0","1","0","0",NA,NA,NA,"0",NA,NA,NA,NA,NA,NA,NA,NA,"0","0","0",NA
"Chlorophonia_occipitalis","0","1","0","0",NA,NA,NA,"0",NA,NA,NA,NA,NA,NA,NA,NA,"0","0","0",NA
"Chlorophonia_pyrrhophrys","0","2","0","0",NA,NA,NA,"0",NA,NA,NA,"0",NA,NA,NA,"1","0","0","0",NA
"Chloropsis_aurifrons","0","2","0","0",NA,NA,NA,"0",NA,"0",NA,NA,NA,NA,NA,NA,"0","0","0",NA
"Chloropsis_cochinchinensis","0","1","0","0",NA,NA,NA,"0",NA,NA,NA,NA,NA,NA,NA,NA,"0","0","0",NA
"Chloropsis_cyanopogon","0","1","0","0",NA,NA,NA,"0",NA,NA,NA,NA,NA,NA,NA,NA,"0","0","0",NA
"Chloropsis_flavipennis","0","1","0","0",NA,NA,NA,"0",NA,NA,NA,NA,NA,NA,NA,NA,"0","0","0",NA
"Chloropsis_hardwickii","0","1","0","0",NA,NA,NA,"0",NA,NA,NA,NA,NA,NA,NA,NA,"0","0","0",NA
"Chloropsis_palawanensis","0","1","0","0",NA,NA,NA,"0",NA,NA,NA,NA,NA,NA,NA,NA,"0","0","0",NA
"Chloropsis_sonnerati","0","1","0","0",NA,NA,NA,"0",NA,NA,NA,NA,NA,NA,NA,NA,"0","0","0",NA
"Chloropsis_venusta","0","1","0","0",NA,NA,NA,"0",NA,NA,NA,NA,NA,NA,NA,NA,"0","0","0",NA
"Chlorornis_riefferii","0","1","0","0",NA,NA,NA,"0",NA,NA,NA,NA,NA,NA,NA,NA,"0","0","0",NA
"Chlorospingus_canigularis","0","1","0","0",NA,NA,NA,"0",NA,NA,NA,NA,NA,NA,NA,NA,"0","0","0",NA
"Chlorospingus_flavigularis","0","1","0","0",NA,NA,NA,"0",NA,NA,NA,NA,NA,NA,NA,NA,"0","0","0",NA
"Chlorospingus_flavovirens","0","1","0","0",NA,NA,NA,"0",NA,NA,NA,NA,NA,NA,NA,NA,"0","0","0",NA
"Chlorospingus_inornatus","0","1","0","0",NA,NA,NA,"0",NA,NA,NA,NA,NA,NA,NA,NA,"0","0","0",NA
"Chlorospingus_ophthalmicus","0","2","0","0",NA,NA,NA,"0",NA,"0",NA,NA,NA,NA,NA,NA,"0","0","0",NA
"Chlorospingus_ophthalmicus_(subspecies)","0","1","0","0",NA,NA,NA,NA,NA,NA,NA,"0",NA,NA,NA,"1","0","0","0",NA
"Chlorospingus_parvirostris","0","1","0","0",NA,NA,NA,"0",NA,NA,NA,NA,NA,NA,NA,NA,"0","0","0",NA
"Chlorospingus_pileatus","0","2","0","0",NA,NA,NA,"0",NA,NA,NA,"0",NA,NA,NA,"1","0","0","0",NA
"Chlorospingus_semifuscus","0","2","0","0",NA,NA,NA,"0",NA,"0",NA,NA,NA,NA,NA,NA,"0","0","0",NA
"Chlorospingus_tacarcunae","0","1","0","0",NA,NA,NA,"0",NA,NA,NA,NA,NA,NA,NA,NA,"0","0","0",NA
"Chlorostilbon_alice","0","3","0","0",NA,NA,NA,"0",NA,"0",NA,"0",NA,NA,NA,"0","0","0","0",NA
"Chlorostilbon_assimilis","0","1","0","0",NA,NA,NA,NA,NA,NA,NA,"0",NA,NA,NA,"0","0","0","0",NA
"Chlorostilbon_canivetii",NA,"0","0","0",NA,NA,NA,NA,NA,NA,NA,NA,NA,NA,NA,NA,"0","0","0",NA
"Chlorostilbon_gibsoni","0","1","0","0",NA,NA,NA,NA,NA,NA,NA,"0",NA,NA,NA,"0","0","0","0",NA
"Chlorostilbon_maugaeus","0","3","0","0",NA,NA,NA,"0",NA,"0",NA,"0",NA,NA,NA,"0","0","0","0",NA
"Chlorostilbon_mellisugus","0","3","0","0",NA,NA,NA,"0",NA,"0",NA,"0",NA,NA,NA,"0","0","0","0",NA
"Chlorostilbon_olivaresi","0","1","0","0",NA,NA,NA,"0",NA,NA,NA,NA,NA,NA,NA,NA,"0","0","0",NA
"Chlorostilbon_poortmani","0","3","0","0",NA,NA,NA,"0",NA,"0",NA,"0",NA,NA,NA,"0","0","0","0",NA
"Chlorostilbon_ricordii","0","3","0","0",NA,NA,NA,"0",NA,"0",NA,"0",NA,NA,NA,"0","0","0","0",NA
"Chlorostilbon_russatus","0","3","0","0",NA,NA,NA,"0",NA,"0",NA,"0",NA,NA,NA,"0","0","0","0",NA
"Chlorostilbon_stenurus","0","3","0","0",NA,NA,NA,"0",NA,"0",NA,"0",NA,NA,NA,"0","0","0","0",NA
"Chlorostilbon_swainsonii","0","3","0","0",NA,NA,NA,"0",NA,"0",NA,"0",NA,NA,NA,"0","0","0","0",NA
"Chlorothraupis_carmioli","0","1","0","0",NA,NA,NA,"0",NA,NA,NA,NA,NA,NA,NA,NA,"0","0","0",NA
"Chlorothraupis_frenata","0","1","0","0",NA,NA,NA,"0",NA,NA,NA,NA,NA,NA,NA,NA,"0","0","0",NA
"Chlorothraupis_olivacea","0","1","0","0",NA,NA,NA,"0",NA,NA,NA,NA,NA,NA,NA,NA,"0","0","0",NA
"Chlorothraupis_stolzmanni","0","1","0","0",NA,NA,NA,"0",NA,NA,NA,NA,NA,NA,NA,NA,"0","0","0",NA
"Chondestes_grammacus","0","3","0","0",NA,NA,NA,"0",NA,"0",NA,"0",NA,NA,NA,"0","0","0","0",NA
"Chondrohierax_uncinatus","0","2","0","0",NA,NA,NA,"0",NA,"0",NA,NA,NA,NA,NA,NA,"0","0","0",NA
"Chordeiles_acutipennis","0","2","0","0",NA,NA,NA,"0",NA,"0",NA,NA,NA,NA,NA,NA,"0","0","0",NA
"Chordeiles_gundlachii","0","2","0","0",NA,NA,NA,"0",NA,"0",NA,NA,NA,NA,NA,NA,"0","0","0",NA
"Chordeiles_minor","0","3","0","0",NA,NA,NA,"0",NA,"0",NA,"0",NA,NA,NA,"0","0","0","0",NA
"Chordeiles_pusillus","0","1","0","0",NA,NA,NA,"0",NA,NA,NA,NA,NA,NA,NA,NA,"0","0","0",NA
"Chordeiles_rupestris","0","2","0","0",NA,NA,NA,"0",NA,"0",NA,NA,NA,NA,NA,NA,"0","0","0",NA
"Chrysococcyx_basalis","0","2","0","0",NA,NA,NA,"0",NA,NA,NA,"0",NA,NA,NA,"0","0","0","0",NA
"Chrysococcyx_caprius","0","1","0","0",NA,NA,NA,"0",NA,NA,NA,NA,NA,NA,NA,NA,"0","0","0",NA
"Chrysococcyx_crassirostris",NA,"0","0","0",NA,NA,NA,NA,NA,NA,NA,NA,NA,NA,NA,NA,"0","0","0",NA
"Chrysococcyx_cupreus","0","1","0","0",NA,NA,NA,"0",NA,NA,NA,NA,NA,NA,NA,NA,"0","0","0",NA
"Chrysococcyx_flavigularis","0","2","0","0",NA,NA,NA,"0",NA,NA,NA,"0",NA,NA,NA,"0","0","0","0",NA
"Chrysococcyx_klaas","0","2","0","0",NA,NA,NA,"0",NA,NA,NA,"0",NA,NA,NA,"0","0","0","0",NA
"Chrysococcyx_lucidus","0","2","0","0",NA,NA,NA,"0",NA,NA,NA,"0",NA,NA,NA,"0","0","0","0",NA
"Chrysococcyx_maculatus","0","2","0","0",NA,NA,NA,"0",NA,NA,NA,"0",NA,NA,NA,"0","0","0","0",NA
"Chrysococcyx_meyeri","0","1","0","0",NA,NA,NA,"0",NA,NA,NA,NA,NA,NA,NA,NA,"0","0","0",NA
"Chrysococcyx_minutillus","0","2","0","0",NA,NA,NA,"0",NA,NA,NA,"0",NA,NA,NA,"0","0","0","0",NA
"Chrysococcyx_osculans","0","2","0","0",NA,NA,NA,"0",NA,NA,NA,"0",NA,NA,NA,"0","0","0","0",NA
"Chrysococcyx_ruficollis","0","1","0","0",NA,NA,NA,"0",NA,NA,NA,NA,NA,NA,NA,NA,"0","0","0",NA
"Chrysococcyx_russatus",NA,"0","0","0",NA,NA,NA,NA,NA,NA,NA,NA,NA,NA,NA,NA,"0","0","0",NA
"Chrysococcyx_xanthorhynchus","0","2","0","0",NA,NA,NA,"0",NA,NA,NA,"0",NA,NA,NA,"0","0","0","0",NA
"Chrysocolaptes_festivus","0","3","0","0",NA,NA,NA,"0",NA,"0",NA,"0",NA,NA,NA,"1","0","0","0",NA
"Chrysocolaptes_lucidus","0","3","0","0",NA,NA,NA,"0",NA,"0",NA,"0",NA,NA,NA,"1","0","0","0",NA
"Chrysolampis_mosquitus","0","3","0","0",NA,NA,NA,"0",NA,"0",NA,"0",NA,NA,NA,"0","0","0","0",NA
"Chrysolophus_amherstiae","0","2","0","0",NA,NA,NA,"0",NA,"0",NA,NA,NA,NA,NA,NA,"0","0","0",NA
"Chrysolophus_pictus","0","1","0","0",NA,NA,NA,"0",NA,NA,NA,NA,NA,NA,NA,NA,"0","0","0",NA
"Chrysomma_altirostre","0","2","0","0",NA,NA,NA,"0",NA,"0",NA,NA,NA,NA,NA,NA,"0","0","0",NA
"Chrysomma_poecilotis","1","0","1","0",NA,NA,NA,"1",NA,NA,NA,NA,NA,NA,NA,NA,"0","0","0",NA
"Chrysomma_sinense","1","0","3","0",NA,NA,NA,"1",NA,"1",NA,"1",NA,NA,"K","1","1","0","0","Kin"
"Chrysomus_icterocephalus","0","3","0","0",NA,NA,NA,"0",NA,"0",NA,"0",NA,NA,NA,"0","0","0","0",NA
"Chrysomus_ruficapillus","0","2","0","0",NA,NA,NA,"0",NA,"0",NA,NA,NA,NA,NA,NA,"0","0","0",NA
"Chrysothlypis_chrysomelas","1","0","1","0",NA,NA,NA,"1",NA,NA,NA,NA,NA,NA,NA,NA,"0","0","0",NA
"Chrysothlypis_salmoni","1","0","3","0",NA,NA,NA,"1",NA,"1",NA,"1",NA,NA,"K","1","1","0","0","Kin"
"Chrysuronia_oenone","0","3","0","0",NA,NA,NA,"0",NA,"0",NA,"0",NA,NA,NA,"0","0","0","0",NA
"Chthonicola_sagittatus","0","3","0","0",NA,"0",NA,"0",NA,NA,NA,"0",NA,NA,NA,"0","0","0","0",NA
"Chunga_burmeisteri","0","1","0","0",NA,NA,NA,"0",NA,NA,NA,NA,NA,NA,NA,NA,"0","0","0",NA
"Cichladusa_arquata","0","3","0","0",NA,NA,NA,"0",NA,"0",NA,"0",NA,NA,NA,"1","0","0","0",NA
"Cichladusa_guttata","0","2","0","0",NA,NA,NA,"0",NA,"0",NA,NA,NA,NA,NA,NA,"0","0","0",NA
"Cichladusa_ruficauda","0","3","0","0",NA,NA,NA,"0",NA,"0",NA,"0",NA,NA,NA,"0","0","0","0",NA
"Cichlocolaptes_leucophrus","0","1","0","0",NA,NA,NA,"0",NA,NA,NA,NA,NA,NA,NA,NA,"0","0","0",NA
"Cichlopsis_leucogenys","0","2","0","0",NA,NA,NA,"0",NA,NA,NA,"0",NA,NA,NA,"0","0","0","0",NA
"Cicinnurus_magnificus","0","2","0","0",NA,NA,NA,"0",NA,"0",NA,NA,NA,NA,NA,NA,"0","0","0",NA
"Cicinnurus_regius","0","2","0","0",NA,NA,NA,"0",NA,"0",NA,NA,NA,NA,NA,NA,"0","0","0",NA
"Cicinnurus_respublica","0","2","0","0",NA,NA,NA,"0",NA,"0",NA,NA,NA,NA,NA,NA,"0","0","0",NA
"Ciconia_abdimii","0","3","0","0",NA,NA,NA,"0",NA,"0",NA,"0",NA,NA,NA,"0","0","0","0",NA
"Ciconia_boyciana","0","2","0","0",NA,NA,NA,"0",NA,"0",NA,NA,NA,NA,NA,NA,"0","0","0",NA
"Ciconia_ciconia","0","1","0","0",NA,NA,NA,"0",NA,NA,NA,NA,NA,NA,NA,NA,"0","0","0",NA
"Ciconia_episcopus","0","3","0","0",NA,NA,NA,"0",NA,"0",NA,"0",NA,NA,NA,"0","0","0","0",NA
"Ciconia_maguari","0","2","0","0",NA,NA,NA,"0",NA,"0",NA,NA,NA,NA,NA,NA,"0","0","0",NA
"Ciconia_nigra","0","2","0","0",NA,NA,NA,"0",NA,"0",NA,NA,NA,NA,NA,NA,"0","0","0",NA
"Ciconia_stormi","0","2","0","0",NA,NA,NA,"0",NA,"0",NA,NA,NA,NA,NA,NA,"0","0","0",NA
"Cinclidium_diana","0","1","0","0",NA,NA,NA,"0",NA,NA,NA,NA,NA,NA,NA,NA,"0","0","0",NA
"Cinclidium_frontale","0","1","0","0",NA,NA,NA,"0",NA,NA,NA,NA,NA,NA,NA,NA,"0","0","0",NA
"Cinclidium_leucurum","0","1","0","0",NA,NA,NA,"0",NA,NA,NA,NA,NA,NA,NA,NA,"0","0","0",NA
"Cinclocerthia_gutturalis","0","1","0","0",NA,NA,NA,"0",NA,NA,NA,NA,NA,NA,NA,NA,"0","0","0",NA
"Cinclocerthia_ruficauda","0","1","0","0",NA,NA,NA,"0",NA,NA,NA,NA,NA,NA,NA,NA,"0","0","0",NA
"Cinclodes_albidiventris",NA,"0","0","0",NA,NA,NA,NA,NA,NA,NA,NA,NA,NA,NA,NA,"0","0","0",NA
"Cinclodes_albiventris",NA,"0","0","0",NA,NA,NA,NA,NA,NA,NA,NA,NA,NA,NA,NA,"0","0","0",NA
"Cinclodes_antarcticus","0","2","0","0",NA,NA,NA,"0",NA,"0",NA,NA,NA,NA,NA,NA,"0","0","0",NA
"Cinclodes_aricomae","0","1","0","0",NA,NA,NA,"0",NA,NA,NA,NA,NA,NA,NA,NA,"0","0","0",NA
"Cinclodes_atacamensis","0","1","0","0",NA,NA,NA,"0",NA,NA,NA,NA,NA,NA,NA,NA,"0","0","0",NA
"Cinclodes_comechingonus","0","2","0","0",NA,NA,NA,"0",NA,"0",NA,NA,NA,NA,NA,NA,"0","0","0",NA
"Cinclodes_excelsior","0","1","0","0",NA,NA,NA,"0",NA,NA,NA,NA,NA,NA,NA,NA,"0","0","0",NA
"Cinclodes_fuscus","0","2","0","0",NA,NA,NA,"0",NA,"0",NA,NA,NA,NA,NA,NA,"0","0","0",NA
"Cinclodes_nigrofumosus","0","1","0","0",NA,NA,NA,"0",NA,NA,NA,NA,NA,NA,NA,NA,"0","0","0",NA
"Cinclodes_olrogi",NA,"0","0","0",NA,NA,NA,NA,NA,NA,NA,NA,NA,NA,NA,NA,"0","0","0",NA
"Cinclodes_oustaleti","0","1","0","0",NA,NA,NA,"0",NA,NA,NA,NA,NA,NA,NA,NA,"0","0","0",NA
"Cinclodes_pabsti","0","1","0","0",NA,NA,NA,"0",NA,NA,NA,NA,NA,NA,NA,NA,"0","0","0",NA
"Cinclodes_palliatus","0","1","0","0",NA,NA,NA,"0",NA,NA,NA,NA,NA,NA,NA,NA,"0","0","0",NA
"Cinclodes_patagonicus","0","1","0","0",NA,NA,NA,"0",NA,NA,NA,NA,NA,NA,NA,NA,"0","0","0",NA
"Cinclodes_taczanowskii","0","1","0","0",NA,NA,NA,"0",NA,NA,NA,NA,NA,NA,NA,NA,"0","0","0",NA
"Cincloramphus_cruralis","0","2","0","0",NA,NA,NA,"0",NA,"0",NA,NA,NA,NA,NA,NA,"0","0","0",NA
"Cincloramphus_mathewsi","0","2","0","0",NA,NA,NA,"0",NA,"0",NA,NA,NA,NA,NA,NA,"0","0","0",NA
"Cinclosoma_ajax","0","1","0","0",NA,NA,NA,"0",NA,NA,NA,NA,NA,NA,NA,NA,"0","0","0",NA
"Cinclosoma_castaneothorax","1","1","1","1",NA,NA,NA,"1",NA,"0",NA,NA,NA,NA,NA,NA,"0","0","0",NA
"Cinclosoma_castanotum","1","1","1","1",NA,NA,NA,"1",NA,"0",NA,NA,NA,NA,NA,NA,"0","0","0",NA
"Cinclosoma_cinnamomeum","1","1","1","1",NA,NA,NA,"1",NA,"0",NA,NA,NA,NA,NA,NA,"0","0","0",NA
"Cinclosoma_punctatum","0","2","0","0",NA,NA,NA,"0",NA,"0",NA,NA,NA,NA,NA,NA,"0","0","0",NA
"Cinclus_cinclus","0","5","0","0",NA,"0","0","0",NA,"0",NA,"0",NA,NA,NA,"0","0","0","0",NA
"Cinclus_leucocephalus","0","1","0","0",NA,NA,NA,"0",NA,NA,NA,NA,NA,NA,NA,NA,"0","0","0",NA
"Cinclus_mexicanus","0","3","0","0",NA,NA,NA,"0",NA,"0",NA,"0",NA,NA,NA,"0","0","0","0",NA
"Cinclus_pallasii","0","2","0","0",NA,NA,NA,"0",NA,"0",NA,NA,NA,NA,NA,NA,"0","0","0",NA
"Cinclus_schulzi","0","2","0","0",NA,NA,NA,"0",NA,"0",NA,NA,NA,NA,NA,NA,"0","0","0",NA
"Cinnycerthia_fulva","1","0","1","0",NA,NA,NA,"1",NA,NA,NA,NA,NA,NA,NA,NA,"0","0","0",NA
"Cinnycerthia_olivascens","1","0","1","0",NA,NA,NA,"1",NA,NA,NA,NA,NA,NA,NA,NA,"0","0","0",NA
"Cinnycerthia_peruana","1","1","1","1",NA,NA,NA,"1",NA,"0",NA,NA,NA,NA,NA,NA,"0","0","0",NA
"Cinnycerthia_unirufa","1","0","1","0",NA,NA,NA,"1",NA,NA,NA,NA,NA,NA,NA,NA,"0","0","0",NA
"Cinnyricinclus_femoralis","0","2","0","0",NA,NA,NA,"0","0",NA,NA,NA,NA,NA,NA,NA,"0","0","0",NA
"Cinnyricinclus_leucogaster","1","2","1","1",NA,NA,NA,"0","1",NA,NA,"0",NA,NA,NA,"1","0","0","0",NA
"Cinnyricinclus_sharpii","0","2","0","0",NA,NA,NA,"0","0",NA,NA,NA,NA,NA,NA,NA,"0","0","0",NA
"Circaetus_beaudouini","0","1","0","0",NA,NA,NA,"0",NA,NA,NA,NA,NA,NA,NA,NA,"0","0","0",NA
"Circaetus_cinerascens","0","3","0","0",NA,NA,NA,"0",NA,"0",NA,"0",NA,NA,NA,"0","0","0","0",NA
"Circaetus_cinereus","0","3","0","0",NA,NA,NA,"0",NA,"0",NA,"0",NA,NA,NA,"1","0","0","0",NA
"Circaetus_fasciolatus","0","1","0","0",NA,NA,NA,"0",NA,NA,NA,NA,NA,NA,NA,NA,"0","0","0",NA
"Circaetus_gallicus","0","3","0","0",NA,NA,NA,"0",NA,"0",NA,"0",NA,NA,NA,"0","0","0","0",NA
"Circaetus_pectoralis","0","3","0","0",NA,NA,NA,"0",NA,"0",NA,"0",NA,NA,NA,"1","0","0","0",NA
"Circus_aeruginosus","0","2","0","0",NA,NA,NA,"0",NA,NA,NA,"0",NA,NA,NA,"0","0","0","0",NA
"Circus_approximans","0","3","0","0",NA,NA,NA,"0",NA,"0",NA,"0",NA,NA,NA,"1","0","0","0",NA
"Circus_assimilis","0","3","0","0",NA,NA,NA,"0",NA,"0",NA,"0",NA,NA,NA,"0","0","0","0",NA
"Circus_buffoni","1","0","2","0",NA,NA,NA,"1",NA,"1",NA,NA,NA,NA,NA,NA,"0","0","0",NA
"Circus_cinereus","0","2","0","0",NA,NA,NA,"0",NA,"0",NA,NA,NA,NA,NA,NA,"0","0","0",NA
"Circus_cyaneus","0","2","0","0",NA,NA,NA,"0",NA,NA,NA,"0",NA,NA,NA,"0","0","0","0",NA
"Circus_macrourus","0","3","0","0",NA,NA,NA,"0",NA,"0",NA,"0",NA,NA,NA,"0","0","0","0",NA
"Circus_maillardi","0","2","0","0",NA,NA,NA,"0",NA,"0",NA,NA,NA,NA,NA,NA,"0","0","0",NA
"Circus_maurus","0","2","0","0",NA,NA,NA,"0",NA,NA,NA,"0",NA,NA,NA,"0","0","0","0",NA
"Circus_melanoleucos","0","2","0","0",NA,NA,NA,"0",NA,"0",NA,NA,NA,NA,NA,NA,"0","0","0",NA
"Circus_pygargus","0","3","0","0",NA,NA,"0","0",NA,NA,NA,"0",NA,NA,NA,"0","0","0","0",NA
"Circus_ranivorus","0","3","0","0",NA,NA,NA,"0",NA,"0",NA,"0",NA,NA,NA,"1","0","0","0",NA
"Circus_spilonotus","0","2","0","0",NA,NA,NA,"0",NA,"0",NA,NA,NA,NA,NA,NA,"0","0","0",NA
"Cissa_chinensis","0","2","0","0",NA,NA,NA,"0",NA,"0",NA,NA,NA,NA,NA,NA,"0","0","0",NA
"Cissa_hypoleuca","0","1","0","0",NA,NA,NA,"0",NA,NA,NA,NA,NA,NA,NA,NA,"0","0","0",NA
"Cissa_thalassina","0","1","0","0",NA,NA,NA,"0",NA,NA,NA,NA,NA,NA,NA,NA,"0","0","0",NA
"Cissopis_leverianus","0","2","0","0",NA,NA,NA,"0",NA,NA,NA,"0",NA,NA,NA,"1","0","0","0",NA
"Cisticola_aberdare","1","0","1","0",NA,NA,NA,"1",NA,NA,NA,NA,NA,NA,NA,NA,"0","0","0",NA
"Cisticola_aberrans","0","3","0","0",NA,NA,NA,"0",NA,"0",NA,"0",NA,NA,NA,"1","0","0","0",NA
"Cisticola_angusticauda","0","2","0","0",NA,NA,NA,"0",NA,"0",NA,NA,NA,NA,NA,NA,"0","0","0",NA
"Cisticola_anonymus","1","0","3","0",NA,NA,NA,"1",NA,"1",NA,"1",NA,NA,"K","1","1","0","0","Kin"
"Cisticola_aridulus","0","3","0","0",NA,NA,NA,"0",NA,"0",NA,"0",NA,NA,NA,"0","0","0","0",NA
"Cisticola_ayresii","0","3","0","0",NA,NA,NA,"0",NA,"0",NA,"0",NA,NA,NA,"1","0","0","0",NA
"Cisticola_bodessa","0","1","0","0",NA,NA,NA,"0",NA,NA,NA,NA,NA,NA,NA,NA,"0","0","0",NA
"Cisticola_brachypterus","0","3","0","0",NA,NA,NA,"0",NA,"0",NA,"0",NA,NA,NA,"1","0","0","0",NA
"Cisticola_brunnescens","1","1","1","1",NA,NA,NA,"1",NA,NA,NA,"0",NA,NA,NA,"1","0","0","0",NA
"Cisticola_bulliens","0","1","0","0",NA,NA,NA,"0",NA,NA,NA,NA,NA,NA,NA,NA,"0","0","0",NA
"Cisticola_cantans","0","3","0","0",NA,NA,NA,"0",NA,"0",NA,"0",NA,NA,NA,"1","0","0","0",NA
"Cisticola_carruthersi","0","1","0","0",NA,NA,NA,"0",NA,NA,NA,NA,NA,NA,NA,NA,"0","0","0",NA
"Cisticola_cherina","0","2","0","0",NA,NA,NA,"0",NA,NA,NA,"0",NA,NA,NA,"1","0","0","0",NA
"Cisticola_chiniana","1","0","3","0",NA,NA,NA,"1",NA,"1",NA,"1",NA,NA,"K","1","1","0","0","Kin"
"Cisticola_chinianus","1","0","1","0",NA,NA,NA,NA,NA,NA,"1",NA,"M",NA,NA,NA,"0","0","1","Mixed"
"Cisticola_chubbi","0","3","0","0",NA,NA,NA,"0",NA,"0",NA,"0",NA,NA,NA,"1","0","0","0",NA
"Cisticola_cinereolus","1","1","1","1",NA,NA,NA,"1",NA,"0",NA,NA,NA,NA,NA,NA,"0","0","0",NA
"Cisticola_dambo","0","2","0","0",NA,NA,NA,"0",NA,"0",NA,NA,NA,NA,NA,NA,"0","0","0",NA
"Cisticola_discolor",NA,"0","0","0",NA,NA,NA,NA,NA,NA,NA,NA,NA,NA,NA,NA,"0","0","0",NA
"Cisticola_erythrops","0","3","0","0",NA,NA,NA,"0",NA,"0",NA,"0",NA,NA,NA,"1","0","0","0",NA
"Cisticola_exilis","0","3","0","0",NA,NA,NA,"0",NA,"0",NA,"0",NA,NA,NA,"1","0","0","0",NA
"Cisticola_eximius","0","1","0","0",NA,NA,NA,"0",NA,NA,NA,NA,NA,NA,NA,NA,"0","0","0",NA
"Cisticola_fulvicapilla","0","3","0","0",NA,NA,NA,"0",NA,"0",NA,"0",NA,NA,NA,"1","0","0","0",NA
"Cisticola_galactotes","0","3","0","0",NA,NA,NA,"0",NA,"0",NA,"0",NA,NA,NA,"0","0","0","0",NA
"Cisticola_guinea","0","1","0","0",NA,NA,NA,"0",NA,NA,NA,NA,NA,NA,NA,NA,"0","0","0",NA
"Cisticola_haesitatus","0","1","0","0",NA,NA,NA,"0",NA,NA,NA,NA,NA,NA,NA,NA,"0","0","0",NA
"Cisticola_hunteri","0","2","0","0",NA,NA,NA,"0",NA,"0",NA,NA,NA,NA,NA,NA,"0","0","0",NA
"Cisticola_juncidis","0","3","0","0",NA,NA,NA,"0",NA,"0",NA,"0",NA,NA,NA,"0","0","0","0",NA
"Cisticola_lais","0","2","0","0",NA,NA,NA,"0",NA,NA,NA,"0",NA,NA,NA,"1","0","0","0",NA
"Cisticola_lateralis","0","2","0","0",NA,NA,NA,"0",NA,NA,NA,"0",NA,NA,NA,"1","0","0","0",NA
"Cisticola_melanurus","0","1","0","0",NA,NA,NA,"0",NA,NA,NA,NA,NA,NA,NA,NA,"0","0","0",NA
"Cisticola_nanus","0","1","0","0",NA,NA,NA,"0",NA,NA,NA,NA,NA,NA,NA,NA,"0","0","0",NA
"Cisticola_natalensis","0","2","0","0",NA,NA,NA,"0",NA,NA,NA,"0",NA,NA,NA,"0","0","0","0",NA
"Cisticola_nigriloris","1","0","3","0",NA,NA,NA,"1",NA,"1",NA,"1",NA,NA,"K","1","1","0","0","Kin"
"Cisticola_njombe","0","1","0","0",NA,NA,NA,"0",NA,NA,NA,NA,NA,NA,NA,NA,"0","0","0",NA
"Cisticola_pipiens","0","2","0","0",NA,NA,NA,"0",NA,NA,NA,"0",NA,NA,NA,"1","0","0","0",NA
"Cisticola_restrictus","0","1","0","0",NA,NA,NA,"0",NA,NA,NA,NA,NA,NA,NA,NA,"0","0","0",NA
"Cisticola_robustus","1","0","3","0",NA,NA,NA,"1",NA,"1",NA,"1",NA,NA,"K","1","1","0","0","Kin"
"Cisticola_ruficeps","0","1","0","0",NA,NA,NA,"0",NA,NA,NA,NA,NA,NA,NA,NA,"0","0","0",NA
"Cisticola_rufilatus","0","3","0","0",NA,NA,NA,"0",NA,"0",NA,"0",NA,NA,NA,"1","0","0","0",NA
"Cisticola_rufus","0","1","0","0",NA,NA,NA,"0",NA,NA,NA,NA,NA,NA,NA,NA,"0","0","0",NA
"Cisticola_subruficapilla","0","3","0","0",NA,NA,NA,"0",NA,"0",NA,"0",NA,NA,NA,"1","0","0","0",NA
"Cisticola_textrix","0","3","0","0",NA,NA,NA,"0",NA,"0",NA,"0",NA,NA,NA,"0","0","0","0",NA
"Cisticola_tinniens","0","3","0","0",NA,NA,NA,"0",NA,"0",NA,"0",NA,NA,NA,"1","0","0","0",NA
"Cisticola_troglodytes","0","1","0","0",NA,NA,NA,"0",NA,NA,NA,NA,NA,NA,NA,NA,"0","0","0",NA
"Cisticola_woosnami","1","0","1","0",NA,NA,NA,"1",NA,NA,NA,NA,NA,NA,NA,NA,"0","0","0",NA
"Cistothorus_apolinari","1","0","2","0",NA,NA,NA,"1",NA,"1",NA,NA,NA,NA,NA,NA,"0","0","0",NA
"Cistothorus_meridae","0","1","0","0",NA,NA,NA,"0",NA,NA,NA,NA,NA,NA,NA,NA,"0","0","0",NA
"Cistothorus_palustris","0","3","0","0",NA,NA,NA,"0",NA,"0",NA,"0",NA,NA,NA,"0","0","0","0",NA
"Cistothorus_platensis","0","2","0","0",NA,NA,NA,"0",NA,"0",NA,NA,NA,NA,NA,NA,"0","0","0",NA
"Cittura_cyanotis","0","1","0","0",NA,NA,NA,"0",NA,NA,NA,NA,NA,NA,NA,NA,"0","0","0",NA
"Cladorhynchus_leucocephalus","0","3","0","0",NA,NA,NA,"0",NA,"0",NA,"0",NA,NA,NA,"0","0","0","0",NA
"Clamator_coromandus","0","1","0","0",NA,NA,NA,"0",NA,NA,NA,NA,NA,NA,NA,NA,"0","0","0",NA
"Clamator_glandarius","0","2","0","0",NA,NA,NA,"0",NA,NA,NA,"0",NA,NA,NA,"0","0","0","0",NA
"Clamator_jacobinus","0","2","0","0",NA,NA,NA,"0",NA,NA,NA,"0",NA,NA,NA,"0","0","0","0",NA
"Clamator_levaillantii","0","2","0","0",NA,NA,NA,"0",NA,NA,NA,"0",NA,NA,NA,"0","0","0","0",NA
"Clangula_hyemalis","0","3","0","0",NA,NA,NA,"0",NA,"0",NA,"0",NA,NA,NA,"0","0","0","0",NA
"Claravis_godefrida","0","1","0","0",NA,NA,NA,"0",NA,NA,NA,NA,NA,NA,NA,NA,"0","0","0",NA
"Claravis_mondetoura","0","2","0","0",NA,NA,NA,"0",NA,NA,NA,"0",NA,NA,NA,"0","0","0","0",NA
"Claravis_pretiosa","0","3","0","0",NA,NA,NA,"0",NA,"0",NA,"0",NA,NA,NA,"0","0","0","0",NA
"Cleptornis_marchei","0","2","0","0",NA,NA,NA,"0",NA,"0",NA,NA,NA,NA,NA,NA,"0","0","0",NA
"Clibanornis_dendrocolaptoides","0","1","0","0",NA,NA,NA,"0",NA,NA,NA,NA,NA,NA,NA,NA,"0","0","0",NA
"Climacteris_affinis","1","0","5","0","1",NA,NA,"1",NA,"1","1","1","K",NA,"K","1","2","0","0","Kin"
"Climacteris_erythrops","1","0","4","0",NA,NA,NA,"1",NA,"1","1","1","K",NA,"K","1","2","0","0","Kin"
"Climacteris_melanura","1","0","1","0",NA,NA,NA,NA,NA,NA,"1",NA,"K",NA,NA,NA,"1","0","0","Kin"
"Climacteris_melanurus","1","0","4","0","1",NA,NA,"1",NA,"1",NA,"1",NA,NA,"K","1","1","0","0","Kin"
"Climacteris_picumnus","1","0","5","0","1",NA,NA,"1",NA,"1","1","1","K",NA,"K","1","2","0","0","Kin"
"Climacteris_rufa","1","0","1","0",NA,NA,NA,NA,NA,NA,"1",NA,"K",NA,NA,NA,"1","0","0","Kin"
"Climacteris_rufus","1","0","4","0","1",NA,NA,"1",NA,"1",NA,"1",NA,NA,"K","1","1","0","0","Kin"
"Clypicterus_oseryi","0","1","0","0",NA,NA,NA,"0",NA,NA,NA,NA,NA,NA,NA,NA,"0","0","0",NA
"Clytoceyx_rex","0","1","0","0",NA,NA,NA,"0",NA,NA,NA,NA,NA,NA,NA,NA,"0","0","0",NA
"Clytoctantes_alixii","0","1","0","0",NA,NA,NA,"0",NA,NA,NA,NA,NA,NA,NA,NA,"0","0","0",NA
"Clytoctantes_atrogularis","0","1","0","0",NA,NA,NA,"0",NA,NA,NA,NA,NA,NA,NA,NA,"0","0","0",NA
"Clytolaema_rubricauda","0","3","0","0",NA,NA,NA,"0",NA,"0",NA,"0",NA,NA,NA,"0","0","0","0",NA
"Clytomyias_insignis","1","0","1","0",NA,NA,NA,"1",NA,NA,NA,NA,NA,NA,NA,NA,"0","0","0",NA
"Clytorhynchus_hamlini","0","1","0","0",NA,NA,NA,"0",NA,NA,NA,NA,NA,NA,NA,NA,"0","0","0",NA
"Clytorhynchus_nigrogularis","0","1","0","0",NA,NA,NA,"0",NA,NA,NA,NA,NA,NA,NA,NA,"0","0","0",NA
"Clytorhynchus_pachycephaloides","0","2","0","0",NA,NA,NA,"0",NA,"0",NA,NA,NA,NA,NA,NA,"0","0","0",NA
"Clytorhynchus_vitiensis","0","1","0","0",NA,NA,NA,"0",NA,NA,NA,NA,NA,NA,NA,NA,"0","0","0",NA
"Clytospiza_monteiri","0","2","0","0",NA,NA,NA,"0",NA,"0",NA,NA,NA,NA,NA,NA,"0","0","0",NA
"Cnemarchus_erythropygius","0","1","0","0",NA,NA,NA,"0",NA,NA,NA,NA,NA,NA,NA,NA,"0","0","0",NA
"Cnemophilus_loriae","0","2","0","0",NA,NA,NA,"0",NA,"0",NA,NA,NA,NA,NA,NA,"0","0","0",NA
"Cnemophilus_macgregorii","0","2","0","0",NA,NA,NA,"0",NA,"0",NA,NA,NA,NA,NA,NA,"0","0","0",NA
"Cnemoscopus_rubrirostris","0","1","0","0",NA,NA,NA,"0",NA,NA,NA,NA,NA,NA,NA,NA,"0","0","0",NA
"Cnemotriccus_fuscatus","0","2","0","0",NA,NA,NA,"0",NA,"0",NA,NA,NA,NA,NA,NA,"0","0","0",NA
"Cnipodectes_subbrunneus","0","1","0","0",NA,NA,NA,"0",NA,NA,NA,NA,NA,NA,NA,NA,"0","0","0",NA
"Coccothraustes_abeillei","0","1","0","0",NA,NA,NA,NA,NA,NA,NA,"0",NA,NA,NA,"0","0","0","0",NA
"Coccothraustes_coccothraustes","0","3","0","0",NA,NA,NA,"0",NA,"0",NA,"0",NA,NA,NA,"1","0","0","0",NA
"Coccothraustes_vespertinus","0","1","0","0",NA,NA,NA,NA,NA,NA,NA,"0",NA,NA,NA,"1","0","0","0",NA
"Coccycolius_iris","1","0","2","0",NA,NA,NA,"1","1",NA,NA,NA,NA,NA,NA,NA,"0","0","0",NA
"Coccycua_cinerea","0","1","0","0",NA,NA,NA,"0",NA,NA,NA,NA,NA,NA,NA,NA,"0","0","0",NA
"Coccycua_minuta","0","1","0","0",NA,NA,NA,"0",NA,NA,NA,NA,NA,NA,NA,NA,"0","0","0",NA
"Coccycua_pumila","0","2","0","0",NA,NA,NA,"0",NA,NA,NA,"0",NA,NA,NA,"0","0","0","0",NA
"Coccyzus_americanus","0","1","0","0",NA,NA,NA,"0",NA,NA,NA,NA,NA,NA,NA,NA,"0","0","0",NA
"Coccyzus_erythropthalmus","0","3","0","0",NA,NA,NA,"0",NA,"0",NA,"0",NA,NA,NA,"0","0","0","0",NA
"Coccyzus_euleri","0","2","0","0",NA,NA,NA,"0",NA,NA,NA,"0",NA,NA,NA,"0","0","0","0",NA
"Coccyzus_ferrugineus",NA,"0","0","0",NA,NA,NA,NA,NA,NA,NA,NA,NA,NA,NA,NA,"0","0","0",NA
"Coccyzus_lansbergi","0","1","0","0",NA,NA,NA,"0",NA,NA,NA,NA,NA,NA,NA,NA,"0","0","0",NA
"Coccyzus_longirostris","0","1","0","0",NA,NA,NA,"0",NA,NA,NA,NA,NA,NA,NA,NA,"0","0","0",NA
"Coccyzus_melacoryphus","0","2","0","0",NA,NA,NA,"0",NA,NA,NA,"0",NA,NA,NA,"0","0","0","0",NA
"Coccyzus_merlini","0","1","0","0",NA,NA,NA,"0",NA,NA,NA,NA,NA,NA,NA,NA,"0","0","0",NA
"Coccyzus_minor","0","2","0","0",NA,NA,NA,"0",NA,"0",NA,NA,NA,NA,NA,NA,"0","0","0",NA
"Coccyzus_pluvialis","0","1","0","0",NA,NA,NA,"0",NA,NA,NA,NA,NA,NA,NA,NA,"0","0","0",NA
"Coccyzus_rufigularis","0","1","0","0",NA,NA,NA,"0",NA,NA,NA,NA,NA,NA,NA,NA,"0","0","0",NA
"Coccyzus_vetula","0","2","0","0",NA,NA,NA,"0",NA,"0",NA,NA,NA,NA,NA,NA,"0","0","0",NA
"Coccyzus_vieilloti","0","1","0","0",NA,NA,NA,"0",NA,NA,NA,NA,NA,NA,NA,NA,"0","0","0",NA
"Cochlearius_cochlearius","0","2","0","0",NA,NA,NA,"0",NA,"0",NA,NA,NA,NA,NA,NA,"0","0","0",NA
"Cochoa_azurea","0","1","0","0",NA,NA,NA,"0",NA,NA,NA,NA,NA,NA,NA,NA,"0","0","0",NA
"Cochoa_beccarii","0","1","0","0",NA,NA,NA,"0",NA,NA,NA,NA,NA,NA,NA,NA,"0","0","0",NA
"Cochoa_purpurea","0","2","0","0",NA,NA,NA,"0",NA,"0",NA,NA,NA,NA,NA,NA,"0","0","0",NA
"Cochoa_viridis","0","1","0","0",NA,NA,NA,"0",NA,NA,NA,NA,NA,NA,NA,NA,"0","0","0",NA
"Coeligena_bonapartei","0","2","0","0",NA,NA,NA,"0",NA,NA,NA,"0",NA,NA,NA,"0","0","0","0",NA
"Coeligena_coeligena","0","3","0","0",NA,NA,NA,"0",NA,"0",NA,"0",NA,NA,NA,"0","0","0","0",NA
"Coeligena_helianthea","0","2","0","0",NA,NA,NA,"0",NA,NA,NA,"0",NA,NA,NA,"0","0","0","0",NA
"Coeligena_iris","0","2","0","0",NA,NA,NA,"0",NA,NA,NA,"0",NA,NA,NA,"0","0","0","0",NA
"Coeligena_lutetiae","0","3","0","0",NA,NA,NA,"0",NA,"0",NA,"0",NA,NA,NA,"0","0","0","0",NA
"Coeligena_orina",NA,"0","0","0",NA,NA,NA,NA,NA,NA,NA,NA,NA,NA,NA,NA,"0","0","0",NA
"Coeligena_phalerata","0","1","0","0",NA,NA,NA,"0",NA,NA,NA,NA,NA,NA,NA,NA,"0","0","0",NA
"Coeligena_prunellei","0","1","0","0",NA,NA,NA,"0",NA,NA,NA,NA,NA,NA,NA,NA,"0","0","0",NA
"Coeligena_torquata","0","3","0","0",NA,NA,NA,"0",NA,"0",NA,"0",NA,NA,NA,"0","0","0","0",NA
"Coeligena_violifer","0","2","0","0",NA,NA,NA,"0",NA,NA,NA,"0",NA,NA,NA,"0","0","0","0",NA
"Coeligena_wilsoni","0","3","0","0",NA,NA,NA,"0",NA,"0",NA,"0",NA,NA,NA,"0","0","0","0",NA
"Coenocorypha_aucklandica","0","2","0","0",NA,NA,NA,"0",NA,"0",NA,NA,NA,NA,NA,NA,"0","0","0",NA
"Coenocorypha_pusilla","0","1","0","0",NA,NA,NA,NA,NA,"0",NA,NA,NA,NA,NA,NA,"0","0","0",NA
"Coereba_flaveola","0","3","0","0",NA,NA,NA,"0",NA,"0",NA,"0",NA,NA,NA,"0","0","0","0",NA
"Colaptes_atricollis","0","1","0","0",NA,NA,NA,"0",NA,NA,NA,NA,NA,NA,NA,NA,"0","0","0",NA
"Colaptes_auratus","0","4","0","0",NA,"0","0","0",NA,"0",NA,NA,NA,NA,NA,NA,"0","0","0",NA
"Colaptes_auricularis","0","1","0","0",NA,NA,NA,"0",NA,NA,NA,NA,NA,NA,NA,NA,"0","0","0",NA
"Colaptes_campestris","1","2","1","1",NA,"0",NA,"1",NA,"0",NA,NA,NA,NA,NA,NA,"0","0","0",NA
"Colaptes_chrysoides","0","2","0","0",NA,NA,NA,"0",NA,"0",NA,NA,NA,NA,NA,NA,"0","0","0",NA
"Colaptes_fernandinae","0","2","0","0",NA,NA,NA,"0",NA,"0",NA,NA,NA,NA,NA,NA,"0","0","0",NA
"Colaptes_melanochloros","0","2","0","0",NA,NA,NA,"0",NA,"0",NA,NA,NA,NA,NA,NA,"0","0","0",NA
"Colaptes_pitius","1","1","1","1",NA,NA,NA,"1",NA,NA,NA,"0",NA,NA,NA,"1","0","0","0",NA
"Colaptes_punctigula","0","2","0","0",NA,NA,NA,"0",NA,NA,NA,"0",NA,NA,NA,"1","0","0","0",NA
"Colaptes_rivolii","0","1","0","0",NA,NA,NA,"0",NA,NA,NA,NA,NA,NA,NA,NA,"0","0","0",NA
"Colaptes_rubiginosus","0","2","0","0",NA,NA,NA,"0",NA,"0",NA,NA,NA,NA,NA,NA,"0","0","0",NA
"Colaptes_rupicola","0","2","0","0",NA,NA,NA,"0",NA,"0",NA,NA,NA,NA,NA,NA,"0","0","0",NA
"Colibri_coruscans","0","3","0","0",NA,NA,NA,"0",NA,"0",NA,"0",NA,NA,NA,"0","0","0","0",NA
"Colibri_delphinae","0","3","0","0",NA,NA,NA,"0",NA,"0",NA,"0",NA,NA,NA,"0","0","0","0",NA
"Colibri_serrirostris","0","3","0","0",NA,NA,NA,"0",NA,"0",NA,"0",NA,NA,NA,"0","0","0","0",NA
"Colibri_thalassinus","0","3","0","0",NA,NA,NA,"0",NA,"0",NA,"0",NA,NA,NA,"0","0","0","0",NA
"Colinus_cristatus","0","2","0","0",NA,NA,NA,"0",NA,"0",NA,NA,NA,NA,NA,NA,"0","0","0",NA
"Colinus_leucopogon","0","1","0","0",NA,NA,NA,"0",NA,NA,NA,NA,NA,NA,NA,NA,"0","0","0",NA
"Colinus_nigrogularis","0","1","0","0",NA,NA,NA,"0",NA,NA,NA,NA,NA,NA,NA,NA,"0","0","0",NA
"Colinus_virginianus","0","3","0","0",NA,NA,NA,"0",NA,"0",NA,"0",NA,NA,NA,"1","0","0","0",NA
"Colius_castanotus","1","1","1","1",NA,NA,NA,"1",NA,"0",NA,NA,NA,NA,NA,NA,"0","0","0",NA
"Colius_colius","1","0","3","0",NA,NA,NA,"1",NA,"1",NA,"1",NA,NA,"K","1","1","0","0","Kin"
"Colius_leucocephalus","1","1","1","1",NA,NA,NA,"1",NA,"0",NA,NA,NA,NA,NA,NA,"0","0","0",NA
"Colius_striatus","1","0","5","0","1",NA,NA,"1",NA,"1","1","1","M",NA,"K","1","1","0","1","Kin"
"Collocalia_amelis",NA,"0","0","0",NA,NA,NA,NA,NA,NA,NA,NA,NA,NA,NA,NA,"0","0","0",NA
"Collocalia_bartschi","0","1","0","0",NA,NA,NA,"0",NA,NA,NA,NA,NA,NA,NA,NA,"0","0","0",NA
"Collocalia_brevirostris","0","1","0","0",NA,NA,NA,"0",NA,NA,NA,NA,NA,NA,NA,NA,"0","0","0",NA
"Collocalia_elaphra","0","2","0","0",NA,NA,NA,"0",NA,"0",NA,NA,NA,NA,NA,NA,"0","0","0",NA
"Collocalia_esculenta","0","3","0","0",NA,NA,NA,"0",NA,"0",NA,"0",NA,NA,NA,"0","0","0","0",NA
"Collocalia_francica","0","2","0","0",NA,NA,NA,"0",NA,"0",NA,NA,NA,NA,NA,NA,"0","0","0",NA
"Collocalia_fuciphaga","0","2","0","0",NA,NA,NA,"0",NA,"0",NA,NA,NA,NA,NA,NA,"0","0","0",NA
"Collocalia_germani",NA,"0","0","0",NA,NA,NA,NA,NA,NA,NA,NA,NA,NA,NA,NA,"0","0","0",NA
"Collocalia_hirundinacea","0","2","0","0",NA,NA,NA,"0",NA,"0",NA,NA,NA,NA,NA,NA,"0","0","0",NA
"Collocalia_infuscata","0","1","0","0",NA,NA,NA,"0",NA,NA,NA,NA,NA,NA,NA,NA,"0","0","0",NA
"Collocalia_inquieta","0","1","0","0",NA,NA,NA,"0",NA,NA,NA,NA,NA,NA,NA,NA,"0","0","0",NA
"Collocalia_leucophaea","0","1","0","0",NA,NA,NA,NA,NA,"0",NA,NA,NA,NA,NA,NA,"0","0","0",NA
"Collocalia_linchi","0","1","0","0",NA,NA,NA,"0",NA,NA,NA,NA,NA,NA,NA,NA,"0","0","0",NA
"Collocalia_maxima","0","2","0","0",NA,NA,NA,"0",NA,"0",NA,NA,NA,NA,NA,NA,"0","0","0",NA
"Collocalia_mearnsi","0","1","0","0",NA,NA,NA,"0",NA,NA,NA,NA,NA,NA,NA,NA,"0","0","0",NA
"Collocalia_nuditarsus","0","1","0","0",NA,NA,NA,"0",NA,NA,NA,NA,NA,NA,NA,NA,"0","0","0",NA
"Collocalia_ocista",NA,"0","0","0",NA,NA,NA,NA,NA,NA,NA,NA,NA,NA,NA,NA,"0","0","0",NA
"Collocalia_orientalis","0","1","0","0",NA,NA,NA,"0",NA,NA,NA,NA,NA,NA,NA,NA,"0","0","0",NA
"Collocalia_palawanensis",NA,"0","0","0",NA,NA,NA,NA,NA,NA,NA,NA,NA,NA,NA,NA,"0","0","0",NA
"Collocalia_papuensis","0","1","0","0",NA,NA,NA,"0",NA,NA,NA,NA,NA,NA,NA,NA,"0","0","0",NA
"Collocalia_pelewensis","0","1","0","0",NA,NA,NA,"0",NA,NA,NA,NA,NA,NA,NA,NA,"0","0","0",NA
"Collocalia_rogersi",NA,"0","0","0",NA,NA,NA,NA,NA,NA,NA,NA,NA,NA,NA,NA,"0","0","0",NA
"Collocalia_salangana","0","2","0","0",NA,NA,NA,"0",NA,"0",NA,NA,NA,NA,NA,NA,"0","0","0",NA
"Collocalia_sawtelli","0","1","0","0",NA,NA,NA,NA,NA,"0",NA,NA,NA,NA,NA,NA,"0","0","0",NA
"Collocalia_spodiopygia","0","2","0","0",NA,NA,NA,"0",NA,"0",NA,NA,NA,NA,NA,NA,"0","0","0",NA
"Collocalia_terraereginae","1","0","3","0",NA,NA,NA,"1",NA,"1","1",NA,"K",NA,NA,NA,"1","0","0","Kin"
"Collocalia_troglodytes","0","1","0","0",NA,NA,NA,"0",NA,NA,NA,NA,NA,NA,NA,NA,"0","0","0",NA
"Collocalia_unicolor","0","2","0","0",NA,NA,NA,"0",NA,"0",NA,NA,NA,NA,NA,NA,"0","0","0",NA
"Collocalia_vanikorensis","0","1","0","0",NA,NA,NA,"0",NA,NA,NA,NA,NA,NA,NA,NA,"0","0","0",NA
"Collocalia_vulcanorum",NA,"0","0","0",NA,NA,NA,NA,NA,NA,NA,NA,NA,NA,NA,NA,"0","0","0",NA
"Collocalia_whiteheadi","0","1","0","0",NA,NA,NA,"0",NA,NA,NA,NA,NA,NA,NA,NA,"0","0","0",NA
"Colluricincla_boweri","0","2","0","0",NA,NA,NA,"0",NA,"0",NA,NA,NA,NA,NA,NA,"0","0","0",NA
"Colluricincla_harmonica","0","2","0","0",NA,NA,NA,"0",NA,"0",NA,NA,NA,NA,NA,NA,"0","0","0",NA
"Colluricincla_megarhyncha","0","2","0","0",NA,NA,NA,"0",NA,"0",NA,NA,NA,NA,NA,NA,"0","0","0",NA
"Colluricincla_tenebrosa","0","1","0","0",NA,NA,NA,"0",NA,NA,NA,NA,NA,NA,NA,NA,"0","0","0",NA
"Colluricincla_umbrina","0","1","0","0",NA,NA,NA,"0",NA,NA,NA,NA,NA,NA,NA,NA,"0","0","0",NA
"Colluricincla_woodwardi","0","1","0","0",NA,NA,NA,"0",NA,NA,NA,NA,NA,NA,NA,NA,"0","0","0",NA
"Colonia_colonus","0","3","0","0",NA,NA,NA,"0",NA,"0",NA,"0",NA,NA,NA,"1","0","0","0",NA
"Colorhamphus_parvirostris","0","2","0","0",NA,NA,NA,"0",NA,"0",NA,NA,NA,NA,NA,NA,"0","0","0",NA
"Columba_albinucha","0","1","0","0",NA,NA,NA,"0",NA,NA,NA,NA,NA,NA,NA,NA,"0","0","0",NA
"Columba_albitorques","0","2","0","0",NA,NA,NA,"0",NA,"0",NA,NA,NA,NA,NA,NA,"0","0","0",NA
"Columba_argentina","0","1","0","0",NA,NA,NA,"0",NA,NA,NA,NA,NA,NA,NA,NA,"0","0","0",NA
"Columba_arquatrix","0","2","0","0",NA,NA,NA,"0",NA,"0",NA,NA,NA,NA,NA,NA,"0","0","0",NA
"Columba_bollii","0","2","0","0",NA,NA,NA,"0",NA,"0",NA,NA,NA,NA,NA,NA,"0","0","0",NA
"Columba_delegorguei","0","2","0","0",NA,NA,NA,"0",NA,"0",NA,NA,NA,NA,NA,NA,"0","0","0",NA
"Columba_elphinstonii","0","1","0","0",NA,NA,NA,"0",NA,NA,NA,NA,NA,NA,NA,NA,"0","0","0",NA
"Columba_eversmanni","0","2","0","0",NA,NA,NA,"0",NA,"0",NA,NA,NA,NA,NA,NA,"0","0","0",NA
"Columba_guinea","0","3","0","0",NA,NA,NA,"0",NA,"0",NA,"0",NA,NA,NA,"0","0","0","0",NA
"Columba_hodgsonii","0","1","0","0",NA,NA,NA,"0",NA,NA,NA,NA,NA,NA,NA,NA,"0","0","0",NA
"Columba_iriditorques","0","1","0","0",NA,NA,NA,"0",NA,NA,NA,NA,NA,NA,NA,NA,"0","0","0",NA
"Columba_janthina","0","1","0","0",NA,NA,NA,"0",NA,NA,NA,NA,NA,NA,NA,NA,"0","0","0",NA
"Columba_junoniae","0","2","0","0",NA,NA,NA,"0",NA,"0",NA,NA,NA,NA,NA,NA,"0","0","0",NA
"Columba_leucomela","0","3","0","0",NA,NA,NA,"0",NA,"0",NA,"0",NA,NA,NA,"0","0","0","0",NA
"Columba_leuconota","0","2","0","0",NA,NA,NA,"0",NA,"0",NA,NA,NA,NA,NA,NA,"0","0","0",NA
"Columba_livia","0","2","0","0",NA,NA,NA,"0",NA,"0",NA,NA,NA,NA,NA,NA,"0","0","0",NA
"Columba_malherbii","0","1","0","0",NA,NA,NA,"0",NA,NA,NA,NA,NA,NA,NA,NA,"0","0","0",NA
"Columba_nigrirostris","0","1","0","0",NA,NA,NA,NA,NA,NA,NA,"0",NA,NA,NA,"0","0","0","0",NA
"Columba_oenas","0","2","0","0",NA,NA,NA,"0",NA,"0",NA,NA,NA,NA,NA,NA,"0","0","0",NA
"Columba_oliviae","0","1","0","0",NA,NA,NA,"0",NA,NA,NA,NA,NA,NA,NA,NA,"0","0","0",NA
"Columba_pallidiceps","0","1","0","0",NA,NA,NA,"0",NA,NA,NA,NA,NA,NA,NA,NA,"0","0","0",NA
"Columba_palumboides","0","1","0","0",NA,NA,NA,"0",NA,NA,NA,NA,NA,NA,NA,NA,"0","0","0",NA
"Columba_palumbus","0","2","0","0",NA,NA,NA,"0",NA,"0",NA,NA,NA,NA,NA,NA,"0","0","0",NA
"Columba_pollenii","0","2","0","0",NA,NA,NA,"0",NA,"0",NA,NA,NA,NA,NA,NA,"0","0","0",NA
"Columba_pulchricollis","0","3","0","0",NA,NA,NA,"0",NA,"0",NA,"0",NA,NA,NA,"0","0","0","0",NA
"Columba_punicea","0","3","0","0",NA,NA,NA,"0",NA,"0",NA,"0",NA,NA,NA,"0","0","0","0",NA
"Columba_rupestris","0","2","0","0",NA,NA,NA,"0",NA,"0",NA,NA,NA,NA,NA,NA,"0","0","0",NA
"Columba_sjostedti","0","1","0","0",NA,NA,NA,"0",NA,NA,NA,NA,NA,NA,NA,NA,"0","0","0",NA
"Columba_thomensis","0","1","0","0",NA,NA,NA,"0",NA,NA,NA,NA,NA,NA,NA,NA,"0","0","0",NA
"Columba_torringtoniae","0","1","0","0",NA,NA,NA,"0",NA,NA,NA,NA,NA,NA,NA,NA,"0","0","0",NA
"Columba_trocaz","0","2","0","0",NA,NA,NA,"0",NA,"0",NA,NA,NA,NA,NA,NA,"0","0","0",NA
"Columba_unicincta","0","1","0","0",NA,NA,NA,"0",NA,NA,NA,NA,NA,NA,NA,NA,"0","0","0",NA
"Columba_vitiensis","0","2","0","0",NA,NA,NA,"0",NA,"0",NA,NA,NA,NA,NA,NA,"0","0","0",NA
"Columbina_buckleyi","0","2","0","0",NA,NA,NA,"0",NA,"0",NA,NA,NA,NA,NA,NA,"0","0","0",NA
"Columbina_cruziana","0","2","0","0",NA,NA,NA,"0",NA,"0",NA,NA,NA,NA,NA,NA,"0","0","0",NA
"Columbina_cyanopis","0","1","0","0",NA,NA,NA,"0",NA,NA,NA,NA,NA,NA,NA,NA,"0","0","0",NA
"Columbina_inca","0","3","0","0",NA,NA,NA,"0",NA,"0",NA,"0",NA,NA,NA,"0","0","0","0",NA
"Columbina_minuta","0","2","0","0",NA,NA,NA,"0",NA,"0",NA,NA,NA,NA,NA,NA,"0","0","0",NA
"Columbina_passerina","0","2","0","0",NA,NA,NA,"0",NA,"0",NA,NA,NA,NA,NA,NA,"0","0","0",NA
"Columbina_picui","0","2","0","0",NA,NA,NA,"0",NA,"0",NA,NA,NA,NA,NA,NA,"0","0","0",NA
"Columbina_squammata","0","3","0","0",NA,NA,NA,"0",NA,"0",NA,"0",NA,NA,NA,"0","0","0","0",NA
"Columbina_talpacoti","0","2","0","0",NA,NA,NA,"0",NA,"0",NA,NA,NA,NA,NA,NA,"0","0","0",NA
"Compsospiza_baeri","0","1","0","0",NA,NA,NA,"0",NA,NA,NA,NA,NA,NA,NA,NA,"0","0","0",NA
"Compsospiza_garleppi","0","1","0","0",NA,NA,NA,"0",NA,NA,NA,NA,NA,NA,NA,NA,"0","0","0",NA
"Compsothraupis_loricata","1","1","1","1",NA,NA,NA,"1",NA,"0",NA,NA,NA,NA,NA,NA,"0","0","0",NA
"Conioptilon_mcilhennyi","0","2","0","0",NA,NA,NA,"0",NA,"0",NA,NA,NA,NA,NA,NA,"0","0","0",NA
"Conirostrum_albifrons","0","1","0","0",NA,NA,NA,"0",NA,NA,NA,NA,NA,NA,NA,NA,"0","0","0",NA
"Conirostrum_bicolor","0","3","0","0",NA,NA,NA,"0",NA,"0",NA,"0",NA,NA,NA,"1","0","0","0",NA
"Conirostrum_cinereum","0","1","0","0",NA,NA,NA,"0",NA,NA,NA,NA,NA,NA,NA,NA,"0","0","0",NA
"Conirostrum_ferrugineiventre","0","1","0","0",NA,NA,NA,"0",NA,NA,NA,NA,NA,NA,NA,NA,"0","0","0",NA
"Conirostrum_leucogenys","0","1","0","0",NA,NA,NA,"0",NA,NA,NA,NA,NA,NA,NA,NA,"0","0","0",NA
"Conirostrum_margaritae","0","1","0","0",NA,NA,NA,"0",NA,NA,NA,NA,NA,NA,NA,NA,"0","0","0",NA
"Conirostrum_rufum","0","1","0","0",NA,NA,NA,"0",NA,NA,NA,NA,NA,NA,NA,NA,"0","0","0",NA
"Conirostrum_sitticolor","0","1","0","0",NA,NA,NA,"0",NA,NA,NA,NA,NA,NA,NA,NA,"0","0","0",NA
"Conirostrum_speciosum","0","2","0","0",NA,NA,NA,"0",NA,NA,NA,"0",NA,NA,NA,"1","0","0","0",NA
"Conirostrum_tamarugense","0","1","0","0",NA,NA,NA,"0",NA,NA,NA,NA,NA,NA,NA,NA,"0","0","0",NA
"Conopias_albovittatus","1","0","1","0",NA,NA,NA,"1",NA,NA,NA,NA,NA,NA,NA,NA,"0","0","0",NA
"Conopias_cinchoneti","1","0","1","0",NA,NA,NA,"1",NA,NA,NA,NA,NA,NA,NA,NA,"0","0","0",NA
"Conopias_parvus","1","0","1","0",NA,NA,NA,"1",NA,NA,NA,NA,NA,NA,NA,NA,"0","0","0",NA
"Conopias_trivirgatus","1","0","1","0",NA,NA,NA,"1",NA,NA,NA,NA,NA,NA,NA,NA,"0","0","0",NA
"Conopophaga_ardesiaca","0","2","0","0",NA,NA,NA,"0",NA,NA,NA,"0",NA,NA,NA,"0","0","0","0",NA
"Conopophaga_aurita","0","2","0","0",NA,NA,NA,"0",NA,NA,NA,"0",NA,NA,NA,"0","0","0","0",NA
"Conopophaga_castaneiceps","0","2","0","0",NA,NA,NA,"0",NA,NA,NA,"0",NA,NA,NA,"0","0","0","0",NA
"Conopophaga_cearae","0","1","0","0",NA,NA,NA,"0",NA,NA,NA,NA,NA,NA,NA,NA,"0","0","0",NA
"Conopophaga_lineata","0","3","0","0",NA,NA,NA,"0",NA,"0",NA,"0",NA,NA,NA,"0","0","0","0",NA
"Conopophaga_melanogaster","0","2","0","0",NA,NA,NA,"0",NA,NA,NA,"0",NA,NA,NA,"0","0","0","0",NA
"Conopophaga_melanops","0","3","0","0",NA,NA,NA,"0",NA,"0",NA,"0",NA,NA,NA,"0","0","0","0",NA
"Conopophaga_peruviana","0","2","0","0",NA,NA,NA,"0",NA,NA,NA,"0",NA,NA,NA,"0","0","0","0",NA
"Conopophaga_roberti","0","1","0","0",NA,NA,NA,"0",NA,NA,NA,NA,NA,NA,NA,NA,"0","0","0",NA
"Conopophila_albogularis","0","3","0","0",NA,NA,NA,"0",NA,"0",NA,"0",NA,NA,NA,"0","0","0","0",NA
"Conopophila_rufogularis","1","1","2","1","1",NA,NA,"1",NA,"0",NA,NA,NA,NA,NA,NA,"0","0","0",NA
"Conopophila_whitei","0","2","0","0",NA,NA,NA,"0",NA,NA,NA,"0",NA,NA,NA,"1","0","0","0",NA
"Conostoma_oemodium","0","1","0","0",NA,NA,NA,"0",NA,NA,NA,NA,NA,NA,NA,NA,"0","0","0",NA
"Conothraupis_mesoleuca","0","1","0","0",NA,NA,NA,"0",NA,NA,NA,NA,NA,NA,NA,NA,"0","0","0",NA
"Conothraupis_speculigera","0","2","0","0",NA,NA,NA,"0",NA,NA,NA,"0",NA,NA,NA,"1","0","0","0",NA
"Contopus_albogularis","0","1","0","0",NA,NA,NA,"0",NA,NA,NA,NA,NA,NA,NA,NA,"0","0","0",NA
"Contopus_caribaeus","0","2","0","0",NA,NA,NA,"0",NA,"0",NA,NA,NA,NA,NA,NA,"0","0","0",NA
"Contopus_cinereus","0","2","0","0",NA,NA,NA,"0",NA,"0",NA,NA,NA,NA,NA,NA,"0","0","0",NA
"Contopus_cooperi","0","3","0","0",NA,NA,NA,"0",NA,"0",NA,"0",NA,NA,NA,"0","0","0","0",NA
"Contopus_fumigatus","0","1","0","0",NA,NA,NA,"0",NA,NA,NA,NA,NA,NA,NA,NA,"0","0","0",NA
"Contopus_hispaniolensis","0","1","0","0",NA,NA,NA,"0",NA,NA,NA,NA,NA,NA,NA,NA,"0","0","0",NA
"Contopus_latirostris","0","2","0","0",NA,NA,NA,"0",NA,"0",NA,NA,NA,NA,NA,NA,"0","0","0",NA
"Contopus_lugubris","0","2","0","0",NA,NA,NA,"0",NA,"0",NA,NA,NA,NA,NA,NA,"0","0","0",NA
"Contopus_nigrescens","0","1","0","0",NA,NA,NA,"0",NA,NA,NA,NA,NA,NA,NA,NA,"0","0","0",NA
"Contopus_ochraceus","0","1","0","0",NA,NA,NA,"0",NA,NA,NA,NA,NA,NA,NA,NA,"0","0","0",NA
"Contopus_pallidus","0","1","0","0",NA,NA,NA,"0",NA,NA,NA,NA,NA,NA,NA,NA,"0","0","0",NA
"Contopus_pertinax","0","3","0","0",NA,NA,NA,"0",NA,"0",NA,"0",NA,NA,NA,"0","0","0","0",NA
"Contopus_punensis","0","1","0","0",NA,NA,NA,"0",NA,NA,NA,NA,NA,NA,NA,NA,"0","0","0",NA
"Contopus_sordidulus","0","3","0","0",NA,NA,NA,"0",NA,"0",NA,"0",NA,NA,NA,"0","0","0","0",NA
"Contopus_virens","0","3","0","0",NA,NA,NA,"0",NA,"0",NA,"0",NA,NA,NA,"0","0","0","0",NA
"Copsychus_albospecularis","0","2","0","0",NA,NA,NA,"0",NA,"0",NA,NA,NA,NA,NA,NA,"0","0","0",NA
"Copsychus_cebuensis","0","1","0","0",NA,NA,NA,"0",NA,NA,NA,NA,NA,NA,NA,NA,"0","0","0",NA
"Copsychus_luzoniensis","0","1","0","0",NA,NA,NA,"0",NA,NA,NA,NA,NA,NA,NA,NA,"0","0","0",NA
"Copsychus_malabaricus","1","1","2","1",NA,NA,NA,"1",NA,"1",NA,"0",NA,NA,NA,"0","0","0","0",NA
"Copsychus_niger","0","1","0","0",NA,NA,NA,"0",NA,NA,NA,NA,NA,NA,NA,NA,"0","0","0",NA
"Copsychus_saularis","0","2","0","0",NA,NA,NA,"0",NA,"0",NA,NA,NA,NA,NA,NA,"0","0","0",NA
"Copsychus_sechellarum","1","0","1","0",NA,NA,NA,NA,NA,"1",NA,NA,NA,NA,NA,NA,"0","0","0",NA
"Copsychus_stricklandii","1","0","1","0",NA,NA,NA,"1",NA,NA,NA,NA,NA,NA,NA,NA,"0","0","0",NA
"Coracias_abyssinicus","0","1","0","0",NA,NA,NA,"0",NA,NA,NA,NA,NA,NA,NA,NA,"0","0","0",NA
"Coracias_benghalensis","0","2","0","0",NA,NA,NA,"0",NA,"0",NA,NA,NA,NA,NA,NA,"0","0","0",NA
"Coracias_caudatus","0","3","0","0",NA,NA,NA,"0",NA,"0",NA,"0",NA,NA,NA,"0","0","0","0",NA
"Coracias_cyanogaster","1","1","1","1",NA,NA,NA,"1",NA,"0",NA,NA,NA,NA,NA,NA,"0","0","0",NA
"Coracias_garrulus","0","2","0","0",NA,"0",NA,"0",NA,NA,NA,NA,NA,NA,NA,NA,"0","0","0",NA
"Coracias_naevia","0","2","0","0",NA,NA,NA,"0",NA,"0",NA,NA,NA,NA,NA,NA,"0","0","0",NA
"Coracias_spatulatus","0","1","0","0",NA,NA,NA,"0",NA,NA,NA,NA,NA,NA,NA,NA,"0","0","0",NA
"Coracias_temminckii","0","1","0","0",NA,NA,NA,"0",NA,NA,NA,NA,NA,NA,NA,NA,"0","0","0",NA
"Coracina_abbotti","0","1","0","0",NA,NA,NA,"0",NA,NA,NA,NA,NA,NA,NA,NA,"0","0","0",NA
"Coracina_analis","0","1","0","0",NA,NA,NA,"0",NA,NA,NA,NA,NA,NA,NA,NA,"0","0","0",NA
"Coracina_atriceps","0","1","0","0",NA,NA,NA,"0",NA,NA,NA,NA,NA,NA,NA,NA,"0","0","0",NA
"Coracina_azurea","0","1","0","0",NA,NA,NA,"0",NA,NA,NA,NA,NA,NA,NA,NA,"0","0","0",NA
"Coracina_bicolor","0","1","0","0",NA,NA,NA,"0",NA,NA,NA,NA,NA,NA,NA,NA,"0","0","0",NA
"Coracina_boyeri","0","2","0","0",NA,NA,NA,"0",NA,"0",NA,NA,NA,NA,NA,NA,"0","0","0",NA
"Coracina_caeruleogrisea","0","1","0","0",NA,NA,NA,"0",NA,NA,NA,NA,NA,NA,NA,NA,"0","0","0",NA
"Coracina_caesia","0","2","0","0",NA,NA,NA,"0",NA,"0",NA,NA,NA,NA,NA,NA,"0","0","0",NA
"Coracina_caledonica","0","1","0","0",NA,NA,NA,"0",NA,NA,NA,NA,NA,NA,NA,NA,"0","0","0",NA
"Coracina_ceramensis","0","1","0","0",NA,NA,NA,"0",NA,NA,NA,NA,NA,NA,NA,NA,"0","0","0",NA
"Coracina_cinerea","0","1","0","0",NA,NA,NA,"0",NA,NA,NA,NA,NA,NA,NA,NA,"0","0","0",NA
"Coracina_coerulescens","0","1","0","0",NA,NA,NA,"0",NA,NA,NA,NA,NA,NA,NA,NA,"0","0","0",NA
"Coracina_dispar","0","1","0","0",NA,NA,NA,"0",NA,NA,NA,NA,NA,NA,NA,NA,"0","0","0",NA
"Coracina_dohertyi","0","1","0","0",NA,NA,NA,"0",NA,NA,NA,NA,NA,NA,NA,NA,"0","0","0",NA
"Coracina_fimbriata","0","1","0","0",NA,NA,NA,"0",NA,NA,NA,NA,NA,NA,NA,NA,"0","0","0",NA
"Coracina_fortis","0","1","0","0",NA,NA,NA,"0",NA,NA,NA,NA,NA,NA,NA,NA,"0","0","0",NA
"Coracina_graueri","0","1","0","0",NA,NA,NA,"0",NA,NA,NA,NA,NA,NA,NA,NA,"0","0","0",NA
"Coracina_holopolia","0","1","0","0",NA,NA,NA,"0",NA,NA,NA,NA,NA,NA,NA,NA,"0","0","0",NA
"Coracina_incerta","0","1","0","0",NA,NA,NA,"0",NA,NA,NA,NA,NA,NA,NA,NA,"0","0","0",NA
"Coracina_javensis","0","1","0","0",NA,NA,NA,"0",NA,NA,NA,NA,NA,NA,NA,NA,"0","0","0",NA
"Coracina_larvata","0","1","0","0",NA,NA,NA,"0",NA,NA,NA,NA,NA,NA,NA,NA,"0","0","0",NA
"Coracina_leucopygia","0","1","0","0",NA,NA,NA,"0",NA,NA,NA,NA,NA,NA,NA,NA,"0","0","0",NA
"Coracina_lineata","0","2","0","0",NA,NA,NA,"0",NA,"0",NA,NA,NA,NA,NA,NA,"0","0","0",NA
"Coracina_longicauda","0","2","0","0",NA,NA,NA,"0",NA,"0",NA,NA,NA,NA,NA,NA,"0","0","0",NA
"Coracina_macei","0","1","0","0",NA,NA,NA,"0",NA,NA,NA,NA,NA,NA,NA,NA,"0","0","0",NA
"Coracina_maxima","1","0","2","0",NA,NA,NA,"1",NA,NA,NA,"1",NA,NA,"K","1","1","0","0","Kin"
"Coracina_mcgregori","0","1","0","0",NA,NA,NA,"0",NA,NA,NA,NA,NA,NA,NA,NA,"0","0","0",NA
"Coracina_melanoptera","0","2","0","0",NA,NA,NA,"0",NA,"0",NA,NA,NA,NA,NA,NA,"0","0","0",NA
"Coracina_melas","0","1","0","0",NA,NA,NA,"0",NA,NA,NA,NA,NA,NA,NA,NA,"0","0","0",NA
"Coracina_melaschistos","0","1","0","0",NA,NA,NA,"0",NA,NA,NA,NA,NA,NA,NA,NA,"0","0","0",NA
"Coracina_mindanensis","0","1","0","0",NA,NA,NA,"0",NA,NA,NA,NA,NA,NA,NA,NA,"0","0","0",NA
"Coracina_montana","0","1","0","0",NA,NA,NA,"0",NA,NA,NA,NA,NA,NA,NA,NA,"0","0","0",NA
"Coracina_morio","0","1","0","0",NA,NA,NA,"0",NA,NA,NA,NA,NA,NA,NA,NA,"0","0","0",NA
"Coracina_newtoni","0","2","0","0",NA,NA,NA,"0",NA,"0",NA,NA,NA,NA,NA,NA,"0","0","0",NA
"Coracina_novaehollandiae","0","2","0","0",NA,NA,NA,"0",NA,NA,NA,"0",NA,NA,NA,"1","0","0","0",NA
"Coracina_ostenta","0","2","0","0",NA,NA,NA,"0",NA,"0",NA,NA,NA,NA,NA,NA,"0","0","0",NA
"Coracina_papuensis","0","2","0","0",NA,NA,NA,"0",NA,"0",NA,NA,NA,NA,NA,NA,"0","0","0",NA
"Coracina_parvula","0","1","0","0",NA,NA,NA,"0",NA,NA,NA,NA,NA,NA,NA,NA,"0","0","0",NA
"Coracina_pectoralis","0","3","0","0",NA,NA,NA,"0",NA,"0",NA,"0",NA,NA,NA,"1","0","0","0",NA
"Coracina_personata","0","1","0","0",NA,NA,NA,"0",NA,NA,NA,NA,NA,NA,NA,NA,"0","0","0",NA
"Coracina_polioptera","0","1","0","0",NA,NA,NA,"0",NA,NA,NA,NA,NA,NA,NA,NA,"0","0","0",NA
"Coracina_schistacea","0","1","0","0",NA,NA,NA,"0",NA,NA,NA,NA,NA,NA,NA,NA,"0","0","0",NA
"Coracina_schisticeps","0","1","0","0",NA,NA,NA,"0",NA,NA,NA,NA,NA,NA,NA,NA,"0","0","0",NA
"Coracina_striata","0","2","0","0",NA,NA,NA,"0",NA,"0",NA,NA,NA,NA,NA,NA,"0","0","0",NA
"Coracina_sula","0","1","0","0",NA,NA,NA,"0",NA,NA,NA,NA,NA,NA,NA,NA,"0","0","0",NA
"Coracina_temminckii","0","1","0","0",NA,NA,NA,"0",NA,NA,NA,NA,NA,NA,NA,NA,"0","0","0",NA
"Coracina_tenuirostris","0","2","0","0",NA,NA,NA,"0",NA,"0",NA,NA,NA,NA,NA,NA,"0","0","0",NA
"Coracina_typica","0","2","0","0",NA,NA,NA,"0",NA,"0",NA,NA,NA,NA,NA,NA,"0","0","0",NA
"Coracopsis_nigra","1","0","2","0",NA,NA,NA,"1",NA,"1",NA,NA,NA,NA,NA,NA,"0","0","0",NA
"Coracopsis_vasa","1","0","2","0",NA,NA,NA,"1",NA,"1",NA,NA,NA,NA,NA,NA,"0","0","0",NA
"Coracornis_raveni","0","1","0","0",NA,NA,NA,"0",NA,NA,NA,NA,NA,NA,NA,NA,"0","0","0",NA
"Coragyps_atratus","0","4","0","0",NA,"0","0","0",NA,NA,NA,"0",NA,NA,NA,"1","0","0","0",NA
"Corapipo_altera",NA,"0","0","0",NA,NA,NA,NA,NA,NA,NA,NA,NA,NA,NA,NA,"0","0","0",NA
"Corapipo_gutturalis","0","2","0","0",NA,NA,NA,"0",NA,"0",NA,NA,NA,NA,NA,NA,"0","0","0",NA
"Corapipo_leucorrhoa","0","2","0","0",NA,NA,NA,"0",NA,"0",NA,NA,NA,NA,NA,NA,"0","0","0",NA
"Corcorax_melanorhamphos","1","0","5","0",NA,NA,"1","1",NA,"1","1","1","M","K","K","1","2","0","1","Kin"
"Cormobates_leucophaea","0","3","0","0",NA,NA,NA,"0",NA,"0",NA,"0",NA,NA,NA,"0","0","0","0",NA
"Cormobates_placens","0","2","0","0",NA,NA,NA,"0",NA,NA,NA,"0",NA,NA,NA,"1","0","0","0",NA
"Corvinella_corvina","1","0","4","0",NA,NA,NA,"1",NA,"1","1","1","M",NA,"K","1","1","0","1","Kin"
"Corvinella_melanoleuca","1","0","1","0",NA,NA,NA,NA,NA,NA,"1",NA,"K",NA,NA,NA,"1","0","0","Kin"
"Corvus_albicollis","0","3","0","0",NA,NA,NA,"0",NA,"0",NA,"0",NA,NA,NA,"0","0","0","0",NA
"Corvus_albus","0","2","0","0",NA,NA,NA,"0",NA,"0",NA,NA,NA,NA,NA,NA,"0","0","0",NA
"Corvus_bennetti","0","3","0","0",NA,NA,NA,"0",NA,"0",NA,"0",NA,NA,NA,"0","0","0","0",NA
"Corvus_brachyrhynchos","1","0","6","0",NA,"1","1","1",NA,"1","1","1","K","K","K","1","3","0","0","Kin"
"Corvus_capensis","0","3","0","0",NA,NA,NA,"0",NA,"0",NA,"0",NA,NA,NA,"1","0","0","0",NA
"Corvus_caurinus","1","0","3","0",NA,NA,NA,"1",NA,"1","1",NA,"K",NA,NA,NA,"1","0","0","Kin"
"Corvus_corax","0","3","0","0",NA,NA,NA,"0",NA,"0",NA,"0",NA,NA,NA,"1","0","0","0",NA
"Corvus_corone","1","0","5","0",NA,NA,"1","1",NA,"1","1","1","M","K","K","1","2","0","1","Kin"
"Corvus_coronoides","0","3","0","0",NA,NA,NA,"0",NA,"0",NA,"0",NA,NA,NA,"0","0","0","0",NA
"Corvus_crassirostris","0","2","0","0",NA,NA,NA,"0",NA,"0",NA,NA,NA,NA,NA,NA,"0","0","0",NA
"Corvus_cryptoleucus","0","2","0","0",NA,NA,NA,"0",NA,"0",NA,NA,NA,NA,NA,NA,"0","0","0",NA
"Corvus_dauuricus","0","2","0","0",NA,NA,NA,"0",NA,"0",NA,NA,NA,NA,NA,NA,"0","0","0",NA
"Corvus_enca","0","1","0","0",NA,NA,NA,"0",NA,NA,NA,NA,NA,NA,NA,NA,"0","0","0",NA
"Corvus_florensis","0","1","0","0",NA,NA,NA,"0",NA,NA,NA,NA,NA,NA,NA,NA,"0","0","0",NA
"Corvus_frugilegus","0","2","0","0",NA,NA,NA,"0",NA,"0",NA,NA,NA,NA,NA,NA,"0","0","0",NA
"Corvus_fuscicapillus","0","1","0","0",NA,NA,NA,"0",NA,NA,NA,NA,NA,NA,NA,NA,"0","0","0",NA
"Corvus_hawaiiensis","1","1","1","1",NA,NA,NA,"1",NA,"0",NA,NA,NA,NA,NA,NA,"0","0","0",NA
"Corvus_imparatus","0","1","0","0",NA,NA,NA,"0",NA,NA,NA,NA,NA,NA,NA,NA,"0","0","0",NA
"Corvus_jamaicensis","0","1","0","0",NA,NA,NA,"0",NA,NA,NA,NA,NA,NA,NA,NA,"0","0","0",NA
"Corvus_kubaryi","0","2","0","0",NA,NA,NA,"0",NA,"0",NA,NA,NA,NA,NA,NA,"0","0","0",NA
"Corvus_leucognaphalus","0","1","0","0",NA,NA,NA,"0",NA,NA,NA,NA,NA,NA,NA,NA,"0","0","0",NA
"Corvus_levaillantii","0","1","0","0",NA,NA,NA,NA,NA,"0",NA,NA,NA,NA,NA,NA,"0","0","0",NA
"Corvus_macrorhynchos","0","3","0","0",NA,NA,NA,"0",NA,"0",NA,"0",NA,NA,NA,"1","0","0","0",NA
"Corvus_meeki","0","1","0","0",NA,NA,NA,"0",NA,NA,NA,NA,NA,NA,NA,NA,"0","0","0",NA
"Corvus_mellori","0","2","0","0",NA,NA,NA,"0",NA,"0",NA,NA,NA,NA,NA,NA,"0","0","0",NA
"Corvus_minutus","0","1","0","0",NA,NA,NA,"0",NA,NA,NA,NA,NA,NA,NA,NA,"0","0","0",NA
"Corvus_monedula","0","5","0","0",NA,"0","0","0",NA,"0",NA,"0",NA,NA,NA,"0","0","0","0",NA
"Corvus_moneduloides","0","2","0","0",NA,NA,NA,"0",NA,NA,NA,"0",NA,NA,NA,"1","0","0","0",NA
"Corvus_nasicus","0","1","0","0",NA,NA,NA,"0",NA,NA,NA,NA,NA,NA,NA,NA,"0","0","0",NA
"Corvus_orru","0","2","0","0",NA,NA,NA,"0",NA,"0",NA,NA,NA,NA,NA,NA,"0","0","0",NA
"Corvus_ossifragus","1","0","3","0",NA,NA,NA,"1",NA,"1",NA,"1",NA,NA,"NK","0","0","1","0","NonKin"
"Corvus_palmarum","0","2","0","0",NA,NA,NA,"0",NA,"0",NA,NA,NA,NA,NA,NA,"0","0","0",NA
"Corvus_rhipidurus","0","3","0","0",NA,NA,NA,"0",NA,"0",NA,"0",NA,NA,NA,"1","0","0","0",NA
"Corvus_ruficollis","0","2","0","0",NA,NA,NA,"0",NA,"0",NA,NA,NA,NA,NA,NA,"0","0","0",NA
"Corvus_sinaloae","0","1","0","0",NA,NA,NA,"0",NA,NA,NA,NA,NA,NA,NA,NA,"0","0","0",NA
"Corvus_splendens","0","3","0","0",NA,NA,NA,"0",NA,"0",NA,"0",NA,NA,NA,"0","0","0","0",NA
"Corvus_tasmanicus","0","3","0","0",NA,NA,NA,"0",NA,"0",NA,"0",NA,NA,NA,"1","0","0","0",NA
"Corvus_torquatus","0","3","0","0",NA,NA,NA,"0",NA,"0",NA,"0",NA,NA,NA,"1","0","0","0",NA
"Corvus_tristis","0","1","0","0",NA,NA,NA,"0",NA,NA,NA,NA,NA,NA,NA,NA,"0","0","0",NA
"Corvus_typicus","0","1","0","0",NA,NA,NA,"0",NA,NA,NA,NA,NA,NA,NA,NA,"0","0","0",NA
"Corvus_unicolor","0","1","0","0",NA,NA,NA,"0",NA,NA,NA,NA,NA,NA,NA,NA,"0","0","0",NA
"Corvus_validus","0","1","0","0",NA,NA,NA,"0",NA,NA,NA,NA,NA,NA,NA,NA,"0","0","0",NA
"Corvus_woodfordi","0","1","0","0",NA,NA,NA,"0",NA,NA,NA,NA,NA,NA,NA,NA,"0","0","0",NA
"Corydon_sumatranus","1","1","1","1",NA,NA,NA,"1",NA,"0",NA,NA,NA,NA,NA,NA,"0","0","0",NA
"Coryphaspiza_melanotis","0","1","0","0",NA,NA,NA,"0",NA,NA,NA,NA,NA,NA,NA,NA,"0","0","0",NA
"Coryphistera_alaudina","1","1","3","1",NA,NA,NA,"1",NA,"0","1","1","K",NA,"K","1","2","0","0","Kin"
"Coryphospingus_cucullatus","0","1","0","0",NA,NA,NA,"0",NA,NA,NA,NA,NA,NA,NA,NA,"0","0","0",NA
"Coryphospingus_pileatus","0","1","0","0",NA,NA,NA,"0",NA,NA,NA,NA,NA,NA,NA,NA,"0","0","0",NA
"Corythaeola_cristata","1","0","4","0",NA,NA,NA,"1",NA,"1","1","1","K",NA,"K","1","2","0","0","Kin"
"Corythaixoides_concolor","1","0","3","0",NA,NA,NA,"1",NA,"1","1",NA,"K",NA,NA,NA,"1","0","0","Kin"
"Corythaixoides_leucogaster","1","0","4","0",NA,NA,NA,"1",NA,"1","1","1","K",NA,"K","1","2","0","0","Kin"
"Corythaixoides_personatus","1","0","1","0",NA,NA,NA,"1",NA,NA,NA,NA,NA,NA,NA,NA,"0","0","0",NA
"Corythopis_delalandi","0","2","0","0",NA,NA,NA,"0",NA,"0",NA,NA,NA,NA,NA,NA,"0","0","0",NA
"Corythopis_torquatus","0","2","0","0",NA,NA,NA,"0",NA,"0",NA,NA,NA,NA,NA,NA,"0","0","0",NA
"Coscoroba_coscoroba","0","3","0","0",NA,NA,NA,"0",NA,"0",NA,"0",NA,NA,NA,"1","0","0","0",NA
"Cosmopsarus_regius","1","0","5","0",NA,NA,NA,"1","1","1","1","1","K",NA,"K","1","2","0","0","Kin"
"Cosmopsarus_unicolor","1","0","5","0",NA,NA,NA,"1","1","1","1","1","K",NA,"K","1","2","0","0","Kin"
"Cossypha_albicapilla","0","1","0","0",NA,NA,NA,"0",NA,NA,NA,NA,NA,NA,NA,NA,"0","0","0",NA
"Cossypha_anomala","0","2","0","0",NA,NA,NA,"0",NA,"0",NA,NA,NA,NA,NA,NA,"0","0","0",NA
"Cossypha_archeri","0","1","0","0",NA,NA,NA,"0",NA,NA,NA,NA,NA,NA,NA,NA,"0","0","0",NA
"Cossypha_caffra","0","3","0","0",NA,NA,NA,"0",NA,"0",NA,"0",NA,NA,NA,"0","0","0","0",NA
"Cossypha_cyanocampter","0","2","0","0",NA,NA,NA,"0",NA,"0",NA,NA,NA,NA,NA,NA,"0","0","0",NA
"Cossypha_dichroa","0","3","0","0",NA,NA,NA,"0",NA,"0",NA,"0",NA,NA,NA,"0","0","0","0",NA
"Cossypha_heinrichi","0","1","0","0",NA,NA,NA,"0",NA,NA,NA,NA,NA,NA,NA,NA,"0","0","0",NA
"Cossypha_heuglini","0","3","0","0",NA,NA,NA,"0",NA,"0",NA,"0",NA,NA,NA,"0","0","0","0",NA
"Cossypha_humeralis","0","3","0","0",NA,NA,NA,"0",NA,"0",NA,"0",NA,NA,NA,"0","0","0","0",NA
"Cossypha_isabellae","0","1","0","0",NA,NA,NA,"0",NA,NA,NA,NA,NA,NA,NA,NA,"0","0","0",NA
"Cossypha_natalensis","0","3","0","0",NA,NA,NA,"0",NA,"0",NA,"0",NA,NA,NA,"0","0","0","0",NA
"Cossypha_niveicapilla","0","2","0","0",NA,NA,NA,"0",NA,"0",NA,NA,NA,NA,NA,NA,"0","0","0",NA
"Cossypha_polioptera","0","1","0","0",NA,NA,NA,"0",NA,NA,NA,NA,NA,NA,NA,NA,"0","0","0",NA
"Cossypha_semirufa","0","2","0","0",NA,NA,NA,"0",NA,"0",NA,NA,NA,NA,NA,NA,"0","0","0",NA
"Cossyphicula_roberti","0","1","0","0",NA,NA,NA,"0",NA,NA,NA,NA,NA,NA,NA,NA,"0","0","0",NA
"Cotinga_amabilis","0","1","0","0",NA,NA,NA,"0",NA,NA,NA,NA,NA,NA,NA,NA,"0","0","0",NA
"Cotinga_cayana","0","1","0","0",NA,NA,NA,"0",NA,NA,NA,NA,NA,NA,NA,NA,"0","0","0",NA
"Cotinga_cotinga","0","2","0","0",NA,NA,NA,"0",NA,NA,NA,"0",NA,NA,NA,"0","0","0","0",NA
"Cotinga_maculata","0","1","0","0",NA,NA,NA,"0",NA,NA,NA,NA,NA,NA,NA,NA,"0","0","0",NA
"Cotinga_maynana","0","1","0","0",NA,NA,NA,"0",NA,NA,NA,NA,NA,NA,NA,NA,"0","0","0",NA
"Cotinga_nattererii","0","1","0","0",NA,NA,NA,"0",NA,NA,NA,NA,NA,NA,NA,NA,"0","0","0",NA
"Cotinga_ridgwayi","0","1","0","0",NA,NA,NA,"0",NA,NA,NA,NA,NA,NA,NA,NA,"0","0","0",NA
"Coturnicops_exquisitus","0","1","0","0",NA,NA,NA,"0",NA,NA,NA,NA,NA,NA,NA,NA,"0","0","0",NA
"Coturnicops_notatus","0","1","0","0",NA,NA,NA,"0",NA,NA,NA,NA,NA,NA,NA,NA,"0","0","0",NA
"Coturnicops_noveboracensis","0","2","0","0",NA,NA,NA,"0",NA,"0",NA,NA,NA,NA,NA,NA,"0","0","0",NA
"Coturnix_chinensis","0","2","0","0",NA,NA,NA,"0",NA,"0",NA,NA,NA,NA,NA,NA,"0","0","0",NA
"Coturnix_coromandelica","0","1","0","0",NA,NA,NA,"0",NA,NA,NA,NA,NA,NA,NA,NA,"0","0","0",NA
"Coturnix_coturnix","0","3","0","0",NA,NA,NA,"0",NA,"0",NA,"0",NA,NA,NA,"1","0","0","0",NA
"Coturnix_delegorguei","0","3","0","0",NA,NA,NA,"0",NA,"0",NA,"0",NA,NA,NA,"1","0","0","0",NA
"Coturnix_japonica","0","2","0","0",NA,NA,NA,"0",NA,"0",NA,NA,NA,NA,NA,NA,"0","0","0",NA
"Coturnix_pectoralis","0","3","0","0",NA,NA,NA,"0",NA,"0",NA,"0",NA,NA,NA,"0","0","0","0",NA
"Coturnix_ypsilophora","0","2","0","0",NA,NA,NA,"0",NA,"0",NA,NA,NA,NA,NA,NA,"0","0","0",NA
"Coua_caerulea","0","1","0","0",NA,NA,NA,"0",NA,NA,NA,NA,NA,NA,NA,NA,"0","0","0",NA
"Coua_coquereli","0","2","0","0",NA,NA,NA,"0",NA,NA,NA,"0",NA,NA,NA,"0","0","0","0",NA
"Coua_cristata","0","2","0","0",NA,NA,NA,"0",NA,"0",NA,NA,NA,NA,NA,NA,"0","0","0",NA
"Coua_cursor","0","2","0","0",NA,NA,NA,"0",NA,NA,NA,"0",NA,NA,NA,"0","0","0","0",NA
"Coua_gigas","0","2","0","0",NA,NA,NA,"0",NA,"0",NA,NA,NA,NA,NA,NA,"0","0","0",NA
"Coua_reynaudii","0","2","0","0",NA,NA,NA,"0",NA,NA,NA,"0",NA,NA,NA,"0","0","0","0",NA
"Coua_ruficeps","0","1","0","0",NA,NA,NA,"0",NA,NA,NA,NA,NA,NA,NA,NA,"0","0","0",NA
"Coua_serriana","0","1","0","0",NA,NA,NA,"0",NA,NA,NA,NA,NA,NA,NA,NA,"0","0","0",NA
"Coua_verreauxi","0","1","0","0",NA,NA,NA,"0",NA,NA,NA,NA,NA,NA,NA,NA,"0","0","0",NA
"Cracticus_cassicus","1","0","4","0","1",NA,NA,"1",NA,"1",NA,"1",NA,NA,"K","1","1","0","0","Kin"
"Cracticus_louisiadensis","1","0","1","0",NA,NA,NA,"1",NA,NA,NA,NA,NA,NA,NA,NA,"0","0","0",NA
"Cracticus_mentalis","0","1","0","0",NA,NA,NA,"0",NA,NA,NA,NA,NA,NA,NA,NA,"0","0","0",NA
"Cracticus_nigrogularis","1","0","5","0","1",NA,NA,"1",NA,"1","1","1","M",NA,"K","1","1","0","1","Kin"
"Cracticus_quoyi","0","2","0","0",NA,NA,NA,"0",NA,"0",NA,NA,NA,NA,NA,NA,"0","0","0",NA
"Cracticus_torquatus","1","0","5","0","1",NA,NA,"1",NA,"1","1","1","K",NA,"K","1","2","0","0","Kin"
"Cranioleuca_albicapilla","0","1","0","0",NA,NA,NA,"0",NA,NA,NA,NA,NA,NA,NA,NA,"0","0","0",NA
"Cranioleuca_albiceps","0","1","0","0",NA,NA,NA,"0",NA,NA,NA,NA,NA,NA,NA,NA,"0","0","0",NA
"Cranioleuca_antisiensis","0","1","0","0",NA,NA,NA,"0",NA,NA,NA,NA,NA,NA,NA,NA,"0","0","0",NA
"Cranioleuca_baroni","0","1","0","0",NA,NA,NA,"0",NA,NA,NA,NA,NA,NA,NA,NA,"0","0","0",NA
"Cranioleuca_curtata","0","1","0","0",NA,NA,NA,"0",NA,NA,NA,NA,NA,NA,NA,NA,"0","0","0",NA
"Cranioleuca_demissa","0","1","0","0",NA,NA,NA,"0",NA,NA,NA,NA,NA,NA,NA,NA,"0","0","0",NA
"Cranioleuca_dissita",NA,"0","0","0",NA,NA,NA,NA,NA,NA,NA,NA,NA,NA,NA,NA,"0","0","0",NA
"Cranioleuca_erythrops","0","2","0","0",NA,NA,NA,"0",NA,"0",NA,NA,NA,NA,NA,NA,"0","0","0",NA
"Cranioleuca_gutturata","0","1","0","0",NA,NA,NA,"0",NA,NA,NA,NA,NA,NA,NA,NA,"0","0","0",NA
"Cranioleuca_hellmayri","0","1","0","0",NA,NA,NA,"0",NA,NA,NA,NA,NA,NA,NA,NA,"0","0","0",NA
"Cranioleuca_henricae","0","1","0","0",NA,NA,NA,"0",NA,NA,NA,NA,NA,NA,NA,NA,"0","0","0",NA
"Cranioleuca_marcapatae","0","1","0","0",NA,NA,NA,"0",NA,NA,NA,NA,NA,NA,NA,NA,"0","0","0",NA
"Cranioleuca_muelleri","0","1","0","0",NA,NA,NA,"0",NA,NA,NA,NA,NA,NA,NA,NA,"0","0","0",NA
"Cranioleuca_obsoleta","0","1","0","0",NA,NA,NA,"0",NA,NA,NA,NA,NA,NA,NA,NA,"0","0","0",NA
"Cranioleuca_pallida","0","1","0","0",NA,NA,NA,"0",NA,NA,NA,NA,NA,NA,NA,NA,"0","0","0",NA
"Cranioleuca_pyrrhophia","0","2","0","0",NA,NA,NA,"0",NA,"0",NA,NA,NA,NA,NA,NA,"0","0","0",NA
"Cranioleuca_semicinerea","0","1","0","0",NA,NA,NA,"0",NA,NA,NA,NA,NA,NA,NA,NA,"0","0","0",NA
"Cranioleuca_subcristata","0","1","0","0",NA,NA,NA,"0",NA,NA,NA,NA,NA,NA,NA,NA,"0","0","0",NA
"Cranioleuca_sulphurifera","0","1","0","0",NA,NA,NA,"0",NA,NA,NA,NA,NA,NA,NA,NA,"0","0","0",NA
"Cranioleuca_vulpecula","0","1","0","0",NA,NA,NA,"0",NA,NA,NA,NA,NA,NA,NA,NA,"0","0","0",NA
"Cranioleuca_vulpina","0","1","0","0",NA,NA,NA,"0",NA,NA,NA,NA,NA,NA,NA,NA,"0","0","0",NA
"Crateroscelis_murina","1","1","1","1","1",NA,NA,"0",NA,NA,NA,NA,NA,NA,NA,NA,"0","0","0",NA
"Crateroscelis_nigrorufa","1","0","1","0",NA,NA,NA,"1",NA,NA,NA,NA,NA,NA,NA,NA,"0","0","0",NA
"Crateroscelis_robusta","1","1","1","1","1",NA,NA,"0",NA,NA,NA,NA,NA,NA,NA,NA,"0","0","0",NA
"Crax_alberti","0","1","0","0",NA,NA,NA,"0",NA,NA,NA,NA,NA,NA,NA,NA,"0","0","0",NA
"Crax_alector","0","1","0","0",NA,NA,NA,"0",NA,NA,NA,NA,NA,NA,NA,NA,"0","0","0",NA
"Crax_blumenbachii","0","3","0","0",NA,NA,NA,"0",NA,"0",NA,"0",NA,NA,NA,"1","0","0","0",NA
"Crax_daubentoni","0","3","0","0",NA,NA,NA,"0",NA,"0",NA,"0",NA,NA,NA,"1","0","0","0",NA
"Crax_fasciolata","0","1","0","0",NA,NA,NA,"0",NA,NA,NA,NA,NA,NA,NA,NA,"0","0","0",NA
"Crax_globulosa","0","1","0","0",NA,NA,NA,"0",NA,NA,NA,NA,NA,NA,NA,NA,"0","0","0",NA
"Crax_rubra","0","2","0","0",NA,NA,NA,"0",NA,"0",NA,NA,NA,NA,NA,NA,"0","0","0",NA
"Creagrus_furcatus","0","1","0","0",NA,NA,NA,NA,NA,"0",NA,NA,NA,NA,NA,NA,"0","0","0",NA
"Creatophora_cinerea","0","3","0","0",NA,NA,NA,"0",NA,"0",NA,"0",NA,NA,NA,"0","0","0","0",NA
"Crecopsis_egregia","0","2","0","0",NA,NA,NA,"0",NA,"0",NA,NA,NA,NA,NA,NA,"0","0","0",NA
"Creurgops_dentatus","0","2","0","0",NA,NA,NA,"0",NA,NA,NA,"0",NA,NA,NA,"0","0","0","0",NA
"Creurgops_verticalis","0","2","0","0",NA,NA,NA,"0",NA,NA,NA,"0",NA,NA,NA,"0","0","0","0",NA
"Crex_crex","0","2","0","0",NA,NA,NA,"0",NA,"0",NA,NA,NA,NA,NA,NA,"0","0","0",NA
"Crinifer_piscator","1","1","1","1",NA,NA,NA,"1",NA,"0",NA,NA,NA,NA,NA,NA,"0","0","0",NA
"Crinifer_zonurus","0","2","0","0",NA,NA,NA,"0",NA,"0",NA,NA,NA,NA,NA,NA,"0","0","0",NA
"Criniger_barbatus","1","0","1","0",NA,NA,NA,"1",NA,NA,NA,NA,NA,NA,NA,NA,"0","0","0",NA
"Criniger_calurus","1","1","1","1",NA,NA,NA,"1",NA,"0",NA,NA,NA,NA,NA,NA,"0","0","0",NA
"Criniger_chloronotus","1","1","1","1",NA,NA,NA,"1",NA,"0",NA,NA,NA,NA,NA,NA,"0","0","0",NA
"Criniger_ndussumensis","1","1","1","1",NA,NA,NA,"1",NA,NA,NA,"0",NA,NA,NA,"1","0","0","0",NA
"Criniger_olivaceus","1","1","1","1",NA,NA,NA,"1",NA,NA,NA,"0",NA,NA,NA,"1","0","0","0",NA
"Crocias_albonotatus","0","1","0","0",NA,NA,NA,"0",NA,NA,NA,NA,NA,NA,NA,NA,"0","0","0",NA
"Crocias_langbianis","0","1","0","0",NA,NA,NA,"0",NA,NA,NA,NA,NA,NA,NA,NA,"0","0","0",NA
"Crossleyia_xanthophrys","0","1","0","0",NA,NA,NA,"0",NA,NA,NA,NA,NA,NA,NA,NA,"0","0","0",NA
"Crossoptilon_auritum","0","2","0","0",NA,NA,NA,"0",NA,"0",NA,NA,NA,NA,NA,NA,"0","0","0",NA
"Crossoptilon_crossoptilon","0","1","0","0",NA,NA,NA,"0",NA,NA,NA,NA,NA,NA,NA,NA,"0","0","0",NA
"Crossoptilon_harmani","0","1","0","0",NA,NA,NA,NA,NA,"0",NA,NA,NA,NA,NA,NA,"0","0","0",NA
"Crossoptilon_mantchuricum","0","2","0","0",NA,NA,NA,"0",NA,"0",NA,NA,NA,NA,NA,NA,"0","0","0",NA
"Crotophaga_ani","1","0","4","0",NA,NA,NA,"1",NA,"1","1","1","NK",NA,"NK","1","0","2","0","NonKin"
"Crotophaga_major","1","0","4","0",NA,NA,NA,"1",NA,"1","1","1","NK",NA,"NK","1","0","2","0","NonKin"
"Crotophaga_sulcirostris","1","0","5","0","1",NA,NA,"1",NA,"1","1","1","NK",NA,"NK","1","0","2","0","NonKin"
"Crypsirina_cucullata","0","1","0","0",NA,NA,NA,"0",NA,NA,NA,NA,NA,NA,NA,NA,"0","0","0",NA
"Crypsirina_temia","0","2","0","0",NA,NA,NA,"0",NA,"0",NA,NA,NA,NA,NA,NA,"0","0","0",NA
"Cryptophaps_poecilorrhoa","0","1","0","0",NA,NA,NA,"0",NA,NA,NA,NA,NA,NA,NA,NA,"0","0","0",NA
"Cryptospiza_jacksoni","0","1","0","0",NA,NA,NA,"0",NA,NA,NA,NA,NA,NA,NA,NA,"0","0","0",NA
"Cryptospiza_reichenovii","0","2","0","0",NA,NA,NA,"0",NA,"0",NA,NA,NA,NA,NA,NA,"0","0","0",NA
"Cryptospiza_salvadorii","0","1","0","0",NA,NA,NA,"0",NA,NA,NA,NA,NA,NA,NA,NA,"0","0","0",NA
"Cryptospiza_shelleyi","0","1","0","0",NA,NA,NA,"0",NA,NA,NA,NA,NA,NA,NA,NA,"0","0","0",NA
"Cryptosylvicola_randrianasoloi","0","1","0","0",NA,NA,NA,"0",NA,NA,NA,NA,NA,NA,NA,NA,"0","0","0",NA
"Crypturellus_atrocapillus","0","1","0","0",NA,NA,NA,"0",NA,NA,NA,NA,NA,NA,NA,NA,"0","0","0",NA
"Crypturellus_bartletti","0","1","0","0",NA,NA,NA,"0",NA,NA,NA,NA,NA,NA,NA,NA,"0","0","0",NA
"Crypturellus_berlepschi","0","1","0","0",NA,NA,NA,"0",NA,NA,NA,NA,NA,NA,NA,NA,"0","0","0",NA
"Crypturellus_boucardi","0","2","0","0",NA,NA,NA,"0",NA,"0",NA,NA,NA,NA,NA,NA,"0","0","0",NA
"Crypturellus_brevirostris","0","1","0","0",NA,NA,NA,"0",NA,NA,NA,NA,NA,NA,NA,NA,"0","0","0",NA
"Crypturellus_casiquiare","0","1","0","0",NA,NA,NA,"0",NA,NA,NA,NA,NA,NA,NA,NA,"0","0","0",NA
"Crypturellus_cinereus","0","1","0","0",NA,NA,NA,"0",NA,NA,NA,NA,NA,NA,NA,NA,"0","0","0",NA
"Crypturellus_cinnamomeus","0","1","0","0",NA,NA,NA,"0",NA,NA,NA,NA,NA,NA,NA,NA,"0","0","0",NA
"Crypturellus_duidae","0","1","0","0",NA,NA,NA,"0",NA,NA,NA,NA,NA,NA,NA,NA,"0","0","0",NA
"Crypturellus_erythropus","0","1","0","0",NA,NA,NA,"0",NA,NA,NA,NA,NA,NA,NA,NA,"0","0","0",NA
"Crypturellus_kerriae","0","1","0","0",NA,NA,NA,"0",NA,NA,NA,NA,NA,NA,NA,NA,"0","0","0",NA
"Crypturellus_noctivagus","0","2","0","0",NA,NA,NA,"0",NA,"0",NA,NA,NA,NA,NA,NA,"0","0","0",NA
"Crypturellus_obsoletus","0","1","0","0",NA,NA,NA,"0",NA,NA,NA,NA,NA,NA,NA,NA,"0","0","0",NA
"Crypturellus_parvirostris","0","1","0","0",NA,NA,NA,"0",NA,NA,NA,NA,NA,NA,NA,NA,"0","0","0",NA
"Crypturellus_ptaritepui","0","1","0","0",NA,NA,NA,"0",NA,NA,NA,NA,NA,NA,NA,NA,"0","0","0",NA
"Crypturellus_soui","0","2","0","0",NA,NA,NA,"0",NA,"0",NA,NA,NA,NA,NA,NA,"0","0","0",NA
"Crypturellus_strigulosus","0","1","0","0",NA,NA,NA,"0",NA,NA,NA,NA,NA,NA,NA,NA,"0","0","0",NA
"Crypturellus_tataupa","0","1","0","0",NA,NA,NA,"0",NA,NA,NA,NA,NA,NA,NA,NA,"0","0","0",NA
"Crypturellus_transfasciatus","0","1","0","0",NA,NA,NA,"0",NA,NA,NA,NA,NA,NA,NA,NA,"0","0","0",NA
"Crypturellus_undulatus","0","1","0","0",NA,NA,NA,"0",NA,NA,NA,NA,NA,NA,NA,NA,"0","0","0",NA
"Crypturellus_variegatus","0","2","0","0",NA,NA,NA,"0",NA,"0",NA,NA,NA,NA,NA,NA,"0","0","0",NA
"Cuculus_canorus","0","2","0","0",NA,NA,NA,"0",NA,NA,NA,"0",NA,NA,NA,"0","0","0","0",NA
"Cuculus_clamosus","0","2","0","0",NA,NA,NA,"0",NA,NA,NA,"0",NA,NA,NA,"0","0","0","0",NA
"Cuculus_crassirostris","0","1","0","0",NA,NA,NA,"0",NA,NA,NA,NA,NA,NA,NA,NA,"0","0","0",NA
"Cuculus_fugax","0","1","0","0",NA,NA,NA,"0",NA,NA,NA,NA,NA,NA,NA,NA,"0","0","0",NA
"Cuculus_gularis","0","2","0","0",NA,NA,NA,"0",NA,NA,NA,"0",NA,NA,NA,"0","0","0","0",NA
"Cuculus_lepidus","0","1","0","0",NA,NA,NA,NA,NA,NA,NA,"0",NA,NA,NA,"0","0","0","0",NA
"Cuculus_micropterus","0","2","0","0",NA,NA,NA,"0",NA,NA,NA,"0",NA,NA,NA,"0","0","0","0",NA
"Cuculus_optatus",NA,"0","0","0",NA,NA,NA,NA,NA,NA,NA,NA,NA,NA,NA,NA,"0","0","0",NA
"Cuculus_pallidus","0","1","0","0",NA,NA,NA,"0",NA,NA,NA,NA,NA,NA,NA,NA,"0","0","0",NA
"Cuculus_poliocephalus","0","2","0","0",NA,NA,NA,"0",NA,NA,NA,"0",NA,NA,NA,"0","0","0","0",NA
"Cuculus_rochii","0","2","0","0",NA,NA,NA,"0",NA,NA,NA,"0",NA,NA,NA,"0","0","0","0",NA
"Cuculus_saturatus","0","2","0","0",NA,NA,NA,"0",NA,NA,NA,"0",NA,NA,NA,"0","0","0","0",NA
"Cuculus_solitarius","0","2","0","0",NA,NA,NA,"0",NA,NA,NA,"0",NA,NA,NA,"0","0","0","0",NA
"Cuculus_sparverioides","0","1","0","0",NA,NA,NA,"0",NA,NA,NA,NA,NA,NA,NA,NA,"0","0","0",NA
"Cuculus_vagans","0","1","0","0",NA,NA,NA,"0",NA,NA,NA,NA,NA,NA,NA,NA,"0","0","0",NA
"Cuculus_varius","0","1","0","0",NA,NA,NA,"0",NA,NA,NA,NA,NA,NA,NA,NA,"0","0","0",NA
"Culicicapa_ceylonensis","0","3","0","0",NA,NA,NA,"0",NA,"0",NA,"0",NA,NA,NA,"1","0","0","0",NA
"Culicicapa_helianthea","0","1","0","0",NA,NA,NA,"0",NA,NA,NA,NA,NA,NA,NA,NA,"0","0","0",NA
"Culicivora_caudacuta","0","1","0","0",NA,NA,NA,"0",NA,NA,NA,NA,NA,NA,NA,NA,"0","0","0",NA
"Curaeus_curaeus","1","0","3","0",NA,NA,NA,"1",NA,"1",NA,"1",NA,NA,"K","1","1","0","0","Kin"
"Curaeus_forbesi","1","0","2","0",NA,NA,NA,"1",NA,"1",NA,NA,NA,NA,NA,NA,"0","0","0",NA
"Cursorius_coromandelicus","0","2","0","0",NA,NA,NA,"0",NA,"0",NA,NA,NA,NA,NA,NA,"0","0","0",NA
"Cursorius_cursor","0","2","0","0",NA,NA,NA,"0",NA,"0",NA,NA,NA,NA,NA,NA,"0","0","0",NA
"Cursorius_rufus","0","2","0","0",NA,NA,NA,"0",NA,NA,NA,"0",NA,NA,NA,"1","0","0","0",NA
"Cursorius_temminckii","0","2","0","0",NA,NA,NA,"0",NA,"0",NA,NA,NA,NA,NA,NA,"0","0","0",NA
"Cutia_nipalensis","0","1","0","0",NA,NA,NA,"0",NA,NA,NA,NA,NA,NA,NA,NA,"0","0","0",NA
"Cyanerpes_caeruleus","0","3","0","0",NA,NA,NA,"0",NA,"0",NA,"0",NA,NA,NA,"1","0","0","0",NA
"Cyanerpes_cyaneus","0","2","0","0",NA,NA,NA,"0",NA,"0",NA,NA,NA,NA,NA,NA,"0","0","0",NA
"Cyanerpes_lucidus","0","3","0","0",NA,NA,NA,"0",NA,"0",NA,"0",NA,NA,NA,"1","0","0","0",NA
"Cyanerpes_nitidus","0","2","0","0",NA,NA,NA,"0",NA,NA,NA,"0",NA,NA,NA,"0","0","0","0",NA
"Cyanicterus_cyanicterus","0","1","0","0",NA,NA,NA,"0",NA,NA,NA,NA,NA,NA,NA,NA,"0","0","0",NA
"Cyanochen_cyanoptera","0","2","0","0",NA,NA,NA,"0",NA,"0",NA,NA,NA,NA,NA,NA,"0","0","0",NA
"Cyanocitta_cristata","0","2","0","0",NA,NA,NA,"0",NA,NA,NA,"0",NA,NA,NA,"1","0","0","0",NA
"Cyanocitta_stelleri","0","4","0","0",NA,"0",NA,"0",NA,"0",NA,"0",NA,NA,NA,"1","0","0","0",NA
"Cyanocompsa_brissonii","0","1","0","0",NA,NA,NA,"0",NA,NA,NA,NA,NA,NA,NA,NA,"0","0","0",NA
"Cyanocompsa_cyanoides","0","3","0","0",NA,NA,NA,"0",NA,"0",NA,"0",NA,NA,NA,"0","0","0","0",NA
"Cyanocompsa_parellina","0","1","0","0",NA,NA,NA,"0",NA,NA,NA,NA,NA,NA,NA,NA,"0","0","0",NA
"Cyanocorax_affinis","1","0","3","0",NA,NA,NA,"1",NA,"1",NA,"1",NA,NA,"K","1","1","0","0","Kin"
"Cyanocorax_beecheii","1","0","4","0",NA,NA,NA,"1",NA,"1","1","1","K",NA,"K","1","2","0","0","Kin"
"Cyanocorax_caeruleus","1","0","3","0",NA,NA,NA,"1",NA,"1",NA,"1",NA,NA,"K","1","1","0","0","Kin"
"Cyanocorax_cayanus","1","0","3","0",NA,NA,NA,"1",NA,"1",NA,"1",NA,NA,"K","1","1","0","0","Kin"
"Cyanocorax_chrysops","1","0","3","0",NA,NA,NA,"1",NA,"1",NA,"1",NA,NA,"K","1","1","0","0","Kin"
"Cyanocorax_cristatellus","1","0","3","0",NA,NA,NA,"1",NA,"1",NA,"1",NA,NA,"K","1","1","0","0","Kin"
"Cyanocorax_cyanomelas","1","0","1","0",NA,NA,NA,"1",NA,NA,NA,NA,NA,NA,NA,NA,"0","0","0",NA
"Cyanocorax_cyanopogon","1","0","1","0",NA,NA,NA,"1",NA,NA,NA,NA,NA,NA,NA,NA,"0","0","0",NA
"Cyanocorax_dickeyi","1","0","3","0",NA,NA,NA,"1",NA,"1",NA,"1",NA,NA,"K","1","1","0","0","Kin"
"Cyanocorax_heilprini","1","0","1","0",NA,NA,NA,"1",NA,NA,NA,NA,NA,NA,NA,NA,"0","0","0",NA
"Cyanocorax_luxuosus","1","0","1","0",NA,NA,NA,"1",NA,NA,NA,NA,NA,NA,NA,NA,"0","0","0",NA
"Cyanocorax_melanocyaneus","1","0","3","0",NA,NA,NA,"1",NA,"1",NA,"1",NA,NA,"K","1","1","0","0","Kin"
"Cyanocorax_morio","1","0","5","0","1","1","1","1",NA,"1",NA,NA,NA,"K",NA,NA,"1","0","0","Kin"
"Cyanocorax_mystacalis","1","0","1","0",NA,NA,NA,"1",NA,NA,NA,NA,NA,NA,NA,NA,"0","0","0",NA
"Cyanocorax_sanblasianus","1","0","4","0","1",NA,NA,"1",NA,"1",NA,"1",NA,NA,"K","1","1","0","0","Kin"
"Cyanocorax_violaceus","1","0","3","0",NA,NA,NA,"1",NA,"1",NA,"1",NA,NA,"K","1","1","0","0","Kin"
"Cyanocorax_yncas","1","0","5","0","1",NA,NA,"1",NA,"1","1","1","K",NA,"K","1","2","0","0","Kin"
"Cyanocorax_yucatanicus","1","0","3","0",NA,NA,NA,"1",NA,"1",NA,"1",NA,NA,"K","1","1","0","0","Kin"
"Cyanolanius_madagascarinus","0","1","0","0",NA,NA,NA,"0",NA,NA,NA,NA,NA,NA,NA,NA,"0","0","0",NA
"Cyanolimnas_cerverai","0","1","0","0",NA,NA,NA,"0",NA,NA,NA,NA,NA,NA,NA,NA,"0","0","0",NA
"Cyanoliseus_patagonus","0","3","0","0",NA,"0",NA,"0",NA,"0",NA,NA,NA,NA,NA,NA,"0","0","0",NA
"Cyanoloxia_glaucocaerulea","0","1","0","0",NA,NA,NA,"0",NA,NA,NA,NA,NA,NA,NA,NA,"0","0","0",NA
"Cyanolyca_argentigula","1","0","2","0",NA,NA,NA,"1",NA,"1",NA,NA,NA,NA,NA,NA,"0","0","0",NA
"Cyanolyca_armillata","1","0","1","0",NA,NA,NA,"1",NA,NA,NA,NA,NA,NA,NA,NA,"0","0","0",NA
"Cyanolyca_cucullata","1","0","1","0",NA,NA,NA,"1",NA,NA,NA,NA,NA,NA,NA,NA,"0","0","0",NA
"Cyanolyca_mirabilis","1","0","1","0",NA,NA,NA,"1",NA,NA,NA,NA,NA,NA,NA,NA,"0","0","0",NA
"Cyanolyca_nana","0","2","0","0",NA,NA,NA,"0",NA,"0",NA,NA,NA,NA,NA,NA,"0","0","0",NA
"Cyanolyca_pulchra","1","0","1","0",NA,NA,NA,"1",NA,NA,NA,NA,NA,NA,NA,NA,"0","0","0",NA
"Cyanolyca_pumilo","1","0","1","0",NA,NA,NA,"1",NA,NA,NA,NA,NA,NA,NA,NA,"0","0","0",NA
"Cyanolyca_turcosa","1","0","1","0",NA,NA,NA,"1",NA,NA,NA,NA,NA,NA,NA,NA,"0","0","0",NA
"Cyanolyca_viridicyanus","1","0","1","0",NA,NA,NA,"1",NA,NA,NA,NA,NA,NA,NA,NA,"0","0","0",NA
"Cyanophaia_bicolor","0","2","0","0",NA,NA,NA,"0",NA,"0",NA,NA,NA,NA,NA,NA,"0","0","0",NA
"Cyanopica_cyana","1","0","1","0",NA,NA,NA,NA,NA,NA,"1",NA,"M",NA,NA,NA,"0","0","1","Mixed"
"Cyanopica_cyanus","1","0","3","0",NA,NA,NA,"1",NA,"1",NA,"1",NA,NA,"K","1","1","0","0","Kin"
"Cyanopsitta_spixii","0","1","0","0",NA,NA,NA,"0",NA,NA,NA,NA,NA,NA,NA,NA,"0","0","0",NA
"Cyanoptila_cyanomelana","0","2","0","0",NA,NA,NA,"0",NA,"0",NA,NA,NA,NA,NA,NA,"0","0","0",NA
"Cyanoramphus_auriceps","0","2","0","0",NA,NA,NA,"0",NA,"0",NA,NA,NA,NA,NA,NA,"0","0","0",NA
"Cyanoramphus_cookii","0","1","0","0",NA,NA,NA,NA,NA,"0",NA,NA,NA,NA,NA,NA,"0","0","0",NA
"Cyanoramphus_malherbi","0","1","0","0",NA,NA,NA,"0",NA,NA,NA,NA,NA,NA,NA,NA,"0","0","0",NA
"Cyanoramphus_novaezelandiae","0","1","0","0",NA,NA,NA,"0",NA,NA,NA,NA,NA,NA,NA,NA,"0","0","0",NA
"Cyanoramphus_saisseti","1","0","1","0",NA,NA,NA,NA,NA,NA,"1",NA,"NK",NA,NA,NA,"0","1","0","NonKin"
"Cyanoramphus_unicolor","0","1","0","0",NA,NA,NA,NA,NA,"0",NA,NA,NA,NA,NA,NA,"0","0","0",NA
"Cyclarhis_gujanensis","0","2","0","0",NA,NA,NA,"0",NA,"0",NA,NA,NA,NA,NA,NA,"0","0","0",NA
"Cyclarhis_nigrirostris","0","1","0","0",NA,NA,NA,"0",NA,NA,NA,NA,NA,NA,NA,NA,"0","0","0",NA
"Cyclopsitta_diophthalma","0","2","0","0",NA,NA,NA,"0",NA,"0",NA,NA,NA,NA,NA,NA,"0","0","0",NA
"Cyclopsitta_gulielmitertii","0","1","0","0",NA,NA,NA,"0",NA,NA,NA,NA,NA,NA,NA,NA,"0","0","0",NA
"Cygnus_atratus","0","4","0","0",NA,"0",NA,"0",NA,"0",NA,"0",NA,NA,NA,"1","0","0","0",NA
"Cygnus_buccinator","0","3","0","0",NA,NA,NA,"0",NA,"0",NA,"0",NA,NA,NA,"1","0","0","0",NA
"Cygnus_columbianus","0","2","0","0",NA,NA,NA,"0",NA,"0",NA,NA,NA,NA,NA,NA,"0","0","0",NA
"Cygnus_cygnus","0","4","0","0",NA,NA,"0","0",NA,"0",NA,"0",NA,NA,NA,"1","0","0","0",NA
"Cygnus_melancoryphus","0","2","0","0",NA,NA,NA,"0",NA,"0",NA,NA,NA,NA,NA,NA,"0","0","0",NA
"Cygnus_olor","0","2","0","0",NA,NA,NA,"0",NA,NA,NA,"0",NA,NA,NA,"1","0","0","0",NA
"Cymbilaimus_lineatus","0","2","0","0",NA,NA,NA,"0",NA,"0",NA,NA,NA,NA,NA,NA,"0","0","0",NA
"Cymbilaimus_sanctaemariae","0","1","0","0",NA,NA,NA,"0",NA,NA,NA,NA,NA,NA,NA,NA,"0","0","0",NA
"Cymbirhynchus_macrorhynchos","0","2","0","0",NA,NA,NA,"0",NA,"0",NA,NA,NA,NA,NA,NA,"0","0","0",NA
"Cynanthus_latirostris","0","2","0","0",NA,NA,NA,"0",NA,NA,NA,"0",NA,NA,NA,"0","0","0","0",NA
"Cynanthus_sordidus","0","2","0","0",NA,NA,NA,"0",NA,NA,NA,"0",NA,NA,NA,"0","0","0","0",NA
"Cyornis_banyumas","0","1","0","0",NA,NA,NA,"0",NA,NA,NA,NA,NA,NA,NA,NA,"0","0","0",NA
"Cyornis_caerulatus","0","1","0","0",NA,NA,NA,"0",NA,NA,NA,NA,NA,NA,NA,NA,"0","0","0",NA
"Cyornis_concretus","0","1","0","0",NA,NA,NA,"0",NA,NA,NA,NA,NA,NA,NA,NA,"0","0","0",NA
"Cyornis_hainanus","0","1","0","0",NA,NA,NA,"0",NA,NA,NA,NA,NA,NA,NA,NA,"0","0","0",NA
"Cyornis_herioti","0","1","0","0",NA,NA,NA,"0",NA,NA,NA,NA,NA,NA,NA,NA,"0","0","0",NA
"Cyornis_hoevelli","0","1","0","0",NA,NA,NA,"0",NA,NA,NA,NA,NA,NA,NA,NA,"0","0","0",NA
"Cyornis_hyacinthinus","0","1","0","0",NA,NA,NA,"0",NA,NA,NA,NA,NA,NA,NA,NA,"0","0","0",NA
"Cyornis_lemprieri","0","1","0","0",NA,NA,NA,"0",NA,NA,NA,NA,NA,NA,NA,NA,"0","0","0",NA
"Cyornis_omissus","0","1","0","0",NA,NA,NA,"0",NA,NA,NA,NA,NA,NA,NA,NA,"0","0","0",NA
"Cyornis_pallipes","0","1","0","0",NA,NA,NA,"0",NA,NA,NA,NA,NA,NA,NA,NA,"0","0","0",NA
"Cyornis_poliogenys","0","2","0","0",NA,NA,NA,"0",NA,"0",NA,NA,NA,NA,NA,NA,"0","0","0",NA
"Cyornis_rubeculoides","0","3","0","0",NA,NA,NA,"0",NA,"0",NA,"0",NA,NA,NA,"0","0","0","0",NA
"Cyornis_ruckii","0","1","0","0",NA,NA,NA,"0",NA,NA,NA,NA,NA,NA,NA,NA,"0","0","0",NA
"Cyornis_rufigastra","0","1","0","0",NA,NA,NA,"0",NA,NA,NA,NA,NA,NA,NA,NA,"0","0","0",NA
"Cyornis_sanfordi","0","1","0","0",NA,NA,NA,"0",NA,NA,NA,NA,NA,NA,NA,NA,"0","0","0",NA
"Cyornis_superbus","0","1","0","0",NA,NA,NA,"0",NA,NA,NA,NA,NA,NA,NA,NA,"0","0","0",NA
"Cyornis_tickelliae","0","1","0","0",NA,NA,NA,"0",NA,NA,NA,NA,NA,NA,NA,NA,"0","0","0",NA
"Cyornis_turcosus","0","1","0","0",NA,NA,NA,"0",NA,NA,NA,NA,NA,NA,NA,NA,"0","0","0",NA
"Cyornis_unicolor","0","2","0","0",NA,NA,NA,"0",NA,"0",NA,NA,NA,NA,NA,NA,"0","0","0",NA
"Cyphorhinus_arada","0","2","0","0",NA,NA,NA,"0",NA,NA,NA,"0",NA,NA,NA,"1","0","0","0",NA
"Cyphorhinus_phaeocephalus","0","2","0","0",NA,NA,NA,"0",NA,NA,NA,"0",NA,NA,NA,"1","0","0","0",NA
"Cyphorhinus_thoracicus","0","1","0","0",NA,NA,NA,"0",NA,NA,NA,NA,NA,NA,NA,NA,"0","0","0",NA
"Cypseloides_cherriei","0","1","0","0",NA,NA,NA,"0",NA,NA,NA,NA,NA,NA,NA,NA,"0","0","0",NA
"Cypseloides_cryptus","0","1","0","0",NA,NA,NA,"0",NA,NA,NA,NA,NA,NA,NA,NA,"0","0","0",NA
"Cypseloides_fumigatus","0","1","0","0",NA,NA,NA,"0",NA,NA,NA,NA,NA,NA,NA,NA,"0","0","0",NA
"Cypseloides_lemosi","0","1","0","0",NA,NA,NA,"0",NA,NA,NA,NA,NA,NA,NA,NA,"0","0","0",NA
"Cypseloides_niger","0","2","0","0",NA,NA,NA,"0",NA,"0",NA,NA,NA,NA,NA,NA,"0","0","0",NA
"Cypseloides_rothschildi","0","1","0","0",NA,NA,NA,"0",NA,NA,NA,NA,NA,NA,NA,NA,"0","0","0",NA
"Cypseloides_senex","0","1","0","0",NA,NA,NA,"0",NA,NA,NA,NA,NA,NA,NA,NA,"0","0","0",NA
"Cypseloides_storeri","0","1","0","0",NA,NA,NA,"0",NA,NA,NA,NA,NA,NA,NA,NA,"0","0","0",NA
"Cypsiurus_balasiensis","0","2","0","0",NA,NA,NA,"0",NA,"0",NA,NA,NA,NA,NA,NA,"0","0","0",NA
"Cypsiurus_parvus","0","2","0","0",NA,NA,NA,"0",NA,"0",NA,NA,NA,NA,NA,NA,"0","0","0",NA
"Cypsnagra_hirundinacea","1","0","4","0",NA,NA,NA,"1",NA,"1","1","1","K",NA,"K","1","2","0","0","Kin"
"Cyrtonyx_montezumae","0","2","0","0",NA,NA,NA,"0",NA,"0",NA,NA,NA,NA,NA,NA,"0","0","0",NA
"Cyrtonyx_ocellatus","0","1","0","0",NA,NA,NA,"0",NA,NA,NA,NA,NA,NA,NA,NA,"0","0","0",NA
"Dacelo_gaudichaud","0","2","0","0",NA,NA,NA,"0",NA,"0",NA,NA,NA,NA,NA,NA,"0","0","0",NA
"Dacelo_leachii","1","0","5","0","1",NA,NA,"1",NA,"1","1","1","K",NA,"K","1","2","0","0","Kin"
"Dacelo_novaeguinea","1","0","1","0",NA,NA,NA,NA,NA,NA,"1",NA,"K",NA,NA,NA,"1","0","0","Kin"
"Dacelo_novaeguineae","1","0","6","0","1","1","1","1",NA,"1",NA,"1",NA,"K","K","1","2","0","0","Kin"
"Dacelo_tyro","1","1","1","1",NA,NA,NA,"1",NA,"0",NA,NA,NA,NA,NA,NA,"0","0","0",NA
"Dacnis_albiventris","0","1","0","0",NA,NA,NA,"0",NA,NA,NA,NA,NA,NA,NA,NA,"0","0","0",NA
"Dacnis_berlepschi","0","1","0","0",NA,NA,NA,"0",NA,NA,NA,NA,NA,NA,NA,NA,"0","0","0",NA
"Dacnis_cayana","1","0","3","0",NA,NA,NA,"1",NA,"1",NA,"1",NA,NA,"K","1","1","0","0","Kin"
"Dacnis_egregia","0","1","0","0",NA,NA,NA,"0",NA,NA,NA,NA,NA,NA,NA,NA,"0","0","0",NA
"Dacnis_flaviventer","0","1","0","0",NA,NA,NA,"0",NA,NA,NA,NA,NA,NA,NA,NA,"0","0","0",NA
"Dacnis_lineata","0","1","0","0",NA,NA,NA,"0",NA,NA,NA,NA,NA,NA,NA,NA,"0","0","0",NA
"Dacnis_nigripes","0","1","0","0",NA,NA,NA,"0",NA,NA,NA,NA,NA,NA,NA,NA,"0","0","0",NA
"Dacnis_venusta","1","0","1","0",NA,NA,NA,"1",NA,NA,NA,NA,NA,NA,NA,NA,"0","0","0",NA
"Dacnis_viguieri","0","1","0","0",NA,NA,NA,"0",NA,NA,NA,NA,NA,NA,NA,NA,"0","0","0",NA
"Dactylortyx_thoracicus","0","1","0","0",NA,NA,NA,"0",NA,NA,NA,NA,NA,NA,NA,NA,"0","0","0",NA
"Damophila_julie","0","2","0","0",NA,NA,NA,"0",NA,"0",NA,NA,NA,NA,NA,NA,"0","0","0",NA
"Daphoenositta_chrysoptera","1","0","5","0","1",NA,NA,"1",NA,"1","1","1","M",NA,"K","1","1","0","1","Kin"
"Daphoenositta_miranda","1","0","2","0",NA,NA,NA,"1",NA,"1",NA,NA,NA,NA,NA,NA,"0","0","0",NA
"Daption_capense","0","1","0","0",NA,NA,NA,NA,NA,"0",NA,NA,NA,NA,NA,NA,"0","0","0",NA
"Daptrius_ater","1","0","1","0",NA,NA,NA,"1",NA,NA,NA,NA,NA,NA,NA,NA,"0","0","0",NA
"Dasycrotapha_speciosa","0","2","0","0",NA,NA,NA,"0",NA,"0",NA,NA,NA,NA,NA,NA,"0","0","0",NA
"Dasyornis_brachypterus","0","3","0","0",NA,NA,NA,"0",NA,"0",NA,"0",NA,NA,NA,"0","0","0","0",NA
"Dasyornis_broadbenti","0","3","0","0",NA,NA,NA,"0",NA,"0",NA,"0",NA,NA,NA,"0","0","0","0",NA
"Dasyornis_longirostris","0","2","0","0",NA,NA,NA,"0",NA,"0",NA,NA,NA,NA,NA,NA,"0","0","0",NA
"Deconychura_longicauda","0","1","0","0",NA,NA,NA,"0",NA,NA,NA,NA,NA,NA,NA,NA,"0","0","0",NA
"Deconychura_stictolaema","0","1","0","0",NA,NA,NA,"0",NA,NA,NA,NA,NA,NA,NA,NA,"0","0","0",NA
"Delichon_dasypus","0","2","0","0",NA,NA,NA,"0",NA,"0",NA,NA,NA,NA,NA,NA,"0","0","0",NA
"Delichon_nipalense","0","2","0","0",NA,NA,NA,"0",NA,"0",NA,NA,NA,NA,NA,NA,"0","0","0",NA
"Delichon_urbicum","0","4","0","0",NA,"0","0","0",NA,"0",NA,NA,NA,NA,NA,NA,"0","0","0",NA
"Delothraupis_castaneoventris","0","1","0","0",NA,NA,NA,"0",NA,NA,NA,NA,NA,NA,NA,NA,"0","0","0",NA
"Deltarhynchus_flammulatus","0","2","0","0",NA,NA,NA,"0",NA,"0",NA,NA,NA,NA,NA,NA,"0","0","0",NA
"Dendragapus_canadensis","0","1","0","0",NA,NA,NA,NA,NA,NA,NA,"0",NA,NA,NA,"1","0","0","0",NA
"Dendragapus_obscurus","0","3","0","0",NA,NA,NA,"0",NA,"0",NA,"0",NA,NA,NA,"1","0","0","0",NA
"Dendrexetastes_rufigula","0","1","0","0",NA,NA,NA,"0",NA,NA,NA,NA,NA,NA,NA,NA,"0","0","0",NA
"Dendrocincla_anabatina","0","3","0","0",NA,NA,NA,"0",NA,"0",NA,"0",NA,NA,NA,"0","0","0","0",NA
"Dendrocincla_fuliginosa","0","3","0","0",NA,NA,NA,"0",NA,"0",NA,"0",NA,NA,NA,"0","0","0","0",NA
"Dendrocincla_homochroa","0","1","0","0",NA,NA,NA,"0",NA,NA,NA,NA,NA,NA,NA,NA,"0","0","0",NA
"Dendrocincla_merula","0","3","0","0",NA,NA,NA,"0",NA,"0",NA,"0",NA,NA,NA,"1","0","0","0",NA
"Dendrocincla_turdina","0","2","0","0",NA,NA,NA,"0",NA,"0",NA,NA,NA,NA,NA,NA,"0","0","0",NA
"Dendrocincla_tyrannina","0","2","0","0",NA,NA,NA,"0",NA,"0",NA,NA,NA,NA,NA,NA,"0","0","0",NA
"Dendrocitta_bayleyi","0","2","0","0",NA,NA,NA,"0",NA,"0",NA,NA,NA,NA,NA,NA,"0","0","0",NA
"Dendrocitta_formosae","0","2","0","0",NA,NA,NA,"0",NA,"0",NA,NA,NA,NA,NA,NA,"0","0","0",NA
"Dendrocitta_frontalis","0","2","0","0",NA,NA,NA,"0",NA,"0",NA,NA,NA,NA,NA,NA,"0","0","0",NA
"Dendrocitta_leucogastra","0","2","0","0",NA,NA,NA,"0",NA,"0",NA,NA,NA,NA,NA,NA,"0","0","0",NA
"Dendrocitta_occipitalis","0","1","0","0",NA,NA,NA,"0",NA,NA,NA,NA,NA,NA,NA,NA,"0","0","0",NA
"Dendrocitta_vagabunda","0","3","0","0",NA,NA,NA,"0",NA,"0",NA,"0",NA,NA,NA,"1","0","0","0",NA
"Dendrocolaptes_certhia","0","2","0","0",NA,NA,NA,"0",NA,"0",NA,NA,NA,NA,NA,NA,"0","0","0",NA
"Dendrocolaptes_hoffmannsi","0","1","0","0",NA,NA,NA,"0",NA,NA,NA,NA,NA,NA,NA,NA,"0","0","0",NA
"Dendrocolaptes_picumnus","0","3","0","0",NA,NA,NA,"0",NA,"0",NA,"0",NA,NA,NA,"1","0","0","0",NA
"Dendrocolaptes_platyrostris","0","2","0","0",NA,NA,NA,"0",NA,"0",NA,NA,NA,NA,NA,NA,"0","0","0",NA
"Dendrocolaptes_sanctithomae","0","1","0","0",NA,NA,NA,"0",NA,NA,NA,NA,NA,NA,NA,NA,"0","0","0",NA
"Dendrocopos_assimilis","0","2","0","0",NA,NA,NA,"0",NA,"0",NA,NA,NA,NA,NA,NA,"0","0","0",NA
"Dendrocopos_atratus","0","2","0","0",NA,NA,NA,"0",NA,NA,NA,"0",NA,NA,NA,"1","0","0","0",NA
"Dendrocopos_auriceps","0","2","0","0",NA,NA,NA,"0",NA,"0",NA,NA,NA,NA,NA,NA,"0","0","0",NA
"Dendrocopos_canicapillus","0","2","0","0",NA,NA,NA,"0",NA,"0",NA,NA,NA,NA,NA,NA,"0","0","0",NA
"Dendrocopos_cathpharius","0","1","0","0",NA,NA,NA,"0",NA,NA,NA,NA,NA,NA,NA,NA,"0","0","0",NA
"Dendrocopos_darjellensis","0","2","0","0",NA,NA,NA,"0",NA,"0",NA,NA,NA,NA,NA,NA,"0","0","0",NA
"Dendrocopos_dorae","0","2","0","0",NA,NA,NA,"0",NA,"0",NA,NA,NA,NA,NA,NA,"0","0","0",NA
"Dendrocopos_himalayensis","0","2","0","0",NA,NA,NA,"0",NA,"0",NA,NA,NA,NA,NA,NA,"0","0","0",NA
"Dendrocopos_hyperythrus","0","2","0","0",NA,NA,NA,"0",NA,"0",NA,NA,NA,NA,NA,NA,"0","0","0",NA
"Dendrocopos_kizuki","0","2","0","0",NA,NA,NA,"0",NA,NA,NA,"0",NA,NA,NA,"1","0","0","0",NA
"Dendrocopos_leucopterus","0","1","0","0",NA,NA,NA,"0",NA,NA,NA,NA,NA,NA,NA,NA,"0","0","0",NA
"Dendrocopos_leucotos","0","2","0","0",NA,NA,NA,"0",NA,"0",NA,NA,NA,NA,NA,NA,"0","0","0",NA
"Dendrocopos_macei","0","3","0","0",NA,NA,NA,"0",NA,"0",NA,"0",NA,NA,NA,"1","0","0","0",NA
"Dendrocopos_maculatus","0","1","0","0",NA,NA,NA,"0",NA,NA,NA,NA,NA,NA,NA,NA,"0","0","0",NA
"Dendrocopos_mahrattensis","0","2","0","0",NA,NA,NA,"0",NA,"0",NA,NA,NA,NA,NA,NA,"0","0","0",NA
"Dendrocopos_major","0","2","0","0",NA,NA,"0","0",NA,NA,NA,NA,NA,NA,NA,NA,"0","0","0",NA
"Dendrocopos_medius","0","2","0","0",NA,NA,"0","0",NA,NA,NA,NA,NA,NA,NA,NA,"0","0","0",NA
"Dendrocopos_minor","1","0","2","0",NA,NA,NA,"1",NA,"1",NA,NA,NA,NA,NA,NA,"0","0","0",NA
"Dendrocopos_moluccensis","0","1","0","0",NA,NA,NA,"0",NA,NA,NA,NA,NA,NA,NA,NA,"0","0","0",NA
"Dendrocopos_nanus",NA,"0","0","0",NA,NA,NA,NA,NA,NA,NA,NA,NA,NA,NA,NA,"0","0","0",NA
"Dendrocopos_noguchii","0","1","0","0",NA,NA,NA,"0",NA,NA,NA,NA,NA,NA,NA,NA,"0","0","0",NA
"Dendrocopos_syriacus","0","2","0","0",NA,NA,NA,"0",NA,"0",NA,NA,NA,NA,NA,NA,"0","0","0",NA
"Dendrocopos_temminckii","0","1","0","0",NA,NA,NA,"0",NA,NA,NA,NA,NA,NA,NA,NA,"0","0","0",NA
"Dendrocygna_arborea","0","3","0","0",NA,NA,NA,"0",NA,"0",NA,"0",NA,NA,NA,"1","0","0","0",NA
"Dendrocygna_arcuata","0","2","0","0",NA,NA,NA,"0",NA,"0",NA,NA,NA,NA,NA,NA,"0","0","0",NA
"Dendrocygna_autumnalis","0","3","0","0",NA,NA,NA,"0",NA,"0",NA,"0",NA,NA,NA,"1","0","0","0",NA
"Dendrocygna_bicolor","0","3","0","0",NA,NA,NA,"0",NA,"0",NA,"0",NA,NA,NA,"0","0","0","0",NA
"Dendrocygna_eytoni","0","2","0","0",NA,NA,NA,"0",NA,"0",NA,NA,NA,NA,NA,NA,"0","0","0",NA
"Dendrocygna_guttata","0","2","0","0",NA,NA,NA,"0",NA,"0",NA,NA,NA,NA,NA,NA,"0","0","0",NA
"Dendrocygna_javanica","0","2","0","0",NA,NA,NA,"0",NA,"0",NA,NA,NA,NA,NA,NA,"0","0","0",NA
"Dendrocygna_viduata","0","3","0","0",NA,NA,NA,"0",NA,"0",NA,"0",NA,NA,NA,"1","0","0","0",NA
"Dendroica_adelaidae","0","2","0","0",NA,NA,NA,"0",NA,"0",NA,NA,NA,NA,NA,NA,"0","0","0",NA
"Dendroica_aestiva","0","1","0","0",NA,NA,NA,"0",NA,NA,NA,NA,NA,NA,NA,NA,"0","0","0",NA
"Dendroica_angelae","0","1","0","0",NA,NA,NA,"0",NA,NA,NA,NA,NA,NA,NA,NA,"0","0","0",NA
"Dendroica_caerulescens","0","5","0","0",NA,"0","0","0",NA,"0",NA,"0",NA,NA,NA,"0","0","0","0",NA
"Dendroica_castanea","0","3","0","0",NA,NA,NA,"0",NA,"0",NA,"0",NA,NA,NA,"0","0","0","0",NA
"Dendroica_cerulea","0","3","0","0",NA,NA,NA,"0",NA,"0",NA,"0",NA,NA,NA,"0","0","0","0",NA
"Dendroica_chrysoparia","0","2","0","0",NA,NA,NA,"0",NA,"0",NA,NA,NA,NA,NA,NA,"0","0","0",NA
"Dendroica_coronata","0","2","0","0",NA,NA,NA,"0",NA,"0",NA,NA,NA,NA,NA,NA,"0","0","0",NA
"Dendroica_delicata","0","1","0","0",NA,NA,NA,"0",NA,NA,NA,NA,NA,NA,NA,NA,"0","0","0",NA
"Dendroica_discolor","0","2","0","0",NA,NA,NA,"0",NA,NA,NA,"0",NA,NA,NA,"0","0","0","0",NA
"Dendroica_dominica","0","2","0","0",NA,NA,NA,"0",NA,"0",NA,NA,NA,NA,NA,NA,"0","0","0",NA
"Dendroica_fusca","0","3","0","0",NA,NA,NA,"0",NA,"0",NA,"0",NA,NA,NA,"0","0","0","0",NA
"Dendroica_graciae","0","2","0","0",NA,NA,NA,"0",NA,"0",NA,NA,NA,NA,NA,NA,"0","0","0",NA
"Dendroica_kirtlandii","0","2","0","0",NA,NA,NA,"0",NA,"0",NA,NA,NA,NA,NA,NA,"0","0","0",NA
"Dendroica_magnolia","0","3","0","0",NA,NA,NA,"0",NA,"0",NA,"0",NA,NA,NA,"0","0","0","0",NA
"Dendroica_nigrescens","0","3","0","0",NA,NA,NA,"0",NA,"0",NA,"0",NA,NA,NA,"0","0","0","0",NA
"Dendroica_occidentalis","0","2","0","0",NA,NA,NA,"0",NA,"0",NA,NA,NA,NA,NA,NA,"0","0","0",NA
"Dendroica_palmarum","0","3","0","0",NA,NA,NA,"0",NA,"0",NA,"0",NA,NA,NA,"0","0","0","0",NA
"Dendroica_pensylvanica","0","5","0","0",NA,"0","0","0",NA,"0",NA,"0",NA,NA,NA,"0","0","0","0",NA
"Dendroica_petechia","0","5","0","0",NA,"0","0","0",NA,"0",NA,"0",NA,NA,NA,"0","0","0","0",NA
"Dendroica_pharetra","0","1","0","0",NA,NA,NA,"0",NA,NA,NA,NA,NA,NA,NA,NA,"0","0","0",NA
"Dendroica_pinus","0","3","0","0",NA,NA,NA,"0",NA,"0",NA,"0",NA,NA,NA,"0","0","0","0",NA
"Dendroica_pityophila","0","2","0","0",NA,NA,NA,"0",NA,"0",NA,NA,NA,NA,NA,NA,"0","0","0",NA
"Dendroica_plumbea","0","1","0","0",NA,NA,NA,"0",NA,NA,NA,NA,NA,NA,NA,NA,"0","0","0",NA
"Dendroica_striata","0","2","0","0",NA,NA,NA,"0",NA,NA,NA,"0",NA,NA,NA,"0","0","0","0",NA
"Dendroica_subita","0","1","0","0",NA,NA,NA,"0",NA,NA,NA,NA,NA,NA,NA,NA,"0","0","0",NA
"Dendroica_tigrina","0","3","0","0",NA,NA,NA,"0",NA,"0",NA,"0",NA,NA,NA,"0","0","0","0",NA
"Dendroica_townsendi","0","2","0","0",NA,NA,NA,"0",NA,"0",NA,NA,NA,NA,NA,NA,"0","0","0",NA
"Dendroica_virens","0","3","0","0",NA,NA,NA,"0",NA,"0",NA,"0",NA,NA,NA,"0","0","0","0",NA
"Dendroica_vitellina","0","1","0","0",NA,NA,NA,"0",NA,NA,NA,NA,NA,NA,NA,NA,"0","0","0",NA
"Dendronanthus_indicus","0","2","0","0",NA,NA,NA,"0",NA,"0",NA,NA,NA,NA,NA,NA,"0","0","0",NA
"Dendropicos_abyssinicus","0","1","0","0",NA,NA,NA,"0",NA,NA,NA,NA,NA,NA,NA,NA,"0","0","0",NA
"Dendropicos_elachus","0","1","0","0",NA,NA,NA,"0",NA,NA,NA,NA,NA,NA,NA,NA,"0","0","0",NA
"Dendropicos_fuscescens","0","2","0","0",NA,NA,NA,"0",NA,"0",NA,NA,NA,NA,NA,NA,"0","0","0",NA
"Dendropicos_gabonensis","0","1","0","0",NA,NA,NA,"0",NA,NA,NA,NA,NA,NA,NA,NA,"0","0","0",NA
"Dendropicos_lugubris","0","1","0","0",NA,NA,NA,"0",NA,NA,NA,NA,NA,NA,NA,NA,"0","0","0",NA
"Dendropicos_poecilolaemus","0","1","0","0",NA,NA,NA,"0",NA,NA,NA,NA,NA,NA,NA,NA,"0","0","0",NA
"Dendropicos_spodocephalus","0","1","0","0",NA,NA,NA,"0",NA,NA,NA,NA,NA,NA,NA,NA,"0","0","0",NA
"Dendropicos_stierlingi","0","1","0","0",NA,NA,NA,"0",NA,NA,NA,NA,NA,NA,NA,NA,"0","0","0",NA
"Dendroplex_picus","0","1","0","0",NA,NA,NA,"0",NA,NA,NA,NA,NA,NA,NA,NA,"0","0","0",NA
"Dendrortyx_barbatus","0","1","0","0",NA,NA,NA,"0",NA,NA,NA,NA,NA,NA,NA,NA,"0","0","0",NA
"Dendrortyx_leucophrys","0","1","0","0",NA,NA,NA,"0",NA,NA,NA,NA,NA,NA,NA,NA,"0","0","0",NA
"Dendrortyx_macroura","0","1","0","0",NA,NA,NA,"0",NA,NA,NA,NA,NA,NA,NA,NA,"0","0","0",NA
"Deroptyus_accipitrinus","0","1","0","0",NA,NA,NA,"0",NA,NA,NA,NA,NA,NA,NA,NA,"0","0","0",NA
"Dicaeum_aeneum","0","2","0","0",NA,NA,NA,"0",NA,NA,NA,"0",NA,NA,NA,"1","0","0","0",NA
"Dicaeum_aeruginosum","0","1","0","0",NA,NA,NA,"0",NA,NA,NA,NA,NA,NA,NA,NA,"0","0","0",NA
"Dicaeum_agile","0","2","0","0",NA,NA,NA,"0",NA,"0",NA,NA,NA,NA,NA,NA,"0","0","0",NA
"Dicaeum_annae","0","1","0","0",NA,NA,NA,"0",NA,NA,NA,NA,NA,NA,NA,NA,"0","0","0",NA
"Dicaeum_anthonyi","0","1","0","0",NA,NA,NA,"0",NA,NA,NA,NA,NA,NA,NA,NA,"0","0","0",NA
"Dicaeum_aureolimbatum","0","1","0","0",NA,NA,NA,"0",NA,NA,NA,NA,NA,NA,NA,NA,"0","0","0",NA
"Dicaeum_australe","0","1","0","0",NA,NA,NA,"0",NA,NA,NA,NA,NA,NA,NA,NA,"0","0","0",NA
"Dicaeum_bicolor","0","1","0","0",NA,NA,NA,"0",NA,NA,NA,NA,NA,NA,NA,NA,"0","0","0",NA
"Dicaeum_celebicum","0","1","0","0",NA,NA,NA,"0",NA,NA,NA,NA,NA,NA,NA,NA,"0","0","0",NA
"Dicaeum_chrysorrheum","0","2","0","0",NA,NA,NA,"0",NA,"0",NA,NA,NA,NA,NA,NA,"0","0","0",NA
"Dicaeum_concolor","0","2","0","0",NA,NA,NA,"0",NA,"0",NA,NA,NA,NA,NA,NA,"0","0","0",NA
"Dicaeum_cruentatum","0","3","0","0",NA,NA,NA,"0",NA,"0",NA,"0",NA,NA,NA,"1","0","0","0",NA
"Dicaeum_erythrorhynchos","0","2","0","0",NA,NA,NA,"0",NA,"0",NA,NA,NA,NA,NA,NA,"0","0","0",NA
"Dicaeum_erythrothorax","0","1","0","0",NA,NA,NA,"0",NA,NA,NA,NA,NA,NA,NA,NA,"0","0","0",NA
"Dicaeum_everetti","0","1","0","0",NA,NA,NA,"0",NA,NA,NA,NA,NA,NA,NA,NA,"0","0","0",NA
"Dicaeum_eximium","0","1","0","0",NA,NA,NA,"0",NA,NA,NA,NA,NA,NA,NA,NA,"0","0","0",NA
"Dicaeum_geelvinkianum","0","1","0","0",NA,NA,NA,"0",NA,NA,NA,NA,NA,NA,NA,NA,"0","0","0",NA
"Dicaeum_haematostictum","0","1","0","0",NA,NA,NA,"0",NA,NA,NA,NA,NA,NA,NA,NA,"0","0","0",NA
"Dicaeum_hirundinaceum","0","2","0","0",NA,NA,NA,"0",NA,"0",NA,NA,NA,NA,NA,NA,"0","0","0",NA
"Dicaeum_hypoleucum","0","1","0","0",NA,NA,NA,"0",NA,NA,NA,NA,NA,NA,NA,NA,"0","0","0",NA
"Dicaeum_igniferum","0","1","0","0",NA,NA,NA,"0",NA,NA,NA,NA,NA,NA,NA,NA,"0","0","0",NA
"Dicaeum_ignipectus","0","1","0","0",NA,NA,NA,"0",NA,NA,NA,NA,NA,NA,NA,NA,"0","0","0",NA
"Dicaeum_maugei","0","1","0","0",NA,NA,NA,"0",NA,NA,NA,NA,NA,NA,NA,NA,"0","0","0",NA
"Dicaeum_melanoxanthum","0","1","0","0",NA,NA,NA,"0",NA,NA,NA,NA,NA,NA,NA,NA,"0","0","0",NA
"Dicaeum_monticolum","0","1","0","0",NA,NA,NA,"0",NA,NA,NA,NA,NA,NA,NA,NA,"0","0","0",NA
"Dicaeum_nehrkorni","0","1","0","0",NA,NA,NA,"0",NA,NA,NA,NA,NA,NA,NA,NA,"0","0","0",NA
"Dicaeum_nigrilore","0","1","0","0",NA,NA,NA,"0",NA,NA,NA,NA,NA,NA,NA,NA,"0","0","0",NA
"Dicaeum_nitidum","0","1","0","0",NA,NA,NA,"0",NA,NA,NA,NA,NA,NA,NA,NA,"0","0","0",NA
"Dicaeum_pectorale","0","1","0","0",NA,NA,NA,"0",NA,NA,NA,NA,NA,NA,NA,NA,"0","0","0",NA
"Dicaeum_proprium","0","1","0","0",NA,NA,NA,"0",NA,NA,NA,NA,NA,NA,NA,NA,"0","0","0",NA
"Dicaeum_pygmaeum","0","1","0","0",NA,NA,NA,"0",NA,NA,NA,NA,NA,NA,NA,NA,"0","0","0",NA
"Dicaeum_quadricolor","0","1","0","0",NA,NA,NA,"0",NA,NA,NA,NA,NA,NA,NA,NA,"0","0","0",NA
"Dicaeum_retrocinctum","0","2","0","0",NA,NA,NA,"0",NA,NA,NA,"0",NA,NA,NA,"1","0","0","0",NA
"Dicaeum_sanguinolentum","0","1","0","0",NA,NA,NA,"0",NA,NA,NA,NA,NA,NA,NA,NA,"0","0","0",NA
"Dicaeum_trigonostigma","0","1","0","0",NA,NA,NA,"0",NA,NA,NA,NA,NA,NA,NA,NA,"0","0","0",NA
"Dicaeum_tristrami","0","1","0","0",NA,NA,NA,"0",NA,NA,NA,NA,NA,NA,NA,NA,"0","0","0",NA
"Dicaeum_trochileum","0","1","0","0",NA,NA,NA,"0",NA,NA,NA,NA,NA,NA,NA,NA,"0","0","0",NA
"Dicaeum_vincens","0","1","0","0",NA,NA,NA,"0",NA,NA,NA,NA,NA,NA,NA,NA,"0","0","0",NA
"Dicaeum_vulneratum","0","1","0","0",NA,NA,NA,"0",NA,NA,NA,NA,NA,NA,NA,NA,"0","0","0",NA
"Dichrozona_cincta","0","1","0","0",NA,NA,NA,"0",NA,NA,NA,NA,NA,NA,NA,NA,"0","0","0",NA
"Dicrurus_adsimilis","0","3","0","0",NA,NA,NA,"0",NA,"0",NA,"0",NA,NA,NA,"1","0","0","0",NA
"Dicrurus_aeneus","0","2","0","0",NA,NA,NA,"0",NA,"0",NA,NA,NA,NA,NA,NA,"0","0","0",NA
"Dicrurus_aldabranus",NA,"0","0","0",NA,NA,NA,NA,NA,NA,NA,NA,NA,NA,NA,NA,"0","0","0",NA
"Dicrurus_andamanensis","0","2","0","0",NA,NA,NA,"0",NA,"0",NA,NA,NA,NA,NA,NA,"0","0","0",NA
"Dicrurus_annectans","0","2","0","0",NA,NA,NA,"0",NA,"0",NA,NA,NA,NA,NA,NA,"0","0","0",NA
"Dicrurus_atripennis","0","2","0","0",NA,NA,NA,"0",NA,NA,NA,"0",NA,NA,NA,"1","0","0","0",NA
"Dicrurus_balicassius","0","1","0","0",NA,NA,NA,"0",NA,NA,NA,NA,NA,NA,NA,NA,"0","0","0",NA
"Dicrurus_bracteatus","0","2","0","0",NA,NA,NA,"0",NA,"0",NA,NA,NA,NA,NA,NA,"0","0","0",NA
"Dicrurus_caerulescens","0","2","0","0",NA,NA,NA,"0",NA,"0",NA,NA,NA,NA,NA,NA,"0","0","0",NA
"Dicrurus_densus","0","1","0","0",NA,NA,NA,"0",NA,NA,NA,NA,NA,NA,NA,NA,"0","0","0",NA
"Dicrurus_forficatus","0","2","0","0",NA,NA,NA,"0",NA,"0",NA,NA,NA,NA,NA,NA,"0","0","0",NA
"Dicrurus_fuscipennis","0","2","0","0",NA,NA,NA,"0",NA,"0",NA,NA,NA,NA,NA,NA,"0","0","0",NA
"Dicrurus_hottentottus","0","2","0","0",NA,NA,NA,"0",NA,"0",NA,NA,NA,NA,NA,NA,"0","0","0",NA
"Dicrurus_leucophaeus","0","2","0","0",NA,NA,NA,"0",NA,NA,NA,"0",NA,NA,NA,"0","0","0","0",NA
"Dicrurus_ludwigii","0","2","0","0",NA,NA,NA,"0",NA,NA,NA,"0",NA,NA,NA,"1","0","0","0",NA
"Dicrurus_macrocercus","1","0","3","0",NA,NA,NA,"1",NA,"1",NA,"1",NA,NA,"K","1","1","0","0","Kin"
"Dicrurus_megarhynchus","0","1","0","0",NA,NA,NA,"0",NA,NA,NA,NA,NA,NA,NA,NA,"0","0","0",NA
"Dicrurus_modestus","0","1","0","0",NA,NA,NA,"0",NA,NA,NA,NA,NA,NA,NA,NA,"0","0","0",NA
"Dicrurus_montanus","0","1","0","0",NA,NA,NA,"0",NA,NA,NA,NA,NA,NA,NA,NA,"0","0","0",NA
"Dicrurus_paradiseus","0","2","0","0",NA,NA,NA,"0",NA,"0",NA,NA,NA,NA,NA,NA,"0","0","0",NA
"Dicrurus_remifer","0","2","0","0",NA,NA,NA,"0",NA,"0",NA,NA,NA,NA,NA,NA,"0","0","0",NA
"Dicrurus_sumatranus","0","1","0","0",NA,NA,NA,"0",NA,NA,NA,NA,NA,NA,NA,NA,"0","0","0",NA
"Dicrurus_waldenii","0","1","0","0",NA,NA,NA,"0",NA,NA,NA,NA,NA,NA,NA,NA,"0","0","0",NA
"Didunculus_strigirostris",NA,"0","0","0",NA,NA,NA,NA,NA,NA,NA,NA,NA,NA,NA,NA,"0","0","0",NA
"Diglossa_albilatera","0","2","0","0",NA,NA,NA,"0",NA,NA,NA,"0",NA,NA,NA,"1","0","0","0",NA
"Diglossa_baritula","0","3","0","0",NA,NA,NA,"0",NA,"0",NA,"0",NA,NA,NA,"1","0","0","0",NA
"Diglossa_brunneiventris","0","2","0","0",NA,NA,NA,"0",NA,NA,NA,"0",NA,NA,NA,"0","0","0","0",NA
"Diglossa_caerulescens","0","1","0","0",NA,NA,NA,NA,NA,NA,NA,"0",NA,NA,NA,"0","0","0","0",NA
"Diglossa_carbonaria","0","2","0","0",NA,NA,NA,"0",NA,NA,NA,"0",NA,NA,NA,"0","0","0","0",NA
"Diglossa_cyanea","0","1","0","0",NA,NA,NA,NA,NA,NA,NA,"0",NA,NA,NA,"0","0","0","0",NA
"Diglossa_duidae","0","1","0","0",NA,NA,NA,"0",NA,NA,NA,NA,NA,NA,NA,NA,"0","0","0",NA
"Diglossa_gloriosa","0","2","0","0",NA,NA,NA,"0",NA,NA,NA,"0",NA,NA,NA,"0","0","0","0",NA
"Diglossa_gloriosissima","0","1","0","0",NA,NA,NA,"0",NA,NA,NA,NA,NA,NA,NA,NA,"0","0","0",NA
"Diglossa_humeralis","0","3","0","0",NA,NA,NA,"0",NA,"0",NA,"0",NA,NA,NA,"0","0","0","0",NA
"Diglossa_indigotica","0","1","0","0",NA,NA,NA,NA,NA,NA,NA,"0",NA,NA,NA,"0","0","0","0",NA
"Diglossa_lafresnayii","0","1","0","0",NA,NA,NA,"0",NA,NA,NA,NA,NA,NA,NA,NA,"0","0","0",NA
"Diglossa_major","0","2","0","0",NA,NA,NA,"0",NA,NA,NA,"0",NA,NA,NA,"0","0","0","0",NA
"Diglossa_mystacalis","0","1","0","0",NA,NA,NA,"0",NA,NA,NA,NA,NA,NA,NA,NA,"0","0","0",NA
"Diglossa_plumbea","0","3","0","0",NA,NA,NA,"0",NA,"0",NA,"0",NA,NA,NA,"1","0","0","0",NA
"Diglossa_sittoides","0","2","0","0",NA,NA,NA,"0",NA,NA,NA,"0",NA,NA,NA,"1","0","0","0",NA
"Diglossa_venezuelensis","0","1","0","0",NA,NA,NA,"0",NA,NA,NA,NA,NA,NA,NA,NA,"0","0","0",NA
"Dinemellia_dinemelli","1","1","1","1",NA,NA,NA,"1",NA,"0",NA,NA,NA,NA,NA,NA,"0","0","0",NA
"Dinopium_benghalense","0","2","0","0",NA,NA,NA,"0",NA,"0",NA,NA,NA,NA,NA,NA,"0","0","0",NA
"Dinopium_javanense","0","2","0","0",NA,NA,NA,"0",NA,"0",NA,NA,NA,NA,NA,NA,"0","0","0",NA
"Dinopium_rafflesii","0","2","0","0",NA,NA,NA,"0",NA,"0",NA,NA,NA,NA,NA,NA,"0","0","0",NA
"Dinopium_shorii","0","1","0","0",NA,NA,NA,"0",NA,NA,NA,NA,NA,NA,NA,NA,"0","0","0",NA
"Diomedea_amsterdamensis","0","1","0","0",NA,NA,NA,NA,NA,"0",NA,NA,NA,NA,NA,NA,"0","0","0",NA
"Diomedea_epomophora","0","1","0","0",NA,NA,NA,NA,NA,"0",NA,NA,NA,NA,NA,NA,"0","0","0",NA
"Diomedea_exulans","0","3","0","0",NA,"0","0",NA,NA,"0",NA,NA,NA,NA,NA,NA,"0","0","0",NA
"Diopsittaca_nobilis","0","1","0","0",NA,NA,NA,"0",NA,NA,NA,NA,NA,NA,NA,NA,"0","0","0",NA
"Dioptrornis_brunneus","1","0","1","0",NA,NA,NA,"1",NA,NA,NA,NA,NA,NA,NA,NA,"0","0","0",NA
"Dioptrornis_chocolatinus","1","1","1","1",NA,NA,NA,"1",NA,"0",NA,NA,NA,NA,NA,NA,"0","0","0",NA
"Dioptrornis_fischeri","0","1","0","0",NA,NA,NA,NA,NA,"0",NA,NA,NA,NA,NA,NA,"0","0","0",NA
"Discosura_conversii","0","2","0","0",NA,NA,NA,"0",NA,NA,NA,"0",NA,NA,NA,"0","0","0","0",NA
"Discosura_langsdorffi","0","3","0","0",NA,NA,NA,"0",NA,"0",NA,"0",NA,NA,NA,"0","0","0","0",NA
"Discosura_letitiae","0","1","0","0",NA,NA,NA,"0",NA,NA,NA,NA,NA,NA,NA,NA,"0","0","0",NA
"Discosura_longicaudus","0","2","0","0",NA,NA,NA,"0",NA,"0",NA,NA,NA,NA,NA,NA,"0","0","0",NA
"Discosura_popelairii","0","2","0","0",NA,NA,NA,"0",NA,NA,NA,"0",NA,NA,NA,"0","0","0","0",NA
"Diuca_diuca","0","3","0","0",NA,NA,NA,"0",NA,"0",NA,"0",NA,NA,NA,"1","0","0","0",NA
"Diuca_speculifera","0","1","0","0",NA,NA,NA,"0",NA,NA,NA,NA,NA,NA,NA,NA,"0","0","0",NA
"Dives_atroviolaceus","0","1","0","0",NA,NA,NA,"0",NA,NA,NA,NA,NA,NA,NA,NA,"0","0","0",NA
"Dives_dives","0","3","0","0",NA,NA,NA,"0",NA,"0",NA,"0",NA,NA,NA,"1","0","0","0",NA
"Dives_warszewiczi","0","2","0","0",NA,NA,NA,"0",NA,NA,NA,"0",NA,NA,NA,"0","0","0","0",NA
"Dolichonyx_oryzivorus","1","1","3","1",NA,NA,"0","1",NA,"1",NA,"1",NA,NA,"NK","0","0","1","0","NonKin"
"Doliornis_remseni","0","1","0","0",NA,NA,NA,"0",NA,NA,NA,NA,NA,NA,NA,NA,"0","0","0",NA
"Doliornis_sclateri","0","2","0","0",NA,NA,NA,"0",NA,NA,NA,"0",NA,NA,NA,"0","0","0","0",NA
"Dolospingus_fringilloides","0","1","0","0",NA,NA,NA,"0",NA,NA,NA,NA,NA,NA,NA,NA,"0","0","0",NA
"Donacobius_atricapilla","1","0","3","0",NA,NA,NA,"1",NA,"1",NA,"1",NA,NA,"K","1","1","0","0","Kin"
"Donacobius_atricapillus","1","0","1","0",NA,NA,NA,NA,NA,NA,"1",NA,"K",NA,NA,NA,"1","0","0","Kin"
"Donacospiza_albifrons","0","1","0","0",NA,NA,NA,"0",NA,NA,NA,NA,NA,NA,NA,NA,"0","0","0",NA
"Doricha_eliza","0","3","0","0",NA,NA,NA,"0",NA,"0",NA,"0",NA,NA,NA,"0","0","0","0",NA
"Doricha_enicura","0","2","0","0",NA,NA,NA,"0",NA,NA,NA,"0",NA,NA,NA,"0","0","0","0",NA
"Doryfera_johannae","0","2","0","0",NA,NA,NA,"0",NA,NA,NA,"0",NA,NA,NA,"0","0","0","0",NA
"Doryfera_ludovicae","0","1","0","0",NA,NA,NA,"0",NA,NA,NA,NA,NA,NA,NA,NA,"0","0","0",NA
"Doryfera_ludoviciae","0","1","0","0",NA,NA,NA,NA,NA,NA,NA,"0",NA,NA,NA,"0","0","0","0",NA
"Drepanoptila_holosericea","0","2","0","0",NA,NA,NA,"0",NA,"0",NA,NA,NA,NA,NA,NA,"0","0","0",NA
"Dromaeocercus_brunneus","0","1","0","0",NA,NA,NA,"0",NA,NA,NA,NA,NA,NA,NA,NA,"0","0","0",NA
"Dromaius_novaehollandiae","0","3","0","0",NA,NA,NA,"0",NA,"0",NA,"0",NA,NA,NA,"1","0","0","0",NA
"Dromas_ardeola","0","2","0","0",NA,NA,NA,"0",NA,"0",NA,NA,NA,NA,NA,NA,"0","0","0",NA
"Dromococcyx_pavoninus","0","1","0","0",NA,NA,NA,"0",NA,NA,NA,NA,NA,NA,NA,NA,"0","0","0",NA
"Dromococcyx_phasianellus","0","1","0","0",NA,NA,NA,"0",NA,NA,NA,NA,NA,NA,NA,NA,"0","0","0",NA
"Drymocichla_incana","0","1","0","0",NA,NA,NA,"0",NA,NA,NA,NA,NA,NA,NA,NA,"0","0","0",NA
"Drymodes_brunneopygia","0","1","0","0",NA,NA,NA,"0",NA,NA,NA,NA,NA,NA,NA,NA,"0","0","0",NA
"Drymodes_superciliaris","0","2","0","0",NA,NA,NA,"0",NA,"0",NA,NA,NA,NA,NA,NA,"0","0","0",NA
"Drymophila_caudata","0","2","0","0",NA,NA,NA,"0",NA,NA,NA,"0",NA,NA,NA,"1","0","0","0",NA
"Drymophila_devillei","0","2","0","0",NA,NA,NA,"0",NA,NA,NA,"0",NA,NA,NA,"1","0","0","0",NA
"Drymophila_ferruginea","0","2","0","0",NA,NA,NA,"0",NA,NA,NA,"0",NA,NA,NA,"1","0","0","0",NA
"Drymophila_genei","0","1","0","0",NA,NA,NA,"0",NA,NA,NA,NA,NA,NA,NA,NA,"0","0","0",NA
"Drymophila_malura","0","2","0","0",NA,NA,NA,"0",NA,NA,NA,"0",NA,NA,NA,"1","0","0","0",NA
"Drymophila_ochropyga","0","2","0","0",NA,NA,NA,"0",NA,NA,NA,"0",NA,NA,NA,"1","0","0","0",NA
"Drymophila_rubricollis","0","2","0","0",NA,NA,NA,"0",NA,NA,NA,"0",NA,NA,NA,"1","0","0","0",NA
"Drymophila_squamata","0","3","0","0",NA,NA,NA,"0",NA,"0",NA,"0",NA,NA,NA,"1","0","0","0",NA
"Drymornis_bridgesii","0","2","0","0",NA,NA,NA,"0",NA,"0",NA,NA,NA,NA,NA,NA,"0","0","0",NA
"Dryocopus_galeatus","0","1","0","0",NA,NA,NA,"0",NA,NA,NA,NA,NA,NA,NA,NA,"0","0","0",NA
"Dryocopus_hodgei","0","1","0","0",NA,NA,NA,"0",NA,NA,NA,NA,NA,NA,NA,NA,"0","0","0",NA
"Dryocopus_javensis","0","2","0","0",NA,NA,NA,"0",NA,"0",NA,NA,NA,NA,NA,NA,"0","0","0",NA
"Dryocopus_lineatus","0","3","0","0",NA,NA,NA,"0",NA,"0",NA,"0",NA,NA,NA,"1","0","0","0",NA
"Dryocopus_martius","0","2","0","0",NA,NA,NA,"0",NA,"0",NA,NA,NA,NA,NA,NA,"0","0","0",NA
"Dryocopus_pileatus","0","3","0","0",NA,NA,NA,"0",NA,"0",NA,"0",NA,NA,NA,"0","0","0","0",NA
"Dryocopus_schulzi","0","1","0","0",NA,NA,NA,"0",NA,NA,NA,NA,NA,NA,NA,NA,"0","0","0",NA
"Dryolimnas_cuvieri","0","2","0","0",NA,NA,NA,"0",NA,"0",NA,NA,NA,NA,NA,NA,"0","0","0",NA
"Dryoscopus_angolensis","0","2","0","0",NA,NA,NA,"0",NA,NA,NA,"0",NA,NA,NA,"0","0","0","0",NA
"Dryoscopus_cubla","0","2","0","0",NA,NA,NA,"0",NA,NA,NA,"0",NA,NA,NA,"1","0","0","0",NA
"Dryoscopus_gambensis","0","1","0","0",NA,NA,NA,"0",NA,NA,NA,NA,NA,NA,NA,NA,"0","0","0",NA
"Dryoscopus_pringlii","0","1","0","0",NA,NA,NA,"0",NA,NA,NA,NA,NA,NA,NA,NA,"0","0","0",NA
"Dryoscopus_sabini","0","1","0","0",NA,NA,NA,"0",NA,NA,NA,NA,NA,NA,NA,NA,"0","0","0",NA
"Dryoscopus_senegalensis","0","3","0","0",NA,NA,NA,"0",NA,"0",NA,"0",NA,NA,NA,"1","0","0","0",NA
"Dryotriorchis_spectabilis","0","1","0","0",NA,NA,NA,"0",NA,NA,NA,NA,NA,NA,NA,NA,"0","0","0",NA
"Dubusia_taeniata","0","1","0","0",NA,NA,NA,"0",NA,NA,NA,NA,NA,NA,NA,NA,"0","0","0",NA
"Ducula_aenea","0","2","0","0",NA,NA,NA,"0",NA,"0",NA,NA,NA,NA,NA,NA,"0","0","0",NA
"Ducula_aurorae",NA,"0","0","0",NA,NA,NA,NA,NA,NA,NA,NA,NA,NA,NA,NA,"0","0","0",NA
"Ducula_badia","0","3","0","0",NA,NA,NA,"0",NA,"0",NA,"0",NA,NA,NA,"0","0","0","0",NA
"Ducula_bakeri","0","1","0","0",NA,NA,NA,"0",NA,NA,NA,NA,NA,NA,NA,NA,"0","0","0",NA
"Ducula_basilica","0","1","0","0",NA,NA,NA,"0",NA,NA,NA,NA,NA,NA,NA,NA,"0","0","0",NA
"Ducula_bicolor","0","3","0","0",NA,NA,NA,"0",NA,"0",NA,"0",NA,NA,NA,"0","0","0","0",NA
"Ducula_brenchleyi","0","1","0","0",NA,NA,NA,"0",NA,NA,NA,NA,NA,NA,NA,NA,"0","0","0",NA
"Ducula_carola","0","1","0","0",NA,NA,NA,"0",NA,NA,NA,NA,NA,NA,NA,NA,"0","0","0",NA
"Ducula_chalconota","0","1","0","0",NA,NA,NA,"0",NA,NA,NA,NA,NA,NA,NA,NA,"0","0","0",NA
"Ducula_cineracea","0","1","0","0",NA,NA,NA,"0",NA,NA,NA,NA,NA,NA,NA,NA,"0","0","0",NA
"Ducula_concinna","0","2","0","0",NA,NA,NA,"0",NA,NA,NA,"0",NA,NA,NA,"0","0","0","0",NA
"Ducula_finschii","0","1","0","0",NA,NA,NA,"0",NA,NA,NA,NA,NA,NA,NA,NA,"0","0","0",NA
"Ducula_forsteni","0","1","0","0",NA,NA,NA,"0",NA,NA,NA,NA,NA,NA,NA,NA,"0","0","0",NA
"Ducula_galeata",NA,"0","0","0",NA,NA,NA,NA,NA,NA,NA,NA,NA,NA,NA,NA,"0","0","0",NA
"Ducula_goliath","0","2","0","0",NA,NA,NA,"0",NA,"0",NA,NA,NA,NA,NA,NA,"0","0","0",NA
"Ducula_lacernulata","0","1","0","0",NA,NA,NA,"0",NA,NA,NA,NA,NA,NA,NA,NA,"0","0","0",NA
"Ducula_latrans","0","1","0","0",NA,NA,NA,"0",NA,NA,NA,NA,NA,NA,NA,NA,"0","0","0",NA
"Ducula_luctuosa","0","1","0","0",NA,NA,NA,"0",NA,NA,NA,NA,NA,NA,NA,NA,"0","0","0",NA
"Ducula_melanochroa","0","1","0","0",NA,NA,NA,"0",NA,NA,NA,NA,NA,NA,NA,NA,"0","0","0",NA
"Ducula_mindorensis","0","1","0","0",NA,NA,NA,"0",NA,NA,NA,NA,NA,NA,NA,NA,"0","0","0",NA
"Ducula_mullerii","0","2","0","0",NA,NA,NA,"0",NA,NA,NA,"0",NA,NA,NA,"0","0","0","0",NA
"Ducula_myristicivora","0","2","0","0",NA,NA,NA,"0",NA,NA,NA,"0",NA,NA,NA,"0","0","0","0",NA
"Ducula_oceanica","0","1","0","0",NA,NA,NA,"0",NA,NA,NA,NA,NA,NA,NA,NA,"0","0","0",NA
"Ducula_pacifica","0","3","0","0",NA,NA,NA,"0",NA,"0",NA,"0",NA,NA,NA,"0","0","0","0",NA
"Ducula_perspicillata","0","1","0","0",NA,NA,NA,"0",NA,NA,NA,NA,NA,NA,NA,NA,"0","0","0",NA
"Ducula_pickeringii","0","1","0","0",NA,NA,NA,"0",NA,NA,NA,NA,NA,NA,NA,NA,"0","0","0",NA
"Ducula_pinon","0","1","0","0",NA,NA,NA,"0",NA,NA,NA,NA,NA,NA,NA,NA,"0","0","0",NA
"Ducula_pistrinaria","0","2","0","0",NA,NA,NA,"0",NA,"0",NA,NA,NA,NA,NA,NA,"0","0","0",NA
"Ducula_poliocephala","0","1","0","0",NA,NA,NA,"0",NA,NA,NA,NA,NA,NA,NA,NA,"0","0","0",NA
"Ducula_radiata","0","1","0","0",NA,NA,NA,"0",NA,NA,NA,NA,NA,NA,NA,NA,"0","0","0",NA
"Ducula_rosacea","0","1","0","0",NA,NA,NA,"0",NA,NA,NA,NA,NA,NA,NA,NA,"0","0","0",NA
"Ducula_rubricera","0","1","0","0",NA,NA,NA,"0",NA,NA,NA,NA,NA,NA,NA,NA,"0","0","0",NA
"Ducula_rufigaster","0","1","0","0",NA,NA,NA,"0",NA,NA,NA,NA,NA,NA,NA,NA,"0","0","0",NA
"Ducula_spilorrhoa","0","3","0","0",NA,NA,NA,"0",NA,"0",NA,"0",NA,NA,NA,"0","0","0","0",NA
"Ducula_subflavescens",NA,"0","0","0",NA,NA,NA,NA,NA,NA,NA,NA,NA,NA,NA,NA,"0","0","0",NA
"Ducula_whartoni","0","1","0","0",NA,NA,NA,NA,NA,"0",NA,NA,NA,NA,NA,NA,"0","0","0",NA
"Ducula_zoeae","0","1","0","0",NA,NA,NA,"0",NA,NA,NA,NA,NA,NA,NA,NA,"0","0","0",NA
"Dulus_dominicus","1","2","1","1",NA,NA,NA,"1",NA,"0",NA,"0",NA,NA,NA,"1","0","0","0",NA
"Dumetella_carolinensis","0","4","0","0",NA,"0",NA,"0",NA,"0",NA,"0",NA,NA,NA,"0","0","0","0",NA
"Dumetia_hyperythra","1","0","1","0",NA,NA,NA,"1",NA,NA,NA,NA,NA,NA,NA,NA,"0","0","0",NA
"Dysithamnus_leucostictus","0","1","0","0",NA,NA,NA,"0",NA,NA,NA,NA,NA,NA,NA,NA,"0","0","0",NA
"Dysithamnus_mentalis","0","2","0","0",NA,NA,NA,"0",NA,"0",NA,NA,NA,NA,NA,NA,"0","0","0",NA
"Dysithamnus_occidentalis","0","2","0","0",NA,NA,NA,"0",NA,"0",NA,NA,NA,NA,NA,NA,"0","0","0",NA
"Dysithamnus_plumbeus","0","1","0","0",NA,NA,NA,"0",NA,NA,NA,NA,NA,NA,NA,NA,"0","0","0",NA
"Dysithamnus_puncticeps","0","2","0","0",NA,NA,NA,"0",NA,NA,NA,"0",NA,NA,NA,"1","0","0","0",NA
"Dysithamnus_stictothorax","0","1","0","0",NA,NA,NA,"0",NA,NA,NA,NA,NA,NA,NA,NA,"0","0","0",NA
"Dysithamnus_striaticeps","0","2","0","0",NA,NA,NA,"0",NA,"0",NA,NA,NA,NA,NA,NA,"0","0","0",NA
"Dysithamnus_xanthopterus","0","1","0","0",NA,NA,NA,"0",NA,NA,NA,NA,NA,NA,NA,NA,"0","0","0",NA
"Eclectus_roratus","1","0","5","0","1",NA,NA,"1",NA,"1","1","1","NK",NA,"NK","0","0","2","0","NonKin"
"Egretta_ardesiaca","0","3","0","0",NA,NA,NA,"0",NA,"0",NA,"0",NA,NA,NA,"0","0","0","0",NA
"Egretta_caerulea","0","2","0","0",NA,NA,NA,NA,NA,"0",NA,"0",NA,NA,NA,"0","0","0","0",NA
"Egretta_eulophotes","0","2","0","0",NA,NA,NA,"0",NA,"0",NA,NA,NA,NA,NA,NA,"0","0","0",NA
"Egretta_garzetta","0","3","0","0",NA,NA,NA,"0",NA,"0",NA,"0",NA,NA,NA,"0","0","0","0",NA
"Egretta_gularis",NA,"0","0","0",NA,NA,NA,NA,NA,NA,NA,NA,NA,NA,NA,NA,"0","0","0",NA
"Egretta_novaehollandiae","0","3","0","0",NA,NA,NA,"0",NA,"0",NA,"0",NA,NA,NA,"0","0","0","0",NA
"Egretta_rufescens","0","2","0","0",NA,NA,NA,"0",NA,"0",NA,NA,NA,NA,NA,NA,"0","0","0",NA
"Egretta_sacra","0","1","0","0",NA,NA,NA,NA,NA,"0",NA,NA,NA,NA,NA,NA,"0","0","0",NA
"Egretta_thula","0","3","0","0",NA,NA,NA,"0",NA,"0",NA,"0",NA,NA,NA,"0","0","0","0",NA
"Egretta_tricolor","0","3","0","0",NA,NA,NA,"0",NA,"0",NA,"0",NA,NA,NA,"0","0","0","0",NA
"Egretta_vinaceigula","0","2","0","0",NA,NA,NA,"0",NA,"0",NA,NA,NA,NA,NA,NA,"0","0","0",NA
"Elaenia_albiceps","0","1","0","0",NA,NA,NA,"0",NA,NA,NA,NA,NA,NA,NA,NA,"0","0","0",NA
"Elaenia_chiriquensis","0","3","0","0",NA,"0",NA,"0",NA,"0",NA,NA,NA,NA,NA,NA,"0","0","0",NA
"Elaenia_cristata","0","1","0","0",NA,NA,NA,"0",NA,NA,NA,NA,NA,NA,NA,NA,"0","0","0",NA
"Elaenia_dayi","0","1","0","0",NA,NA,NA,"0",NA,NA,NA,NA,NA,NA,NA,NA,"0","0","0",NA
"Elaenia_fallax","0","2","0","0",NA,NA,NA,"0",NA,"0",NA,NA,NA,NA,NA,NA,"0","0","0",NA
"Elaenia_flavogaster","0","3","0","0",NA,"0",NA,"0",NA,"0",NA,NA,NA,NA,NA,NA,"0","0","0",NA
"Elaenia_frantzii","0","2","0","0",NA,NA,NA,"0",NA,"0",NA,NA,NA,NA,NA,NA,"0","0","0",NA
"Elaenia_gigas","0","1","0","0",NA,NA,NA,"0",NA,NA,NA,NA,NA,NA,NA,NA,"0","0","0",NA
"Elaenia_martinica","0","2","0","0",NA,NA,NA,"0",NA,"0",NA,NA,NA,NA,NA,NA,"0","0","0",NA
"Elaenia_mesoleuca","0","2","0","0",NA,NA,NA,"0",NA,"0",NA,NA,NA,NA,NA,NA,"0","0","0",NA
"Elaenia_obscura","0","1","0","0",NA,NA,NA,"0",NA,NA,NA,NA,NA,NA,NA,NA,"0","0","0",NA
"Elaenia_pallatangae","0","1","0","0",NA,NA,NA,"0",NA,NA,NA,NA,NA,NA,NA,NA,"0","0","0",NA
"Elaenia_parvirostris","0","2","0","0",NA,NA,NA,"0",NA,"0",NA,NA,NA,NA,NA,NA,"0","0","0",NA
"Elaenia_pelzelni","0","1","0","0",NA,NA,NA,"0",NA,NA,NA,NA,NA,NA,NA,NA,"0","0","0",NA
"Elaenia_ridleyana",NA,"0","0","0",NA,NA,NA,NA,NA,NA,NA,NA,NA,NA,NA,NA,"0","0","0",NA
"Elaenia_ruficeps","0","1","0","0",NA,NA,NA,"0",NA,NA,NA,NA,NA,NA,NA,NA,"0","0","0",NA
"Elaenia_spectabilis","0","2","0","0",NA,NA,NA,"0",NA,"0",NA,NA,NA,NA,NA,NA,"0","0","0",NA
"Elaenia_strepera","0","2","0","0",NA,NA,NA,"0",NA,"0",NA,NA,NA,NA,NA,NA,"0","0","0",NA
"Elanoides_forficatus","0","2","0","0",NA,NA,NA,"0",NA,"0",NA,NA,NA,NA,NA,NA,"0","0","0",NA
"Elanus_axillaris","0","3","0","0",NA,NA,NA,"0",NA,"0",NA,"0",NA,NA,NA,"1","0","0","0",NA
"Elanus_caeruleus","0","3","0","0",NA,NA,NA,"0",NA,"0",NA,"0",NA,NA,NA,"0","0","0","0",NA
"Elanus_leucurus","0","3","0","0",NA,NA,NA,"0",NA,"0",NA,"0",NA,NA,NA,"0","0","0","0",NA
"Elanus_scriptus","0","2","0","0",NA,NA,NA,"0",NA,"0",NA,NA,NA,NA,NA,NA,"0","0","0",NA
"Electron_carinatum","0","1","0","0",NA,NA,NA,"0",NA,NA,NA,NA,NA,NA,NA,NA,"0","0","0",NA
"Electron_platyrhynchum","0","2","0","0",NA,NA,NA,"0",NA,"0",NA,NA,NA,NA,NA,NA,"0","0","0",NA
"Eleoscytalopus_indigoticus","0","1","0","0",NA,NA,NA,"0",NA,NA,NA,NA,NA,NA,NA,NA,"0","0","0",NA
"Eleoscytalopus_psychopompus","0","1","0","0",NA,NA,NA,"0",NA,NA,NA,NA,NA,NA,NA,NA,"0","0","0",NA
"Eleothreptus_anomalus","0","1","0","0",NA,NA,NA,"0",NA,NA,NA,NA,NA,NA,NA,NA,"0","0","0",NA
"Elminia_albicauda","1","0","1","0",NA,NA,NA,"1",NA,NA,NA,NA,NA,NA,NA,NA,"0","0","0",NA
"Elminia_albiventris","0","3","0","0",NA,NA,NA,"0",NA,"0",NA,"0",NA,NA,NA,"1","0","0","0",NA
"Elminia_albonotata","0","3","0","0",NA,NA,NA,"0",NA,"0",NA,"0",NA,NA,NA,"1","0","0","0",NA
"Elminia_longicauda","1","0","3","0",NA,NA,NA,"1",NA,"1",NA,"1",NA,NA,"K","1","1","0","0","Kin"
"Elminia_nigromitrata","0","2","0","0",NA,NA,NA,"0",NA,"0",NA,NA,NA,NA,NA,NA,"0","0","0",NA
"Elseyornis_melanops","0","3","0","0",NA,NA,NA,"0",NA,"0",NA,"0",NA,NA,NA,"1","0","0","0",NA
"Elvira_chionura","0","2","0","0",NA,NA,NA,"0",NA,"0",NA,NA,NA,NA,NA,NA,"0","0","0",NA
"Elvira_cupreiceps","0","3","0","0",NA,NA,NA,"0",NA,"0",NA,"0",NA,NA,NA,"0","0","0","0",NA
"Emberiza_affinis","0","2","0","0",NA,NA,NA,"0",NA,NA,NA,"0",NA,NA,NA,"0","0","0","0",NA
"Emberiza_aureola","0","3","0","0",NA,NA,NA,"0",NA,"0",NA,"0",NA,NA,NA,"0","0","0","0",NA
"Emberiza_bruniceps","0","3","0","0",NA,NA,NA,"0",NA,"0",NA,"0",NA,NA,NA,"0","0","0","0",NA
"Emberiza_buchanani","0","2","0","0",NA,NA,NA,"0",NA,"0",NA,NA,NA,NA,NA,NA,"0","0","0",NA
"Emberiza_cabanisi","0","2","0","0",NA,NA,NA,"0",NA,"0",NA,NA,NA,NA,NA,NA,"0","0","0",NA
"Emberiza_caesia","0","2","0","0",NA,NA,NA,"0",NA,"0",NA,NA,NA,NA,NA,NA,"0","0","0",NA
"Emberiza_capensis","0","3","0","0",NA,NA,NA,"0",NA,"0",NA,"0",NA,NA,NA,"1","0","0","0",NA
"Emberiza_chrysophrys","0","2","0","0",NA,NA,NA,"0",NA,"0",NA,NA,NA,NA,NA,NA,"0","0","0",NA
"Emberiza_cia","0","3","0","0",NA,NA,NA,"0",NA,"0",NA,"0",NA,NA,NA,"0","0","0","0",NA
"Emberiza_cineracea","0","2","0","0",NA,NA,NA,"0",NA,NA,NA,"0",NA,NA,NA,"1","0","0","0",NA
"Emberiza_cioides","0","3","0","0",NA,NA,NA,"0",NA,"0",NA,"0",NA,NA,NA,"0","0","0","0",NA
"Emberiza_cirlus","0","2","0","0",NA,NA,NA,"0",NA,"0",NA,NA,NA,NA,NA,NA,"0","0","0",NA
"Emberiza_citrinella","0","5","0","0",NA,"0","0","0",NA,"0",NA,"0",NA,NA,NA,"0","0","0","0",NA
"Emberiza_elegans","0","1","0","0",NA,NA,NA,"0",NA,NA,NA,NA,NA,NA,NA,NA,"0","0","0",NA
"Emberiza_flaviventris","0","3","0","0",NA,NA,NA,"0",NA,"0",NA,"0",NA,NA,NA,"1","0","0","0",NA
"Emberiza_fucata","1","1","1","1",NA,NA,NA,"1",NA,"0",NA,NA,NA,NA,NA,NA,"0","0","0",NA
"Emberiza_godlewskii","0","3","0","0",NA,NA,NA,"0",NA,"0",NA,"0",NA,NA,NA,"0","0","0","0",NA
"Emberiza_hortulana","0","3","0","0",NA,NA,NA,"0",NA,"0",NA,"0",NA,NA,NA,"0","0","0","0",NA
"Emberiza_impetuani","0","2","0","0",NA,NA,NA,"0",NA,"0",NA,NA,NA,NA,NA,NA,"0","0","0",NA
"Emberiza_jankowskii","0","2","0","0",NA,NA,NA,"0",NA,"0",NA,NA,NA,NA,NA,NA,"0","0","0",NA
"Emberiza_koslowi","0","2","0","0",NA,NA,NA,"0",NA,NA,NA,"0",NA,NA,NA,"1","0","0","0",NA
"Emberiza_leucocephalos","0","3","0","0",NA,NA,NA,"0",NA,"0",NA,"0",NA,NA,NA,"0","0","0","0",NA
"Emberiza_melanocephala","0","3","0","0",NA,NA,NA,"0",NA,"0",NA,"0",NA,NA,NA,"0","0","0","0",NA
"Emberiza_pallasi","0","3","0","0",NA,NA,NA,"0",NA,"0",NA,"0",NA,NA,NA,"0","0","0","0",NA
"Emberiza_poliopleura","0","1","0","0",NA,NA,NA,"0",NA,NA,NA,NA,NA,NA,NA,NA,"0","0","0",NA
"Emberiza_pusilla","0","2","0","0",NA,NA,NA,"0",NA,"0",NA,NA,NA,NA,NA,NA,"0","0","0",NA
"Emberiza_rustica","0","3","0","0",NA,NA,NA,"0",NA,"0",NA,"0",NA,NA,NA,"0","0","0","0",NA
"Emberiza_rutila","0","2","0","0",NA,NA,NA,"0",NA,"0",NA,NA,NA,NA,NA,NA,"0","0","0",NA
"Emberiza_schoeniclus","0","4","0","0",NA,"0","0","0",NA,"0",NA,NA,NA,NA,NA,NA,"0","0","0",NA
"Emberiza_socotrana","0","1","0","0",NA,NA,NA,"0",NA,NA,NA,NA,NA,NA,NA,NA,"0","0","0",NA
"Emberiza_spodocephala","0","2","0","0",NA,NA,NA,"0",NA,"0",NA,NA,NA,NA,NA,NA,"0","0","0",NA
"Emberiza_stewarti","0","1","0","0",NA,NA,NA,"0",NA,NA,NA,NA,NA,NA,NA,NA,"0","0","0",NA
"Emberiza_striolata","0","2","0","0",NA,NA,NA,"0",NA,"0",NA,NA,NA,NA,NA,NA,"0","0","0",NA
"Emberiza_striolata_(subspecies)","0","1","0","0",NA,NA,NA,NA,NA,NA,NA,"0",NA,NA,NA,"0","0","0","0",NA
"Emberiza_sulphurata","0","2","0","0",NA,NA,NA,"0",NA,"0",NA,NA,NA,NA,NA,NA,"0","0","0",NA
"Emberiza_tahapisi","0","3","0","0",NA,NA,NA,"0",NA,"0",NA,"0",NA,NA,NA,"0","0","0","0",NA
"Emberiza_tristrami","0","1","0","0",NA,NA,NA,"0",NA,NA,NA,NA,NA,NA,NA,NA,"0","0","0",NA
"Emberiza_variabilis","0","2","0","0",NA,NA,NA,"0",NA,"0",NA,NA,NA,NA,NA,NA,"0","0","0",NA
"Emberiza_vincenti","0","1","0","0",NA,NA,NA,"0",NA,NA,NA,NA,NA,NA,NA,NA,"0","0","0",NA
"Emberiza_yessoensis","0","2","0","0",NA,NA,NA,"0",NA,"0",NA,NA,NA,NA,NA,NA,"0","0","0",NA
"Emberizoides_duidae","0","1","0","0",NA,NA,NA,"0",NA,NA,NA,NA,NA,NA,NA,NA,"0","0","0",NA
"Emberizoides_herbicola","0","3","0","0",NA,NA,NA,"0",NA,"0",NA,"0",NA,NA,NA,"0","0","0","0",NA
"Emberizoides_ypiranganus","0","1","0","0",NA,NA,NA,"0",NA,NA,NA,NA,NA,NA,NA,NA,"0","0","0",NA
"Embernagra_longicauda","0","1","0","0",NA,NA,NA,"0",NA,NA,NA,NA,NA,NA,NA,NA,"0","0","0",NA
"Embernagra_platensis","0","2","0","0",NA,NA,NA,"0",NA,NA,NA,"0",NA,NA,NA,"1","0","0","0",NA
"Emblema_pictum","0","2","0","0",NA,NA,NA,"0",NA,"0",NA,NA,NA,NA,NA,NA,"0","0","0",NA
"Eminia_lepida","0","2","0","0",NA,NA,NA,"0",NA,"0",NA,NA,NA,NA,NA,NA,"0","0","0",NA
"Empidonax_affinis","0","1","0","0",NA,NA,NA,"0",NA,NA,NA,NA,NA,NA,NA,NA,"0","0","0",NA
"Empidonax_albigularis","0","2","0","0",NA,NA,NA,"0",NA,"0",NA,NA,NA,NA,NA,NA,"0","0","0",NA
"Empidonax_alnorum","0","3","0","0",NA,NA,NA,"0",NA,"0",NA,"0",NA,NA,NA,"0","0","0","0",NA
"Empidonax_atriceps","0","2","0","0",NA,NA,NA,"0",NA,"0",NA,NA,NA,NA,NA,NA,"0","0","0",NA
"Empidonax_difficilis","0","3","0","0",NA,NA,NA,"0",NA,"0",NA,"0",NA,NA,NA,"0","0","0","0",NA
"Empidonax_flavescens","0","2","0","0",NA,NA,NA,"0",NA,"0",NA,NA,NA,NA,NA,NA,"0","0","0",NA
"Empidonax_flaviventris","0","3","0","0",NA,NA,NA,"0",NA,"0",NA,"0",NA,NA,NA,"0","0","0","0",NA
"Empidonax_fulvifrons","0","3","0","0",NA,NA,NA,"0",NA,"0",NA,"0",NA,NA,NA,"0","0","0","0",NA
"Empidonax_hammondii","0","3","0","0",NA,NA,NA,"0",NA,"0",NA,"0",NA,NA,NA,"0","0","0","0",NA
"Empidonax_minimus","0","4","0","0",NA,"0",NA,"0",NA,"0",NA,"0",NA,NA,NA,"0","0","0","0",NA
"Empidonax_oberholseri","0","3","0","0",NA,NA,NA,"0",NA,"0",NA,"0",NA,NA,NA,"0","0","0","0",NA
"Empidonax_occidentalis","0","3","0","0",NA,NA,NA,"0",NA,"0",NA,"0",NA,NA,NA,"0","0","0","0",NA
"Empidonax_traillii","0","5","0","0",NA,"0","0","0",NA,"0",NA,"0",NA,NA,NA,"0","0","0","0",NA
"Empidonax_virescens","0","5","0","0",NA,"0","0","0",NA,"0",NA,"0",NA,NA,NA,"0","0","0","0",NA
"Empidonax_wrightii","0","3","0","0",NA,NA,NA,"0",NA,"0",NA,"0",NA,NA,NA,"0","0","0","0",NA
"Empidonomus_aurantioatrocristatus","0","2","0","0",NA,NA,NA,"0",NA,"0",NA,NA,NA,NA,NA,NA,"0","0","0",NA
"Empidonomus_varius","0","1","0","0",NA,NA,NA,"0",NA,NA,NA,NA,NA,NA,NA,NA,"0","0","0",NA
"Empidornis_semipartitus","0","2","0","0",NA,NA,NA,"0",NA,"0",NA,NA,NA,NA,NA,NA,"0","0","0",NA
"Enicognathus_ferrugineus","0","1","0","0",NA,NA,NA,"0",NA,NA,NA,NA,NA,NA,NA,NA,"0","0","0",NA
"Enicognathus_leptorhynchus","0","2","0","0",NA,NA,NA,"0",NA,"0",NA,NA,NA,NA,NA,NA,"0","0","0",NA
"Enicurus_immaculatus","0","2","0","0",NA,NA,NA,"0",NA,"0",NA,NA,NA,NA,NA,NA,"0","0","0",NA
"Enicurus_leschenaulti","0","2","0","0",NA,NA,NA,"0",NA,"0",NA,NA,NA,NA,NA,NA,"0","0","0",NA
"Enicurus_maculatus","0","2","0","0",NA,NA,NA,"0",NA,"0",NA,NA,NA,NA,NA,NA,"0","0","0",NA
"Enicurus_ruficapillus","0","1","0","0",NA,NA,NA,"0",NA,NA,NA,NA,NA,NA,NA,NA,"0","0","0",NA
"Enicurus_schistaceus","0","2","0","0",NA,NA,NA,"0",NA,"0",NA,NA,NA,NA,NA,NA,"0","0","0",NA
"Enicurus_scouleri","0","2","0","0",NA,NA,NA,"0",NA,"0",NA,NA,NA,NA,NA,NA,"0","0","0",NA
"Enicurus_velatus","0","1","0","0",NA,NA,NA,"0",NA,NA,NA,NA,NA,NA,NA,NA,"0","0","0",NA
"Enodes_erythrophris","0","1","0","0",NA,NA,NA,"0",NA,NA,NA,NA,NA,NA,NA,NA,"0","0","0",NA
"Ensifera_ensifera","0","2","0","0",NA,NA,NA,"0",NA,NA,NA,"0",NA,NA,NA,"0","0","0","0",NA
"Entomodestes_coracinus","0","1","0","0",NA,NA,NA,"0",NA,NA,NA,NA,NA,NA,NA,NA,"0","0","0",NA
"Entomodestes_leucotis","0","1","0","0",NA,NA,NA,"0",NA,NA,NA,NA,NA,NA,NA,NA,"0","0","0",NA
"Entomyzon_cyanotis","1","0","3","0",NA,NA,NA,"1",NA,"1",NA,"1",NA,NA,"K","1","1","0","0","Kin"
"Eophona_migratoria","0","2","0","0",NA,NA,NA,"0",NA,"0",NA,NA,NA,NA,NA,NA,"0","0","0",NA
"Eophona_personata","0","2","0","0",NA,NA,NA,"0",NA,"0",NA,NA,NA,NA,NA,NA,"0","0","0",NA
"Eopsaltria_australis","1","0","5","0","1",NA,NA,"1",NA,"1","1","1","K",NA,"K","1","2","0","0","Kin"
"Eopsaltria_flaviventris","1","0","1","0",NA,NA,NA,"1",NA,NA,NA,NA,NA,NA,NA,NA,"0","0","0",NA
"Eopsaltria_georgiana","1","0","5","0","1",NA,NA,"1",NA,"1","1","1","K",NA,"K","1","2","0","0","Kin"
"Eopsaltria_griseogularis","1","0","4","0","1",NA,NA,"1",NA,"1",NA,"1",NA,NA,"K","1","1","0","0","Kin"
"Eopsaltria_pulverulenta","1","0","1","0",NA,NA,NA,"1",NA,NA,NA,NA,NA,NA,NA,NA,"0","0","0",NA
"Eos_bornea","0","1","0","0",NA,NA,NA,"0",NA,NA,NA,NA,NA,NA,NA,NA,"0","0","0",NA
"Eos_cyanogenia","0","1","0","0",NA,NA,NA,"0",NA,NA,NA,NA,NA,NA,NA,NA,"0","0","0",NA
"Eos_histrio","0","1","0","0",NA,NA,NA,"0",NA,NA,NA,NA,NA,NA,NA,NA,"0","0","0",NA
"Eos_reticulata","0","1","0","0",NA,NA,NA,"0",NA,NA,NA,NA,NA,NA,NA,NA,"0","0","0",NA
"Eos_semilarvata","0","1","0","0",NA,NA,NA,"0",NA,NA,NA,NA,NA,NA,NA,NA,"0","0","0",NA
"Eos_squamata","0","1","0","0",NA,NA,NA,"0",NA,NA,NA,NA,NA,NA,NA,NA,"0","0","0",NA
"Ephippiorhynchus_asiaticus","0","3","0","0",NA,NA,NA,"0",NA,"0",NA,"0",NA,NA,NA,"1","0","0","0",NA
"Ephippiorhynchus_senegalensis","0","3","0","0",NA,NA,NA,"0",NA,"0",NA,"0",NA,NA,NA,"1","0","0","0",NA
"Epimachus albertisi",NA,"0","0","0",NA,NA,NA,NA,NA,NA,NA,NA,NA,NA,NA,NA,"0","0","0",NA
"Epimachus bruijnii",NA,"0","0","0",NA,NA,NA,NA,NA,NA,NA,NA,NA,NA,NA,NA,"0","0","0",NA
"Epimachus_albertisi","0","2","0","0",NA,NA,NA,"0",NA,"0",NA,NA,NA,NA,NA,NA,"0","0","0",NA
"Epimachus_bruijnii","0","2","0","0",NA,NA,NA,"0",NA,"0",NA,NA,NA,NA,NA,NA,"0","0","0",NA
"Epimachus_fastuosus","0","2","0","0",NA,NA,NA,"0",NA,"0",NA,NA,NA,NA,NA,NA,"0","0","0",NA
"Epimachus_meyeri","0","2","0","0",NA,NA,NA,"0",NA,"0",NA,NA,NA,NA,NA,NA,"0","0","0",NA
"Epinecrophylla_fjeldsaai","0","1","0","0",NA,NA,NA,"0",NA,NA,NA,NA,NA,NA,NA,NA,"0","0","0",NA
"Epinecrophylla_fulviventris","0","2","0","0",NA,NA,NA,"0",NA,"0",NA,NA,NA,NA,NA,NA,"0","0","0",NA
"Epinecrophylla_haematonota","0","1","0","0",NA,NA,NA,"0",NA,NA,NA,NA,NA,NA,NA,NA,"0","0","0",NA
"Epinecrophylla_leucophthalma","0","2","0","0",NA,NA,NA,"0",NA,NA,NA,"0",NA,NA,NA,"1","0","0","0",NA
"Epinecrophylla_ornata","0","1","0","0",NA,NA,NA,"0",NA,NA,NA,NA,NA,NA,NA,NA,"0","0","0",NA
"Epinecrophylla_spodionota","0","1","0","0",NA,NA,NA,"0",NA,NA,NA,NA,NA,NA,NA,NA,"0","0","0",NA
"Epthianura_albifrons","0","2","0","0",NA,NA,NA,"0",NA,"0",NA,NA,NA,NA,NA,NA,"0","0","0",NA
"Epthianura_aurifrons","0","3","0","0",NA,NA,NA,"0",NA,"0",NA,"0",NA,NA,NA,"0","0","0","0",NA
"Epthianura_crocea","0","1","0","0",NA,NA,NA,"0",NA,NA,NA,NA,NA,NA,NA,NA,"0","0","0",NA
"Epthianura_tricolor","0","2","0","0",NA,NA,NA,"0",NA,"0",NA,NA,NA,NA,NA,NA,"0","0","0",NA
"Eremalauda_dunni","0","2","0","0",NA,NA,NA,"0",NA,"0",NA,NA,NA,NA,NA,NA,"0","0","0",NA
"Eremalauda_starki","0","2","0","0",NA,NA,NA,"0",NA,"0",NA,NA,NA,NA,NA,NA,"0","0","0",NA
"Eremiornis_carteri","0","2","0","0",NA,NA,NA,"0",NA,"0",NA,NA,NA,NA,NA,NA,"0","0","0",NA
"Eremomela_atricollis","1","0","3","0",NA,NA,NA,"1",NA,"1",NA,"1",NA,NA,"K","1","1","0","0","Kin"
"Eremomela_badiceps","1","0","3","0",NA,NA,NA,"1",NA,"1",NA,"1",NA,NA,"K","1","1","0","0","Kin"
"Eremomela_canescens","1","0","2","0",NA,NA,NA,"1",NA,"1",NA,NA,NA,NA,NA,NA,"0","0","0",NA
"Eremomela_flavicrissalis","1","0","1","0",NA,NA,NA,"1",NA,NA,NA,NA,NA,NA,NA,NA,"0","0","0",NA
"Eremomela_gregalis","1","0","3","0",NA,NA,NA,"1",NA,"1",NA,"1",NA,NA,"K","1","1","0","0","Kin"
"Eremomela_icteropygialis","1","1","1","1",NA,NA,NA,"1",NA,NA,NA,"0",NA,NA,NA,"0","0","0","0",NA
"Eremomela_pusilla","1","0","3","0",NA,NA,NA,"1",NA,"1",NA,"1",NA,NA,"K","1","1","0","0","Kin"
"Eremomela_salvadorii","1","0","1","0",NA,NA,NA,"1",NA,NA,NA,NA,NA,NA,NA,NA,"0","0","0",NA
"Eremomela_scotops","1","0","3","0",NA,NA,NA,"1",NA,"1",NA,"1",NA,NA,"K","1","1","0","0","Kin"
"Eremomela_turneri","1","0","1","0",NA,NA,NA,"1",NA,NA,NA,NA,NA,NA,NA,NA,"0","0","0",NA
"Eremomela_usticollis","1","0","3","0",NA,NA,NA,"1",NA,"1",NA,"1",NA,NA,"K","1","1","0","0","Kin"
"Eremophila_alpestris","0","2","0","0",NA,NA,NA,"0",NA,NA,NA,"0",NA,NA,NA,"0","0","0","0",NA
"Eremophila_bilopha","0","2","0","0",NA,NA,NA,"0",NA,"0",NA,NA,NA,NA,NA,NA,"0","0","0",NA
"Eremopsaltria_mongolicus","0","2","0","0",NA,NA,NA,"0",NA,"0",NA,NA,NA,NA,NA,NA,"0","0","0",NA
"Eremopterix_australis","0","2","0","0",NA,NA,NA,"0",NA,"0",NA,NA,NA,NA,NA,NA,"0","0","0",NA
"Eremopterix_griseus","0","2","0","0",NA,NA,NA,"0",NA,"0",NA,NA,NA,NA,NA,NA,"0","0","0",NA
"Eremopterix_leucopareia","0","2","0","0",NA,NA,NA,"0",NA,"0",NA,NA,NA,NA,NA,NA,"0","0","0",NA
"Eremopterix_leucotis","0","2","0","0",NA,NA,NA,"0",NA,"0",NA,NA,NA,NA,NA,NA,"0","0","0",NA
"Eremopterix_nigriceps","0","3","0","0",NA,NA,NA,"0",NA,"0",NA,"0",NA,NA,NA,"0","0","0","0",NA
"Eremopterix_signatus","0","2","0","0",NA,NA,NA,"0",NA,NA,NA,"0",NA,NA,NA,"0","0","0","0",NA
"Eremopterix_verticalis","0","2","0","0",NA,NA,NA,"0",NA,"0",NA,NA,NA,NA,NA,NA,"0","0","0",NA
"Ergaticus_ruber","0","2","0","0",NA,NA,NA,"0",NA,"0",NA,NA,NA,NA,NA,NA,"0","0","0",NA
"Ergaticus_versicolor","0","2","0","0",NA,NA,NA,"0",NA,"0",NA,NA,NA,NA,NA,NA,"0","0","0",NA
"Eriocnemis_alinae","0","1","0","0",NA,NA,NA,"0",NA,NA,NA,NA,NA,NA,NA,NA,"0","0","0",NA
"Eriocnemis_cupreoventris","0","3","0","0",NA,NA,NA,"0",NA,"0",NA,"0",NA,NA,NA,"0","0","0","0",NA
"Eriocnemis_derbyi","0","2","0","0",NA,NA,NA,"0",NA,"0",NA,NA,NA,NA,NA,NA,"0","0","0",NA
"Eriocnemis_glaucopoides","0","3","0","0",NA,NA,NA,"0",NA,"0",NA,"0",NA,NA,NA,"0","0","0","0",NA
"Eriocnemis_godini","0","2","0","0",NA,NA,NA,"0",NA,"0",NA,NA,NA,NA,NA,NA,"0","0","0",NA
"Eriocnemis_luciani","0","3","0","0",NA,NA,NA,"0",NA,"0",NA,"0",NA,NA,NA,"0","0","0","0",NA
"Eriocnemis_mirabilis","0","1","0","0",NA,NA,NA,"0",NA,NA,NA,NA,NA,NA,NA,NA,"0","0","0",NA
"Eriocnemis_mosquera","0","3","0","0",NA,NA,NA,"0",NA,"0",NA,"0",NA,NA,NA,"0","0","0","0",NA
"Eriocnemis_nigrivestis","0","2","0","0",NA,NA,NA,"0",NA,"0",NA,NA,NA,NA,NA,NA,"0","0","0",NA
"Eriocnemis_vestita","0","3","0","0",NA,NA,NA,"0",NA,"0",NA,"0",NA,NA,NA,"0","0","0","0",NA
"Erithacus_akahige","0","2","0","0",NA,NA,NA,"0",NA,"0",NA,NA,NA,NA,NA,NA,"0","0","0",NA
"Erithacus_komadori","0","2","0","0",NA,NA,NA,"0",NA,"0",NA,NA,NA,NA,NA,NA,"0","0","0",NA
"Erithacus_rubecula","0","3","0","0",NA,NA,"0","0",NA,NA,NA,"0",NA,NA,NA,"0","0","0","0",NA
"Erpornis_zantholeuca","1","1","1","1",NA,NA,NA,"1",NA,"0",NA,NA,NA,NA,NA,NA,"0","0","0",NA
"Erythrocercus_holochlorus","1","1","1","1",NA,NA,NA,"1",NA,"0",NA,NA,NA,NA,NA,NA,"0","0","0",NA
"Erythrocercus_livingstonei","1","0","3","0",NA,NA,NA,"1",NA,"1",NA,"1",NA,NA,"K","1","1","0","0","Kin"
"Erythrocercus_mccallii","1","0","4","0",NA,NA,NA,"1",NA,"1","1","1","K",NA,"K","1","2","0","0","Kin"
"Erythrogonys_cinctus","0","3","0","0",NA,NA,NA,"0",NA,"0",NA,"0",NA,NA,NA,"0","0","0","0",NA
"Erythropygia_barbata","0","2","0","0",NA,NA,NA,"0",NA,"0",NA,NA,NA,NA,NA,NA,"0","0","0",NA
"Erythropygia_coryphaeus","1","0","6","0",NA,"1","1","1",NA,"1","1","1","K","K","K","1","3","0","0","Kin"
"Erythropygia_galactotes","0","2","0","0",NA,NA,NA,"0",NA,"0",NA,NA,NA,NA,NA,NA,"0","0","0",NA
"Erythropygia_hartlaubi","0","2","0","0",NA,NA,NA,"0",NA,"0",NA,NA,NA,NA,NA,NA,"0","0","0",NA
"Erythropygia_leucophrys","0","2","0","0",NA,NA,NA,"0",NA,"0",NA,NA,NA,NA,NA,NA,"0","0","0",NA
"Erythropygia_leucosticta","0","1","0","0",NA,NA,NA,"0",NA,NA,NA,NA,NA,NA,NA,NA,"0","0","0",NA
"Erythropygia_paena","0","2","0","0",NA,NA,NA,"0",NA,"0",NA,NA,NA,NA,NA,NA,"0","0","0",NA
"Erythropygia_quadrivirgata","0","2","0","0",NA,NA,NA,"0",NA,"0",NA,NA,NA,NA,NA,NA,"0","0","0",NA
"Erythropygia_signata","0","2","0","0",NA,NA,NA,"0",NA,"0",NA,NA,NA,NA,NA,NA,"0","0","0",NA
"Erythrotriorchis_buergersi","0","1","0","0",NA,NA,NA,"0",NA,NA,NA,NA,NA,NA,NA,NA,"0","0","0",NA
"Erythrotriorchis_radiatus","0","3","0","0",NA,NA,NA,"0",NA,"0",NA,"0",NA,NA,NA,"1","0","0","0",NA
"Erythrura_coloria","0","1","0","0",NA,NA,NA,"0",NA,NA,NA,NA,NA,NA,NA,NA,"0","0","0",NA
"Erythrura_cyaneovirens","0","2","0","0",NA,NA,NA,"0",NA,"0",NA,NA,NA,NA,NA,NA,"0","0","0",NA
"Erythrura_gouldiae","0","1","0","0",NA,NA,NA,"0",NA,NA,NA,NA,NA,NA,NA,NA,"0","0","0",NA
"Erythrura_hyperythra","0","1","0","0",NA,NA,NA,"0",NA,NA,NA,NA,NA,NA,NA,NA,"0","0","0",NA
"Erythrura_kleinschmidti","0","1","0","0",NA,NA,NA,"0",NA,NA,NA,NA,NA,NA,NA,NA,"0","0","0",NA
"Erythrura_papuana","0","1","0","0",NA,NA,NA,"0",NA,NA,NA,NA,NA,NA,NA,NA,"0","0","0",NA
"Erythrura_pealii","0","2","0","0",NA,NA,NA,"0",NA,"0",NA,NA,NA,NA,NA,NA,"0","0","0",NA
"Erythrura_prasina","0","1","0","0",NA,NA,NA,"0",NA,NA,NA,NA,NA,NA,NA,NA,"0","0","0",NA
"Erythrura_psittacea","0","3","0","0",NA,NA,NA,"0",NA,"0",NA,"0",NA,NA,NA,"1","0","0","0",NA
"Erythrura_regia","0","2","0","0",NA,NA,NA,"0",NA,"0",NA,NA,NA,NA,NA,NA,"0","0","0",NA
"Erythrura_trichroa","0","2","0","0",NA,NA,NA,"0",NA,"0",NA,NA,NA,NA,NA,NA,"0","0","0",NA
"Erythrura_tricolor","0","1","0","0",NA,NA,NA,"0",NA,NA,NA,NA,NA,NA,NA,NA,"0","0","0",NA
"Erythrura_viridifacies","0","1","0","0",NA,NA,NA,"0",NA,NA,NA,NA,NA,NA,NA,NA,"0","0","0",NA
"Estrilda_astrild","0","3","0","0",NA,NA,NA,"0",NA,"0",NA,"0",NA,NA,NA,"1","0","0","0",NA
"Estrilda_atricapilla","0","1","0","0",NA,NA,NA,"0",NA,NA,NA,NA,NA,NA,NA,NA,"0","0","0",NA
"Estrilda_caerulescens","0","2","0","0",NA,NA,NA,"0",NA,"0",NA,NA,NA,NA,NA,NA,"0","0","0",NA
"Estrilda_charmosyna","0","1","0","0",NA,NA,NA,"0",NA,NA,NA,NA,NA,NA,NA,NA,"0","0","0",NA
"Estrilda_erythronotos","0","2","0","0",NA,NA,NA,"0",NA,"0",NA,NA,NA,NA,NA,NA,"0","0","0",NA
"Estrilda_kandti","0","1","0","0",NA,NA,NA,"0",NA,NA,NA,NA,NA,NA,NA,NA,"0","0","0",NA
"Estrilda_melanotis","0","2","0","0",NA,NA,NA,"0",NA,"0",NA,NA,NA,NA,NA,NA,"0","0","0",NA
"Estrilda_melpoda","0","2","0","0",NA,NA,NA,"0",NA,"0",NA,NA,NA,NA,NA,NA,"0","0","0",NA
"Estrilda_nigriloris","0","1","0","0",NA,NA,NA,"0",NA,NA,NA,NA,NA,NA,NA,NA,"0","0","0",NA
"Estrilda_nonnula","0","2","0","0",NA,NA,NA,"0",NA,"0",NA,NA,NA,NA,NA,NA,"0","0","0",NA
"Estrilda_paludicola","0","1","0","0",NA,NA,NA,"0",NA,NA,NA,NA,NA,NA,NA,NA,"0","0","0",NA
"Estrilda_perreini","0","2","0","0",NA,NA,NA,"0",NA,"0",NA,NA,NA,NA,NA,NA,"0","0","0",NA
"Estrilda_poliopareia","0","1","0","0",NA,NA,NA,"0",NA,NA,NA,NA,NA,NA,NA,NA,"0","0","0",NA
"Estrilda_quartinia","0","2","0","0",NA,NA,NA,"0",NA,"0",NA,NA,NA,NA,NA,NA,"0","0","0",NA
"Estrilda_rhodopyga","0","2","0","0",NA,NA,NA,"0",NA,"0",NA,NA,NA,NA,NA,NA,"0","0","0",NA
"Estrilda_rufibarba","0","1","0","0",NA,NA,NA,"0",NA,NA,NA,NA,NA,NA,NA,NA,"0","0","0",NA
"Estrilda_thomensis","0","2","0","0",NA,NA,NA,"0",NA,"0",NA,NA,NA,NA,NA,NA,"0","0","0",NA
"Estrilda_troglodytes","0","2","0","0",NA,NA,NA,"0",NA,"0",NA,NA,NA,NA,NA,NA,"0","0","0",NA
"Eubucco_bourcierii","0","2","0","0",NA,NA,NA,"0",NA,"0",NA,NA,NA,NA,NA,NA,"0","0","0",NA
"Eubucco_richardsoni","0","1","0","0",NA,NA,NA,"0",NA,NA,NA,NA,NA,NA,NA,NA,"0","0","0",NA
"Eubucco_tucinkae","0","1","0","0",NA,NA,NA,"0",NA,NA,NA,NA,NA,NA,NA,NA,"0","0","0",NA
"Eubucco_versicolor","0","1","0","0",NA,NA,NA,"0",NA,NA,NA,NA,NA,NA,NA,NA,"0","0","0",NA
"Eucometis_penicillata","0","2","0","0",NA,NA,NA,"0",NA,"0",NA,NA,NA,NA,NA,NA,"0","0","0",NA
"Eudocimus_albus","0","3","0","0",NA,NA,NA,"0",NA,"0",NA,"0",NA,NA,NA,"0","0","0","0",NA
"Eudocimus_ruber","0","3","0","0",NA,NA,NA,"0",NA,"0",NA,"0",NA,NA,NA,"0","0","0","0",NA
"Eudromia_elegans","0","2","0","0",NA,NA,NA,"0",NA,"0",NA,NA,NA,NA,NA,NA,"0","0","0",NA
"Eudromia_formosa","0","1","0","0",NA,NA,NA,"0",NA,NA,NA,NA,NA,NA,NA,NA,"0","0","0",NA
"Eudromias_morinellus","0","3","0","0",NA,"0",NA,"0",NA,"0",NA,NA,NA,NA,NA,NA,"0","0","0",NA
"Eudynamys_scolopaceus","0","1","0","0",NA,NA,NA,"0",NA,NA,NA,NA,NA,NA,NA,NA,"0","0","0",NA
"Eudynamys_taitensis","0","1","0","0",NA,NA,NA,"0",NA,NA,NA,NA,NA,NA,NA,NA,"0","0","0",NA
"Eudyptes_chrysocome","0","1","0","0",NA,NA,NA,NA,NA,"0",NA,NA,NA,NA,NA,NA,"0","0","0",NA
"Eudyptes_chrysolophus","0","1","0","0",NA,NA,NA,NA,NA,"0",NA,NA,NA,NA,NA,NA,"0","0","0",NA
"Eudyptes_pachyrhynchus","0","1","0","0",NA,NA,NA,NA,NA,"0",NA,NA,NA,NA,NA,NA,"0","0","0",NA
"Eudyptes_robustus","0","1","0","0",NA,NA,NA,NA,NA,"0",NA,NA,NA,NA,NA,NA,"0","0","0",NA
"Eudyptes_schlegeli","0","2","0","0",NA,"0",NA,NA,NA,"0",NA,NA,NA,NA,NA,NA,"0","0","0",NA
"Eudyptes_sclateri","0","1","0","0",NA,NA,NA,NA,NA,"0",NA,NA,NA,NA,NA,NA,"0","0","0",NA
"Eudyptula_minor","0","1","0","0",NA,NA,NA,NA,NA,"0",NA,NA,NA,NA,NA,NA,"0","0","0",NA
"Eugenes_fulgens","0","3","0","0",NA,NA,NA,"0",NA,"0",NA,"0",NA,NA,NA,"0","0","0","0",NA
"Eugerygone_rubra","0","1","0","0",NA,NA,NA,"0",NA,NA,NA,NA,NA,NA,NA,NA,"0","0","0",NA
"Eugralla_paradoxa","0","2","0","0",NA,NA,NA,"0",NA,"0",NA,NA,NA,NA,NA,NA,"0","0","0",NA
"Eulabeornis_castaneoventris","0","2","0","0",NA,NA,NA,"0",NA,"0",NA,NA,NA,NA,NA,NA,"0","0","0",NA
"Eulacestoma_nigropectus","0","1","0","0",NA,NA,NA,"0",NA,NA,NA,NA,NA,NA,NA,NA,"0","0","0",NA
"Eulampis_holosericeus","0","3","0","0",NA,NA,NA,"0",NA,"0",NA,"0",NA,NA,NA,"0","0","0","0",NA
"Eulampis_jugularis","0","2","0","0",NA,NA,NA,"0",NA,"0",NA,NA,NA,NA,NA,NA,"0","0","0",NA
"Eulidia_yarrellii","0","1","0","0",NA,NA,NA,"0",NA,NA,NA,NA,NA,NA,NA,NA,"0","0","0",NA
"Eulipoa_wallacei",NA,"0","0","0",NA,NA,NA,NA,NA,NA,NA,NA,NA,NA,NA,NA,"0","0","0",NA
"Eumomota_superciliosa","0","2","0","0",NA,NA,NA,"0",NA,"0",NA,NA,NA,NA,NA,NA,"0","0","0",NA
"Eumyias_albicaudatus","0","1","0","0",NA,NA,NA,"0",NA,NA,NA,NA,NA,NA,NA,NA,"0","0","0",NA
"Eumyias_indigo","0","1","0","0",NA,NA,NA,"0",NA,NA,NA,NA,NA,NA,NA,NA,"0","0","0",NA
"Eumyias_panayensis","0","1","0","0",NA,NA,NA,"0",NA,NA,NA,NA,NA,NA,NA,NA,"0","0","0",NA
"Eumyias_sordidus","0","1","0","0",NA,NA,NA,"0",NA,NA,NA,NA,NA,NA,NA,NA,"0","0","0",NA
"Eumyias_thalassinus","0","2","0","0",NA,NA,NA,"0",NA,"0",NA,NA,NA,NA,NA,NA,"0","0","0",NA
"Euneornis_campestris","0","2","0","0",NA,NA,NA,"0",NA,NA,NA,"0",NA,NA,NA,"0","0","0","0",NA
"Eunymphicus_cornutus","0","2","0","0",NA,NA,NA,"0",NA,"0",NA,NA,NA,NA,NA,NA,"0","0","0",NA
"Eupetes_macrocerus","0","1","0","0",NA,NA,NA,"0",NA,NA,NA,NA,NA,NA,NA,NA,"0","0","0",NA
"Eupetomena_macroura","0","3","0","0",NA,NA,NA,"0",NA,"0",NA,"0",NA,NA,NA,"0","0","0","0",NA
"Euphagus_carolinus","0","2","0","0",NA,NA,NA,"0",NA,"0",NA,NA,NA,NA,NA,NA,"0","0","0",NA
"Euphagus_cyanocephalus","0","3","0","0",NA,NA,NA,"0",NA,"0",NA,"0",NA,NA,NA,"0","0","0","0",NA
"Eupherusa_cyanophrys","0","3","0","0",NA,NA,NA,"0",NA,"0",NA,"0",NA,NA,NA,"0","0","0","0",NA
"Eupherusa_eximia","0","2","0","0",NA,NA,NA,"0",NA,NA,NA,"0",NA,NA,NA,"0","0","0","0",NA
"Eupherusa_nigriventris","0","3","0","0",NA,NA,NA,"0",NA,"0",NA,"0",NA,NA,NA,"0","0","0","0",NA
"Eupherusa_poliocerca","0","2","0","0",NA,NA,NA,"0",NA,NA,NA,"0",NA,NA,NA,"0","0","0","0",NA
"Euphonia_affinis","0","1","0","0",NA,NA,NA,"0",NA,NA,NA,NA,NA,NA,NA,NA,"0","0","0",NA
"Euphonia_anneae","0","1","0","0",NA,NA,NA,"0",NA,NA,NA,NA,NA,NA,NA,NA,"0","0","0",NA
"Euphonia_cayennensis","0","1","0","0",NA,NA,NA,"0",NA,NA,NA,NA,NA,NA,NA,NA,"0","0","0",NA
"Euphonia_chalybea","0","1","0","0",NA,NA,NA,"0",NA,NA,NA,NA,NA,NA,NA,NA,"0","0","0",NA
"Euphonia_chlorotica","0","3","0","0",NA,NA,NA,"0",NA,"0",NA,"0",NA,NA,NA,"1","0","0","0",NA
"Euphonia_chrysopasta","0","1","0","0",NA,NA,NA,"0",NA,NA,NA,NA,NA,NA,NA,NA,"0","0","0",NA
"Euphonia_concinna","0","2","0","0",NA,NA,NA,"0",NA,NA,NA,"0",NA,NA,NA,"1","0","0","0",NA
"Euphonia_cyanocephala","0","1","0","0",NA,NA,NA,"0",NA,NA,NA,NA,NA,NA,NA,NA,"0","0","0",NA
"Euphonia_elegantissima","0","1","0","0",NA,NA,NA,"0",NA,NA,NA,NA,NA,NA,NA,NA,"0","0","0",NA
"Euphonia_finschi","0","1","0","0",NA,NA,NA,"0",NA,NA,NA,NA,NA,NA,NA,NA,"0","0","0",NA
"Euphonia_fulvicrissa","0","1","0","0",NA,NA,NA,"0",NA,NA,NA,NA,NA,NA,NA,NA,"0","0","0",NA
"Euphonia_gouldi","0","2","0","0",NA,NA,NA,"0",NA,NA,NA,"0",NA,NA,NA,"0","0","0","0",NA
"Euphonia_hirundinacea","0","2","0","0",NA,NA,NA,"0",NA,"0",NA,NA,NA,NA,NA,NA,"0","0","0",NA
"Euphonia_imitans","0","2","0","0",NA,NA,NA,"0",NA,"0",NA,NA,NA,NA,NA,NA,"0","0","0",NA
"Euphonia_jamaica","0","1","0","0",NA,NA,NA,"0",NA,NA,NA,NA,NA,NA,NA,NA,"0","0","0",NA
"Euphonia_laniirostris","1","1","1","1",NA,NA,NA,"1",NA,"0",NA,NA,NA,NA,NA,NA,"0","0","0",NA
"Euphonia_luteicapilla","0","2","0","0",NA,NA,NA,"0",NA,"0",NA,NA,NA,NA,NA,NA,"0","0","0",NA
"Euphonia_mesochrysa","0","1","0","0",NA,NA,NA,"0",NA,NA,NA,NA,NA,NA,NA,NA,"0","0","0",NA
"Euphonia_minuta","0","2","0","0",NA,NA,NA,"0",NA,"0",NA,NA,NA,NA,NA,NA,"0","0","0",NA
"Euphonia_musica","0","1","0","0",NA,NA,NA,"0",NA,NA,NA,NA,NA,NA,NA,NA,"0","0","0",NA
"Euphonia_pectoralis","0","1","0","0",NA,NA,NA,"0",NA,NA,NA,NA,NA,NA,NA,NA,"0","0","0",NA
"Euphonia_plumbea","0","2","0","0",NA,NA,NA,"0",NA,NA,NA,"0",NA,NA,NA,"1","0","0","0",NA
"Euphonia_rufiventris","0","2","0","0",NA,NA,NA,"0",NA,NA,NA,"0",NA,NA,NA,"0","0","0","0",NA
"Euphonia_saturata","0","1","0","0",NA,NA,NA,"0",NA,NA,NA,NA,NA,NA,NA,NA,"0","0","0",NA
"Euphonia_trinitatis","0","2","0","0",NA,NA,NA,"0",NA,"0",NA,NA,NA,NA,NA,NA,"0","0","0",NA
"Euphonia_violacea","0","2","0","0",NA,NA,NA,"0",NA,"0",NA,NA,NA,NA,NA,NA,"0","0","0",NA
"Euphonia_xanthogaster","0","2","0","0",NA,NA,NA,"0",NA,NA,NA,"0",NA,NA,NA,"0","0","0","0",NA
"Euplectes_afer","0","2","0","0",NA,NA,NA,"0",NA,"0",NA,NA,NA,NA,NA,NA,"0","0","0",NA
"Euplectes_albonotatus","0","3","0","0",NA,NA,NA,"0",NA,"0",NA,"0",NA,NA,NA,"0","0","0","0",NA
"Euplectes_ardens","0","3","0","0",NA,NA,NA,"0",NA,"0",NA,"0",NA,NA,NA,"0","0","0","0",NA
"Euplectes_aureus","0","2","0","0",NA,NA,NA,"0",NA,"0",NA,NA,NA,NA,NA,NA,"0","0","0",NA
"Euplectes_axillaris","0","2","0","0",NA,NA,NA,"0",NA,"0",NA,NA,NA,NA,NA,NA,"0","0","0",NA
"Euplectes_capensis","0","3","0","0",NA,NA,NA,"0",NA,"0",NA,"0",NA,NA,NA,"1","0","0","0",NA
"Euplectes_diadematus","0","1","0","0",NA,NA,NA,"0",NA,NA,NA,NA,NA,NA,NA,NA,"0","0","0",NA
"Euplectes_franciscanus","0","2","0","0",NA,NA,NA,"0",NA,"0",NA,NA,NA,NA,NA,NA,"0","0","0",NA
"Euplectes_gierowii","0","2","0","0",NA,NA,NA,"0",NA,"0",NA,NA,NA,NA,NA,NA,"0","0","0",NA
"Euplectes_hartlaubi","0","2","0","0",NA,NA,NA,"0",NA,"0",NA,NA,NA,NA,NA,NA,"0","0","0",NA
"Euplectes_hordeaceus","0","2","0","0",NA,NA,NA,"0",NA,"0",NA,NA,NA,NA,NA,NA,"0","0","0",NA
"Euplectes_jacksoni","0","2","0","0",NA,NA,NA,"0",NA,"0",NA,NA,NA,NA,NA,NA,"0","0","0",NA
"Euplectes_macroura","0","2","0","0",NA,NA,NA,"0",NA,"0",NA,NA,NA,NA,NA,NA,"0","0","0",NA
"Euplectes_nigroventris","0","2","0","0",NA,NA,NA,"0",NA,"0",NA,NA,NA,NA,NA,NA,"0","0","0",NA
"Euplectes_orix","0","4","0","0",NA,"0","0","0",NA,"0",NA,NA,NA,NA,NA,NA,"0","0","0",NA
"Euplectes_progne","0","3","0","0",NA,NA,NA,"0",NA,"0",NA,"0",NA,NA,NA,"0","0","0","0",NA
"Euplectes_psammocromius","0","1","0","0",NA,NA,NA,"0",NA,NA,NA,NA,NA,NA,NA,NA,"0","0","0",NA
"Eupodotis_afra","0","2","0","0",NA,NA,NA,"0",NA,NA,NA,"0",NA,NA,NA,"0","0","0","0",NA
"Eupodotis_afraoides","0","2","0","0",NA,NA,NA,"0",NA,NA,NA,"0",NA,NA,NA,"0","0","0","0",NA
"Eupodotis_caerulescens","0","2","0","0",NA,NA,NA,"0",NA,NA,NA,"0",NA,NA,NA,"1","0","0","0",NA
"Eupodotis_gindiana","0","1","0","0",NA,NA,NA,"0",NA,NA,NA,NA,NA,NA,NA,NA,"0","0","0",NA
"Eupodotis_hartlaubii","0","1","0","0",NA,NA,NA,"0",NA,NA,NA,NA,NA,NA,NA,NA,"0","0","0",NA
"Eupodotis_humilis","0","1","0","0",NA,NA,NA,"0",NA,NA,NA,NA,NA,NA,NA,NA,"0","0","0",NA
"Eupodotis_melanogaster","0","1","0","0",NA,NA,NA,"0",NA,NA,NA,NA,NA,NA,NA,NA,"0","0","0",NA
"Eupodotis_rueppellii","0","1","0","0",NA,NA,NA,"0",NA,NA,NA,NA,NA,NA,NA,NA,"0","0","0",NA
"Eupodotis_ruficrista","0","2","0","0",NA,NA,NA,"0",NA,NA,NA,"0",NA,NA,NA,"0","0","0","0",NA
"Eupodotis_savilei","0","1","0","0",NA,NA,NA,"0",NA,NA,NA,NA,NA,NA,NA,NA,"0","0","0",NA
"Eupodotis_senegalensis","0","2","0","0",NA,NA,NA,"0",NA,NA,NA,"0",NA,NA,NA,"1","0","0","0",NA
"Eupodotis_vigorsii","0","2","0","0",NA,NA,NA,"0",NA,NA,NA,"0",NA,NA,NA,"1","0","0","0",NA
"Euptilotis_neoxenus","0","1","0","0",NA,NA,NA,"0",NA,NA,NA,NA,NA,NA,NA,NA,"0","0","0",NA
"Eurocephalus_anguitimens","1","0","3","0",NA,NA,NA,"1",NA,"1",NA,"1",NA,NA,"K","1","1","0","0","Kin"
"Eurocephalus_rueppelli","1","0","3","0",NA,NA,NA,"1",NA,"1",NA,"1",NA,NA,"K","1","1","0","0","Kin"
"Eurostopodus_archboldi","0","1","0","0",NA,NA,NA,"0",NA,NA,NA,NA,NA,NA,NA,NA,"0","0","0",NA
"Eurostopodus_argus","0","2","0","0",NA,NA,NA,"0",NA,"0",NA,NA,NA,NA,NA,NA,"0","0","0",NA
"Eurostopodus_diabolicus","0","1","0","0",NA,NA,NA,"0",NA,NA,NA,NA,NA,NA,NA,NA,"0","0","0",NA
"Eurostopodus_macrotis","0","1","0","0",NA,NA,NA,"0",NA,NA,NA,NA,NA,NA,NA,NA,"0","0","0",NA
"Eurostopodus_mystacalis","0","2","0","0",NA,NA,NA,"0",NA,"0",NA,NA,NA,NA,NA,NA,"0","0","0",NA
"Eurostopodus_papuensis","0","1","0","0",NA,NA,NA,"0",NA,NA,NA,NA,NA,NA,NA,NA,"0","0","0",NA
"Eurostopodus_temminckii","0","1","0","0",NA,NA,NA,"0",NA,NA,NA,NA,NA,NA,NA,NA,"0","0","0",NA
"Euryceros_prevostii","0","3","0","0",NA,NA,NA,"0",NA,"0",NA,"0",NA,NA,NA,"0","0","0","0",NA
"Eurylaimus_javanicus","0","2","0","0",NA,NA,NA,"0",NA,"0",NA,NA,NA,NA,NA,NA,"0","0","0",NA
"Eurylaimus_ochromalus","0","1","0","0",NA,NA,NA,"0",NA,NA,NA,NA,NA,NA,NA,NA,"0","0","0",NA
"Eurylaimus_samarensis","0","1","0","0",NA,NA,NA,"0",NA,NA,NA,NA,NA,NA,NA,NA,"0","0","0",NA
"Eurylaimus_steerii","0","1","0","0",NA,NA,NA,"0",NA,NA,NA,NA,NA,NA,NA,NA,"0","0","0",NA
"Eurynorhynchus_pygmeus","0","2","0","0",NA,NA,NA,"0",NA,"0",NA,NA,NA,NA,NA,NA,"0","0","0",NA
"Euryptila_subcinnamomea","0","2","0","0",NA,NA,NA,"0",NA,NA,NA,"0",NA,NA,NA,"1","0","0","0",NA
"Eurypyga_helias","0","3","0","0",NA,NA,NA,"0",NA,"0",NA,"0",NA,NA,NA,"0","0","0","0",NA
"Eurystomus_azureus","0","1","0","0",NA,NA,NA,"0",NA,NA,NA,NA,NA,NA,NA,NA,"0","0","0",NA
"Eurystomus_glaucurus","0","2","0","0",NA,NA,NA,"0",NA,"0",NA,NA,NA,NA,NA,NA,"0","0","0",NA
"Eurystomus_gularis","0","2","0","0",NA,NA,NA,"0",NA,"0",NA,NA,NA,NA,NA,NA,"0","0","0",NA
"Eurystomus_orientalis","0","3","0","0",NA,NA,NA,"0",NA,"0",NA,"0",NA,NA,NA,"0","0","0","0",NA
"Euscarthmus_meloryphus","0","2","0","0",NA,NA,NA,"0",NA,"0",NA,NA,NA,NA,NA,NA,"0","0","0",NA
"Euscarthmus_rufomarginatus","0","1","0","0",NA,NA,NA,"0",NA,NA,NA,NA,NA,NA,NA,NA,"0","0","0",NA
"Euschistospiza_cinereovinacea","0","2","0","0",NA,NA,NA,"0",NA,"0",NA,NA,NA,NA,NA,NA,"0","0","0",NA
"Euschistospiza_dybowskii","0","2","0","0",NA,NA,NA,"0",NA,"0",NA,NA,NA,NA,NA,NA,"0","0","0",NA
"Euthlypis_lachrymosa","0","1","0","0",NA,NA,NA,"0",NA,NA,NA,NA,NA,NA,NA,NA,"0","0","0",NA
"Eutoxeres_aquila","0","3","0","0",NA,NA,NA,"0",NA,"0",NA,"0",NA,NA,NA,"0","0","0","0",NA
"Eutoxeres_condamini","0","3","0","0",NA,NA,NA,"0",NA,"0",NA,"0",NA,NA,NA,"0","0","0","0",NA
"Eutrichomyias_rowleyi","0","1","0","0",NA,NA,NA,"0",NA,NA,NA,NA,NA,NA,NA,NA,"0","0","0",NA
"Eutriorchis_astur","0","2","0","0",NA,NA,NA,"0",NA,"0",NA,NA,NA,NA,NA,NA,"0","0","0",NA
"Falco_alopex","0","2","0","0",NA,NA,NA,"0",NA,"0",NA,NA,NA,NA,NA,NA,"0","0","0",NA
"Falco_amurensis","0","2","0","0",NA,NA,NA,"0",NA,"0",NA,NA,NA,NA,NA,NA,"0","0","0",NA
"Falco_araea","0","2","0","0",NA,NA,NA,"0",NA,"0",NA,NA,NA,NA,NA,NA,"0","0","0",NA
"Falco_ardosiaceus","0","2","0","0",NA,NA,NA,"0",NA,"0",NA,NA,NA,NA,NA,NA,"0","0","0",NA
"Falco_berigora","0","2","0","0",NA,NA,NA,"0",NA,"0",NA,NA,NA,NA,NA,NA,"0","0","0",NA
"Falco_biarmicus","0","2","0","0",NA,NA,NA,"0",NA,NA,NA,"0",NA,NA,NA,"0","0","0","0",NA
"Falco_cenchroides","0","2","0","0",NA,NA,NA,"0",NA,"0",NA,NA,NA,NA,NA,NA,"0","0","0",NA
"Falco_cherrug","0","2","0","0",NA,NA,NA,"0",NA,"0",NA,NA,NA,NA,NA,NA,"0","0","0",NA
"Falco_chicquera","0","3","0","0",NA,NA,NA,"0",NA,"0",NA,"0",NA,NA,NA,"0","0","0","0",NA
"Falco_columbarius","1","1","5","1",NA,"0","1","1",NA,"1","1","1","NK","K","NK","0","1","2","0","NonKin"
"Falco_concolor","0","2","0","0",NA,NA,NA,"0",NA,"0",NA,NA,NA,NA,NA,NA,"0","0","0",NA
"Falco_cuvierii","0","2","0","0",NA,NA,NA,"0",NA,"0",NA,NA,NA,NA,NA,NA,"0","0","0",NA
"Falco_deiroleucus","0","2","0","0",NA,NA,NA,"0",NA,"0",NA,NA,NA,NA,NA,NA,"0","0","0",NA
"Falco_dickinsoni","0","3","0","0",NA,NA,NA,"0",NA,"0",NA,"0",NA,NA,NA,"0","0","0","0",NA
"Falco_eleonorae","0","3","0","0",NA,"0",NA,"0",NA,"0",NA,NA,NA,NA,NA,NA,"0","0","0",NA
"Falco_fasciinucha","0","3","0","0",NA,NA,NA,"0",NA,"0",NA,"0",NA,NA,NA,"0","0","0","0",NA
"Falco_femoralis","0","2","0","0",NA,NA,NA,"0",NA,"0",NA,NA,NA,NA,NA,NA,"0","0","0",NA
"Falco_hypoleucos","0","2","0","0",NA,NA,NA,"0",NA,"0",NA,NA,NA,NA,NA,NA,"0","0","0",NA
"Falco_jugger","0","2","0","0",NA,NA,NA,"0",NA,"0",NA,NA,NA,NA,NA,NA,"0","0","0",NA
"Falco_longipennis","0","3","0","0",NA,NA,NA,"0",NA,"0",NA,"0",NA,NA,NA,"1","0","0","0",NA
"Falco_mexicanus","0","2","0","0",NA,NA,NA,"0",NA,NA,NA,"0",NA,NA,NA,"0","0","0","0",NA
"Falco_moluccensis","0","1","0","0",NA,NA,NA,"0",NA,NA,NA,NA,NA,NA,NA,NA,"0","0","0",NA
"Falco_naumanni","0","3","0","0",NA,"0","0","0",NA,NA,NA,NA,NA,NA,NA,NA,"0","0","0",NA
"Falco_newtoni","0","1","0","0",NA,NA,NA,"0",NA,NA,NA,NA,NA,NA,NA,NA,"0","0","0",NA
"Falco_novaeseelandiae","0","2","0","0",NA,NA,NA,"0",NA,"0",NA,NA,NA,NA,NA,NA,"0","0","0",NA
"Falco_pelegrinoides","0","1","0","0",NA,NA,NA,NA,NA,"0",NA,NA,NA,NA,NA,NA,"0","0","0",NA
"Falco_peregrinus","1","3","2","1",NA,"0","0","1",NA,"1",NA,"0",NA,NA,NA,"1","0","0","0",NA
"Falco_punctatus","0","2","0","0",NA,NA,NA,"0",NA,"0",NA,NA,NA,NA,NA,NA,"0","0","0",NA
"Falco_rufigularis","0","2","0","0",NA,NA,NA,"0",NA,"0",NA,NA,NA,NA,NA,NA,"0","0","0",NA
"Falco_rupicoloides","0","3","0","0",NA,NA,NA,"0",NA,"0",NA,"0",NA,NA,NA,"0","0","0","0",NA
"Falco_rusticolus","0","2","0","0",NA,NA,NA,"0",NA,"0",NA,NA,NA,NA,NA,NA,"0","0","0",NA
"Falco_severus","0","2","0","0",NA,NA,NA,"0",NA,"0",NA,NA,NA,NA,NA,NA,"0","0","0",NA
"Falco_sparverius","0","4","0","0",NA,"0","0","0",NA,NA,NA,"0",NA,NA,NA,"0","0","0","0",NA
"Falco_subbuteo","0","1","0","0",NA,NA,NA,"0",NA,NA,NA,NA,NA,NA,NA,NA,"0","0","0",NA
"Falco_subniger","0","3","0","0",NA,NA,NA,"0",NA,"0",NA,"0",NA,NA,NA,"0","0","0","0",NA
"Falco_tinnunculus","0","4","0","0",NA,"0","0","0",NA,NA,NA,"0",NA,NA,NA,"0","0","0","0",NA
"Falco_vespertinus","0","2","0","0",NA,NA,NA,"0",NA,"0",NA,NA,NA,NA,NA,NA,"0","0","0",NA
"Falco_zoniventris","0","2","0","0",NA,NA,NA,"0",NA,"0",NA,NA,NA,NA,NA,NA,"0","0","0",NA
"Falculea_palliata","1","0","2","0",NA,NA,NA,"1",NA,NA,"1",NA,"NK",NA,NA,NA,"0","1","0","NonKin"
"Falcunculus_frontatus","1","0","4","0","1",NA,NA,"1",NA,"1",NA,"1",NA,NA,"K","1","1","0","0","Kin"
"Ferminia_cerverai","0","1","0","0",NA,NA,NA,"0",NA,NA,NA,NA,NA,NA,NA,NA,"0","0","0",NA
"Ficedula_albicollis","0","4","0","0",NA,"0","0","0",NA,NA,NA,"0",NA,NA,NA,"0","0","0","0",NA
"Ficedula_basilanica","0","1","0","0",NA,NA,NA,"0",NA,NA,NA,NA,NA,NA,NA,NA,"0","0","0",NA
"Ficedula_bonthaina","0","1","0","0",NA,NA,NA,"0",NA,NA,NA,NA,NA,NA,NA,NA,"0","0","0",NA
"Ficedula_buruensis","0","1","0","0",NA,NA,NA,"0",NA,NA,NA,NA,NA,NA,NA,NA,"0","0","0",NA
"Ficedula_crypta","0","1","0","0",NA,NA,NA,"0",NA,NA,NA,NA,NA,NA,NA,NA,"0","0","0",NA
"Ficedula_disposita","0","1","0","0",NA,NA,NA,"0",NA,NA,NA,NA,NA,NA,NA,NA,"0","0","0",NA
"Ficedula_dumetoria","0","1","0","0",NA,NA,NA,"0",NA,NA,NA,NA,NA,NA,NA,NA,"0","0","0",NA
"Ficedula_harterti","0","1","0","0",NA,NA,NA,"0",NA,NA,NA,NA,NA,NA,NA,NA,"0","0","0",NA
"Ficedula_henrici","0","1","0","0",NA,NA,NA,"0",NA,NA,NA,NA,NA,NA,NA,NA,"0","0","0",NA
"Ficedula_hodgsonii","0","2","0","0",NA,NA,NA,"0",NA,"0",NA,NA,NA,NA,NA,NA,"0","0","0",NA
"Ficedula_hyperythra","0","2","0","0",NA,NA,NA,"0",NA,"0",NA,NA,NA,NA,NA,NA,"0","0","0",NA
"Ficedula_hypoleuca","0","4","0","0",NA,"0","0","0",NA,NA,NA,"0",NA,NA,NA,"0","0","0","0",NA
"Ficedula_monileger","0","2","0","0",NA,NA,NA,"0",NA,"0",NA,NA,NA,NA,NA,NA,"0","0","0",NA
"Ficedula_mugimaki","0","2","0","0",NA,NA,NA,"0",NA,"0",NA,NA,NA,NA,NA,NA,"0","0","0",NA
"Ficedula_narcissina","0","2","0","0",NA,NA,NA,"0",NA,"0",NA,NA,NA,NA,NA,NA,"0","0","0",NA
"Ficedula_nigrorufa","0","2","0","0",NA,NA,NA,"0",NA,"0",NA,NA,NA,NA,NA,NA,"0","0","0",NA
"Ficedula_parva","0","3","0","0",NA,"0",NA,"0",NA,"0",NA,NA,NA,NA,NA,NA,"0","0","0",NA
"Ficedula_platenae","0","1","0","0",NA,NA,NA,"0",NA,NA,NA,NA,NA,NA,NA,NA,"0","0","0",NA
"Ficedula_rufigula","0","1","0","0",NA,NA,NA,"0",NA,NA,NA,NA,NA,NA,NA,NA,"0","0","0",NA
"Ficedula_sapphira","0","2","0","0",NA,NA,NA,"0",NA,"0",NA,NA,NA,NA,NA,NA,"0","0","0",NA
"Ficedula_semitorquata","0","2","0","0",NA,NA,NA,"0",NA,"0",NA,NA,NA,NA,NA,NA,"0","0","0",NA
"Ficedula_solitaris","0","2","0","0",NA,NA,NA,"0",NA,"0",NA,NA,NA,NA,NA,NA,"0","0","0",NA
"Ficedula_strophiata","0","2","0","0",NA,NA,NA,"0",NA,"0",NA,NA,NA,NA,NA,NA,"0","0","0",NA
"Ficedula_subrubra","0","2","0","0",NA,NA,NA,"0",NA,"0",NA,NA,NA,NA,NA,NA,"0","0","0",NA
"Ficedula_superciliaris","0","2","0","0",NA,NA,NA,"0",NA,"0",NA,NA,NA,NA,NA,NA,"0","0","0",NA
"Ficedula_timorensis","0","1","0","0",NA,NA,NA,"0",NA,NA,NA,NA,NA,NA,NA,NA,"0","0","0",NA
"Ficedula_tricolor","0","1","0","0",NA,NA,NA,"0",NA,NA,NA,NA,NA,NA,NA,NA,"0","0","0",NA
"Ficedula_westermanni","0","2","0","0",NA,NA,NA,"0",NA,"0",NA,NA,NA,NA,NA,NA,"0","0","0",NA
"Ficedula_zanthopygia","0","2","0","0",NA,NA,NA,"0",NA,"0",NA,NA,NA,NA,NA,NA,"0","0","0",NA
"Florisuga_mellivora","0","1","0","0",NA,NA,NA,"0",NA,NA,NA,NA,NA,NA,NA,NA,"0","0","0",NA
"Fluvicola_albiventer","0","2","0","0",NA,NA,NA,"0",NA,"0",NA,NA,NA,NA,NA,NA,"0","0","0",NA
"Fluvicola_nengeta","0","1","0","0",NA,NA,NA,"0",NA,NA,NA,NA,NA,NA,NA,NA,"0","0","0",NA
"Fluvicola_pica","0","2","0","0",NA,NA,NA,"0",NA,"0",NA,NA,NA,NA,NA,NA,"0","0","0",NA
"Formicarius_analis","0","2","0","0",NA,NA,NA,"0",NA,"0",NA,NA,NA,NA,NA,NA,"0","0","0",NA
"Formicarius_colma","0","1","0","0",NA,NA,NA,"0",NA,NA,NA,NA,NA,NA,NA,NA,"0","0","0",NA
"Formicarius_moniliger","0","1","0","0",NA,NA,NA,"0",NA,NA,NA,NA,NA,NA,NA,NA,"0","0","0",NA
"Formicarius_nigricapillus","0","1","0","0",NA,NA,NA,"0",NA,NA,NA,NA,NA,NA,NA,NA,"0","0","0",NA
"Formicarius_rufifrons","0","1","0","0",NA,NA,NA,"0",NA,NA,NA,NA,NA,NA,NA,NA,"0","0","0",NA
"Formicarius_rufipectus","0","1","0","0",NA,NA,NA,"0",NA,NA,NA,NA,NA,NA,NA,NA,"0","0","0",NA
"Formicivora_erythronotos","0","2","0","0",NA,NA,NA,"0",NA,"0",NA,NA,NA,NA,NA,NA,"0","0","0",NA
"Formicivora_grisea","0","2","0","0",NA,NA,NA,"0",NA,NA,NA,"0",NA,NA,NA,"1","0","0","0",NA
"Formicivora_iheringi","0","2","0","0",NA,NA,NA,"0",NA,NA,NA,"0",NA,NA,NA,"1","0","0","0",NA
"Formicivora_intermedia","0","1","0","0",NA,NA,NA,"0",NA,NA,NA,NA,NA,NA,NA,NA,"0","0","0",NA
"Formicivora_littoralis","0","1","0","0",NA,NA,NA,"0",NA,NA,NA,NA,NA,NA,NA,NA,"0","0","0",NA
"Formicivora_melanogaster","0","2","0","0",NA,NA,NA,"0",NA,NA,NA,"0",NA,NA,NA,"1","0","0","0",NA
"Formicivora_rufa","0","3","0","0",NA,NA,NA,"0",NA,"0",NA,"0",NA,NA,NA,"1","0","0","0",NA
"Formicivora_serrana","0","3","0","0",NA,NA,NA,"0",NA,"0",NA,"0",NA,NA,NA,"1","0","0","0",NA
"Forpus_coelestis","0","2","0","0",NA,NA,NA,"0",NA,"0",NA,NA,NA,NA,NA,NA,"0","0","0",NA
"Forpus_conspicillatus","0","1","0","0",NA,NA,NA,"0",NA,NA,NA,NA,NA,NA,NA,NA,"0","0","0",NA
"Forpus_cyanopygius","0","1","0","0",NA,NA,NA,"0",NA,NA,NA,NA,NA,NA,NA,NA,"0","0","0",NA
"Forpus_passerinus","0","3","0","0",NA,NA,"0","0",NA,"0",NA,NA,NA,NA,NA,NA,"0","0","0",NA
"Forpus_xanthops","0","2","0","0",NA,NA,NA,"0",NA,"0",NA,NA,NA,NA,NA,NA,"0","0","0",NA
"Forpus_xanthopterygius","0","1","0","0",NA,NA,NA,"0",NA,NA,NA,NA,NA,NA,NA,NA,"0","0","0",NA
"Foudia_eminentissima","0","2","0","0",NA,NA,NA,"0",NA,"0",NA,NA,NA,NA,NA,NA,"0","0","0",NA
"Foudia_flavicans","0","1","0","0",NA,NA,NA,"0",NA,NA,NA,NA,NA,NA,NA,NA,"0","0","0",NA
"Foudia_madagascariensis","0","2","0","0",NA,NA,NA,"0",NA,"0",NA,NA,NA,NA,NA,NA,"0","0","0",NA
"Foudia_omissa","0","1","0","0",NA,NA,NA,"0",NA,NA,NA,NA,NA,NA,NA,NA,"0","0","0",NA
"Foudia_rubra","0","1","0","0",NA,NA,NA,"0",NA,NA,NA,NA,NA,NA,NA,NA,"0","0","0",NA
"Foudia_sechellarum",NA,"0","0","0",NA,NA,NA,NA,NA,NA,NA,NA,NA,NA,NA,NA,"0","0","0",NA
"Foulehaio_carunculatus","0","2","0","0",NA,NA,NA,"0",NA,"0",NA,NA,NA,NA,NA,NA,"0","0","0",NA
"Francolinus_adspersus","0","2","0","0",NA,NA,NA,"0",NA,"0",NA,NA,NA,NA,NA,NA,"0","0","0",NA
"Francolinus_afer","0","2","0","0",NA,NA,NA,"0",NA,"0",NA,NA,NA,NA,NA,NA,"0","0","0",NA
"Francolinus_africanus","0","2","0","0",NA,NA,NA,"0",NA,"0",NA,NA,NA,NA,NA,NA,"0","0","0",NA
"Francolinus_ahantensis","0","1","0","0",NA,NA,NA,"0",NA,NA,NA,NA,NA,NA,NA,NA,"0","0","0",NA
"Francolinus_albogularis","0","2","0","0",NA,NA,NA,"0",NA,"0",NA,NA,NA,NA,NA,NA,"0","0","0",NA
"Francolinus_bicalcaratus","0","2","0","0",NA,NA,NA,"0",NA,"0",NA,NA,NA,NA,NA,NA,"0","0","0",NA
"Francolinus_camerunensis","0","1","0","0",NA,NA,NA,"0",NA,NA,NA,NA,NA,NA,NA,NA,"0","0","0",NA
"Francolinus_capensis","0","2","0","0",NA,NA,NA,"0",NA,"0",NA,NA,NA,NA,NA,NA,"0","0","0",NA
"Francolinus_castaneicollis","0","2","0","0",NA,NA,NA,"0",NA,"0",NA,NA,NA,NA,NA,NA,"0","0","0",NA
"Francolinus_clappertoni","0","1","0","0",NA,NA,NA,"0",NA,NA,NA,NA,NA,NA,NA,NA,"0","0","0",NA
"Francolinus_coqui","0","2","0","0",NA,NA,NA,"0",NA,"0",NA,NA,NA,NA,NA,NA,"0","0","0",NA
"Francolinus_erckelii","0","3","0","0",NA,NA,NA,"0",NA,"0",NA,"0",NA,NA,NA,"1","0","0","0",NA
"Francolinus_finschi","0","2","0","0",NA,NA,NA,"0",NA,"0",NA,NA,NA,NA,NA,NA,"0","0","0",NA
"Francolinus_francolinus","0","3","0","0",NA,NA,NA,"0",NA,"0",NA,"0",NA,NA,NA,"1","0","0","0",NA
"Francolinus_griseostriatus","0","1","0","0",NA,NA,NA,"0",NA,NA,NA,NA,NA,NA,NA,NA,"0","0","0",NA
"Francolinus_gularis","0","2","0","0",NA,NA,NA,"0",NA,"0",NA,NA,NA,NA,NA,NA,"0","0","0",NA
"Francolinus_hartlaubi","0","2","0","0",NA,NA,NA,"0",NA,"0",NA,NA,NA,NA,NA,NA,"0","0","0",NA
"Francolinus_harwoodi","0","1","0","0",NA,NA,NA,"0",NA,NA,NA,NA,NA,NA,NA,NA,"0","0","0",NA
"Francolinus_hildebrandti","0","2","0","0",NA,NA,NA,"0",NA,"0",NA,NA,NA,NA,NA,NA,"0","0","0",NA
"Francolinus_icterorhynchus","0","2","0","0",NA,NA,NA,"0",NA,"0",NA,NA,NA,NA,NA,NA,"0","0","0",NA
"Francolinus_jacksoni","0","1","0","0",NA,NA,NA,"0",NA,NA,NA,NA,NA,NA,NA,NA,"0","0","0",NA
"Francolinus_lathami","0","2","0","0",NA,NA,NA,"0",NA,"0",NA,NA,NA,NA,NA,NA,"0","0","0",NA
"Francolinus_leucoscepus","0","2","0","0",NA,NA,NA,"0",NA,"0",NA,NA,NA,NA,NA,NA,"0","0","0",NA
"Francolinus_levaillantii","0","2","0","0",NA,NA,NA,"0",NA,"0",NA,NA,NA,NA,NA,NA,"0","0","0",NA
"Francolinus_levaillantoides","0","2","0","0",NA,NA,NA,"0",NA,"0",NA,NA,NA,NA,NA,NA,"0","0","0",NA
"Francolinus_nahani","0","1","0","0",NA,NA,NA,"0",NA,NA,NA,NA,NA,NA,NA,NA,"0","0","0",NA
"Francolinus_natalensis","0","2","0","0",NA,NA,NA,"0",NA,"0",NA,NA,NA,NA,NA,NA,"0","0","0",NA
"Francolinus_nobilis","0","1","0","0",NA,NA,NA,"0",NA,NA,NA,NA,NA,NA,NA,NA,"0","0","0",NA
"Francolinus_ochropectus","0","1","0","0",NA,NA,NA,"0",NA,NA,NA,NA,NA,NA,NA,NA,"0","0","0",NA
"Francolinus_pictus","0","3","0","0",NA,NA,NA,"0",NA,"0",NA,"0",NA,NA,NA,"1","0","0","0",NA
"Francolinus_pintadeanus","0","2","0","0",NA,NA,NA,"0",NA,NA,NA,"0",NA,NA,NA,"1","0","0","0",NA
"Francolinus_pondicerianus","0","2","0","0",NA,NA,NA,"0",NA,"0",NA,NA,NA,NA,NA,NA,"0","0","0",NA
"Francolinus_psilolaemus","0","2","0","0",NA,NA,NA,"0",NA,"0",NA,NA,NA,NA,NA,NA,"0","0","0",NA
"Francolinus_rufopictus","0","2","0","0",NA,NA,NA,"0",NA,"0",NA,NA,NA,NA,NA,NA,"0","0","0",NA
"Francolinus_schlegelii","0","2","0","0",NA,NA,NA,"0",NA,"0",NA,NA,NA,NA,NA,NA,"0","0","0",NA
"Francolinus_sephaena","0","2","0","0",NA,NA,NA,"0",NA,"0",NA,NA,NA,NA,NA,NA,"0","0","0",NA
"Francolinus_shelleyi","0","2","0","0",NA,NA,NA,"0",NA,"0",NA,NA,NA,NA,NA,NA,"0","0","0",NA
"Francolinus_squamatus","0","2","0","0",NA,NA,NA,"0",NA,"0",NA,NA,NA,NA,NA,NA,"0","0","0",NA
"Francolinus_streptophorus","0","2","0","0",NA,NA,NA,"0",NA,"0",NA,NA,NA,NA,NA,NA,"0","0","0",NA
"Francolinus_swainsonii","0","2","0","0",NA,NA,NA,"0",NA,"0",NA,NA,NA,NA,NA,NA,"0","0","0",NA
"Francolinus_swierstrai","0","1","0","0",NA,NA,NA,"0",NA,NA,NA,NA,NA,NA,NA,NA,"0","0","0",NA
"Fraseria_cinerascens","0","2","0","0",NA,NA,NA,"0",NA,"0",NA,NA,NA,NA,NA,NA,"0","0","0",NA
"Fraseria_ocreata","1","0","2","0",NA,NA,NA,"1",NA,"1",NA,NA,NA,NA,NA,NA,"0","0","0",NA
"Fratercula_arctica","0","3","0","0",NA,"0","0",NA,NA,"0",NA,NA,NA,NA,NA,NA,"0","0","0",NA
"Fratercula_cirrhata","0","1","0","0",NA,NA,NA,NA,NA,"0",NA,NA,NA,NA,NA,NA,"0","0","0",NA
"Fratercula_corniculata","0","1","0","0",NA,NA,NA,NA,NA,"0",NA,NA,NA,NA,NA,NA,"0","0","0",NA
"Frederickena_unduligera","0","1","0","0",NA,NA,NA,"0",NA,NA,NA,NA,NA,NA,NA,NA,"0","0","0",NA
"Frederickena_viridis","0","1","0","0",NA,NA,NA,"0",NA,NA,NA,NA,NA,NA,NA,NA,"0","0","0",NA
"Fregata_andrewsi","0","1","0","0",NA,NA,NA,NA,NA,"0",NA,NA,NA,NA,NA,NA,"0","0","0",NA
"Fregata_aquila","0","1","0","0",NA,NA,NA,NA,NA,"0",NA,NA,NA,NA,NA,NA,"0","0","0",NA
"Fregata_ariel","0","1","0","0",NA,NA,NA,NA,NA,"0",NA,NA,NA,NA,NA,NA,"0","0","0",NA
"Fregata_magnificens","0","1","0","0",NA,NA,NA,NA,NA,"0",NA,NA,NA,NA,NA,NA,"0","0","0",NA
"Fregata_minor","0","2","0","0",NA,"0",NA,NA,NA,"0",NA,NA,NA,NA,NA,NA,"0","0","0",NA
"Fregetta_grallaria","0","1","0","0",NA,NA,NA,NA,NA,"0",NA,NA,NA,NA,NA,NA,"0","0","0",NA
"Fregetta_tropica","0","1","0","0",NA,NA,NA,NA,NA,"0",NA,NA,NA,NA,NA,NA,"0","0","0",NA
"Fringilla_coelebs","0","5","0","0",NA,"0","0","0",NA,"0",NA,"0",NA,NA,NA,"0","0","0","0",NA
"Fringilla_montifringilla","0","2","0","0",NA,NA,NA,"0",NA,"0",NA,NA,NA,NA,NA,NA,"0","0","0",NA
"Fringilla_teydea","0","1","0","0",NA,NA,NA,"0",NA,NA,NA,NA,NA,NA,NA,NA,"0","0","0",NA
"Fulica_alai","0","2","0","0",NA,NA,NA,"0",NA,"0",NA,NA,NA,NA,NA,NA,"0","0","0",NA
"Fulica_americana","0","3","0","0",NA,NA,NA,"0",NA,"0",NA,"0",NA,NA,NA,"0","0","0","0",NA
"Fulica_ardesiaca","1","0","3","0",NA,NA,NA,"1",NA,"1","1",NA,"K",NA,NA,NA,"1","0","0","Kin"
"Fulica_armillata","0","2","0","0",NA,NA,NA,"0",NA,"0",NA,NA,NA,NA,NA,NA,"0","0","0",NA
"Fulica_atra","1","0","3","0",NA,NA,NA,"1",NA,"1","1",NA,"K",NA,NA,NA,"1","0","0","Kin"
"Fulica_caribaea","0","1","0","0",NA,NA,NA,"0",NA,NA,NA,NA,NA,NA,NA,NA,"0","0","0",NA
"Fulica_cornuta","0","2","0","0",NA,NA,NA,"0",NA,"0",NA,NA,NA,NA,NA,NA,"0","0","0",NA
"Fulica_cristata","1","0","4","0",NA,NA,NA,"1",NA,"1","1","1","K",NA,"K","1","2","0","0","Kin"
"Fulica_gigantea","1","0","4","0",NA,NA,NA,"1",NA,"1","1","1","K",NA,"K","1","2","0","0","Kin"
"Fulica_leucoptera","0","2","0","0",NA,NA,NA,"0",NA,"0",NA,NA,NA,NA,NA,NA,"0","0","0",NA
"Fulica_rufifrons","0","2","0","0",NA,NA,NA,"0",NA,"0",NA,NA,NA,NA,NA,NA,"0","0","0",NA
"Fulmarus_glacialis","0","3","0","0",NA,"0","0",NA,NA,"0",NA,NA,NA,NA,NA,NA,"0","0","0",NA
"Fulmarus_glacialoides","0","1","0","0",NA,NA,NA,NA,NA,"0",NA,NA,NA,NA,NA,NA,"0","0","0",NA
"Furnarius_cinnamomeus","0","1","0","0",NA,NA,NA,"0",NA,NA,NA,NA,NA,NA,NA,NA,"0","0","0",NA
"Furnarius_cristatus","0","1","0","0",NA,NA,NA,"0",NA,NA,NA,NA,NA,NA,NA,NA,"0","0","0",NA
"Furnarius_figulus","0","1","0","0",NA,NA,NA,"0",NA,NA,NA,NA,NA,NA,NA,NA,"0","0","0",NA
"Furnarius_leucopus","0","2","0","0",NA,NA,NA,"0",NA,"0",NA,NA,NA,NA,NA,NA,"0","0","0",NA
"Furnarius_longirostris","0","1","0","0",NA,NA,NA,"0",NA,NA,NA,NA,NA,NA,NA,NA,"0","0","0",NA
"Furnarius_minor","0","1","0","0",NA,NA,NA,"0",NA,NA,NA,NA,NA,NA,NA,NA,"0","0","0",NA
"Furnarius_rufus","0","2","0","0",NA,NA,NA,"0",NA,"0",NA,NA,NA,NA,NA,NA,"0","0","0",NA
"Furnarius_torridus","0","1","0","0",NA,NA,NA,"0",NA,NA,NA,NA,NA,NA,NA,NA,"0","0","0",NA
"Galbalcyrhynchus_leucotis","1","0","1","0",NA,NA,NA,"1",NA,NA,NA,NA,NA,NA,NA,NA,"0","0","0",NA
"Galbalcyrhynchus_purusianus","1","1","1","1",NA,NA,NA,"1",NA,"0",NA,NA,NA,NA,NA,NA,"0","0","0",NA
"Galbula_albirostris","1","0","1","0",NA,NA,NA,"1",NA,NA,NA,NA,NA,NA,NA,NA,"0","0","0",NA
"Galbula_chalcothorax","1","0","1","0",NA,NA,NA,"1",NA,NA,NA,NA,NA,NA,NA,NA,"0","0","0",NA
"Galbula_cyanescens","1","0","1","0",NA,NA,NA,"1",NA,NA,NA,NA,NA,NA,NA,NA,"0","0","0",NA
"Galbula_cyanicollis","1","0","1","0",NA,NA,NA,"1",NA,NA,NA,NA,NA,NA,NA,NA,"0","0","0",NA
"Galbula_dea","1","0","1","0",NA,NA,NA,"1",NA,NA,NA,NA,NA,NA,NA,NA,"0","0","0",NA
"Galbula_galbula","1","1","1","1",NA,NA,NA,"1",NA,"0",NA,NA,NA,NA,NA,NA,"0","0","0",NA
"Galbula_leucogastra","1","0","1","0",NA,NA,NA,"1",NA,NA,NA,NA,NA,NA,NA,NA,"0","0","0",NA
"Galbula_pastazae","1","0","1","0",NA,NA,NA,"1",NA,NA,NA,NA,NA,NA,NA,NA,"0","0","0",NA
"Galbula_ruficauda","1","0","3","0",NA,NA,NA,"1",NA,"1",NA,"1",NA,NA,"K","1","1","0","0","Kin"
"Galbula_tombacea","1","0","1","0",NA,NA,NA,"1",NA,NA,NA,NA,NA,NA,NA,NA,"0","0","0",NA
"Galerida_cristata","0","1","0","0",NA,NA,NA,"0",NA,NA,NA,NA,NA,NA,NA,NA,"0","0","0",NA
"Galerida_deva","0","2","0","0",NA,NA,NA,"0",NA,"0",NA,NA,NA,NA,NA,NA,"0","0","0",NA
"Galerida_magnirostris","0","3","0","0",NA,NA,NA,"0",NA,"0",NA,"0",NA,NA,NA,"1","0","0","0",NA
"Galerida_malabarica","0","3","0","0",NA,NA,NA,"0",NA,"0",NA,"0",NA,NA,NA,"0","0","0","0",NA
"Galerida_modesta","0","1","0","0",NA,NA,NA,"0",NA,NA,NA,NA,NA,NA,NA,NA,"0","0","0",NA
"Galerida_theklae","0","2","0","0",NA,NA,NA,"0",NA,"0",NA,NA,NA,NA,NA,NA,"0","0","0",NA
"Gallicolumba_beccarii","0","1","0","0",NA,NA,NA,"0",NA,NA,NA,NA,NA,NA,NA,NA,"0","0","0",NA
"Gallicolumba_canifrons","0","1","0","0",NA,NA,NA,"0",NA,NA,NA,NA,NA,NA,NA,NA,"0","0","0",NA
"Gallicolumba_crinigera","0","2","0","0",NA,NA,NA,"0",NA,NA,NA,"0",NA,NA,NA,"0","0","0","0",NA
"Gallicolumba_erythroptera",NA,"0","0","0",NA,NA,NA,NA,NA,NA,NA,NA,NA,NA,NA,NA,"0","0","0",NA
"Gallicolumba_hoedtii","0","1","0","0",NA,NA,NA,"0",NA,NA,NA,NA,NA,NA,NA,NA,"0","0","0",NA
"Gallicolumba_jobiensis","0","1","0","0",NA,NA,NA,"0",NA,NA,NA,NA,NA,NA,NA,NA,"0","0","0",NA
"Gallicolumba_keayi","0","1","0","0",NA,NA,NA,"0",NA,NA,NA,NA,NA,NA,NA,NA,"0","0","0",NA
"Gallicolumba_kubaryi","0","1","0","0",NA,NA,NA,"0",NA,NA,NA,NA,NA,NA,NA,NA,"0","0","0",NA
"Gallicolumba_luzonica","0","3","0","0",NA,NA,NA,"0",NA,"0",NA,"0",NA,NA,NA,"0","0","0","0",NA
"Gallicolumba_menagei","0","1","0","0",NA,NA,NA,"0",NA,NA,NA,NA,NA,NA,NA,NA,"0","0","0",NA
"Gallicolumba_platenae","0","1","0","0",NA,NA,NA,"0",NA,NA,NA,NA,NA,NA,NA,NA,"0","0","0",NA
"Gallicolumba_rubescens",NA,"0","0","0",NA,NA,NA,NA,NA,NA,NA,NA,NA,NA,NA,NA,"0","0","0",NA
"Gallicolumba_rufigula","0","2","0","0",NA,NA,NA,"0",NA,"0",NA,NA,NA,NA,NA,NA,"0","0","0",NA
"Gallicolumba_sanctaecrucis","0","1","0","0",NA,NA,NA,"0",NA,NA,NA,NA,NA,NA,NA,NA,"0","0","0",NA
"Gallicolumba_stairi","0","1","0","0",NA,NA,NA,"0",NA,NA,NA,NA,NA,NA,NA,NA,"0","0","0",NA
"Gallicolumba_tristigmata","0","1","0","0",NA,NA,NA,"0",NA,NA,NA,NA,NA,NA,NA,NA,"0","0","0",NA
"Gallicolumba_xanthonura","0","1","0","0",NA,NA,NA,"0",NA,NA,NA,NA,NA,NA,NA,NA,"0","0","0",NA
"Gallicrex_cinerea","0","2","0","0",NA,NA,NA,"0",NA,"0",NA,NA,NA,NA,NA,NA,"0","0","0",NA
"Gallinago_andina",NA,"0","0","0",NA,NA,NA,NA,NA,NA,NA,NA,NA,NA,NA,NA,"0","0","0",NA
"Gallinago_gallinago","0","2","0","0",NA,NA,NA,"0",NA,"0",NA,NA,NA,NA,NA,NA,"0","0","0",NA
"Gallinago_hardwickii","0","2","0","0",NA,NA,NA,"0",NA,"0",NA,NA,NA,NA,NA,NA,"0","0","0",NA
"Gallinago_imperialis","0","1","0","0",NA,NA,NA,"0",NA,NA,NA,NA,NA,NA,NA,NA,"0","0","0",NA
"Gallinago_jamesoni","0","1","0","0",NA,NA,NA,"0",NA,NA,NA,NA,NA,NA,NA,NA,"0","0","0",NA
"Gallinago_macrodactyla","0","1","0","0",NA,NA,NA,"0",NA,NA,NA,NA,NA,NA,NA,NA,"0","0","0",NA
"Gallinago_media","0","2","0","0",NA,NA,NA,"0",NA,"0",NA,NA,NA,NA,NA,NA,"0","0","0",NA
"Gallinago_megala","0","2","0","0",NA,NA,NA,"0",NA,"0",NA,NA,NA,NA,NA,NA,"0","0","0",NA
"Gallinago_nemoricola","0","1","0","0",NA,NA,NA,"0",NA,NA,NA,NA,NA,NA,NA,NA,"0","0","0",NA
"Gallinago_nigripennis","0","3","0","0",NA,NA,NA,"0",NA,"0",NA,"0",NA,NA,NA,"0","0","0","0",NA
"Gallinago_nobilis","0","1","0","0",NA,NA,NA,"0",NA,NA,NA,NA,NA,NA,NA,NA,"0","0","0",NA
"Gallinago_paraguaiae","0","1","0","0",NA,NA,NA,"0",NA,NA,NA,NA,NA,NA,NA,NA,"0","0","0",NA
"Gallinago_solitaria","0","1","0","0",NA,NA,NA,"0",NA,NA,NA,NA,NA,NA,NA,NA,"0","0","0",NA
"Gallinago_stenura","0","2","0","0",NA,NA,NA,"0",NA,"0",NA,NA,NA,NA,NA,NA,"0","0","0",NA
"Gallinago_stricklandii","0","1","0","0",NA,NA,NA,"0",NA,NA,NA,NA,NA,NA,NA,NA,"0","0","0",NA
"Gallinago_undulata","0","1","0","0",NA,NA,NA,"0",NA,NA,NA,NA,NA,NA,NA,NA,"0","0","0",NA
"Gallinula_angulata","0","2","0","0",NA,NA,NA,"0",NA,"0",NA,NA,NA,NA,NA,NA,"0","0","0",NA
"Gallinula_chloropus","1","1","5","1",NA,"0","1","1",NA,"1","1","1","M","K","K","1","2","0","1","Kin"
"Gallinula_melanops","0","2","0","0",NA,NA,NA,"0",NA,"0",NA,NA,NA,NA,NA,NA,"0","0","0",NA
"Gallinula_mortierii","1","1","4","1",NA,"0","1","1",NA,"1","1",NA,"M","K",NA,NA,"1","0","1","Kin"
"Gallinula_nesiotis","1","0","2","0",NA,NA,NA,NA,NA,"1","1",NA,"K",NA,NA,NA,"1","0","0","Kin"
"Gallinula_silvestris","0","1","0","0",NA,NA,NA,"0",NA,NA,NA,NA,NA,NA,NA,NA,"0","0","0",NA
"Gallinula_tenebrosa","1","0","5","0","1",NA,NA,"1",NA,"1","1","1","M",NA,"K","1","1","0","1","Kin"
"Gallinula_ventralis","0","2","0","0",NA,NA,NA,"0",NA,"0",NA,NA,NA,NA,NA,NA,"0","0","0",NA
"Gallirallus_australis","0","2","0","0",NA,NA,NA,"0",NA,NA,NA,"0",NA,NA,NA,"1","0","0","0",NA
"Gallirallus_insignis","0","1","0","0",NA,NA,NA,"0",NA,NA,NA,NA,NA,NA,NA,NA,"0","0","0",NA
"Gallirallus_okinawae","0","1","0","0",NA,NA,NA,"0",NA,NA,NA,NA,NA,NA,NA,NA,"0","0","0",NA
"Gallirallus_owstoni","0","1","0","0",NA,NA,NA,"0",NA,NA,NA,NA,NA,NA,NA,NA,"0","0","0",NA
"Gallirallus_philippensis","0","3","0","0",NA,NA,NA,"0",NA,"0",NA,"0",NA,NA,NA,"0","0","0","0",NA
"Gallirallus_rovianae","0","1","0","0",NA,NA,NA,"0",NA,NA,NA,NA,NA,NA,NA,NA,"0","0","0",NA
"Gallirallus_striatus","0","2","0","0",NA,NA,NA,"0",NA,"0",NA,NA,NA,NA,NA,NA,"0","0","0",NA
"Gallirallus_sylvestris","1","0","2","0",NA,NA,NA,NA,NA,"1","1",NA,"K",NA,NA,NA,"1","0","0","Kin"
"Gallirallus_torquatus","0","1","0","0",NA,NA,NA,"0",NA,NA,NA,NA,NA,NA,NA,NA,"0","0","0",NA
"Galloperdix_bicalcarata","0","2","0","0",NA,NA,NA,"0",NA,NA,NA,"0",NA,NA,NA,"1","0","0","0",NA
"Galloperdix_lunulata","0","2","0","0",NA,NA,NA,"0",NA,NA,NA,"0",NA,NA,NA,"0","0","0","0",NA
"Galloperdix_spadicea","0","2","0","0",NA,NA,NA,"0",NA,"0",NA,NA,NA,NA,NA,NA,"0","0","0",NA
"Gallus_gallus","0","2","0","0",NA,NA,NA,"0",NA,"0",NA,NA,NA,NA,NA,NA,"0","0","0",NA
"Gallus_lafayetii","0","1","0","0",NA,NA,NA,"0",NA,NA,NA,NA,NA,NA,NA,NA,"0","0","0",NA
"Gallus_sonneratii","0","1","0","0",NA,NA,NA,"0",NA,NA,NA,NA,NA,NA,NA,NA,"0","0","0",NA
"Gallus_varius","0","2","0","0",NA,NA,NA,"0",NA,NA,NA,"0",NA,NA,NA,"1","0","0","0",NA
"Gampsonyx_swainsonii","0","2","0","0",NA,NA,NA,"0",NA,"0",NA,NA,NA,NA,NA,NA,"0","0","0",NA
"Gampsorhynchus_rufulus","0","2","0","0",NA,NA,NA,"0",NA,NA,NA,"0",NA,NA,NA,"0","0","0","0",NA
"Garrodia_nereis","0","1","0","0",NA,NA,NA,NA,NA,"0",NA,NA,NA,NA,NA,NA,"0","0","0",NA
"Garrulax_affinis","0","2","0","0",NA,NA,NA,"0",NA,"0",NA,NA,NA,NA,NA,NA,"0","0","0",NA
"Garrulax_albogularis","1","1","1","1",NA,NA,NA,"1",NA,"0",NA,NA,NA,NA,NA,NA,"0","0","0",NA
"Garrulax_austeni","0","2","0","0",NA,NA,NA,"0",NA,NA,NA,"0",NA,NA,NA,"1","0","0","0",NA
"Garrulax_bieti","0","1","0","0",NA,NA,NA,"0",NA,NA,NA,NA,NA,NA,NA,NA,"0","0","0",NA
"Garrulax_caerulatus","0","1","0","0",NA,NA,NA,"0",NA,NA,NA,NA,NA,NA,NA,NA,"0","0","0",NA
"Garrulax_calvus","1","0","1","0",NA,NA,NA,"1",NA,NA,NA,NA,NA,NA,NA,NA,"0","0","0",NA
"Garrulax_canorus","0","1","0","0",NA,NA,NA,"0",NA,NA,NA,NA,NA,NA,NA,NA,"0","0","0",NA
"Garrulax_chinensis","1","0","1","0",NA,NA,NA,"1",NA,NA,NA,NA,NA,NA,NA,NA,"0","0","0",NA
"Garrulax_cineraceus","0","2","0","0",NA,NA,NA,"0",NA,"0",NA,NA,NA,NA,NA,NA,"0","0","0",NA
"Garrulax_cinereifrons","1","1","1","1",NA,NA,NA,"1",NA,"0",NA,NA,NA,NA,NA,NA,"0","0","0",NA
"Garrulax_davidi","1","0","1","0",NA,NA,NA,"1",NA,NA,NA,NA,NA,NA,NA,NA,"0","0","0",NA
"Garrulax_delesserti","1","1","1","1",NA,NA,NA,"1",NA,"0",NA,NA,NA,NA,NA,NA,"0","0","0",NA
"Garrulax_elliotii","0","1","0","0",NA,NA,NA,"0",NA,NA,NA,NA,NA,NA,NA,NA,"0","0","0",NA
"Garrulax_erythrocephalus","0","2","0","0",NA,NA,NA,"0",NA,"0",NA,NA,NA,NA,NA,NA,"0","0","0",NA
"Garrulax_formosus","0","1","0","0",NA,NA,NA,"0",NA,NA,NA,NA,NA,NA,NA,NA,"0","0","0",NA
"Garrulax_galbanus","1","1","1","1",NA,NA,NA,"1",NA,"0",NA,NA,NA,NA,NA,NA,"0","0","0",NA
"Garrulax_gularis","1","0","1","0",NA,NA,NA,"1",NA,NA,NA,NA,NA,NA,NA,NA,"0","0","0",NA
"Garrulax_henrici","0","2","0","0",NA,NA,NA,"0",NA,"0",NA,NA,NA,NA,NA,NA,"0","0","0",NA
"Garrulax_leucolophus","1","1","1","1",NA,NA,NA,"1",NA,"0",NA,NA,NA,NA,NA,NA,"0","0","0",NA
"Garrulax_lineatus","0","2","0","0",NA,NA,NA,"0",NA,"0",NA,NA,NA,NA,NA,NA,"0","0","0",NA
"Garrulax_lugubris","1","1","1","1",NA,NA,NA,"1",NA,"0",NA,NA,NA,NA,NA,NA,"0","0","0",NA
"Garrulax_lunulatus","0","1","0","0",NA,NA,NA,"0",NA,NA,NA,NA,NA,NA,NA,NA,"0","0","0",NA
"Garrulax_maesi","1","0","1","0",NA,NA,NA,"1",NA,NA,NA,NA,NA,NA,NA,NA,"0","0","0",NA
"Garrulax_maximus","0","1","0","0",NA,NA,NA,"0",NA,NA,NA,NA,NA,NA,NA,NA,"0","0","0",NA
"Garrulax_merulinus","0","2","0","0",NA,NA,NA,"0",NA,NA,NA,"0",NA,NA,NA,"1","0","0","0",NA
"Garrulax_milleti","1","0","1","0",NA,NA,NA,"1",NA,NA,NA,NA,NA,NA,NA,NA,"0","0","0",NA
"Garrulax_milnei","1","1","1","1",NA,NA,NA,"1",NA,"0",NA,NA,NA,NA,NA,NA,"0","0","0",NA
"Garrulax_mitratus","0","2","0","0",NA,NA,NA,"0",NA,"0",NA,NA,NA,NA,NA,NA,"0","0","0",NA
"Garrulax_monileger","0","3","0","0",NA,NA,NA,"0",NA,"0",NA,"0",NA,NA,NA,"0","0","0","0",NA
"Garrulax_morrisonianus","0","1","0","0",NA,NA,NA,"0",NA,NA,NA,NA,NA,NA,NA,NA,"0","0","0",NA
"Garrulax_nuchalis","1","0","1","0",NA,NA,NA,"1",NA,NA,NA,NA,NA,NA,NA,NA,"0","0","0",NA
"Garrulax_ocellatus","0","2","0","0",NA,NA,NA,"0",NA,NA,NA,"0",NA,NA,NA,"1","0","0","0",NA
"Garrulax_palliatus","1","1","1","1",NA,NA,NA,"1",NA,"0",NA,NA,NA,NA,NA,NA,"0","0","0",NA
"Garrulax_pectoralis","1","1","1","1",NA,NA,NA,"1",NA,"0",NA,NA,NA,NA,NA,NA,"0","0","0",NA
"Garrulax_perspicillatus","1","1","1","1",NA,NA,NA,"1",NA,NA,NA,"0",NA,NA,NA,"1","0","0","0",NA
"Garrulax_poecilorhynchus","0","2","0","0",NA,NA,NA,"0",NA,NA,NA,"0",NA,NA,NA,"1","0","0","0",NA
"Garrulax_ruficollis","0","2","0","0",NA,NA,NA,"0",NA,"0",NA,NA,NA,NA,NA,NA,"0","0","0",NA
"Garrulax_rufifrons","1","0","1","0",NA,NA,NA,"1",NA,NA,NA,NA,NA,NA,NA,NA,"0","0","0",NA
"Garrulax_rufogularis","0","3","0","0",NA,NA,NA,"0",NA,"0",NA,"0",NA,NA,NA,"1","0","0","0",NA
"Garrulax_sannio","0","2","0","0",NA,NA,NA,"0",NA,"0",NA,NA,NA,NA,NA,NA,"0","0","0",NA
"Garrulax_squamatus","0","2","0","0",NA,NA,NA,"0",NA,NA,NA,"0",NA,NA,NA,"1","0","0","0",NA
"Garrulax_strepitans","1","1","1","1",NA,NA,NA,"1",NA,"0",NA,NA,NA,NA,NA,NA,"0","0","0",NA
"Garrulax_striatus","0","2","0","0",NA,NA,NA,"0",NA,"0",NA,NA,NA,NA,NA,NA,"0","0","0",NA
"Garrulax_subunicolor","0","1","0","0",NA,NA,NA,"0",NA,NA,NA,NA,NA,NA,NA,NA,"0","0","0",NA
"Garrulax_sukatschewi","0","2","0","0",NA,NA,NA,"0",NA,"0",NA,NA,NA,NA,NA,NA,"0","0","0",NA
"Garrulax_variegatus","0","2","0","0",NA,NA,NA,"0",NA,"0",NA,NA,NA,NA,NA,NA,"0","0","0",NA
"Garrulax_vassali","1","0","1","0",NA,NA,NA,"1",NA,NA,NA,NA,NA,NA,NA,NA,"0","0","0",NA
"Garrulax_virgatus","0","1","0","0",NA,NA,NA,"0",NA,NA,NA,NA,NA,NA,NA,NA,"0","0","0",NA
"Garrulax_yersini","0","1","0","0",NA,NA,NA,"0",NA,NA,NA,NA,NA,NA,NA,NA,"0","0","0",NA
"Garrulus_glandarius","0","3","0","0",NA,NA,NA,"0",NA,"0",NA,"0",NA,NA,NA,"0","0","0","0",NA
"Garrulus_lanceolatus","0","2","0","0",NA,NA,NA,"0",NA,"0",NA,NA,NA,NA,NA,NA,"0","0","0",NA
"Garrulus_lidthi","1","0","2","0",NA,NA,NA,"1",NA,"1",NA,NA,NA,NA,NA,NA,"0","0","0",NA
"Gavia_adamsii","0","3","0","0",NA,NA,NA,"0",NA,"0",NA,"0",NA,NA,NA,"0","0","0","0",NA
"Gavia_arctica","0","3","0","0",NA,NA,NA,"0",NA,"0",NA,"0",NA,NA,NA,"0","0","0","0",NA
"Gavia_immer","0","5","0","0",NA,"0","0","0",NA,"0",NA,"0",NA,NA,NA,"0","0","0","0",NA
"Gavia_pacifica","0","1","0","0",NA,NA,NA,NA,NA,NA,NA,"0",NA,NA,NA,"0","0","0","0",NA
"Gavia_stellata","0","3","0","0",NA,NA,NA,"0",NA,"0",NA,"0",NA,NA,NA,"0","0","0","0",NA
"Gecinulus_grantia","0","2","0","0",NA,NA,NA,"0",NA,NA,NA,"0",NA,NA,NA,"1","0","0","0",NA
"Gecinulus_viridis","0","2","0","0",NA,NA,NA,"0",NA,NA,NA,"0",NA,NA,NA,"1","0","0","0",NA
"Geococcyx_californianus","0","3","0","0",NA,NA,NA,"0",NA,"0",NA,"0",NA,NA,NA,"0","0","0","0",NA
"Geococcyx_velox","0","2","0","0",NA,NA,NA,"0",NA,"0",NA,NA,NA,NA,NA,NA,"0","0","0",NA
"Geocolaptes_olivaceus","1","0","3","0",NA,NA,NA,"1",NA,"1",NA,"1",NA,NA,"K","1","1","0","0","Kin"
"Geoffroyus_geoffroyi","0","1","0","0",NA,NA,NA,"0",NA,NA,NA,NA,NA,NA,NA,NA,"0","0","0",NA
"Geoffroyus_heteroclitus","0","2","0","0",NA,NA,NA,"0",NA,"0",NA,NA,NA,NA,NA,NA,"0","0","0",NA
"Geoffroyus_simplex","0","1","0","0",NA,NA,NA,"0",NA,NA,NA,NA,NA,NA,NA,NA,"0","0","0",NA
"Geomalia_heinrichi","0","1","0","0",NA,NA,NA,"0",NA,NA,NA,NA,NA,NA,NA,NA,"0","0","0",NA
"Geopelia_cuneata","0","3","0","0",NA,NA,NA,"0",NA,"0",NA,"0",NA,NA,NA,"0","0","0","0",NA
"Geopelia_humeralis","0","2","0","0",NA,NA,NA,"0",NA,"0",NA,NA,NA,NA,NA,NA,"0","0","0",NA
"Geopelia_maugeus","0","1","0","0",NA,NA,NA,"0",NA,NA,NA,NA,NA,NA,NA,NA,"0","0","0",NA
"Geopelia_placida","0","2","0","0",NA,NA,NA,"0",NA,"0",NA,NA,NA,NA,NA,NA,"0","0","0",NA
"Geopelia_striata","0","3","0","0",NA,NA,NA,"0",NA,"0",NA,"0",NA,NA,NA,"0","0","0","0",NA
"Geophaps_plumifera","0","3","0","0",NA,NA,NA,"0",NA,"0",NA,"0",NA,NA,NA,"0","0","0","0",NA
"Geophaps_scripta","0","2","0","0",NA,NA,NA,"0",NA,"0",NA,NA,NA,NA,NA,NA,"0","0","0",NA
"Geophaps_smithii","0","3","0","0",NA,NA,NA,"0",NA,"0",NA,"0",NA,NA,NA,"0","0","0","0",NA
"Geositta_antarctica","0","1","0","0",NA,NA,NA,"0",NA,NA,NA,NA,NA,NA,NA,NA,"0","0","0",NA
"Geositta_crassirostris","0","1","0","0",NA,NA,NA,"0",NA,NA,NA,NA,NA,NA,NA,NA,"0","0","0",NA
"Geositta_cunicularia","0","2","0","0",NA,NA,NA,"0",NA,"0",NA,NA,NA,NA,NA,NA,"0","0","0",NA
"Geositta_isabellina","0","1","0","0",NA,NA,NA,"0",NA,NA,NA,NA,NA,NA,NA,NA,"0","0","0",NA
"Geositta_maritima","0","1","0","0",NA,NA,NA,"0",NA,NA,NA,NA,NA,NA,NA,NA,"0","0","0",NA
"Geositta_peruviana","0","1","0","0",NA,NA,NA,"0",NA,NA,NA,NA,NA,NA,NA,NA,"0","0","0",NA
"Geositta_punensis","0","1","0","0",NA,NA,NA,"0",NA,NA,NA,NA,NA,NA,NA,NA,"0","0","0",NA
"Geositta_rufipennis","0","1","0","0",NA,NA,NA,"0",NA,NA,NA,NA,NA,NA,NA,NA,"0","0","0",NA
"Geositta_saxicolina","0","1","0","0",NA,NA,NA,"0",NA,NA,NA,NA,NA,NA,NA,NA,"0","0","0",NA
"Geositta_tenuirostris","0","1","0","0",NA,NA,NA,"0",NA,NA,NA,NA,NA,NA,NA,NA,"0","0","0",NA
"Geospiza_conirostris","0","1","0","0",NA,NA,NA,NA,NA,"0",NA,NA,NA,NA,NA,NA,"0","0","0",NA
"Geospiza_difficilis","0","2","0","0",NA,NA,NA,"0",NA,"0",NA,NA,NA,NA,NA,NA,"0","0","0",NA
"Geospiza_fortis","1","2","3","1",NA,"0","0","1",NA,"1",NA,"1",NA,NA,"NK","0","0","1","0","NonKin"
"Geospiza_fuliginosa","0","2","0","0",NA,NA,NA,"0",NA,"0",NA,NA,NA,NA,NA,NA,"0","0","0",NA
"Geospiza_magnirostris","0","2","0","0",NA,NA,NA,"0",NA,"0",NA,NA,NA,NA,NA,NA,"0","0","0",NA
"Geospiza_scandens","1","2","4","1",NA,"0","0","1",NA,"1","1","1","NK",NA,"NK","0","0","2","0","NonKin"
"Geothlypis_aequinoctialis","0","1","0","0",NA,NA,NA,"0",NA,NA,NA,NA,NA,NA,NA,NA,"0","0","0",NA
"Geothlypis_auricularis","0","1","0","0",NA,NA,NA,"0",NA,NA,NA,NA,NA,NA,NA,NA,"0","0","0",NA
"Geothlypis_beldingi","0","1","0","0",NA,NA,NA,"0",NA,NA,NA,NA,NA,NA,NA,NA,"0","0","0",NA
"Geothlypis_chiriquensis","0","1","0","0",NA,NA,NA,"0",NA,NA,NA,NA,NA,NA,NA,NA,"0","0","0",NA
"Geothlypis_flavovelata","0","1","0","0",NA,NA,NA,"0",NA,NA,NA,NA,NA,NA,NA,NA,"0","0","0",NA
"Geothlypis_nelsoni","0","1","0","0",NA,NA,NA,"0",NA,NA,NA,NA,NA,NA,NA,NA,"0","0","0",NA
"Geothlypis_poliocephala","0","1","0","0",NA,NA,NA,"0",NA,NA,NA,NA,NA,NA,NA,NA,"0","0","0",NA
"Geothlypis_rostrata","0","1","0","0",NA,NA,NA,"0",NA,NA,NA,NA,NA,NA,NA,NA,"0","0","0",NA
"Geothlypis_semiflava","0","1","0","0",NA,NA,NA,"0",NA,NA,NA,NA,NA,NA,NA,NA,"0","0","0",NA
"Geothlypis_speciosa","0","1","0","0",NA,NA,NA,"0",NA,NA,NA,NA,NA,NA,NA,NA,"0","0","0",NA
"Geothlypis_trichas","0","5","0","0",NA,"0","0","0",NA,"0",NA,"0",NA,NA,NA,"0","0","0","0",NA
"Geothlypis_velata","0","1","0","0",NA,NA,NA,"0",NA,NA,NA,NA,NA,NA,NA,NA,"0","0","0",NA
"Geotrygon_albifacies","0","3","0","0",NA,NA,NA,"0",NA,"0",NA,"0",NA,NA,NA,"0","0","0","0",NA
"Geotrygon_caniceps","0","2","0","0",NA,NA,NA,"0",NA,"0",NA,NA,NA,NA,NA,NA,"0","0","0",NA
"Geotrygon_carrikeri","0","1","0","0",NA,NA,NA,"0",NA,NA,NA,NA,NA,NA,NA,NA,"0","0","0",NA
"Geotrygon_chiriquensis","0","1","0","0",NA,NA,NA,"0",NA,NA,NA,NA,NA,NA,NA,NA,"0","0","0",NA
"Geotrygon_chrysia","0","2","0","0",NA,NA,NA,"0",NA,"0",NA,NA,NA,NA,NA,NA,"0","0","0",NA
"Geotrygon_costaricensis","0","2","0","0",NA,NA,NA,"0",NA,NA,NA,"0",NA,NA,NA,"0","0","0","0",NA
"Geotrygon_frenata","0","2","0","0",NA,NA,NA,"0",NA,"0",NA,NA,NA,NA,NA,NA,"0","0","0",NA
"Geotrygon_goldmani","0","1","0","0",NA,NA,NA,"0",NA,NA,NA,NA,NA,NA,NA,NA,"0","0","0",NA
"Geotrygon_lawrencii","0","3","0","0",NA,NA,NA,"0",NA,"0",NA,"0",NA,NA,NA,"0","0","0","0",NA
"Geotrygon_linearis","0","2","0","0",NA,NA,NA,"0",NA,"0",NA,NA,NA,NA,NA,NA,"0","0","0",NA
"Geotrygon_montana","0","2","0","0",NA,NA,NA,"0",NA,"0",NA,NA,NA,NA,NA,NA,"0","0","0",NA
"Geotrygon_mystacea","0","2","0","0",NA,NA,NA,"0",NA,"0",NA,NA,NA,NA,NA,NA,"0","0","0",NA
"Geotrygon_saphirina","0","2","0","0",NA,NA,NA,"0",NA,NA,NA,"0",NA,NA,NA,"0","0","0","0",NA
"Geotrygon_veraguensis","0","3","0","0",NA,NA,NA,"0",NA,"0",NA,"0",NA,NA,NA,"0","0","0","0",NA
"Geotrygon_versicolor","0","3","0","0",NA,NA,NA,"0",NA,"0",NA,"0",NA,NA,NA,"0","0","0","0",NA
"Geotrygon_violacea","0","2","0","0",NA,NA,NA,"0",NA,"0",NA,NA,NA,NA,NA,NA,"0","0","0",NA
"Geranoaetus_melanoleucus","0","2","0","0",NA,NA,NA,"0",NA,"0",NA,NA,NA,NA,NA,NA,"0","0","0",NA
"Geranospiza_caerulescens","0","2","0","0",NA,NA,NA,"0",NA,"0",NA,NA,NA,NA,NA,NA,"0","0","0",NA
"Geronticus_calvus","0","3","0","0",NA,NA,NA,"0",NA,"0",NA,"0",NA,NA,NA,"0","0","0","0",NA
"Geronticus_eremita","0","2","0","0",NA,NA,NA,"0",NA,"0",NA,NA,NA,NA,NA,NA,"0","0","0",NA
"Gerygone_albofrontata","0","1","0","0",NA,NA,NA,NA,NA,"0",NA,NA,NA,NA,NA,NA,"0","0","0",NA
"Gerygone_chloronota","0","2","0","0",NA,NA,NA,"0",NA,NA,NA,"0",NA,NA,NA,"1","0","0","0",NA
"Gerygone_chrysogaster","1","1","2","1","1",NA,NA,"1",NA,"0",NA,NA,NA,NA,NA,NA,"0","0","0",NA
"Gerygone_cinerea","0","1","0","0",NA,NA,NA,"0",NA,NA,NA,NA,NA,NA,NA,NA,"0","0","0",NA
"Gerygone_dorsalis","0","2","0","0",NA,NA,NA,"0",NA,"0",NA,NA,NA,NA,NA,NA,"0","0","0",NA
"Gerygone_flavolateralis","0","3","0","0",NA,NA,NA,"0",NA,"0",NA,"0",NA,NA,NA,"1","0","0","0",NA
"Gerygone_fusca","0","2","0","0",NA,NA,NA,"0",NA,"0",NA,NA,NA,NA,NA,NA,"0","0","0",NA
"Gerygone_hypoxantha","0","1","0","0",NA,NA,NA,"0",NA,NA,NA,NA,NA,NA,NA,NA,"0","0","0",NA
"Gerygone_igata","0","3","0","0",NA,NA,NA,"0",NA,"0",NA,"0",NA,NA,NA,"0","0","0","0",NA
"Gerygone_inornata","0","1","0","0",NA,NA,NA,"0",NA,NA,NA,NA,NA,NA,NA,NA,"0","0","0",NA
"Gerygone_levigaster","0","2","0","0",NA,NA,NA,"0",NA,"0",NA,NA,NA,NA,NA,NA,"0","0","0",NA
"Gerygone_magnirostris","1","2","1","1","1",NA,NA,"0",NA,"0",NA,NA,NA,NA,NA,NA,"0","0","0",NA
"Gerygone_modesta",NA,"0","0","0",NA,NA,NA,NA,NA,NA,NA,NA,NA,NA,NA,NA,"0","0","0",NA
"Gerygone_mouki","1","0","4","0","1",NA,NA,"1",NA,"1",NA,"1",NA,NA,"K","1","1","0","0","Kin"
"Gerygone_olivacea","0","2","0","0",NA,NA,NA,"0",NA,"0",NA,NA,NA,NA,NA,NA,"0","0","0",NA
"Gerygone_palpebrosa","0","1","0","0",NA,NA,NA,"0",NA,NA,NA,NA,NA,NA,NA,NA,"0","0","0",NA
"Gerygone_ruficollis","0","2","0","0",NA,NA,NA,"0",NA,NA,NA,"0",NA,NA,NA,"1","0","0","0",NA
"Gerygone_sulphurea","0","1","0","0",NA,NA,NA,"0",NA,NA,NA,NA,NA,NA,NA,NA,"0","0","0",NA
"Gerygone_tenebrosa","0","1","0","0",NA,NA,NA,"0",NA,NA,NA,NA,NA,NA,NA,NA,"0","0","0",NA
"Glareola_cinerea","0","1","0","0",NA,NA,NA,"0",NA,NA,NA,NA,NA,NA,NA,NA,"0","0","0",NA
"Glareola_lactea","0","3","0","0",NA,NA,NA,"0",NA,"0",NA,"0",NA,NA,NA,"0","0","0","0",NA
"Glareola_maldivarum","0","2","0","0",NA,NA,NA,"0",NA,"0",NA,NA,NA,NA,NA,NA,"0","0","0",NA
"Glareola_nordmanni","0","2","0","0",NA,NA,NA,"0",NA,"0",NA,NA,NA,NA,NA,NA,"0","0","0",NA
"Glareola_nuchalis","0","2","0","0",NA,NA,NA,"0",NA,"0",NA,NA,NA,NA,NA,NA,"0","0","0",NA
"Glareola_ocularis","0","1","0","0",NA,NA,NA,"0",NA,NA,NA,NA,NA,NA,NA,NA,"0","0","0",NA
"Glareola_pratincola","0","3","0","0",NA,NA,NA,"0",NA,"0",NA,"0",NA,NA,NA,"0","0","0","0",NA
"Glaucidium_albertinum","0","1","0","0",NA,NA,NA,"0",NA,NA,NA,NA,NA,NA,NA,NA,"0","0","0",NA
"Glaucidium_bolivianum","0","2","0","0",NA,NA,NA,"0",NA,"0",NA,NA,NA,NA,NA,NA,"0","0","0",NA
"Glaucidium_brasilianum","0","3","0","0",NA,NA,NA,"0",NA,"0",NA,"0",NA,NA,NA,"0","0","0","0",NA
"Glaucidium_brodiei","0","1","0","0",NA,NA,NA,"0",NA,NA,NA,NA,NA,NA,NA,NA,"0","0","0",NA
"Glaucidium_californicum","0","2","0","0",NA,NA,NA,"0",NA,"0",NA,NA,NA,NA,NA,NA,"0","0","0",NA
"Glaucidium_capense","0","3","0","0",NA,NA,NA,"0",NA,"0",NA,"0",NA,NA,NA,"1","0","0","0",NA
"Glaucidium_castaneum","0","1","0","0",NA,NA,NA,"0",NA,NA,NA,NA,NA,NA,NA,NA,"0","0","0",NA
"Glaucidium_castanonotum","0","1","0","0",NA,NA,NA,"0",NA,NA,NA,NA,NA,NA,NA,NA,"0","0","0",NA
"Glaucidium_castanopterum","0","1","0","0",NA,NA,NA,"0",NA,NA,NA,NA,NA,NA,NA,NA,"0","0","0",NA
"Glaucidium_costaricanum","0","1","0","0",NA,NA,NA,"0",NA,NA,NA,NA,NA,NA,NA,NA,"0","0","0",NA
"Glaucidium_cuculoides","0","1","0","0",NA,NA,NA,"0",NA,NA,NA,NA,NA,NA,NA,NA,"0","0","0",NA
"Glaucidium_gnoma","0","2","0","0",NA,NA,NA,"0",NA,"0",NA,NA,NA,NA,NA,NA,"0","0","0",NA
"Glaucidium_griseiceps","0","1","0","0",NA,NA,NA,"0",NA,NA,NA,NA,NA,NA,NA,NA,"0","0","0",NA
"Glaucidium_hardyi","0","1","0","0",NA,NA,NA,"0",NA,NA,NA,NA,NA,NA,NA,NA,"0","0","0",NA
"Glaucidium_jardinii","0","1","0","0",NA,NA,NA,"0",NA,NA,NA,NA,NA,NA,NA,NA,"0","0","0",NA
"Glaucidium_minutissimum","0","1","0","0",NA,NA,NA,"0",NA,NA,NA,NA,NA,NA,NA,NA,"0","0","0",NA
"Glaucidium_nanum","0","2","0","0",NA,NA,NA,"0",NA,"0",NA,NA,NA,NA,NA,NA,"0","0","0",NA
"Glaucidium_nubicola","0","1","0","0",NA,NA,NA,"0",NA,NA,NA,NA,NA,NA,NA,NA,"0","0","0",NA
"Glaucidium_palmarum","0","1","0","0",NA,NA,NA,"0",NA,NA,NA,NA,NA,NA,NA,NA,"0","0","0",NA
"Glaucidium_parkeri","0","1","0","0",NA,NA,NA,"0",NA,NA,NA,NA,NA,NA,NA,NA,"0","0","0",NA
"Glaucidium_passerinum","0","3","0","0",NA,NA,NA,"0",NA,"0",NA,"0",NA,NA,NA,"0","0","0","0",NA
"Glaucidium_perlatum","0","3","0","0",NA,NA,NA,"0",NA,"0",NA,"0",NA,NA,NA,"0","0","0","0",NA
"Glaucidium_peruanum","0","2","0","0",NA,NA,NA,"0",NA,"0",NA,NA,NA,NA,NA,NA,"0","0","0",NA
"Glaucidium_radiatum","0","2","0","0",NA,NA,NA,"0",NA,"0",NA,NA,NA,NA,NA,NA,"0","0","0",NA
"Glaucidium_sanchezi","0","1","0","0",NA,NA,NA,"0",NA,NA,NA,NA,NA,NA,NA,NA,"0","0","0",NA
"Glaucidium_siju","0","2","0","0",NA,NA,NA,"0",NA,"0",NA,NA,NA,NA,NA,NA,"0","0","0",NA
"Glaucidium_sjostedti","0","2","0","0",NA,NA,NA,"0",NA,"0",NA,NA,NA,NA,NA,NA,"0","0","0",NA
"Glaucidium_tephronotum","0","1","0","0",NA,NA,NA,"0",NA,NA,NA,NA,NA,NA,NA,NA,"0","0","0",NA
"Glaucis_aenea","0","1","0","0",NA,NA,NA,NA,NA,NA,NA,"0",NA,NA,NA,"0","0","0","0",NA
"Glaucis_aeneus","0","2","0","0",NA,NA,NA,"0",NA,"0",NA,NA,NA,NA,NA,NA,"0","0","0",NA
"Glaucis_dohrnii","0","2","0","0",NA,NA,NA,"0",NA,"0",NA,NA,NA,NA,NA,NA,"0","0","0",NA
"Glaucis_hirsuta","0","1","0","0",NA,NA,NA,NA,NA,NA,NA,"0",NA,NA,NA,"0","0","0","0",NA
"Glaucis_hirsutus","0","2","0","0",NA,NA,NA,"0",NA,"0",NA,NA,NA,NA,NA,NA,"0","0","0",NA
"Glossopsitta_concinna","0","2","0","0",NA,NA,NA,"0",NA,"0",NA,NA,NA,NA,NA,NA,"0","0","0",NA
"Glossopsitta_porphyrocephala","0","2","0","0",NA,NA,NA,"0",NA,"0",NA,NA,NA,NA,NA,NA,"0","0","0",NA
"Glossopsitta_pusilla","0","2","0","0",NA,NA,NA,"0",NA,"0",NA,NA,NA,NA,NA,NA,"0","0","0",NA
"Glycichaera_fallax","0","1","0","0",NA,NA,NA,"0",NA,NA,NA,NA,NA,NA,NA,NA,"0","0","0",NA
"Glyphorynchus_spirurus","0","2","0","0",NA,NA,NA,"0",NA,"0",NA,NA,NA,NA,NA,NA,"0","0","0",NA
"Gnorimopsar_chopi","1","0","1","0",NA,NA,NA,"1",NA,NA,NA,NA,NA,NA,NA,NA,"0","0","0",NA
"Goethalsia_bella","0","1","0","0",NA,NA,NA,"0",NA,NA,NA,NA,NA,NA,NA,NA,"0","0","0",NA
"Goldmania_violiceps","0","1","0","0",NA,NA,NA,"0",NA,NA,NA,NA,NA,NA,NA,NA,"0","0","0",NA
"Gorsachius_goisagi","0","2","0","0",NA,NA,NA,"0",NA,"0",NA,NA,NA,NA,NA,NA,"0","0","0",NA
"Gorsachius_leuconotus","0","1","0","0",NA,NA,NA,"0",NA,NA,NA,NA,NA,NA,NA,NA,"0","0","0",NA
"Gorsachius_magnificus","0","1","0","0",NA,NA,NA,"0",NA,NA,NA,NA,NA,NA,NA,NA,"0","0","0",NA
"Gorsachius_melanolophus","0","2","0","0",NA,NA,NA,"0",NA,"0",NA,NA,NA,NA,NA,NA,"0","0","0",NA
"Goura_cristata","0","2","0","0",NA,NA,NA,"0",NA,"0",NA,NA,NA,NA,NA,NA,"0","0","0",NA
"Goura_scheepmakeri","0","1","0","0",NA,NA,NA,"0",NA,NA,NA,NA,NA,NA,NA,NA,"0","0","0",NA
"Goura_victoria","0","2","0","0",NA,NA,NA,"0",NA,"0",NA,NA,NA,NA,NA,NA,"0","0","0",NA
"Gracula_ptilogenys","0","2","0","0",NA,NA,NA,"0",NA,"0",NA,NA,NA,NA,NA,NA,"0","0","0",NA
"Gracula_religiosa","0","2","0","0",NA,NA,NA,"0",NA,"0",NA,NA,NA,NA,NA,NA,"0","0","0",NA
"Grafisia_torquata","0","2","0","0",NA,NA,NA,"0","0",NA,NA,NA,NA,NA,NA,NA,"0","0","0",NA
"Grallaria_albigula","0","1","0","0",NA,NA,NA,"0",NA,NA,NA,NA,NA,NA,NA,NA,"0","0","0",NA
"Grallaria_alleni","0","1","0","0",NA,NA,NA,"0",NA,NA,NA,NA,NA,NA,NA,NA,"0","0","0",NA
"Grallaria_andicolus","0","1","0","0",NA,NA,NA,"0",NA,NA,NA,NA,NA,NA,NA,NA,"0","0","0",NA
"Grallaria_bangsi","0","1","0","0",NA,NA,NA,"0",NA,NA,NA,NA,NA,NA,NA,NA,"0","0","0",NA
"Grallaria_blakei","0","1","0","0",NA,NA,NA,"0",NA,NA,NA,NA,NA,NA,NA,NA,"0","0","0",NA
"Grallaria_capitalis","0","1","0","0",NA,NA,NA,"0",NA,NA,NA,NA,NA,NA,NA,NA,"0","0","0",NA
"Grallaria_carrikeri","0","2","0","0",NA,NA,NA,"0",NA,"0",NA,NA,NA,NA,NA,NA,"0","0","0",NA
"Grallaria_chthonia","0","1","0","0",NA,NA,NA,"0",NA,NA,NA,NA,NA,NA,NA,NA,"0","0","0",NA
"Grallaria_dignissima","0","1","0","0",NA,NA,NA,"0",NA,NA,NA,NA,NA,NA,NA,NA,"0","0","0",NA
"Grallaria_eludens","0","1","0","0",NA,NA,NA,"0",NA,NA,NA,NA,NA,NA,NA,NA,"0","0","0",NA
"Grallaria_erythroleuca","0","1","0","0",NA,NA,NA,"0",NA,NA,NA,NA,NA,NA,NA,NA,"0","0","0",NA
"Grallaria_erythrotis","0","1","0","0",NA,NA,NA,"0",NA,NA,NA,NA,NA,NA,NA,NA,"0","0","0",NA
"Grallaria_excelsa","0","1","0","0",NA,NA,NA,"0",NA,NA,NA,NA,NA,NA,NA,NA,"0","0","0",NA
"Grallaria_flavotincta","0","1","0","0",NA,NA,NA,"0",NA,NA,NA,NA,NA,NA,NA,NA,"0","0","0",NA
"Grallaria_gigantea","0","1","0","0",NA,NA,NA,"0",NA,NA,NA,NA,NA,NA,NA,NA,"0","0","0",NA
"Grallaria_griseonucha","0","1","0","0",NA,NA,NA,"0",NA,NA,NA,NA,NA,NA,NA,NA,"0","0","0",NA
"Grallaria_guatimalensis","0","2","0","0",NA,NA,NA,"0",NA,"0",NA,NA,NA,NA,NA,NA,"0","0","0",NA
"Grallaria_haplonota","0","1","0","0",NA,NA,NA,"0",NA,NA,NA,NA,NA,NA,NA,NA,"0","0","0",NA
"Grallaria_hypoleuca","0","1","0","0",NA,NA,NA,"0",NA,NA,NA,NA,NA,NA,NA,NA,"0","0","0",NA
"Grallaria_kaestneri","0","1","0","0",NA,NA,NA,"0",NA,NA,NA,NA,NA,NA,NA,NA,"0","0","0",NA
"Grallaria_milleri","0","1","0","0",NA,NA,NA,"0",NA,NA,NA,NA,NA,NA,NA,NA,"0","0","0",NA
"Grallaria_nuchalis","0","1","0","0",NA,NA,NA,"0",NA,NA,NA,NA,NA,NA,NA,NA,"0","0","0",NA
"Grallaria_przewalskii","0","1","0","0",NA,NA,NA,"0",NA,NA,NA,NA,NA,NA,NA,NA,"0","0","0",NA
"Grallaria_quitensis","0","1","0","0",NA,NA,NA,"0",NA,NA,NA,NA,NA,NA,NA,NA,"0","0","0",NA
"Grallaria_ruficapilla","0","1","0","0",NA,NA,NA,"0",NA,NA,NA,NA,NA,NA,NA,NA,"0","0","0",NA
"Grallaria_rufocinerea","0","1","0","0",NA,NA,NA,"0",NA,NA,NA,NA,NA,NA,NA,NA,"0","0","0",NA
"Grallaria_rufula","0","1","0","0",NA,NA,NA,"0",NA,NA,NA,NA,NA,NA,NA,NA,"0","0","0",NA
"Grallaria_squamigera","0","1","0","0",NA,NA,NA,"0",NA,NA,NA,NA,NA,NA,NA,NA,"0","0","0",NA
"Grallaria_varia","0","2","0","0",NA,NA,NA,"0",NA,"0",NA,NA,NA,NA,NA,NA,"0","0","0",NA
"Grallaria_watkinsi","0","1","0","0",NA,NA,NA,"0",NA,NA,NA,NA,NA,NA,NA,NA,"0","0","0",NA
"Grallaricula_cucullata","0","1","0","0",NA,NA,NA,"0",NA,NA,NA,NA,NA,NA,NA,NA,"0","0","0",NA
"Grallaricula_ferrugineipectus","0","2","0","0",NA,NA,NA,"0",NA,"0",NA,NA,NA,NA,NA,NA,"0","0","0",NA
"Grallaricula_flavirostris","0","2","0","0",NA,NA,NA,"0",NA,"0",NA,NA,NA,NA,NA,NA,"0","0","0",NA
"Grallaricula_lineifrons","0","1","0","0",NA,NA,NA,"0",NA,NA,NA,NA,NA,NA,NA,NA,"0","0","0",NA
"Grallaricula_loricata","0","1","0","0",NA,NA,NA,"0",NA,NA,NA,NA,NA,NA,NA,NA,"0","0","0",NA
"Grallaricula_nana","0","1","0","0",NA,NA,NA,"0",NA,NA,NA,NA,NA,NA,NA,NA,"0","0","0",NA
"Grallaricula_ochraceifrons","0","1","0","0",NA,NA,NA,"0",NA,NA,NA,NA,NA,NA,NA,NA,"0","0","0",NA
"Grallaricula_peruviana","0","1","0","0",NA,NA,NA,"0",NA,NA,NA,NA,NA,NA,NA,NA,"0","0","0",NA
"Grallina_bruijni","0","1","0","0",NA,NA,NA,"0",NA,NA,NA,NA,NA,NA,NA,NA,"0","0","0",NA
"Grallina_cyanoleuca","0","3","0","0",NA,"0",NA,"0",NA,NA,NA,"0",NA,NA,NA,"1","0","0","0",NA
"Graminicola_bengalensis","0","1","0","0",NA,NA,NA,"0",NA,NA,NA,NA,NA,NA,NA,NA,"0","0","0",NA
"Granatellus_pelzelni","0","2","0","0",NA,NA,NA,"0",NA,NA,NA,"0",NA,NA,NA,"0","0","0","0",NA
"Granatellus_sallaei","0","1","0","0",NA,NA,NA,"0",NA,NA,NA,NA,NA,NA,NA,NA,"0","0","0",NA
"Granatellus_venustus","0","1","0","0",NA,NA,NA,"0",NA,NA,NA,NA,NA,NA,NA,NA,"0","0","0",NA
"Grandala_coelicolor","0","2","0","0",NA,NA,NA,"0",NA,"0",NA,NA,NA,NA,NA,NA,"0","0","0",NA
"Grantiella_picta","0","2","0","0",NA,NA,NA,"0",NA,"0",NA,NA,NA,NA,NA,NA,"0","0","0",NA
"Graueria_vittata","0","1","0","0",NA,NA,NA,"0",NA,NA,NA,NA,NA,NA,NA,NA,"0","0","0",NA
"Graydidascalus_brachyurus","0","1","0","0",NA,NA,NA,"0",NA,NA,NA,NA,NA,NA,NA,NA,"0","0","0",NA
"Grus_americana","0","3","0","0",NA,NA,NA,"0",NA,"0",NA,"0",NA,NA,NA,"1","0","0","0",NA
"Grus_antigone","0","2","0","0",NA,NA,NA,"0",NA,"0",NA,NA,NA,NA,NA,NA,"0","0","0",NA
"Grus_canadensis","0","5","0","0",NA,"0","0","0",NA,"0",NA,"0",NA,NA,NA,"1","0","0","0",NA
"Grus_carunculatus","0","2","0","0",NA,NA,NA,"0",NA,"0",NA,NA,NA,NA,NA,NA,"0","0","0",NA
"Grus_grus","0","3","0","0",NA,NA,NA,"0",NA,"0",NA,"0",NA,NA,NA,"1","0","0","0",NA
"Grus_japonensis","0","2","0","0",NA,NA,NA,"0",NA,"0",NA,NA,NA,NA,NA,NA,"0","0","0",NA
"Grus_leucogeranus","0","2","0","0",NA,NA,NA,"0",NA,"0",NA,NA,NA,NA,NA,NA,"0","0","0",NA
"Grus_monacha","0","2","0","0",NA,NA,NA,"0",NA,"0",NA,NA,NA,NA,NA,NA,"0","0","0",NA
"Grus_nigricollis","0","2","0","0",NA,NA,NA,"0",NA,"0",NA,NA,NA,NA,NA,NA,"0","0","0",NA
"Grus_paradisea","0","2","0","0",NA,NA,NA,"0",NA,"0",NA,NA,NA,NA,NA,NA,"0","0","0",NA
"Grus_rubicunda","0","2","0","0",NA,NA,NA,"0",NA,"0",NA,NA,NA,NA,NA,NA,"0","0","0",NA
"Grus_vipio","0","2","0","0",NA,NA,NA,"0",NA,"0",NA,NA,NA,NA,NA,NA,"0","0","0",NA
"Grus_virgo","0","2","0","0",NA,NA,NA,"0",NA,"0",NA,NA,NA,NA,NA,NA,"0","0","0",NA
"Guadalcanaria_inexpectata","0","2","0","0",NA,NA,NA,"0",NA,"0",NA,NA,NA,NA,NA,NA,"0","0","0",NA
"Guarouba_guarouba","1","0","1","0",NA,NA,NA,NA,NA,NA,"1",NA,"K",NA,NA,NA,"1","0","0","Kin"
"Gubernatrix_cristata","0","2","0","0",NA,NA,NA,"0",NA,NA,NA,"0",NA,NA,NA,"1","0","0","0",NA
"Gubernetes_yetapa","0","3","0","0",NA,NA,NA,"0",NA,"0",NA,"0",NA,NA,NA,"1","0","0","0",NA
"Guira_guira","1","0","5","0","1",NA,NA,"1",NA,"1","1","1","M",NA,"NK","1","0","1","1","NonKin"
"Guttera_plumifera","0","1","0","0",NA,NA,NA,"0",NA,NA,NA,NA,NA,NA,NA,NA,"0","0","0",NA
"Guttera_pucherani","0","3","0","0",NA,NA,NA,"0",NA,"0",NA,"0",NA,NA,NA,"1","0","0","0",NA
"Gyalophylax_hellmayri","0","1","0","0",NA,NA,NA,"0",NA,NA,NA,NA,NA,NA,NA,NA,"0","0","0",NA
"Gygis_alba","0","1","0","0",NA,NA,NA,NA,NA,"0",NA,NA,NA,NA,NA,NA,"0","0","0",NA
"Gygis_microrhyncha",NA,"0","0","0",NA,NA,NA,NA,NA,NA,NA,NA,NA,NA,NA,NA,"0","0","0",NA
"Gymnobucco_bonapartei","1","0","3","0",NA,NA,NA,"1",NA,"1",NA,"1",NA,NA,"K","1","1","0","0","Kin"
"Gymnobucco_calvus","1","1","1","1",NA,NA,NA,"1",NA,"0",NA,NA,NA,NA,NA,NA,"0","0","0",NA
"Gymnobucco_peli","1","0","1","0",NA,NA,NA,"1",NA,NA,NA,NA,NA,NA,NA,NA,"0","0","0",NA
"Gymnobucco_sladeni","1","0","1","0",NA,NA,NA,"1",NA,NA,NA,NA,NA,NA,NA,NA,"0","0","0",NA
"Gymnocichla_nudiceps","0","2","0","0",NA,NA,NA,"0",NA,NA,NA,"0",NA,NA,NA,"1","0","0","0",NA
"Gymnocrex_plumbeiventris","0","1","0","0",NA,NA,NA,"0",NA,NA,NA,NA,NA,NA,NA,NA,"0","0","0",NA
"Gymnocrex_rosenbergii","0","1","0","0",NA,NA,NA,"0",NA,NA,NA,NA,NA,NA,NA,NA,"0","0","0",NA
"Gymnocrex_talaudensis",NA,"0","0","0",NA,NA,NA,NA,NA,NA,NA,NA,NA,NA,NA,NA,"0","0","0",NA
"Gymnoderus_foetidus","0","2","0","0",NA,NA,NA,"0",NA,"0",NA,NA,NA,NA,NA,NA,"0","0","0",NA
"Gymnoglaux_lawrencii","0","2","0","0",NA,NA,NA,"0",NA,"0",NA,NA,NA,NA,NA,NA,"0","0","0",NA
"Gymnogyps_californianus","0","3","0","0",NA,NA,NA,"0",NA,"0",NA,"0",NA,NA,NA,"1","0","0","0",NA
"Gymnomystax_mexicanus","0","2","0","0",NA,NA,NA,"0",NA,"0",NA,NA,NA,NA,NA,NA,"0","0","0",NA
"Gymnomyza_aubryana","0","2","0","0",NA,NA,NA,"0",NA,"0",NA,NA,NA,NA,NA,NA,"0","0","0",NA
"Gymnomyza_samoensis",NA,"0","0","0",NA,NA,NA,NA,NA,NA,NA,NA,NA,NA,NA,NA,"0","0","0",NA
"Gymnomyza_viridis","0","1","0","0",NA,NA,NA,"0",NA,NA,NA,NA,NA,NA,NA,NA,"0","0","0",NA
"Gymnophaps_albertisii","0","2","0","0",NA,NA,NA,"0",NA,NA,NA,"0",NA,NA,NA,"0","0","0","0",NA
"Gymnophaps_mada","0","1","0","0",NA,NA,NA,"0",NA,NA,NA,NA,NA,NA,NA,NA,"0","0","0",NA
"Gymnophaps_solomonensis","0","1","0","0",NA,NA,NA,"0",NA,NA,NA,NA,NA,NA,NA,NA,"0","0","0",NA
"Gymnopithys__lunulatus","0","1","0","0",NA,NA,NA,NA,NA,NA,NA,"0",NA,NA,NA,"1","0","0","0",NA
"Gymnopithys_leucaspis","0","3","0","0",NA,NA,NA,"0",NA,"0",NA,"0",NA,NA,NA,"0","0","0","0",NA
"Gymnopithys_lunulatus","0","2","0","0",NA,NA,NA,"0",NA,"0",NA,NA,NA,NA,NA,NA,"0","0","0",NA
"Gymnopithys_rufigula","0","3","0","0",NA,NA,NA,"0",NA,"0",NA,"0",NA,NA,NA,"1","0","0","0",NA
"Gymnopithys_salvini","0","2","0","0",NA,NA,NA,"0",NA,NA,NA,"0",NA,NA,NA,"1","0","0","0",NA
"Gymnorhina_tibicen","1","0","6","0","1","1",NA,"1",NA,"1","1","1","M",NA,"K","1","1","0","1","Kin"
"Gymnorhinus_cyanocephalus","1","0","4","0",NA,NA,NA,"1",NA,"1","1","1","K",NA,"K","1","2","0","0","Kin"
"Gypaetus_barbatus","1","0","4","0",NA,NA,NA,"1",NA,"1","1","1","NK",NA,"NK","1","0","2","0","NonKin"
"Gypohierax_angolensis","0","2","0","0",NA,NA,NA,"0",NA,"0",NA,NA,NA,NA,NA,NA,"0","0","0",NA
"Gyps_africanus","0","3","0","0",NA,NA,NA,"0",NA,"0",NA,"0",NA,NA,NA,"0","0","0","0",NA
"Gyps_bengalensis","0","2","0","0",NA,NA,NA,"0",NA,"0",NA,NA,NA,NA,NA,NA,"0","0","0",NA
"Gyps_coprotheres","0","2","0","0",NA,NA,NA,"0",NA,"0",NA,NA,NA,NA,NA,NA,"0","0","0",NA
"Gyps_fulvus","0","3","0","0",NA,"0",NA,"0",NA,"0",NA,NA,NA,NA,NA,NA,"0","0","0",NA
"Gyps_himalayensis","0","2","0","0",NA,NA,NA,"0",NA,"0",NA,NA,NA,NA,NA,NA,"0","0","0",NA
"Gyps_indicus","0","2","0","0",NA,NA,NA,"0",NA,"0",NA,NA,NA,NA,NA,NA,"0","0","0",NA
"Gyps_rueppellii","0","2","0","0",NA,NA,NA,"0",NA,"0",NA,NA,NA,NA,NA,NA,"0","0","0",NA
"Gypsophila_crispifrons","0","1","0","0",NA,NA,NA,"0",NA,NA,NA,NA,NA,NA,NA,NA,"0","0","0",NA
"Habia_atrimaxillaris","1","0","1","0",NA,NA,NA,"1",NA,NA,NA,NA,NA,NA,NA,NA,"0","0","0",NA
"Habia_cristata","1","0","1","0",NA,NA,NA,"1",NA,NA,NA,NA,NA,NA,NA,NA,"0","0","0",NA
"Habia_fuscicauda","1","1","3","1",NA,"0",NA,"1",NA,"1",NA,"1",NA,NA,"K","1","1","0","0","Kin"
"Habia_gutturalis","1","0","1","0",NA,NA,NA,"1",NA,NA,NA,NA,NA,NA,NA,NA,"0","0","0",NA
"Habia_rubica","0","3","0","0",NA,NA,NA,"0",NA,"0",NA,"0",NA,NA,NA,"1","0","0","0",NA
"Habroptila_wallacii","0","1","0","0",NA,NA,NA,"0",NA,NA,NA,NA,NA,NA,NA,NA,"0","0","0",NA
"Haematoderus_militaris","0","1","0","0",NA,NA,NA,"0",NA,NA,NA,NA,NA,NA,NA,NA,"0","0","0",NA
"Haematopus_ater","0","1","0","0",NA,NA,NA,NA,NA,"0",NA,NA,NA,NA,NA,NA,"0","0","0",NA
"Haematopus_bachmani","0","2","0","0",NA,NA,NA,NA,NA,"0",NA,"0",NA,NA,NA,"1","0","0","0",NA
"Haematopus_finschi","0","2","0","0",NA,NA,NA,NA,NA,"0",NA,"0",NA,NA,NA,"0","0","0","0",NA
"Haematopus_fuliginosus","0","2","0","0",NA,NA,NA,NA,NA,"0",NA,"0",NA,NA,NA,"1","0","0","0",NA
"Haematopus_leucopodus","0","2","0","0",NA,NA,NA,NA,NA,"0",NA,"0",NA,NA,NA,"0","0","0","0",NA
"Haematopus_longirostris","0","2","0","0",NA,NA,NA,NA,NA,"0",NA,"0",NA,NA,NA,"1","0","0","0",NA
"Haematopus_moquini","0","1","0","0",NA,NA,NA,NA,NA,"0",NA,NA,NA,NA,NA,NA,"0","0","0",NA
"Haematopus_ostralegus","1","2","4","1",NA,"0","0","1",NA,"1","1","1","NK",NA,"NK","0","0","2","0","NonKin"
"Haematopus_palliatus","0","1","0","0",NA,NA,NA,NA,NA,NA,NA,"0",NA,NA,NA,"1","0","0","0",NA
"Haematopus_unicolor","0","2","0","0",NA,NA,NA,NA,NA,"0",NA,"0",NA,NA,NA,"1","0","0","0",NA
"Haematortyx_sanguiniceps","0","1","0","0",NA,NA,NA,"0",NA,NA,NA,NA,NA,NA,NA,NA,"0","0","0",NA
"Haematospiza_sipahi","0","1","0","0",NA,NA,NA,"0",NA,NA,NA,NA,NA,NA,NA,NA,"0","0","0",NA
"Halcyon_albiventris","0","3","0","0",NA,NA,NA,"0",NA,"0",NA,"0",NA,NA,NA,"0","0","0","0",NA
"Halcyon_badia","0","2","0","0",NA,NA,NA,"0",NA,"0",NA,NA,NA,NA,NA,NA,"0","0","0",NA
"Halcyon_chelicuti","1","0","3","0",NA,NA,NA,"1",NA,"1",NA,"1",NA,NA,"K","1","1","0","0","Kin"
"Halcyon_coromanda","0","2","0","0",NA,NA,NA,"0",NA,"0",NA,NA,NA,NA,NA,NA,"0","0","0",NA
"Halcyon_cyanoventris","0","2","0","0",NA,NA,NA,"0",NA,"0",NA,NA,NA,NA,NA,NA,"0","0","0",NA
"Halcyon_leucocephala","0","2","0","0",NA,NA,NA,"0",NA,"0",NA,NA,NA,NA,NA,NA,"0","0","0",NA
"Halcyon_malimbica","0","2","0","0",NA,NA,NA,"0",NA,"0",NA,NA,NA,NA,NA,NA,"0","0","0",NA
"Halcyon_pileata","0","2","0","0",NA,NA,NA,"0",NA,"0",NA,NA,NA,NA,NA,NA,"0","0","0",NA
"Halcyon_senegalensis","0","3","0","0",NA,NA,NA,"0",NA,"0",NA,"0",NA,NA,NA,"1","0","0","0",NA
"Halcyon_senegaloides","0","3","0","0",NA,NA,NA,"0",NA,"0",NA,"0",NA,NA,NA,"0","0","0","0",NA
"Halcyon_smyrnensis","0","2","0","0",NA,NA,NA,"0",NA,"0",NA,NA,NA,NA,NA,NA,"0","0","0",NA
"Haliaeetus_albicilla","0","1","0","0",NA,NA,NA,"0",NA,NA,NA,NA,NA,NA,NA,NA,"0","0","0",NA
"Haliaeetus_leucocephalus","0","2","0","0",NA,NA,NA,"0",NA,NA,NA,"0",NA,NA,NA,"0","0","0","0",NA
"Haliaeetus_leucogaster","0","3","0","0",NA,NA,NA,"0",NA,"0",NA,"0",NA,NA,NA,"1","0","0","0",NA
"Haliaeetus_leucoryphus","0","2","0","0",NA,NA,NA,"0",NA,"0",NA,NA,NA,NA,NA,NA,"0","0","0",NA
"Haliaeetus_pelagicus","0","2","0","0",NA,NA,NA,"0",NA,"0",NA,NA,NA,NA,NA,NA,"0","0","0",NA
"Haliaeetus_sanfordi","0","1","0","0",NA,NA,NA,"0",NA,NA,NA,NA,NA,NA,NA,NA,"0","0","0",NA
"Haliaeetus_vocifer","0","3","0","0",NA,NA,NA,"0",NA,"0",NA,"0",NA,NA,NA,"0","0","0","0",NA
"Haliaeetus_vociferoides","1","0","4","0",NA,NA,NA,"1",NA,"1","1","1","NK",NA,"NK","1","0","2","0","NonKin"
"Haliastur_indus","0","3","0","0",NA,NA,NA,"0",NA,"0",NA,"0",NA,NA,NA,"0","0","0","0",NA
"Haliastur_sphenurus","0","2","0","0",NA,NA,NA,"0",NA,"0",NA,NA,NA,NA,NA,NA,"0","0","0",NA
"Halobaena_caerulea","0","1","0","0",NA,NA,NA,NA,NA,"0",NA,NA,NA,NA,NA,NA,"0","0","0",NA
"Halocyptena_microsoma","0","1","0","0",NA,NA,NA,NA,NA,"0",NA,NA,NA,NA,NA,NA,"0","0","0",NA
"Hamirostra_melanosternon","1","0","2","0",NA,NA,NA,"1",NA,"1",NA,NA,NA,NA,NA,NA,"0","0","0",NA
"Hapalopsittaca_amazonina","0","1","0","0",NA,NA,NA,"0",NA,NA,NA,NA,NA,NA,NA,NA,"0","0","0",NA
"Hapalopsittaca_fuertesi","0","1","0","0",NA,NA,NA,"0",NA,NA,NA,NA,NA,NA,NA,NA,"0","0","0",NA
"Hapalopsittaca_melanotis","0","2","0","0",NA,NA,NA,"0",NA,NA,NA,"0",NA,NA,NA,"0","0","0","0",NA
"Hapalopsittaca_pyrrhops","0","1","0","0",NA,NA,NA,"0",NA,NA,NA,NA,NA,NA,NA,NA,"0","0","0",NA
"Hapaloptila_castanea","0","1","0","0",NA,NA,NA,"0",NA,NA,NA,NA,NA,NA,NA,NA,"0","0","0",NA
"Haplochelidon_andecola","0","2","0","0",NA,NA,NA,"0",NA,"0",NA,NA,NA,NA,NA,NA,"0","0","0",NA
"Haplophaedia_assimilis","0","1","0","0",NA,NA,NA,"0",NA,NA,NA,NA,NA,NA,NA,NA,"0","0","0",NA
"Haplophaedia_aureliae","0","3","0","0",NA,NA,NA,"0",NA,"0",NA,"0",NA,NA,NA,"0","0","0","0",NA
"Haplophaedia_lugens","0","3","0","0",NA,NA,NA,"0",NA,"0",NA,"0",NA,NA,NA,"0","0","0","0",NA
"Haplospiza_rustica","0","1","0","0",NA,NA,NA,"0",NA,NA,NA,NA,NA,NA,NA,NA,"0","0","0",NA
"Haplospiza_unicolor","0","1","0","0",NA,NA,NA,"0",NA,NA,NA,NA,NA,NA,NA,NA,"0","0","0",NA
"Harpactes_ardens","0","1","0","0",NA,NA,NA,"0",NA,NA,NA,NA,NA,NA,NA,NA,"0","0","0",NA
"Harpactes_diardii","0","1","0","0",NA,NA,NA,"0",NA,NA,NA,NA,NA,NA,NA,NA,"0","0","0",NA
"Harpactes_duvaucelii","0","1","0","0",NA,NA,NA,"0",NA,NA,NA,NA,NA,NA,NA,NA,"0","0","0",NA
"Harpactes_erythrocephalus","0","1","0","0",NA,NA,NA,"0",NA,NA,NA,NA,NA,NA,NA,NA,"0","0","0",NA
"Harpactes_fasciatus","0","1","0","0",NA,NA,NA,"0",NA,NA,NA,NA,NA,NA,NA,NA,"0","0","0",NA
"Harpactes_kasumba","0","1","0","0",NA,NA,NA,"0",NA,NA,NA,NA,NA,NA,NA,NA,"0","0","0",NA
"Harpactes_oreskios","0","1","0","0",NA,NA,NA,"0",NA,NA,NA,NA,NA,NA,NA,NA,"0","0","0",NA
"Harpactes_orrhophaeus","0","1","0","0",NA,NA,NA,"0",NA,NA,NA,NA,NA,NA,NA,NA,"0","0","0",NA
"Harpactes_wardi","0","1","0","0",NA,NA,NA,"0",NA,NA,NA,NA,NA,NA,NA,NA,"0","0","0",NA
"Harpactes_whiteheadi","0","1","0","0",NA,NA,NA,"0",NA,NA,NA,NA,NA,NA,NA,NA,"0","0","0",NA
"Harpagus_bidentatus","0","1","0","0",NA,NA,NA,"0",NA,NA,NA,NA,NA,NA,NA,NA,"0","0","0",NA
"Harpagus_diodon","0","1","0","0",NA,NA,NA,"0",NA,NA,NA,NA,NA,NA,NA,NA,"0","0","0",NA
"Harpia_harpyja","0","3","0","0",NA,NA,NA,"0",NA,"0",NA,"0",NA,NA,NA,"1","0","0","0",NA
"Harpyhaliaetus_coronatus","1","0","1","0",NA,NA,NA,"1",NA,NA,NA,NA,NA,NA,NA,NA,"0","0","0",NA
"Harpyhaliaetus_solitarius","0","1","0","0",NA,NA,NA,"0",NA,NA,NA,NA,NA,NA,NA,NA,"0","0","0",NA
"Harpyopsis_novaeguineae","0","1","0","0",NA,NA,NA,"0",NA,NA,NA,NA,NA,NA,NA,NA,"0","0","0",NA
"Heinrichia_calligyna",NA,"0","0","0",NA,NA,NA,NA,NA,NA,NA,NA,NA,NA,NA,NA,"0","0","0",NA
"Heleia_crassirostris","0","1","0","0",NA,NA,NA,"0",NA,NA,NA,NA,NA,NA,NA,NA,"0","0","0",NA
"Heleia_muelleri","0","1","0","0",NA,NA,NA,"0",NA,NA,NA,NA,NA,NA,NA,NA,"0","0","0",NA
"Heliactin_bilophus","0","2","0","0",NA,NA,NA,"0",NA,NA,NA,"0",NA,NA,NA,"0","0","0","0",NA
"Heliangelus_amethysticollis","0","3","0","0",NA,NA,NA,"0",NA,"0",NA,"0",NA,NA,NA,"0","0","0","0",NA
"Heliangelus_exortis","0","3","0","0",NA,NA,NA,"0",NA,"0",NA,"0",NA,NA,NA,"0","0","0","0",NA
"Heliangelus_mavors","0","3","0","0",NA,NA,NA,"0",NA,"0",NA,"0",NA,NA,NA,"0","0","0","0",NA
"Heliangelus_micraster","0","1","0","0",NA,NA,NA,"0",NA,NA,NA,NA,NA,NA,NA,NA,"0","0","0",NA
"Heliangelus_regalis","0","3","0","0",NA,NA,NA,"0",NA,"0",NA,"0",NA,NA,NA,"0","0","0","0",NA
"Heliangelus_strophianus","0","3","0","0",NA,NA,NA,"0",NA,"0",NA,"0",NA,NA,NA,"0","0","0","0",NA
"Heliangelus_viola","0","3","0","0",NA,NA,NA,"0",NA,"0",NA,"0",NA,NA,NA,"0","0","0","0",NA
"Helicolestes_hamatus","0","2","0","0",NA,NA,NA,"0",NA,"0",NA,NA,NA,NA,NA,NA,"0","0","0",NA
"Heliobletus_contaminatus","0","1","0","0",NA,NA,NA,"0",NA,NA,NA,NA,NA,NA,NA,NA,"0","0","0",NA
"Heliodoxa_aurescens","0","3","0","0",NA,NA,NA,"0",NA,"0",NA,"0",NA,NA,NA,"0","0","0","0",NA
"Heliodoxa_branickii","0","1","0","0",NA,NA,NA,"0",NA,NA,NA,NA,NA,NA,NA,NA,"0","0","0",NA
"Heliodoxa_gularis","0","2","0","0",NA,NA,NA,"0",NA,NA,NA,"0",NA,NA,NA,"0","0","0","0",NA
"Heliodoxa_imperatrix","0","1","0","0",NA,NA,NA,"0",NA,NA,NA,NA,NA,NA,NA,NA,"0","0","0",NA
"Heliodoxa_jacula","0","2","0","0",NA,NA,NA,"0",NA,NA,NA,"0",NA,NA,NA,"0","0","0","0",NA
"Heliodoxa_leadbeateri","0","3","0","0",NA,NA,NA,"0",NA,"0",NA,"0",NA,NA,NA,"0","0","0","0",NA
"Heliodoxa_rubinoides","0","3","0","0",NA,NA,NA,"0",NA,"0",NA,"0",NA,NA,NA,"0","0","0","0",NA
"Heliodoxa_schreibersii","0","3","0","0",NA,NA,NA,"0",NA,"0",NA,"0",NA,NA,NA,"0","0","0","0",NA
"Heliodoxa_xanthogonys","0","2","0","0",NA,NA,NA,"0",NA,NA,NA,"0",NA,NA,NA,"0","0","0","0",NA
"Heliolais_erythropterus","0","1","0","0",NA,NA,NA,"0",NA,NA,NA,NA,NA,NA,NA,NA,"0","0","0",NA
"Heliomaster_constantii","0","2","0","0",NA,NA,NA,"0",NA,NA,NA,"0",NA,NA,NA,"0","0","0","0",NA
"Heliomaster_furcifer","0","3","0","0",NA,NA,NA,"0",NA,"0",NA,"0",NA,NA,NA,"0","0","0","0",NA
"Heliomaster_longirostris","0","3","0","0",NA,NA,NA,"0",NA,"0",NA,"0",NA,NA,NA,"0","0","0","0",NA
"Heliomaster_squamosus","0","3","0","0",NA,NA,NA,"0",NA,"0",NA,"0",NA,NA,NA,"0","0","0","0",NA
"Heliopais_personatus","0","1","0","0",NA,NA,NA,"0",NA,NA,NA,NA,NA,NA,NA,NA,"0","0","0",NA
"Heliornis_fulica","0","3","0","0",NA,NA,NA,"0",NA,"0",NA,"0",NA,NA,NA,"0","0","0","0",NA
"Heliothryx_auritus","0","3","0","0",NA,NA,NA,"0",NA,"0",NA,"0",NA,NA,NA,"0","0","0","0",NA
"Heliothryx_barroti","0","3","0","0",NA,NA,NA,"0",NA,"0",NA,"0",NA,NA,NA,"0","0","0","0",NA
"Hellmayrea_gularis","0","1","0","0",NA,NA,NA,"0",NA,NA,NA,NA,NA,NA,NA,NA,"0","0","0",NA
"Helmitheros_vermivorum","0","3","0","0",NA,NA,NA,"0",NA,"0",NA,"0",NA,NA,NA,"0","0","0","0",NA
"Hemicircus_canente","0","1","0","0",NA,NA,NA,"0",NA,NA,NA,NA,NA,NA,NA,NA,"0","0","0",NA
"Hemicircus_concretus","0","1","0","0",NA,NA,NA,"0",NA,NA,NA,NA,NA,NA,NA,NA,"0","0","0",NA
"Hemignathus_flavus","0","1","0","0",NA,NA,NA,"0",NA,NA,NA,NA,NA,NA,NA,NA,"0","0","0",NA
"Hemignathus_kauaiensis","0","1","0","0",NA,NA,NA,"0",NA,NA,NA,NA,NA,NA,NA,NA,"0","0","0",NA
"Hemignathus_lucidus","0","1","0","0",NA,NA,NA,"0",NA,NA,NA,NA,NA,NA,NA,NA,"0","0","0",NA
"Hemignathus_munroi","0","1","0","0",NA,NA,NA,"0",NA,NA,NA,NA,NA,NA,NA,NA,"0","0","0",NA
"Hemignathus_parvus","0","1","0","0",NA,NA,NA,"0",NA,NA,NA,NA,NA,NA,NA,NA,"0","0","0",NA
"Hemignathus_virens","0","2","0","0",NA,NA,NA,"0",NA,NA,NA,"0",NA,NA,NA,"0","0","0","0",NA
"Hemiphaga_novaeseelandiae","0","3","0","0",NA,NA,NA,"0",NA,"0",NA,"0",NA,NA,NA,"0","0","0","0",NA
"Hemiprocne_comata","0","2","0","0",NA,NA,NA,"0",NA,"0",NA,NA,NA,NA,NA,NA,"0","0","0",NA
"Hemiprocne_coronata","0","2","0","0",NA,NA,NA,"0",NA,"0",NA,NA,NA,NA,NA,NA,"0","0","0",NA
"Hemiprocne_longipennis","0","2","0","0",NA,NA,NA,"0",NA,"0",NA,NA,NA,NA,NA,NA,"0","0","0",NA
"Hemiprocne_mystacea","0","2","0","0",NA,NA,NA,"0",NA,"0",NA,NA,NA,NA,NA,NA,"0","0","0",NA
"Hemipus_hirundinaceus","0","2","0","0",NA,NA,NA,"0",NA,"0",NA,NA,NA,NA,NA,NA,"0","0","0",NA
"Hemipus_picatus","0","2","0","0",NA,NA,NA,"0",NA,"0",NA,NA,NA,NA,NA,NA,"0","0","0",NA
"Hemispingus_atropileus","0","2","0","0",NA,NA,NA,"0",NA,NA,NA,"0",NA,NA,NA,"1","0","0","0",NA
"Hemispingus_auricularis","0","1","0","0",NA,NA,NA,"0",NA,NA,NA,NA,NA,NA,NA,NA,"0","0","0",NA
"Hemispingus_calophrys","0","2","0","0",NA,NA,NA,"0",NA,NA,NA,"0",NA,NA,NA,"1","0","0","0",NA
"Hemispingus_frontalis","0","2","0","0",NA,NA,NA,"0",NA,NA,NA,"0",NA,NA,NA,"1","0","0","0",NA
"Hemispingus_goeringi","0","1","0","0",NA,NA,NA,"0",NA,NA,NA,NA,NA,NA,NA,NA,"0","0","0",NA
"Hemispingus_melanotis","0","1","0","0",NA,NA,NA,"0",NA,NA,NA,NA,NA,NA,NA,NA,"0","0","0",NA
"Hemispingus_ochraceus","0","1","0","0",NA,NA,NA,"0",NA,NA,NA,NA,NA,NA,NA,NA,"0","0","0",NA
"Hemispingus_parodii","0","1","0","0",NA,NA,NA,"0",NA,NA,NA,NA,NA,NA,NA,NA,"0","0","0",NA
"Hemispingus_piurae","0","1","0","0",NA,NA,NA,"0",NA,NA,NA,NA,NA,NA,NA,NA,"0","0","0",NA
"Hemispingus_reyi","0","1","0","0",NA,NA,NA,"0",NA,NA,NA,NA,NA,NA,NA,NA,"0","0","0",NA
"Hemispingus_rufosuperciliaris","0","1","0","0",NA,NA,NA,"0",NA,NA,NA,NA,NA,NA,NA,NA,"0","0","0",NA
"Hemispingus_superciliaris","0","1","0","0",NA,NA,NA,"0",NA,NA,NA,NA,NA,NA,NA,NA,"0","0","0",NA
"Hemispingus_trifasciatus","0","1","0","0",NA,NA,NA,"0",NA,NA,NA,NA,NA,NA,NA,NA,"0","0","0",NA
"Hemispingus_verticalis","0","1","0","0",NA,NA,NA,"0",NA,NA,NA,NA,NA,NA,NA,NA,"0","0","0",NA
"Hemispingus_xanthophthalmus","0","1","0","0",NA,NA,NA,"0",NA,NA,NA,NA,NA,NA,NA,NA,"0","0","0",NA
"Hemitesia_neumanni","0","1","0","0",NA,NA,NA,"0",NA,NA,NA,NA,NA,NA,NA,NA,"0","0","0",NA
"Hemithraupis_flavicollis","0","2","0","0",NA,NA,NA,"0",NA,NA,NA,"0",NA,NA,NA,"1","0","0","0",NA
"Hemithraupis_guira","0","2","0","0",NA,NA,NA,"0",NA,NA,NA,"0",NA,NA,NA,"1","0","0","0",NA
"Hemithraupis_ruficapilla","0","2","0","0",NA,NA,NA,"0",NA,NA,NA,"0",NA,NA,NA,"1","0","0","0",NA
"Hemitriccus_cinnamomeipectus","0","1","0","0",NA,NA,NA,"0",NA,NA,NA,NA,NA,NA,NA,NA,"0","0","0",NA
"Hemitriccus_diops","0","1","0","0",NA,NA,NA,"0",NA,NA,NA,NA,NA,NA,NA,NA,"0","0","0",NA
"Hemitriccus_flammulatus","0","1","0","0",NA,NA,NA,"0",NA,NA,NA,NA,NA,NA,NA,NA,"0","0","0",NA
"Hemitriccus_furcatus","0","1","0","0",NA,NA,NA,"0",NA,NA,NA,NA,NA,NA,NA,NA,"0","0","0",NA
"Hemitriccus_granadensis","0","1","0","0",NA,NA,NA,"0",NA,NA,NA,NA,NA,NA,NA,NA,"0","0","0",NA
"Hemitriccus_griseipectus","0","1","0","0",NA,NA,NA,"0",NA,NA,NA,NA,NA,NA,NA,NA,"0","0","0",NA
"Hemitriccus_inornatus","0","1","0","0",NA,NA,NA,"0",NA,NA,NA,NA,NA,NA,NA,NA,"0","0","0",NA
"Hemitriccus_iohannis","0","2","0","0",NA,NA,NA,"0",NA,NA,NA,"0",NA,NA,NA,"1","0","0","0",NA
"Hemitriccus_josephinae","0","1","0","0",NA,NA,NA,"0",NA,NA,NA,NA,NA,NA,NA,NA,"0","0","0",NA
"Hemitriccus_kaempferi","0","2","0","0",NA,NA,NA,"0",NA,"0",NA,NA,NA,NA,NA,NA,"0","0","0",NA
"Hemitriccus_margaritaceiventer","0","2","0","0",NA,NA,NA,"0",NA,"0",NA,NA,NA,NA,NA,NA,"0","0","0",NA
"Hemitriccus_minimus","0","1","0","0",NA,NA,NA,"0",NA,NA,NA,NA,NA,NA,NA,NA,"0","0","0",NA
"Hemitriccus_minor","0","1","0","0",NA,NA,NA,"0",NA,NA,NA,NA,NA,NA,NA,NA,"0","0","0",NA
"Hemitriccus_mirandae","0","1","0","0",NA,NA,NA,"0",NA,NA,NA,NA,NA,NA,NA,NA,"0","0","0",NA
"Hemitriccus_nidipendulus","0","1","0","0",NA,NA,NA,"0",NA,NA,NA,NA,NA,NA,NA,NA,"0","0","0",NA
"Hemitriccus_obsoletus","0","1","0","0",NA,NA,NA,"0",NA,NA,NA,NA,NA,NA,NA,NA,"0","0","0",NA
"Hemitriccus_orbitatus","0","2","0","0",NA,NA,NA,"0",NA,NA,NA,"0",NA,NA,NA,"1","0","0","0",NA
"Hemitriccus_rufigularis","0","1","0","0",NA,NA,NA,"0",NA,NA,NA,NA,NA,NA,NA,NA,"0","0","0",NA
"Hemitriccus_spodiops","0","1","0","0",NA,NA,NA,"0",NA,NA,NA,NA,NA,NA,NA,NA,"0","0","0",NA
"Hemitriccus_striaticollis","0","1","0","0",NA,NA,NA,"0",NA,NA,NA,NA,NA,NA,NA,NA,"0","0","0",NA
"Hemitriccus_zosterops","0","1","0","0",NA,NA,NA,"0",NA,NA,NA,NA,NA,NA,NA,NA,"0","0","0",NA
"Hemixos_castanonotus","0","2","0","0",NA,NA,NA,"0",NA,"0",NA,NA,NA,NA,NA,NA,"0","0","0",NA
"Hemixos_flavala","0","2","0","0",NA,NA,NA,"0",NA,"0",NA,NA,NA,NA,NA,NA,"0","0","0",NA
"Henicopernis_infuscatus","0","1","0","0",NA,NA,NA,"0",NA,NA,NA,NA,NA,NA,NA,NA,"0","0","0",NA
"Henicopernis_longicauda","0","1","0","0",NA,NA,NA,"0",NA,NA,NA,NA,NA,NA,NA,NA,"0","0","0",NA
"Henicophaps_albifrons","0","1","0","0",NA,NA,NA,"0",NA,NA,NA,NA,NA,NA,NA,NA,"0","0","0",NA
"Henicophaps_foersteri","0","1","0","0",NA,NA,NA,"0",NA,NA,NA,NA,NA,NA,NA,NA,"0","0","0",NA
"Henicorhina_leucophrys","0","2","0","0",NA,NA,NA,"0",NA,"0",NA,NA,NA,NA,NA,NA,"0","0","0",NA
"Henicorhina_leucoptera","0","1","0","0",NA,NA,NA,"0",NA,NA,NA,NA,NA,NA,NA,NA,"0","0","0",NA
"Henicorhina_leucosticta","0","3","0","0",NA,NA,NA,"0",NA,"0",NA,"0",NA,NA,NA,"0","0","0","0",NA
"Herpetotheres_cachinnans","0","2","0","0",NA,NA,NA,"0",NA,"0",NA,NA,NA,NA,NA,NA,"0","0","0",NA
"Herpsilochmus_atricapillus","0","1","0","0",NA,NA,NA,"0",NA,NA,NA,NA,NA,NA,NA,NA,"0","0","0",NA
"Herpsilochmus_axillaris","0","2","0","0",NA,NA,NA,"0",NA,NA,NA,"0",NA,NA,NA,"1","0","0","0",NA
"Herpsilochmus_dorsimaculatus","0","2","0","0",NA,NA,NA,"0",NA,NA,NA,"0",NA,NA,NA,"1","0","0","0",NA
"Herpsilochmus_dugandi","0","1","0","0",NA,NA,NA,"0",NA,NA,NA,NA,NA,NA,NA,NA,"0","0","0",NA
"Herpsilochmus_gentryi","0","1","0","0",NA,NA,NA,"0",NA,NA,NA,NA,NA,NA,NA,NA,"0","0","0",NA
"Herpsilochmus_longirostris","0","2","0","0",NA,NA,NA,"0",NA,NA,NA,"0",NA,NA,NA,"1","0","0","0",NA
"Herpsilochmus_motacilloides","0","2","0","0",NA,NA,NA,"0",NA,NA,NA,"0",NA,NA,NA,"1","0","0","0",NA
"Herpsilochmus_parkeri","0","1","0","0",NA,NA,NA,"0",NA,NA,NA,NA,NA,NA,NA,NA,"0","0","0",NA
"Herpsilochmus_pectoralis","0","1","0","0",NA,NA,NA,"0",NA,NA,NA,NA,NA,NA,NA,NA,"0","0","0",NA
"Herpsilochmus_pileatus","0","1","0","0",NA,NA,NA,"0",NA,NA,NA,NA,NA,NA,NA,NA,"0","0","0",NA
"Herpsilochmus_roraimae","0","2","0","0",NA,NA,NA,"0",NA,NA,NA,"0",NA,NA,NA,"1","0","0","0",NA
"Herpsilochmus_rufimarginatus","0","2","0","0",NA,NA,NA,"0",NA,NA,NA,"0",NA,NA,NA,"1","0","0","0",NA
"Herpsilochmus_sellowi","0","1","0","0",NA,NA,NA,"0",NA,NA,NA,NA,NA,NA,NA,NA,"0","0","0",NA
"Herpsilochmus_stictocephalus","0","2","0","0",NA,NA,NA,"0",NA,NA,NA,"0",NA,NA,NA,"1","0","0","0",NA
"Herpsilochmus_sticturus","0","2","0","0",NA,NA,NA,"0",NA,NA,NA,"0",NA,NA,NA,"1","0","0","0",NA
"Heteralocha_acutirostris",NA,"0","0","0",NA,NA,NA,NA,NA,NA,NA,NA,NA,NA,NA,NA,"0","0","0",NA
"Heterocercus_aurantiivertex","0","2","0","0",NA,NA,NA,"0",NA,"0",NA,NA,NA,NA,NA,NA,"0","0","0",NA
"Heterocercus_flavivertex","0","2","0","0",NA,NA,NA,"0",NA,"0",NA,NA,NA,NA,NA,NA,"0","0","0",NA
"Heterocercus_linteatus","0","1","0","0",NA,NA,NA,"0",NA,NA,NA,NA,NA,NA,NA,NA,"0","0","0",NA
"Heteromirafra_archeri","0","1","0","0",NA,NA,NA,"0",NA,NA,NA,NA,NA,NA,NA,NA,"0","0","0",NA
"Heteromirafra_ruddi","0","2","0","0",NA,NA,NA,"0",NA,"0",NA,NA,NA,NA,NA,NA,"0","0","0",NA
"Heteromirafra_sidamoensis","0","1","0","0",NA,NA,NA,"0",NA,NA,NA,NA,NA,NA,NA,NA,"0","0","0",NA
"Heteromunia_pectoralis","0","2","0","0",NA,NA,NA,"0",NA,"0",NA,NA,NA,NA,NA,NA,"0","0","0",NA
"Heteromyias_albispecularis","0","2","0","0",NA,NA,NA,"0",NA,"0",NA,NA,NA,NA,NA,NA,"0","0","0",NA
"Heteronetta_atricapilla","0","2","0","0",NA,NA,NA,"0",NA,NA,NA,"0",NA,NA,NA,"0","0","0","0",NA
"Heterophasia_annectens","0","1","0","0",NA,NA,NA,"0",NA,NA,NA,NA,NA,NA,NA,NA,"0","0","0",NA
"Heterophasia_auricularis","0","1","0","0",NA,NA,NA,"0",NA,NA,NA,NA,NA,NA,NA,NA,"0","0","0",NA
"Heterophasia_capistrata","0","2","0","0",NA,NA,NA,"0",NA,"0",NA,NA,NA,NA,NA,NA,"0","0","0",NA
"Heterophasia_gracilis","0","2","0","0",NA,NA,NA,"0",NA,"0",NA,NA,NA,NA,NA,NA,"0","0","0",NA
"Heterophasia_melanoleuca","0","1","0","0",NA,NA,NA,"0",NA,NA,NA,NA,NA,NA,NA,NA,"0","0","0",NA
"Heterophasia_picaoides","0","2","0","0",NA,NA,NA,"0",NA,NA,NA,"0",NA,NA,NA,"0","0","0","0",NA
"Heterophasia_pulchella","0","1","0","0",NA,NA,NA,"0",NA,NA,NA,NA,NA,NA,NA,NA,"0","0","0",NA
"Heteroscelus_brevipes","0","2","0","0",NA,NA,NA,"0",NA,"0",NA,NA,NA,NA,NA,NA,"0","0","0",NA
"Heteroscelus_incanus","0","2","0","0",NA,NA,NA,"0",NA,"0",NA,NA,NA,NA,NA,NA,"0","0","0",NA
"Heterospingus_rubrifrons","0","2","0","0",NA,NA,NA,"0",NA,NA,NA,"0",NA,NA,NA,"1","0","0","0",NA
"Heterospingus_xanthopygius","0","1","0","0",NA,NA,NA,"0",NA,NA,NA,NA,NA,NA,NA,NA,"0","0","0",NA
"Hieraaetus_ayresii","0","3","0","0",NA,NA,NA,"0",NA,"0",NA,"0",NA,NA,NA,"0","0","0","0",NA
"Hieraaetus_morphnoides","0","3","0","0",NA,NA,NA,"0",NA,"0",NA,"0",NA,NA,NA,"1","0","0","0",NA
"Hieraaetus_pennatus","0","3","0","0",NA,NA,NA,"0",NA,"0",NA,"0",NA,NA,NA,"1","0","0","0",NA
"Hieraaetus_spilogaster","0","2","0","0",NA,NA,NA,"0",NA,"0",NA,NA,NA,NA,NA,NA,"0","0","0",NA
"Himantopus_himantopus","0","3","0","0",NA,NA,NA,"0",NA,"0",NA,"0",NA,NA,NA,"1","0","0","0",NA
"Himantopus_leucocephalus",NA,"0","0","0",NA,NA,NA,NA,NA,NA,NA,NA,NA,NA,NA,NA,"0","0","0",NA
"Himantopus_mexicanus","0","1","0","0",NA,NA,NA,NA,NA,NA,NA,"0",NA,NA,NA,"1","0","0","0",NA
"Himantopus_novaezelandiae","0","3","0","0",NA,NA,NA,"0",NA,"0",NA,"0",NA,NA,NA,"1","0","0","0",NA
"Himantornis_haematopus","0","1","0","0",NA,NA,NA,"0",NA,NA,NA,NA,NA,NA,NA,NA,"0","0","0",NA
"Himatione_sanguinea","0","3","0","0",NA,NA,NA,"0",NA,"0",NA,"0",NA,NA,NA,"1","0","0","0",NA
"Hippolais_caligata","0","2","0","0",NA,NA,NA,"0",NA,"0",NA,NA,NA,NA,NA,NA,"0","0","0",NA
"Hippolais_icterina","0","3","0","0",NA,NA,NA,"0",NA,"0",NA,"0",NA,NA,NA,"0","0","0","0",NA
"Hippolais_languida","0","2","0","0",NA,NA,NA,"0",NA,"0",NA,NA,NA,NA,NA,NA,"0","0","0",NA
"Hippolais_olivetorum","0","3","0","0",NA,NA,NA,"0",NA,"0",NA,"0",NA,NA,NA,"0","0","0","0",NA
"Hippolais_pallida","0","2","0","0",NA,NA,NA,"0",NA,"0",NA,NA,NA,NA,NA,NA,"0","0","0",NA
"Hippolais_polyglotta","0","3","0","0",NA,NA,NA,"0",NA,"0",NA,"0",NA,NA,NA,"0","0","0","0",NA
"Hippolais_rama","0","1","0","0",NA,NA,NA,"0",NA,NA,NA,NA,NA,NA,NA,NA,"0","0","0",NA
"Hirundapus_caudacutus","0","2","0","0",NA,NA,NA,"0",NA,"0",NA,NA,NA,NA,NA,NA,"0","0","0",NA
"Hirundapus_celebensis","0","1","0","0",NA,NA,NA,"0",NA,NA,NA,NA,NA,NA,NA,NA,"0","0","0",NA
"Hirundapus_cochinchinensis","0","2","0","0",NA,NA,NA,"0",NA,NA,NA,"0",NA,NA,NA,"0","0","0","0",NA
"Hirundapus_giganteus","0","1","0","0",NA,NA,NA,"0",NA,NA,NA,NA,NA,NA,NA,NA,"0","0","0",NA
"Hirundinea_ferruginea","0","2","0","0",NA,NA,NA,"0",NA,NA,NA,"0",NA,NA,NA,"1","0","0","0",NA
"Hirundo_abyssinica","0","2","0","0",NA,NA,NA,"0",NA,"0",NA,NA,NA,NA,NA,NA,"0","0","0",NA
"Hirundo_aethiopica","0","2","0","0",NA,NA,NA,"0",NA,"0",NA,NA,NA,NA,NA,NA,"0","0","0",NA
"Hirundo_albigularis","0","2","0","0",NA,NA,NA,"0",NA,"0",NA,NA,NA,NA,NA,NA,"0","0","0",NA
"Hirundo_angolensis","0","2","0","0",NA,NA,NA,"0",NA,"0",NA,NA,NA,NA,NA,NA,"0","0","0",NA
"Hirundo_ariel","0","3","0","0",NA,"0",NA,"0",NA,"0",NA,NA,NA,NA,NA,NA,"0","0","0",NA
"Hirundo_atrocaerulea","0","1","0","0",NA,NA,NA,"0",NA,NA,NA,NA,NA,NA,NA,NA,"0","0","0",NA
"Hirundo_concolor","0","2","0","0",NA,NA,NA,"0",NA,"0",NA,NA,NA,NA,NA,NA,"0","0","0",NA
"Hirundo_cucullata","0","2","0","0",NA,NA,NA,"0",NA,"0",NA,NA,NA,NA,NA,NA,"0","0","0",NA
"Hirundo_daurica","0","2","0","0",NA,NA,NA,"0",NA,"0",NA,NA,NA,NA,NA,NA,"0","0","0",NA
"Hirundo_dimidiata","0","3","0","0",NA,NA,NA,"0",NA,"0",NA,"0",NA,NA,NA,"0","0","0","0",NA
"Hirundo_domicola","0","1","0","0",NA,NA,NA,"0",NA,NA,NA,NA,NA,NA,NA,NA,"0","0","0",NA
"Hirundo_fluvicola","0","2","0","0",NA,NA,NA,"0",NA,"0",NA,NA,NA,NA,NA,NA,"0","0","0",NA
"Hirundo_fuliginosa","0","2","0","0",NA,NA,NA,"0",NA,"0",NA,NA,NA,NA,NA,NA,"0","0","0",NA
"Hirundo_fuligula","0","3","0","0",NA,NA,NA,"0",NA,"0",NA,"0",NA,NA,NA,"1","0","0","0",NA
"Hirundo_leucosoma","0","2","0","0",NA,NA,NA,"0",NA,"0",NA,NA,NA,NA,NA,NA,"0","0","0",NA
"Hirundo_lucida","0","1","0","0",NA,NA,NA,"0",NA,NA,NA,NA,NA,NA,NA,NA,"0","0","0",NA
"Hirundo_megaensis","0","1","0","0",NA,NA,NA,"0",NA,NA,NA,NA,NA,NA,NA,NA,"0","0","0",NA
"Hirundo_neoxena","0","2","0","0",NA,NA,NA,"0",NA,"0",NA,NA,NA,NA,NA,NA,"0","0","0",NA
"Hirundo_nigricans","0","2","0","0",NA,NA,NA,"0",NA,"0",NA,NA,NA,NA,NA,NA,"0","0","0",NA
"Hirundo_nigrita","0","2","0","0",NA,NA,NA,"0",NA,"0",NA,NA,NA,NA,NA,NA,"0","0","0",NA
"Hirundo_nigrorufa","0","2","0","0",NA,NA,NA,"0",NA,"0",NA,NA,NA,NA,NA,NA,"0","0","0",NA
"Hirundo_obsoleta","0","1","0","0",NA,NA,NA,"0",NA,NA,NA,NA,NA,NA,NA,NA,"0","0","0",NA
"Hirundo_perdita",NA,"0","0","0",NA,NA,NA,NA,NA,NA,NA,NA,NA,NA,NA,NA,"0","0","0",NA
"Hirundo_preussi","0","2","0","0",NA,NA,NA,"0",NA,"0",NA,NA,NA,NA,NA,NA,"0","0","0",NA
"Hirundo_rufigula","0","2","0","0",NA,NA,NA,"0",NA,"0",NA,NA,NA,NA,NA,NA,"0","0","0",NA
"Hirundo_rupestris","0","2","0","0",NA,NA,NA,"0",NA,"0",NA,NA,NA,NA,NA,NA,"0","0","0",NA
"Hirundo_rustica","0","4","0","0",NA,"0","0","0",NA,NA,NA,"0",NA,NA,NA,"0","0","0","0",NA
"Hirundo_semirufa","0","2","0","0",NA,NA,NA,"0",NA,"0",NA,NA,NA,NA,NA,NA,"0","0","0",NA
"Hirundo_senegalensis","0","2","0","0",NA,NA,NA,"0",NA,"0",NA,NA,NA,NA,NA,NA,"0","0","0",NA
"Hirundo_smithii","0","3","0","0",NA,NA,NA,"0",NA,"0",NA,"0",NA,NA,NA,"0","0","0","0",NA
"Hirundo_spilodera","0","2","0","0",NA,NA,NA,"0",NA,"0",NA,NA,NA,NA,NA,NA,"0","0","0",NA
"Hirundo_striolata","0","2","0","0",NA,NA,NA,"0",NA,"0",NA,NA,NA,NA,NA,NA,"0","0","0",NA
"Hirundo_tahitica","0","2","0","0",NA,NA,NA,"0",NA,"0",NA,NA,NA,NA,NA,NA,"0","0","0",NA
"Histrionicus_histrionicus","0","3","0","0",NA,NA,NA,"0",NA,"0",NA,"0",NA,NA,NA,"0","0","0","0",NA
"Histurgops_ruficaudus","1","0","1","0",NA,NA,NA,"1",NA,NA,NA,NA,NA,NA,NA,NA,"0","0","0",NA
"Hodgsonius_phaenicuroides","0","2","0","0",NA,NA,NA,"0",NA,"0",NA,NA,NA,NA,NA,NA,"0","0","0",NA
"Horizorhinus_dohrni","0","1","0","0",NA,NA,NA,NA,NA,"0",NA,NA,NA,NA,NA,NA,"0","0","0",NA
"Houbaropsis_bengalensis","0","2","0","0",NA,NA,NA,"0",NA,"0",NA,NA,NA,NA,NA,NA,"0","0","0",NA
"Humblotia_flavirostris","0","1","0","0",NA,NA,NA,"0",NA,NA,NA,NA,NA,NA,NA,NA,"0","0","0",NA
"Hydrobates_pelagicus","0","1","0","0",NA,NA,NA,NA,NA,"0",NA,NA,NA,NA,NA,NA,"0","0","0",NA
"Hydrochous_gigas","0","1","0","0",NA,NA,NA,"0",NA,NA,NA,NA,NA,NA,NA,NA,"0","0","0",NA
"Hydrophasianus_chirurgus","0","2","0","0",NA,NA,NA,"0",NA,"0",NA,NA,NA,NA,NA,NA,"0","0","0",NA
"Hydropsalis_climacocerca","0","1","0","0",NA,NA,NA,"0",NA,NA,NA,NA,NA,NA,NA,NA,"0","0","0",NA
"Hyetornis_pluvialis","0","1","0","0",NA,NA,NA,NA,NA,NA,NA,"0",NA,NA,NA,"0","0","0","0",NA
"Hylacola_cauta","0","2","0","0",NA,NA,NA,"0",NA,"0",NA,NA,NA,NA,NA,NA,"0","0","0",NA
"Hylacola_pyrrhopygia","0","3","0","0",NA,NA,NA,"0",NA,"0",NA,"0",NA,NA,NA,"0","0","0","0",NA
"Hylexetastes_brigidai","0","1","0","0",NA,NA,NA,"0",NA,NA,NA,NA,NA,NA,NA,NA,"0","0","0",NA
"Hylexetastes_perrotii","0","1","0","0",NA,NA,NA,"0",NA,NA,NA,NA,NA,NA,NA,NA,"0","0","0",NA
"Hylexetastes_stresemanni","0","1","0","0",NA,NA,NA,"0",NA,NA,NA,NA,NA,NA,NA,NA,"0","0","0",NA
"Hylexetastes_uniformis","0","1","0","0",NA,NA,NA,"0",NA,NA,NA,NA,NA,NA,NA,NA,"0","0","0",NA
"Hylia_prasina","0","1","0","0",NA,NA,NA,"0",NA,NA,NA,NA,NA,NA,NA,NA,"0","0","0",NA
"Hyliota_australis","0","2","0","0",NA,NA,NA,"0",NA,NA,NA,"0",NA,NA,NA,"1","0","0","0",NA
"Hyliota_flavigaster","0","2","0","0",NA,NA,NA,"0",NA,NA,NA,"0",NA,NA,NA,"0","0","0","0",NA
"Hyliota_violacea","0","1","0","0",NA,NA,NA,"0",NA,NA,NA,NA,NA,NA,NA,NA,"0","0","0",NA
"Hylocharis_chrysura","0","3","0","0",NA,NA,NA,"0",NA,"0",NA,"0",NA,NA,NA,"0","0","0","0",NA
"Hylocharis_cyanus","0","2","0","0",NA,NA,NA,"0",NA,"0",NA,NA,NA,NA,NA,NA,"0","0","0",NA
"Hylocharis_eliciae","0","2","0","0",NA,NA,NA,"0",NA,NA,NA,"0",NA,NA,NA,"0","0","0","0",NA
"Hylocharis_grayi","0","2","0","0",NA,NA,NA,"0",NA,NA,NA,"0",NA,NA,NA,"0","0","0","0",NA
"Hylocharis_leucotis","0","3","0","0",NA,NA,NA,"0",NA,"0",NA,"0",NA,NA,NA,"0","0","0","0",NA
"Hylocharis_sapphirina","0","3","0","0",NA,NA,NA,"0",NA,"0",NA,"0",NA,NA,NA,"0","0","0","0",NA
"Hylocharis_xantusii","0","3","0","0",NA,NA,NA,"0",NA,"0",NA,"0",NA,NA,NA,"0","0","0","0",NA
"Hylocichla_mustelina","0","5","0","0",NA,"0","0","0",NA,"0",NA,"0",NA,NA,NA,"0","0","0","0",NA
"Hylocitrea_bonensis",NA,"0","0","0",NA,NA,NA,NA,NA,NA,NA,NA,NA,NA,NA,NA,"0","0","0",NA
"Hylocryptus_erythrocephalus","0","1","0","0",NA,NA,NA,"0",NA,NA,NA,NA,NA,NA,NA,NA,"0","0","0",NA
"Hylocryptus_rectirostris","0","1","0","0",NA,NA,NA,"0",NA,NA,NA,NA,NA,NA,NA,NA,"0","0","0",NA
"Hyloctistes_subulatus","0","1","0","0",NA,NA,NA,"0",NA,NA,NA,NA,NA,NA,NA,NA,"0","0","0",NA
"Hyloctistes_virgatus","0","1","0","0",NA,NA,NA,"0",NA,NA,NA,NA,NA,NA,NA,NA,"0","0","0",NA
"Hylomanes_momotula","0","1","0","0",NA,NA,NA,"0",NA,NA,NA,NA,NA,NA,NA,NA,"0","0","0",NA
"Hylonympha_macrocerca","0","1","0","0",NA,NA,NA,"0",NA,NA,NA,NA,NA,NA,NA,NA,"0","0","0",NA
"Hylopezus_auricularis","0","1","0","0",NA,NA,NA,"0",NA,NA,NA,NA,NA,NA,NA,NA,"0","0","0",NA
"Hylopezus_berlepschi","0","1","0","0",NA,NA,NA,"0",NA,NA,NA,NA,NA,NA,NA,NA,"0","0","0",NA
"Hylopezus_dives","0","2","0","0",NA,NA,NA,"0",NA,NA,NA,"0",NA,NA,NA,"0","0","0","0",NA
"Hylopezus_fulviventris","0","1","0","0",NA,NA,NA,"0",NA,NA,NA,NA,NA,NA,NA,NA,"0","0","0",NA
"Hylopezus_macularius","0","1","0","0",NA,NA,NA,"0",NA,NA,NA,NA,NA,NA,NA,NA,"0","0","0",NA
"Hylopezus_nattereri","0","1","0","0",NA,NA,NA,"0",NA,NA,NA,NA,NA,NA,NA,NA,"0","0","0",NA
"Hylopezus_ochroleucus","0","1","0","0",NA,NA,NA,"0",NA,NA,NA,NA,NA,NA,NA,NA,"0","0","0",NA
"Hylopezus_perspicillatus","0","1","0","0",NA,NA,NA,"0",NA,NA,NA,NA,NA,NA,NA,NA,"0","0","0",NA
"Hylophilus_amaurocephalus","0","1","0","0",NA,NA,NA,"0",NA,NA,NA,NA,NA,NA,NA,NA,"0","0","0",NA
"Hylophilus_aurantiifrons","0","2","0","0",NA,NA,NA,"0",NA,"0",NA,NA,NA,NA,NA,NA,"0","0","0",NA
"Hylophilus_brunneiceps","0","2","0","0",NA,NA,NA,"0",NA,NA,NA,"0",NA,NA,NA,"1","0","0","0",NA
"Hylophilus_decurtatus","0","3","0","0",NA,NA,NA,"0",NA,"0",NA,"0",NA,NA,NA,"1","0","0","0",NA
"Hylophilus_flavipes","0","2","0","0",NA,NA,NA,"0",NA,"0",NA,NA,NA,NA,NA,NA,"0","0","0",NA
"Hylophilus_hypoxanthus","0","1","0","0",NA,NA,NA,"0",NA,NA,NA,NA,NA,NA,NA,NA,"0","0","0",NA
"Hylophilus_muscicapinus","0","1","0","0",NA,NA,NA,"0",NA,NA,NA,NA,NA,NA,NA,NA,"0","0","0",NA
"Hylophilus_ochraceiceps","0","2","0","0",NA,NA,NA,"0",NA,"0",NA,NA,NA,NA,NA,NA,"0","0","0",NA
"Hylophilus_olivaceus","0","1","0","0",NA,NA,NA,"0",NA,NA,NA,NA,NA,NA,NA,NA,"0","0","0",NA
"Hylophilus_pectoralis","0","1","0","0",NA,NA,NA,"0",NA,NA,NA,NA,NA,NA,NA,NA,"0","0","0",NA
"Hylophilus_poicilotis","0","2","0","0",NA,NA,NA,"0",NA,"0",NA,NA,NA,NA,NA,NA,"0","0","0",NA
"Hylophilus_sclateri","0","1","0","0",NA,NA,NA,"0",NA,NA,NA,NA,NA,NA,NA,NA,"0","0","0",NA
"Hylophilus_semibrunneus","0","1","0","0",NA,NA,NA,"0",NA,NA,NA,NA,NA,NA,NA,NA,"0","0","0",NA
"Hylophilus_semicinereus","0","1","0","0",NA,NA,NA,"0",NA,NA,NA,NA,NA,NA,NA,NA,"0","0","0",NA
"Hylophilus_thoracicus","0","1","0","0",NA,NA,NA,"0",NA,NA,NA,NA,NA,NA,NA,NA,"0","0","0",NA
"Hylophylax_naevioides","0","3","0","0",NA,NA,NA,"0",NA,"0",NA,"0",NA,NA,NA,"0","0","0","0",NA
"Hylophylax_naevius","0","3","0","0",NA,NA,NA,"0",NA,"0",NA,"0",NA,NA,NA,"1","0","0","0",NA
"Hylophylax_punctulatus","0","2","0","0",NA,NA,NA,"0",NA,NA,NA,"0",NA,NA,NA,"1","0","0","0",NA
"Hylorchilus_navai","0","1","0","0",NA,NA,NA,"0",NA,NA,NA,NA,NA,NA,NA,NA,"0","0","0",NA
"Hylorchilus_sumichrasti","0","2","0","0",NA,NA,NA,"0",NA,"0",NA,NA,NA,NA,NA,NA,"0","0","0",NA
"Hymenolaimus_malacorhynchos","0","5","0","0",NA,"0","0","0",NA,"0",NA,"0",NA,NA,NA,"0","0","0","0",NA
"Hymenops_perspicillatus","0","2","0","0",NA,NA,NA,"0",NA,"0",NA,NA,NA,NA,NA,NA,"0","0","0",NA
"Hypargos_margaritatus","0","2","0","0",NA,NA,NA,"0",NA,NA,NA,"0",NA,NA,NA,"1","0","0","0",NA
"Hypargos_niveoguttatus","0","2","0","0",NA,NA,NA,"0",NA,"0",NA,NA,NA,NA,NA,NA,"0","0","0",NA
"Hypergerus_atriceps","0","2","0","0",NA,NA,NA,"0",NA,"0",NA,NA,NA,NA,NA,NA,"0","0","0",NA
"Hypnelus_ruficollis","0","1","0","0",NA,NA,NA,"0",NA,NA,NA,NA,NA,NA,NA,NA,"0","0","0",NA
"Hypocnemis_cantator","0","3","0","0",NA,NA,NA,"0",NA,"0",NA,"0",NA,NA,NA,"1","0","0","0",NA
"Hypocnemis_hypoxantha","0","2","0","0",NA,NA,NA,"0",NA,NA,NA,"0",NA,NA,NA,"1","0","0","0",NA
"Hypocnemoides_maculicauda","0","2","0","0",NA,NA,NA,"0",NA,NA,NA,"0",NA,NA,NA,"1","0","0","0",NA
"Hypocnemoides_melanopogon","0","2","0","0",NA,NA,NA,"0",NA,NA,NA,"0",NA,NA,NA,"1","0","0","0",NA
"Hypocolius_ampelinus","0","2","0","0",NA,NA,NA,"0",NA,"0",NA,NA,NA,NA,NA,NA,"0","0","0",NA
"Hypocryptadius_cinnamomeus","0","1","0","0",NA,NA,NA,"0",NA,NA,NA,NA,NA,NA,NA,NA,"0","0","0",NA
"Hypoedaleus_guttatus","0","1","0","0",NA,NA,NA,"0",NA,NA,NA,NA,NA,NA,NA,NA,"0","0","0",NA
"Hypogramma_hypogrammicum","0","2","0","0",NA,NA,NA,"0",NA,"0",NA,NA,NA,NA,NA,NA,"0","0","0",NA
"Hypopyrrhus_pyrohypogaster","1","0","3","0",NA,NA,NA,"1",NA,"1","1",NA,"K",NA,NA,NA,"1","0","0","Kin"
"Hypositta_corallirostris","0","1","0","0",NA,NA,NA,"0",NA,NA,NA,NA,NA,NA,NA,NA,"0","0","0",NA
"Hypothymis_azurea","0","3","0","0",NA,NA,NA,"0",NA,"0",NA,"0",NA,NA,NA,"1","0","0","0",NA
"Hypothymis_coelestis","0","1","0","0",NA,NA,NA,"0",NA,NA,NA,NA,NA,NA,NA,NA,"0","0","0",NA
"Hypothymis_helenae","0","1","0","0",NA,NA,NA,"0",NA,NA,NA,NA,NA,NA,NA,NA,"0","0","0",NA
"Hypsipetes_borbonicus","0","1","0","0",NA,NA,NA,"0",NA,NA,NA,NA,NA,NA,NA,NA,"0","0","0",NA
"Hypsipetes_crassirostris","0","1","0","0",NA,NA,NA,"0",NA,NA,NA,NA,NA,NA,NA,NA,"0","0","0",NA
"Hypsipetes_leucocephalus","0","2","0","0",NA,NA,NA,"0",NA,NA,NA,"0",NA,NA,NA,"0","0","0","0",NA
"Hypsipetes_madagascariensis","0","1","0","0",NA,NA,NA,"0",NA,NA,NA,NA,NA,NA,NA,NA,"0","0","0",NA
"Hypsipetes_mcclellandii","0","2","0","0",NA,NA,NA,"0",NA,"0",NA,NA,NA,NA,NA,NA,"0","0","0",NA
"Hypsipetes_nicobariensis","0","1","0","0",NA,NA,NA,"0",NA,NA,NA,NA,NA,NA,NA,NA,"0","0","0",NA
"Hypsipetes_olivaceus","1","0","2","0",NA,NA,NA,"1",NA,"1",NA,NA,NA,NA,NA,NA,"0","0","0",NA
"Hypsipetes_parvirostris","0","1","0","0",NA,NA,NA,"0",NA,NA,NA,NA,NA,NA,NA,NA,"0","0","0",NA
"Hypsipetes_thompsoni","0","2","0","0",NA,NA,NA,"0",NA,NA,NA,"0",NA,NA,NA,"0","0","0","0",NA
"Hypsipetes_virescens","0","1","0","0",NA,NA,NA,"0",NA,NA,NA,NA,NA,NA,NA,NA,"0","0","0",NA
"Ibidorhyncha_struthersii","0","2","0","0",NA,NA,NA,"0",NA,"0",NA,NA,NA,NA,NA,NA,"0","0","0",NA
"Ibycter_americanus","1","0","1","0",NA,NA,NA,NA,NA,"1",NA,NA,NA,NA,NA,NA,"0","0","0",NA
"Ichthyophaga_humilis","0","1","0","0",NA,NA,NA,"0",NA,NA,NA,NA,NA,NA,NA,NA,"0","0","0",NA
"Ichthyophaga_ichthyaetus","0","2","0","0",NA,NA,NA,"0",NA,"0",NA,NA,NA,NA,NA,NA,"0","0","0",NA
"Icteria_virens","0","2","0","0",NA,NA,"0","0",NA,NA,NA,NA,NA,NA,NA,NA,"0","0","0",NA
"Icterus_abeillei","0","1","0","0",NA,NA,NA,"0",NA,NA,NA,NA,NA,NA,NA,NA,"0","0","0",NA
"Icterus_auratus","0","2","0","0",NA,NA,NA,"0",NA,NA,NA,"0",NA,NA,NA,"0","0","0","0",NA
"Icterus_auricapillus","0","2","0","0",NA,NA,NA,"0",NA,NA,NA,"0",NA,NA,NA,"1","0","0","0",NA
"Icterus_bonana","0","1","0","0",NA,NA,NA,"0",NA,NA,NA,NA,NA,NA,NA,NA,"0","0","0",NA
"Icterus_bullockii","1","0","1","0",NA,NA,NA,"1",NA,NA,NA,NA,NA,NA,NA,NA,"0","0","0",NA
"Icterus_cayanensis","0","3","0","0",NA,NA,NA,"0",NA,"0",NA,"0",NA,NA,NA,"0","0","0","0",NA
"Icterus_chrysater","0","2","0","0",NA,NA,NA,"0",NA,NA,NA,"0",NA,NA,NA,"1","0","0","0",NA
"Icterus_croconotus","0","2","0","0",NA,NA,NA,"0",NA,NA,NA,"0",NA,NA,NA,"1","0","0","0",NA
"Icterus_cucullatus","0","2","0","0",NA,NA,NA,"0",NA,"0",NA,NA,NA,NA,NA,NA,"0","0","0",NA
"Icterus_dominicensis","0","3","0","0",NA,NA,NA,"0",NA,"0",NA,"0",NA,NA,NA,"1","0","0","0",NA
"Icterus_galbula","0","5","0","0",NA,"0","0","0",NA,"0",NA,"0",NA,NA,NA,"0","0","0","0",NA
"Icterus_graceannae","0","2","0","0",NA,NA,NA,"0",NA,NA,NA,"0",NA,NA,NA,"1","0","0","0",NA
"Icterus_graduacauda","0","2","0","0",NA,NA,NA,"0",NA,"0",NA,NA,NA,NA,NA,NA,"0","0","0",NA
"Icterus_gularis","0","2","0","0",NA,NA,NA,"0",NA,"0",NA,NA,NA,NA,NA,NA,"0","0","0",NA
"Icterus_icterus","0","3","0","0",NA,NA,NA,"0",NA,"0",NA,"0",NA,NA,NA,"1","0","0","0",NA
"Icterus_jamacaii","0","2","0","0",NA,NA,NA,"0",NA,NA,NA,"0",NA,NA,NA,"1","0","0","0",NA
"Icterus_laudabilis","0","1","0","0",NA,NA,NA,"0",NA,NA,NA,NA,NA,NA,NA,NA,"0","0","0",NA
"Icterus_leucopteryx","0","3","0","0",NA,NA,NA,"0",NA,"0",NA,"0",NA,NA,NA,"1","0","0","0",NA
"Icterus_maculialatus","0","2","0","0",NA,NA,NA,"0",NA,NA,NA,"0",NA,NA,NA,"1","0","0","0",NA
"Icterus_mesomelas","0","3","0","0",NA,NA,NA,"0",NA,"0",NA,"0",NA,NA,NA,"1","0","0","0",NA
"Icterus_nigrogularis","0","3","0","0",NA,NA,NA,"0",NA,"0",NA,"0",NA,NA,NA,"0","0","0","0",NA
"Icterus_oberi","0","2","0","0",NA,NA,NA,"0",NA,"0",NA,NA,NA,NA,NA,NA,"0","0","0",NA
"Icterus_parisorum","0","3","0","0",NA,NA,NA,"0",NA,"0",NA,"0",NA,NA,NA,"0","0","0","0",NA
"Icterus_pectoralis","0","3","0","0",NA,NA,NA,"0",NA,"0",NA,"0",NA,NA,NA,"1","0","0","0",NA
"Icterus_prosthemelas","0","1","0","0",NA,NA,NA,"0",NA,NA,NA,NA,NA,NA,NA,NA,"0","0","0",NA
"Icterus_pustulatus","0","3","0","0",NA,NA,NA,"0",NA,"0",NA,"0",NA,NA,NA,"1","0","0","0",NA
"Icterus_spurius","0","2","0","0",NA,NA,NA,"0",NA,NA,NA,"0",NA,NA,NA,"0","0","0","0",NA
"Icterus_wagleri","0","2","0","0",NA,NA,NA,"0",NA,NA,NA,"0",NA,NA,NA,"1","0","0","0",NA
"Ictinaetus_malayensis","0","2","0","0",NA,NA,NA,"0",NA,"0",NA,NA,NA,NA,NA,NA,"0","0","0",NA
"Ictinia_mississippiensis","1","1","3","1",NA,NA,NA,"1",NA,"1","1","0","K",NA,NA,"1","1","0","0","Kin"
"Ictinia_plumbea","0","2","0","0",NA,NA,NA,"0",NA,"0",NA,NA,NA,NA,NA,NA,"0","0","0",NA
"Idiopsar_brachyurus","0","1","0","0",NA,NA,NA,"0",NA,NA,NA,NA,NA,NA,NA,NA,"0","0","0",NA
"Ifrita_kowaldi","0","1","0","0",NA,NA,NA,"0",NA,NA,NA,NA,NA,NA,NA,NA,"0","0","0",NA
"Ilicura_militaris","0","3","0","0",NA,NA,NA,"0",NA,"0",NA,"0",NA,NA,NA,"0","0","0","0",NA
"Illadopsis_albipectus","0","2","0","0",NA,NA,NA,"0",NA,NA,NA,"0",NA,NA,NA,"1","0","0","0",NA
"Illadopsis_cleaveri","0","3","0","0",NA,NA,NA,"0",NA,"0",NA,"0",NA,NA,NA,"0","0","0","0",NA
"Illadopsis_fulvescens","0","2","0","0",NA,NA,NA,"0",NA,NA,NA,"0",NA,NA,NA,"1","0","0","0",NA
"Illadopsis_puveli","0","1","0","0",NA,NA,NA,"0",NA,NA,NA,NA,NA,NA,NA,NA,"0","0","0",NA
"Illadopsis_pyrrhoptera","1","0","1","0",NA,NA,NA,"1",NA,NA,NA,NA,NA,NA,NA,NA,"0","0","0",NA
"Illadopsis_rufescens","0","2","0","0",NA,NA,NA,"0",NA,NA,NA,"0",NA,NA,NA,"1","0","0","0",NA
"Illadopsis_rufipennis","1","0","3","0",NA,NA,NA,"1",NA,"1",NA,"1",NA,NA,"K","1","1","0","0","Kin"
"Incana_incana","0","1","0","0",NA,NA,NA,"0",NA,NA,NA,NA,NA,NA,NA,NA,"0","0","0",NA
"Incaspiza_laeta","0","1","0","0",NA,NA,NA,"0",NA,NA,NA,NA,NA,NA,NA,NA,"0","0","0",NA
"Incaspiza_ortizi","0","1","0","0",NA,NA,NA,"0",NA,NA,NA,NA,NA,NA,NA,NA,"0","0","0",NA
"Incaspiza_personata","0","1","0","0",NA,NA,NA,"0",NA,NA,NA,NA,NA,NA,NA,NA,"0","0","0",NA
"Incaspiza_pulchra","0","1","0","0",NA,NA,NA,"0",NA,NA,NA,NA,NA,NA,NA,NA,"0","0","0",NA
"Incaspiza_watkinsi","0","1","0","0",NA,NA,NA,"0",NA,NA,NA,NA,NA,NA,NA,NA,"0","0","0",NA
"Indicator_archipelagicus","0","2","0","0",NA,NA,NA,"0",NA,NA,NA,"0",NA,NA,NA,"0","0","0","0",NA
"Indicator_conirostris","0","1","0","0",NA,NA,NA,"0",NA,NA,NA,NA,NA,NA,NA,NA,"0","0","0",NA
"Indicator_exilis","0","2","0","0",NA,NA,NA,"0",NA,NA,NA,"0",NA,NA,NA,"0","0","0","0",NA
"Indicator_indicator","0","2","0","0",NA,NA,NA,"0",NA,NA,NA,"0",NA,NA,NA,"0","0","0","0",NA
"Indicator_maculatus","0","2","0","0",NA,NA,NA,"0",NA,NA,NA,"0",NA,NA,NA,"0","0","0","0",NA
"Indicator_meliphilus","0","2","0","0",NA,NA,NA,"0",NA,NA,NA,"0",NA,NA,NA,"0","0","0","0",NA
"Indicator_minor","0","2","0","0",NA,NA,NA,"0",NA,NA,NA,"0",NA,NA,NA,"0","0","0","0",NA
"Indicator_pumilio","0","2","0","0",NA,NA,NA,"0",NA,NA,NA,"0",NA,NA,NA,"0","0","0","0",NA
"Indicator_variegatus","0","2","0","0",NA,NA,NA,"0",NA,NA,NA,"0",NA,NA,NA,"0","0","0","0",NA
"Indicator_willcocksi","0","2","0","0",NA,NA,NA,"0",NA,NA,NA,"0",NA,NA,NA,"0","0","0","0",NA
"Indicator_xanthonotus","0","2","0","0",NA,NA,NA,"0",NA,NA,NA,"0",NA,NA,NA,"0","0","0","0",NA
"Inezia_caudata","0","1","0","0",NA,NA,NA,"0",NA,NA,NA,NA,NA,NA,NA,NA,"0","0","0",NA
"Inezia_inornata","0","1","0","0",NA,NA,NA,"0",NA,NA,NA,NA,NA,NA,NA,NA,"0","0","0",NA
"Inezia_subflava","0","1","0","0",NA,NA,NA,"0",NA,NA,NA,NA,NA,NA,NA,NA,"0","0","0",NA
"Inezia_tenuirostris","0","1","0","0",NA,NA,NA,"0",NA,NA,NA,NA,NA,NA,NA,NA,"0","0","0",NA
"Iodopleura_fusca","0","2","0","0",NA,NA,NA,"0",NA,"0",NA,NA,NA,NA,NA,NA,"0","0","0",NA
"Iodopleura_isabellae","0","1","0","0",NA,NA,NA,"0",NA,NA,NA,NA,NA,NA,NA,NA,"0","0","0",NA
"Iodopleura_pipra","0","1","0","0",NA,NA,NA,"0",NA,NA,NA,NA,NA,NA,NA,NA,"0","0","0",NA
"Iole_indica","1","0","1","0",NA,NA,NA,"1",NA,NA,NA,NA,NA,NA,NA,NA,"0","0","0",NA
"Iole_olivacea","0","2","0","0",NA,NA,NA,"0",NA,"0",NA,NA,NA,NA,NA,NA,"0","0","0",NA
"Iole_propinqua","0","1","0","0",NA,NA,NA,"0",NA,NA,NA,NA,NA,NA,NA,NA,"0","0","0",NA
"Iole_virescens","0","1","0","0",NA,NA,NA,"0",NA,NA,NA,NA,NA,NA,NA,NA,"0","0","0",NA
"Irania_gutturalis","0","2","0","0",NA,NA,NA,"0",NA,"0",NA,NA,NA,NA,NA,NA,"0","0","0",NA
"Irediparra_gallinacea","0","3","0","0",NA,"0",NA,"0",NA,"0",NA,NA,NA,NA,NA,NA,"0","0","0",NA
"Irena_cyanogastra","0","1","0","0",NA,NA,NA,"0",NA,NA,NA,NA,NA,NA,NA,NA,"0","0","0",NA
"Irena_puella","0","3","0","0",NA,NA,NA,"0",NA,"0",NA,"0",NA,NA,NA,"0","0","0","0",NA
"Iridophanes_pulcherrimus","0","2","0","0",NA,NA,NA,"0",NA,NA,NA,"0",NA,NA,NA,"1","0","0","0",NA
"Iridosornis_analis","0","2","0","0",NA,NA,NA,"0",NA,NA,NA,"0",NA,NA,NA,"1","0","0","0",NA
"Iridosornis_jelskii","0","2","0","0",NA,NA,NA,"0",NA,NA,NA,"0",NA,NA,NA,"1","0","0","0",NA
"Iridosornis_porphyrocephalus","0","2","0","0",NA,NA,NA,"0",NA,NA,NA,"0",NA,NA,NA,"1","0","0","0",NA
"Iridosornis_reinhardti","0","1","0","0",NA,NA,NA,"0",NA,NA,NA,NA,NA,NA,NA,NA,"0","0","0",NA
"Iridosornis_rufivertex","0","1","0","0",NA,NA,NA,"0",NA,NA,NA,NA,NA,NA,NA,NA,"0","0","0",NA
"Ithaginis_cruentus","0","2","0","0",NA,NA,NA,"0",NA,"0",NA,NA,NA,NA,NA,NA,"0","0","0",NA
"Ixobrychus_cinnamomeus","0","3","0","0",NA,NA,NA,"0",NA,"0",NA,"0",NA,NA,NA,"0","0","0","0",NA
"Ixobrychus_eurhythmus","0","3","0","0",NA,NA,NA,"0",NA,"0",NA,"0",NA,NA,NA,"0","0","0","0",NA
"Ixobrychus_exilis","0","3","0","0",NA,NA,NA,"0",NA,"0",NA,"0",NA,NA,NA,"0","0","0","0",NA
"Ixobrychus_flavicollis","0","2","0","0",NA,NA,NA,"0",NA,NA,NA,"0",NA,NA,NA,"0","0","0","0",NA
"Ixobrychus_involucris","0","2","0","0",NA,NA,NA,"0",NA,NA,NA,"0",NA,NA,NA,"0","0","0","0",NA
"Ixobrychus_minutus","0","3","0","0",NA,NA,NA,"0",NA,"0",NA,"0",NA,NA,NA,"0","0","0","0",NA
"Ixobrychus_sinensis","0","3","0","0",NA,NA,NA,"0",NA,"0",NA,"0",NA,NA,NA,"0","0","0","0",NA
"Ixobrychus_sturmii","0","3","0","0",NA,NA,NA,"0",NA,"0",NA,"0",NA,NA,NA,"0","0","0","0",NA
"Ixonotus_guttatus","1","0","3","0",NA,NA,NA,"1",NA,"1",NA,"1",NA,NA,"K","1","1","0","0","Kin"
"Ixos_amaurotis","0","2","0","0",NA,NA,NA,"0",NA,NA,NA,"0",NA,NA,NA,"1","0","0","0",NA
"Ixos_everetti","0","1","0","0",NA,NA,NA,"0",NA,NA,NA,NA,NA,NA,NA,NA,"0","0","0",NA
"Ixos_malaccensis","0","2","0","0",NA,NA,NA,"0",NA,"0",NA,NA,NA,NA,NA,NA,"0","0","0",NA
"Ixos_palawanensis","0","1","0","0",NA,NA,NA,"0",NA,NA,NA,NA,NA,NA,NA,NA,"0","0","0",NA
"Ixos_philippinus","0","2","0","0",NA,NA,NA,"0",NA,NA,NA,"0",NA,NA,NA,"1","0","0","0",NA
"Ixos_rufigularis","0","1","0","0",NA,NA,NA,"0",NA,NA,NA,NA,NA,NA,NA,NA,"0","0","0",NA
"Ixos_siquijorensis","0","1","0","0",NA,NA,NA,"0",NA,NA,NA,NA,NA,NA,NA,NA,"0","0","0",NA
"Jabiru_mycteria","0","3","0","0",NA,NA,NA,"0",NA,"0",NA,"0",NA,NA,NA,"0","0","0","0",NA
"Jabouilleia_danjoui",NA,"0","0","0",NA,NA,NA,NA,NA,NA,NA,NA,NA,NA,NA,NA,"0","0","0",NA
"Jacamaralcyon_tridactyla","1","1","2","1",NA,NA,NA,"1",NA,"0",NA,"1",NA,NA,"K","1","1","0","0","Kin"
"Jacamerops_aureus","1","0","1","0",NA,NA,NA,"1",NA,NA,NA,NA,NA,NA,NA,NA,"0","0","0",NA
"Jacana_jacana","0","3","0","0",NA,"0",NA,"0",NA,"0",NA,NA,NA,NA,NA,NA,"0","0","0",NA
"Jacana_spinosa","0","3","0","0",NA,NA,NA,"0",NA,"0",NA,"0",NA,NA,NA,"1","0","0","0",NA
"Jubula_lettii","0","2","0","0",NA,NA,NA,"0",NA,"0",NA,NA,NA,NA,NA,NA,"0","0","0",NA
"Junco_hyemalis","0","5","0","0",NA,"0","0","0",NA,"0",NA,"0",NA,NA,NA,"0","0","0","0",NA
"Junco_insularis","0","1","0","0",NA,NA,NA,"0",NA,NA,NA,NA,NA,NA,NA,NA,"0","0","0",NA
"Junco_phaeonotus","0","2","0","0",NA,NA,NA,"0",NA,NA,NA,"0",NA,NA,NA,"0","0","0","0",NA
"Junco_vulcani","0","2","0","0",NA,NA,NA,"0",NA,"0",NA,NA,NA,NA,NA,NA,"0","0","0",NA
"Jynx_ruficollis","0","3","0","0",NA,NA,NA,"0",NA,"0",NA,"0",NA,NA,NA,"0","0","0","0",NA
"Jynx_torquilla","0","4","0","0",NA,"0","0","0",NA,"0",NA,NA,NA,NA,NA,NA,"0","0","0",NA
"Kakamega_poliothorax","0","1","0","0",NA,NA,NA,"0",NA,NA,NA,NA,NA,NA,NA,NA,"0","0","0",NA
"Kaupifalco_monogrammicus","0","3","0","0",NA,NA,NA,"0",NA,"0",NA,"0",NA,NA,NA,"0","0","0","0",NA
"Kenopia_striata","0","1","0","0",NA,NA,NA,"0",NA,NA,NA,NA,NA,NA,NA,NA,"0","0","0",NA
"Ketupa_blakistoni","0","2","0","0",NA,NA,NA,"0",NA,"0",NA,NA,NA,NA,NA,NA,"0","0","0",NA
"Ketupa_flavipes","0","1","0","0",NA,NA,NA,"0",NA,NA,NA,NA,NA,NA,NA,NA,"0","0","0",NA
"Ketupa_ketupu","0","1","0","0",NA,NA,NA,"0",NA,NA,NA,NA,NA,NA,NA,NA,"0","0","0",NA
"Ketupa_zeylonensis","0","1","0","0",NA,NA,NA,"0",NA,NA,NA,NA,NA,NA,NA,NA,"0","0","0",NA
"Klais_guimeti","0","3","0","0",NA,NA,NA,"0",NA,"0",NA,"0",NA,NA,NA,"0","0","0","0",NA
"Knipolegus_aterrimus","0","2","0","0",NA,NA,NA,"0",NA,"0",NA,NA,NA,NA,NA,NA,"0","0","0",NA
"Knipolegus_cyanirostris","0","2","0","0",NA,NA,NA,"0",NA,"0",NA,NA,NA,NA,NA,NA,"0","0","0",NA
"Knipolegus_franciscanus","0","1","0","0",NA,NA,NA,"0",NA,NA,NA,NA,NA,NA,NA,NA,"0","0","0",NA
"Knipolegus_hudsoni","0","1","0","0",NA,NA,NA,"0",NA,NA,NA,NA,NA,NA,NA,NA,"0","0","0",NA
"Knipolegus_lophotes","0","1","0","0",NA,NA,NA,"0",NA,NA,NA,NA,NA,NA,NA,NA,"0","0","0",NA
"Knipolegus_nigerrimus","0","1","0","0",NA,NA,NA,"0",NA,NA,NA,NA,NA,NA,NA,NA,"0","0","0",NA
"Knipolegus_orenocensis","0","1","0","0",NA,NA,NA,"0",NA,NA,NA,NA,NA,NA,NA,NA,"0","0","0",NA
"Knipolegus_poecilocercus","0","1","0","0",NA,NA,NA,"0",NA,NA,NA,NA,NA,NA,NA,NA,"0","0","0",NA
"Knipolegus_poecilurus","0","1","0","0",NA,NA,NA,"0",NA,NA,NA,NA,NA,NA,NA,NA,"0","0","0",NA
"Knipolegus_signatus","0","1","0","0",NA,NA,NA,"0",NA,NA,NA,NA,NA,NA,NA,NA,"0","0","0",NA
"Knipolegus_striaticeps","0","1","0","0",NA,NA,NA,"0",NA,NA,NA,NA,NA,NA,NA,NA,"0","0","0",NA
"Kupeornis_chapini","1","0","1","0",NA,NA,NA,"1",NA,NA,NA,NA,NA,NA,NA,NA,"0","0","0",NA
"Kupeornis_gilberti","1","0","1","0",NA,NA,NA,"1",NA,NA,NA,NA,NA,NA,NA,NA,"0","0","0",NA
"Kupeornis_rufocinctus","1","0","1","0",NA,NA,NA,"1",NA,NA,NA,NA,NA,NA,NA,NA,"0","0","0",NA
"Lacedo_pulchella","0","1","0","0",NA,NA,NA,"0",NA,NA,NA,NA,NA,NA,NA,NA,"0","0","0",NA
"Lafresnaya_lafresnayi","0","3","0","0",NA,NA,NA,"0",NA,"0",NA,"0",NA,NA,NA,"0","0","0","0",NA
"Lagonosticta_landanae",NA,"0","0","0",NA,NA,NA,NA,NA,NA,NA,NA,NA,NA,NA,NA,"0","0","0",NA
"Lagonosticta_larvata","0","1","0","0",NA,NA,NA,"0",NA,NA,NA,NA,NA,NA,NA,NA,"0","0","0",NA
"Lagonosticta_nitidula","0","2","0","0",NA,NA,NA,"0",NA,"0",NA,NA,NA,NA,NA,NA,"0","0","0",NA
"Lagonosticta_rara","0","2","0","0",NA,NA,NA,"0",NA,"0",NA,NA,NA,NA,NA,NA,"0","0","0",NA
"Lagonosticta_rhodopareia","0","3","0","0",NA,NA,NA,"0",NA,"0",NA,"0",NA,NA,NA,"1","0","0","0",NA
"Lagonosticta_rubricata","0","3","0","0",NA,NA,NA,"0",NA,"0",NA,"0",NA,NA,NA,"1","0","0","0",NA
"Lagonosticta_rufopicta","0","2","0","0",NA,NA,NA,"0",NA,"0",NA,NA,NA,NA,NA,NA,"0","0","0",NA
"Lagonosticta_sanguinodorsalis","0","1","0","0",NA,NA,NA,"0",NA,NA,NA,NA,NA,NA,NA,NA,"0","0","0",NA
"Lagonosticta_senegala","0","3","0","0",NA,NA,NA,"0",NA,"0",NA,"0",NA,NA,NA,"0","0","0","0",NA
"Lagonosticta_umbrinodorsalis","0","1","0","0",NA,NA,NA,"0",NA,NA,NA,NA,NA,NA,NA,NA,"0","0","0",NA
"Lagonosticta_virata","0","2","0","0",NA,NA,NA,"0",NA,"0",NA,NA,NA,NA,NA,NA,"0","0","0",NA
"Lagopus_lagopus","0","5","0","0",NA,"0","0","0",NA,"0",NA,"0",NA,NA,NA,"1","0","0","0",NA
"Lagopus_leucura","0","4","0","0",NA,"0","0","0",NA,"0",NA,NA,NA,NA,NA,NA,"0","0","0",NA
"Lagopus_muta","0","3","0","0",NA,NA,NA,"0",NA,"0",NA,"0",NA,NA,NA,"1","0","0","0",NA
"Lalage_atrovirens","0","1","0","0",NA,NA,NA,"0",NA,NA,NA,NA,NA,NA,NA,NA,"0","0","0",NA
"Lalage_aurea","0","1","0","0",NA,NA,NA,"0",NA,NA,NA,NA,NA,NA,NA,NA,"0","0","0",NA
"Lalage_leucomela","0","2","0","0",NA,NA,NA,"0",NA,"0",NA,NA,NA,NA,NA,NA,"0","0","0",NA
"Lalage_leucopyga","0","1","0","0",NA,NA,NA,"0",NA,NA,NA,NA,NA,NA,NA,NA,"0","0","0",NA
"Lalage_leucopygialis","0","1","0","0",NA,NA,NA,"0",NA,NA,NA,NA,NA,NA,NA,NA,"0","0","0",NA
"Lalage_maculosa","0","1","0","0",NA,NA,NA,"0",NA,NA,NA,NA,NA,NA,NA,NA,"0","0","0",NA
"Lalage_melanoleuca","0","1","0","0",NA,NA,NA,"0",NA,NA,NA,NA,NA,NA,NA,NA,"0","0","0",NA
"Lalage_moesta","0","1","0","0",NA,NA,NA,"0",NA,NA,NA,NA,NA,NA,NA,NA,"0","0","0",NA
"Lalage_nigra","0","2","0","0",NA,NA,NA,"0",NA,"0",NA,NA,NA,NA,NA,NA,"0","0","0",NA
"Lalage_sharpei",NA,"0","0","0",NA,NA,NA,NA,NA,NA,NA,NA,NA,NA,NA,NA,"0","0","0",NA
"Lalage_sueurii","0","1","0","0",NA,NA,NA,"0",NA,NA,NA,NA,NA,NA,NA,NA,"0","0","0",NA
"Lalage_tricolor","1","3","1","1","1",NA,NA,"0",NA,"0",NA,"0",NA,NA,NA,"0","0","0","0",NA
"Lampornis_amethystinus","0","3","0","0",NA,NA,NA,"0",NA,"0",NA,"0",NA,NA,NA,"0","0","0","0",NA
"Lampornis_castaneoventris","0","3","0","0",NA,NA,NA,"0",NA,"0",NA,"0",NA,NA,NA,"0","0","0","0",NA
"Lampornis_clemenciae","0","3","0","0",NA,NA,NA,"0",NA,"0",NA,"0",NA,NA,NA,"0","0","0","0",NA
"Lampornis_hemileucus","0","2","0","0",NA,NA,NA,"0",NA,NA,NA,"0",NA,NA,NA,"0","0","0","0",NA
"Lampornis_sybillae","0","1","0","0",NA,NA,NA,"0",NA,NA,NA,NA,NA,NA,NA,NA,"0","0","0",NA
"Lampornis_viridipallens","0","2","0","0",NA,NA,NA,"0",NA,NA,NA,"0",NA,NA,NA,"0","0","0","0",NA
"Lamprolaima_rhami","0","3","0","0",NA,NA,NA,"0",NA,"0",NA,"0",NA,NA,NA,"0","0","0","0",NA
"Lamprolia_victoriae","0","2","0","0",NA,NA,NA,"0",NA,"0",NA,NA,NA,NA,NA,NA,"0","0","0",NA
"Lampropsar_tanagrinus","0","1","0","0",NA,NA,NA,"0",NA,NA,NA,NA,NA,NA,NA,NA,"0","0","0",NA
"Lamprospiza_melanoleuca","0","1","0","0",NA,NA,NA,"0",NA,NA,NA,NA,NA,NA,NA,NA,"0","0","0",NA
"Lamprotornis_acuticaudus","0","3","0","0",NA,NA,NA,"0","0",NA,NA,"0",NA,NA,NA,"0","0","0","0",NA
"Lamprotornis_australis","0","4","0","0",NA,NA,NA,"0","0","0",NA,"0",NA,NA,NA,"0","0","0","0",NA
"Lamprotornis_caudatus","1","0","4","0",NA,NA,NA,"1","1","1",NA,"1",NA,NA,"K","1","1","0","0","Kin"
"Lamprotornis_chalcurus","0","3","0","0",NA,NA,NA,"0","0",NA,NA,"0",NA,NA,NA,"0","0","0","0",NA
"Lamprotornis_chalybaeus","0","4","0","0",NA,NA,NA,"0","0","0",NA,"0",NA,NA,NA,"0","0","0","0",NA
"Lamprotornis_chloropterus","1","0","4","0",NA,NA,NA,"1","1","1",NA,"1",NA,NA,"K","1","1","0","0","Kin"
"Lamprotornis_corruscus","0","3","0","0",NA,NA,NA,"0","0","0",NA,NA,NA,NA,NA,NA,"0","0","0",NA
"Lamprotornis_cupreocauda","0","2","0","0",NA,NA,NA,"0","0",NA,NA,NA,NA,NA,NA,NA,"0","0","0",NA
"Lamprotornis_elisabeth",NA,"0","0","0",NA,NA,NA,NA,NA,NA,NA,NA,NA,NA,NA,NA,"0","0","0",NA
"Lamprotornis_hildebrandti","1","1","1","1",NA,NA,NA,"0","1",NA,NA,NA,NA,NA,NA,NA,"0","0","0",NA
"Lamprotornis_mevesii","1","0","4","0",NA,NA,NA,"1","1","1",NA,"1",NA,NA,"K","1","1","0","0","Kin"
"Lamprotornis_nitens","1","0","5","0",NA,NA,NA,"1","1","1","1","1","K",NA,"K","1","2","0","0","Kin"
"Lamprotornis_ornatus","0","2","0","0",NA,NA,NA,"0","0",NA,NA,NA,NA,NA,NA,NA,"0","0","0",NA
"Lamprotornis_pulcher","1","0","6","0","1",NA,NA,"1","1","1","1","1","M",NA,"K","1","1","0","1","Kin"
"Lamprotornis_purpureiceps","0","2","0","0",NA,NA,NA,"0","0",NA,NA,NA,NA,NA,NA,NA,"0","0","0",NA
"Lamprotornis_purpureus","0","2","0","0",NA,NA,NA,"0","0",NA,NA,NA,NA,NA,NA,NA,"0","0","0",NA
"Lamprotornis_purpuroptera","1","0","3","0",NA,NA,NA,"1","1","1",NA,NA,NA,NA,NA,NA,"0","0","0",NA
"Lamprotornis_shelleyi","0","3","0","0",NA,NA,NA,"0","0","0",NA,NA,NA,NA,NA,NA,"0","0","0",NA
"Lamprotornis_splendidus","0","3","0","0",NA,NA,NA,"0","0","0",NA,NA,NA,NA,NA,NA,"0","0","0",NA
"Lamprotornis_superbus","1","0","6","0",NA,"1",NA,"1","1","1","1","1","M",NA,"K","1","1","0","1","Kin"
"Laniarius_aethiopicus","0","2","0","0",NA,NA,NA,"0",NA,"0",NA,NA,NA,NA,NA,NA,"0","0","0",NA
"Laniarius_amboimensis","0","1","0","0",NA,NA,NA,"0",NA,NA,NA,NA,NA,NA,NA,NA,"0","0","0",NA
"Laniarius_atrococcineus","0","3","0","0",NA,"0",NA,"0",NA,"0",NA,NA,NA,NA,NA,NA,"0","0","0",NA
"Laniarius_atroflavus","0","2","0","0",NA,NA,NA,"0",NA,"0",NA,NA,NA,NA,NA,NA,"0","0","0",NA
"Laniarius_barbarus","0","1","0","0",NA,NA,NA,"0",NA,NA,NA,NA,NA,NA,NA,NA,"0","0","0",NA
"Laniarius_bicolor","0","2","0","0",NA,NA,NA,"0",NA,"0",NA,NA,NA,NA,NA,NA,"0","0","0",NA
"Laniarius_brauni","0","1","0","0",NA,NA,NA,"0",NA,NA,NA,NA,NA,NA,NA,NA,"0","0","0",NA
"Laniarius_erythrogaster","0","1","0","0",NA,NA,NA,"0",NA,NA,NA,NA,NA,NA,NA,NA,"0","0","0",NA
"Laniarius_ferrugineus","0","2","0","0",NA,NA,NA,"0",NA,"0",NA,NA,NA,NA,NA,NA,"0","0","0",NA
"Laniarius_fuelleborni","0","1","0","0",NA,NA,NA,"0",NA,NA,NA,NA,NA,NA,NA,NA,"0","0","0",NA
"Laniarius_funebris","0","2","0","0",NA,NA,NA,"0",NA,"0",NA,NA,NA,NA,NA,NA,"0","0","0",NA
"Laniarius_leucorhynchus","0","1","0","0",NA,NA,NA,"0",NA,NA,NA,NA,NA,NA,NA,NA,"0","0","0",NA
"Laniarius_luehderi","0","2","0","0",NA,NA,NA,"0",NA,"0",NA,NA,NA,NA,NA,NA,"0","0","0",NA
"Laniarius_mufumbiri","0","1","0","0",NA,NA,NA,"0",NA,NA,NA,NA,NA,NA,NA,NA,"0","0","0",NA
"Laniarius_poensis","0","1","0","0",NA,NA,NA,"0",NA,NA,NA,NA,NA,NA,NA,NA,"0","0","0",NA
"Laniarius_ruficeps","0","1","0","0",NA,NA,NA,"0",NA,NA,NA,NA,NA,NA,NA,NA,"0","0","0",NA
"Laniarius_turatii","0","1","0","0",NA,NA,NA,"0",NA,NA,NA,NA,NA,NA,NA,NA,"0","0","0",NA
"Laniisoma_buckleyi","0","1","0","0",NA,NA,NA,"0",NA,NA,NA,NA,NA,NA,NA,NA,"0","0","0",NA
"Laniisoma_elegans","0","3","0","0",NA,NA,NA,"0",NA,"0",NA,"0",NA,NA,NA,"0","0","0","0",NA
"Lanio_aurantius","0","1","0","0",NA,NA,NA,"0",NA,NA,NA,NA,NA,NA,NA,NA,"0","0","0",NA
"Lanio_fulvus","0","1","0","0",NA,NA,NA,"0",NA,NA,NA,NA,NA,NA,NA,NA,"0","0","0",NA
"Lanio_leucothorax","0","2","0","0",NA,NA,NA,"0",NA,NA,NA,"0",NA,NA,NA,"1","0","0","0",NA
"Lanio_versicolor","0","2","0","0",NA,NA,NA,"0",NA,NA,NA,"0",NA,NA,NA,"1","0","0","0",NA
"Laniocera_hypopyrra","0","3","0","0",NA,NA,NA,"0",NA,"0",NA,"0",NA,NA,NA,"0","0","0","0",NA
"Laniocera_rufescens","0","2","0","0",NA,NA,NA,"0",NA,NA,NA,"0",NA,NA,NA,"0","0","0","0",NA
"Lanioturdus_torquatus","0","2","0","0",NA,NA,NA,"0",NA,"0",NA,NA,NA,NA,NA,NA,"0","0","0",NA
"Lanius_bucephalus","0","4","0","0",NA,"0",NA,"0",NA,"0",NA,"0",NA,NA,NA,"1","0","0","0",NA
"Lanius_cabanisi","1","0","3","0",NA,NA,NA,"1",NA,"1",NA,"1",NA,NA,"K","1","1","0","0","Kin"
"Lanius_collaris","1","3","1","1","1",NA,NA,"0",NA,"0",NA,"0",NA,NA,NA,"1","0","0","0",NA
"Lanius_collurio","1","2","1","1",NA,"1",NA,"0",NA,NA,NA,"0",NA,NA,NA,"0","0","0","0",NA
"Lanius_collurioides","0","2","0","0",NA,NA,NA,"0",NA,"0",NA,NA,NA,NA,NA,NA,"0","0","0",NA
"Lanius_cristatus","0","3","0","0",NA,NA,NA,"0",NA,"0",NA,"0",NA,NA,NA,"0","0","0","0",NA
"Lanius_dorsalis","0","2","0","0",NA,NA,NA,"0",NA,NA,NA,"0",NA,NA,NA,"1","0","0","0",NA
"Lanius_excubitor","0","2","0","0",NA,NA,NA,"0",NA,"0",NA,NA,NA,NA,NA,NA,"0","0","0",NA
"Lanius_excubitoroides","1","0","4","0",NA,NA,NA,"1",NA,"1","1","1","K",NA,"K","1","2","0","0","Kin"
"Lanius_gubernator","0","1","0","0",NA,NA,NA,"0",NA,NA,NA,NA,NA,NA,NA,NA,"0","0","0",NA
"Lanius_isabellinus","0","2","0","0",NA,NA,NA,"0",NA,"0",NA,NA,NA,NA,NA,NA,"0","0","0",NA
"Lanius_ludovicianus","0","4","0","0",NA,"0",NA,"0",NA,"0",NA,"0",NA,NA,NA,"0","0","0","0",NA
"Lanius_mackinnoni","0","2","0","0",NA,NA,NA,"0",NA,NA,NA,"0",NA,NA,NA,"0","0","0","0",NA
"Lanius_marwitzi",NA,"0","0","0",NA,NA,NA,NA,NA,NA,NA,NA,NA,NA,NA,NA,"0","0","0",NA
"Lanius_meridionalis","0","1","0","0",NA,NA,NA,"0",NA,NA,NA,NA,NA,NA,NA,NA,"0","0","0",NA
"Lanius_minor","0","5","0","0",NA,"0","0","0",NA,"0",NA,"0",NA,NA,NA,"0","0","0","0",NA
"Lanius_newtoni","0","1","0","0",NA,NA,NA,"0",NA,NA,NA,NA,NA,NA,NA,NA,"0","0","0",NA
"Lanius_nubicus","0","3","0","0",NA,NA,NA,"0",NA,"0",NA,"0",NA,NA,NA,"0","0","0","0",NA
"Lanius_schach","0","3","0","0",NA,NA,NA,"0",NA,"0",NA,"0",NA,NA,NA,"1","0","0","0",NA
"Lanius_senator","0","3","0","0",NA,NA,NA,"0",NA,"0",NA,"0",NA,NA,NA,"0","0","0","0",NA
"Lanius_somalicus","0","2","0","0",NA,NA,NA,"0",NA,NA,NA,"0",NA,NA,NA,"1","0","0","0",NA
"Lanius_souzae","0","1","0","0",NA,NA,NA,"0",NA,NA,NA,NA,NA,NA,NA,NA,"0","0","0",NA
"Lanius_sphenocercus","0","2","0","0",NA,NA,NA,"0",NA,"0",NA,NA,NA,NA,NA,NA,"0","0","0",NA
"Lanius_tephronotus","0","2","0","0",NA,NA,NA,"0",NA,"0",NA,NA,NA,NA,NA,NA,"0","0","0",NA
"Lanius_tigrinus","0","3","0","0",NA,NA,NA,"0",NA,"0",NA,"0",NA,NA,NA,"1","0","0","0",NA
"Lanius_validirostris","0","2","0","0",NA,NA,NA,"0",NA,NA,NA,"0",NA,NA,NA,"0","0","0","0",NA
"Lanius_vittatus","0","3","0","0",NA,NA,NA,"0",NA,"0",NA,"0",NA,NA,NA,"0","0","0","0",NA
"Larosterna_inca","0","1","0","0",NA,NA,NA,NA,NA,"0",NA,NA,NA,NA,NA,NA,"0","0","0",NA
"Larus_argentatus","0","3","0","0",NA,NA,"0",NA,NA,"0",NA,"0",NA,NA,NA,"1","0","0","0",NA
"Larus_armenicus","0","2","0","0",NA,NA,NA,"0",NA,"0",NA,NA,NA,NA,NA,NA,"0","0","0",NA
"Larus_atlanticus","0","1","0","0",NA,NA,NA,NA,NA,"0",NA,NA,NA,NA,NA,NA,"0","0","0",NA
"Larus_atricilla","0","1","0","0",NA,NA,NA,NA,NA,"0",NA,NA,NA,NA,NA,NA,"0","0","0",NA
"Larus_audouinii","0","1","0","0",NA,NA,NA,NA,NA,"0",NA,NA,NA,NA,NA,NA,"0","0","0",NA
"Larus_belcheri","0","1","0","0",NA,NA,NA,NA,NA,"0",NA,NA,NA,NA,NA,NA,"0","0","0",NA
"Larus_brunnicephalus","0","2","0","0",NA,NA,NA,"0",NA,"0",NA,NA,NA,NA,NA,NA,"0","0","0",NA
"Larus_bulleri","0","2","0","0",NA,NA,NA,"0",NA,"0",NA,NA,NA,NA,NA,NA,"0","0","0",NA
"Larus_cachinnans","0","2","0","0",NA,NA,NA,"0",NA,"0",NA,NA,NA,NA,NA,NA,"0","0","0",NA
"Larus_californicus","0","3","0","0",NA,NA,NA,"0",NA,"0",NA,"0",NA,NA,NA,"0","0","0","0",NA
"Larus_canus","0","4","0","0",NA,"0","0",NA,NA,"0",NA,"0",NA,NA,NA,"0","0","0","0",NA
"Larus_cirrocephalus","0","2","0","0",NA,NA,NA,"0",NA,"0",NA,NA,NA,NA,NA,NA,"0","0","0",NA
"Larus_crassirostris","0","1","0","0",NA,NA,NA,NA,NA,"0",NA,NA,NA,NA,NA,NA,"0","0","0",NA
"Larus_delawarensis","0","3","0","0",NA,NA,NA,"0",NA,"0",NA,"0",NA,NA,NA,"0","0","0","0",NA
"Larus_dominicanus","0","1","0","0",NA,NA,NA,NA,NA,"0",NA,NA,NA,NA,NA,NA,"0","0","0",NA
"Larus_fuliginosus","0","1","0","0",NA,NA,NA,NA,NA,"0",NA,NA,NA,NA,NA,NA,"0","0","0",NA
"Larus_fuscus","0","2","0","0",NA,NA,NA,"0",NA,"0",NA,NA,NA,NA,NA,NA,"0","0","0",NA
"Larus_genei","0","2","0","0",NA,NA,NA,"0",NA,"0",NA,NA,NA,NA,NA,NA,"0","0","0",NA
"Larus_glaucescens","0","1","0","0",NA,NA,NA,NA,NA,"0",NA,NA,NA,NA,NA,NA,"0","0","0",NA
"Larus_glaucoides","0","1","0","0",NA,NA,NA,NA,NA,"0",NA,NA,NA,NA,NA,NA,"0","0","0",NA
"Larus_hartlaubii","0","1","0","0",NA,NA,NA,NA,NA,"0",NA,NA,NA,NA,NA,NA,"0","0","0",NA
"Larus_heermanni","0","1","0","0",NA,NA,NA,NA,NA,"0",NA,NA,NA,NA,NA,NA,"0","0","0",NA
"Larus_hemprichii","0","1","0","0",NA,NA,NA,NA,NA,"0",NA,NA,NA,NA,NA,NA,"0","0","0",NA
"Larus_hyperboreus","0","1","0","0",NA,NA,NA,NA,NA,"0",NA,NA,NA,NA,NA,NA,"0","0","0",NA
"Larus_ichthyaetus","0","2","0","0",NA,NA,NA,"0",NA,"0",NA,NA,NA,NA,NA,NA,"0","0","0",NA
"Larus_leucophthalmus","0","1","0","0",NA,NA,NA,NA,NA,"0",NA,NA,NA,NA,NA,NA,"0","0","0",NA
"Larus_livens","0","2","0","0",NA,NA,NA,NA,NA,"0",NA,"0",NA,NA,NA,"1","0","0","0",NA
"Larus_maculipennis","0","1","0","0",NA,NA,NA,NA,NA,"0",NA,NA,NA,NA,NA,NA,"0","0","0",NA
"Larus_marinus","0","1","0","0",NA,NA,NA,NA,NA,"0",NA,NA,NA,NA,NA,NA,"0","0","0",NA
"Larus_melanocephalus","0","1","0","0",NA,NA,NA,NA,NA,"0",NA,NA,NA,NA,NA,NA,"0","0","0",NA
"Larus_minutus","0","3","0","0",NA,NA,NA,"0",NA,"0",NA,"0",NA,NA,NA,"0","0","0","0",NA
"Larus_modestus","0","2","0","0",NA,NA,NA,"0",NA,"0",NA,NA,NA,NA,NA,NA,"0","0","0",NA
"Larus_novaehollandiae","0","1","0","0",NA,NA,NA,NA,NA,"0",NA,NA,NA,NA,NA,NA,"0","0","0",NA
"Larus_occidentalis","0","4","0","0",NA,"0","0",NA,NA,"0",NA,"0",NA,NA,NA,"1","0","0","0",NA
"Larus_pacificus","0","2","0","0",NA,NA,NA,NA,NA,"0",NA,"0",NA,NA,NA,"0","0","0","0",NA
"Larus_philadelphia","0","2","0","0",NA,NA,NA,"0",NA,"0",NA,NA,NA,NA,NA,NA,"0","0","0",NA
"Larus_pipixcan","0","2","0","0",NA,NA,NA,"0",NA,"0",NA,NA,NA,NA,NA,NA,"0","0","0",NA
"Larus_relictus","0","2","0","0",NA,NA,NA,"0",NA,"0",NA,NA,NA,NA,NA,NA,"0","0","0",NA
"Larus_ridibundus","0","4","0","0",NA,"0","0","0",NA,"0",NA,NA,NA,NA,NA,NA,"0","0","0",NA
"Larus_saundersi","0","1","0","0",NA,NA,NA,NA,NA,"0",NA,NA,NA,NA,NA,NA,"0","0","0",NA
"Larus_schistisagus","0","1","0","0",NA,NA,NA,NA,NA,"0",NA,NA,NA,NA,NA,NA,"0","0","0",NA
"Larus_scopulinus","0","1","0","0",NA,NA,NA,NA,NA,"0",NA,NA,NA,NA,NA,NA,"0","0","0",NA
"Larus_serranus","0","2","0","0",NA,NA,NA,"0",NA,"0",NA,NA,NA,NA,NA,NA,"0","0","0",NA
"Laterallus_albigularis","0","1","0","0",NA,NA,NA,"0",NA,NA,NA,NA,NA,NA,NA,NA,"0","0","0",NA
"Laterallus_exilis","0","1","0","0",NA,NA,NA,"0",NA,NA,NA,NA,NA,NA,NA,NA,"0","0","0",NA
"Laterallus_jamaicensis","0","2","0","0",NA,NA,NA,"0",NA,"0",NA,NA,NA,NA,NA,NA,"0","0","0",NA
"Laterallus_leucopyrrhus","0","1","0","0",NA,NA,NA,"0",NA,NA,NA,NA,NA,NA,NA,NA,"0","0","0",NA
"Laterallus_levraudi","0","1","0","0",NA,NA,NA,"0",NA,NA,NA,NA,NA,NA,NA,NA,"0","0","0",NA
"Laterallus_melanophaius","0","1","0","0",NA,NA,NA,"0",NA,NA,NA,NA,NA,NA,NA,NA,"0","0","0",NA
"Laterallus_ruber","0","1","0","0",NA,NA,NA,"0",NA,NA,NA,NA,NA,NA,NA,NA,"0","0","0",NA
"Laterallus_spilonotus","0","2","0","0",NA,NA,NA,"0",NA,"0",NA,NA,NA,NA,NA,NA,"0","0","0",NA
"Laterallus_xenopterus","0","1","0","0",NA,NA,NA,"0",NA,NA,NA,NA,NA,NA,NA,NA,"0","0","0",NA
"Lathamus_discolor","0","2","0","0",NA,NA,NA,"0",NA,"0",NA,NA,NA,NA,NA,NA,"0","0","0",NA
"Lathrotriccus_euleri","0","2","0","0",NA,NA,NA,"0",NA,"0",NA,NA,NA,NA,NA,NA,"0","0","0",NA
"Lathrotriccus_griseipectus","0","1","0","0",NA,NA,NA,"0",NA,NA,NA,NA,NA,NA,NA,NA,"0","0","0",NA
"Latoucheornis_siemsseni","0","1","0","0",NA,NA,NA,"0",NA,NA,NA,NA,NA,NA,NA,NA,"0","0","0",NA
"Legatus_leucophaius","0","2","0","0",NA,NA,NA,"0",NA,"0",NA,NA,NA,NA,NA,NA,"0","0","0",NA
"Leiothrix_argentauris","0","3","0","0",NA,NA,NA,"0",NA,"0",NA,"0",NA,NA,NA,"0","0","0","0",NA
"Leiothrix_lutea","0","2","0","0",NA,NA,NA,"0",NA,"0",NA,NA,NA,NA,NA,NA,"0","0","0",NA
"Leipoa_ocellata","0","3","0","0",NA,NA,NA,"0",NA,"0",NA,"0",NA,NA,NA,"0","0","0","0",NA
"Leonardina_woodi",NA,"0","0","0",NA,NA,NA,NA,NA,NA,NA,NA,NA,NA,NA,NA,"0","0","0",NA
"Lepidocolaptes_affinis","0","2","0","0",NA,NA,NA,"0",NA,"0",NA,NA,NA,NA,NA,NA,"0","0","0",NA
"Lepidocolaptes_albolineatus","0","1","0","0",NA,NA,NA,"0",NA,NA,NA,NA,NA,NA,NA,NA,"0","0","0",NA
"Lepidocolaptes_angustirostris","0","1","0","0",NA,NA,NA,"0",NA,NA,NA,NA,NA,NA,NA,NA,"0","0","0",NA
"Lepidocolaptes_falcinellus","0","1","0","0",NA,NA,NA,"0",NA,NA,NA,NA,NA,NA,NA,NA,"0","0","0",NA
"Lepidocolaptes_lacrymiger","0","1","0","0",NA,NA,NA,"0",NA,NA,NA,NA,NA,NA,NA,NA,"0","0","0",NA
"Lepidocolaptes_leucogaster","0","1","0","0",NA,NA,NA,"0",NA,NA,NA,NA,NA,NA,NA,NA,"0","0","0",NA
"Lepidocolaptes_souleyetii","0","2","0","0",NA,NA,NA,"0",NA,"0",NA,NA,NA,NA,NA,NA,"0","0","0",NA
"Lepidocolaptes_squamatus","0","1","0","0",NA,NA,NA,"0",NA,NA,NA,NA,NA,NA,NA,NA,"0","0","0",NA
"Lepidopyga_coeruleogularis","0","3","0","0",NA,NA,NA,"0",NA,"0",NA,"0",NA,NA,NA,"0","0","0","0",NA
"Lepidopyga_goudoti","0","1","0","0",NA,NA,NA,"0",NA,NA,NA,NA,NA,NA,NA,NA,"0","0","0",NA
"Lepidopyga_lilliae","0","1","0","0",NA,NA,NA,"0",NA,NA,NA,NA,NA,NA,NA,NA,"0","0","0",NA
"Lepidothrix_coeruleocapilla","0","2","0","0",NA,NA,NA,"0",NA,"0",NA,NA,NA,NA,NA,NA,"0","0","0",NA
"Lepidothrix_coronata","0","1","0","0",NA,NA,NA,"0",NA,NA,NA,NA,NA,NA,NA,NA,"0","0","0",NA
"Lepidothrix_iris","0","2","0","0",NA,NA,NA,"0",NA,"0",NA,NA,NA,NA,NA,NA,"0","0","0",NA
"Lepidothrix_isidorei","0","2","0","0",NA,NA,NA,"0",NA,"0",NA,NA,NA,NA,NA,NA,"0","0","0",NA
"Lepidothrix_nattereri","0","1","0","0",NA,NA,NA,"0",NA,NA,NA,NA,NA,NA,NA,NA,"0","0","0",NA
"Lepidothrix_serena","0","3","0","0",NA,NA,NA,"0",NA,"0",NA,"0",NA,NA,NA,"0","0","0","0",NA
"Lepidothrix_suavissima","0","3","0","0",NA,NA,NA,"0",NA,"0",NA,"0",NA,NA,NA,"0","0","0","0",NA
"Lepidothrix_vilasboasi","0","1","0","0",NA,NA,NA,"0",NA,NA,NA,NA,NA,NA,NA,NA,"0","0","0",NA
"Leptasthenura_aegithaloides","0","1","0","0",NA,NA,NA,"0",NA,NA,NA,NA,NA,NA,NA,NA,"0","0","0",NA
"Leptasthenura_andicola","0","1","0","0",NA,NA,NA,"0",NA,NA,NA,NA,NA,NA,NA,NA,"0","0","0",NA
"Leptasthenura_fuliginiceps","0","1","0","0",NA,NA,NA,"0",NA,NA,NA,NA,NA,NA,NA,NA,"0","0","0",NA
"Leptasthenura_pileata","0","1","0","0",NA,NA,NA,"0",NA,NA,NA,NA,NA,NA,NA,NA,"0","0","0",NA
"Leptasthenura_platensis","0","2","0","0",NA,NA,NA,"0",NA,"0",NA,NA,NA,NA,NA,NA,"0","0","0",NA
"Leptasthenura_setaria","0","1","0","0",NA,NA,NA,"0",NA,NA,NA,NA,NA,NA,NA,NA,"0","0","0",NA
"Leptasthenura_striata","0","1","0","0",NA,NA,NA,"0",NA,NA,NA,NA,NA,NA,NA,NA,"0","0","0",NA
"Leptasthenura_striolata","0","2","0","0",NA,NA,NA,"0",NA,"0",NA,NA,NA,NA,NA,NA,"0","0","0",NA
"Leptasthenura_xenothorax","0","1","0","0",NA,NA,NA,"0",NA,NA,NA,NA,NA,NA,NA,NA,"0","0","0",NA
"Leptasthenura_yanacensis","0","2","0","0",NA,NA,NA,"0",NA,"0",NA,NA,NA,NA,NA,NA,"0","0","0",NA
"Leptodon_cayanensis","0","1","0","0",NA,NA,NA,"0",NA,NA,NA,NA,NA,NA,NA,NA,"0","0","0",NA
"Leptodon_forbesi","0","1","0","0",NA,NA,NA,"0",NA,NA,NA,NA,NA,NA,NA,NA,"0","0","0",NA
"Leptopoecile_elegans","1","1","1","1",NA,NA,NA,"1",NA,NA,NA,"0",NA,NA,NA,"1","0","0","0",NA
"Leptopoecile_sophiae","1","1","1","1",NA,NA,NA,"1",NA,"0",NA,NA,NA,NA,NA,NA,"0","0","0",NA
"Leptopogon_amaurocephalus","0","1","0","0",NA,NA,NA,"0",NA,NA,NA,NA,NA,NA,NA,NA,"0","0","0",NA
"Leptopogon_rufipectus","0","1","0","0",NA,NA,NA,"0",NA,NA,NA,NA,NA,NA,NA,NA,"0","0","0",NA
"Leptopogon_superciliaris","0","1","0","0",NA,NA,NA,"0",NA,NA,NA,NA,NA,NA,NA,NA,"0","0","0",NA
"Leptopogon_taczanowskii","0","1","0","0",NA,NA,NA,"0",NA,NA,NA,NA,NA,NA,NA,NA,"0","0","0",NA
"Leptopterus_chabert","1","0","2","0",NA,NA,NA,"1",NA,"1",NA,NA,NA,NA,NA,NA,"0","0","0",NA
"Leptoptilos_crumeniferus","0","2","0","0",NA,NA,NA,"0",NA,"0",NA,NA,NA,NA,NA,NA,"0","0","0",NA
"Leptoptilos_dubius","0","2","0","0",NA,NA,NA,"0",NA,"0",NA,NA,NA,NA,NA,NA,"0","0","0",NA
"Leptoptilos_javanicus","0","2","0","0",NA,NA,NA,"0",NA,"0",NA,NA,NA,NA,NA,NA,"0","0","0",NA
"Leptosittaca_branickii","0","1","0","0",NA,NA,NA,"0",NA,NA,NA,NA,NA,NA,NA,NA,"0","0","0",NA
"Leptosomus_discolor","0","2","0","0",NA,NA,NA,"0",NA,"0",NA,NA,NA,NA,NA,NA,"0","0","0",NA
"Leptotila_battyi","0","1","0","0",NA,NA,NA,"0",NA,NA,NA,NA,NA,NA,NA,NA,"0","0","0",NA
"Leptotila_cassini","0","2","0","0",NA,NA,NA,"0",NA,"0",NA,NA,NA,NA,NA,NA,"0","0","0",NA
"Leptotila_conoveri","0","1","0","0",NA,NA,NA,"0",NA,NA,NA,NA,NA,NA,NA,NA,"0","0","0",NA
"Leptotila_jamaicensis","0","3","0","0",NA,NA,NA,"0",NA,"0",NA,"0",NA,NA,NA,"0","0","0","0",NA
"Leptotila_megalura","0","2","0","0",NA,NA,NA,"0",NA,"0",NA,NA,NA,NA,NA,NA,"0","0","0",NA
"Leptotila_ochraceiventris","0","2","0","0",NA,NA,NA,"0",NA,"0",NA,NA,NA,NA,NA,NA,"0","0","0",NA
"Leptotila_pallida","0","1","0","0",NA,NA,NA,"0",NA,NA,NA,NA,NA,NA,NA,NA,"0","0","0",NA
"Leptotila_plumbeiceps","0","1","0","0",NA,NA,NA,"0",NA,NA,NA,NA,NA,NA,NA,NA,"0","0","0",NA
"Leptotila_rufaxilla","0","2","0","0",NA,NA,NA,"0",NA,"0",NA,NA,NA,NA,NA,NA,"0","0","0",NA
"Leptotila_verreauxi","0","2","0","0",NA,NA,NA,"0",NA,"0",NA,NA,NA,NA,NA,NA,"0","0","0",NA
"Leptotila_wellsi","0","2","0","0",NA,NA,NA,"0",NA,"0",NA,NA,NA,NA,NA,NA,"0","0","0",NA
"Lerwa_lerwa","0","3","0","0",NA,NA,NA,"0",NA,"0",NA,"0",NA,NA,NA,"1","0","0","0",NA
"Lesbia_nuna","0","3","0","0",NA,NA,NA,"0",NA,"0",NA,"0",NA,NA,NA,"0","0","0","0",NA
"Lesbia_victoriae","0","3","0","0",NA,NA,NA,"0",NA,"0",NA,"0",NA,NA,NA,"0","0","0","0",NA
"Lessonia_oreas","0","2","0","0",NA,NA,NA,"0",NA,NA,NA,"0",NA,NA,NA,"1","0","0","0",NA
"Lessonia_rufa","0","2","0","0",NA,NA,NA,"0",NA,"0",NA,NA,NA,NA,NA,NA,"0","0","0",NA
"Leucippus_baeri","0","1","0","0",NA,NA,NA,"0",NA,NA,NA,NA,NA,NA,NA,NA,"0","0","0",NA
"Leucippus_chlorocercus","0","2","0","0",NA,NA,NA,"0",NA,"0",NA,NA,NA,NA,NA,NA,"0","0","0",NA
"Leucippus_fallax","0","2","0","0",NA,NA,NA,"0",NA,NA,NA,"0",NA,NA,NA,"0","0","0","0",NA
"Leucippus_taczanowskii","0","1","0","0",NA,NA,NA,"0",NA,NA,NA,NA,NA,NA,NA,NA,"0","0","0",NA
"Leucochloris_albicollis","0","3","0","0",NA,NA,NA,"0",NA,"0",NA,"0",NA,NA,NA,"0","0","0","0",NA
"Leucopeza_semperi","0","1","0","0",NA,NA,NA,"0",NA,NA,NA,NA,NA,NA,NA,NA,"0","0","0",NA
"Leucophaeus_scoresbii","0","1","0","0",NA,NA,NA,NA,NA,"0",NA,NA,NA,NA,NA,NA,"0","0","0",NA
"Leucopsar_rothschildi","0","2","0","0",NA,NA,NA,"0",NA,"0",NA,NA,NA,NA,NA,NA,"0","0","0",NA
"Leucopternis_albicollis","0","1","0","0",NA,NA,NA,"0",NA,NA,NA,NA,NA,NA,NA,NA,"0","0","0",NA
"Leucopternis_kuhli","0","1","0","0",NA,NA,NA,"0",NA,NA,NA,NA,NA,NA,NA,NA,"0","0","0",NA
"Leucopternis_lacernulatus","0","1","0","0",NA,NA,NA,"0",NA,NA,NA,NA,NA,NA,NA,NA,"0","0","0",NA
"Leucopternis_melanops","0","1","0","0",NA,NA,NA,"0",NA,NA,NA,NA,NA,NA,NA,NA,"0","0","0",NA
"Leucopternis_occidentalis","0","1","0","0",NA,NA,NA,"0",NA,NA,NA,NA,NA,NA,NA,NA,"0","0","0",NA
"Leucopternis_plumbeus","0","1","0","0",NA,NA,NA,"0",NA,NA,NA,NA,NA,NA,NA,NA,"0","0","0",NA
"Leucopternis_polionotus","0","1","0","0",NA,NA,NA,"0",NA,NA,NA,NA,NA,NA,NA,NA,"0","0","0",NA
"Leucopternis_princeps","0","1","0","0",NA,NA,NA,"0",NA,NA,NA,NA,NA,NA,NA,NA,"0","0","0",NA
"Leucopternis_schistaceus","0","1","0","0",NA,NA,NA,"0",NA,NA,NA,NA,NA,NA,NA,NA,"0","0","0",NA
"Leucopternis_semiplumbeus","0","1","0","0",NA,NA,NA,"0",NA,NA,NA,NA,NA,NA,NA,NA,"0","0","0",NA
"Leucosarcia_melanoleuca","0","2","0","0",NA,NA,NA,"0",NA,"0",NA,NA,NA,NA,NA,NA,"0","0","0",NA
"Leucosticte_arctoa","0","2","0","0",NA,NA,NA,"0",NA,"0",NA,NA,NA,NA,NA,NA,"0","0","0",NA
"Leucosticte_atrata","0","3","0","0",NA,NA,NA,"0",NA,"0",NA,"0",NA,NA,NA,"0","0","0","0",NA
"Leucosticte_australis","0","3","0","0",NA,NA,NA,"0",NA,"0",NA,"0",NA,NA,NA,"0","0","0","0",NA
"Leucosticte_brandti","0","2","0","0",NA,NA,NA,"0",NA,"0",NA,NA,NA,NA,NA,NA,"0","0","0",NA
"Leucosticte_nemoricola","0","1","0","0",NA,NA,NA,"0",NA,NA,NA,NA,NA,NA,NA,NA,"0","0","0",NA
"Leucosticte_tephrocotis","0","3","0","0",NA,NA,NA,"0",NA,"0",NA,"0",NA,NA,NA,"0","0","0","0",NA
"Lewinia_mirifica","0","1","0","0",NA,NA,NA,"0",NA,NA,NA,NA,NA,NA,NA,NA,"0","0","0",NA
"Lewinia_muelleri","0","1","0","0",NA,NA,NA,"0",NA,NA,NA,NA,NA,NA,NA,NA,"0","0","0",NA
"Lewinia_pectoralis","0","3","0","0",NA,NA,NA,"0",NA,"0",NA,"0",NA,NA,NA,"1","0","0","0",NA
"Lichenostomus_chrysops","0","3","0","0",NA,"0",NA,"0",NA,NA,NA,"0",NA,NA,NA,"0","0","0","0",NA
"Lichenostomus_cratitius","0","1","0","0",NA,NA,NA,"0",NA,NA,NA,NA,NA,NA,NA,NA,"0","0","0",NA
"Lichenostomus_fasciogularis","1","0","1","0",NA,NA,NA,"1",NA,NA,NA,NA,NA,NA,NA,NA,"0","0","0",NA
"Lichenostomus_flavescens","1","2","1","1","1",NA,NA,"0",NA,"0",NA,NA,NA,NA,NA,NA,"0","0","0",NA
"Lichenostomus_flavicollis","0","3","0","0",NA,NA,NA,"0",NA,"0",NA,"0",NA,NA,NA,"0","0","0","0",NA
"Lichenostomus_flavus","1","0","3","0",NA,NA,NA,"1",NA,"1",NA,"1",NA,NA,"K","1","1","0","0","Kin"
"Lichenostomus_frenatus","0","2","0","0",NA,NA,NA,"0",NA,NA,NA,"0",NA,NA,NA,"0","0","0","0",NA
"Lichenostomus_fuscus","0","2","0","0",NA,NA,NA,"0",NA,NA,NA,"0",NA,NA,NA,"0","0","0","0",NA
"Lichenostomus_hindwoodi","0","1","0","0",NA,NA,NA,"0",NA,NA,NA,NA,NA,NA,NA,NA,"0","0","0",NA
"Lichenostomus_keartlandi","0","1","0","0",NA,NA,NA,"0",NA,NA,NA,NA,NA,NA,NA,NA,"0","0","0",NA
"Lichenostomus_leucotis","0","3","0","0",NA,NA,NA,"0",NA,"0",NA,"0",NA,NA,NA,"1","0","0","0",NA
"Lichenostomus_melanops","1","0","5","0","1",NA,NA,"1",NA,"1","1","1","K",NA,"K","1","2","0","0","Kin"
"Lichenostomus_obscurus","0","1","0","0",NA,NA,NA,"0",NA,NA,NA,NA,NA,NA,NA,NA,"0","0","0",NA
"Lichenostomus_ornatus","0","2","0","0",NA,NA,NA,"0",NA,NA,NA,"0",NA,NA,NA,"0","0","0","0",NA
"Lichenostomus_penicillatus","1","0","4","0","1",NA,NA,"1",NA,"1",NA,"1",NA,NA,"K","1","1","0","0","Kin"
"Lichenostomus_plumulus","0","2","0","0",NA,NA,NA,"0",NA,"0",NA,NA,NA,NA,NA,NA,"0","0","0",NA
"Lichenostomus_subfrenatus","0","1","0","0",NA,NA,NA,"0",NA,NA,NA,NA,NA,NA,NA,NA,"0","0","0",NA
"Lichenostomus_unicolor","0","2","0","0",NA,NA,NA,"0",NA,"0",NA,NA,NA,NA,NA,NA,"0","0","0",NA
"Lichenostomus_versicolor","1","0","3","0",NA,NA,NA,"1",NA,"1",NA,"1",NA,NA,"K","1","1","0","0","Kin"
"Lichenostomus_virescens","1","0","3","0",NA,NA,NA,"1",NA,"1",NA,"1",NA,NA,"K","1","1","0","0","Kin"
"Lichmera_alboauricularis","0","1","0","0",NA,NA,NA,"0",NA,NA,NA,NA,NA,NA,NA,NA,"0","0","0",NA
"Lichmera_argentauris","0","1","0","0",NA,NA,NA,"0",NA,NA,NA,NA,NA,NA,NA,NA,"0","0","0",NA
"Lichmera_deningeri","0","1","0","0",NA,NA,NA,"0",NA,NA,NA,NA,NA,NA,NA,NA,"0","0","0",NA
"Lichmera_flavicans","0","1","0","0",NA,NA,NA,"0",NA,NA,NA,NA,NA,NA,NA,NA,"0","0","0",NA
"Lichmera_incana","0","3","0","0",NA,NA,NA,"0",NA,"0",NA,"0",NA,NA,NA,"0","0","0","0",NA
"Lichmera_indistincta","0","2","0","0",NA,NA,NA,"0",NA,"0",NA,NA,NA,NA,NA,NA,"0","0","0",NA
"Lichmera_limbata","0","1","0","0",NA,NA,NA,"0",NA,NA,NA,NA,NA,NA,NA,NA,"0","0","0",NA
"Lichmera_lombokia","0","1","0","0",NA,NA,NA,"0",NA,NA,NA,NA,NA,NA,NA,NA,"0","0","0",NA
"Lichmera_monticola","0","1","0","0",NA,NA,NA,"0",NA,NA,NA,NA,NA,NA,NA,NA,"0","0","0",NA
"Lichmera_notabilis","0","1","0","0",NA,NA,NA,"0",NA,NA,NA,NA,NA,NA,NA,NA,"0","0","0",NA
"Lichmera_squamata","0","1","0","0",NA,NA,NA,"0",NA,NA,NA,NA,NA,NA,NA,NA,"0","0","0",NA
"Limicola_falcinellus","0","2","0","0",NA,NA,NA,"0",NA,"0",NA,NA,NA,NA,NA,NA,"0","0","0",NA
"Limnodromus_griseus","0","3","0","0",NA,NA,NA,"0",NA,"0",NA,"0",NA,NA,NA,"0","0","0","0",NA
"Limnodromus_scolopaceus","0","3","0","0",NA,NA,NA,"0",NA,"0",NA,"0",NA,NA,NA,"0","0","0","0",NA
"Limnodromus_semipalmatus","0","2","0","0",NA,NA,NA,"0",NA,"0",NA,NA,NA,NA,NA,NA,"0","0","0",NA
"Limnornis_curvirostris","0","1","0","0",NA,NA,NA,"0",NA,NA,NA,NA,NA,NA,NA,NA,"0","0","0",NA
"Limnothlypis_swainsonii","0","2","0","0",NA,NA,NA,"0",NA,"0",NA,NA,NA,NA,NA,NA,"0","0","0",NA
"Limosa_fedoa","0","3","0","0",NA,NA,NA,"0",NA,"0",NA,"0",NA,NA,NA,"0","0","0","0",NA
"Limosa_haemastica","0","3","0","0",NA,NA,NA,"0",NA,"0",NA,"0",NA,NA,NA,"0","0","0","0",NA
"Limosa_lapponica","0","3","0","0",NA,NA,NA,"0",NA,"0",NA,"0",NA,NA,NA,"0","0","0","0",NA
"Limosa_limosa","0","3","0","0",NA,NA,NA,"0",NA,"0",NA,"0",NA,NA,NA,"0","0","0","0",NA
"Linurgus_olivaceus","0","2","0","0",NA,NA,NA,"0",NA,"0",NA,NA,NA,NA,NA,NA,"0","0","0",NA
"Liocichla_omeiensis","0","1","0","0",NA,NA,NA,"0",NA,NA,NA,NA,NA,NA,NA,NA,"0","0","0",NA
"Liocichla_phoenicea","0","2","0","0",NA,NA,NA,"0",NA,"0",NA,NA,NA,NA,NA,NA,"0","0","0",NA
"Liocichla_steerii","0","1","0","0",NA,NA,NA,"0",NA,NA,NA,NA,NA,NA,NA,NA,"0","0","0",NA
"Lioptilus_nigricapillus","0","2","0","0",NA,NA,NA,"0",NA,"0",NA,NA,NA,NA,NA,NA,"0","0","0",NA
"Liosceles_thoracicus","0","1","0","0",NA,NA,NA,"0",NA,NA,NA,NA,NA,NA,NA,NA,"0","0","0",NA
"Lipaugus_fuscocinereus","0","1","0","0",NA,NA,NA,"0",NA,NA,NA,NA,NA,NA,NA,NA,"0","0","0",NA
"Lipaugus_lanioides","0","2","0","0",NA,NA,NA,"0",NA,"0",NA,NA,NA,NA,NA,NA,"0","0","0",NA
"Lipaugus_streptophorus","0","1","0","0",NA,NA,NA,"0",NA,NA,NA,NA,NA,NA,NA,NA,"0","0","0",NA
"Lipaugus_unirufus","0","2","0","0",NA,NA,NA,"0",NA,"0",NA,NA,NA,NA,NA,NA,"0","0","0",NA
"Lipaugus_uropygialis","0","2","0","0",NA,NA,NA,"0",NA,NA,NA,"0",NA,NA,NA,"0","0","0","0",NA
"Lipaugus_vociferans","0","2","0","0",NA,NA,NA,"0",NA,"0",NA,NA,NA,NA,NA,NA,"0","0","0",NA
"Loboparadisea_sericea","0","1","0","0",NA,NA,NA,"0",NA,NA,NA,NA,NA,NA,NA,NA,"0","0","0",NA
"Lochmias_nematura","0","1","0","0",NA,NA,NA,"0",NA,NA,NA,NA,NA,NA,NA,NA,"0","0","0",NA
"Locustella_certhiola","0","2","0","0",NA,NA,NA,"0",NA,"0",NA,NA,NA,NA,NA,NA,"0","0","0",NA
"Locustella_fasciolata","0","2","0","0",NA,NA,NA,"0",NA,"0",NA,NA,NA,NA,NA,NA,"0","0","0",NA
"Locustella_fluviatilis","0","2","0","0",NA,NA,NA,"0",NA,"0",NA,NA,NA,NA,NA,NA,"0","0","0",NA
"Locustella_lanceolata","0","2","0","0",NA,NA,NA,"0",NA,"0",NA,NA,NA,NA,NA,NA,"0","0","0",NA
"Locustella_luscinioides","0","4","0","0",NA,"0",NA,"0",NA,"0",NA,"0",NA,NA,NA,"0","0","0","0",NA
"Locustella_naevia","0","3","0","0",NA,NA,NA,"0",NA,"0",NA,"0",NA,NA,NA,"0","0","0","0",NA
"Locustella_ochotensis","0","2","0","0",NA,NA,NA,"0",NA,"0",NA,NA,NA,NA,NA,NA,"0","0","0",NA
"Locustella_pleskei","0","2","0","0",NA,NA,NA,"0",NA,"0",NA,NA,NA,NA,NA,NA,"0","0","0",NA
"Locustella_pryeri","0","1","0","0",NA,NA,NA,"0",NA,NA,NA,NA,NA,NA,NA,NA,"0","0","0",NA
"Loddigesia_mirabilis","0","1","0","0",NA,NA,NA,"0",NA,NA,NA,NA,NA,NA,NA,NA,"0","0","0",NA
"Lonchura_bicolor","0","2","0","0",NA,NA,NA,"0",NA,"0",NA,NA,NA,NA,NA,NA,"0","0","0",NA
"Lonchura_caniceps","0","2","0","0",NA,NA,NA,"0",NA,"0",NA,NA,NA,NA,NA,NA,"0","0","0",NA
"Lonchura_cantans","0","2","0","0",NA,NA,NA,"0",NA,"0",NA,NA,NA,NA,NA,NA,"0","0","0",NA
"Lonchura_castaneothorax","0","2","0","0",NA,NA,NA,"0",NA,"0",NA,NA,NA,NA,NA,NA,"0","0","0",NA
"Lonchura_cucullata","0","3","0","0",NA,NA,NA,"0",NA,"0",NA,"0",NA,NA,NA,"1","0","0","0",NA
"Lonchura_ferruginosa","0","2","0","0",NA,NA,NA,"0",NA,NA,NA,"0",NA,NA,NA,"0","0","0","0",NA
"Lonchura_flaviprymna","0","2","0","0",NA,NA,NA,"0",NA,"0",NA,NA,NA,NA,NA,NA,"0","0","0",NA
"Lonchura_forbesi","0","1","0","0",NA,NA,NA,"0",NA,NA,NA,NA,NA,NA,NA,NA,"0","0","0",NA
"Lonchura_fringilloides","0","2","0","0",NA,NA,NA,"0",NA,"0",NA,NA,NA,NA,NA,NA,"0","0","0",NA
"Lonchura_fuscans","0","1","0","0",NA,NA,NA,"0",NA,NA,NA,NA,NA,NA,NA,NA,"0","0","0",NA
"Lonchura_grandis","0","1","0","0",NA,NA,NA,"0",NA,NA,NA,NA,NA,NA,NA,NA,"0","0","0",NA
"Lonchura_griseicapilla","0","2","0","0",NA,NA,NA,"0",NA,"0",NA,NA,NA,NA,NA,NA,"0","0","0",NA
"Lonchura_hunsteini","0","1","0","0",NA,NA,NA,"0",NA,NA,NA,NA,NA,NA,NA,NA,"0","0","0",NA
"Lonchura_kelaarti","0","2","0","0",NA,NA,NA,"0",NA,"0",NA,NA,NA,NA,NA,NA,"0","0","0",NA
"Lonchura_leucogastra","0","1","0","0",NA,NA,NA,"0",NA,NA,NA,NA,NA,NA,NA,NA,"0","0","0",NA
"Lonchura_leucogastroides","0","1","0","0",NA,NA,NA,"0",NA,NA,NA,NA,NA,NA,NA,NA,"0","0","0",NA
"Lonchura_leucosticta","0","1","0","0",NA,NA,NA,"0",NA,NA,NA,NA,NA,NA,NA,NA,"0","0","0",NA
"Lonchura_maja","0","1","0","0",NA,NA,NA,"0",NA,NA,NA,NA,NA,NA,NA,NA,"0","0","0",NA
"Lonchura_malabarica","0","2","0","0",NA,NA,NA,"0",NA,"0",NA,NA,NA,NA,NA,NA,"0","0","0",NA
"Lonchura_malacca","0","2","0","0",NA,NA,NA,"0",NA,"0",NA,NA,NA,NA,NA,NA,"0","0","0",NA
"Lonchura_melaena","0","1","0","0",NA,NA,NA,"0",NA,NA,NA,NA,NA,NA,NA,NA,"0","0","0",NA
"Lonchura_molucca","0","2","0","0",NA,NA,NA,"0",NA,"0",NA,NA,NA,NA,NA,NA,"0","0","0",NA
"Lonchura_montana","0","1","0","0",NA,NA,NA,"0",NA,NA,NA,NA,NA,NA,NA,NA,"0","0","0",NA
"Lonchura_monticola","0","1","0","0",NA,NA,NA,"0",NA,NA,NA,NA,NA,NA,NA,NA,"0","0","0",NA
"Lonchura_nevermanni","0","1","0","0",NA,NA,NA,"0",NA,NA,NA,NA,NA,NA,NA,NA,"0","0","0",NA
"Lonchura_nigerrima","0","1","0","0",NA,NA,NA,"0",NA,NA,NA,NA,NA,NA,NA,NA,"0","0","0",NA
"Lonchura_nigriceps",NA,"0","0","0",NA,NA,NA,NA,NA,NA,NA,NA,NA,NA,NA,NA,"0","0","0",NA
"Lonchura_pallida","0","1","0","0",NA,NA,NA,"0",NA,NA,NA,NA,NA,NA,NA,NA,"0","0","0",NA
"Lonchura_punctulata","0","2","0","0",NA,NA,NA,"0",NA,"0",NA,NA,NA,NA,NA,NA,"0","0","0",NA
"Lonchura_quinticolor","0","1","0","0",NA,NA,NA,"0",NA,NA,NA,NA,NA,NA,NA,NA,"0","0","0",NA
"Lonchura_spectabilis","0","2","0","0",NA,NA,NA,"0",NA,"0",NA,NA,NA,NA,NA,NA,"0","0","0",NA
"Lonchura_striata","0","2","0","0",NA,NA,NA,"0",NA,"0",NA,NA,NA,NA,NA,NA,"0","0","0",NA
"Lonchura_stygia","0","2","0","0",NA,NA,NA,"0",NA,"0",NA,NA,NA,NA,NA,NA,"0","0","0",NA
"Lonchura_teerinki","0","1","0","0",NA,NA,NA,"0",NA,NA,NA,NA,NA,NA,NA,NA,"0","0","0",NA
"Lonchura_tristissima","0","1","0","0",NA,NA,NA,"0",NA,NA,NA,NA,NA,NA,NA,NA,"0","0","0",NA
"Lonchura_vana","0","1","0","0",NA,NA,NA,"0",NA,NA,NA,NA,NA,NA,NA,NA,"0","0","0",NA
"Lophaetus_occipitalis","0","3","0","0",NA,NA,NA,"0",NA,"0",NA,"0",NA,NA,NA,"0","0","0","0",NA
"Lophodytes_cucullatus","0","3","0","0",NA,NA,NA,"0",NA,"0",NA,"0",NA,NA,NA,"0","0","0","0",NA
"Lophoictinia_isura","0","3","0","0",NA,NA,NA,"0",NA,"0",NA,"0",NA,NA,NA,"0","0","0","0",NA
"Lopholaimus_antarcticus","0","3","0","0",NA,NA,NA,"0",NA,"0",NA,"0",NA,NA,NA,"0","0","0","0",NA
"Lophonetta_specularioides","0","1","0","0",NA,NA,NA,"0",NA,NA,NA,NA,NA,NA,NA,NA,"0","0","0",NA
"Lophophorus_impejanus","0","1","0","0",NA,NA,NA,"0",NA,NA,NA,NA,NA,NA,NA,NA,"0","0","0",NA
"Lophophorus_lhuysii","0","1","0","0",NA,NA,NA,"0",NA,NA,NA,NA,NA,NA,NA,NA,"0","0","0",NA
"Lophophorus_sclateri","0","1","0","0",NA,NA,NA,"0",NA,NA,NA,NA,NA,NA,NA,NA,"0","0","0",NA
"Lophorina_superba","0","2","0","0",NA,NA,NA,"0",NA,"0",NA,NA,NA,NA,NA,NA,"0","0","0",NA
"Lophornis_adorabilis","0","3","0","0",NA,NA,NA,"0",NA,"0",NA,"0",NA,NA,NA,"0","0","0","0",NA
"Lophornis_brachylophus","0","1","0","0",NA,NA,NA,"0",NA,NA,NA,NA,NA,NA,NA,NA,"0","0","0",NA
"Lophornis_chalybeus","0","3","0","0",NA,NA,NA,"0",NA,"0",NA,"0",NA,NA,NA,"0","0","0","0",NA
"Lophornis_delattrei","0","2","0","0",NA,NA,NA,"0",NA,NA,NA,"0",NA,NA,NA,"0","0","0","0",NA
"Lophornis_gouldii","0","3","0","0",NA,NA,NA,"0",NA,"0",NA,"0",NA,NA,NA,"0","0","0","0",NA
"Lophornis_helenae","0","2","0","0",NA,NA,NA,"0",NA,NA,NA,"0",NA,NA,NA,"0","0","0","0",NA
"Lophornis_magnificus","0","3","0","0",NA,NA,NA,"0",NA,"0",NA,"0",NA,NA,NA,"0","0","0","0",NA
"Lophornis_ornatus","0","3","0","0",NA,NA,NA,"0",NA,"0",NA,"0",NA,NA,NA,"0","0","0","0",NA
"Lophornis_pavoninus","0","3","0","0",NA,NA,NA,"0",NA,"0",NA,"0",NA,NA,NA,"0","0","0","0",NA
"Lophornis_stictolophus","0","1","0","0",NA,NA,NA,"0",NA,NA,NA,NA,NA,NA,NA,NA,"0","0","0",NA
"Lophospingus_griseocristatus","0","1","0","0",NA,NA,NA,"0",NA,NA,NA,NA,NA,NA,NA,NA,"0","0","0",NA
"Lophospingus_pusillus","0","1","0","0",NA,NA,NA,"0",NA,NA,NA,NA,NA,NA,NA,NA,"0","0","0",NA
"Lophostrix_cristata","0","1","0","0",NA,NA,NA,"0",NA,NA,NA,NA,NA,NA,NA,NA,"0","0","0",NA
"Lophotibis_cristata","0","1","0","0",NA,NA,NA,"0",NA,NA,NA,NA,NA,NA,NA,NA,"0","0","0",NA
"Lophotriccus_eulophotes","0","1","0","0",NA,NA,NA,"0",NA,NA,NA,NA,NA,NA,NA,NA,"0","0","0",NA
"Lophotriccus_galeatus","0","2","0","0",NA,NA,NA,"0",NA,"0",NA,NA,NA,NA,NA,NA,"0","0","0",NA
"Lophotriccus_pileatus","0","2","0","0",NA,NA,NA,"0",NA,"0",NA,NA,NA,NA,NA,NA,"0","0","0",NA
"Lophotriccus_vitiosus","0","1","0","0",NA,NA,NA,"0",NA,NA,NA,NA,NA,NA,NA,NA,"0","0","0",NA
"Lophozosterops_dohertyi","0","1","0","0",NA,NA,NA,"0",NA,NA,NA,NA,NA,NA,NA,NA,"0","0","0",NA
"Lophozosterops_goodfellowi","0","1","0","0",NA,NA,NA,"0",NA,NA,NA,NA,NA,NA,NA,NA,"0","0","0",NA
"Lophozosterops_javanicus","0","1","0","0",NA,NA,NA,"0",NA,NA,NA,NA,NA,NA,NA,NA,"0","0","0",NA
"Lophozosterops_pinaiae","0","1","0","0",NA,NA,NA,"0",NA,NA,NA,NA,NA,NA,NA,NA,"0","0","0",NA
"Lophozosterops_squamiceps","0","1","0","0",NA,NA,NA,"0",NA,NA,NA,NA,NA,NA,NA,NA,"0","0","0",NA
"Lophozosterops_superciliaris","0","1","0","0",NA,NA,NA,"0",NA,NA,NA,NA,NA,NA,NA,NA,"0","0","0",NA
"Lophura_bulweri","0","1","0","0",NA,NA,NA,"0",NA,NA,NA,NA,NA,NA,NA,NA,"0","0","0",NA
"Lophura_diardi","0","1","0","0",NA,NA,NA,"0",NA,NA,NA,NA,NA,NA,NA,NA,"0","0","0",NA
"Lophura_edwardsi","0","1","0","0",NA,NA,NA,"0",NA,NA,NA,NA,NA,NA,NA,NA,"0","0","0",NA
"Lophura_erythrophthalma","0","1","0","0",NA,NA,NA,"0",NA,NA,NA,NA,NA,NA,NA,NA,"0","0","0",NA
"Lophura_hatinhensis",NA,"0","0","0",NA,NA,NA,NA,NA,NA,NA,NA,NA,NA,NA,NA,"0","0","0",NA
"Lophura_hoogerwerfi",NA,"0","0","0",NA,NA,NA,NA,NA,NA,NA,NA,NA,NA,NA,NA,"0","0","0",NA
"Lophura_ignita","0","1","0","0",NA,NA,NA,"0",NA,NA,NA,NA,NA,NA,NA,NA,"0","0","0",NA
"Lophura_inornata","0","1","0","0",NA,NA,NA,"0",NA,NA,NA,NA,NA,NA,NA,NA,"0","0","0",NA
"Lophura_leucomelanos","1","1","1","1",NA,"1",NA,"0",NA,NA,NA,NA,NA,NA,NA,NA,"0","0","0",NA
"Lophura_nycthemera","0","1","0","0",NA,NA,NA,"0",NA,NA,NA,NA,NA,NA,NA,NA,"0","0","0",NA
"Lophura_swinhoii","0","1","0","0",NA,NA,NA,"0",NA,NA,NA,NA,NA,NA,NA,NA,"0","0","0",NA
"Loriculus_amabilis","0","1","0","0",NA,NA,NA,"0",NA,NA,NA,NA,NA,NA,NA,NA,"0","0","0",NA
"Loriculus_aurantiifrons","0","1","0","0",NA,NA,NA,"0",NA,NA,NA,NA,NA,NA,NA,NA,"0","0","0",NA
"Loriculus_beryllinus","0","2","0","0",NA,NA,NA,"0",NA,"0",NA,NA,NA,NA,NA,NA,"0","0","0",NA
"Loriculus_catamene","0","1","0","0",NA,NA,NA,"0",NA,NA,NA,NA,NA,NA,NA,NA,"0","0","0",NA
"Loriculus_exilis","0","1","0","0",NA,NA,NA,"0",NA,NA,NA,NA,NA,NA,NA,NA,"0","0","0",NA
"Loriculus_flosculus","0","1","0","0",NA,NA,NA,"0",NA,NA,NA,NA,NA,NA,NA,NA,"0","0","0",NA
"Loriculus_galgulus","1","0","1","0",NA,NA,NA,"1",NA,NA,NA,NA,NA,NA,NA,NA,"0","0","0",NA
"Loriculus_philippensis","0","2","0","0",NA,NA,NA,"0",NA,"0",NA,NA,NA,NA,NA,NA,"0","0","0",NA
"Loriculus_pusillus","0","2","0","0",NA,NA,NA,"0",NA,"0",NA,NA,NA,NA,NA,NA,"0","0","0",NA
"Loriculus_sclateri","0","1","0","0",NA,NA,NA,"0",NA,NA,NA,NA,NA,NA,NA,NA,"0","0","0",NA
"Loriculus_stigmatus","0","1","0","0",NA,NA,NA,"0",NA,NA,NA,NA,NA,NA,NA,NA,"0","0","0",NA
"Loriculus_tener","0","1","0","0",NA,NA,NA,"0",NA,NA,NA,NA,NA,NA,NA,NA,"0","0","0",NA
"Loriculus_vernalis","0","2","0","0",NA,NA,NA,"0",NA,"0",NA,NA,NA,NA,NA,NA,"0","0","0",NA
"Lorius_albidinucha","0","1","0","0",NA,NA,NA,"0",NA,NA,NA,NA,NA,NA,NA,NA,"0","0","0",NA
"Lorius_chlorocercus","0","1","0","0",NA,NA,NA,"0",NA,NA,NA,NA,NA,NA,NA,NA,"0","0","0",NA
"Lorius_domicella","0","1","0","0",NA,NA,NA,"0",NA,NA,NA,NA,NA,NA,NA,NA,"0","0","0",NA
"Lorius_garrulus","0","2","0","0",NA,NA,NA,"0",NA,"0",NA,NA,NA,NA,NA,NA,"0","0","0",NA
"Lorius_hypoinochrous","0","1","0","0",NA,NA,NA,"0",NA,NA,NA,NA,NA,NA,NA,NA,"0","0","0",NA
"Lorius_lory","0","1","0","0",NA,NA,NA,"0",NA,NA,NA,NA,NA,NA,NA,NA,"0","0","0",NA
"Loxia_curvirostra","0","4","0","0",NA,"0","0","0",NA,NA,NA,"0",NA,NA,NA,"0","0","0","0",NA
"Loxia_leucoptera","0","2","0","0",NA,NA,NA,"0",NA,"0",NA,NA,NA,NA,NA,NA,"0","0","0",NA
"Loxia_pytyopsittacus","0","2","0","0",NA,NA,NA,"0",NA,"0",NA,NA,NA,NA,NA,NA,"0","0","0",NA
"Loxia_scotica","0","1","0","0",NA,NA,NA,"0",NA,NA,NA,NA,NA,NA,NA,NA,"0","0","0",NA
"Loxigilla_noctis","0","1","0","0",NA,NA,NA,"0",NA,NA,NA,NA,NA,NA,NA,NA,"0","0","0",NA
"Loxigilla_portoricensis","0","1","0","0",NA,NA,NA,"0",NA,NA,NA,NA,NA,NA,NA,NA,"0","0","0",NA
"Loxigilla_violacea","0","1","0","0",NA,NA,NA,"0",NA,NA,NA,NA,NA,NA,NA,NA,"0","0","0",NA
"Loxioides_bailleui","1","1","4","1",NA,"0","1","1",NA,"1","1",NA,"K","K",NA,NA,"2","0","0","Kin"
"Loxipasser_anoxanthus","0","2","0","0",NA,NA,NA,"0",NA,"0",NA,NA,NA,NA,NA,NA,"0","0","0",NA
"Loxops_caeruleirostris","0","1","0","0",NA,NA,NA,"0",NA,NA,NA,NA,NA,NA,NA,NA,"0","0","0",NA
"Loxops_coccineus","0","2","0","0",NA,NA,NA,"0",NA,"0",NA,NA,NA,NA,NA,NA,"0","0","0",NA
"Lullula_arborea","0","3","0","0",NA,NA,NA,"0",NA,"0",NA,"0",NA,NA,NA,"0","0","0","0",NA
"Lurocalis_rufiventris","0","1","0","0",NA,NA,NA,"0",NA,NA,NA,NA,NA,NA,NA,NA,"0","0","0",NA
"Lurocalis_semitorquatus","0","1","0","0",NA,NA,NA,"0",NA,NA,NA,NA,NA,NA,NA,NA,"0","0","0",NA
"Luscinia_brunnea","0","2","0","0",NA,NA,NA,"0",NA,"0",NA,NA,NA,NA,NA,NA,"0","0","0",NA
"Luscinia_calliope","0","2","0","0",NA,NA,NA,"0",NA,"0",NA,NA,NA,NA,NA,NA,"0","0","0",NA
"Luscinia_cyane","0","2","0","0",NA,NA,NA,"0",NA,"0",NA,NA,NA,NA,NA,NA,"0","0","0",NA
"Luscinia_luscinia","0","2","0","0",NA,NA,NA,"0",NA,"0",NA,NA,NA,NA,NA,NA,"0","0","0",NA
"Luscinia_megarhynchos","0","3","0","0",NA,NA,NA,"0",NA,"0",NA,"0",NA,NA,NA,"0","0","0","0",NA
"Luscinia_obscura","0","1","0","0",NA,NA,NA,"0",NA,NA,NA,NA,NA,NA,NA,NA,"0","0","0",NA
"Luscinia_pectardens","0","1","0","0",NA,NA,NA,"0",NA,NA,NA,NA,NA,NA,NA,NA,"0","0","0",NA
"Luscinia_pectoralis","0","2","0","0",NA,NA,NA,"0",NA,"0",NA,NA,NA,NA,NA,NA,"0","0","0",NA
"Luscinia_ruficeps","0","1","0","0",NA,NA,NA,"0",NA,NA,NA,NA,NA,NA,NA,NA,"0","0","0",NA
"Luscinia_sibilans","0","2","0","0",NA,NA,NA,"0",NA,"0",NA,NA,NA,NA,NA,NA,"0","0","0",NA
"Luscinia_svecica","0","4","0","0",NA,"0",NA,"0",NA,"0",NA,"0",NA,NA,NA,"0","0","0","0",NA
"Lybius_bidentatus","1","0","3","0",NA,NA,NA,"1",NA,"1",NA,"1",NA,NA,"K","1","1","0","0","Kin"
"Lybius_chaplini","1","0","3","0",NA,NA,NA,"1",NA,"1",NA,"1",NA,NA,"K","1","1","0","0","Kin"
"Lybius_dubius","1","0","1","0",NA,NA,NA,"1",NA,NA,NA,NA,NA,NA,NA,NA,"0","0","0",NA
"Lybius_guifsobalito","1","1","1","1",NA,NA,NA,"1",NA,"0",NA,NA,NA,NA,NA,NA,"0","0","0",NA
"Lybius_leucocephalus","1","0","3","0",NA,NA,NA,"1",NA,"1",NA,"1",NA,NA,"K","1","1","0","0","Kin"
"Lybius_melanopterus","1","1","1","1",NA,NA,NA,"1",NA,"0",NA,NA,NA,NA,NA,NA,"0","0","0",NA
"Lybius_minor","1","0","3","0",NA,NA,NA,"1",NA,"1",NA,"1",NA,NA,"K","1","1","0","0","Kin"
"Lybius_rolleti","1","1","1","1",NA,NA,NA,"1",NA,"0",NA,NA,NA,NA,NA,NA,"0","0","0",NA
"Lybius_rubrifacies","1","1","1","1",NA,NA,NA,"1",NA,"0",NA,NA,NA,NA,NA,NA,"0","0","0",NA
"Lybius_torquatus","1","0","3","0",NA,NA,NA,"1",NA,"1",NA,"1",NA,NA,"K","1","1","0","0","Kin"
"Lybius_undatus","1","1","1","1",NA,NA,NA,"1",NA,"0",NA,NA,NA,NA,NA,NA,"0","0","0",NA
"Lybius_vieilloti","1","0","3","0",NA,NA,NA,"1",NA,"1",NA,"1",NA,NA,"K","1","1","0","0","Kin"
"Lycocorax_pyrrhopterus","0","1","0","0",NA,NA,NA,"0",NA,NA,NA,NA,NA,NA,NA,NA,"0","0","0",NA
"Lymnocryptes_minimus","0","2","0","0",NA,NA,NA,"0",NA,"0",NA,NA,NA,NA,NA,NA,"0","0","0",NA
"Macgregoria_pulchra","0","2","0","0",NA,NA,NA,"0",NA,"0",NA,NA,NA,NA,NA,NA,"0","0","0",NA
"Machaerirhynchus_flaviventer","0","2","0","0",NA,NA,NA,"0",NA,"0",NA,NA,NA,NA,NA,NA,"0","0","0",NA
"Machaerirhynchus_nigripectus","0","1","0","0",NA,NA,NA,"0",NA,NA,NA,NA,NA,NA,NA,NA,"0","0","0",NA
"Machaeropterus_deliciosus","0","2","0","0",NA,NA,NA,"0",NA,"0",NA,NA,NA,NA,NA,NA,"0","0","0",NA
"Machaeropterus_pyrocephalus","0","2","0","0",NA,NA,NA,"0",NA,"0",NA,NA,NA,NA,NA,NA,"0","0","0",NA
"Machaeropterus_regulus","0","2","0","0",NA,NA,NA,"0",NA,"0",NA,NA,NA,NA,NA,NA,"0","0","0",NA
"Macheiramphus_alcinus","0","3","0","0",NA,NA,NA,"0",NA,"0",NA,"0",NA,NA,NA,"0","0","0","0",NA
"Machetornis_rixosa","0","1","0","0",NA,NA,NA,"0",NA,NA,NA,NA,NA,NA,NA,NA,"0","0","0",NA
"Mackenziaena_leachii","0","1","0","0",NA,NA,NA,"0",NA,NA,NA,NA,NA,NA,NA,NA,"0","0","0",NA
"Mackenziaena_severa","0","1","0","0",NA,NA,NA,"0",NA,NA,NA,NA,NA,NA,NA,NA,"0","0","0",NA
"Macroagelaius_imthurni","1","0","3","0",NA,NA,NA,"1",NA,"1",NA,"1",NA,NA,"K","1","1","0","0","Kin"
"Macroagelaius_subalaris","1","1","1","1",NA,NA,NA,"1",NA,"0",NA,NA,NA,NA,NA,NA,"0","0","0",NA
"Macrocephalon_maleo","0","1","0","0",NA,NA,NA,"0",NA,NA,NA,NA,NA,NA,NA,NA,"0","0","0",NA
"Macrodipteryx_longipennis","0","2","0","0",NA,NA,NA,"0",NA,"0",NA,NA,NA,NA,NA,NA,"0","0","0",NA
"Macrodipteryx_vexillarius","0","1","0","0",NA,NA,NA,"0",NA,NA,NA,NA,NA,NA,NA,NA,"0","0","0",NA
"Macronectes_giganteus","0","1","0","0",NA,NA,NA,NA,NA,"0",NA,NA,NA,NA,NA,NA,"0","0","0",NA
"Macronectes_halli","0","1","0","0",NA,NA,NA,NA,NA,"0",NA,NA,NA,NA,NA,NA,"0","0","0",NA
"Macronous_flavicollis","1","0","1","0",NA,NA,NA,"1",NA,NA,NA,NA,NA,NA,NA,NA,"0","0","0",NA
"Macronous_gularis","1","1","1","1",NA,NA,NA,"1",NA,"0",NA,NA,NA,NA,NA,NA,"0","0","0",NA
"Macronous_kelleyi","1","0","1","0",NA,NA,NA,"1",NA,NA,NA,NA,NA,NA,NA,NA,"0","0","0",NA
"Macronous_ptilosus","0","1","0","0",NA,NA,NA,"0",NA,NA,NA,NA,NA,NA,NA,NA,"0","0","0",NA
"Macronous_striaticeps","1","0","1","0",NA,NA,NA,"1",NA,NA,NA,NA,NA,NA,NA,NA,"0","0","0",NA
"Macronyx_ameliae","0","3","0","0",NA,NA,NA,"0",NA,"0",NA,"0",NA,NA,NA,"1","0","0","0",NA
"Macronyx_aurantiigula","0","2","0","0",NA,NA,NA,"0",NA,"0",NA,NA,NA,NA,NA,NA,"0","0","0",NA
"Macronyx_capensis","0","3","0","0",NA,NA,NA,"0",NA,"0",NA,"0",NA,NA,NA,"0","0","0","0",NA
"Macronyx_croceus","0","3","0","0",NA,NA,NA,"0",NA,"0",NA,"0",NA,NA,NA,"1","0","0","0",NA
"Macronyx_flavicollis","0","1","0","0",NA,NA,NA,"0",NA,NA,NA,NA,NA,NA,NA,NA,"0","0","0",NA
"Macronyx_fuellebornii","0","3","0","0",NA,NA,NA,"0",NA,"0",NA,"0",NA,NA,NA,"1","0","0","0",NA
"Macronyx_grimwoodi","0","1","0","0",NA,NA,NA,"0",NA,NA,NA,NA,NA,NA,NA,NA,"0","0","0",NA
"Macronyx_sharpei","0","1","0","0",NA,NA,NA,"0",NA,NA,NA,NA,NA,NA,NA,NA,"0","0","0",NA
"Macropygia_amboinensis","0","2","0","0",NA,NA,NA,"0",NA,"0",NA,NA,NA,NA,NA,NA,"0","0","0",NA
"Macropygia_emiliana","0","1","0","0",NA,NA,NA,"0",NA,NA,NA,NA,NA,NA,NA,NA,"0","0","0",NA
"Macropygia_mackinlayi","0","2","0","0",NA,NA,NA,"0",NA,NA,NA,"0",NA,NA,NA,"0","0","0","0",NA
"Macropygia_magna","0","1","0","0",NA,NA,NA,"0",NA,NA,NA,NA,NA,NA,NA,NA,"0","0","0",NA
"Macropygia_nigrirostris","0","2","0","0",NA,NA,NA,"0",NA,NA,NA,"0",NA,NA,NA,"0","0","0","0",NA
"Macropygia_phasianella","0","2","0","0",NA,NA,NA,"0",NA,"0",NA,NA,NA,NA,NA,NA,"0","0","0",NA
"Macropygia_ruficeps","0","2","0","0",NA,NA,NA,"0",NA,"0",NA,NA,NA,NA,NA,NA,"0","0","0",NA
"Macropygia_rufipennis","0","1","0","0",NA,NA,NA,"0",NA,NA,NA,NA,NA,NA,NA,NA,"0","0","0",NA
"Macropygia_tenuirostris","0","2","0","0",NA,NA,NA,"0",NA,NA,NA,"0",NA,NA,NA,"0","0","0","0",NA
"Macropygia_unchall","0","3","0","0",NA,NA,NA,"0",NA,"0",NA,"0",NA,NA,NA,"0","0","0","0",NA
"Macrosphenus_concolor","0","1","0","0",NA,NA,NA,"0",NA,NA,NA,NA,NA,NA,NA,NA,"0","0","0",NA
"Macrosphenus_flavicans","0","2","0","0",NA,NA,NA,"0",NA,NA,NA,"0",NA,NA,NA,"1","0","0","0",NA
"Macrosphenus_kempi","0","1","0","0",NA,NA,NA,"0",NA,NA,NA,NA,NA,NA,NA,NA,"0","0","0",NA
"Macrosphenus_kretschmeri","0","1","0","0",NA,NA,NA,"0",NA,NA,NA,NA,NA,NA,NA,NA,"0","0","0",NA
"Macrosphenus_pulitzeri","0","1","0","0",NA,NA,NA,"0",NA,NA,NA,NA,NA,NA,NA,NA,"0","0","0",NA
"Madanga_ruficollis","0","1","0","0",NA,NA,NA,"0",NA,NA,NA,NA,NA,NA,NA,NA,"0","0","0",NA
"Malacocincla_abbotti","0","2","0","0",NA,NA,NA,"0",NA,"0",NA,NA,NA,NA,NA,NA,"0","0","0",NA
"Malacocincla_cinereiceps","0","1","0","0",NA,NA,NA,"0",NA,NA,NA,NA,NA,NA,NA,NA,"0","0","0",NA
"Malacocincla_malaccensis","0","1","0","0",NA,NA,NA,"0",NA,NA,NA,NA,NA,NA,NA,NA,"0","0","0",NA
"Malacocincla_perspicillata",NA,"0","0","0",NA,NA,NA,NA,NA,NA,NA,NA,NA,NA,NA,NA,"0","0","0",NA
"Malacocincla_sepiaria","0","1","0","0",NA,NA,NA,"0",NA,NA,NA,NA,NA,NA,NA,NA,"0","0","0",NA
"Malaconotus_alius","0","1","0","0",NA,NA,NA,"0",NA,NA,NA,NA,NA,NA,NA,NA,"0","0","0",NA
"Malaconotus_blanchoti","0","2","0","0",NA,NA,NA,"0",NA,"0",NA,NA,NA,NA,NA,NA,"0","0","0",NA
"Malaconotus_cruentus","0","2","0","0",NA,NA,NA,"0",NA,"0",NA,NA,NA,NA,NA,NA,"0","0","0",NA
"Malaconotus_gladiator","0","1","0","0",NA,NA,NA,"0",NA,NA,NA,NA,NA,NA,NA,NA,"0","0","0",NA
"Malaconotus_lagdeni","0","2","0","0",NA,NA,NA,"0",NA,"0",NA,NA,NA,NA,NA,NA,"0","0","0",NA
"Malaconotus_monteiri","0","1","0","0",NA,NA,NA,"0",NA,NA,NA,NA,NA,NA,NA,NA,"0","0","0",NA
"Malacopteron_affine","0","1","0","0",NA,NA,NA,"0",NA,NA,NA,NA,NA,NA,NA,NA,"0","0","0",NA
"Malacopteron_albogulare","0","1","0","0",NA,NA,NA,"0",NA,NA,NA,NA,NA,NA,NA,NA,"0","0","0",NA
"Malacopteron_cinereum","0","1","0","0",NA,NA,NA,"0",NA,NA,NA,NA,NA,NA,NA,NA,"0","0","0",NA
"Malacopteron_magnirostre","0","1","0","0",NA,NA,NA,"0",NA,NA,NA,NA,NA,NA,NA,NA,"0","0","0",NA
"Malacopteron_magnum","0","1","0","0",NA,NA,NA,"0",NA,NA,NA,NA,NA,NA,NA,NA,"0","0","0",NA
"Malacopteron_palawanense","0","1","0","0",NA,NA,NA,"0",NA,NA,NA,NA,NA,NA,NA,NA,"0","0","0",NA
"Malacoptila_fulvogularis","0","1","0","0",NA,NA,NA,"0",NA,NA,NA,NA,NA,NA,NA,NA,"0","0","0",NA
"Malacoptila_fusca","0","1","0","0",NA,NA,NA,"0",NA,NA,NA,NA,NA,NA,NA,NA,"0","0","0",NA
"Malacoptila_mystacalis","0","1","0","0",NA,NA,NA,"0",NA,NA,NA,NA,NA,NA,NA,NA,"0","0","0",NA
"Malacoptila_panamensis","0","1","0","0",NA,NA,NA,"0",NA,NA,NA,NA,NA,NA,NA,NA,"0","0","0",NA
"Malacoptila_rufa","0","1","0","0",NA,NA,NA,"0",NA,NA,NA,NA,NA,NA,NA,NA,"0","0","0",NA
"Malacoptila_semicincta","0","1","0","0",NA,NA,NA,"0",NA,NA,NA,NA,NA,NA,NA,NA,"0","0","0",NA
"Malacoptila_striata","0","1","0","0",NA,NA,NA,"0",NA,NA,NA,NA,NA,NA,NA,NA,"0","0","0",NA
"Malacorhynchus_membranaceus","0","3","0","0",NA,NA,NA,"0",NA,"0",NA,"0",NA,NA,NA,"0","0","0","0",NA
"Malcorus_pectoralis","0","2","0","0",NA,NA,NA,"0",NA,"0",NA,NA,NA,NA,NA,NA,"0","0","0",NA
"Malia_grata","1","0","1","0",NA,NA,NA,"1",NA,NA,NA,NA,NA,NA,NA,NA,"0","0","0",NA
"Malimbus_ballmanni","1","0","2","0",NA,NA,NA,"1",NA,"1",NA,NA,NA,NA,NA,NA,"0","0","0",NA
"Malimbus_cassini","1","1","1","1",NA,NA,NA,"1",NA,"0",NA,NA,NA,NA,NA,NA,"0","0","0",NA
"Malimbus_coronatus","1","1","1","1",NA,NA,NA,"1",NA,"0",NA,NA,NA,NA,NA,NA,"0","0","0",NA
"Malimbus_erythrogaster","1","1","1","1",NA,NA,NA,"1",NA,"0",NA,NA,NA,NA,NA,NA,"0","0","0",NA
"Malimbus_ibadanensis","0","2","0","0",NA,NA,NA,"0",NA,"0",NA,NA,NA,NA,NA,NA,"0","0","0",NA
"Malimbus_malimbicus","0","2","0","0",NA,NA,NA,"0",NA,"0",NA,NA,NA,NA,NA,NA,"0","0","0",NA
"Malimbus_nitens","0","3","0","0",NA,NA,NA,"0",NA,"0",NA,"0",NA,NA,NA,"1","0","0","0",NA
"Malimbus_racheliae","1","1","1","1",NA,NA,NA,"1",NA,"0",NA,NA,NA,NA,NA,NA,"0","0","0",NA
"Malimbus_rubricollis","0","1","0","0",NA,NA,NA,"0",NA,NA,NA,NA,NA,NA,NA,NA,"0","0","0",NA
"Malimbus_scutatus","1","1","1","1",NA,NA,NA,"1",NA,"0",NA,NA,NA,NA,NA,NA,"0","0","0",NA
"Malurus_alboscapulatus","1","0","5","0","1",NA,NA,"1",NA,"1","1","1","K",NA,"K","1","2","0","0","Kin"
"Malurus_amabilis","1","0","5","0","1",NA,NA,"1",NA,"1","1","1","K",NA,"K","1","2","0","0","Kin"
"Malurus_campbelli","1","0","2","0",NA,NA,NA,"1",NA,"1",NA,NA,NA,NA,NA,NA,"0","0","0",NA
"Malurus_coronatus","1","0","7","0","1","1","1","1",NA,"1","1","1","K","K","K","1","3","0","0","Kin"
"Malurus_cyaneus","1","0","7","0","1","1","1","1",NA,"1","1","1","M","K","K","1","2","0","1","Kin"
"Malurus_cyanocephalus","1","1","3","1",NA,NA,NA,"1",NA,"0","1","1","K",NA,"K","1","2","0","0","Kin"
"Malurus_elegans","1","0","6","0","1","1",NA,"1",NA,"1","1","1","M",NA,"K","1","1","0","1","Kin"
"Malurus_grayi","1","0","3","0",NA,NA,NA,"1",NA,"1",NA,"1",NA,NA,"K","1","1","0","0","Kin"
"Malurus_lamberti","1","0","5","0","1",NA,NA,"1",NA,"1","1","1","K",NA,"K","1","2","0","0","Kin"
"Malurus_leucopterus","1","0","5","0","1",NA,NA,"1",NA,"1","1","1","M",NA,"K","1","1","0","1","Kin"
"Malurus_melanocephalus","1","0","6","0","1","1",NA,"1",NA,"1","1","1","M",NA,"K","1","1","0","1","Kin"
"Malurus_pulcherrimus","1","0","5","0","1",NA,NA,"1",NA,"1","1","1","K",NA,"K","1","2","0","0","Kin"
"Malurus_splendens","1","0","7","0","1","1","1","1",NA,"1","1","1","M","K","K","1","2","0","1","Kin"
"Manacus_aurantiacus","0","3","0","0",NA,NA,NA,"0",NA,"0",NA,"0",NA,NA,NA,"0","0","0","0",NA
"Manacus_candei","0","2","0","0",NA,NA,NA,"0",NA,"0",NA,NA,NA,NA,NA,NA,"0","0","0",NA
"Manacus_manacus","0","2","0","0",NA,NA,NA,"0",NA,"0",NA,NA,NA,NA,NA,NA,"0","0","0",NA
"Manacus_vitellinus","0","3","0","0",NA,NA,NA,"0",NA,"0",NA,"0",NA,NA,NA,"0","0","0","0",NA
"Mandingoa_nitidula","0","2","0","0",NA,NA,NA,"0",NA,"0",NA,NA,NA,NA,NA,NA,"0","0","0",NA
"Manorina_flavigula","1","0","4","0","1",NA,NA,"1",NA,"1",NA,"1",NA,NA,"K","1","1","0","0","Kin"
"Manorina_melanocephala","1","0","7","0","1","1","1","1",NA,"1","1","1","K","K","K","1","3","0","0","Kin"
"Manorina_melanophrys","1","0","6","0",NA,"1","1","1",NA,"1","1","1","M","K","K","1","2","0","1","Kin"
"Manorina_melanotis","1","0","1","0",NA,NA,NA,"1",NA,NA,NA,NA,NA,NA,NA,NA,"0","0","0",NA
"Manucodia_ater","0","2","0","0",NA,NA,NA,"0",NA,"0",NA,NA,NA,NA,NA,NA,"0","0","0",NA
"Manucodia_chalybatus","0","2","0","0",NA,NA,NA,"0",NA,"0",NA,NA,NA,NA,NA,NA,"0","0","0",NA
"Manucodia_comrii","0","1","0","0",NA,NA,NA,"0",NA,NA,NA,NA,NA,NA,NA,NA,"0","0","0",NA
"Manucodia_jobiensis","0","1","0","0",NA,NA,NA,"0",NA,NA,NA,NA,NA,NA,NA,NA,"0","0","0",NA
"Manucodia_keraudrenii","0","2","0","0",NA,NA,NA,"0",NA,"0",NA,NA,NA,NA,NA,NA,"0","0","0",NA
"Margaroperdix_madagascariensis","0","1","0","0",NA,NA,NA,"0",NA,NA,NA,NA,NA,NA,NA,NA,"0","0","0",NA
"Margarops_fuscatus","0","1","0","0",NA,NA,NA,"0",NA,NA,NA,NA,NA,NA,NA,NA,"0","0","0",NA
"Margarops_fuscus","0","1","0","0",NA,NA,NA,"0",NA,NA,NA,NA,NA,NA,NA,NA,"0","0","0",NA
"Margarornis_bellulus","0","1","0","0",NA,NA,NA,"0",NA,NA,NA,NA,NA,NA,NA,NA,"0","0","0",NA
"Margarornis_rubiginosus","0","1","0","0",NA,NA,NA,"0",NA,NA,NA,NA,NA,NA,NA,NA,"0","0","0",NA
"Margarornis_squamiger","0","1","0","0",NA,NA,NA,"0",NA,NA,NA,NA,NA,NA,NA,NA,"0","0","0",NA
"Margarornis_stellatus","0","1","0","0",NA,NA,NA,"0",NA,NA,NA,NA,NA,NA,NA,NA,"0","0","0",NA
"Marmaronetta_angustirostris","0","2","0","0",NA,NA,NA,"0",NA,"0",NA,NA,NA,NA,NA,NA,"0","0","0",NA
"Masius_chrysopterus","0","2","0","0",NA,NA,NA,"0",NA,"0",NA,NA,NA,NA,NA,NA,"0","0","0",NA
"Mayrornis_lessoni","0","1","0","0",NA,NA,NA,"0",NA,NA,NA,NA,NA,NA,NA,NA,"0","0","0",NA
"Mayrornis_schistaceus","0","1","0","0",NA,NA,NA,"0",NA,NA,NA,NA,NA,NA,NA,NA,"0","0","0",NA
"Mayrornis_versicolor",NA,"0","0","0",NA,NA,NA,NA,NA,NA,NA,NA,NA,NA,NA,NA,"0","0","0",NA
"Mearnsia_novaeguineae","0","1","0","0",NA,NA,NA,"0",NA,NA,NA,NA,NA,NA,NA,NA,"0","0","0",NA
"Mearnsia_picina","0","1","0","0",NA,NA,NA,"0",NA,NA,NA,NA,NA,NA,NA,NA,"0","0","0",NA
"Mecocerculus_calopterus","0","1","0","0",NA,NA,NA,"0",NA,NA,NA,NA,NA,NA,NA,NA,"0","0","0",NA
"Mecocerculus_hellmayri","0","1","0","0",NA,NA,NA,"0",NA,NA,NA,NA,NA,NA,NA,NA,"0","0","0",NA
"Mecocerculus_leucophrys","0","1","0","0",NA,NA,NA,"0",NA,NA,NA,NA,NA,NA,NA,NA,"0","0","0",NA
"Mecocerculus_minor","0","1","0","0",NA,NA,NA,"0",NA,NA,NA,NA,NA,NA,NA,NA,"0","0","0",NA
"Mecocerculus_poecilocercus","0","1","0","0",NA,NA,NA,"0",NA,NA,NA,NA,NA,NA,NA,NA,"0","0","0",NA
"Mecocerculus_stictopterus","0","2","0","0",NA,NA,NA,"0",NA,"0",NA,NA,NA,NA,NA,NA,"0","0","0",NA
"Megabyas_flammulatus","1","1","2","1",NA,NA,NA,"1",NA,"0",NA,"1",NA,NA,"K","1","1","0","0","Kin"
"Megaceryle_alcyon","0","2","0","0",NA,NA,NA,"0",NA,NA,NA,"0",NA,NA,NA,"0","0","0","0",NA
"Megaceryle_lugubris","0","2","0","0",NA,NA,NA,"0",NA,"0",NA,NA,NA,NA,NA,NA,"0","0","0",NA
"Megaceryle_maxima","0","2","0","0",NA,NA,NA,"0",NA,"0",NA,NA,NA,NA,NA,NA,"0","0","0",NA
"Megaceryle_torquata","0","2","0","0",NA,NA,NA,"0",NA,"0",NA,NA,NA,NA,NA,NA,"0","0","0",NA
"Megacrex_inepta","0","1","0","0",NA,NA,NA,"0",NA,NA,NA,NA,NA,NA,NA,NA,"0","0","0",NA
"Megadyptes_antipodes","0","1","0","0",NA,NA,NA,NA,NA,"0",NA,NA,NA,NA,NA,NA,"0","0","0",NA
"Megalaima__rubricapillus","0","1","0","0",NA,NA,NA,NA,NA,NA,NA,"0",NA,NA,NA,"0","0","0","0",NA
"Megalaima_armillaris","0","2","0","0",NA,NA,NA,"0",NA,"0",NA,NA,NA,NA,NA,NA,"0","0","0",NA
"Megalaima_asiatica","0","2","0","0",NA,NA,NA,"0",NA,"0",NA,NA,NA,NA,NA,NA,"0","0","0",NA
"Megalaima_australis","0","1","0","0",NA,NA,NA,"0",NA,NA,NA,NA,NA,NA,NA,NA,"0","0","0",NA
"Megalaima_chrysopogon","0","1","0","0",NA,NA,NA,"0",NA,NA,NA,NA,NA,NA,NA,NA,"0","0","0",NA
"Megalaima_corvina","0","1","0","0",NA,NA,NA,"0",NA,NA,NA,NA,NA,NA,NA,NA,"0","0","0",NA
"Megalaima_eximia","0","1","0","0",NA,NA,NA,"0",NA,NA,NA,NA,NA,NA,NA,NA,"0","0","0",NA
"Megalaima_faiostricta","0","1","0","0",NA,NA,NA,"0",NA,NA,NA,NA,NA,NA,NA,NA,"0","0","0",NA
"Megalaima_flavifrons","0","1","0","0",NA,NA,NA,"0",NA,NA,NA,NA,NA,NA,NA,NA,"0","0","0",NA
"Megalaima_franklinii","0","2","0","0",NA,NA,NA,"0",NA,"0",NA,NA,NA,NA,NA,NA,"0","0","0",NA
"Megalaima_haemacephala","0","3","0","0",NA,NA,NA,"0",NA,"0",NA,"0",NA,NA,NA,"0","0","0","0",NA
"Megalaima_henricii","0","1","0","0",NA,NA,NA,"0",NA,NA,NA,NA,NA,NA,NA,NA,"0","0","0",NA
"Megalaima_incognita","0","1","0","0",NA,NA,NA,"0",NA,NA,NA,NA,NA,NA,NA,NA,"0","0","0",NA
"Megalaima_javensis","0","1","0","0",NA,NA,NA,"0",NA,NA,NA,NA,NA,NA,NA,NA,"0","0","0",NA
"Megalaima_lagrandieri","0","1","0","0",NA,NA,NA,"0",NA,NA,NA,NA,NA,NA,NA,NA,"0","0","0",NA
"Megalaima_lineata","0","2","0","0",NA,NA,NA,"0",NA,"0",NA,NA,NA,NA,NA,NA,"0","0","0",NA
"Megalaima_monticola","0","1","0","0",NA,NA,NA,"0",NA,NA,NA,NA,NA,NA,NA,NA,"0","0","0",NA
"Megalaima_mystacophanos","0","1","0","0",NA,NA,NA,"0",NA,NA,NA,NA,NA,NA,NA,NA,"0","0","0",NA
"Megalaima_oorti","0","1","0","0",NA,NA,NA,"0",NA,NA,NA,NA,NA,NA,NA,NA,"0","0","0",NA
"Megalaima_pulcherrima","0","1","0","0",NA,NA,NA,"0",NA,NA,NA,NA,NA,NA,NA,NA,"0","0","0",NA
"Megalaima_rafflesii","0","1","0","0",NA,NA,NA,"0",NA,NA,NA,NA,NA,NA,NA,NA,"0","0","0",NA
"Megalaima_rubricapillus","0","2","0","0",NA,NA,NA,"0",NA,"0",NA,NA,NA,NA,NA,NA,"0","0","0",NA
"Megalaima_virens","0","3","0","0",NA,NA,NA,"0",NA,"0",NA,"0",NA,NA,NA,"0","0","0","0",NA
"Megalaima_viridis","0","2","0","0",NA,NA,NA,"0",NA,"0",NA,NA,NA,NA,NA,NA,"0","0","0",NA
"Megalaima_zeylanica","0","2","0","0",NA,NA,NA,"0",NA,"0",NA,NA,NA,NA,NA,NA,"0","0","0",NA
"Megalurulus_grosvenori","0","1","0","0",NA,NA,NA,"0",NA,NA,NA,NA,NA,NA,NA,NA,"0","0","0",NA
"Megalurulus_llaneae","0","1","0","0",NA,NA,NA,"0",NA,NA,NA,NA,NA,NA,NA,NA,"0","0","0",NA
"Megalurulus_mariei","0","1","0","0",NA,NA,NA,"0",NA,NA,NA,NA,NA,NA,NA,NA,"0","0","0",NA
"Megalurulus_rubiginosus","0","1","0","0",NA,NA,NA,"0",NA,NA,NA,NA,NA,NA,NA,NA,"0","0","0",NA
"Megalurulus_whitneyi","0","1","0","0",NA,NA,NA,"0",NA,NA,NA,NA,NA,NA,NA,NA,"0","0","0",NA
"Megalurus_albolimbatus","0","1","0","0",NA,NA,NA,"0",NA,NA,NA,NA,NA,NA,NA,NA,"0","0","0",NA
"Megalurus_gramineus","0","2","0","0",NA,NA,NA,"0",NA,"0",NA,NA,NA,NA,NA,NA,"0","0","0",NA
"Megalurus_palustris","0","1","0","0",NA,NA,NA,"0",NA,NA,NA,NA,NA,NA,NA,NA,"0","0","0",NA
"Megalurus_timoriensis","0","2","0","0",NA,NA,NA,"0",NA,"0",NA,NA,NA,NA,NA,NA,"0","0","0",NA
"Megapodius_affinis","0","1","0","0",NA,NA,NA,"0",NA,NA,NA,NA,NA,NA,NA,NA,"0","0","0",NA
"Megapodius_bernsteinii","0","1","0","0",NA,NA,NA,"0",NA,NA,NA,NA,NA,NA,NA,NA,"0","0","0",NA
"Megapodius_cumingii","0","1","0","0",NA,NA,NA,"0",NA,NA,NA,NA,NA,NA,NA,NA,"0","0","0",NA
"Megapodius_eremita","0","1","0","0",NA,NA,NA,"0",NA,NA,NA,NA,NA,NA,NA,NA,"0","0","0",NA
"Megapodius_freycinet","0","1","0","0",NA,NA,NA,"0",NA,NA,NA,NA,NA,NA,NA,NA,"0","0","0",NA
"Megapodius_laperouse","0","1","0","0",NA,NA,NA,"0",NA,NA,NA,NA,NA,NA,NA,NA,"0","0","0",NA
"Megapodius_layardi","0","1","0","0",NA,NA,NA,"0",NA,NA,NA,NA,NA,NA,NA,NA,"0","0","0",NA
"Megapodius_nicobariensis","0","2","0","0",NA,NA,NA,"0",NA,"0",NA,NA,NA,NA,NA,NA,"0","0","0",NA
"Megapodius_pritchardii",NA,"0","0","0",NA,NA,NA,NA,NA,NA,NA,NA,NA,NA,NA,NA,"0","0","0",NA
"Megapodius_reinwardt","0","2","0","0",NA,NA,NA,"0",NA,NA,NA,"0",NA,NA,NA,"0","0","0","0",NA
"Megarynchus_pitangua","0","3","0","0",NA,NA,NA,"0",NA,"0",NA,"0",NA,NA,NA,"1","0","0","0",NA
"Megascops_albogularis","0","1","0","0",NA,NA,NA,"0",NA,NA,NA,NA,NA,NA,NA,NA,"0","0","0",NA
"Megascops_asio","0","4","0","0",NA,"0","0","0",NA,NA,NA,"0",NA,NA,NA,"0","0","0","0",NA
"Megascops_atricapilla","0","2","0","0",NA,NA,NA,"0",NA,"0",NA,NA,NA,NA,NA,NA,"0","0","0",NA
"Megascops_barbarus","0","1","0","0",NA,NA,NA,"0",NA,NA,NA,NA,NA,NA,NA,NA,"0","0","0",NA
"Megascops_choliba","0","2","0","0",NA,NA,NA,"0",NA,"0",NA,NA,NA,NA,NA,NA,"0","0","0",NA
"Megascops_clarkii","0","1","0","0",NA,NA,NA,"0",NA,NA,NA,NA,NA,NA,NA,NA,"0","0","0",NA
"Megascops_colombianus","0","1","0","0",NA,NA,NA,"0",NA,NA,NA,NA,NA,NA,NA,NA,"0","0","0",NA
"Megascops_cooperi","0","1","0","0",NA,NA,NA,"0",NA,NA,NA,NA,NA,NA,NA,NA,"0","0","0",NA
"Megascops_guatemalae","0","1","0","0",NA,NA,NA,"0",NA,NA,NA,NA,NA,NA,NA,NA,"0","0","0",NA
"Megascops_hoyi","0","1","0","0",NA,NA,NA,"0",NA,NA,NA,NA,NA,NA,NA,NA,"0","0","0",NA
"Megascops_ingens","0","1","0","0",NA,NA,NA,"0",NA,NA,NA,NA,NA,NA,NA,NA,"0","0","0",NA
"Megascops_kennicottii","0","2","0","0",NA,NA,NA,"0",NA,"0",NA,NA,NA,NA,NA,NA,"0","0","0",NA
"Megascops_koepckeae","0","1","0","0",NA,NA,NA,"0",NA,NA,NA,NA,NA,NA,NA,NA,"0","0","0",NA
"Megascops_marshalli",NA,"0","0","0",NA,NA,NA,NA,NA,NA,NA,NA,NA,NA,NA,NA,"0","0","0",NA
"Megascops_nudipes","0","2","0","0",NA,NA,NA,"0",NA,"0",NA,NA,NA,NA,NA,NA,"0","0","0",NA
"Megascops_petersoni","0","1","0","0",NA,NA,NA,"0",NA,NA,NA,NA,NA,NA,NA,NA,"0","0","0",NA
"Megascops_roboratus","0","1","0","0",NA,NA,NA,"0",NA,NA,NA,NA,NA,NA,NA,NA,"0","0","0",NA
"Megascops_sanctaecatarinae","0","2","0","0",NA,NA,NA,"0",NA,"0",NA,NA,NA,NA,NA,NA,"0","0","0",NA
"Megascops_seductus","0","1","0","0",NA,NA,NA,"0",NA,NA,NA,NA,NA,NA,NA,NA,"0","0","0",NA
"Megascops_trichopsis","0","2","0","0",NA,NA,NA,"0",NA,"0",NA,NA,NA,NA,NA,NA,"0","0","0",NA
"Megascops_watsonii","0","1","0","0",NA,NA,NA,"0",NA,NA,NA,NA,NA,NA,NA,NA,"0","0","0",NA
"Megastictus_margaritatus","0","3","0","0",NA,NA,NA,"0",NA,"0",NA,"0",NA,NA,NA,"1","0","0","0",NA
"Megatriorchis_doriae","0","1","0","0",NA,NA,NA,"0",NA,NA,NA,NA,NA,NA,NA,NA,"0","0","0",NA
"Megaxenops_parnaguae","0","1","0","0",NA,NA,NA,"0",NA,NA,NA,NA,NA,NA,NA,NA,"0","0","0",NA
"Megazosterops_palauensis","0","1","0","0",NA,NA,NA,"0",NA,NA,NA,NA,NA,NA,NA,NA,"0","0","0",NA
"Meiglyptes_jugularis","0","1","0","0",NA,NA,NA,"0",NA,NA,NA,NA,NA,NA,NA,NA,"0","0","0",NA
"Meiglyptes_tristis","0","2","0","0",NA,NA,NA,"0",NA,"0",NA,NA,NA,NA,NA,NA,"0","0","0",NA
"Meiglyptes_tukki","0","2","0","0",NA,NA,NA,"0",NA,"0",NA,NA,NA,NA,NA,NA,"0","0","0",NA
"Melaenornis_annamarulae","1","0","1","0",NA,NA,NA,"1",NA,NA,NA,NA,NA,NA,NA,NA,"0","0","0",NA
"Melaenornis_ardesiacus","0","1","0","0",NA,NA,NA,"0",NA,NA,NA,NA,NA,NA,NA,NA,"0","0","0",NA
"Melaenornis_edolioides","0","1","0","0",NA,NA,NA,"0",NA,NA,NA,NA,NA,NA,NA,NA,"0","0","0",NA
"Melaenornis_pammelaina","0","1","0","0",NA,NA,NA,"0",NA,NA,NA,NA,NA,NA,NA,NA,"0","0","0",NA
"Melampitta_gigantea","0","1","0","0",NA,NA,NA,"0",NA,NA,NA,NA,NA,NA,NA,NA,"0","0","0",NA
"Melampitta_lugubris","0","2","0","0",NA,NA,NA,"0",NA,"0",NA,NA,NA,NA,NA,NA,"0","0","0",NA
"Melamprosops_phaeosoma","0","1","0","0",NA,NA,NA,"0",NA,NA,NA,NA,NA,NA,NA,NA,"0","0","0",NA
"Melanerpes_aurifrons","0","2","0","0",NA,NA,NA,"0",NA,"0",NA,NA,NA,NA,NA,NA,"0","0","0",NA
"Melanerpes_cactorum","1","0","3","0",NA,NA,NA,"1",NA,"1",NA,"1",NA,NA,"K","1","1","0","0","Kin"
"Melanerpes_candidus","1","1","1","1",NA,NA,NA,"1",NA,"0",NA,NA,NA,NA,NA,NA,"0","0","0",NA
"Melanerpes_carolinus","0","3","0","0",NA,NA,NA,"0",NA,"0",NA,"0",NA,NA,NA,"0","0","0","0",NA
"Melanerpes_chrysauchen","1","0","3","0",NA,NA,NA,"1",NA,"1",NA,"1",NA,NA,"K","1","1","0","0","Kin"
"Melanerpes_chrysogenys","0","1","0","0",NA,NA,NA,"0",NA,NA,NA,NA,NA,NA,NA,NA,"0","0","0",NA
"Melanerpes_cruentatus","1","0","3","0",NA,NA,NA,"1",NA,"1",NA,"1",NA,NA,"K","1","1","0","0","Kin"
"Melanerpes_erythrocephalus","0","3","0","0",NA,NA,NA,"0",NA,"0",NA,"0",NA,NA,NA,"1","0","0","0",NA
"Melanerpes_flavifrons","1","0","3","0",NA,NA,NA,"1",NA,"1",NA,"1",NA,NA,"K","1","1","0","0","Kin"
"Melanerpes_formicivorus","1","0","6","0","1","1","1","1",NA,"1",NA,"1",NA,"K","K","1","2","0","0","Kin"
"Melanerpes_formicovorus","1","0","1","0",NA,NA,NA,NA,NA,NA,"1",NA,"M",NA,NA,NA,"0","0","1","Mixed"
"Melanerpes_herminieri","0","3","0","0",NA,NA,NA,"0",NA,"0",NA,"0",NA,NA,NA,"1","0","0","0",NA
"Melanerpes_hoffmannii","0","2","0","0",NA,NA,NA,"0",NA,"0",NA,NA,NA,NA,NA,NA,"0","0","0",NA
"Melanerpes_hypopolius","1","0","2","0",NA,NA,NA,"1",NA,"1",NA,NA,NA,NA,NA,NA,"0","0","0",NA
"Melanerpes_lewis","0","2","0","0",NA,NA,NA,"0",NA,NA,NA,"0",NA,NA,NA,"0","0","0","0",NA
"Melanerpes_portoricensis","0","3","0","0",NA,NA,NA,"0",NA,"0",NA,"0",NA,NA,NA,"1","0","0","0",NA
"Melanerpes_pucherani","0","2","0","0",NA,NA,NA,"0",NA,NA,NA,"0",NA,NA,NA,"1","0","0","0",NA
"Melanerpes_pygmaeus","0","1","0","0",NA,NA,NA,"0",NA,NA,NA,NA,NA,NA,NA,NA,"0","0","0",NA
"Melanerpes_radiolatus","0","2","0","0",NA,NA,NA,"0",NA,"0",NA,NA,NA,NA,NA,NA,"0","0","0",NA
"Melanerpes_rubricapillus","0","2","0","0",NA,NA,NA,"0",NA,"0",NA,NA,NA,NA,NA,NA,"0","0","0",NA
"Melanerpes_striatus","1","1","1","1",NA,NA,NA,"1",NA,"0",NA,NA,NA,NA,NA,NA,"0","0","0",NA
"Melanerpes_superciliaris","0","2","0","0",NA,NA,NA,"0",NA,"0",NA,NA,NA,NA,NA,NA,"0","0","0",NA
"Melanerpes_uropygialis","0","3","0","0",NA,NA,NA,"0",NA,"0",NA,"0",NA,NA,NA,"0","0","0","0",NA
"Melanitta_fusca","0","3","0","0",NA,NA,NA,"0",NA,"0",NA,"0",NA,NA,NA,"0","0","0","0",NA
"Melanitta_nigra","0","3","0","0",NA,NA,NA,"0",NA,"0",NA,"0",NA,NA,NA,"0","0","0","0",NA
"Melanitta_perspicillata","0","3","0","0",NA,NA,NA,"0",NA,"0",NA,"0",NA,NA,NA,"0","0","0","0",NA
"Melanocharis_arfakiana","0","2","0","0",NA,NA,NA,"0",NA,NA,NA,"0",NA,NA,NA,"1","0","0","0",NA
"Melanocharis_crassirostris","0","1","0","0",NA,NA,NA,"0",NA,NA,NA,NA,NA,NA,NA,NA,"0","0","0",NA
"Melanocharis_longicauda","0","1","0","0",NA,NA,NA,"0",NA,NA,NA,NA,NA,NA,NA,NA,"0","0","0",NA
"Melanocharis_nigra","0","2","0","0",NA,NA,NA,"0",NA,"0",NA,NA,NA,NA,NA,NA,"0","0","0",NA
"Melanocharis_striativentris","0","1","0","0",NA,NA,NA,"0",NA,NA,NA,NA,NA,NA,NA,NA,"0","0","0",NA
"Melanocharis_versteri","0","1","0","0",NA,NA,NA,"0",NA,NA,NA,NA,NA,NA,NA,NA,"0","0","0",NA
"Melanochlora_sultanea","0","2","0","0",NA,NA,NA,"0",NA,NA,NA,"0",NA,NA,NA,"1","0","0","0",NA
"Melanocorypha_bimaculata","0","2","0","0",NA,NA,NA,"0",NA,"0",NA,NA,NA,NA,NA,NA,"0","0","0",NA
"Melanocorypha_calandra","0","1","0","0",NA,NA,NA,"0",NA,NA,NA,NA,NA,NA,NA,NA,"0","0","0",NA
"Melanocorypha_leucoptera","0","2","0","0",NA,NA,NA,"0",NA,"0",NA,NA,NA,NA,NA,NA,"0","0","0",NA
"Melanocorypha_maxima","0","2","0","0",NA,NA,NA,"0",NA,"0",NA,NA,NA,NA,NA,NA,"0","0","0",NA
"Melanocorypha_mongolica","0","2","0","0",NA,NA,NA,"0",NA,"0",NA,NA,NA,NA,NA,NA,"0","0","0",NA
"Melanocorypha_yeltoniensis","0","2","0","0",NA,NA,NA,"0",NA,"0",NA,NA,NA,NA,NA,NA,"0","0","0",NA
"Melanodera_melanodera","0","3","0","0",NA,NA,NA,"0",NA,"0",NA,"0",NA,NA,NA,"0","0","0","0",NA
"Melanodera_xanthogramma","0","1","0","0",NA,NA,NA,"0",NA,NA,NA,NA,NA,NA,NA,NA,"0","0","0",NA
"Melanodryas_cucullata","1","0","5","0","1",NA,NA,"1",NA,"1","1","1","K",NA,"K","1","2","0","0","Kin"
"Melanodryas_vittata","1","0","5","0","1",NA,NA,"1",NA,"1","1","1","K",NA,"K","1","2","0","0","Kin"
"Melanopareia_elegans","0","1","0","0",NA,NA,NA,"0",NA,NA,NA,NA,NA,NA,NA,NA,"0","0","0",NA
"Melanopareia_maranonica","0","1","0","0",NA,NA,NA,"0",NA,NA,NA,NA,NA,NA,NA,NA,"0","0","0",NA
"Melanopareia_maximiliani","0","1","0","0",NA,NA,NA,"0",NA,NA,NA,NA,NA,NA,NA,NA,"0","0","0",NA
"Melanopareia_torquata","0","1","0","0",NA,NA,NA,"0",NA,NA,NA,NA,NA,NA,NA,NA,"0","0","0",NA
"Melanoperdix_niger","0","1","0","0",NA,NA,NA,"0",NA,NA,NA,NA,NA,NA,NA,NA,"0","0","0",NA
"Melanoptila_glabrirostris","0","1","0","0",NA,NA,NA,"0",NA,NA,NA,NA,NA,NA,NA,NA,"0","0","0",NA
"Melanospiza_richardsoni","0","2","0","0",NA,NA,NA,"0",NA,"0",NA,NA,NA,NA,NA,NA,"0","0","0",NA
"Melanotis_caerulescens","0","1","0","0",NA,NA,NA,"0",NA,NA,NA,NA,NA,NA,NA,NA,"0","0","0",NA
"Melanotis_hypoleucus","0","2","0","0",NA,NA,NA,"0",NA,"0",NA,NA,NA,NA,NA,NA,"0","0","0",NA
"Meleagris_gallopavo","0","5","0","0",NA,"0","0","0",NA,"0",NA,"0",NA,NA,NA,"1","0","0","0",NA
"Meleagris_ocellata","0","2","0","0",NA,NA,NA,"0",NA,NA,NA,"0",NA,NA,NA,"1","0","0","0",NA
"Melichneutes_robustus","0","2","0","0",NA,NA,NA,"0",NA,NA,NA,"0",NA,NA,NA,"0","0","0","0",NA
"Melidectes_belfordi","1","1","1","1","1",NA,NA,"0",NA,NA,NA,NA,NA,NA,NA,NA,"0","0","0",NA
"Melidectes_foersteri","0","1","0","0",NA,NA,NA,"0",NA,NA,NA,NA,NA,NA,NA,NA,"0","0","0",NA
"Melidectes_fuscus","0","1","0","0",NA,NA,NA,"0",NA,NA,NA,NA,NA,NA,NA,NA,"0","0","0",NA
"Melidectes_leucostephes","0","1","0","0",NA,NA,NA,"0",NA,NA,NA,NA,NA,NA,NA,NA,"0","0","0",NA
"Melidectes_nouhuysi","0","1","0","0",NA,NA,NA,"0",NA,NA,NA,NA,NA,NA,NA,NA,"0","0","0",NA
"Melidectes_ochromelas","0","1","0","0",NA,NA,NA,"0",NA,NA,NA,NA,NA,NA,NA,NA,"0","0","0",NA
"Melidectes_princeps","0","1","0","0",NA,NA,NA,"0",NA,NA,NA,NA,NA,NA,NA,NA,"0","0","0",NA
"Melidectes_rufocrissalis","0","1","0","0",NA,NA,NA,"0",NA,NA,NA,NA,NA,NA,NA,NA,"0","0","0",NA
"Melidectes_sclateri","0","1","0","0",NA,NA,NA,"0",NA,NA,NA,NA,NA,NA,NA,NA,"0","0","0",NA
"Melidectes_torquatus","0","1","0","0",NA,NA,NA,"0",NA,NA,NA,NA,NA,NA,NA,NA,"0","0","0",NA
"Melidectes_whitemanensis","0","1","0","0",NA,NA,NA,"0",NA,NA,NA,NA,NA,NA,NA,NA,"0","0","0",NA
"Melidora_macrorrhina","0","2","0","0",NA,NA,NA,"0",NA,"0",NA,NA,NA,NA,NA,NA,"0","0","0",NA
"Melierax_canorus","1","0","4","0",NA,NA,NA,"1",NA,"1","1","1","NK",NA,"NK","1","0","2","0","NonKin"
"Melierax_gabar","0","1","0","0",NA,NA,NA,"0",NA,NA,NA,NA,NA,NA,NA,NA,"0","0","0",NA
"Melierax_metabates","0","3","0","0",NA,NA,NA,"0",NA,"0",NA,"0",NA,NA,NA,"1","0","0","0",NA
"Melierax_poliopterus","0","2","0","0",NA,NA,NA,"0",NA,"0",NA,NA,NA,NA,NA,NA,"0","0","0",NA
"Melignomon_eisentrauti","0","2","0","0",NA,NA,NA,"0",NA,NA,NA,"0",NA,NA,NA,"0","0","0","0",NA
"Melignomon_zenkeri","0","2","0","0",NA,NA,NA,"0",NA,NA,NA,"0",NA,NA,NA,"0","0","0","0",NA
"Melilestes_megarhynchus","0","2","0","0",NA,NA,NA,"0",NA,"0",NA,NA,NA,NA,NA,NA,"0","0","0",NA
"Meliphaga_albilineata","0","1","0","0",NA,NA,NA,"0",NA,NA,NA,NA,NA,NA,NA,NA,"0","0","0",NA
"Meliphaga_albonotata","0","2","0","0",NA,NA,NA,"0",NA,"0",NA,NA,NA,NA,NA,NA,"0","0","0",NA
"Meliphaga_analoga","0","1","0","0",NA,NA,NA,"0",NA,NA,NA,NA,NA,NA,NA,NA,"0","0","0",NA
"Meliphaga_aruensis","0","2","0","0",NA,NA,NA,"0",NA,"0",NA,NA,NA,NA,NA,NA,"0","0","0",NA
"Meliphaga_flavirictus","0","1","0","0",NA,NA,NA,"0",NA,NA,NA,NA,NA,NA,NA,NA,"0","0","0",NA
"Meliphaga_gracilis","0","1","0","0",NA,NA,NA,"0",NA,NA,NA,NA,NA,NA,NA,NA,"0","0","0",NA
"Meliphaga_lewinii","0","1","0","0",NA,NA,NA,"0",NA,NA,NA,NA,NA,NA,NA,NA,"0","0","0",NA
"Meliphaga_mimikae","0","1","0","0",NA,NA,NA,"0",NA,NA,NA,NA,NA,NA,NA,NA,"0","0","0",NA
"Meliphaga_montana","0","1","0","0",NA,NA,NA,"0",NA,NA,NA,NA,NA,NA,NA,NA,"0","0","0",NA
"Meliphaga_notata","0","1","0","0",NA,NA,NA,"0",NA,NA,NA,NA,NA,NA,NA,NA,"0","0","0",NA
"Meliphaga_orientalis","0","1","0","0",NA,NA,NA,"0",NA,NA,NA,NA,NA,NA,NA,NA,"0","0","0",NA
"Meliphaga_reticulata","0","1","0","0",NA,NA,NA,"0",NA,NA,NA,NA,NA,NA,NA,NA,"0","0","0",NA
"Meliphaga_vicina","0","1","0","0",NA,NA,NA,"0",NA,NA,NA,NA,NA,NA,NA,NA,"0","0","0",NA
"Melipotes_ater","0","1","0","0",NA,NA,NA,"0",NA,NA,NA,NA,NA,NA,NA,NA,"0","0","0",NA
"Melipotes_fumigatus","0","1","0","0",NA,NA,NA,"0",NA,NA,NA,NA,NA,NA,NA,NA,"0","0","0",NA
"Melipotes_gymnops","0","1","0","0",NA,NA,NA,"0",NA,NA,NA,NA,NA,NA,NA,NA,"0","0","0",NA
"Melithreptus_affinis","1","0","3","0",NA,NA,NA,"1",NA,"1",NA,"1",NA,NA,"K","1","1","0","0","Kin"
"Melithreptus_albogularis","1","0","4","0","1",NA,NA,"1",NA,"1",NA,"1",NA,NA,"K","1","1","0","0","Kin"
"Melithreptus_brevirostris","1","0","4","0","1",NA,NA,"1",NA,"1",NA,"1",NA,NA,"K","1","1","0","0","Kin"
"Melithreptus_gularis","1","0","3","0",NA,NA,NA,"1",NA,"1",NA,"1",NA,NA,"K","1","1","0","0","Kin"
"Melithreptus_lunatus","1","0","4","0","1",NA,NA,"1",NA,"1",NA,"1",NA,NA,"K","1","1","0","0","Kin"
"Melithreptus_validirostris","1","0","3","0",NA,NA,NA,"1",NA,"1",NA,"1",NA,NA,"K","1","1","0","0","Kin"
"Melitograis_gilolensis","0","1","0","0",NA,NA,NA,"0",NA,NA,NA,NA,NA,NA,NA,NA,"0","0","0",NA
"Mellisuga_helenae","0","3","0","0",NA,NA,NA,"0",NA,"0",NA,"0",NA,NA,NA,"0","0","0","0",NA
"Mellisuga_minima","0","3","0","0",NA,NA,NA,"0",NA,"0",NA,"0",NA,NA,NA,"0","0","0","0",NA
"Melocichla_mentalis","0","3","0","0",NA,NA,NA,"0",NA,"0",NA,"0",NA,NA,NA,"0","0","0","0",NA
"Melophus_lathami","0","2","0","0",NA,NA,NA,"0",NA,"0",NA,NA,NA,NA,NA,NA,"0","0","0",NA
"Melopsittacus_undulatus","0","2","0","0",NA,NA,NA,"0",NA,"0",NA,NA,NA,NA,NA,NA,"0","0","0",NA
"Melopyrrha_nigra","0","1","0","0",NA,NA,NA,"0",NA,NA,NA,NA,NA,NA,NA,NA,"0","0","0",NA
"Melospiza_georgiana","0","5","0","0",NA,"0","0","0",NA,"0",NA,"0",NA,NA,NA,"0","0","0","0",NA
"Melospiza_lincolnii","0","3","0","0",NA,NA,NA,"0",NA,"0",NA,"0",NA,NA,NA,"0","0","0","0",NA
"Melospiza_melodia","0","5","0","0",NA,"0","0","0",NA,"0",NA,"0",NA,NA,NA,"0","0","0","0",NA
"Melozone_biarcuata","0","3","0","0",NA,NA,NA,"0",NA,"0",NA,"0",NA,NA,NA,"0","0","0","0",NA
"Melozone_cabanisi","0","1","0","0",NA,NA,NA,"0",NA,NA,NA,NA,NA,NA,NA,NA,"0","0","0",NA
"Melozone_kieneri","0","3","0","0",NA,NA,NA,"0",NA,"0",NA,"0",NA,NA,NA,"0","0","0","0",NA
"Melozone_leucotis","0","3","0","0",NA,NA,NA,"0",NA,"0",NA,"0",NA,NA,NA,"1","0","0","0",NA
"Menura_alberti","0","3","0","0",NA,NA,NA,"0",NA,"0",NA,"0",NA,NA,NA,"1","0","0","0",NA
"Menura_novaehollandiae","0","3","0","0",NA,NA,NA,"0",NA,"0",NA,"0",NA,NA,NA,"1","0","0","0",NA
"Merganetta_armata","0","2","0","0",NA,NA,NA,"0",NA,"0",NA,NA,NA,NA,NA,NA,"0","0","0",NA
"Mergellus_albellus","0","2","0","0",NA,NA,NA,"0",NA,"0",NA,NA,NA,NA,NA,NA,"0","0","0",NA
"Mergus_merganser","0","3","0","0",NA,NA,NA,"0",NA,"0",NA,"0",NA,NA,NA,"0","0","0","0",NA
"Mergus_octosetaceus","0","3","0","0",NA,NA,NA,"0",NA,"0",NA,"0",NA,NA,NA,"1","0","0","0",NA
"Mergus_serrator","0","3","0","0",NA,NA,NA,"0",NA,"0",NA,"0",NA,NA,NA,"0","0","0","0",NA
"Mergus_squamatus","0","2","0","0",NA,NA,NA,"0",NA,"0",NA,NA,NA,NA,NA,NA,"0","0","0",NA
"Meropogon_forsteni","1","0","1","0",NA,NA,NA,"1",NA,NA,NA,NA,NA,NA,NA,NA,"0","0","0",NA
"Merops_albicollis","1","0","3","0",NA,NA,NA,"1",NA,"1",NA,"1",NA,NA,"K","1","1","0","0","Kin"
"Merops_apiaster","1","0","5","0","1",NA,NA,"1",NA,"1","1","1","K",NA,"K","1","2","0","0","Kin"
"Merops_boehmi","0","2","0","0",NA,NA,NA,"0",NA,"0",NA,NA,NA,NA,NA,NA,"0","0","0",NA
"Merops_breweri","1","0","3","0",NA,NA,NA,"1",NA,"1",NA,"1",NA,NA,"K","1","1","0","0","Kin"
"Merops_bullockoides","1","0","5","0",NA,NA,"1","1",NA,"1","1","1","K","K","K","1","3","0","0","Kin"
"Merops_bulocki","1","0","4","0",NA,NA,NA,"1",NA,"1","1","1","K",NA,"K","1","2","0","0","Kin"
"Merops_gularis","1","0","1","0",NA,NA,NA,"1",NA,NA,NA,NA,NA,NA,NA,NA,"0","0","0",NA
"Merops_hirundineus","1","0","3","0",NA,NA,NA,"1",NA,"1",NA,"1",NA,NA,"K","1","1","0","0","Kin"
"Merops_leschenaulti","1","0","3","0",NA,NA,NA,"1",NA,"1",NA,"1",NA,NA,"K","1","1","0","0","Kin"
"Merops_malimbicus","1","1","1","1",NA,NA,NA,"1",NA,"0",NA,NA,NA,NA,NA,NA,"0","0","0",NA
"Merops_muelleri","1","0","3","0",NA,NA,NA,"1",NA,"1",NA,"1",NA,NA,"K","1","1","0","0","Kin"
"Merops_nubicoides",NA,"0","0","0",NA,NA,NA,NA,NA,NA,NA,NA,NA,NA,NA,NA,"0","0","0",NA
"Merops_nubicus","1","1","1","1",NA,NA,NA,"1",NA,"0",NA,NA,NA,NA,NA,NA,"0","0","0",NA
"Merops_oreobates","1","0","3","0",NA,NA,NA,"1",NA,"1",NA,"1",NA,NA,"K","1","1","0","0","Kin"
"Merops_orientalis","1","0","4","0",NA,NA,NA,"1",NA,"1","1","1","K",NA,"K","1","2","0","0","Kin"
"Merops_ornatus","1","0","5","0","1",NA,NA,"1",NA,"1","1","1","K",NA,"K","1","2","0","0","Kin"
"Merops_persicus","1","1","1","1",NA,NA,NA,"1",NA,"0",NA,NA,NA,NA,NA,NA,"0","0","0",NA
"Merops_philippinus","1","0","3","0",NA,NA,NA,"1",NA,"1",NA,"1",NA,NA,"K","1","1","0","0","Kin"
"Merops_pusillus","1","0","3","0",NA,NA,NA,"1",NA,"1",NA,"1",NA,NA,"K","1","1","0","0","Kin"
"Merops_revoilii","0","2","0","0",NA,NA,NA,"0",NA,"0",NA,NA,NA,NA,NA,NA,"0","0","0",NA
"Merops_superciliosus","1","0","3","0",NA,NA,NA,"1",NA,"1",NA,"1",NA,NA,"K","1","1","0","0","Kin"
"Merops_variegatus","0","2","0","0",NA,NA,NA,"0",NA,"0",NA,NA,NA,NA,NA,NA,"0","0","0",NA
"Merops_viridis","1","1","1","1",NA,NA,NA,"1",NA,"0",NA,NA,NA,NA,NA,NA,"0","0","0",NA
"Merulaxis_ater","0","1","0","0",NA,NA,NA,"0",NA,NA,NA,NA,NA,NA,NA,NA,"0","0","0",NA
"Merulaxis_stresemanni","0","1","0","0",NA,NA,NA,"0",NA,NA,NA,NA,NA,NA,NA,NA,"0","0","0",NA
"Mesembrinibis_cayennensis","0","2","0","0",NA,NA,NA,"0",NA,"0",NA,NA,NA,NA,NA,NA,"0","0","0",NA
"Mesitornis_unicolor","0","3","0","0",NA,NA,NA,"0",NA,"0",NA,"0",NA,NA,NA,"0","0","0","0",NA
"Mesitornis_variegatus","1","1","1","1",NA,NA,NA,"1",NA,NA,NA,"0",NA,NA,NA,"1","0","0","0",NA
"Mesopicos_griseocephalus","1","0","2","0",NA,NA,NA,"1",NA,"1",NA,NA,NA,NA,NA,NA,"0","0","0",NA
"Metabolus_rugensis",NA,"0","0","0",NA,NA,NA,NA,NA,NA,NA,NA,NA,NA,NA,NA,"0","0","0",NA
"Metallura_aeneocauda","0","2","0","0",NA,NA,NA,"0",NA,NA,NA,"0",NA,NA,NA,"0","0","0","0",NA
"Metallura_baroni","0","2","0","0",NA,NA,NA,"0",NA,"0",NA,NA,NA,NA,NA,NA,"0","0","0",NA
"Metallura_eupogon","0","3","0","0",NA,NA,NA,"0",NA,"0",NA,"0",NA,NA,NA,"0","0","0","0",NA
"Metallura_iracunda","0","1","0","0",NA,NA,NA,"0",NA,NA,NA,NA,NA,NA,NA,NA,"0","0","0",NA
"Metallura_odomae","0","2","0","0",NA,NA,NA,"0",NA,"0",NA,NA,NA,NA,NA,NA,"0","0","0",NA
"Metallura_phoebe","0","2","0","0",NA,NA,NA,"0",NA,"0",NA,NA,NA,NA,NA,NA,"0","0","0",NA
"Metallura_theresiae","0","3","0","0",NA,NA,NA,"0",NA,"0",NA,"0",NA,NA,NA,"0","0","0","0",NA
"Metallura_tyrianthina","0","3","0","0",NA,NA,NA,"0",NA,"0",NA,"0",NA,NA,NA,"0","0","0","0",NA
"Metallura_williami","0","3","0","0",NA,NA,NA,"0",NA,"0",NA,"0",NA,NA,NA,"0","0","0","0",NA
"Metopidius_indicus","0","2","0","0",NA,NA,NA,"0",NA,"0",NA,NA,NA,NA,NA,NA,"0","0","0",NA
"Metopothrix_aurantiaca","0","1","0","0",NA,NA,NA,"0",NA,NA,NA,NA,NA,NA,NA,NA,"0","0","0",NA
"Metriopelia_aymara","0","2","0","0",NA,NA,NA,"0",NA,"0",NA,NA,NA,NA,NA,NA,"0","0","0",NA
"Metriopelia_ceciliae","0","2","0","0",NA,NA,NA,"0",NA,"0",NA,NA,NA,NA,NA,NA,"0","0","0",NA
"Metriopelia_melanoptera","0","2","0","0",NA,NA,NA,"0",NA,"0",NA,NA,NA,NA,NA,NA,"0","0","0",NA
"Metriopelia_morenoi","0","1","0","0",NA,NA,NA,"0",NA,NA,NA,NA,NA,NA,NA,NA,"0","0","0",NA
"Micrastur_buckleyi","0","1","0","0",NA,NA,NA,"0",NA,NA,NA,NA,NA,NA,NA,NA,"0","0","0",NA
"Micrastur_gilvicollis","0","1","0","0",NA,NA,NA,"0",NA,NA,NA,NA,NA,NA,NA,NA,"0","0","0",NA
"Micrastur_mirandollei","0","1","0","0",NA,NA,NA,"0",NA,NA,NA,NA,NA,NA,NA,NA,"0","0","0",NA
"Micrastur_plumbeus","0","1","0","0",NA,NA,NA,"0",NA,NA,NA,NA,NA,NA,NA,NA,"0","0","0",NA
"Micrastur_ruficollis","0","2","0","0",NA,NA,NA,"0",NA,"0",NA,NA,NA,NA,NA,NA,"0","0","0",NA
"Micrastur_semitorquatus","0","1","0","0",NA,NA,NA,"0",NA,NA,NA,NA,NA,NA,NA,NA,"0","0","0",NA
"Micrathene_whitneyi","0","2","0","0",NA,NA,NA,"0",NA,"0",NA,NA,NA,NA,NA,NA,"0","0","0",NA
"Microbates_cinereiventris","0","2","0","0",NA,NA,NA,"0",NA,"0",NA,NA,NA,NA,NA,NA,"0","0","0",NA
"Microbates_collaris","0","1","0","0",NA,NA,NA,"0",NA,NA,NA,NA,NA,NA,NA,NA,"0","0","0",NA
"Microcerculus_bambla","0","2","0","0",NA,NA,NA,"0",NA,"0",NA,NA,NA,NA,NA,NA,"0","0","0",NA
"Microcerculus_marginatus","0","2","0","0",NA,NA,NA,"0",NA,"0",NA,NA,NA,NA,NA,NA,"0","0","0",NA
"Microcerculus_philomela","0","1","0","0",NA,NA,NA,"0",NA,NA,NA,NA,NA,NA,NA,NA,"0","0","0",NA
"Microcerculus_ustulatus","0","1","0","0",NA,NA,NA,"0",NA,NA,NA,NA,NA,NA,NA,NA,"0","0","0",NA
"Microchera_albocoronata","0","3","0","0",NA,NA,NA,"0",NA,"0",NA,"0",NA,NA,NA,"0","0","0","0",NA
"Microdynamis_parva","0","2","0","0",NA,NA,NA,"0",NA,NA,NA,"0",NA,NA,NA,"0","0","0","0",NA
"Microeca_fascinans","1","0","3","0",NA,NA,NA,"1",NA,"1",NA,"1",NA,NA,"K","1","1","0","0","Kin"
"Microeca_flavigaster","1","1","2","1",NA,NA,NA,"1",NA,"0",NA,"1",NA,NA,"K","1","1","0","0","Kin"
"Microeca_flavovirescens","0","2","0","0",NA,NA,NA,"0",NA,"0",NA,NA,NA,NA,NA,NA,"0","0","0",NA
"Microeca_griseoceps","0","1","0","0",NA,NA,NA,"0",NA,NA,NA,NA,NA,NA,NA,NA,"0","0","0",NA
"Microeca_hemixantha","0","1","0","0",NA,NA,NA,"0",NA,NA,NA,NA,NA,NA,NA,NA,"0","0","0",NA
"Microeca_papuana","1","1","1","1","1",NA,NA,"0",NA,NA,NA,NA,NA,NA,NA,NA,"0","0","0",NA
"Microhierax_caerulescens","1","0","2","0",NA,NA,NA,"1",NA,"1",NA,NA,NA,NA,NA,NA,"0","0","0",NA
"Microhierax_erythrogenys","1","0","1","0",NA,NA,NA,"1",NA,NA,NA,NA,NA,NA,NA,NA,"0","0","0",NA
"Microhierax_fringillarius","1","1","1","1",NA,NA,NA,"1",NA,"0",NA,NA,NA,NA,NA,NA,"0","0","0",NA
"Microhierax_latifrons","1","0","1","0",NA,NA,NA,"1",NA,NA,NA,NA,NA,NA,NA,NA,"0","0","0",NA
"Microhierax_melanoleucos","1","0","1","0",NA,NA,NA,"1",NA,NA,NA,NA,NA,NA,NA,NA,"0","0","0",NA
"Microligea_palustris","0","1","0","0",NA,NA,NA,"0",NA,NA,NA,NA,NA,NA,NA,NA,"0","0","0",NA
"Micromacronus_leytensis","1","0","1","0",NA,NA,NA,"1",NA,NA,NA,NA,NA,NA,NA,NA,"0","0","0",NA
"Micromonacha_lanceolata","0","1","0","0",NA,NA,NA,"0",NA,NA,NA,NA,NA,NA,NA,NA,"0","0","0",NA
"Microparra_capensis","0","3","0","0",NA,NA,NA,"0",NA,"0",NA,"0",NA,NA,NA,"0","0","0","0",NA
"Micropsitta_bruijnii","1","1","1","1",NA,NA,NA,"1",NA,"0",NA,NA,NA,NA,NA,NA,"0","0","0",NA
"Micropsitta_finschii","1","0","1","0",NA,NA,NA,"1",NA,NA,NA,NA,NA,NA,NA,NA,"0","0","0",NA
"Micropsitta_geelvinkiana","1","0","1","0",NA,NA,NA,"1",NA,NA,NA,NA,NA,NA,NA,NA,"0","0","0",NA
"Micropsitta_keiensis","1","1","1","1",NA,NA,NA,"1",NA,"0",NA,NA,NA,NA,NA,NA,"0","0","0",NA
"Micropsitta_meeki","1","0","1","0",NA,NA,NA,"1",NA,NA,NA,NA,NA,NA,NA,NA,"0","0","0",NA
"Micropsitta_pusio","1","0","1","0",NA,NA,NA,"1",NA,NA,NA,NA,NA,NA,NA,NA,"0","0","0",NA
"Micropygia_schomburgkii","0","1","0","0",NA,NA,NA,"0",NA,NA,NA,NA,NA,NA,NA,NA,"0","0","0",NA
"Microrhopias_quixensis","0","3","0","0",NA,NA,NA,"0",NA,"0",NA,"0",NA,NA,NA,"1","0","0","0",NA
"Microstilbon_burmeisteri","0","2","0","0",NA,NA,NA,"0",NA,NA,NA,"0",NA,NA,NA,"0","0","0","0",NA
"Miliaria_calandra","1","3","2","1",NA,"0","0","1",NA,"1",NA,"0",NA,NA,NA,"0","0","0","0",NA
"Milvago_chimachima","0","1","0","0",NA,NA,NA,"0",NA,NA,NA,NA,NA,NA,NA,NA,"0","0","0",NA
"Milvago_chimango","0","2","0","0",NA,NA,NA,"0",NA,"0",NA,NA,NA,NA,NA,NA,"0","0","0",NA
"Milvus_migrans","0","3","0","0",NA,NA,NA,"0",NA,"0",NA,"0",NA,NA,NA,"0","0","0","0",NA
"Milvus_milvus","0","1","0","0",NA,NA,NA,"0",NA,NA,NA,NA,NA,NA,NA,NA,"0","0","0",NA
"Mimizuku_gurneyi","0","1","0","0",NA,NA,NA,"0",NA,NA,NA,NA,NA,NA,NA,NA,"0","0","0",NA
"Mimus_dorsalis","0","1","0","0",NA,NA,NA,"0",NA,NA,NA,NA,NA,NA,NA,NA,"0","0","0",NA
"Mimus_gilvus","1","0","4","0",NA,NA,NA,"1",NA,"1","1","1","M",NA,"K","1","1","0","1","Kin"
"Mimus_graysoni","0","1","0","0",NA,NA,NA,NA,NA,"0",NA,NA,NA,NA,NA,NA,"0","0","0",NA
"Mimus_gundlachii","0","1","0","0",NA,NA,NA,"0",NA,NA,NA,NA,NA,NA,NA,NA,"0","0","0",NA
"Mimus_longicaudatus","0","1","0","0",NA,NA,NA,"0",NA,NA,NA,NA,NA,NA,NA,NA,"0","0","0",NA
"Mimus_macdonaldi","1","0","2","0",NA,NA,"1",NA,NA,"1",NA,NA,NA,"K",NA,NA,"1","0","0","Kin"
"Mimus_melanotis","0","1","0","0",NA,NA,NA,NA,NA,"0",NA,NA,NA,NA,NA,NA,"0","0","0",NA
"Mimus_parvulus","1","0","3","0",NA,NA,NA,"1",NA,"1",NA,"1",NA,NA,"K","1","1","0","0","Kin"
"Mimus_patagonicus","0","3","0","0",NA,NA,NA,"0",NA,"0",NA,"0",NA,NA,NA,"1","0","0","0",NA
"Mimus_polyglottos","0","4","0","0",NA,NA,"0","0",NA,"0",NA,"0",NA,NA,NA,"0","0","0","0",NA
"Mimus_saturninus","1","1","2","1",NA,NA,NA,"1",NA,"0",NA,"1",NA,NA,"K","1","1","0","0","Kin"
"Mimus_thenca","0","2","0","0",NA,NA,NA,"0",NA,"0",NA,NA,NA,NA,NA,NA,"0","0","0",NA
"Mimus_trifasciatus","1","0","1","0",NA,NA,NA,NA,NA,"1",NA,NA,NA,NA,NA,NA,"0","0","0",NA
"Mimus_triurus","0","1","0","0",NA,NA,NA,"0",NA,NA,NA,NA,NA,NA,NA,NA,"0","0","0",NA
"Minla_cyanouroptera","0","1","0","0",NA,NA,NA,"0",NA,NA,NA,NA,NA,NA,NA,NA,"0","0","0",NA
"Minla_ignotincta","0","1","0","0",NA,NA,NA,"0",NA,NA,NA,NA,NA,NA,NA,NA,"0","0","0",NA
"Minla_strigula","0","1","0","0",NA,NA,NA,"0",NA,NA,NA,NA,NA,NA,NA,NA,"0","0","0",NA
"Mino_anais","0","1","0","0",NA,NA,NA,"0",NA,NA,NA,NA,NA,NA,NA,NA,"0","0","0",NA
"Mino_dumontii","1","0","4","0","1",NA,NA,"1",NA,"1",NA,"1",NA,NA,"K","1","1","0","0","Kin"
"Mionectes_macconnelli","0","2","0","0",NA,NA,NA,"0",NA,"0",NA,NA,NA,NA,NA,NA,"0","0","0",NA
"Mionectes_oleagineus","0","2","0","0",NA,NA,NA,"0",NA,"0",NA,NA,NA,NA,NA,NA,"0","0","0",NA
"Mionectes_olivaceus","0","2","0","0",NA,NA,NA,"0",NA,"0",NA,NA,NA,NA,NA,NA,"0","0","0",NA
"Mionectes_rufiventris","0","2","0","0",NA,NA,NA,"0",NA,"0",NA,NA,NA,NA,NA,NA,"0","0","0",NA
"Mionectes_striaticollis","0","2","0","0",NA,NA,NA,"0",NA,"0",NA,NA,NA,NA,NA,NA,"0","0","0",NA
"Mirafra_africana","0","3","0","0",NA,NA,NA,"0",NA,"0",NA,"0",NA,NA,NA,"0","0","0","0",NA
"Mirafra_africanoides","0","2","0","0",NA,NA,NA,"0",NA,"0",NA,NA,NA,NA,NA,NA,"0","0","0",NA
"Mirafra_albicauda","0","2","0","0",NA,NA,NA,"0",NA,"0",NA,NA,NA,NA,NA,NA,"0","0","0",NA
"Mirafra_alopex",NA,"0","0","0",NA,NA,NA,NA,NA,NA,NA,NA,NA,NA,NA,NA,"0","0","0",NA
"Mirafra_angolensis","0","2","0","0",NA,NA,NA,"0",NA,"0",NA,NA,NA,NA,NA,NA,"0","0","0",NA
"Mirafra_apiata","0","3","0","0",NA,NA,NA,"0",NA,"0",NA,"0",NA,NA,NA,"0","0","0","0",NA
"Mirafra_ashi","0","1","0","0",NA,NA,NA,"0",NA,NA,NA,NA,NA,NA,NA,NA,"0","0","0",NA
"Mirafra_assamica","0","2","0","0",NA,NA,NA,"0",NA,"0",NA,NA,NA,NA,NA,NA,"0","0","0",NA
"Mirafra_cantillans","0","2","0","0",NA,NA,NA,"0",NA,"0",NA,NA,NA,NA,NA,NA,"0","0","0",NA
"Mirafra_cheniana","0","2","0","0",NA,NA,NA,"0",NA,"0",NA,NA,NA,NA,NA,NA,"0","0","0",NA
"Mirafra_collaris","0","1","0","0",NA,NA,NA,"0",NA,NA,NA,NA,NA,NA,NA,NA,"0","0","0",NA
"Mirafra_cordofanica","0","1","0","0",NA,NA,NA,"0",NA,NA,NA,NA,NA,NA,NA,NA,"0","0","0",NA
"Mirafra_erythroptera","0","2","0","0",NA,NA,NA,"0",NA,"0",NA,NA,NA,NA,NA,NA,"0","0","0",NA
"Mirafra_gilletti","0","2","0","0",NA,NA,NA,"0",NA,"0",NA,NA,NA,NA,NA,NA,"0","0","0",NA
"Mirafra_hova","0","2","0","0",NA,NA,NA,"0",NA,"0",NA,NA,NA,NA,NA,NA,"0","0","0",NA
"Mirafra_hypermetra","0","2","0","0",NA,NA,NA,"0",NA,"0",NA,NA,NA,NA,NA,NA,"0","0","0",NA
"Mirafra_javanica","0","2","0","0",NA,NA,NA,"0",NA,"0",NA,NA,NA,NA,NA,NA,"0","0","0",NA
"Mirafra_passerina","0","3","0","0",NA,NA,NA,"0",NA,"0",NA,"0",NA,NA,NA,"0","0","0","0",NA
"Mirafra_poecilosterna","0","2","0","0",NA,NA,NA,"0",NA,"0",NA,NA,NA,NA,NA,NA,"0","0","0",NA
"Mirafra_pulpa","0","1","0","0",NA,NA,NA,"0",NA,NA,NA,NA,NA,NA,NA,NA,"0","0","0",NA
"Mirafra_rufa","0","1","0","0",NA,NA,NA,"0",NA,NA,NA,NA,NA,NA,NA,NA,"0","0","0",NA
"Mirafra_rufocinnamomea","0","3","0","0",NA,NA,NA,"0",NA,"0",NA,"0",NA,NA,NA,"0","0","0","0",NA
"Mirafra_sabota","0","2","0","0",NA,NA,NA,"0",NA,"0",NA,NA,NA,NA,NA,NA,"0","0","0",NA
"Mirafra_somalica","0","1","0","0",NA,NA,NA,"0",NA,NA,NA,NA,NA,NA,NA,NA,"0","0","0",NA
"Mirafra_williamsi","0","1","0","0",NA,NA,NA,"0",NA,NA,NA,NA,NA,NA,NA,NA,"0","0","0",NA
"Mitrephanes_olivaceus","0","1","0","0",NA,NA,NA,"0",NA,NA,NA,NA,NA,NA,NA,NA,"0","0","0",NA
"Mitrephanes_phaeocercus","0","2","0","0",NA,NA,NA,"0",NA,"0",NA,NA,NA,NA,NA,NA,"0","0","0",NA
"Mitrospingus_cassinii","1","0","3","0",NA,NA,NA,"1",NA,"1",NA,"1",NA,NA,"K","1","1","0","0","Kin"
"Mitrospingus_oleagineus","1","0","1","0",NA,NA,NA,"1",NA,NA,NA,NA,NA,NA,NA,NA,"0","0","0",NA
"Mitu_mitu","0","1","0","0",NA,NA,NA,"0",NA,NA,NA,NA,NA,NA,NA,NA,"0","0","0",NA
"Mitu_salvini","0","3","0","0",NA,NA,NA,"0",NA,"0",NA,"0",NA,NA,NA,"1","0","0","0",NA
"Mitu_tomentosum","0","1","0","0",NA,NA,NA,"0",NA,NA,NA,NA,NA,NA,NA,NA,"0","0","0",NA
"Mitu_tuberosum","0","1","0","0",NA,NA,NA,"0",NA,NA,NA,NA,NA,NA,NA,NA,"0","0","0",NA
"Mniotilta_varia","0","3","0","0",NA,NA,NA,"0",NA,"0",NA,"0",NA,NA,NA,"0","0","0","0",NA
"Modulatrix_stictigula","1","0","1","0",NA,NA,NA,"1",NA,NA,NA,NA,NA,NA,NA,NA,"0","0","0",NA
"Mohoua_albicilla","1","0","4","0",NA,NA,NA,"1",NA,"1","1","1","K",NA,"K","1","2","0","0","Kin"
"Mohoua_novaeseelandiae","1","0","3","0",NA,NA,NA,"1",NA,"1",NA,"1",NA,NA,"K","1","1","0","0","Kin"
"Mohoua_ochrocephala","1","0","3","0",NA,NA,NA,"1",NA,"1",NA,"1",NA,NA,"K","1","1","0","0","Kin"
"Molothrus_aeneus","0","2","0","0",NA,NA,NA,"0",NA,NA,NA,"0",NA,NA,NA,"0","0","0","0",NA
"Molothrus_armenti","0","1","0","0",NA,NA,NA,"0",NA,NA,NA,NA,NA,NA,NA,NA,"0","0","0",NA
"Molothrus_ater","0","3","0","0",NA,NA,"0","0",NA,NA,NA,"0",NA,NA,NA,"1","0","0","0",NA
"Molothrus_bonariensis","0","2","0","0",NA,NA,NA,"0",NA,NA,NA,"0",NA,NA,NA,"0","0","0","0",NA
"Molothrus_oryzivorus","0","2","0","0",NA,NA,NA,"0",NA,NA,NA,"0",NA,NA,NA,"0","0","0","0",NA
"Molothrus_rufoaxillaris","0","2","0","0",NA,NA,NA,"0",NA,NA,NA,"0",NA,NA,NA,"0","0","0","0",NA
"Momotus_aequatorialis","0","1","0","0",NA,NA,NA,"0",NA,NA,NA,NA,NA,NA,NA,NA,"0","0","0",NA
"Momotus_mexicanus","0","1","0","0",NA,NA,NA,"0",NA,NA,NA,NA,NA,NA,NA,NA,"0","0","0",NA
"Momotus_momota","0","2","0","0",NA,NA,NA,"0",NA,"0",NA,NA,NA,NA,NA,NA,"0","0","0",NA
"Monachella_muelleriana","1","0","1","0",NA,NA,NA,"1",NA,NA,NA,NA,NA,NA,NA,NA,"0","0","0",NA
"Monarcha_axillaris","0","1","0","0",NA,NA,NA,"0",NA,NA,NA,NA,NA,NA,NA,NA,"0","0","0",NA
"Monarcha_barbatus","0","1","0","0",NA,NA,NA,"0",NA,NA,NA,NA,NA,NA,NA,NA,"0","0","0",NA
"Monarcha_boanensis",NA,"0","0","0",NA,NA,NA,NA,NA,NA,NA,NA,NA,NA,NA,NA,"0","0","0",NA
"Monarcha_brehmii","0","1","0","0",NA,NA,NA,"0",NA,NA,NA,NA,NA,NA,NA,NA,"0","0","0",NA
"Monarcha_browni","0","1","0","0",NA,NA,NA,"0",NA,NA,NA,NA,NA,NA,NA,NA,"0","0","0",NA
"Monarcha_castaneiventris","0","1","0","0",NA,NA,NA,"0",NA,NA,NA,NA,NA,NA,NA,NA,"0","0","0",NA
"Monarcha_castus","0","1","0","0",NA,NA,NA,"0",NA,NA,NA,NA,NA,NA,NA,NA,"0","0","0",NA
"Monarcha_chrysomela","0","2","0","0",NA,NA,NA,"0",NA,"0",NA,NA,NA,NA,NA,NA,"0","0","0",NA
"Monarcha_cinerascens","0","2","0","0",NA,NA,NA,"0",NA,NA,NA,"0",NA,NA,NA,"1","0","0","0",NA
"Monarcha_erythrostictus","0","1","0","0",NA,NA,NA,"0",NA,NA,NA,NA,NA,NA,NA,NA,"0","0","0",NA
"Monarcha_everetti","0","1","0","0",NA,NA,NA,"0",NA,NA,NA,NA,NA,NA,NA,NA,"0","0","0",NA
"Monarcha_frater","0","2","0","0",NA,NA,NA,"0",NA,"0",NA,NA,NA,NA,NA,NA,"0","0","0",NA
"Monarcha_godeffroyi",NA,"0","0","0",NA,NA,NA,NA,NA,NA,NA,NA,NA,NA,NA,NA,"0","0","0",NA
"Monarcha_guttula","0","2","0","0",NA,NA,NA,"0",NA,"0",NA,NA,NA,NA,NA,NA,"0","0","0",NA
"Monarcha_infelix","0","1","0","0",NA,NA,NA,"0",NA,NA,NA,NA,NA,NA,NA,NA,"0","0","0",NA
"Monarcha_julianae","0","1","0","0",NA,NA,NA,"0",NA,NA,NA,NA,NA,NA,NA,NA,"0","0","0",NA
"Monarcha_leucotis","0","3","0","0",NA,NA,NA,"0",NA,"0",NA,"0",NA,NA,NA,"1","0","0","0",NA
"Monarcha_leucurus","0","1","0","0",NA,NA,NA,"0",NA,NA,NA,NA,NA,NA,NA,NA,"0","0","0",NA
"Monarcha_loricatus","0","1","0","0",NA,NA,NA,"0",NA,NA,NA,NA,NA,NA,NA,NA,"0","0","0",NA
"Monarcha_manadensis","0","1","0","0",NA,NA,NA,"0",NA,NA,NA,NA,NA,NA,NA,NA,"0","0","0",NA
"Monarcha_melanopsis","0","2","0","0",NA,NA,NA,"0",NA,"0",NA,NA,NA,NA,NA,NA,"0","0","0",NA
"Monarcha_menckei","0","1","0","0",NA,NA,NA,"0",NA,NA,NA,NA,NA,NA,NA,NA,"0","0","0",NA
"Monarcha_mundus","0","1","0","0",NA,NA,NA,"0",NA,NA,NA,NA,NA,NA,NA,NA,"0","0","0",NA
"Monarcha_pileatus","0","1","0","0",NA,NA,NA,"0",NA,NA,NA,NA,NA,NA,NA,NA,"0","0","0",NA
"Monarcha_richardsii","0","1","0","0",NA,NA,NA,"0",NA,NA,NA,NA,NA,NA,NA,NA,"0","0","0",NA
"Monarcha_rubiensis","0","1","0","0",NA,NA,NA,"0",NA,NA,NA,NA,NA,NA,NA,NA,"0","0","0",NA
"Monarcha_sacerdotum","0","1","0","0",NA,NA,NA,"0",NA,NA,NA,NA,NA,NA,NA,NA,"0","0","0",NA
"Monarcha_takatsukasae","0","1","0","0",NA,NA,NA,"0",NA,NA,NA,NA,NA,NA,NA,NA,"0","0","0",NA
"Monarcha_trivirgatus","0","2","0","0",NA,NA,NA,"0",NA,"0",NA,NA,NA,NA,NA,NA,"0","0","0",NA
"Monarcha_verticalis","0","1","0","0",NA,NA,NA,"0",NA,NA,NA,NA,NA,NA,NA,NA,"0","0","0",NA
"Monarcha_viduus","0","1","0","0",NA,NA,NA,"0",NA,NA,NA,NA,NA,NA,NA,NA,"0","0","0",NA
"Monasa_atra","1","1","1","1",NA,NA,NA,"1",NA,"0",NA,NA,NA,NA,NA,NA,"0","0","0",NA
"Monasa_flavirostris","1","1","1","1",NA,NA,NA,"1",NA,NA,NA,"0",NA,NA,NA,"1","0","0","0",NA
"Monasa_morphoeus","1","0","3","0",NA,NA,NA,"1",NA,"1",NA,"1",NA,NA,"K","1","1","0","0","Kin"
"Monasa_nigrifrons","1","1","1","1",NA,NA,NA,"1",NA,NA,NA,"0",NA,NA,NA,"1","0","0","0",NA
"Monias_benschi","1","0","5","0",NA,"1",NA,"1",NA,"1","1","1","M",NA,"K","1","1","0","1","Kin"
"Monticola_angolensis","0","3","0","0",NA,NA,NA,"0",NA,"0",NA,"0",NA,NA,NA,"1","0","0","0",NA
"Monticola_brevipes","0","3","0","0",NA,NA,NA,"0",NA,"0",NA,"0",NA,NA,NA,"0","0","0","0",NA
"Monticola_cinclorhynchus","0","2","0","0",NA,NA,NA,"0",NA,"0",NA,NA,NA,NA,NA,NA,"0","0","0",NA
"Monticola_explorator","0","2","0","0",NA,NA,NA,"0",NA,"0",NA,NA,NA,NA,NA,NA,"0","0","0",NA
"Monticola_gularis","0","3","0","0",NA,NA,NA,"0",NA,"0",NA,"0",NA,NA,NA,"0","0","0","0",NA
"Monticola_imerinus","0","1","0","0",NA,NA,NA,"0",NA,NA,NA,NA,NA,NA,NA,NA,"0","0","0",NA
"Monticola_rufiventris","0","3","0","0",NA,NA,NA,"0",NA,"0",NA,"0",NA,NA,NA,"0","0","0","0",NA
"Monticola_rufocinereus","0","3","0","0",NA,NA,NA,"0",NA,"0",NA,"0",NA,NA,NA,"0","0","0","0",NA
"Monticola_rupestris","0","3","0","0",NA,NA,NA,"0",NA,"0",NA,"0",NA,NA,NA,"1","0","0","0",NA
"Monticola_saxatilis","0","2","0","0",NA,NA,NA,"0",NA,NA,NA,"0",NA,NA,NA,"0","0","0","0",NA
"Monticola_sharpei","0","2","0","0",NA,NA,NA,"0",NA,NA,NA,"0",NA,NA,NA,"0","0","0","0",NA
"Monticola_solitarius","0","2","0","0",NA,NA,NA,"0",NA,"0",NA,NA,NA,NA,NA,NA,"0","0","0",NA
"Montifringilla_adamsi","0","2","0","0",NA,NA,NA,"0",NA,"0",NA,NA,NA,NA,NA,NA,"0","0","0",NA
"Montifringilla_blanfordi","0","2","0","0",NA,NA,NA,"0",NA,"0",NA,NA,NA,NA,NA,NA,"0","0","0",NA
"Montifringilla_davidiana","0","1","0","0",NA,NA,NA,"0",NA,NA,NA,NA,NA,NA,NA,NA,"0","0","0",NA
"Montifringilla_nivalis","0","2","0","0",NA,NA,NA,"0",NA,"0",NA,NA,NA,NA,NA,NA,"0","0","0",NA
"Montifringilla_ruficollis","0","3","0","0",NA,NA,NA,"0",NA,"0",NA,"0",NA,NA,NA,"0","0","0","0",NA
"Montifringilla_taczanowskii","0","2","0","0",NA,NA,NA,"0",NA,NA,NA,"0",NA,NA,NA,"0","0","0","0",NA
"Montifringilla_theresae","0","2","0","0",NA,NA,NA,"0",NA,NA,NA,"0",NA,NA,NA,"0","0","0","0",NA
"Morococcyx_erythropygus","0","3","0","0",NA,NA,NA,"0",NA,"0",NA,"0",NA,NA,NA,"0","0","0","0",NA
"Morphnus_guianensis","0","3","0","0",NA,NA,NA,"0",NA,"0",NA,"0",NA,NA,NA,"1","0","0","0",NA
"Morus_bassanus","0","1","0","0",NA,NA,NA,NA,NA,"0",NA,NA,NA,NA,NA,NA,"0","0","0",NA
"Morus_capensis","0","1","0","0",NA,NA,NA,NA,NA,"0",NA,NA,NA,NA,NA,NA,"0","0","0",NA
"Morus_serrator","0","1","0","0",NA,NA,NA,NA,NA,"0",NA,NA,NA,NA,NA,NA,"0","0","0",NA
"Motacilla_aguimp","0","3","0","0",NA,NA,NA,"0",NA,"0",NA,"0",NA,NA,NA,"0","0","0","0",NA
"Motacilla_alba","0","3","0","0",NA,NA,NA,"0",NA,"0",NA,"0",NA,NA,NA,"0","0","0","0",NA
"Motacilla_capensis","0","2","0","0",NA,NA,NA,"0",NA,NA,NA,"0",NA,NA,NA,"0","0","0","0",NA
"Motacilla_cinerea","0","2","0","0",NA,NA,NA,"0",NA,NA,NA,"0",NA,NA,NA,"0","0","0","0",NA
"Motacilla_citreola","0","2","0","0",NA,NA,NA,"0",NA,"0",NA,NA,NA,NA,NA,NA,"0","0","0",NA
"Motacilla_clara","0","3","0","0",NA,NA,NA,"0",NA,"0",NA,"0",NA,NA,NA,"0","0","0","0",NA
"Motacilla_flava","0","3","0","0",NA,NA,NA,"0",NA,"0",NA,"0",NA,NA,NA,"0","0","0","0",NA
"Motacilla_flaviventris","0","1","0","0",NA,NA,NA,"0",NA,NA,NA,NA,NA,NA,NA,NA,"0","0","0",NA
"Motacilla_grandis","0","2","0","0",NA,NA,NA,"0",NA,"0",NA,NA,NA,NA,NA,NA,"0","0","0",NA
"Motacilla_madaraspatensis","0","2","0","0",NA,NA,NA,"0",NA,"0",NA,NA,NA,NA,NA,NA,"0","0","0",NA
"Mulleripicus_fulvus","1","0","1","0",NA,NA,NA,"1",NA,NA,NA,NA,NA,NA,NA,NA,"0","0","0",NA
"Mulleripicus_funebris","1","0","1","0",NA,NA,NA,"1",NA,NA,NA,NA,NA,NA,NA,NA,"0","0","0",NA
"Mulleripicus_pulverulentus","1","0","3","0",NA,NA,NA,"1",NA,"1",NA,"1",NA,NA,"K","1","1","0","0","Kin"
"Muscicapa_adusta","0","3","0","0",NA,NA,NA,"0",NA,"0",NA,"0",NA,NA,NA,"0","0","0","0",NA
"Muscicapa_aquatica","0","2","0","0",NA,NA,NA,"0",NA,"0",NA,NA,NA,NA,NA,NA,"0","0","0",NA
"Muscicapa_boehmi","0","1","0","0",NA,NA,NA,"0",NA,NA,NA,NA,NA,NA,NA,NA,"0","0","0",NA
"Muscicapa_caerulescens","0","2","0","0",NA,NA,NA,"0",NA,"0",NA,NA,NA,NA,NA,NA,"0","0","0",NA
"Muscicapa_cassini","0","2","0","0",NA,NA,NA,"0",NA,"0",NA,NA,NA,NA,NA,NA,"0","0","0",NA
"Muscicapa_comitata","0","2","0","0",NA,NA,NA,"0",NA,"0",NA,NA,NA,NA,NA,NA,"0","0","0",NA
"Muscicapa_dauurica","0","2","0","0",NA,NA,NA,"0",NA,"0",NA,NA,NA,NA,NA,NA,"0","0","0",NA
"Muscicapa_epulata","0","2","0","0",NA,NA,NA,"0",NA,"0",NA,NA,NA,NA,NA,NA,"0","0","0",NA
"Muscicapa_ferruginea","0","2","0","0",NA,NA,NA,"0",NA,"0",NA,NA,NA,NA,NA,NA,"0","0","0",NA
"Muscicapa_gambagae","0","1","0","0",NA,NA,NA,"0",NA,NA,NA,NA,NA,NA,NA,NA,"0","0","0",NA
"Muscicapa_griseisticta","0","1","0","0",NA,NA,NA,"0",NA,NA,NA,NA,NA,NA,NA,NA,"0","0","0",NA
"Muscicapa_infuscata","1","0","2","0",NA,NA,NA,"1",NA,"1",NA,NA,NA,NA,NA,NA,"0","0","0",NA
"Muscicapa_lendu","0","1","0","0",NA,NA,NA,"0",NA,NA,NA,NA,NA,NA,NA,NA,"0","0","0",NA
"Muscicapa_muttui","0","2","0","0",NA,NA,NA,"0",NA,"0",NA,NA,NA,NA,NA,NA,"0","0","0",NA
"Muscicapa_olivascens","0","1","0","0",NA,NA,NA,"0",NA,NA,NA,NA,NA,NA,NA,NA,"0","0","0",NA
"Muscicapa_randi","0","1","0","0",NA,NA,NA,"0",NA,NA,NA,NA,NA,NA,NA,NA,"0","0","0",NA
"Muscicapa_ruficauda","0","2","0","0",NA,NA,NA,"0",NA,"0",NA,NA,NA,NA,NA,NA,"0","0","0",NA
"Muscicapa_segregata","0","1","0","0",NA,NA,NA,"0",NA,NA,NA,NA,NA,NA,NA,NA,"0","0","0",NA
"Muscicapa_sethsmithi","0","3","0","0",NA,NA,NA,"0",NA,"0",NA,"0",NA,NA,NA,"0","0","0","0",NA
"Muscicapa_sibirica","0","3","0","0",NA,NA,NA,"0",NA,"0",NA,"0",NA,NA,NA,"0","0","0","0",NA
"Muscicapa_striata","0","3","0","0",NA,NA,NA,"0",NA,"0",NA,"0",NA,NA,NA,"0","0","0","0",NA
"Muscicapa_tessmanni","0","1","0","0",NA,NA,NA,"0",NA,NA,NA,NA,NA,NA,NA,NA,"0","0","0",NA
"Muscicapa_ussheri","0","1","0","0",NA,NA,NA,"0",NA,NA,NA,NA,NA,NA,NA,NA,"0","0","0",NA
"Muscicapella_hodgsoni","0","1","0","0",NA,NA,NA,"0",NA,NA,NA,NA,NA,NA,NA,NA,"0","0","0",NA
"Muscigralla_brevicauda","0","2","0","0",NA,NA,NA,"0",NA,"0",NA,NA,NA,NA,NA,NA,"0","0","0",NA
"Muscipipra_vetula","0","1","0","0",NA,NA,NA,"0",NA,NA,NA,NA,NA,NA,NA,NA,"0","0","0",NA
"Muscisaxicola_albifrons","0","1","0","0",NA,NA,NA,"0",NA,NA,NA,NA,NA,NA,NA,NA,"0","0","0",NA
"Muscisaxicola_albilora","0","1","0","0",NA,NA,NA,"0",NA,NA,NA,NA,NA,NA,NA,NA,"0","0","0",NA
"Muscisaxicola_alpinus","0","2","0","0",NA,NA,NA,"0",NA,NA,NA,"0",NA,NA,NA,"0","0","0","0",NA
"Muscisaxicola_capistratus","0","1","0","0",NA,NA,NA,"0",NA,NA,NA,NA,NA,NA,NA,NA,"0","0","0",NA
"Muscisaxicola_cinereus","0","1","0","0",NA,NA,NA,"0",NA,NA,NA,NA,NA,NA,NA,NA,"0","0","0",NA
"Muscisaxicola_flavinucha","0","1","0","0",NA,NA,NA,"0",NA,NA,NA,NA,NA,NA,NA,NA,"0","0","0",NA
"Muscisaxicola_fluviatilis","0","1","0","0",NA,NA,NA,"0",NA,NA,NA,NA,NA,NA,NA,NA,"0","0","0",NA
"Muscisaxicola_frontalis","0","1","0","0",NA,NA,NA,"0",NA,NA,NA,NA,NA,NA,NA,NA,"0","0","0",NA
"Muscisaxicola_griseus","0","1","0","0",NA,NA,NA,"0",NA,NA,NA,NA,NA,NA,NA,NA,"0","0","0",NA
"Muscisaxicola_juninensis","0","1","0","0",NA,NA,NA,"0",NA,NA,NA,NA,NA,NA,NA,NA,"0","0","0",NA
"Muscisaxicola_maclovianus","0","3","0","0",NA,NA,NA,"0",NA,"0",NA,"0",NA,NA,NA,"0","0","0","0",NA
"Muscisaxicola_maculirostris","0","2","0","0",NA,NA,NA,"0",NA,"0",NA,NA,NA,NA,NA,NA,"0","0","0",NA
"Muscisaxicola_rufivertex","0","2","0","0",NA,NA,NA,"0",NA,"0",NA,NA,NA,NA,NA,NA,"0","0","0",NA
"Musophaga_rossae","0","2","0","0",NA,NA,NA,"0",NA,"0",NA,NA,NA,NA,NA,NA,"0","0","0",NA
"Musophaga_violacea","0","1","0","0",NA,NA,NA,"0",NA,NA,NA,NA,NA,NA,NA,NA,"0","0","0",NA
"Myadestes_coloratus","0","1","0","0",NA,NA,NA,"0",NA,NA,NA,NA,NA,NA,NA,NA,"0","0","0",NA
"Myadestes_elisabeth","0","1","0","0",NA,NA,NA,"0",NA,NA,NA,NA,NA,NA,NA,NA,"0","0","0",NA
"Myadestes_genibarbis","0","1","0","0",NA,NA,NA,"0",NA,NA,NA,NA,NA,NA,NA,NA,"0","0","0",NA
"Myadestes_lanaiensis","0","1","0","0",NA,NA,NA,"0",NA,NA,NA,NA,NA,NA,NA,NA,"0","0","0",NA
"Myadestes_melanops","0","2","0","0",NA,NA,NA,"0",NA,"0",NA,NA,NA,NA,NA,NA,"0","0","0",NA
"Myadestes_obscurus","0","2","0","0",NA,NA,NA,"0",NA,"0",NA,NA,NA,NA,NA,NA,"0","0","0",NA
"Myadestes_occidentalis","0","1","0","0",NA,NA,NA,"0",NA,NA,NA,NA,NA,NA,NA,NA,"0","0","0",NA
"Myadestes_palmeri","1","0","2","0",NA,NA,NA,"1",NA,"1",NA,NA,NA,NA,NA,NA,"0","0","0",NA
"Myadestes_ralloides","0","2","0","0",NA,NA,NA,"0",NA,NA,NA,"0",NA,NA,NA,"0","0","0","0",NA
"Myadestes_townsendi","0","2","0","0",NA,NA,NA,"0",NA,"0",NA,NA,NA,NA,NA,NA,"0","0","0",NA
"Myadestes_unicolor","0","1","0","0",NA,NA,NA,"0",NA,NA,NA,NA,NA,NA,NA,NA,"0","0","0",NA
"Mycerobas_affinis","0","2","0","0",NA,NA,NA,"0",NA,NA,NA,"0",NA,NA,NA,"0","0","0","0",NA
"Mycerobas_carnipes","0","3","0","0",NA,NA,NA,"0",NA,"0",NA,"0",NA,NA,NA,"0","0","0","0",NA
"Mycerobas_icterioides","0","2","0","0",NA,NA,NA,"0",NA,"0",NA,NA,NA,NA,NA,NA,"0","0","0",NA
"Mycerobas_melanozanthos","0","1","0","0",NA,NA,NA,"0",NA,NA,NA,NA,NA,NA,NA,NA,"0","0","0",NA
"Mycteria_americana","0","3","0","0",NA,NA,NA,"0",NA,"0",NA,"0",NA,NA,NA,"0","0","0","0",NA
"Mycteria_cinerea","0","2","0","0",NA,NA,NA,"0",NA,"0",NA,NA,NA,NA,NA,NA,"0","0","0",NA
"Mycteria_ibis","0","3","0","0",NA,NA,NA,"0",NA,"0",NA,"0",NA,NA,NA,"0","0","0","0",NA
"Mycteria_leucocephala","0","3","0","0",NA,NA,NA,"0",NA,"0",NA,"0",NA,NA,NA,"0","0","0","0",NA
"Myiagra_albiventris",NA,"0","0","0",NA,NA,NA,NA,NA,NA,NA,NA,NA,NA,NA,NA,"0","0","0",NA
"Myiagra_alecto","0","3","0","0",NA,NA,NA,"0",NA,"0",NA,"0",NA,NA,NA,"0","0","0","0",NA
"Myiagra_atra","0","1","0","0",NA,NA,NA,"0",NA,NA,NA,NA,NA,NA,NA,NA,"0","0","0",NA
"Myiagra_azureocapilla","0","1","0","0",NA,NA,NA,"0",NA,NA,NA,NA,NA,NA,NA,NA,"0","0","0",NA
"Myiagra_caledonica","0","2","0","0",NA,NA,NA,"0",NA,"0",NA,NA,NA,NA,NA,NA,"0","0","0",NA
"Myiagra_cervinicauda","0","1","0","0",NA,NA,NA,"0",NA,NA,NA,NA,NA,NA,NA,NA,"0","0","0",NA
"Myiagra_cyanoleuca","0","2","0","0",NA,NA,NA,"0",NA,"0",NA,NA,NA,NA,NA,NA,"0","0","0",NA
"Myiagra_erythrops","0","1","0","0",NA,NA,NA,"0",NA,NA,NA,NA,NA,NA,NA,NA,"0","0","0",NA
"Myiagra_ferrocyanea","0","1","0","0",NA,NA,NA,"0",NA,NA,NA,NA,NA,NA,NA,NA,"0","0","0",NA
"Myiagra_galeata","0","1","0","0",NA,NA,NA,"0",NA,NA,NA,NA,NA,NA,NA,NA,"0","0","0",NA
"Myiagra_hebetior","0","1","0","0",NA,NA,NA,"0",NA,NA,NA,NA,NA,NA,NA,NA,"0","0","0",NA
"Myiagra_inquieta","0","3","0","0",NA,NA,NA,"0",NA,"0",NA,"0",NA,NA,NA,"0","0","0","0",NA
"Myiagra_oceanica",NA,"0","0","0",NA,NA,NA,NA,NA,NA,NA,NA,NA,NA,NA,NA,"0","0","0",NA
"Myiagra_pluto","0","1","0","0",NA,NA,NA,"0",NA,NA,NA,NA,NA,NA,NA,NA,"0","0","0",NA
"Myiagra_rubecula","1","3","1","1","1",NA,NA,"0",NA,"0",NA,"0",NA,NA,NA,"0","0","0","0",NA
"Myiagra_ruficollis","0","2","0","0",NA,NA,NA,"0",NA,"0",NA,NA,NA,NA,NA,NA,"0","0","0",NA
"Myiagra_vanikorensis","0","1","0","0",NA,NA,NA,"0",NA,NA,NA,NA,NA,NA,NA,NA,"0","0","0",NA
"Myiarchus_antillarum","0","2","0","0",NA,NA,NA,"0",NA,"0",NA,NA,NA,NA,NA,NA,"0","0","0",NA
"Myiarchus_apicalis","0","2","0","0",NA,NA,NA,"0",NA,"0",NA,NA,NA,NA,NA,NA,"0","0","0",NA
"Myiarchus_barbirostris","0","2","0","0",NA,NA,NA,"0",NA,"0",NA,NA,NA,NA,NA,NA,"0","0","0",NA
"Myiarchus_cephalotes","0","1","0","0",NA,NA,NA,"0",NA,NA,NA,NA,NA,NA,NA,NA,"0","0","0",NA
"Myiarchus_cinerascens","0","3","0","0",NA,NA,NA,"0",NA,"0",NA,"0",NA,NA,NA,"0","0","0","0",NA
"Myiarchus_crinitus","0","3","0","0",NA,NA,NA,"0",NA,"0",NA,"0",NA,NA,NA,"0","0","0","0",NA
"Myiarchus_ferox","0","2","0","0",NA,NA,NA,"0",NA,"0",NA,NA,NA,NA,NA,NA,"0","0","0",NA
"Myiarchus_magnirostris","0","1","0","0",NA,NA,NA,"0",NA,NA,NA,NA,NA,NA,NA,NA,"0","0","0",NA
"Myiarchus_nugator","0","2","0","0",NA,NA,NA,"0",NA,"0",NA,NA,NA,NA,NA,NA,"0","0","0",NA
"Myiarchus_nuttingi","0","2","0","0",NA,NA,NA,"0",NA,"0",NA,NA,NA,NA,NA,NA,"0","0","0",NA
"Myiarchus_oberi","0","2","0","0",NA,NA,NA,"0",NA,"0",NA,NA,NA,NA,NA,NA,"0","0","0",NA
"Myiarchus_panamensis","0","2","0","0",NA,NA,NA,"0",NA,"0",NA,NA,NA,NA,NA,NA,"0","0","0",NA
"Myiarchus_phaeocephalus","0","1","0","0",NA,NA,NA,"0",NA,NA,NA,NA,NA,NA,NA,NA,"0","0","0",NA
"Myiarchus_sagrae","0","2","0","0",NA,NA,NA,"0",NA,"0",NA,NA,NA,NA,NA,NA,"0","0","0",NA
"Myiarchus_semirufus","0","2","0","0",NA,NA,NA,"0",NA,"0",NA,NA,NA,NA,NA,NA,"0","0","0",NA
"Myiarchus_stolidus","0","2","0","0",NA,NA,NA,"0",NA,"0",NA,NA,NA,NA,NA,NA,"0","0","0",NA
"Myiarchus_swainsoni","0","2","0","0",NA,NA,NA,"0",NA,"0",NA,NA,NA,NA,NA,NA,"0","0","0",NA
"Myiarchus_tuberculifer","0","3","0","0",NA,NA,NA,"0",NA,"0",NA,"0",NA,NA,NA,"0","0","0","0",NA
"Myiarchus_tyrannulus","0","3","0","0",NA,NA,NA,"0",NA,"0",NA,"0",NA,NA,NA,"0","0","0","0",NA
"Myiarchus_validus","0","2","0","0",NA,NA,NA,"0",NA,"0",NA,NA,NA,NA,NA,NA,"0","0","0",NA
"Myiarchus_venezuelensis","0","1","0","0",NA,NA,NA,"0",NA,NA,NA,NA,NA,NA,NA,NA,"0","0","0",NA
"Myiarchus_yucatanensis","0","1","0","0",NA,NA,NA,"0",NA,NA,NA,NA,NA,NA,NA,NA,"0","0","0",NA
"Myiobius_atricaudus","0","2","0","0",NA,NA,NA,"0",NA,"0",NA,NA,NA,NA,NA,NA,"0","0","0",NA
"Myiobius_barbatus","0","2","0","0",NA,NA,NA,"0",NA,"0",NA,NA,NA,NA,NA,NA,"0","0","0",NA
"Myiobius_sulphureipygius","0","1","0","0",NA,NA,NA,"0",NA,NA,NA,NA,NA,NA,NA,NA,"0","0","0",NA
"Myiobius_villosus","0","1","0","0",NA,NA,NA,"0",NA,NA,NA,NA,NA,NA,NA,NA,"0","0","0",NA
"Myioborus_albifacies","0","1","0","0",NA,NA,NA,"0",NA,NA,NA,NA,NA,NA,NA,NA,"0","0","0",NA
"Myioborus_albifrons","0","1","0","0",NA,NA,NA,"0",NA,NA,NA,NA,NA,NA,NA,NA,"0","0","0",NA
"Myioborus_brunniceps","0","1","0","0",NA,NA,NA,"0",NA,NA,NA,NA,NA,NA,NA,NA,"0","0","0",NA
"Myioborus_cardonai","0","1","0","0",NA,NA,NA,"0",NA,NA,NA,NA,NA,NA,NA,NA,"0","0","0",NA
"Myioborus_castaneocapilla","0","1","0","0",NA,NA,NA,"0",NA,NA,NA,NA,NA,NA,NA,NA,"0","0","0",NA
"Myioborus_flavivertex","0","1","0","0",NA,NA,NA,"0",NA,NA,NA,NA,NA,NA,NA,NA,"0","0","0",NA
"Myioborus_melanocephalus","0","1","0","0",NA,NA,NA,"0",NA,NA,NA,NA,NA,NA,NA,NA,"0","0","0",NA
"Myioborus_miniatus","0","3","0","0",NA,NA,NA,"0",NA,"0",NA,"0",NA,NA,NA,"0","0","0","0",NA
"Myioborus_ornatus","0","2","0","0",NA,NA,NA,"0",NA,NA,NA,"0",NA,NA,NA,"1","0","0","0",NA
"Myioborus_pariae","0","1","0","0",NA,NA,NA,"0",NA,NA,NA,NA,NA,NA,NA,NA,"0","0","0",NA
"Myioborus_pictus","0","3","0","0",NA,NA,NA,"0",NA,"0",NA,"0",NA,NA,NA,"0","0","0","0",NA
"Myioborus_torquatus","0","2","0","0",NA,NA,NA,"0",NA,NA,NA,"0",NA,NA,NA,"0","0","0","0",NA
"Myiodynastes_bairdii","0","2","0","0",NA,NA,NA,"0",NA,"0",NA,NA,NA,NA,NA,NA,"0","0","0",NA
"Myiodynastes_chrysocephalus","0","2","0","0",NA,NA,NA,"0",NA,"0",NA,NA,NA,NA,NA,NA,"0","0","0",NA
"Myiodynastes_hemichrysus","0","2","0","0",NA,NA,NA,"0",NA,NA,NA,"0",NA,NA,NA,"1","0","0","0",NA
"Myiodynastes_luteiventris","0","3","0","0",NA,NA,NA,"0",NA,"0",NA,"0",NA,NA,NA,"1","0","0","0",NA
"Myiodynastes_maculatus","0","2","0","0",NA,NA,NA,"0",NA,"0",NA,NA,NA,NA,NA,NA,"0","0","0",NA
"Myiomela_major","0","1","0","0",NA,NA,NA,"0",NA,NA,NA,NA,NA,NA,NA,NA,"0","0","0",NA
"Myiopagis_caniceps","0","2","0","0",NA,NA,NA,"0",NA,"0",NA,NA,NA,NA,NA,NA,"0","0","0",NA
"Myiopagis_cotta","0","2","0","0",NA,NA,NA,"0",NA,"0",NA,NA,NA,NA,NA,NA,"0","0","0",NA
"Myiopagis_flavivertex","0","1","0","0",NA,NA,NA,"0",NA,NA,NA,NA,NA,NA,NA,NA,"0","0","0",NA
"Myiopagis_gaimardii","0","2","0","0",NA,NA,NA,"0",NA,"0",NA,NA,NA,NA,NA,NA,"0","0","0",NA
"Myiopagis_olallai","0","1","0","0",NA,NA,NA,"0",NA,NA,NA,NA,NA,NA,NA,NA,"0","0","0",NA
"Myiopagis_subplacens","0","1","0","0",NA,NA,NA,"0",NA,NA,NA,NA,NA,NA,NA,NA,"0","0","0",NA
"Myiopagis_viridicata","0","2","0","0",NA,NA,NA,"0",NA,"0",NA,NA,NA,NA,NA,NA,"0","0","0",NA
"Myioparus_griseigularis","0","2","0","0",NA,NA,NA,"0",NA,"0",NA,NA,NA,NA,NA,NA,"0","0","0",NA
"Myioparus_plumbeus","0","2","0","0",NA,NA,NA,"0",NA,"0",NA,NA,NA,NA,NA,NA,"0","0","0",NA
"Myiophobus_cryptoxanthus","0","2","0","0",NA,NA,NA,"0",NA,NA,NA,"0",NA,NA,NA,"0","0","0","0",NA
"Myiophobus_fasciatus","0","2","0","0",NA,NA,NA,"0",NA,"0",NA,NA,NA,NA,NA,NA,"0","0","0",NA
"Myiophobus_flavicans","0","1","0","0",NA,NA,NA,"0",NA,NA,NA,NA,NA,NA,NA,NA,"0","0","0",NA
"Myiophobus_inornatus","0","1","0","0",NA,NA,NA,"0",NA,NA,NA,NA,NA,NA,NA,NA,"0","0","0",NA
"Myiophobus_lintoni","0","1","0","0",NA,NA,NA,"0",NA,NA,NA,NA,NA,NA,NA,NA,"0","0","0",NA
"Myiophobus_ochraceiventris","0","1","0","0",NA,NA,NA,"0",NA,NA,NA,NA,NA,NA,NA,NA,"0","0","0",NA
"Myiophobus_phoenicomitra","0","1","0","0",NA,NA,NA,"0",NA,NA,NA,NA,NA,NA,NA,NA,"0","0","0",NA
"Myiophobus_pulcher","0","1","0","0",NA,NA,NA,"0",NA,NA,NA,NA,NA,NA,NA,NA,"0","0","0",NA
"Myiophobus_roraimae","0","1","0","0",NA,NA,NA,"0",NA,NA,NA,NA,NA,NA,NA,NA,"0","0","0",NA
"Myiopsitta_monachus","1","0","4","0",NA,NA,NA,"1",NA,"1","1","1","K",NA,"K","1","2","0","0","Kin"
"Myiornis_albiventris","0","1","0","0",NA,NA,NA,"0",NA,NA,NA,NA,NA,NA,NA,NA,"0","0","0",NA
"Myiornis_atricapillus","0","3","0","0",NA,NA,NA,"0",NA,"0",NA,"0",NA,NA,NA,"0","0","0","0",NA
"Myiornis_auricularis","0","1","0","0",NA,NA,NA,"0",NA,NA,NA,NA,NA,NA,NA,NA,"0","0","0",NA
"Myiornis_ecaudatus","0","2","0","0",NA,NA,NA,"0",NA,"0",NA,NA,NA,NA,NA,NA,"0","0","0",NA
"Myiotheretes_fumigatus","0","1","0","0",NA,NA,NA,"0",NA,NA,NA,NA,NA,NA,NA,NA,"0","0","0",NA
"Myiotheretes_fuscorufus","0","2","0","0",NA,NA,NA,"0",NA,NA,NA,"0",NA,NA,NA,"1","0","0","0",NA
"Myiotheretes_pernix","0","1","0","0",NA,NA,NA,"0",NA,NA,NA,NA,NA,NA,NA,NA,"0","0","0",NA
"Myiotheretes_striaticollis","0","1","0","0",NA,NA,NA,"0",NA,NA,NA,NA,NA,NA,NA,NA,"0","0","0",NA
"Myiotriccus_ornatus","0","1","0","0",NA,NA,NA,"0",NA,NA,NA,NA,NA,NA,NA,NA,"0","0","0",NA
"Myiozetetes_cayanensis","1","0","3","0",NA,NA,NA,"1",NA,"1",NA,"1",NA,NA,"K","1","1","0","0","Kin"
"Myiozetetes_granadensis","0","2","0","0",NA,NA,NA,"0",NA,"0",NA,NA,NA,NA,NA,NA,"0","0","0",NA
"Myiozetetes_luteiventris","0","2","0","0",NA,NA,NA,"0",NA,NA,NA,"0",NA,NA,NA,"0","0","0","0",NA
"Myiozetetes_similis","0","3","0","0",NA,NA,NA,"0",NA,"0",NA,"0",NA,NA,NA,"1","0","0","0",NA
"Myophonus_blighi","0","2","0","0",NA,NA,NA,"0",NA,"0",NA,NA,NA,NA,NA,NA,"0","0","0",NA
"Myophonus_caeruleus","0","3","0","0",NA,NA,NA,"0",NA,"0",NA,"0",NA,NA,NA,"0","0","0","0",NA
"Myophonus_glaucinus","0","1","0","0",NA,NA,NA,"0",NA,NA,NA,NA,NA,NA,NA,NA,"0","0","0",NA
"Myophonus_horsfieldii","0","3","0","0",NA,NA,NA,"0",NA,"0",NA,"0",NA,NA,NA,"0","0","0","0",NA
"Myophonus_insularis","0","2","0","0",NA,NA,NA,"0",NA,"0",NA,NA,NA,NA,NA,NA,"0","0","0",NA
"Myophonus_melanurus","0","1","0","0",NA,NA,NA,"0",NA,NA,NA,NA,NA,NA,NA,NA,"0","0","0",NA
"Myophonus_robinsoni","0","1","0","0",NA,NA,NA,"0",NA,NA,NA,NA,NA,NA,NA,NA,"0","0","0",NA
"Myornis_senilis","0","1","0","0",NA,NA,NA,"0",NA,NA,NA,NA,NA,NA,NA,NA,"0","0","0",NA
"Myrmeciza_atrothorax","0","3","0","0",NA,NA,NA,"0",NA,"0",NA,"0",NA,NA,NA,"1","0","0","0",NA
"Myrmeciza_berlepschi","0","1","0","0",NA,NA,NA,"0",NA,NA,NA,NA,NA,NA,NA,NA,"0","0","0",NA
"Myrmeciza_castanea","0","1","0","0",NA,NA,NA,NA,NA,NA,NA,"0",NA,NA,NA,"1","0","0","0",NA
"Myrmeciza_disjuncta","0","2","0","0",NA,NA,NA,"0",NA,NA,NA,"0",NA,NA,NA,"1","0","0","0",NA
"Myrmeciza_exsul","0","3","0","0",NA,NA,NA,"0",NA,"0",NA,"0",NA,NA,NA,"1","0","0","0",NA
"Myrmeciza_ferruginea","0","2","0","0",NA,NA,NA,"0",NA,NA,NA,"0",NA,NA,NA,"1","0","0","0",NA
"Myrmeciza_fortis","0","2","0","0",NA,NA,NA,"0",NA,NA,NA,"0",NA,NA,NA,"1","0","0","0",NA
"Myrmeciza_goeldii","0","3","0","0",NA,NA,NA,"0",NA,"0",NA,"0",NA,NA,NA,"1","0","0","0",NA
"Myrmeciza_griseiceps","0","2","0","0",NA,NA,NA,"0",NA,NA,NA,"0",NA,NA,NA,"1","0","0","0",NA
"Myrmeciza_hemimelaena","0","2","0","0",NA,NA,NA,"0",NA,NA,NA,"0",NA,NA,NA,"1","0","0","0",NA
"Myrmeciza_hyperythra","0","3","0","0",NA,NA,NA,"0",NA,"0",NA,"0",NA,NA,NA,"1","0","0","0",NA
"Myrmeciza_immaculata","0","2","0","0",NA,NA,NA,"0",NA,NA,NA,"0",NA,NA,NA,"1","0","0","0",NA
"Myrmeciza_laemosticta","0","2","0","0",NA,NA,NA,"0",NA,NA,NA,"0",NA,NA,NA,"1","0","0","0",NA
"Myrmeciza_longipes","0","2","0","0",NA,NA,NA,"0",NA,NA,NA,"0",NA,NA,NA,"1","0","0","0",NA
"Myrmeciza_loricata","0","1","0","0",NA,NA,NA,"0",NA,NA,NA,NA,NA,NA,NA,NA,"0","0","0",NA
"Myrmeciza_melanoceps","0","3","0","0",NA,NA,NA,"0",NA,"0",NA,"0",NA,NA,NA,"1","0","0","0",NA
"Myrmeciza_nigricauda","0","2","0","0",NA,NA,NA,"0",NA,NA,NA,"0",NA,NA,NA,"1","0","0","0",NA
"Myrmeciza_pelzelni","0","2","0","0",NA,NA,NA,"0",NA,NA,NA,"0",NA,NA,NA,"1","0","0","0",NA
"Myrmeciza_ruficauda","0","2","0","0",NA,NA,NA,"0",NA,"0",NA,NA,NA,NA,NA,NA,"0","0","0",NA
"Myrmeciza_squamosa","0","2","0","0",NA,NA,NA,"0",NA,NA,NA,"0",NA,NA,NA,"1","0","0","0",NA
"Myrmecocichla_aethiops","1","0","3","0",NA,NA,NA,"1",NA,"1",NA,"1",NA,NA,"K","1","1","0","0","Kin"
"Myrmecocichla_albifrons","1","0","1","0",NA,NA,NA,"1",NA,NA,NA,NA,NA,NA,NA,NA,"0","0","0",NA
"Myrmecocichla_arnoti","1","0","3","0",NA,NA,NA,"1",NA,"1",NA,"1",NA,NA,"K","1","1","0","0","Kin"
"Myrmecocichla_cinnamomeiventris","0","2","0","0",NA,NA,NA,"0",NA,NA,NA,"0",NA,NA,NA,"1","0","0","0",NA
"Myrmecocichla_formicivora","1","0","5","0",NA,NA,"1","1",NA,"1","1","1","K","K","K","1","3","0","0","Kin"
"Myrmecocichla_melaena","1","0","1","0",NA,NA,NA,"1",NA,NA,NA,NA,NA,NA,NA,NA,"0","0","0",NA
"Myrmecocichla_nigra","1","0","1","0",NA,NA,NA,"1",NA,NA,NA,NA,NA,NA,NA,NA,"0","0","0",NA
"Myrmecocichla_semirufa","0","1","0","0",NA,NA,NA,"0",NA,NA,NA,NA,NA,NA,NA,NA,"0","0","0",NA
"Myrmecocichla_tholloni","1","0","1","0",NA,NA,NA,"1",NA,NA,NA,NA,NA,NA,NA,NA,"0","0","0",NA
"Myrmia_micrura","0","3","0","0",NA,NA,NA,"0",NA,"0",NA,"0",NA,NA,NA,"0","0","0","0",NA
"Myrmoborus_leucophrys","0","2","0","0",NA,NA,NA,"0",NA,NA,NA,"0",NA,NA,NA,"1","0","0","0",NA
"Myrmoborus_lugubris","0","2","0","0",NA,NA,NA,"0",NA,NA,NA,"0",NA,NA,NA,"1","0","0","0",NA
"Myrmoborus_melanurus","0","1","0","0",NA,NA,NA,"0",NA,NA,NA,NA,NA,NA,NA,NA,"0","0","0",NA
"Myrmoborus_myotherinus","0","2","0","0",NA,NA,NA,"0",NA,NA,NA,"0",NA,NA,NA,"1","0","0","0",NA
"Myrmochanes_hemileucus","0","2","0","0",NA,NA,NA,"0",NA,NA,NA,"0",NA,NA,NA,"1","0","0","0",NA
"Myrmorchilus_strigilatus","0","1","0","0",NA,NA,NA,"0",NA,NA,NA,NA,NA,NA,NA,NA,"0","0","0",NA
"Myrmornis_torquata","0","2","0","0",NA,NA,NA,"0",NA,NA,NA,"0",NA,NA,NA,"0","0","0","0",NA
"Myrmothera_campanisona","0","1","0","0",NA,NA,NA,"0",NA,NA,NA,NA,NA,NA,NA,NA,"0","0","0",NA
"Myrmothera_simplex","0","1","0","0",NA,NA,NA,"0",NA,NA,NA,NA,NA,NA,NA,NA,"0","0","0",NA
"Myrmotherula_ambigua","0","1","0","0",NA,NA,NA,"0",NA,NA,NA,NA,NA,NA,NA,NA,"0","0","0",NA
"Myrmotherula_assimilis","0","2","0","0",NA,NA,NA,"0",NA,NA,NA,"0",NA,NA,NA,"1","0","0","0",NA
"Myrmotherula_axillaris","0","3","0","0",NA,NA,NA,"0",NA,"0",NA,"0",NA,NA,NA,"1","0","0","0",NA
"Myrmotherula_behni","0","2","0","0",NA,NA,NA,"0",NA,NA,NA,"0",NA,NA,NA,"1","0","0","0",NA
"Myrmotherula_brachyura","0","3","0","0",NA,NA,NA,"0",NA,"0",NA,"0",NA,NA,NA,"1","0","0","0",NA
"Myrmotherula_cherriei","0","1","0","0",NA,NA,NA,"0",NA,NA,NA,NA,NA,NA,NA,NA,"0","0","0",NA
"Myrmotherula_fluminensis","0","1","0","0",NA,NA,NA,"0",NA,NA,NA,NA,NA,NA,NA,NA,"0","0","0",NA
"Myrmotherula_fulviventris","0","1","0","0",NA,NA,NA,NA,NA,NA,NA,"0",NA,NA,NA,"1","0","0","0",NA
"Myrmotherula_grisea","0","2","0","0",NA,NA,NA,"0",NA,NA,NA,"0",NA,NA,NA,"1","0","0","0",NA
"Myrmotherula_gularis","0","2","0","0",NA,NA,NA,"0",NA,"0",NA,NA,NA,NA,NA,NA,"0","0","0",NA
"Myrmotherula_guttata","0","1","0","0",NA,NA,NA,"0",NA,NA,NA,NA,NA,NA,NA,NA,"0","0","0",NA
"Myrmotherula_gutturalis","0","2","0","0",NA,NA,NA,"0",NA,"0",NA,NA,NA,NA,NA,NA,"0","0","0",NA
"Myrmotherula_hauxwelli","0","2","0","0",NA,NA,NA,"0",NA,"0",NA,NA,NA,NA,NA,NA,"0","0","0",NA
"Myrmotherula_ignota","0","2","0","0",NA,NA,NA,"0",NA,NA,NA,"0",NA,NA,NA,"1","0","0","0",NA
"Myrmotherula_iheringi","0","3","0","0",NA,NA,NA,"0",NA,"0",NA,"0",NA,NA,NA,"1","0","0","0",NA
"Myrmotherula_klagesi","0","1","0","0",NA,NA,NA,"0",NA,NA,NA,NA,NA,NA,NA,NA,"0","0","0",NA
"Myrmotherula_longicauda","0","1","0","0",NA,NA,NA,"0",NA,NA,NA,NA,NA,NA,NA,NA,"0","0","0",NA
"Myrmotherula_longipennis","0","3","0","0",NA,NA,NA,"0",NA,"0",NA,"0",NA,NA,NA,"1","0","0","0",NA
"Myrmotherula_luctuosa","0","1","0","0",NA,NA,NA,"0",NA,NA,NA,NA,NA,NA,NA,NA,"0","0","0",NA
"Myrmotherula_menetriesii","0","2","0","0",NA,NA,NA,"0",NA,NA,NA,"0",NA,NA,NA,"1","0","0","0",NA
"Myrmotherula_minor","0","2","0","0",NA,NA,NA,"0",NA,NA,NA,"0",NA,NA,NA,"1","0","0","0",NA
"Myrmotherula_multostriata","0","1","0","0",NA,NA,NA,"0",NA,NA,NA,NA,NA,NA,NA,NA,"0","0","0",NA
"Myrmotherula_pacifica","0","1","0","0",NA,NA,NA,"0",NA,NA,NA,NA,NA,NA,NA,NA,"0","0","0",NA
"Myrmotherula_schisticolor","0","3","0","0",NA,NA,NA,"0",NA,"0",NA,"0",NA,NA,NA,"1","0","0","0",NA
"Myrmotherula_sclateri","0","2","0","0",NA,NA,NA,"0",NA,NA,NA,"0",NA,NA,NA,"1","0","0","0",NA
"Myrmotherula_snowi","0","1","0","0",NA,NA,NA,"0",NA,NA,NA,NA,NA,NA,NA,NA,"0","0","0",NA
"Myrmotherula_sunensis","0","1","0","0",NA,NA,NA,"0",NA,NA,NA,NA,NA,NA,NA,NA,"0","0","0",NA
"Myrmotherula_surinamensis","0","2","0","0",NA,NA,NA,"0",NA,"0",NA,NA,NA,NA,NA,NA,"0","0","0",NA
"Myrmotherula_unicolor","0","2","0","0",NA,NA,NA,"0",NA,NA,NA,"0",NA,NA,NA,"1","0","0","0",NA
"Myrmotherula_urosticta","0","1","0","0",NA,NA,NA,"0",NA,NA,NA,NA,NA,NA,NA,NA,"0","0","0",NA
"Myrtis_fanny","0","3","0","0",NA,NA,NA,"0",NA,"0",NA,"0",NA,NA,NA,"0","0","0","0",NA
"Mystacornis_crossleyi","0","2","0","0",NA,NA,NA,"0",NA,"0",NA,NA,NA,NA,NA,NA,"0","0","0",NA
"Myza_celebensis","0","1","0","0",NA,NA,NA,"0",NA,NA,NA,NA,NA,NA,NA,NA,"0","0","0",NA
"Myza_sarasinorum","0","1","0","0",NA,NA,NA,"0",NA,NA,NA,NA,NA,NA,NA,NA,"0","0","0",NA
"Myzomela_adolphinae","0","1","0","0",NA,NA,NA,"0",NA,NA,NA,NA,NA,NA,NA,NA,"0","0","0",NA
"Myzomela_albigula","0","1","0","0",NA,NA,NA,"0",NA,NA,NA,NA,NA,NA,NA,NA,"0","0","0",NA
"Myzomela_blasii","0","1","0","0",NA,NA,NA,"0",NA,NA,NA,NA,NA,NA,NA,NA,"0","0","0",NA
"Myzomela_boiei","0","1","0","0",NA,NA,NA,"0",NA,NA,NA,NA,NA,NA,NA,NA,"0","0","0",NA
"Myzomela_caledonica","0","2","0","0",NA,NA,NA,"0",NA,"0",NA,NA,NA,NA,NA,NA,"0","0","0",NA
"Myzomela_cardinalis","0","3","0","0",NA,NA,NA,"0",NA,"0",NA,"0",NA,NA,NA,"1","0","0","0",NA
"Myzomela_chermesina",NA,"0","0","0",NA,NA,NA,NA,NA,NA,NA,NA,NA,NA,NA,NA,"0","0","0",NA
"Myzomela_chloroptera","0","1","0","0",NA,NA,NA,"0",NA,NA,NA,NA,NA,NA,NA,NA,"0","0","0",NA
"Myzomela_cineracea","0","1","0","0",NA,NA,NA,"0",NA,NA,NA,NA,NA,NA,NA,NA,"0","0","0",NA
"Myzomela_cruentata","0","1","0","0",NA,NA,NA,"0",NA,NA,NA,NA,NA,NA,NA,NA,"0","0","0",NA
"Myzomela_dammermani","0","1","0","0",NA,NA,NA,"0",NA,NA,NA,NA,NA,NA,NA,NA,"0","0","0",NA
"Myzomela_eichhorni","0","1","0","0",NA,NA,NA,"0",NA,NA,NA,NA,NA,NA,NA,NA,"0","0","0",NA
"Myzomela_eques","0","1","0","0",NA,NA,NA,"0",NA,NA,NA,NA,NA,NA,NA,NA,"0","0","0",NA
"Myzomela_erythrocephala","0","1","0","0",NA,NA,NA,"0",NA,NA,NA,NA,NA,NA,NA,NA,"0","0","0",NA
"Myzomela_erythromelas","0","1","0","0",NA,NA,NA,"0",NA,NA,NA,NA,NA,NA,NA,NA,"0","0","0",NA
"Myzomela_jugularis","0","2","0","0",NA,NA,NA,"0",NA,NA,NA,"0",NA,NA,NA,"1","0","0","0",NA
"Myzomela_kuehni","0","1","0","0",NA,NA,NA,"0",NA,NA,NA,NA,NA,NA,NA,NA,"0","0","0",NA
"Myzomela_lafargei","0","1","0","0",NA,NA,NA,"0",NA,NA,NA,NA,NA,NA,NA,NA,"0","0","0",NA
"Myzomela_malaitae","0","1","0","0",NA,NA,NA,"0",NA,NA,NA,NA,NA,NA,NA,NA,"0","0","0",NA
"Myzomela_melanocephala","0","1","0","0",NA,NA,NA,"0",NA,NA,NA,NA,NA,NA,NA,NA,"0","0","0",NA
"Myzomela_nigrita","0","1","0","0",NA,NA,NA,"0",NA,NA,NA,NA,NA,NA,NA,NA,"0","0","0",NA
"Myzomela_obscura","0","1","0","0",NA,NA,NA,"0",NA,NA,NA,NA,NA,NA,NA,NA,"0","0","0",NA
"Myzomela_pammelaena","0","1","0","0",NA,NA,NA,"0",NA,NA,NA,NA,NA,NA,NA,NA,"0","0","0",NA
"Myzomela_pulchella","0","1","0","0",NA,NA,NA,"0",NA,NA,NA,NA,NA,NA,NA,NA,"0","0","0",NA
"Myzomela_rosenbergii","0","2","0","0",NA,NA,NA,"0",NA,NA,NA,"0",NA,NA,NA,"0","0","0","0",NA
"Myzomela_rubratra","0","1","0","0",NA,NA,NA,"0",NA,NA,NA,NA,NA,NA,NA,NA,"0","0","0",NA
"Myzomela_sanguinolenta","0","2","0","0",NA,NA,NA,"0",NA,"0",NA,NA,NA,NA,NA,NA,"0","0","0",NA
"Myzomela_sclateri","0","2","0","0",NA,NA,NA,"0",NA,"0",NA,NA,NA,NA,NA,NA,"0","0","0",NA
"Myzomela_tristrami","0","1","0","0",NA,NA,NA,"0",NA,NA,NA,NA,NA,NA,NA,NA,"0","0","0",NA
"Myzomela_vulnerata","0","1","0","0",NA,NA,NA,"0",NA,NA,NA,NA,NA,NA,NA,NA,"0","0","0",NA
"Myzomela_wakoloensis","0","1","0","0",NA,NA,NA,"0",NA,NA,NA,NA,NA,NA,NA,NA,"0","0","0",NA
"Myzornis_pyrrhoura","0","1","0","0",NA,NA,NA,"0",NA,NA,NA,NA,NA,NA,NA,NA,"0","0","0",NA
"Namibornis_herero","0","3","0","0",NA,NA,NA,"0",NA,"0",NA,"0",NA,NA,NA,"1","0","0","0",NA
"Nandayus_nenday","0","1","0","0",NA,NA,NA,"0",NA,NA,NA,NA,NA,NA,NA,NA,"0","0","0",NA
"Nannopsittaca_dachilleae","0","1","0","0",NA,NA,NA,"0",NA,NA,NA,NA,NA,NA,NA,NA,"0","0","0",NA
"Nannopsittaca_panychlora","0","2","0","0",NA,NA,NA,"0",NA,NA,NA,"0",NA,NA,NA,"0","0","0","0",NA
"Napothera_brevicaudata","0","2","0","0",NA,NA,NA,"0",NA,"0",NA,NA,NA,NA,NA,NA,"0","0","0",NA
"Napothera_crassa","0","1","0","0",NA,NA,NA,"0",NA,NA,NA,NA,NA,NA,NA,NA,"0","0","0",NA
"Napothera_epilepidota","0","3","0","0",NA,NA,NA,"0",NA,"0",NA,"0",NA,NA,NA,"1","0","0","0",NA
"Nasica_longirostris","0","2","0","0",NA,NA,NA,"0",NA,"0",NA,NA,NA,NA,NA,NA,"0","0","0",NA
"Neafrapus_boehmi","0","3","0","0",NA,NA,NA,"0",NA,"0",NA,"0",NA,NA,NA,"0","0","0","0",NA
"Neafrapus_cassini","0","2","0","0",NA,NA,NA,"0",NA,NA,NA,"0",NA,NA,NA,"0","0","0","0",NA
"Necrosyrtes_monachus","0","3","0","0",NA,NA,NA,"0",NA,"0",NA,"0",NA,NA,NA,"0","0","0","0",NA
"Nectarinia_adelberti","0","1","0","0",NA,NA,NA,"0",NA,NA,NA,NA,NA,NA,NA,NA,"0","0","0",NA
"Nectarinia_afra","0","2","0","0",NA,NA,NA,"0",NA,"0",NA,NA,NA,NA,NA,NA,"0","0","0",NA
"Nectarinia_alinae","0","2","0","0",NA,NA,NA,"0",NA,"0",NA,NA,NA,NA,NA,NA,"0","0","0",NA
"Nectarinia_amethystina","0","2","0","0",NA,NA,NA,"0",NA,"0",NA,NA,NA,NA,NA,NA,"0","0","0",NA
"Nectarinia_asiatica","0","2","0","0",NA,NA,NA,"0",NA,"0",NA,NA,NA,NA,NA,NA,"0","0","0",NA
"Nectarinia_aspasia","0","1","0","0",NA,NA,NA,"0",NA,NA,NA,NA,NA,NA,NA,NA,"0","0","0",NA
"Nectarinia_balfouri","0","2","0","0",NA,NA,NA,"0",NA,"0",NA,NA,NA,NA,NA,NA,"0","0","0",NA
"Nectarinia_bannermani","0","1","0","0",NA,NA,NA,"0",NA,NA,NA,NA,NA,NA,NA,NA,"0","0","0",NA
"Nectarinia_batesi","0","1","0","0",NA,NA,NA,"0",NA,NA,NA,NA,NA,NA,NA,NA,"0","0","0",NA
"Nectarinia_bifasciata","0","2","0","0",NA,NA,NA,"0",NA,"0",NA,NA,NA,NA,NA,NA,"0","0","0",NA
"Nectarinia_bocagii","0","1","0","0",NA,NA,NA,"0",NA,NA,NA,NA,NA,NA,NA,NA,"0","0","0",NA
"Nectarinia_bouvieri","0","1","0","0",NA,NA,NA,"0",NA,NA,NA,NA,NA,NA,NA,NA,"0","0","0",NA
"Nectarinia_buettikoferi","0","1","0","0",NA,NA,NA,"0",NA,NA,NA,NA,NA,NA,NA,NA,"0","0","0",NA
"Nectarinia_calcostetha","0","1","0","0",NA,NA,NA,"0",NA,NA,NA,NA,NA,NA,NA,NA,"0","0","0",NA
"Nectarinia_chalcomelas","0","1","0","0",NA,NA,NA,"0",NA,NA,NA,NA,NA,NA,NA,NA,"0","0","0",NA
"Nectarinia_chalybea","0","2","0","0",NA,NA,NA,"0",NA,"0",NA,NA,NA,NA,NA,NA,"0","0","0",NA
"Nectarinia_chloropygia","0","2","0","0",NA,NA,NA,"0",NA,"0",NA,NA,NA,NA,NA,NA,"0","0","0",NA
"Nectarinia_coccinigaster","0","1","0","0",NA,NA,NA,"0",NA,NA,NA,NA,NA,NA,NA,NA,"0","0","0",NA
"Nectarinia_comorensis","0","1","0","0",NA,NA,NA,"0",NA,NA,NA,NA,NA,NA,NA,NA,"0","0","0",NA
"Nectarinia_congensis","0","1","0","0",NA,NA,NA,"0",NA,NA,NA,NA,NA,NA,NA,NA,"0","0","0",NA
"Nectarinia_coquerellii","0","1","0","0",NA,NA,NA,"0",NA,NA,NA,NA,NA,NA,NA,NA,"0","0","0",NA
"Nectarinia_cuprea","0","2","0","0",NA,NA,NA,"0",NA,"0",NA,NA,NA,NA,NA,NA,"0","0","0",NA
"Nectarinia_cyanolaema","0","1","0","0",NA,NA,NA,"0",NA,NA,NA,NA,NA,NA,NA,NA,"0","0","0",NA
"Nectarinia_dussumieri","1","0","3","0",NA,NA,NA,"1",NA,"1","1",NA,"K",NA,NA,NA,"1","0","0","Kin"
"Nectarinia_erythrocerca","0","1","0","0",NA,NA,NA,"0",NA,NA,NA,NA,NA,NA,NA,NA,"0","0","0",NA
"Nectarinia_famosa","0","3","0","0",NA,NA,NA,"0",NA,"0",NA,"0",NA,NA,NA,"0","0","0","0",NA
"Nectarinia_fuliginosa","0","1","0","0",NA,NA,NA,"0",NA,NA,NA,NA,NA,NA,NA,NA,"0","0","0",NA
"Nectarinia_fusca","0","2","0","0",NA,NA,NA,"0",NA,"0",NA,NA,NA,NA,NA,NA,"0","0","0",NA
"Nectarinia_habessinica","0","1","0","0",NA,NA,NA,"0",NA,NA,NA,NA,NA,NA,NA,NA,"0","0","0",NA
"Nectarinia_hartlaubii",NA,"0","0","0",NA,NA,NA,NA,NA,NA,NA,NA,NA,NA,NA,NA,"0","0","0",NA
"Nectarinia_humbloti","0","1","0","0",NA,NA,NA,"0",NA,NA,NA,NA,NA,NA,NA,NA,"0","0","0",NA
"Nectarinia_hunteri","0","1","0","0",NA,NA,NA,"0",NA,NA,NA,NA,NA,NA,NA,NA,"0","0","0",NA
"Nectarinia_johannae","0","1","0","0",NA,NA,NA,"0",NA,NA,NA,NA,NA,NA,NA,NA,"0","0","0",NA
"Nectarinia_johnstoni","0","3","0","0",NA,NA,NA,"0",NA,"0",NA,"0",NA,NA,NA,"0","0","0","0",NA
"Nectarinia_jugularis","0","2","0","0",NA,NA,NA,"0",NA,"0",NA,NA,NA,NA,NA,NA,"0","0","0",NA
"Nectarinia_kilimensis","0","3","0","0",NA,NA,NA,"0",NA,"0",NA,"0",NA,NA,NA,"0","0","0","0",NA
"Nectarinia_lotenia","0","2","0","0",NA,NA,NA,"0",NA,"0",NA,NA,NA,NA,NA,NA,"0","0","0",NA
"Nectarinia_loveridgei","0","2","0","0",NA,NA,NA,"0",NA,"0",NA,NA,NA,NA,NA,NA,"0","0","0",NA
"Nectarinia_ludovicensis","0","2","0","0",NA,NA,NA,"0",NA,"0",NA,NA,NA,NA,NA,NA,"0","0","0",NA
"Nectarinia_manoensis","0","2","0","0",NA,NA,NA,"0",NA,"0",NA,NA,NA,NA,NA,NA,"0","0","0",NA
"Nectarinia_mariquensis","0","2","0","0",NA,NA,NA,"0",NA,"0",NA,NA,NA,NA,NA,NA,"0","0","0",NA
"Nectarinia_mediocris","0","2","0","0",NA,NA,NA,"0",NA,"0",NA,NA,NA,NA,NA,NA,"0","0","0",NA
"Nectarinia_minima","0","1","0","0",NA,NA,NA,"0",NA,NA,NA,NA,NA,NA,NA,NA,"0","0","0",NA
"Nectarinia_minulla","0","2","0","0",NA,NA,NA,"0",NA,"0",NA,NA,NA,NA,NA,NA,"0","0","0",NA
"Nectarinia_moreaui","0","1","0","0",NA,NA,NA,"0",NA,NA,NA,NA,NA,NA,NA,NA,"0","0","0",NA
"Nectarinia_nectarinioides","0","1","0","0",NA,NA,NA,"0",NA,NA,NA,NA,NA,NA,NA,NA,"0","0","0",NA
"Nectarinia_neergardi","0","2","0","0",NA,NA,NA,"0",NA,"0",NA,NA,NA,NA,NA,NA,"0","0","0",NA
"Nectarinia_newtonii","1","0","1","0",NA,NA,NA,"1",NA,NA,NA,NA,NA,NA,NA,NA,"0","0","0",NA
"Nectarinia_notata","0","2","0","0",NA,NA,NA,"0",NA,"0",NA,NA,NA,NA,NA,NA,"0","0","0",NA
"Nectarinia_olivacea","0","2","0","0",NA,NA,NA,"0",NA,"0",NA,NA,NA,NA,NA,NA,"0","0","0",NA
"Nectarinia_oritis","0","2","0","0",NA,NA,NA,"0",NA,"0",NA,NA,NA,NA,NA,NA,"0","0","0",NA
"Nectarinia_osea","0","4","0","0",NA,"0","0","0",NA,"0",NA,NA,NA,NA,NA,NA,"0","0","0",NA
"Nectarinia_oustaleti","0","1","0","0",NA,NA,NA,"0",NA,NA,NA,NA,NA,NA,NA,NA,"0","0","0",NA
"Nectarinia_pembae","0","1","0","0",NA,NA,NA,"0",NA,NA,NA,NA,NA,NA,NA,NA,"0","0","0",NA
"Nectarinia_preussi","0","2","0","0",NA,NA,NA,"0",NA,"0",NA,NA,NA,NA,NA,NA,"0","0","0",NA
"Nectarinia_pulchella","0","1","0","0",NA,NA,NA,"0",NA,NA,NA,NA,NA,NA,NA,NA,"0","0","0",NA
"Nectarinia_purpureiventris","0","1","0","0",NA,NA,NA,"0",NA,NA,NA,NA,NA,NA,NA,NA,"0","0","0",NA
"Nectarinia_regia","0","2","0","0",NA,NA,NA,"0",NA,"0",NA,NA,NA,NA,NA,NA,"0","0","0",NA
"Nectarinia_reichenbachii","0","2","0","0",NA,NA,NA,"0",NA,"0",NA,NA,NA,NA,NA,NA,"0","0","0",NA
"Nectarinia_reichenowi","0","1","0","0",NA,NA,NA,"0",NA,NA,NA,NA,NA,NA,NA,NA,"0","0","0",NA
"Nectarinia_rockefelleri","0","1","0","0",NA,NA,NA,"0",NA,NA,NA,NA,NA,NA,NA,NA,"0","0","0",NA
"Nectarinia_rubescens","0","1","0","0",NA,NA,NA,"0",NA,NA,NA,NA,NA,NA,NA,NA,"0","0","0",NA
"Nectarinia_rufipennis","0","1","0","0",NA,NA,NA,"0",NA,NA,NA,NA,NA,NA,NA,NA,"0","0","0",NA
"Nectarinia_seimundi","0","1","0","0",NA,NA,NA,"0",NA,NA,NA,NA,NA,NA,NA,NA,"0","0","0",NA
"Nectarinia_senegalensis","0","2","0","0",NA,NA,NA,"0",NA,"0",NA,NA,NA,NA,NA,NA,"0","0","0",NA
"Nectarinia_shelleyi","0","1","0","0",NA,NA,NA,"0",NA,NA,NA,NA,NA,NA,NA,NA,"0","0","0",NA
"Nectarinia_solaris","0","1","0","0",NA,NA,NA,"0",NA,NA,NA,NA,NA,NA,NA,NA,"0","0","0",NA
"Nectarinia_sovimanga","0","2","0","0",NA,NA,NA,"0",NA,"0",NA,NA,NA,NA,NA,NA,"0","0","0",NA
"Nectarinia_sperata","0","1","0","0",NA,NA,NA,"0",NA,NA,NA,NA,NA,NA,NA,NA,"0","0","0",NA
"Nectarinia_stuhlmanni","0","1","0","0",NA,NA,NA,"0",NA,NA,NA,NA,NA,NA,NA,NA,"0","0","0",NA
"Nectarinia_superba","0","1","0","0",NA,NA,NA,"0",NA,NA,NA,NA,NA,NA,NA,NA,"0","0","0",NA
"Nectarinia_tacazze","0","2","0","0",NA,NA,NA,"0",NA,"0",NA,NA,NA,NA,NA,NA,"0","0","0",NA
"Nectarinia_talatala","0","2","0","0",NA,NA,NA,"0",NA,"0",NA,NA,NA,NA,NA,NA,"0","0","0",NA
"Nectarinia_thomensis","0","1","0","0",NA,NA,NA,"0",NA,NA,NA,NA,NA,NA,NA,NA,"0","0","0",NA
"Nectarinia_tsavoensis","0","1","0","0",NA,NA,NA,"0",NA,NA,NA,NA,NA,NA,NA,NA,"0","0","0",NA
"Nectarinia_ursulae","0","2","0","0",NA,NA,NA,"0",NA,"0",NA,NA,NA,NA,NA,NA,"0","0","0",NA
"Nectarinia_venusta","0","2","0","0",NA,NA,NA,"0",NA,"0",NA,NA,NA,NA,NA,NA,"0","0","0",NA
"Nectarinia_veroxii","0","1","0","0",NA,NA,NA,"0",NA,NA,NA,NA,NA,NA,NA,NA,"0","0","0",NA
"Nectarinia_verticalis","0","2","0","0",NA,NA,NA,"0",NA,"0",NA,NA,NA,NA,NA,NA,"0","0","0",NA
"Nectarinia_violacea","0","2","0","0",NA,NA,NA,"0",NA,"0",NA,NA,NA,NA,NA,NA,"0","0","0",NA
"Nectarinia_zeylonica","0","1","0","0",NA,NA,NA,"0",NA,NA,NA,NA,NA,NA,NA,NA,"0","0","0",NA
"Nemosia_pileata","0","3","0","0",NA,NA,NA,"0",NA,"0",NA,"0",NA,NA,NA,"1","0","0","0",NA
"Nemosia_rourei","1","0","1","0",NA,NA,NA,"1",NA,NA,NA,NA,NA,NA,NA,NA,"0","0","0",NA
"Neochelidon_tibialis","0","1","0","0",NA,NA,NA,"0",NA,NA,NA,NA,NA,NA,NA,NA,"0","0","0",NA
"Neochen_jubata","0","2","0","0",NA,NA,NA,"0",NA,"0",NA,NA,NA,NA,NA,NA,"0","0","0",NA
"Neochmia_modesta","0","2","0","0",NA,NA,NA,"0",NA,"0",NA,NA,NA,NA,NA,NA,"0","0","0",NA
"Neochmia_phaeton","0","2","0","0",NA,NA,NA,"0",NA,"0",NA,NA,NA,NA,NA,NA,"0","0","0",NA
"Neochmia_ruficauda","0","3","0","0",NA,NA,NA,"0",NA,"0",NA,"0",NA,NA,NA,"0","0","0","0",NA
"Neochmia_temporalis","0","3","0","0",NA,NA,NA,"0",NA,"0",NA,"0",NA,NA,NA,"0","0","0","0",NA
"Neocichla_gutturalis","1","0","4","0",NA,NA,NA,"1","1","1",NA,"1",NA,NA,"K","1","1","0","0","Kin"
"Neocossyphus_poensis","0","1","0","0",NA,NA,NA,"0",NA,NA,NA,NA,NA,NA,NA,NA,"0","0","0",NA
"Neocossyphus_rufus","0","2","0","0",NA,NA,NA,"0",NA,"0",NA,NA,NA,NA,NA,NA,"0","0","0",NA
"Neocrex_colombiana","0","1","0","0",NA,NA,NA,"0",NA,NA,NA,NA,NA,NA,NA,NA,"0","0","0",NA
"Neocrex_erythrops","0","1","0","0",NA,NA,NA,"0",NA,NA,NA,NA,NA,NA,NA,NA,"0","0","0",NA
"Neoctantes_niger","0","1","0","0",NA,NA,NA,"0",NA,NA,NA,NA,NA,NA,NA,NA,"0","0","0",NA
"Neodrepanis_coruscans","0","2","0","0",NA,NA,NA,"0",NA,"0",NA,NA,NA,NA,NA,NA,"0","0","0",NA
"Neodrepanis_hypoxantha","0","2","0","0",NA,NA,NA,"0",NA,"0",NA,NA,NA,NA,NA,NA,"0","0","0",NA
"Neolalage_banksiana","0","1","0","0",NA,NA,NA,"0",NA,NA,NA,NA,NA,NA,NA,NA,"0","0","0",NA
"Neolestes_torquatus","0","2","0","0",NA,NA,NA,"0",NA,"0",NA,NA,NA,NA,NA,NA,"0","0","0",NA
"Neomixis_flavoviridis","0","1","0","0",NA,NA,NA,"0",NA,NA,NA,NA,NA,NA,NA,NA,"0","0","0",NA
"Neomixis_striatigula","0","1","0","0",NA,NA,NA,"0",NA,NA,NA,NA,NA,NA,NA,NA,"0","0","0",NA
"Neomixis_tenella","0","2","0","0",NA,NA,NA,"0",NA,NA,NA,"0",NA,NA,NA,"0","0","0","0",NA
"Neomixis_viridis","0","1","0","0",NA,NA,NA,"0",NA,NA,NA,NA,NA,NA,NA,NA,"0","0","0",NA
"Neomorphus_geoffroyi","0","2","0","0",NA,NA,NA,"0",NA,"0",NA,NA,NA,NA,NA,NA,"0","0","0",NA
"Neomorphus_pucheranii","0","2","0","0",NA,NA,NA,"0",NA,"0",NA,NA,NA,NA,NA,NA,"0","0","0",NA
"Neomorphus_radiolosus","0","1","0","0",NA,NA,NA,"0",NA,NA,NA,NA,NA,NA,NA,NA,"0","0","0",NA
"Neomorphus_rufipennis","0","1","0","0",NA,NA,NA,"0",NA,NA,NA,NA,NA,NA,NA,NA,"0","0","0",NA
"Neomorphus_squamiger",NA,"0","0","0",NA,NA,NA,NA,NA,NA,NA,NA,NA,NA,NA,NA,"0","0","0",NA
"Neopelma_aurifrons","0","1","0","0",NA,NA,NA,"0",NA,NA,NA,NA,NA,NA,NA,NA,"0","0","0",NA
"Neopelma_chrysocephalum","0","3","0","0",NA,NA,NA,"0",NA,"0",NA,"0",NA,NA,NA,"0","0","0","0",NA
"Neopelma_chrysolophum","0","1","0","0",NA,NA,NA,"0",NA,NA,NA,NA,NA,NA,NA,NA,"0","0","0",NA
"Neopelma_pallescens","0","1","0","0",NA,NA,NA,"0",NA,NA,NA,NA,NA,NA,NA,NA,"0","0","0",NA
"Neopelma_sulphureiventer","0","1","0","0",NA,NA,NA,"0",NA,NA,NA,NA,NA,NA,NA,NA,"0","0","0",NA
"Neophema_chrysogaster","0","3","0","0",NA,NA,NA,"0",NA,"0",NA,"0",NA,NA,NA,"0","0","0","0",NA
"Neophema_chrysostoma","0","3","0","0",NA,NA,NA,"0",NA,"0",NA,"0",NA,NA,NA,"1","0","0","0",NA
"Neophema_elegans","0","3","0","0",NA,NA,NA,"0",NA,"0",NA,"0",NA,NA,NA,"1","0","0","0",NA
"Neophema_petrophila","0","2","0","0",NA,NA,NA,"0",NA,"0",NA,NA,NA,NA,NA,NA,"0","0","0",NA
"Neophema_pulchella","0","3","0","0",NA,NA,NA,"0",NA,"0",NA,"0",NA,NA,NA,"1","0","0","0",NA
"Neophema_splendida","0","2","0","0",NA,NA,NA,"0",NA,"0",NA,NA,NA,NA,NA,NA,"0","0","0",NA
"Neophron_percnopterus","0","2","0","0",NA,NA,NA,"0",NA,NA,NA,"0",NA,NA,NA,"1","0","0","0",NA
"Neopipo_cinnamomea","0","2","0","0",NA,NA,NA,"0",NA,NA,NA,"0",NA,NA,NA,"0","0","0","0",NA
"Neopsephotus_bourkii","0","2","0","0",NA,NA,NA,"0",NA,"0",NA,NA,NA,NA,NA,NA,"0","0","0",NA
"Neopsittacus_musschenbroekii","0","1","0","0",NA,NA,NA,"0",NA,NA,NA,NA,NA,NA,NA,NA,"0","0","0",NA
"Neopsittacus_pullicauda","0","1","0","0",NA,NA,NA,"0",NA,NA,NA,NA,NA,NA,NA,NA,"0","0","0",NA
"Neospiza_concolor","0","1","0","0",NA,NA,NA,"0",NA,NA,NA,NA,NA,NA,NA,NA,"0","0","0",NA
"Neothraupis_fasciata","1","0","4","0",NA,NA,NA,"1",NA,"1","1","1","K",NA,"K","1","2","0","0","Kin"
"Neotis_denhami","0","2","0","0",NA,NA,NA,"0",NA,"0",NA,NA,NA,NA,NA,NA,"0","0","0",NA
"Neotis_heuglinii","0","1","0","0",NA,NA,NA,"0",NA,NA,NA,NA,NA,NA,NA,NA,"0","0","0",NA
"Neotis_ludwigii","0","3","0","0",NA,NA,NA,"0",NA,"0",NA,"0",NA,NA,NA,"0","0","0","0",NA
"Neotis_nuba","0","1","0","0",NA,NA,NA,"0",NA,NA,NA,NA,NA,NA,NA,NA,"0","0","0",NA
"Neoxolmis_rufiventris","0","2","0","0",NA,NA,NA,"0",NA,"0",NA,NA,NA,NA,NA,NA,"0","0","0",NA
"Nephelornis_oneilli","0","1","0","0",NA,NA,NA,"0",NA,NA,NA,NA,NA,NA,NA,NA,"0","0","0",NA
"Nesasio_solomonensis","0","1","0","0",NA,NA,NA,"0",NA,NA,NA,NA,NA,NA,NA,NA,"0","0","0",NA
"Nesillas_brevicaudata","0","1","0","0",NA,NA,NA,"0",NA,NA,NA,NA,NA,NA,NA,NA,"0","0","0",NA
"Nesillas_longicaudata","0","1","0","0",NA,NA,NA,"0",NA,NA,NA,NA,NA,NA,NA,NA,"0","0","0",NA
"Nesillas_mariae","0","1","0","0",NA,NA,NA,"0",NA,NA,NA,NA,NA,NA,NA,NA,"0","0","0",NA
"Nesillas_typica","0","1","0","0",NA,NA,NA,"0",NA,NA,NA,NA,NA,NA,NA,NA,"0","0","0",NA
"Nesocharis_ansorgei","0","2","0","0",NA,NA,NA,"0",NA,"0",NA,NA,NA,NA,NA,NA,"0","0","0",NA
"Nesocharis_capistrata","0","1","0","0",NA,NA,NA,"0",NA,NA,NA,NA,NA,NA,NA,NA,"0","0","0",NA
"Nesocharis_shelleyi","0","1","0","0",NA,NA,NA,"0",NA,NA,NA,NA,NA,NA,NA,NA,"0","0","0",NA
"Nesocichla_eremita","0","1","0","0",NA,NA,NA,NA,NA,"0",NA,NA,NA,NA,NA,NA,"0","0","0",NA
"Nesoclopeus_woodfordi","0","1","0","0",NA,NA,NA,"0",NA,NA,NA,NA,NA,NA,NA,NA,"0","0","0",NA
"Nesoctites_micromegas","0","1","0","0",NA,NA,NA,"0",NA,NA,NA,NA,NA,NA,NA,NA,"0","0","0",NA
"Nesoenas_picturata","0","1","0","0",NA,NA,NA,"0",NA,NA,NA,NA,NA,NA,NA,NA,"0","0","0",NA
"Nesofregetta_fuliginosa","0","1","0","0",NA,NA,NA,NA,NA,"0",NA,NA,NA,NA,NA,NA,"0","0","0",NA
"Nesomimus_macdonaldi","1","0","1","0",NA,NA,NA,NA,NA,NA,"1",NA,"M",NA,NA,NA,"0","0","1","Mixed"
"Nesomimus_parvulus","1","0","1","0",NA,NA,NA,NA,NA,NA,"1",NA,"M",NA,NA,NA,"0","0","1","Mixed"
"Nesomimus_trifasciatus","1","0","1","0",NA,NA,NA,NA,NA,NA,"1",NA,"K",NA,NA,NA,"1","0","0","Kin"
"Nesopsar_nigerrimus","0","3","0","0",NA,NA,NA,"0",NA,"0",NA,"0",NA,NA,NA,"0","0","0","0",NA
"Nesospingus_speculiferus","0","1","0","0",NA,NA,NA,"0",NA,NA,NA,NA,NA,NA,NA,NA,"0","0","0",NA
"Nesospiza_acunhae","0","1","0","0",NA,NA,NA,NA,NA,"0",NA,NA,NA,NA,NA,NA,"0","0","0",NA
"Nesospiza_wilkinsi","0","1","0","0",NA,NA,NA,NA,NA,"0",NA,NA,NA,NA,NA,NA,"0","0","0",NA
"Nesotriccus_ridgwayi","0","1","0","0",NA,NA,NA,NA,NA,"0",NA,NA,NA,NA,NA,NA,"0","0","0",NA
"Nestor_meridionalis","0","1","0","0",NA,NA,NA,"0",NA,NA,NA,NA,NA,NA,NA,NA,"0","0","0",NA
"Nestor_notabilis","0","2","0","0",NA,NA,NA,"0",NA,NA,NA,"0",NA,NA,NA,"0","0","0","0",NA
"Netta_erythrophthalma","0","2","0","0",NA,NA,NA,"0",NA,"0",NA,NA,NA,NA,NA,NA,"0","0","0",NA
"Netta_peposaca","0","2","0","0",NA,NA,NA,"0",NA,"0",NA,NA,NA,NA,NA,NA,"0","0","0",NA
"Netta_rufina","0","2","0","0",NA,NA,NA,"0",NA,"0",NA,NA,NA,NA,NA,NA,"0","0","0",NA
"Nettapus_auritus","0","3","0","0",NA,NA,NA,"0",NA,"0",NA,"0",NA,NA,NA,"1","0","0","0",NA
"Nettapus_coromandelianus","0","3","0","0",NA,NA,NA,"0",NA,"0",NA,"0",NA,NA,NA,"0","0","0","0",NA
"Nettapus_pulchellus","0","3","0","0",NA,NA,NA,"0",NA,"0",NA,"0",NA,NA,NA,"1","0","0","0",NA
"Newtonia_amphichroa","0","2","0","0",NA,NA,NA,"0",NA,NA,NA,"0",NA,NA,NA,"1","0","0","0",NA
"Newtonia_archboldi","0","1","0","0",NA,NA,NA,"0",NA,NA,NA,NA,NA,NA,NA,NA,"0","0","0",NA
"Newtonia_brunneicauda","0","1","0","0",NA,NA,NA,"0",NA,NA,NA,NA,NA,NA,NA,NA,"0","0","0",NA
"Newtonia_fanovanae","0","1","0","0",NA,NA,NA,"0",NA,NA,NA,NA,NA,NA,NA,NA,"0","0","0",NA
"Nicator_chloris","0","2","0","0",NA,NA,NA,"0",NA,"0",NA,NA,NA,NA,NA,NA,"0","0","0",NA
"Nicator_gularis","0","3","0","0",NA,NA,NA,"0",NA,"0",NA,"0",NA,NA,NA,"0","0","0","0",NA
"Nicator_vireo","0","3","0","0",NA,NA,NA,"0",NA,"0",NA,"0",NA,NA,NA,"0","0","0","0",NA
"Nigrita_bicolor","0","1","0","0",NA,NA,NA,"0",NA,NA,NA,NA,NA,NA,NA,NA,"0","0","0",NA
"Nigrita_canicapillus","0","1","0","0",NA,NA,NA,"0",NA,NA,NA,NA,NA,NA,NA,NA,"0","0","0",NA
"Nigrita_fusconotus","0","1","0","0",NA,NA,NA,"0",NA,NA,NA,NA,NA,NA,NA,NA,"0","0","0",NA
"Nigrita_luteifrons","0","3","0","0",NA,NA,NA,"0",NA,"0",NA,"0",NA,NA,NA,"1","0","0","0",NA
"Nilaus_afer","0","2","0","0",NA,NA,NA,"0",NA,"0",NA,NA,NA,NA,NA,NA,"0","0","0",NA
"Niltava_davidi","0","1","0","0",NA,NA,NA,"0",NA,NA,NA,NA,NA,NA,NA,NA,"0","0","0",NA
"Niltava_grandis","0","2","0","0",NA,NA,NA,"0",NA,"0",NA,NA,NA,NA,NA,NA,"0","0","0",NA
"Niltava_macgrigoriae","0","2","0","0",NA,NA,NA,"0",NA,"0",NA,NA,NA,NA,NA,NA,"0","0","0",NA
"Niltava_sumatrana","0","1","0","0",NA,NA,NA,"0",NA,NA,NA,NA,NA,NA,NA,NA,"0","0","0",NA
"Niltava_sundara","0","3","0","0",NA,NA,NA,"0",NA,"0",NA,"0",NA,NA,NA,"0","0","0","0",NA
"Niltava_vivida","0","1","0","0",NA,NA,NA,"0",NA,NA,NA,NA,NA,NA,NA,NA,"0","0","0",NA
"Ninox_affinis","0","1","0","0",NA,NA,NA,"0",NA,NA,NA,NA,NA,NA,NA,NA,"0","0","0",NA
"Ninox_boobook","0","3","0","0",NA,NA,NA,"0",NA,"0",NA,"0",NA,NA,NA,"1","0","0","0",NA
"Ninox_connivens","0","3","0","0",NA,NA,NA,"0",NA,"0",NA,"0",NA,NA,NA,"1","0","0","0",NA
"Ninox_jacquinoti","0","1","0","0",NA,NA,NA,"0",NA,NA,NA,NA,NA,NA,NA,NA,"0","0","0",NA
"Ninox_meeki","0","1","0","0",NA,NA,NA,"0",NA,NA,NA,NA,NA,NA,NA,NA,"0","0","0",NA
"Ninox_novaeseelandiae","0","2","0","0",NA,NA,NA,"0",NA,"0",NA,NA,NA,NA,NA,NA,"0","0","0",NA
"Ninox_ochracea","0","1","0","0",NA,NA,NA,"0",NA,NA,NA,NA,NA,NA,NA,NA,"0","0","0",NA
"Ninox_odiosa","0","1","0","0",NA,NA,NA,"0",NA,NA,NA,NA,NA,NA,NA,NA,"0","0","0",NA
"Ninox_philippensis","0","1","0","0",NA,NA,NA,"0",NA,NA,NA,NA,NA,NA,NA,NA,"0","0","0",NA
"Ninox_punctulata","0","1","0","0",NA,NA,NA,"0",NA,NA,NA,NA,NA,NA,NA,NA,"0","0","0",NA
"Ninox_rudolfi","0","1","0","0",NA,NA,NA,"0",NA,NA,NA,NA,NA,NA,NA,NA,"0","0","0",NA
"Ninox_rufa","0","3","0","0",NA,NA,NA,"0",NA,"0",NA,"0",NA,NA,NA,"1","0","0","0",NA
"Ninox_scutulata","0","2","0","0",NA,NA,NA,"0",NA,"0",NA,NA,NA,NA,NA,NA,"0","0","0",NA
"Ninox_squamipila","0","1","0","0",NA,NA,NA,"0",NA,NA,NA,NA,NA,NA,NA,NA,"0","0","0",NA
"Ninox_strenua","0","3","0","0",NA,NA,NA,"0",NA,"0",NA,"0",NA,NA,NA,"1","0","0","0",NA
"Ninox_superciliaris","0","1","0","0",NA,NA,NA,"0",NA,NA,NA,NA,NA,NA,NA,NA,"0","0","0",NA
"Ninox_theomacha","0","1","0","0",NA,NA,NA,"0",NA,NA,NA,NA,NA,NA,NA,NA,"0","0","0",NA
"Ninox_variegata","0","1","0","0",NA,NA,NA,"0",NA,NA,NA,NA,NA,NA,NA,NA,"0","0","0",NA
"Nipponia_nippon","0","2","0","0",NA,NA,NA,"0",NA,"0",NA,NA,NA,NA,NA,NA,"0","0","0",NA
"Nisaetus_alboniger","0","1","0","0",NA,NA,NA,"0",NA,NA,NA,NA,NA,NA,NA,NA,"0","0","0",NA
"Nisaetus_bartelsi","1","0","2","0",NA,NA,NA,"1",NA,"1",NA,NA,NA,NA,NA,NA,"0","0","0",NA
"Nisaetus_cirrhatus","0","2","0","0",NA,NA,NA,"0",NA,"0",NA,NA,NA,NA,NA,NA,"0","0","0",NA
"Nisaetus_lanceolatus","0","1","0","0",NA,NA,NA,"0",NA,NA,NA,NA,NA,NA,NA,NA,"0","0","0",NA
"Nisaetus_nanus","0","1","0","0",NA,NA,NA,"0",NA,NA,NA,NA,NA,NA,NA,NA,"0","0","0",NA
"Nisaetus_nipalensis","0","2","0","0",NA,NA,NA,"0",NA,"0",NA,NA,NA,NA,NA,NA,"0","0","0",NA
"Nisaetus_philippensis","0","1","0","0",NA,NA,NA,"0",NA,NA,NA,NA,NA,NA,NA,NA,"0","0","0",NA
"Nomonyx_dominicus","0","1","0","0",NA,NA,NA,"0",NA,NA,NA,NA,NA,NA,NA,NA,"0","0","0",NA
"Nonnula_amaurocephala","0","1","0","0",NA,NA,NA,"0",NA,NA,NA,NA,NA,NA,NA,NA,"0","0","0",NA
"Nonnula_brunnea","0","1","0","0",NA,NA,NA,"0",NA,NA,NA,NA,NA,NA,NA,NA,"0","0","0",NA
"Nonnula_frontalis","0","1","0","0",NA,NA,NA,"0",NA,NA,NA,NA,NA,NA,NA,NA,"0","0","0",NA
"Nonnula_rubecula","0","1","0","0",NA,NA,NA,"0",NA,NA,NA,NA,NA,NA,NA,NA,"0","0","0",NA
"Nonnula_ruficapilla","0","1","0","0",NA,NA,NA,"0",NA,NA,NA,NA,NA,NA,NA,NA,"0","0","0",NA
"Nonnula_sclateri","0","1","0","0",NA,NA,NA,"0",NA,NA,NA,NA,NA,NA,NA,NA,"0","0","0",NA
"Northiella_haematogaster","0","3","0","0",NA,NA,NA,"0",NA,"0",NA,"0",NA,NA,NA,"1","0","0","0",NA
"Notharchus_macrorhynchos","0","2","0","0",NA,NA,NA,"0",NA,"0",NA,NA,NA,NA,NA,NA,"0","0","0",NA
"Notharchus_ordii","0","1","0","0",NA,NA,NA,"0",NA,NA,NA,NA,NA,NA,NA,NA,"0","0","0",NA
"Notharchus_pectoralis","0","2","0","0",NA,NA,NA,"0",NA,"0",NA,NA,NA,NA,NA,NA,"0","0","0",NA
"Notharchus_swainsoni","0","1","0","0",NA,NA,NA,"0",NA,NA,NA,NA,NA,NA,NA,NA,"0","0","0",NA
"Notharchus_tectus","0","1","0","0",NA,NA,NA,"0",NA,NA,NA,NA,NA,NA,NA,NA,"0","0","0",NA
"Nothocercus_bonapartei","0","2","0","0",NA,NA,NA,"0",NA,"0",NA,NA,NA,NA,NA,NA,"0","0","0",NA
"Nothocercus_julius","0","1","0","0",NA,NA,NA,"0",NA,NA,NA,NA,NA,NA,NA,NA,"0","0","0",NA
"Nothocercus_nigrocapillus","0","1","0","0",NA,NA,NA,"0",NA,NA,NA,NA,NA,NA,NA,NA,"0","0","0",NA
"Nothocrax_urumutum","0","2","0","0",NA,NA,NA,"0",NA,"0",NA,NA,NA,NA,NA,NA,"0","0","0",NA
"Nothoprocta_cinerascens","0","2","0","0",NA,NA,NA,"0",NA,"0",NA,NA,NA,NA,NA,NA,"0","0","0",NA
"Nothoprocta_curvirostris","0","1","0","0",NA,NA,NA,"0",NA,NA,NA,NA,NA,NA,NA,NA,"0","0","0",NA
"Nothoprocta_ornata","0","2","0","0",NA,NA,NA,"0",NA,"0",NA,NA,NA,NA,NA,NA,"0","0","0",NA
"Nothoprocta_pentlandii","0","2","0","0",NA,NA,NA,"0",NA,"0",NA,NA,NA,NA,NA,NA,"0","0","0",NA
"Nothoprocta_perdicaria","0","1","0","0",NA,NA,NA,"0",NA,NA,NA,NA,NA,NA,NA,NA,"0","0","0",NA
"Nothoprocta_taczanowskii","0","1","0","0",NA,NA,NA,"0",NA,NA,NA,NA,NA,NA,NA,NA,"0","0","0",NA
"Nothura_boraquira","0","1","0","0",NA,NA,NA,"0",NA,NA,NA,NA,NA,NA,NA,NA,"0","0","0",NA
"Nothura_chacoensis","0","1","0","0",NA,NA,NA,"0",NA,NA,NA,NA,NA,NA,NA,NA,"0","0","0",NA
"Nothura_darwinii","0","2","0","0",NA,NA,NA,"0",NA,"0",NA,NA,NA,NA,NA,NA,"0","0","0",NA
"Nothura_maculosa","0","2","0","0",NA,NA,NA,"0",NA,"0",NA,NA,NA,NA,NA,NA,"0","0","0",NA
"Nothura_minor","0","1","0","0",NA,NA,NA,"0",NA,NA,NA,NA,NA,NA,NA,NA,"0","0","0",NA
"Notiochelidon_flavipes","0","1","0","0",NA,NA,NA,"0",NA,NA,NA,NA,NA,NA,NA,NA,"0","0","0",NA
"Notiochelidon_murina","0","1","0","0",NA,NA,NA,"0",NA,NA,NA,NA,NA,NA,NA,NA,"0","0","0",NA
"Notiochelidon_pileata","0","2","0","0",NA,NA,NA,"0",NA,"0",NA,NA,NA,NA,NA,NA,"0","0","0",NA
"Notiomystis_cincta","1","1","4","1",NA,"0","1","1",NA,"1","1",NA,"NK","NK",NA,NA,"0","2","0","NonKin"
"Nucifraga_caryocatactes","0","2","0","0",NA,NA,NA,"0",NA,"0",NA,NA,NA,NA,NA,NA,"0","0","0",NA
"Nucifraga_columbiana","0","2","0","0",NA,NA,NA,"0",NA,"0",NA,NA,NA,NA,NA,NA,"0","0","0",NA
"Numenius_americanus","0","3","0","0",NA,NA,NA,"0",NA,"0",NA,"0",NA,NA,NA,"1","0","0","0",NA
"Numenius_arquata","0","2","0","0",NA,NA,NA,"0",NA,"0",NA,NA,NA,NA,NA,NA,"0","0","0",NA
"Numenius_borealis","0","1","0","0",NA,NA,NA,"0",NA,NA,NA,NA,NA,NA,NA,NA,"0","0","0",NA
"Numenius_madagascariensis","0","2","0","0",NA,NA,NA,"0",NA,"0",NA,NA,NA,NA,NA,NA,"0","0","0",NA
"Numenius_minutus","0","2","0","0",NA,NA,NA,"0",NA,"0",NA,NA,NA,NA,NA,NA,"0","0","0",NA
"Numenius_phaeopus","0","3","0","0",NA,NA,NA,"0",NA,"0",NA,"0",NA,NA,NA,"0","0","0","0",NA
"Numenius_tahitiensis","0","3","0","0",NA,NA,NA,"0",NA,"0",NA,"0",NA,NA,NA,"0","0","0","0",NA
"Numenius_tenuirostris","0","1","0","0",NA,NA,NA,"0",NA,NA,NA,NA,NA,NA,NA,NA,"0","0","0",NA
"Numida_meleagris","0","3","0","0",NA,NA,NA,"0",NA,"0",NA,"0",NA,NA,NA,"1","0","0","0",NA
"Nyctanassa_violacea","0","2","0","0",NA,NA,NA,"0",NA,"0",NA,NA,NA,NA,NA,NA,"0","0","0",NA
"Nyctea_scandiaca","0","1","0","0",NA,NA,NA,NA,NA,NA,NA,"0",NA,NA,NA,"0","0","0","0",NA
"Nyctibius_aethereus","0","1","0","0",NA,NA,NA,"0",NA,NA,NA,NA,NA,NA,NA,NA,"0","0","0",NA
"Nyctibius_bracteatus","0","2","0","0",NA,NA,NA,"0",NA,"0",NA,NA,NA,NA,NA,NA,"0","0","0",NA
"Nyctibius_grandis","0","1","0","0",NA,NA,NA,"0",NA,NA,NA,NA,NA,NA,NA,NA,"0","0","0",NA
"Nyctibius_griseus","0","2","0","0",NA,NA,NA,"0",NA,"0",NA,NA,NA,NA,NA,NA,"0","0","0",NA
"Nyctibius_jamaicensis","0","1","0","0",NA,NA,NA,"0",NA,NA,NA,NA,NA,NA,NA,NA,"0","0","0",NA
"Nyctibius_leucopterus","0","1","0","0",NA,NA,NA,"0",NA,NA,NA,NA,NA,NA,NA,NA,"0","0","0",NA
"Nyctibius_maculosus","0","1","0","0",NA,NA,NA,"0",NA,NA,NA,NA,NA,NA,NA,NA,"0","0","0",NA
"Nycticorax_caledonicus","0","2","0","0",NA,NA,NA,"0",NA,"0",NA,NA,NA,NA,NA,NA,"0","0","0",NA
"Nycticorax_nycticorax","0","3","0","0",NA,NA,NA,"0",NA,"0",NA,"0",NA,NA,NA,"0","0","0","0",NA
"Nyctidromus_albicollis","0","3","0","0",NA,NA,NA,"0",NA,"0",NA,"0",NA,NA,NA,"1","0","0","0",NA
"Nyctiphrynus_mcleodii","0","2","0","0",NA,NA,NA,"0",NA,"0",NA,NA,NA,NA,NA,NA,"0","0","0",NA
"Nyctiphrynus_ocellatus","0","1","0","0",NA,NA,NA,"0",NA,NA,NA,NA,NA,NA,NA,NA,"0","0","0",NA
"Nyctiphrynus_rosenbergi","0","1","0","0",NA,NA,NA,"0",NA,NA,NA,NA,NA,NA,NA,NA,"0","0","0",NA
"Nyctiphrynus_yucatanicus","0","1","0","0",NA,NA,NA,"0",NA,NA,NA,NA,NA,NA,NA,NA,"0","0","0",NA
"Nyctiprogne_leucopyga","0","1","0","0",NA,NA,NA,"0",NA,NA,NA,NA,NA,NA,NA,NA,"0","0","0",NA
"Nyctyornis_amictus","0","2","0","0",NA,NA,NA,"0",NA,"0",NA,NA,NA,NA,NA,NA,"0","0","0",NA
"Nyctyornis_athertoni","0","2","0","0",NA,NA,NA,"0",NA,"0",NA,NA,NA,NA,NA,NA,"0","0","0",NA
"Nymphicus_hollandicus","0","2","0","0",NA,NA,NA,"0",NA,NA,NA,"0",NA,NA,NA,"1","0","0","0",NA
"Nystalus_chacuru","0","1","0","0",NA,NA,NA,"0",NA,NA,NA,NA,NA,NA,NA,NA,"0","0","0",NA
"Nystalus_maculatus","0","1","0","0",NA,NA,NA,"0",NA,NA,NA,NA,NA,NA,NA,NA,"0","0","0",NA
"Nystalus_radiatus","0","1","0","0",NA,NA,NA,"0",NA,NA,NA,NA,NA,NA,NA,NA,"0","0","0",NA
"Nystalus_striolatus","0","1","0","0",NA,NA,NA,"0",NA,NA,NA,NA,NA,NA,NA,NA,"0","0","0",NA
"Oceanites_gracilis",NA,"0","0","0",NA,NA,NA,NA,NA,NA,NA,NA,NA,NA,NA,NA,"0","0","0",NA
"Oceanites_oceanicus","0","2","0","0",NA,"0",NA,NA,NA,"0",NA,NA,NA,NA,NA,NA,"0","0","0",NA
"Oceanodroma_castro","0","1","0","0",NA,NA,NA,NA,NA,"0",NA,NA,NA,NA,NA,NA,"0","0","0",NA
"Oceanodroma_furcata","0","1","0","0",NA,NA,NA,NA,NA,"0",NA,NA,NA,NA,NA,NA,"0","0","0",NA
"Oceanodroma_homochroa","0","1","0","0",NA,NA,NA,NA,NA,"0",NA,NA,NA,NA,NA,NA,"0","0","0",NA
"Oceanodroma_hornbyi",NA,"0","0","0",NA,NA,NA,NA,NA,NA,NA,NA,NA,NA,NA,NA,"0","0","0",NA
"Oceanodroma_leucorhoa","0","3","0","0",NA,"0","0",NA,NA,"0",NA,NA,NA,NA,NA,NA,"0","0","0",NA
"Oceanodroma_markhami",NA,"0","0","0",NA,NA,NA,NA,NA,NA,NA,NA,NA,NA,NA,NA,"0","0","0",NA
"Oceanodroma_matsudairae",NA,"0","0","0",NA,NA,NA,NA,NA,NA,NA,NA,NA,NA,NA,NA,"0","0","0",NA
"Oceanodroma_melania","0","1","0","0",NA,NA,NA,NA,NA,"0",NA,NA,NA,NA,NA,NA,"0","0","0",NA
"Oceanodroma_monorhis","0","1","0","0",NA,NA,NA,NA,NA,"0",NA,NA,NA,NA,NA,NA,"0","0","0",NA
"Oceanodroma_tethys","0","1","0","0",NA,NA,NA,NA,NA,"0",NA,NA,NA,NA,NA,NA,"0","0","0",NA
"Oceanodroma_tristrami","0","1","0","0",NA,NA,NA,NA,NA,"0",NA,NA,NA,NA,NA,NA,"0","0","0",NA
"Ochetorhynchus_andaecola","0","1","0","0",NA,NA,NA,"0",NA,NA,NA,NA,NA,NA,NA,NA,"0","0","0",NA
"Ochetorhynchus_ruficaudus","0","1","0","0",NA,NA,NA,"0",NA,NA,NA,NA,NA,NA,NA,NA,"0","0","0",NA
"Ochthoeca_cinnamomeiventris","0","2","0","0",NA,NA,NA,"0",NA,NA,NA,"0",NA,NA,NA,"0","0","0","0",NA
"Ochthoeca_diadema","0","2","0","0",NA,NA,NA,"0",NA,NA,NA,"0",NA,NA,NA,"0","0","0","0",NA
"Ochthoeca_frontalis","0","1","0","0",NA,NA,NA,"0",NA,NA,NA,NA,NA,NA,NA,NA,"0","0","0",NA
"Ochthoeca_fumicolor","0","2","0","0",NA,NA,NA,"0",NA,"0",NA,NA,NA,NA,NA,NA,"0","0","0",NA
"Ochthoeca_jelskii","0","1","0","0",NA,NA,NA,"0",NA,NA,NA,NA,NA,NA,NA,NA,"0","0","0",NA
"Ochthoeca_leucophrys","0","1","0","0",NA,NA,NA,"0",NA,NA,NA,NA,NA,NA,NA,NA,"0","0","0",NA
"Ochthoeca_nigrita","0","1","0","0",NA,NA,NA,"0",NA,NA,NA,NA,NA,NA,NA,NA,"0","0","0",NA
"Ochthoeca_oenanthoides","0","2","0","0",NA,NA,NA,"0",NA,"0",NA,NA,NA,NA,NA,NA,"0","0","0",NA
"Ochthoeca_piurae","0","1","0","0",NA,NA,NA,"0",NA,NA,NA,NA,NA,NA,NA,NA,"0","0","0",NA
"Ochthoeca_pulchella","0","1","0","0",NA,NA,NA,"0",NA,NA,NA,NA,NA,NA,NA,NA,"0","0","0",NA
"Ochthoeca_rufipectoralis","0","1","0","0",NA,NA,NA,"0",NA,NA,NA,NA,NA,NA,NA,NA,"0","0","0",NA
"Ochthoeca_thoracica","0","1","0","0",NA,NA,NA,"0",NA,NA,NA,NA,NA,NA,NA,NA,"0","0","0",NA
"Ochthornis_littoralis","0","1","0","0",NA,NA,NA,"0",NA,NA,NA,NA,NA,NA,NA,NA,"0","0","0",NA
"Ocreatus_underwoodii","0","3","0","0",NA,NA,NA,"0",NA,"0",NA,"0",NA,NA,NA,"0","0","0","0",NA
"Oculocincta_squamifrons","0","1","0","0",NA,NA,NA,"0",NA,NA,NA,NA,NA,NA,NA,NA,"0","0","0",NA
"Ocyalus_latirostris","0","1","0","0",NA,NA,NA,"0",NA,NA,NA,NA,NA,NA,NA,NA,"0","0","0",NA
"Ocyceros_birostris","1","1","1","1",NA,NA,NA,"1",NA,"0",NA,NA,NA,NA,NA,NA,"0","0","0",NA
"Ocyceros_gingalensis","1","1","1","1",NA,NA,NA,"1",NA,"0",NA,NA,NA,NA,NA,NA,"0","0","0",NA
"Ocyceros_griseus","0","2","0","0",NA,NA,NA,"0",NA,"0",NA,NA,NA,NA,NA,NA,"0","0","0",NA
"Ocyphaps_lophotes","0","1","0","0",NA,NA,NA,NA,NA,NA,NA,"0",NA,NA,NA,"0","0","0","0",NA
"Odontophorus_atrifrons","0","1","0","0",NA,NA,NA,"0",NA,NA,NA,NA,NA,NA,NA,NA,"0","0","0",NA
"Odontophorus_balliviani","0","1","0","0",NA,NA,NA,"0",NA,NA,NA,NA,NA,NA,NA,NA,"0","0","0",NA
"Odontophorus_capueira","0","3","0","0",NA,NA,NA,"0",NA,"0",NA,"0",NA,NA,NA,"1","0","0","0",NA
"Odontophorus_columbianus","0","1","0","0",NA,NA,NA,"0",NA,NA,NA,NA,NA,NA,NA,NA,"0","0","0",NA
"Odontophorus_dialeucos","0","1","0","0",NA,NA,NA,"0",NA,NA,NA,NA,NA,NA,NA,NA,"0","0","0",NA
"Odontophorus_erythrops","0","1","0","0",NA,NA,NA,"0",NA,NA,NA,NA,NA,NA,NA,NA,"0","0","0",NA
"Odontophorus_gujanensis","0","2","0","0",NA,NA,NA,"0",NA,"0",NA,NA,NA,NA,NA,NA,"0","0","0",NA
"Odontophorus_guttatus","0","1","0","0",NA,NA,NA,"0",NA,NA,NA,NA,NA,NA,NA,NA,"0","0","0",NA
"Odontophorus_hyperythrus","0","1","0","0",NA,NA,NA,"0",NA,NA,NA,NA,NA,NA,NA,NA,"0","0","0",NA
"Odontophorus_leucolaemus","0","1","0","0",NA,NA,NA,"0",NA,NA,NA,NA,NA,NA,NA,NA,"0","0","0",NA
"Odontophorus_melanonotus","0","1","0","0",NA,NA,NA,"0",NA,NA,NA,NA,NA,NA,NA,NA,"0","0","0",NA
"Odontophorus_melanotis","0","1","0","0",NA,NA,NA,"0",NA,NA,NA,NA,NA,NA,NA,NA,"0","0","0",NA
"Odontophorus_speciosus","0","1","0","0",NA,NA,NA,"0",NA,NA,NA,NA,NA,NA,NA,NA,"0","0","0",NA
"Odontophorus_stellatus","0","1","0","0",NA,NA,NA,"0",NA,NA,NA,NA,NA,NA,NA,NA,"0","0","0",NA
"Odontophorus_strophium","0","1","0","0",NA,NA,NA,"0",NA,NA,NA,NA,NA,NA,NA,NA,"0","0","0",NA
"Odontorchilus_branickii","0","1","0","0",NA,NA,NA,"0",NA,NA,NA,NA,NA,NA,NA,NA,"0","0","0",NA
"Odontorchilus_cinereus","0","1","0","0",NA,NA,NA,"0",NA,NA,NA,NA,NA,NA,NA,NA,"0","0","0",NA
"Oedistoma_pygmaeum","0","1","0","0",NA,NA,NA,"0",NA,NA,NA,NA,NA,NA,NA,NA,"0","0","0",NA
"Oena_capensis","0","3","0","0",NA,NA,NA,"0",NA,"0",NA,"0",NA,NA,NA,"0","0","0","0",NA
"Oenanthe_albonigra","0","2","0","0",NA,NA,NA,"0",NA,"0",NA,NA,NA,NA,NA,NA,"0","0","0",NA
"Oenanthe_bifasciata","1","1","1","1",NA,NA,NA,"0",NA,NA,NA,"1",NA,NA,"K","1","1","0","0","Kin"
"Oenanthe_bottae","0","1","0","0",NA,NA,NA,"0",NA,NA,NA,NA,NA,NA,NA,NA,"0","0","0",NA
"Oenanthe_cypriaca","0","2","0","0",NA,NA,NA,"0",NA,"0",NA,NA,NA,NA,NA,NA,"0","0","0",NA
"Oenanthe_deserti","0","2","0","0",NA,NA,NA,"0",NA,"0",NA,NA,NA,NA,NA,NA,"0","0","0",NA
"Oenanthe_finschii","0","2","0","0",NA,NA,NA,"0",NA,"0",NA,NA,NA,NA,NA,NA,"0","0","0",NA
"Oenanthe_hispanica","0","2","0","0",NA,NA,NA,"0",NA,"0",NA,NA,NA,NA,NA,NA,"0","0","0",NA
"Oenanthe_isabellina","0","2","0","0",NA,NA,NA,"0",NA,"0",NA,NA,NA,NA,NA,NA,"0","0","0",NA
"Oenanthe_leucopyga","0","2","0","0",NA,NA,NA,"0",NA,NA,NA,"0",NA,NA,NA,"0","0","0","0",NA
"Oenanthe_leucura","0","3","0","0",NA,NA,NA,"0",NA,"0",NA,"0",NA,NA,NA,"1","0","0","0",NA
"Oenanthe_lugens","0","3","0","0",NA,NA,NA,"0",NA,"0",NA,"0",NA,NA,NA,"1","0","0","0",NA
"Oenanthe_lugentoides","0","2","0","0",NA,NA,NA,"0",NA,NA,NA,"0",NA,NA,NA,"1","0","0","0",NA
"Oenanthe_lugubris","1","0","1","0",NA,NA,NA,NA,NA,NA,"1",NA,"K",NA,NA,NA,"1","0","0","Kin"
"Oenanthe_moesta","0","2","0","0",NA,NA,NA,"0",NA,"0",NA,NA,NA,NA,NA,NA,"0","0","0",NA
"Oenanthe_monacha","0","2","0","0",NA,NA,NA,"0",NA,"0",NA,NA,NA,NA,NA,NA,"0","0","0",NA
"Oenanthe_monticola","0","2","0","0",NA,NA,NA,"0",NA,"0",NA,NA,NA,NA,NA,NA,"0","0","0",NA
"Oenanthe_oenanthe","0","4","0","0",NA,"0","0","0",NA,NA,NA,"0",NA,NA,NA,"0","0","0","0",NA
"Oenanthe_phillipsi","0","2","0","0",NA,NA,NA,"0",NA,"0",NA,NA,NA,NA,NA,NA,"0","0","0",NA
"Oenanthe_picata","0","2","0","0",NA,NA,NA,"0",NA,"0",NA,NA,NA,NA,NA,NA,"0","0","0",NA
"Oenanthe_pileata","0","3","0","0",NA,NA,NA,"0",NA,"0",NA,"0",NA,NA,NA,"1","0","0","0",NA
"Oenanthe_pleschanka","0","2","0","0",NA,NA,NA,"0",NA,"0",NA,NA,NA,NA,NA,NA,"0","0","0",NA
"Oenanthe_xanthoprymna","0","1","0","0",NA,NA,NA,"0",NA,NA,NA,NA,NA,NA,NA,NA,"0","0","0",NA
"Ognorhynchus_icterotis","0","2","0","0",NA,NA,NA,"0",NA,"0",NA,NA,NA,NA,NA,NA,"0","0","0",NA
"Oncostoma_cinereigulare","0","2","0","0",NA,NA,NA,"0",NA,"0",NA,NA,NA,NA,NA,NA,"0","0","0",NA
"Oncostoma_olivaceum","0","2","0","0",NA,NA,NA,"0",NA,"0",NA,NA,NA,NA,NA,NA,"0","0","0",NA
"Onychognathus_albirostris","0","4","0","0",NA,NA,NA,"0","0","0",NA,"0",NA,NA,NA,"1","0","0","0",NA
"Onychognathus_blythii","0","2","0","0",NA,NA,NA,"0","0",NA,NA,NA,NA,NA,NA,NA,"0","0","0",NA
"Onychognathus_frater","0","2","0","0",NA,NA,NA,"0","0",NA,NA,NA,NA,NA,NA,NA,"0","0","0",NA
"Onychognathus_fulgidus","0","2","0","0",NA,NA,NA,"0","0",NA,NA,NA,NA,NA,NA,NA,"0","0","0",NA
"Onychognathus_morio","0","4","0","0",NA,NA,NA,"0","0","0",NA,"0",NA,NA,NA,"0","0","0","0",NA
"Onychognathus_nabouroup","0","3","0","0",NA,NA,NA,"0","0","0",NA,NA,NA,NA,NA,NA,"0","0","0",NA
"Onychognathus_neumanni","0","2","0","0",NA,NA,NA,"0","0",NA,NA,NA,NA,NA,NA,NA,"0","0","0",NA
"Onychognathus_salvadorii","0","2","0","0",NA,NA,NA,"0","0",NA,NA,NA,NA,NA,NA,NA,"0","0","0",NA
"Onychognathus_tenuirostris","0","4","0","0",NA,NA,NA,"0","0","0",NA,"0",NA,NA,NA,"0","0","0","0",NA
"Onychognathus_tristramii","0","3","0","0",NA,NA,NA,"0",NA,"0",NA,"0",NA,NA,NA,"0","0","0","0",NA
"Onychognathus_walleri","0","3","0","0",NA,NA,NA,"0","0","0",NA,NA,NA,NA,NA,NA,"0","0","0",NA
"Onychorhynchus_coronatus","0","2","0","0",NA,NA,NA,"0",NA,"0",NA,NA,NA,NA,NA,NA,"0","0","0",NA
"Onychorhynchus_mexicanus","0","1","0","0",NA,NA,NA,"0",NA,NA,NA,NA,NA,NA,NA,NA,"0","0","0",NA
"Onychorhynchus_occidentalis","0","1","0","0",NA,NA,NA,"0",NA,NA,NA,NA,NA,NA,NA,NA,"0","0","0",NA
"Onychorhynchus_swainsoni","0","1","0","0",NA,NA,NA,"0",NA,NA,NA,NA,NA,NA,NA,NA,"0","0","0",NA
"Opisthocomus_hoatzin","1","0","1","0",NA,NA,NA,NA,NA,NA,"1",NA,"M",NA,NA,NA,"0","0","1","Mixed"
"Opisthocomus_hoazin","1","0","3","0",NA,NA,NA,"1",NA,"1",NA,"1",NA,NA,"K","1","1","0","0","Kin"
"Opisthoprora_euryptera","0","2","0","0",NA,NA,NA,"0",NA,NA,NA,"0",NA,NA,NA,"0","0","0","0",NA
"Oporornis_agilis","0","3","0","0",NA,NA,NA,"0",NA,"0",NA,"0",NA,NA,NA,"0","0","0","0",NA
"Oporornis_formosus","0","4","0","0",NA,NA,"0","0",NA,"0",NA,"0",NA,NA,NA,"0","0","0","0",NA
"Oporornis_philadelphia","0","3","0","0",NA,NA,NA,"0",NA,"0",NA,"0",NA,NA,NA,"0","0","0","0",NA
"Oporornis_tolmiei","0","3","0","0",NA,NA,NA,"0",NA,"0",NA,"0",NA,NA,NA,"0","0","0","0",NA
"Orchesticus_abeillei","0","1","0","0",NA,NA,NA,"0",NA,NA,NA,NA,NA,NA,NA,NA,"0","0","0",NA
"Oreocharis_arfaki","0","1","0","0",NA,NA,NA,"0",NA,NA,NA,NA,NA,NA,NA,NA,"0","0","0",NA
"Oreoica_gutturalis","0","2","0","0",NA,NA,NA,"0",NA,"0",NA,NA,NA,NA,NA,NA,"0","0","0",NA
"Oreolais_pulchra","0","3","0","0",NA,NA,NA,"0",NA,"0",NA,"0",NA,NA,NA,"1","0","0","0",NA
"Oreolais_ruwenzorii","0","3","0","0",NA,NA,NA,"0",NA,"0",NA,"0",NA,NA,NA,"1","0","0","0",NA
"Oreomanes_fraseri","0","2","0","0",NA,NA,NA,"0",NA,NA,NA,"0",NA,NA,NA,"1","0","0","0",NA
"Oreomystis_bairdi","0","1","0","0",NA,NA,NA,"0",NA,NA,NA,NA,NA,NA,NA,NA,"0","0","0",NA
"Oreomystis_mana","0","2","0","0",NA,NA,NA,"0",NA,"0",NA,NA,NA,NA,NA,NA,"0","0","0",NA
"Oreonympha_nobilis","0","1","0","0",NA,NA,NA,"0",NA,NA,NA,NA,NA,NA,NA,NA,"0","0","0",NA
"Oreophasis_derbianus","0","2","0","0",NA,NA,NA,"0",NA,"0",NA,NA,NA,NA,NA,NA,"0","0","0",NA
"Oreopholus_ruficollis","0","1","0","0",NA,NA,NA,"0",NA,NA,NA,NA,NA,NA,NA,NA,"0","0","0",NA
"Oreophylax_moreirae","0","1","0","0",NA,NA,NA,"0",NA,NA,NA,NA,NA,NA,NA,NA,"0","0","0",NA
"Oreopsar_bolivianus","1","0","2","0",NA,NA,NA,"1",NA,NA,NA,"1",NA,NA,"K","1","1","0","0","Kin"
"Oreopsittacus_arfaki","0","1","0","0",NA,NA,NA,"0",NA,NA,NA,NA,NA,NA,NA,NA,"0","0","0",NA
"Oreornis_chrysogenys","0","1","0","0",NA,NA,NA,"0",NA,NA,NA,NA,NA,NA,NA,NA,"0","0","0",NA
"Oreortyx_pictus","0","3","0","0",NA,NA,NA,"0",NA,"0",NA,"0",NA,NA,NA,"1","0","0","0",NA
"Oreoscoptes_montanus","0","2","0","0",NA,NA,NA,"0",NA,"0",NA,NA,NA,NA,NA,NA,"0","0","0",NA
"Oreoscopus_gutturalis","0","2","0","0",NA,NA,NA,"0",NA,"0",NA,NA,NA,NA,NA,NA,"0","0","0",NA
"Oreostruthus_fuliginosus","0","1","0","0",NA,NA,NA,"0",NA,NA,NA,NA,NA,NA,NA,NA,"0","0","0",NA
"Oreothraupis_arremonops","0","1","0","0",NA,NA,NA,"0",NA,NA,NA,NA,NA,NA,NA,NA,"0","0","0",NA
"Oreotrochilus_adela","0","1","0","0",NA,NA,NA,"0",NA,NA,NA,NA,NA,NA,NA,NA,"0","0","0",NA
"Oreotrochilus_chimborazo","0","2","0","0",NA,NA,NA,"0",NA,"0",NA,NA,NA,NA,NA,NA,"0","0","0",NA
"Oreotrochilus_estella","0","3","0","0",NA,NA,NA,"0",NA,"0",NA,"0",NA,NA,NA,"0","0","0","0",NA
"Oreotrochilus_leucopleurus","0","1","0","0",NA,NA,NA,"0",NA,NA,NA,NA,NA,NA,NA,NA,"0","0","0",NA
"Oreotrochilus_melanogaster","0","1","0","0",NA,NA,NA,"0",NA,NA,NA,NA,NA,NA,NA,NA,"0","0","0",NA
"Origma_solitaria","0","3","0","0",NA,NA,NA,"0",NA,"0",NA,"0",NA,NA,NA,"1","0","0","0",NA
"Oriolia_bernieri","1","0","3","0",NA,NA,NA,"1",NA,"1","1",NA,"NK",NA,NA,NA,"0","1","0","NonKin"
"Oriolus_albiloris","0","1","0","0",NA,NA,NA,"0",NA,NA,NA,NA,NA,NA,NA,NA,"0","0","0",NA
"Oriolus_auratus","0","2","0","0",NA,NA,NA,"0",NA,"0",NA,NA,NA,NA,NA,NA,"0","0","0",NA
"Oriolus_bouroensis","0","1","0","0",NA,NA,NA,"0",NA,NA,NA,NA,NA,NA,NA,NA,"0","0","0",NA
"Oriolus_brachyrhynchus","0","2","0","0",NA,NA,NA,"0",NA,"0",NA,NA,NA,NA,NA,NA,"0","0","0",NA
"Oriolus_brachyrynchus","0","1","0","0",NA,NA,NA,NA,NA,NA,NA,"0",NA,NA,NA,"1","0","0","0",NA
"Oriolus_chinensis","0","2","0","0",NA,NA,NA,"0",NA,"0",NA,NA,NA,NA,NA,NA,"0","0","0",NA
"Oriolus_chlorocephalus","0","1","0","0",NA,NA,NA,"0",NA,NA,NA,NA,NA,NA,NA,NA,"0","0","0",NA
"Oriolus_crassirostris","0","1","0","0",NA,NA,NA,"0",NA,NA,NA,NA,NA,NA,NA,NA,"0","0","0",NA
"Oriolus_cruentus","0","1","0","0",NA,NA,NA,"0",NA,NA,NA,NA,NA,NA,NA,NA,"0","0","0",NA
"Oriolus_flavocinctus","0","2","0","0",NA,NA,NA,"0",NA,"0",NA,NA,NA,NA,NA,NA,"0","0","0",NA
"Oriolus_forsteni","0","1","0","0",NA,NA,NA,"0",NA,NA,NA,NA,NA,NA,NA,NA,"0","0","0",NA
"Oriolus_hosii","0","1","0","0",NA,NA,NA,"0",NA,NA,NA,NA,NA,NA,NA,NA,"0","0","0",NA
"Oriolus_isabellae","0","1","0","0",NA,NA,NA,"0",NA,NA,NA,NA,NA,NA,NA,NA,"0","0","0",NA
"Oriolus_larvatus","0","2","0","0",NA,NA,NA,"0",NA,"0",NA,NA,NA,NA,NA,NA,"0","0","0",NA
"Oriolus_melanotis","0","1","0","0",NA,NA,NA,"0",NA,NA,NA,NA,NA,NA,NA,NA,"0","0","0",NA
"Oriolus_mellianus","0","1","0","0",NA,NA,NA,"0",NA,NA,NA,NA,NA,NA,NA,NA,"0","0","0",NA
"Oriolus_monacha","0","1","0","0",NA,NA,NA,"0",NA,NA,NA,NA,NA,NA,NA,NA,"0","0","0",NA
"Oriolus_nigripennis","0","1","0","0",NA,NA,NA,"0",NA,NA,NA,NA,NA,NA,NA,NA,"0","0","0",NA
"Oriolus_oriolus","0","1","0","0",NA,NA,NA,"0",NA,NA,NA,NA,NA,NA,NA,NA,"0","0","0",NA
"Oriolus_percivali","0","1","0","0",NA,NA,NA,"0",NA,NA,NA,NA,NA,NA,NA,NA,"0","0","0",NA
"Oriolus_phaeochromus","0","1","0","0",NA,NA,NA,"0",NA,NA,NA,NA,NA,NA,NA,NA,"0","0","0",NA
"Oriolus_sagittatus","0","2","0","0",NA,NA,NA,"0",NA,"0",NA,NA,NA,NA,NA,NA,"0","0","0",NA
"Oriolus_steerii","0","1","0","0",NA,NA,NA,"0",NA,NA,NA,NA,NA,NA,NA,NA,"0","0","0",NA
"Oriolus_szalayi","0","2","0","0",NA,NA,NA,"0",NA,"0",NA,NA,NA,NA,NA,NA,"0","0","0",NA
"Oriolus_tenuirostris","0","1","0","0",NA,NA,NA,"0",NA,NA,NA,NA,NA,NA,NA,NA,"0","0","0",NA
"Oriolus_traillii","0","2","0","0",NA,NA,NA,"0",NA,"0",NA,NA,NA,NA,NA,NA,"0","0","0",NA
"Oriolus_xanthonotus","0","1","0","0",NA,NA,NA,"0",NA,NA,NA,NA,NA,NA,NA,NA,"0","0","0",NA
"Oriolus_xanthornus","0","2","0","0",NA,NA,NA,"0",NA,"0",NA,NA,NA,NA,NA,NA,"0","0","0",NA
"Oriturus_superciliosus","0","2","0","0",NA,NA,NA,"0",NA,"0",NA,NA,NA,NA,NA,NA,"0","0","0",NA
"Ornithion_brunneicapillus","0","2","0","0",NA,NA,NA,"0",NA,"0",NA,NA,NA,NA,NA,NA,"0","0","0",NA
"Ornithion_inerme","0","1","0","0",NA,NA,NA,"0",NA,NA,NA,NA,NA,NA,NA,NA,"0","0","0",NA
"Ornithion_semiflavum","0","1","0","0",NA,NA,NA,"0",NA,NA,NA,NA,NA,NA,NA,NA,"0","0","0",NA
"Ortalis_canicollis","0","1","0","0",NA,NA,NA,"0",NA,NA,NA,NA,NA,NA,NA,NA,"0","0","0",NA
"Ortalis_cinereiceps","0","1","0","0",NA,NA,NA,"0",NA,NA,NA,NA,NA,NA,NA,NA,"0","0","0",NA
"Ortalis_erythroptera","0","1","0","0",NA,NA,NA,"0",NA,NA,NA,NA,NA,NA,NA,NA,"0","0","0",NA
"Ortalis_garrula","0","1","0","0",NA,NA,NA,"0",NA,NA,NA,NA,NA,NA,NA,NA,"0","0","0",NA
"Ortalis_guttata","0","1","0","0",NA,NA,NA,"0",NA,NA,NA,NA,NA,NA,NA,NA,"0","0","0",NA
"Ortalis_leucogastra","0","1","0","0",NA,NA,NA,"0",NA,NA,NA,NA,NA,NA,NA,NA,"0","0","0",NA
"Ortalis_motmot","0","1","0","0",NA,NA,NA,"0",NA,NA,NA,NA,NA,NA,NA,NA,"0","0","0",NA
"Ortalis_poliocephala","0","1","0","0",NA,NA,NA,"0",NA,NA,NA,NA,NA,NA,NA,NA,"0","0","0",NA
"Ortalis_ruficauda","0","1","0","0",NA,NA,NA,"0",NA,NA,NA,NA,NA,NA,NA,NA,"0","0","0",NA
"Ortalis_superciliaris","0","1","0","0",NA,NA,NA,"0",NA,NA,NA,NA,NA,NA,NA,NA,"0","0","0",NA
"Ortalis_vetula","0","2","0","0",NA,NA,NA,"0",NA,NA,NA,"0",NA,NA,NA,"1","0","0","0",NA
"Ortalis_wagleri","0","1","0","0",NA,NA,NA,"0",NA,NA,NA,NA,NA,NA,NA,NA,"0","0","0",NA
"Orthogonys_chloricterus","0","1","0","0",NA,NA,NA,"0",NA,NA,NA,NA,NA,NA,NA,NA,"0","0","0",NA
"Orthonyx_spaldingii","0","2","0","0",NA,NA,NA,"0",NA,NA,NA,"0",NA,NA,NA,"1","0","0","0",NA
"Orthonyx_temminckii","1","3","1","1","1",NA,NA,"0",NA,"0",NA,"0",NA,NA,NA,"0","0","0","0",NA
"Orthopsittaca_manilata","0","2","0","0",NA,NA,NA,"0",NA,"0",NA,NA,NA,NA,NA,NA,"0","0","0",NA
"Orthorhyncus_cristatus","0","3","0","0",NA,NA,NA,"0",NA,"0",NA,"0",NA,NA,NA,"0","0","0","0",NA
"Orthotomus_atrogularis","0","2","0","0",NA,NA,NA,"0",NA,"0",NA,NA,NA,NA,NA,NA,"0","0","0",NA
"Orthotomus_castaneiceps","0","1","0","0",NA,NA,NA,"0",NA,NA,NA,NA,NA,NA,NA,NA,"0","0","0",NA
"Orthotomus_cinereiceps","0","1","0","0",NA,NA,NA,"0",NA,NA,NA,NA,NA,NA,NA,NA,"0","0","0",NA
"Orthotomus_cuculatus","0","1","0","0",NA,NA,NA,"0",NA,NA,NA,NA,NA,NA,NA,NA,"0","0","0",NA
"Orthotomus_derbianus","0","1","0","0",NA,NA,NA,"0",NA,NA,NA,NA,NA,NA,NA,NA,"0","0","0",NA
"Orthotomus_frontalis","0","1","0","0",NA,NA,NA,"0",NA,NA,NA,NA,NA,NA,NA,NA,"0","0","0",NA
"Orthotomus_heterolaemus","0","1","0","0",NA,NA,NA,"0",NA,NA,NA,NA,NA,NA,NA,NA,"0","0","0",NA
"Orthotomus_nigriceps","0","1","0","0",NA,NA,NA,"0",NA,NA,NA,NA,NA,NA,NA,NA,"0","0","0",NA
"Orthotomus_ruficeps","0","2","0","0",NA,NA,NA,"0",NA,NA,NA,"0",NA,NA,NA,"1","0","0","0",NA
"Orthotomus_samarensis","0","1","0","0",NA,NA,NA,"0",NA,NA,NA,NA,NA,NA,NA,NA,"0","0","0",NA
"Orthotomus_sepium","0","2","0","0",NA,NA,NA,"0",NA,NA,NA,"0",NA,NA,NA,"1","0","0","0",NA
"Orthotomus_sericeus","0","1","0","0",NA,NA,NA,"0",NA,NA,NA,NA,NA,NA,NA,NA,"0","0","0",NA
"Orthotomus_sutorius","0","2","0","0",NA,NA,NA,"0",NA,"0",NA,NA,NA,NA,NA,NA,"0","0","0",NA
"Ortygospiza_atricollis","0","2","0","0",NA,NA,NA,"0",NA,"0",NA,NA,NA,NA,NA,NA,"0","0","0",NA
"Ortygospiza_fuscocrissa","0","1","0","0",NA,NA,NA,"0",NA,NA,NA,NA,NA,NA,NA,NA,"0","0","0",NA
"Ortygospiza_gabonensis","0","2","0","0",NA,NA,NA,"0",NA,"0",NA,NA,NA,NA,NA,NA,"0","0","0",NA
"Ortygospiza_locustella","0","2","0","0",NA,NA,NA,"0",NA,"0",NA,NA,NA,NA,NA,NA,"0","0","0",NA
"Ortyxelos_meiffrenii","0","1","0","0",NA,NA,NA,"0",NA,NA,NA,NA,NA,NA,NA,NA,"0","0","0",NA
"Oryzoborus_angolensis","0","2","0","0",NA,NA,NA,"0",NA,"0",NA,NA,NA,NA,NA,NA,"0","0","0",NA
"Oryzoborus_atrirostris","0","1","0","0",NA,NA,NA,"0",NA,NA,NA,NA,NA,NA,NA,NA,"0","0","0",NA
"Oryzoborus_crassirostris","0","1","0","0",NA,NA,NA,"0",NA,NA,NA,NA,NA,NA,NA,NA,"0","0","0",NA
"Oryzoborus_maximiliani","0","1","0","0",NA,NA,NA,"0",NA,NA,NA,NA,NA,NA,NA,NA,"0","0","0",NA
"Oryzoborus_nuttingi","0","2","0","0",NA,NA,NA,"0",NA,"0",NA,NA,NA,NA,NA,NA,"0","0","0",NA
"Otidiphaps_nobilis","0","3","0","0",NA,NA,NA,"0",NA,"0",NA,"0",NA,NA,NA,"0","0","0","0",NA
"Otis_tarda","0","3","0","0",NA,NA,NA,"0",NA,"0",NA,"0",NA,NA,NA,"1","0","0","0",NA
"Otus_alfredi","0","1","0","0",NA,NA,NA,"0",NA,NA,NA,NA,NA,NA,NA,NA,"0","0","0",NA
"Otus_alius","0","1","0","0",NA,NA,NA,"0",NA,NA,NA,NA,NA,NA,NA,NA,"0","0","0",NA
"Otus_angelinae","0","1","0","0",NA,NA,NA,"0",NA,NA,NA,NA,NA,NA,NA,NA,"0","0","0",NA
"Otus_bakkamoena","0","2","0","0",NA,NA,NA,"0",NA,"0",NA,NA,NA,NA,NA,NA,"0","0","0",NA
"Otus_balli","0","2","0","0",NA,NA,NA,"0",NA,"0",NA,NA,NA,NA,NA,NA,"0","0","0",NA
"Otus_beccarii","0","1","0","0",NA,NA,NA,"0",NA,NA,NA,NA,NA,NA,NA,NA,"0","0","0",NA
"Otus_brookii","0","2","0","0",NA,NA,NA,"0",NA,"0",NA,NA,NA,NA,NA,NA,"0","0","0",NA
"Otus_brucei","0","2","0","0",NA,NA,NA,"0",NA,"0",NA,NA,NA,NA,NA,NA,"0","0","0",NA
"Otus_capnodes","0","1","0","0",NA,NA,NA,"0",NA,NA,NA,NA,NA,NA,NA,NA,"0","0","0",NA
"Otus_collari","0","1","0","0",NA,NA,NA,"0",NA,NA,NA,NA,NA,NA,NA,NA,"0","0","0",NA
"Otus_elegans","0","4","0","0",NA,"0","0","0",NA,"0",NA,NA,NA,NA,NA,NA,"0","0","0",NA
"Otus_flammeolus","0","5","0","0",NA,"0","0","0",NA,"0",NA,"0",NA,NA,NA,"0","0","0","0",NA
"Otus_fuliginosus","0","1","0","0",NA,NA,NA,"0",NA,NA,NA,NA,NA,NA,NA,NA,"0","0","0",NA
"Otus_hartlaubi","0","1","0","0",NA,NA,NA,"0",NA,NA,NA,NA,NA,NA,NA,NA,"0","0","0",NA
"Otus_icterorhynchus","0","1","0","0",NA,NA,NA,"0",NA,NA,NA,NA,NA,NA,NA,NA,"0","0","0",NA
"Otus_insularis","0","1","0","0",NA,NA,NA,"0",NA,NA,NA,NA,NA,NA,NA,NA,"0","0","0",NA
"Otus_ireneae","0","1","0","0",NA,NA,NA,"0",NA,NA,NA,NA,NA,NA,NA,NA,"0","0","0",NA
"Otus_kennicottii","0","1","0","0",NA,NA,NA,NA,NA,NA,NA,"0",NA,NA,NA,"0","0","0","0",NA
"Otus_lempiji","0","1","0","0",NA,NA,NA,"0",NA,NA,NA,NA,NA,NA,NA,NA,"0","0","0",NA
"Otus_lettia","0","1","0","0",NA,NA,NA,"0",NA,NA,NA,NA,NA,NA,NA,NA,"0","0","0",NA
"Otus_leucotis","0","2","0","0",NA,NA,NA,"0",NA,"0",NA,NA,NA,NA,NA,NA,"0","0","0",NA
"Otus_longicornis","0","1","0","0",NA,NA,NA,"0",NA,NA,NA,NA,NA,NA,NA,NA,"0","0","0",NA
"Otus_magicus","0","1","0","0",NA,NA,NA,"0",NA,NA,NA,NA,NA,NA,NA,NA,"0","0","0",NA
"Otus_manadensis","0","1","0","0",NA,NA,NA,"0",NA,NA,NA,NA,NA,NA,NA,NA,"0","0","0",NA
"Otus_mantananensis","0","1","0","0",NA,NA,NA,"0",NA,NA,NA,NA,NA,NA,NA,NA,"0","0","0",NA
"Otus_megalotis","0","1","0","0",NA,NA,NA,"0",NA,NA,NA,NA,NA,NA,NA,NA,"0","0","0",NA
"Otus_mentawi","0","1","0","0",NA,NA,NA,"0",NA,NA,NA,NA,NA,NA,NA,NA,"0","0","0",NA
"Otus_mindorensis","0","1","0","0",NA,NA,NA,"0",NA,NA,NA,NA,NA,NA,NA,NA,"0","0","0",NA
"Otus_mirus","0","1","0","0",NA,NA,NA,"0",NA,NA,NA,NA,NA,NA,NA,NA,"0","0","0",NA
"Otus_moheliensis","0","1","0","0",NA,NA,NA,"0",NA,NA,NA,NA,NA,NA,NA,NA,"0","0","0",NA
"Otus_pauliani","0","1","0","0",NA,NA,NA,"0",NA,NA,NA,NA,NA,NA,NA,NA,"0","0","0",NA
"Otus_pembaensis","0","1","0","0",NA,NA,NA,"0",NA,NA,NA,NA,NA,NA,NA,NA,"0","0","0",NA
"Otus_podarginus","0","1","0","0",NA,NA,NA,"0",NA,NA,NA,NA,NA,NA,NA,NA,"0","0","0",NA
"Otus_rufescens","0","1","0","0",NA,NA,NA,"0",NA,NA,NA,NA,NA,NA,NA,NA,"0","0","0",NA
"Otus_rutilus","0","2","0","0",NA,NA,NA,"0",NA,"0",NA,NA,NA,NA,NA,NA,"0","0","0",NA
"Otus_sagittatus","0","1","0","0",NA,NA,NA,"0",NA,NA,NA,NA,NA,NA,NA,NA,"0","0","0",NA
"Otus_scops","0","2","0","0",NA,NA,NA,"0",NA,"0",NA,NA,NA,NA,NA,NA,"0","0","0",NA
"Otus_semitorques","0","1","0","0",NA,NA,NA,"0",NA,NA,NA,NA,NA,NA,NA,NA,"0","0","0",NA
"Otus_senegalensis","0","1","0","0",NA,NA,NA,"0",NA,NA,NA,NA,NA,NA,NA,NA,"0","0","0",NA
"Otus_silvicola","0","1","0","0",NA,NA,NA,"0",NA,NA,NA,NA,NA,NA,NA,NA,"0","0","0",NA
"Otus_spilocephalus","0","2","0","0",NA,NA,NA,"0",NA,"0",NA,NA,NA,NA,NA,NA,"0","0","0",NA
"Otus_sunia","0","1","0","0",NA,NA,NA,"0",NA,NA,NA,NA,NA,NA,NA,NA,"0","0","0",NA
"Otus_umbra","0","1","0","0",NA,NA,NA,"0",NA,NA,NA,NA,NA,NA,NA,NA,"0","0","0",NA
"Oxylabes_madagascariensis","0","1","0","0",NA,NA,NA,"0",NA,NA,NA,NA,NA,NA,NA,NA,"0","0","0",NA
"Oxypogon_guerinii","0","3","0","0",NA,NA,NA,"0",NA,"0",NA,"0",NA,NA,NA,"0","0","0","0",NA
"Oxyruncus_cristatus","0","3","0","0",NA,NA,NA,"0",NA,"0",NA,"0",NA,NA,NA,"0","0","0","0",NA
"Oxyura_australis","0","3","0","0",NA,NA,NA,"0",NA,"0",NA,"0",NA,NA,NA,"0","0","0","0",NA
"Oxyura_jamaicensis","0","3","0","0",NA,NA,NA,"0",NA,"0",NA,"0",NA,NA,NA,"0","0","0","0",NA
"Oxyura_leucocephala","0","2","0","0",NA,NA,NA,"0",NA,"0",NA,NA,NA,NA,NA,NA,"0","0","0",NA
"Oxyura_maccoa","0","3","0","0",NA,NA,NA,"0",NA,"0",NA,"0",NA,NA,NA,"0","0","0","0",NA
"Oxyura_vittata","0","2","0","0",NA,NA,NA,"0",NA,"0",NA,NA,NA,NA,NA,NA,"0","0","0",NA
"Pachycare_flavogriseum","0","1","0","0",NA,NA,NA,"0",NA,NA,NA,NA,NA,NA,NA,NA,"0","0","0",NA
"Pachycephala_albiventris","0","1","0","0",NA,NA,NA,"0",NA,NA,NA,NA,NA,NA,NA,NA,"0","0","0",NA
"Pachycephala_arctitorquis","0","1","0","0",NA,NA,NA,"0",NA,NA,NA,NA,NA,NA,NA,NA,"0","0","0",NA
"Pachycephala_aurea","0","1","0","0",NA,NA,NA,"0",NA,NA,NA,NA,NA,NA,NA,NA,"0","0","0",NA
"Pachycephala_caledonica","0","2","0","0",NA,NA,NA,"0",NA,"0",NA,NA,NA,NA,NA,NA,"0","0","0",NA
"Pachycephala_flavifrons",NA,"0","0","0",NA,NA,NA,NA,NA,NA,NA,NA,NA,NA,NA,NA,"0","0","0",NA
"Pachycephala_griseonota","0","1","0","0",NA,NA,NA,"0",NA,NA,NA,NA,NA,NA,NA,NA,"0","0","0",NA
"Pachycephala_grisola","0","1","0","0",NA,NA,NA,"0",NA,NA,NA,NA,NA,NA,NA,NA,"0","0","0",NA
"Pachycephala_homeyeri","0","1","0","0",NA,NA,NA,"0",NA,NA,NA,NA,NA,NA,NA,NA,"0","0","0",NA
"Pachycephala_hyperythra","0","1","0","0",NA,NA,NA,"0",NA,NA,NA,NA,NA,NA,NA,NA,"0","0","0",NA
"Pachycephala_hypoxantha","0","1","0","0",NA,NA,NA,"0",NA,NA,NA,NA,NA,NA,NA,NA,"0","0","0",NA
"Pachycephala_implicata","0","1","0","0",NA,NA,NA,"0",NA,NA,NA,NA,NA,NA,NA,NA,"0","0","0",NA
"Pachycephala_inornata","0","2","0","0",NA,NA,NA,"0",NA,"0",NA,NA,NA,NA,NA,NA,"0","0","0",NA
"Pachycephala_jacquinoti",NA,"0","0","0",NA,NA,NA,NA,NA,NA,NA,NA,NA,NA,NA,NA,"0","0","0",NA
"Pachycephala_lanioides","0","2","0","0",NA,NA,NA,"0",NA,"0",NA,NA,NA,NA,NA,NA,"0","0","0",NA
"Pachycephala_leucogastra","0","1","0","0",NA,NA,NA,"0",NA,NA,NA,NA,NA,NA,NA,NA,"0","0","0",NA
"Pachycephala_lorentzi","0","1","0","0",NA,NA,NA,"0",NA,NA,NA,NA,NA,NA,NA,NA,"0","0","0",NA
"Pachycephala_melanura","0","2","0","0",NA,NA,NA,"0",NA,"0",NA,NA,NA,NA,NA,NA,"0","0","0",NA
"Pachycephala_meyeri","0","1","0","0",NA,NA,NA,"0",NA,NA,NA,NA,NA,NA,NA,NA,"0","0","0",NA
"Pachycephala_modesta","0","1","0","0",NA,NA,NA,"0",NA,NA,NA,NA,NA,NA,NA,NA,"0","0","0",NA
"Pachycephala_monacha","0","1","0","0",NA,NA,NA,"0",NA,NA,NA,NA,NA,NA,NA,NA,"0","0","0",NA
"Pachycephala_nudigula","0","1","0","0",NA,NA,NA,"0",NA,NA,NA,NA,NA,NA,NA,NA,"0","0","0",NA
"Pachycephala_olivacea","0","2","0","0",NA,NA,NA,"0",NA,"0",NA,NA,NA,NA,NA,NA,"0","0","0",NA
"Pachycephala_orpheus","0","1","0","0",NA,NA,NA,"0",NA,NA,NA,NA,NA,NA,NA,NA,"0","0","0",NA
"Pachycephala_pectoralis","0","4","0","0",NA,"0","0","0",NA,"0",NA,NA,NA,NA,NA,NA,"0","0","0",NA
"Pachycephala_phaionota","0","1","0","0",NA,NA,NA,"0",NA,NA,NA,NA,NA,NA,NA,NA,"0","0","0",NA
"Pachycephala_philippinensis","0","1","0","0",NA,NA,NA,"0",NA,NA,NA,NA,NA,NA,NA,NA,"0","0","0",NA
"Pachycephala_rufiventris","0","3","0","0",NA,NA,NA,"0",NA,"0",NA,"0",NA,NA,NA,"1","0","0","0",NA
"Pachycephala_rufogularis","0","2","0","0",NA,NA,NA,"0",NA,"0",NA,NA,NA,NA,NA,NA,"0","0","0",NA
"Pachycephala_schlegelii","0","1","0","0",NA,NA,NA,"0",NA,NA,NA,NA,NA,NA,NA,NA,"0","0","0",NA
"Pachycephala_simplex","0","1","0","0",NA,NA,NA,"0",NA,NA,NA,NA,NA,NA,NA,NA,"0","0","0",NA
"Pachycephala_soror","0","1","0","0",NA,NA,NA,"0",NA,NA,NA,NA,NA,NA,NA,NA,"0","0","0",NA
"Pachycephala_sulfuriventer","0","1","0","0",NA,NA,NA,"0",NA,NA,NA,NA,NA,NA,NA,NA,"0","0","0",NA
"Pachycephalopsis_hattamensis","0","1","0","0",NA,NA,NA,"0",NA,NA,NA,NA,NA,NA,NA,NA,"0","0","0",NA
"Pachycephalopsis_poliosoma","0","1","0","0",NA,NA,NA,"0",NA,NA,NA,NA,NA,NA,NA,NA,"0","0","0",NA
"Pachycoccyx_audeberti","0","2","0","0",NA,NA,NA,"0",NA,NA,NA,"0",NA,NA,NA,"0","0","0","0",NA
"Pachyptila_belcheri","0","2","0","0",NA,"0",NA,NA,NA,"0",NA,NA,NA,NA,NA,NA,"0","0","0",NA
"Pachyptila_crassirostris","0","1","0","0",NA,NA,NA,NA,NA,"0",NA,NA,NA,NA,NA,NA,"0","0","0",NA
"Pachyptila_desolata","0","1","0","0",NA,NA,NA,NA,NA,"0",NA,NA,NA,NA,NA,NA,"0","0","0",NA
"Pachyptila_salvini","0","1","0","0",NA,NA,NA,NA,NA,"0",NA,NA,NA,NA,NA,NA,"0","0","0",NA
"Pachyptila_turtur","0","1","0","0",NA,NA,NA,NA,NA,"0",NA,NA,NA,NA,NA,NA,"0","0","0",NA
"Pachyptila_vittata","0","1","0","0",NA,NA,NA,NA,NA,"0",NA,NA,NA,NA,NA,NA,"0","0","0",NA
"Pachyramphus_aglaiae","0","2","0","0",NA,NA,NA,"0",NA,"0",NA,NA,NA,NA,NA,NA,"0","0","0",NA
"Pachyramphus_albogriseus","0","2","0","0",NA,NA,NA,"0",NA,"0",NA,NA,NA,NA,NA,NA,"0","0","0",NA
"Pachyramphus_castaneus","0","2","0","0",NA,NA,NA,"0",NA,NA,NA,"0",NA,NA,NA,"0","0","0","0",NA
"Pachyramphus_cinnamomeus","0","2","0","0",NA,NA,NA,"0",NA,"0",NA,NA,NA,NA,NA,NA,"0","0","0",NA
"Pachyramphus_homochrous","0","1","0","0",NA,NA,NA,"0",NA,NA,NA,NA,NA,NA,NA,NA,"0","0","0",NA
"Pachyramphus_major","0","2","0","0",NA,NA,NA,"0",NA,"0",NA,NA,NA,NA,NA,NA,"0","0","0",NA
"Pachyramphus_marginatus","0","1","0","0",NA,NA,NA,"0",NA,NA,NA,NA,NA,NA,NA,NA,"0","0","0",NA
"Pachyramphus_minor","0","2","0","0",NA,NA,NA,"0",NA,NA,NA,"0",NA,NA,NA,"1","0","0","0",NA
"Pachyramphus_niger","0","2","0","0",NA,NA,NA,"0",NA,"0",NA,NA,NA,NA,NA,NA,"0","0","0",NA
"Pachyramphus_polychopterus","0","2","0","0",NA,NA,NA,"0",NA,"0",NA,NA,NA,NA,NA,NA,"0","0","0",NA
"Pachyramphus_rufus","0","2","0","0",NA,NA,NA,"0",NA,"0",NA,NA,NA,NA,NA,NA,"0","0","0",NA
"Pachyramphus_spodiurus","0","1","0","0",NA,NA,NA,"0",NA,NA,NA,NA,NA,NA,NA,NA,"0","0","0",NA
"Pachyramphus_surinamus","0","1","0","0",NA,NA,NA,"0",NA,NA,NA,NA,NA,NA,NA,NA,"0","0","0",NA
"Pachyramphus_validus","0","1","0","0",NA,NA,NA,"0",NA,NA,NA,NA,NA,NA,NA,NA,"0","0","0",NA
"Pachyramphus_versicolor","0","2","0","0",NA,NA,NA,"0",NA,NA,NA,"0",NA,NA,NA,"1","0","0","0",NA
"Pachyramphus_viridis","0","2","0","0",NA,NA,NA,"0",NA,"0",NA,NA,NA,NA,NA,NA,"0","0","0",NA
"Pachyramphus_xanthogenys","0","1","0","0",NA,NA,NA,"0",NA,NA,NA,NA,NA,NA,NA,NA,"0","0","0",NA
"Padda_fuscata","0","1","0","0",NA,NA,NA,"0",NA,NA,NA,NA,NA,NA,NA,NA,"0","0","0",NA
"Padda_oryzivora","0","3","0","0",NA,NA,NA,"0",NA,"0",NA,"0",NA,NA,NA,"0","0","0","0",NA
"Pagodroma_nivea","0","1","0","0",NA,NA,NA,NA,NA,"0",NA,NA,NA,NA,NA,NA,"0","0","0",NA
"Pagophila_eburnea","0","1","0","0",NA,NA,NA,NA,NA,"0",NA,NA,NA,NA,NA,NA,"0","0","0",NA
"Palmeria_dolei","1","0","1","0",NA,NA,NA,"1",NA,NA,NA,NA,NA,NA,NA,NA,"0","0","0",NA
"Pandion_haliaetus","0","2","0","0",NA,NA,NA,"0",NA,NA,NA,"0",NA,NA,NA,"0","0","0","0",NA
"Panterpe_insignis","0","3","0","0",NA,NA,NA,"0",NA,"0",NA,"0",NA,NA,NA,"0","0","0","0",NA
"Panurus_biarmicus","0","5","0","0",NA,"0","0","0",NA,"0",NA,"0",NA,NA,NA,"1","0","0","0",NA
"Panyptila_cayennensis","0","2","0","0",NA,NA,NA,"0",NA,"0",NA,NA,NA,NA,NA,NA,"0","0","0",NA
"Panyptila_sanctihieronymi","0","1","0","0",NA,NA,NA,"0",NA,NA,NA,NA,NA,NA,NA,NA,"0","0","0",NA
"Papasula_abbotti","0","1","0","0",NA,NA,NA,NA,NA,"0",NA,NA,NA,NA,NA,NA,"0","0","0",NA
"Parabuteo_unicinctus","1","0","4","0",NA,NA,NA,"1",NA,"1","1","1","M",NA,"K","1","1","0","1","Kin"
"Paradigalla_brevicauda","0","2","0","0",NA,NA,NA,"0",NA,"0",NA,NA,NA,NA,NA,NA,"0","0","0",NA
"Paradigalla_carunculata","0","1","0","0",NA,NA,NA,"0",NA,NA,NA,NA,NA,NA,NA,NA,"0","0","0",NA
"Paradisaea_apoda","0","2","0","0",NA,NA,NA,"0",NA,"0",NA,NA,NA,NA,NA,NA,"0","0","0",NA
"Paradisaea_decora","0","2","0","0",NA,NA,NA,"0",NA,"0",NA,NA,NA,NA,NA,NA,"0","0","0",NA
"Paradisaea_guilielmi","0","2","0","0",NA,NA,NA,"0",NA,"0",NA,NA,NA,NA,NA,NA,"0","0","0",NA
"Paradisaea_minor","0","2","0","0",NA,NA,NA,"0",NA,"0",NA,NA,NA,NA,NA,NA,"0","0","0",NA
"Paradisaea_raggiana","0","2","0","0",NA,NA,NA,"0",NA,"0",NA,NA,NA,NA,NA,NA,"0","0","0",NA
"Paradisaea_rubra","0","2","0","0",NA,NA,NA,"0",NA,"0",NA,NA,NA,NA,NA,NA,"0","0","0",NA
"Paradisaea_rudolphi","0","2","0","0",NA,NA,NA,"0",NA,"0",NA,NA,NA,NA,NA,NA,"0","0","0",NA
"Paradoxornis_alphonsianus","0","1","0","0",NA,NA,NA,"0",NA,NA,NA,NA,NA,NA,NA,NA,"0","0","0",NA
"Paradoxornis_atrosuperciliaris","0","1","0","0",NA,NA,NA,"0",NA,NA,NA,NA,NA,NA,NA,NA,"0","0","0",NA
"Paradoxornis_brunneus","0","1","0","0",NA,NA,NA,"0",NA,NA,NA,NA,NA,NA,NA,NA,"0","0","0",NA
"Paradoxornis_conspicillatus","0","1","0","0",NA,NA,NA,"0",NA,NA,NA,NA,NA,NA,NA,NA,"0","0","0",NA
"Paradoxornis_davidianus","0","1","0","0",NA,NA,NA,"0",NA,NA,NA,NA,NA,NA,NA,NA,"0","0","0",NA
"Paradoxornis_flavirostris","0","1","0","0",NA,NA,NA,"0",NA,NA,NA,NA,NA,NA,NA,NA,"0","0","0",NA
"Paradoxornis_fulvifrons","0","1","0","0",NA,NA,NA,"0",NA,NA,NA,NA,NA,NA,NA,NA,"0","0","0",NA
"Paradoxornis_gularis","0","1","0","0",NA,NA,NA,"0",NA,NA,NA,NA,NA,NA,NA,NA,"0","0","0",NA
"Paradoxornis_guttaticollis","0","1","0","0",NA,NA,NA,"0",NA,NA,NA,NA,NA,NA,NA,NA,"0","0","0",NA
"Paradoxornis_heudei","0","2","0","0",NA,NA,NA,"0",NA,"0",NA,NA,NA,NA,NA,NA,"0","0","0",NA
"Paradoxornis_nipalensis","0","1","0","0",NA,NA,NA,"0",NA,NA,NA,NA,NA,NA,NA,NA,"0","0","0",NA
"Paradoxornis_paradoxus","0","1","0","0",NA,NA,NA,"0",NA,NA,NA,NA,NA,NA,NA,NA,"0","0","0",NA
"Paradoxornis_przewalskii","0","1","0","0",NA,NA,NA,"0",NA,NA,NA,NA,NA,NA,NA,NA,"0","0","0",NA
"Paradoxornis_ruficeps","0","1","0","0",NA,NA,NA,"0",NA,NA,NA,NA,NA,NA,NA,NA,"0","0","0",NA
"Paradoxornis_unicolor","0","1","0","0",NA,NA,NA,"0",NA,NA,NA,NA,NA,NA,NA,NA,"0","0","0",NA
"Paradoxornis_verreauxi","0","1","0","0",NA,NA,NA,"0",NA,NA,NA,NA,NA,NA,NA,NA,"0","0","0",NA
"Paradoxornis_webbianus","0","4","0","0",NA,"0",NA,"0",NA,"0",NA,"0",NA,NA,NA,"1","0","0","0",NA
"Paradoxornis_zappeyi","0","1","0","0",NA,NA,NA,"0",NA,NA,NA,NA,NA,NA,NA,NA,"0","0","0",NA
"Paramythia_montium","0","2","0","0",NA,NA,NA,"0",NA,"0",NA,NA,NA,NA,NA,NA,"0","0","0",NA
"Pardalotus_punctatus","0","2","0","0",NA,NA,NA,"0",NA,"0",NA,NA,NA,NA,NA,NA,"0","0","0",NA
"Pardalotus_quadragintus","0","2","0","0",NA,NA,NA,"0",NA,"0",NA,NA,NA,NA,NA,NA,"0","0","0",NA
"Pardalotus_rubricatus","0","2","0","0",NA,NA,NA,"0",NA,"0",NA,NA,NA,NA,NA,NA,"0","0","0",NA
"Pardalotus_striatus","1","0","4","0","1",NA,NA,"1",NA,"1",NA,"1",NA,NA,"K","1","1","0","0","Kin"
"Pardirallus_maculatus","0","1","0","0",NA,NA,NA,"0",NA,NA,NA,NA,NA,NA,NA,NA,"0","0","0",NA
"Pardirallus_nigricans","0","1","0","0",NA,NA,NA,"0",NA,NA,NA,NA,NA,NA,NA,NA,"0","0","0",NA
"Pardirallus_sanguinolentus","0","1","0","0",NA,NA,NA,"0",NA,NA,NA,NA,NA,NA,NA,NA,"0","0","0",NA
"Parkerthraustes_humeralis","0","1","0","0",NA,NA,NA,NA,NA,NA,NA,"0",NA,NA,NA,"0","0","0","0",NA
"Parmoptila_jamesoni","0","1","0","0",NA,NA,NA,"0",NA,NA,NA,NA,NA,NA,NA,NA,"0","0","0",NA
"Parmoptila_rubrifrons","0","3","0","0",NA,NA,NA,"0",NA,"0",NA,"0",NA,NA,NA,"1","0","0","0",NA
"Parmoptila_woodhousei","0","2","0","0",NA,NA,NA,"0",NA,"0",NA,NA,NA,NA,NA,NA,"0","0","0",NA
"Paroaria_baeri","0","1","0","0",NA,NA,NA,"0",NA,NA,NA,NA,NA,NA,NA,NA,"0","0","0",NA
"Paroaria_capitata","0","2","0","0",NA,NA,NA,"0",NA,NA,NA,"0",NA,NA,NA,"1","0","0","0",NA
"Paroaria_coronata","0","1","0","0",NA,NA,NA,"0",NA,NA,NA,NA,NA,NA,NA,NA,"0","0","0",NA
"Paroaria_dominicana","0","2","0","0",NA,NA,NA,"0",NA,NA,NA,"0",NA,NA,NA,"1","0","0","0",NA
"Paroaria_gularis","0","3","0","0",NA,NA,NA,"0",NA,"0",NA,"0",NA,NA,NA,"1","0","0","0",NA
"Parophasma_galinieri","1","0","1","0",NA,NA,NA,"1",NA,NA,NA,NA,NA,NA,NA,NA,"0","0","0",NA
"Paroreomyza_maculata","1","0","1","0",NA,NA,NA,"1",NA,NA,NA,NA,NA,NA,NA,NA,"0","0","0",NA
"Paroreomyza_montana","1","0","3","0",NA,NA,NA,"1",NA,"1","1",NA,"K",NA,NA,NA,"1","0","0","Kin"
"Parotia_carolae","0","2","0","0",NA,NA,NA,"0",NA,"0",NA,NA,NA,NA,NA,NA,"0","0","0",NA
"Parotia_helenae","0","1","0","0",NA,NA,NA,"0",NA,NA,NA,NA,NA,NA,NA,NA,"0","0","0",NA
"Parotia_lawesii","0","2","0","0",NA,NA,NA,"0",NA,"0",NA,NA,NA,NA,NA,NA,"0","0","0",NA
"Parotia_sefilata","0","2","0","0",NA,NA,NA,"0",NA,"0",NA,NA,NA,NA,NA,NA,"0","0","0",NA
"Parotia_wahnesi","0","2","0","0",NA,NA,NA,"0",NA,"0",NA,NA,NA,NA,NA,NA,"0","0","0",NA
"Parula_americana","0","3","0","0",NA,NA,NA,"0",NA,"0",NA,"0",NA,NA,NA,"0","0","0","0",NA
"Parula_gutturalis","0","1","0","0",NA,NA,NA,"0",NA,NA,NA,NA,NA,NA,NA,NA,"0","0","0",NA
"Parula_pitiayumi","0","2","0","0",NA,NA,NA,"0",NA,"0",NA,NA,NA,NA,NA,NA,"0","0","0",NA
"Parula_superciliosa","0","1","0","0",NA,NA,NA,"0",NA,NA,NA,NA,NA,NA,NA,NA,"0","0","0",NA
"Parus_afer","1","1","1","1",NA,NA,NA,"1",NA,"0",NA,NA,NA,NA,NA,NA,"0","0","0",NA
"Parus_albiventris","1","0","1","0",NA,NA,NA,"1",NA,NA,NA,NA,NA,NA,NA,NA,"0","0","0",NA
"Parus_amabilis","0","1","0","0",NA,NA,NA,"0",NA,NA,NA,NA,NA,NA,NA,NA,"0","0","0",NA
"Parus_ater","0","5","0","0",NA,"0","0","0",NA,"0",NA,"0",NA,NA,NA,"0","0","0","0",NA
"Parus_atricapillus","0","5","0","0",NA,"0","0","0",NA,"0",NA,"0",NA,NA,NA,"0","0","0","0",NA
"Parus_caeruleus","0","4","0","0",NA,"0","0","0",NA,NA,NA,"0",NA,NA,NA,"0","0","0","0",NA
"Parus_carolinensis","0","3","0","0",NA,NA,"0","0",NA,NA,NA,"0",NA,NA,NA,"0","0","0","0",NA
"Parus_carpi","0","1","0","0",NA,NA,NA,"0",NA,NA,NA,NA,NA,NA,NA,NA,"0","0","0",NA
"Parus_cinctus","0","2","0","0",NA,NA,NA,"0",NA,"0",NA,NA,NA,NA,NA,NA,"0","0","0",NA
"Parus_cinerascens","1","1","2","1",NA,NA,NA,"1",NA,"0",NA,"1",NA,NA,"K","1","1","0","0","Kin"
"Parus_cristatus","0","5","0","0",NA,"0","0","0",NA,"0",NA,"0",NA,NA,NA,"0","0","0","0",NA
"Parus_cyanus","0","1","0","0",NA,NA,NA,"0",NA,NA,NA,NA,NA,NA,NA,NA,"0","0","0",NA
"Parus_davidi","0","1","0","0",NA,NA,NA,"0",NA,NA,NA,NA,NA,NA,NA,NA,"0","0","0",NA
"Parus_dichrous","0","2","0","0",NA,NA,NA,"0",NA,"0",NA,NA,NA,NA,NA,NA,"0","0","0",NA
"Parus_elegans","0","1","0","0",NA,NA,NA,"0",NA,NA,NA,NA,NA,NA,NA,NA,"0","0","0",NA
"Parus_fasciiventer","1","1","3","1",NA,NA,NA,"1",NA,"0","1","1","K",NA,"K","1","2","0","0","Kin"
"Parus_fringillinus","0","1","0","0",NA,NA,NA,"0",NA,NA,NA,NA,NA,NA,NA,NA,"0","0","0",NA
"Parus_funereus","1","0","1","0",NA,NA,NA,"1",NA,NA,NA,NA,NA,NA,NA,NA,"0","0","0",NA
"Parus_gambeli","0","3","0","0",NA,NA,NA,"0",NA,"0",NA,"0",NA,NA,NA,"0","0","0","0",NA
"Parus_griseiventris","0","1","0","0",NA,NA,NA,"0",NA,NA,NA,NA,NA,NA,NA,NA,"0","0","0",NA
"Parus_holsti","0","1","0","0",NA,NA,NA,"0",NA,NA,NA,NA,NA,NA,NA,NA,"0","0","0",NA
"Parus_hudsonicus","0","3","0","0",NA,NA,NA,"0",NA,"0",NA,"0",NA,NA,NA,"0","0","0","0",NA
"Parus_leucomelas","1","0","1","0",NA,NA,NA,"1",NA,NA,NA,NA,NA,NA,NA,NA,"0","0","0",NA
"Parus_leuconotus","1","0","1","0",NA,NA,NA,"1",NA,NA,NA,NA,NA,NA,NA,NA,"0","0","0",NA
"Parus_lugubris","0","2","0","0",NA,NA,NA,"0",NA,NA,NA,"0",NA,NA,NA,"0","0","0","0",NA
"Parus_major","0","5","0","0",NA,"0","0","0",NA,"0",NA,"0",NA,NA,NA,"0","0","0","0",NA
"Parus_montanus","0","5","0","0",NA,"0","0","0",NA,"0",NA,"0",NA,NA,NA,"0","0","0","0",NA
"Parus_monticolus","0","3","0","0",NA,NA,NA,"0",NA,"0",NA,"0",NA,NA,NA,"1","0","0","0",NA
"Parus_niger","1","0","4","0",NA,NA,NA,"1",NA,"1","1","1","M",NA,"K","1","1","0","1","Kin"
"Parus_nuchalis","0","2","0","0",NA,NA,NA,"0",NA,"0",NA,NA,NA,NA,NA,NA,"0","0","0",NA
"Parus_palustris","0","2","0","0",NA,NA,NA,"0",NA,"0",NA,NA,NA,NA,NA,NA,"0","0","0",NA
"Parus_rubidiventris","0","2","0","0",NA,NA,NA,"0",NA,"0",NA,NA,NA,NA,NA,NA,"0","0","0",NA
"Parus_rufescens","0","3","0","0",NA,NA,NA,"0",NA,"0",NA,"0",NA,NA,NA,"0","0","0","0",NA
"Parus_rufiventris","1","1","1","1",NA,NA,NA,"1",NA,"0",NA,NA,NA,NA,NA,NA,"0","0","0",NA
"Parus_rufonuchalis","0","2","0","0",NA,NA,NA,"0",NA,"0",NA,NA,NA,NA,NA,NA,"0","0","0",NA
"Parus_sclateri","0","2","0","0",NA,NA,NA,"0",NA,NA,NA,"0",NA,NA,NA,"1","0","0","0",NA
"Parus_semilarvatus","0","1","0","0",NA,NA,NA,"0",NA,NA,NA,NA,NA,NA,NA,NA,"0","0","0",NA
"Parus_spilonotus","0","1","0","0",NA,NA,NA,"0",NA,NA,NA,NA,NA,NA,NA,NA,"0","0","0",NA
"Parus_superciliosus","0","2","0","0",NA,NA,NA,"0",NA,"0",NA,NA,NA,NA,NA,NA,"0","0","0",NA
"Parus_teneriffae","0","2","0","0",NA,"0",NA,"0",NA,NA,NA,NA,NA,NA,NA,NA,"0","0","0",NA
"Parus_thruppi","1","0","1","0",NA,NA,NA,"1",NA,NA,NA,NA,NA,NA,NA,NA,"0","0","0",NA
"Parus_varius","0","3","0","0",NA,"0",NA,"0",NA,"0",NA,NA,NA,NA,NA,NA,"0","0","0",NA
"Parus_venustulus","0","1","0","0",NA,NA,NA,"0",NA,NA,NA,NA,NA,NA,NA,NA,"0","0","0",NA
"Parus_xanthogenys","0","2","0","0",NA,NA,NA,"0",NA,"0",NA,NA,NA,NA,NA,NA,"0","0","0",NA
"Passer_ammodendri","0","2","0","0",NA,NA,NA,"0",NA,"0",NA,NA,NA,NA,NA,NA,"0","0","0",NA
"Passer_castanopterus","0","2","0","0",NA,NA,NA,"0",NA,"0",NA,NA,NA,NA,NA,NA,"0","0","0",NA
"Passer_cordofanicus","0","1","0","0",NA,NA,NA,"0",NA,NA,NA,NA,NA,NA,NA,NA,"0","0","0",NA
"Passer_diffusus","0","2","0","0",NA,NA,NA,"0",NA,"0",NA,NA,NA,NA,NA,NA,"0","0","0",NA
"Passer_domesticus","1","2","2","1",NA,"0","0","1",NA,"1",NA,NA,NA,NA,NA,NA,"0","0","0",NA
"Passer_eminibey","0","2","0","0",NA,NA,NA,"0",NA,"0",NA,NA,NA,NA,NA,NA,"0","0","0",NA
"Passer_euchlorus","0","2","0","0",NA,NA,NA,"0",NA,"0",NA,NA,NA,NA,NA,NA,"0","0","0",NA
"Passer_flaveolus","0","2","0","0",NA,NA,NA,"0",NA,"0",NA,NA,NA,NA,NA,NA,"0","0","0",NA
"Passer_gongonensis","0","1","0","0",NA,NA,NA,"0",NA,NA,NA,NA,NA,NA,NA,NA,"0","0","0",NA
"Passer_griseus","0","2","0","0",NA,NA,NA,"0",NA,"0",NA,NA,NA,NA,NA,NA,"0","0","0",NA
"Passer_hispaniolensis","0","2","0","0",NA,NA,NA,"0",NA,"0",NA,NA,NA,NA,NA,NA,"0","0","0",NA
"Passer_iagoensis","0","2","0","0",NA,NA,NA,"0",NA,"0",NA,NA,NA,NA,NA,NA,"0","0","0",NA
"Passer_insularis","0","2","0","0",NA,NA,NA,"0",NA,"0",NA,NA,NA,NA,NA,NA,"0","0","0",NA
"Passer_luteus","1","0","3","0",NA,NA,NA,"1",NA,"1",NA,"1",NA,NA,"K","1","1","0","0","Kin"
"Passer_melanurus","0","3","0","0",NA,NA,NA,"0",NA,"0",NA,"0",NA,NA,NA,"1","0","0","0",NA
"Passer_moabiticus","0","2","0","0",NA,NA,NA,"0",NA,"0",NA,NA,NA,NA,NA,NA,"0","0","0",NA
"Passer_montanus","0","5","0","0",NA,"0","0","0",NA,"0",NA,"0",NA,NA,NA,"0","0","0","0",NA
"Passer_motitensis","0","1","0","0",NA,NA,NA,"0",NA,NA,NA,NA,NA,NA,NA,NA,"0","0","0",NA
"Passer_pyrrhonotus","0","2","0","0",NA,NA,NA,"0",NA,"0",NA,NA,NA,NA,NA,NA,"0","0","0",NA
"Passer_rufocinctus","0","1","0","0",NA,NA,NA,"0",NA,NA,NA,NA,NA,NA,NA,NA,"0","0","0",NA
"Passer_rutilans","0","2","0","0",NA,NA,NA,"0",NA,"0",NA,NA,NA,NA,NA,NA,"0","0","0",NA
"Passer_shelleyi","0","1","0","0",NA,NA,NA,"0",NA,NA,NA,NA,NA,NA,NA,NA,"0","0","0",NA
"Passer_simplex","0","2","0","0",NA,NA,NA,"0",NA,"0",NA,NA,NA,NA,NA,NA,"0","0","0",NA
"Passer_suahelicus","0","1","0","0",NA,NA,NA,"0",NA,NA,NA,NA,NA,NA,NA,NA,"0","0","0",NA
"Passer_swainsonii","0","1","0","0",NA,NA,NA,"0",NA,NA,NA,NA,NA,NA,NA,NA,"0","0","0",NA
"Passerculus_sandwichensis","0","5","0","0",NA,"0","0","0",NA,"0",NA,"0",NA,NA,NA,"0","0","0","0",NA
"Passerella_iliaca","0","2","0","0",NA,NA,NA,"0",NA,"0",NA,NA,NA,NA,NA,NA,"0","0","0",NA
"Passerina_amoena","0","3","0","0",NA,NA,NA,"0",NA,"0",NA,"0",NA,NA,NA,"0","0","0","0",NA
"Passerina_caerulea","0","3","0","0",NA,"0","0",NA,NA,NA,NA,"0",NA,NA,NA,"0","0","0","0",NA
"Passerina_ciris","0","3","0","0",NA,NA,NA,"0",NA,"0",NA,"0",NA,NA,NA,"0","0","0","0",NA
"Passerina_cyanea","0","5","0","0",NA,"0","0","0",NA,"0",NA,"0",NA,NA,NA,"0","0","0","0",NA
"Passerina_leclancherii","0","1","0","0",NA,NA,NA,"0",NA,NA,NA,NA,NA,NA,NA,NA,"0","0","0",NA
"Passerina_rositae","0","1","0","0",NA,NA,NA,"0",NA,NA,NA,NA,NA,NA,NA,NA,"0","0","0",NA
"Passerina_versicolor","0","3","0","0",NA,NA,NA,"0",NA,"0",NA,"0",NA,NA,NA,"0","0","0","0",NA
"Patagioenas_araucana","0","2","0","0",NA,NA,NA,"0",NA,"0",NA,NA,NA,NA,NA,NA,"0","0","0",NA
"Patagioenas_caribaea","0","1","0","0",NA,NA,NA,"0",NA,NA,NA,NA,NA,NA,NA,NA,"0","0","0",NA
"Patagioenas_cayennensis","0","2","0","0",NA,NA,NA,"0",NA,"0",NA,NA,NA,NA,NA,NA,"0","0","0",NA
"Patagioenas_corensis","0","3","0","0",NA,NA,NA,"0",NA,"0",NA,"0",NA,NA,NA,"0","0","0","0",NA
"Patagioenas_fasciata","0","3","0","0",NA,NA,NA,"0",NA,"0",NA,"0",NA,NA,NA,"0","0","0","0",NA
"Patagioenas_flavirostris","0","2","0","0",NA,NA,NA,"0",NA,NA,NA,"0",NA,NA,NA,"0","0","0","0",NA
"Patagioenas_goodsoni","0","1","0","0",NA,NA,NA,"0",NA,NA,NA,NA,NA,NA,NA,NA,"0","0","0",NA
"Patagioenas_inornata","0","2","0","0",NA,NA,NA,"0",NA,"0",NA,NA,NA,NA,NA,NA,"0","0","0",NA
"Patagioenas_leucocephala","0","3","0","0",NA,NA,NA,"0",NA,"0",NA,"0",NA,NA,NA,"0","0","0","0",NA
"Patagioenas_maculosa","0","2","0","0",NA,NA,NA,"0",NA,"0",NA,NA,NA,NA,NA,NA,"0","0","0",NA
"Patagioenas_nigrirostris","0","1","0","0",NA,NA,NA,"0",NA,NA,NA,NA,NA,NA,NA,NA,"0","0","0",NA
"Patagioenas_oenops","0","1","0","0",NA,NA,NA,"0",NA,NA,NA,NA,NA,NA,NA,NA,"0","0","0",NA
"Patagioenas_picazuro","0","3","0","0",NA,NA,NA,"0",NA,"0",NA,"0",NA,NA,NA,"0","0","0","0",NA
"Patagioenas_plumbea","0","1","0","0",NA,NA,NA,"0",NA,NA,NA,NA,NA,NA,NA,NA,"0","0","0",NA
"Patagioenas_speciosa","0","2","0","0",NA,NA,NA,"0",NA,"0",NA,NA,NA,NA,NA,NA,"0","0","0",NA
"Patagioenas_squamosa","0","1","0","0",NA,NA,NA,"0",NA,NA,NA,NA,NA,NA,NA,NA,"0","0","0",NA
"Patagioenas_subvinacea","0","2","0","0",NA,NA,NA,"0",NA,"0",NA,NA,NA,NA,NA,NA,"0","0","0",NA
"Patagona_gigas","0","3","0","0",NA,NA,NA,"0",NA,"0",NA,"0",NA,NA,NA,"0","0","0","0",NA
"Pauxi_pauxi","0","3","0","0",NA,NA,NA,"0",NA,"0",NA,"0",NA,NA,NA,"1","0","0","0",NA
"Pauxi_unicornis","0","1","0","0",NA,NA,NA,"0",NA,NA,NA,NA,NA,NA,NA,NA,"0","0","0",NA
"Pavo_cristatus","0","3","0","0",NA,NA,NA,"0",NA,"0",NA,"0",NA,NA,NA,"1","0","0","0",NA
"Pavo_muticus","0","2","0","0",NA,NA,NA,"0",NA,"0",NA,NA,NA,NA,NA,NA,"0","0","0",NA
"Pedionomus_torquatus","0","3","0","0",NA,NA,NA,"0",NA,"0",NA,"0",NA,NA,NA,"1","0","0","0",NA
"Pelagodroma_marina","0","1","0","0",NA,NA,NA,NA,NA,"0",NA,NA,NA,NA,NA,NA,"0","0","0",NA
"Pelargopsis_amauroptera","0","1","0","0",NA,NA,NA,"0",NA,NA,NA,NA,NA,NA,NA,NA,"0","0","0",NA
"Pelargopsis_capensis","0","2","0","0",NA,NA,NA,"0",NA,"0",NA,NA,NA,NA,NA,NA,"0","0","0",NA
"Pelargopsis_melanorhyncha","0","1","0","0",NA,NA,NA,"0",NA,NA,NA,NA,NA,NA,NA,NA,"0","0","0",NA
"Pelecanoides_garnotii","0","1","0","0",NA,NA,NA,NA,NA,"0",NA,NA,NA,NA,NA,NA,"0","0","0",NA
"Pelecanoides_georgicus","0","1","0","0",NA,NA,NA,NA,NA,"0",NA,NA,NA,NA,NA,NA,"0","0","0",NA
"Pelecanoides_magellani","0","1","0","0",NA,NA,NA,NA,NA,"0",NA,NA,NA,NA,NA,NA,"0","0","0",NA
"Pelecanoides_urinatrix","0","1","0","0",NA,NA,NA,NA,NA,"0",NA,NA,NA,NA,NA,NA,"0","0","0",NA
"Pelecanus_conspicillatus","0","1","0","0",NA,NA,NA,NA,NA,"0",NA,NA,NA,NA,NA,NA,"0","0","0",NA
"Pelecanus_crispus","0","1","0","0",NA,NA,NA,NA,NA,"0",NA,NA,NA,NA,NA,NA,"0","0","0",NA
"Pelecanus_erythrorhynchos","0","1","0","0",NA,NA,NA,NA,NA,"0",NA,NA,NA,NA,NA,NA,"0","0","0",NA
"Pelecanus_occidentalis","0","1","0","0",NA,NA,NA,NA,NA,"0",NA,NA,NA,NA,NA,NA,"0","0","0",NA
"Pelecanus_onocrotalus","0","2","0","0",NA,NA,NA,"0",NA,"0",NA,NA,NA,NA,NA,NA,"0","0","0",NA
"Pelecanus_philippensis","0","1","0","0",NA,NA,NA,NA,NA,"0",NA,NA,NA,NA,NA,NA,"0","0","0",NA
"Pelecanus_rufescens","0","3","0","0",NA,NA,NA,"0",NA,"0",NA,"0",NA,NA,NA,"0","0","0","0",NA
"Pelecanus_thagus",NA,"0","0","0",NA,NA,NA,NA,NA,NA,NA,NA,NA,NA,NA,NA,"0","0","0",NA
"Pellorneum_albiventre","0","2","0","0",NA,NA,NA,"0",NA,"0",NA,NA,NA,NA,NA,NA,"0","0","0",NA
"Pellorneum_capistratum","0","1","0","0",NA,NA,NA,"0",NA,NA,NA,NA,NA,NA,NA,NA,"0","0","0",NA
"Pellorneum_fuscocapillus","0","2","0","0",NA,NA,NA,"0",NA,"0",NA,NA,NA,NA,NA,NA,"0","0","0",NA
"Pellorneum_palustre","0","1","0","0",NA,NA,NA,"0",NA,NA,NA,NA,NA,NA,NA,NA,"0","0","0",NA
"Pellorneum_ruficeps","0","1","0","0",NA,NA,NA,"0",NA,NA,NA,NA,NA,NA,NA,NA,"0","0","0",NA
"Peltops_blainvillii","1","0","1","0",NA,NA,NA,"1",NA,NA,NA,NA,NA,NA,NA,NA,"0","0","0",NA
"Peltops_montanus","1","0","1","0",NA,NA,NA,"1",NA,NA,NA,NA,NA,NA,NA,NA,"0","0","0",NA
"Penelope_albipennis","0","2","0","0",NA,NA,NA,"0",NA,NA,NA,"0",NA,NA,NA,"1","0","0","0",NA
"Penelope_argyrotis","0","1","0","0",NA,NA,NA,"0",NA,NA,NA,NA,NA,NA,NA,NA,"0","0","0",NA
"Penelope_barbata","0","1","0","0",NA,NA,NA,"0",NA,NA,NA,NA,NA,NA,NA,NA,"0","0","0",NA
"Penelope_dabbenei","0","2","0","0",NA,NA,NA,"0",NA,"0",NA,NA,NA,NA,NA,NA,"0","0","0",NA
"Penelope_jacquacu","0","2","0","0",NA,NA,NA,"0",NA,NA,NA,"0",NA,NA,NA,"1","0","0","0",NA
"Penelope_jacucaca","0","1","0","0",NA,NA,NA,"0",NA,NA,NA,NA,NA,NA,NA,NA,"0","0","0",NA
"Penelope_marail","0","1","0","0",NA,NA,NA,"0",NA,NA,NA,NA,NA,NA,NA,NA,"0","0","0",NA
"Penelope_montagnii","0","1","0","0",NA,NA,NA,"0",NA,NA,NA,NA,NA,NA,NA,NA,"0","0","0",NA
"Penelope_obscura","0","2","0","0",NA,NA,NA,"0",NA,"0",NA,NA,NA,NA,NA,NA,"0","0","0",NA
"Penelope_ochrogaster","0","1","0","0",NA,NA,NA,"0",NA,NA,NA,NA,NA,NA,NA,NA,"0","0","0",NA
"Penelope_ortoni","0","1","0","0",NA,NA,NA,"0",NA,NA,NA,NA,NA,NA,NA,NA,"0","0","0",NA
"Penelope_perspicax","0","1","0","0",NA,NA,NA,"0",NA,NA,NA,NA,NA,NA,NA,NA,"0","0","0",NA
"Penelope_pileata","0","1","0","0",NA,NA,NA,"0",NA,NA,NA,NA,NA,NA,NA,NA,"0","0","0",NA
"Penelope_purpurascens","0","1","0","0",NA,NA,NA,"0",NA,NA,NA,NA,NA,NA,NA,NA,"0","0","0",NA
"Penelope_superciliaris","0","1","0","0",NA,NA,NA,"0",NA,NA,NA,NA,NA,NA,NA,NA,"0","0","0",NA
"Penelopides_affinis","1","0","1","0",NA,NA,NA,"1",NA,NA,NA,NA,NA,NA,NA,NA,"0","0","0",NA
"Penelopides_exarhatus","1","0","2","0",NA,NA,NA,"1",NA,"1",NA,NA,NA,NA,NA,NA,"0","0","0",NA
"Penelopides_manillae","1","0","3","0",NA,NA,NA,"1",NA,"1",NA,"1",NA,NA,"K","1","1","0","0","Kin"
"Penelopides_mindorensis","1","0","1","0",NA,NA,NA,"1",NA,NA,NA,NA,NA,NA,NA,NA,"0","0","0",NA
"Penelopides_panini","1","1","1","1",NA,NA,NA,"1",NA,"0",NA,NA,NA,NA,NA,NA,"0","0","0",NA
"Penelopides_samarensis",NA,"0","0","0",NA,NA,NA,NA,NA,NA,NA,NA,NA,NA,NA,NA,"0","0","0",NA
"Penelopina_nigra","0","2","0","0",NA,NA,NA,"0",NA,NA,NA,"0",NA,NA,NA,"1","0","0","0",NA
"Peneothello_bimaculata","0","1","0","0",NA,NA,NA,"0",NA,NA,NA,NA,NA,NA,NA,NA,"0","0","0",NA
"Peneothello_cryptoleuca","0","1","0","0",NA,NA,NA,"0",NA,NA,NA,NA,NA,NA,NA,NA,"0","0","0",NA
"Peneothello_cyanus","1","1","1","1","1",NA,NA,"0",NA,NA,NA,NA,NA,NA,NA,NA,"0","0","0",NA
"Peneothello_sigillatus","0","1","0","0",NA,NA,NA,"0",NA,NA,NA,NA,NA,NA,NA,NA,"0","0","0",NA
"Percnostola_arenarum","0","1","0","0",NA,NA,NA,NA,NA,NA,NA,"0",NA,NA,NA,"1","0","0","0",NA
"Percnostola_lophotes","0","2","0","0",NA,NA,NA,"0",NA,NA,NA,"0",NA,NA,NA,"1","0","0","0",NA
"Percnostola_rufifrons","0","3","0","0",NA,NA,NA,"0",NA,"0",NA,"0",NA,NA,NA,"1","0","0","0",NA
"Perdicula_argoondah","0","2","0","0",NA,NA,NA,"0",NA,"0",NA,NA,NA,NA,NA,NA,"0","0","0",NA
"Perdicula_asiatica","0","2","0","0",NA,NA,NA,"0",NA,"0",NA,NA,NA,NA,NA,NA,"0","0","0",NA
"Perdicula_erythrorhyncha","0","2","0","0",NA,NA,NA,"0",NA,"0",NA,NA,NA,NA,NA,NA,"0","0","0",NA
"Perdicula_manipurensis","0","1","0","0",NA,NA,NA,"0",NA,NA,NA,NA,NA,NA,NA,NA,"0","0","0",NA
"Perdix_dauurica","0","2","0","0",NA,NA,NA,"0",NA,"0",NA,NA,NA,NA,NA,NA,"0","0","0",NA
"Perdix_hodgsoniae","0","1","0","0",NA,NA,NA,"0",NA,NA,NA,NA,NA,NA,NA,NA,"0","0","0",NA
"Perdix_perdix","0","2","0","0",NA,NA,NA,"0",NA,"0",NA,NA,NA,NA,NA,NA,"0","0","0",NA
"Pericrocotus_brevirostris","0","1","0","0",NA,NA,NA,"0",NA,NA,NA,NA,NA,NA,NA,NA,"0","0","0",NA
"Pericrocotus_cantonensis","0","1","0","0",NA,NA,NA,"0",NA,NA,NA,NA,NA,NA,NA,NA,"0","0","0",NA
"Pericrocotus_cinnamomeus","1","0","3","0",NA,NA,NA,"1",NA,"1",NA,"1",NA,NA,"K","1","1","0","0","Kin"
"Pericrocotus_divaricatus","0","2","0","0",NA,NA,NA,"0",NA,"0",NA,NA,NA,NA,NA,NA,"0","0","0",NA
"Pericrocotus_erythropygius","0","2","0","0",NA,NA,NA,"0",NA,"0",NA,NA,NA,NA,NA,NA,"0","0","0",NA
"Pericrocotus_ethologus","0","2","0","0",NA,NA,NA,"0",NA,"0",NA,NA,NA,NA,NA,NA,"0","0","0",NA
"Pericrocotus_flammeus","1","0","1","0",NA,NA,NA,"1",NA,NA,NA,NA,NA,NA,NA,NA,"0","0","0",NA
"Pericrocotus_igneus","0","1","0","0",NA,NA,NA,"0",NA,NA,NA,NA,NA,NA,NA,NA,"0","0","0",NA
"Pericrocotus_lansbergei","0","1","0","0",NA,NA,NA,"0",NA,NA,NA,NA,NA,NA,NA,NA,"0","0","0",NA
"Pericrocotus_miniatus","0","1","0","0",NA,NA,NA,"0",NA,NA,NA,NA,NA,NA,NA,NA,"0","0","0",NA
"Pericrocotus_roseus","0","2","0","0",NA,NA,NA,"0",NA,"0",NA,NA,NA,NA,NA,NA,"0","0","0",NA
"Pericrocotus_solaris","1","0","3","0",NA,NA,NA,"1",NA,"1",NA,"1",NA,NA,"K","1","1","0","0","Kin"
"Pericrocotus_tegimae","0","1","0","0",NA,NA,NA,"0",NA,NA,NA,NA,NA,NA,NA,NA,"0","0","0",NA
"Periporphyrus_erythromelas","0","2","0","0",NA,NA,NA,"0",NA,NA,NA,"0",NA,NA,NA,"1","0","0","0",NA
"Perisoreus_canadensis","1","3","1","1",NA,NA,"0","0",NA,NA,"1","0","M",NA,NA,"1","0","0","1","Mixed"
"Perisoreus_infaustus","0","4","0","0",NA,"0","0","0",NA,NA,NA,"0",NA,NA,NA,"1","0","0","0",NA
"Perisoreus_internigrans","1","0","3","0",NA,NA,NA,"1",NA,"1",NA,"1",NA,NA,"K","1","1","0","0","Kin"
"Perissocephalus_tricolor","0","2","0","0",NA,NA,NA,"0",NA,"0",NA,NA,NA,NA,NA,NA,"0","0","0",NA
"Pernis_apivorus","0","2","0","0",NA,NA,NA,"0",NA,NA,NA,"0",NA,NA,NA,"0","0","0","0",NA
"Pernis_celebensis","0","1","0","0",NA,NA,NA,"0",NA,NA,NA,NA,NA,NA,NA,NA,"0","0","0",NA
"Pernis_ptilorhyncus","0","2","0","0",NA,NA,NA,"0",NA,"0",NA,NA,NA,NA,NA,NA,"0","0","0",NA
"Petrochelidon_fulva","0","3","0","0",NA,NA,NA,"0",NA,"0",NA,"0",NA,NA,NA,"0","0","0","0",NA
"Petrochelidon_pyrrhonota","0","3","0","0",NA,NA,NA,"0",NA,"0",NA,"0",NA,NA,NA,"0","0","0","0",NA
"Petrochelidon_rufocollaris","0","1","0","0",NA,NA,NA,"0",NA,NA,NA,NA,NA,NA,NA,NA,"0","0","0",NA
"Petroica_archboldi","0","1","0","0",NA,NA,NA,"0",NA,NA,NA,NA,NA,NA,NA,NA,"0","0","0",NA
"Petroica_australis","0","5","0","0",NA,"0","0","0",NA,"0",NA,"0",NA,NA,NA,"0","0","0","0",NA
"Petroica_bivittata","0","1","0","0",NA,NA,NA,"0",NA,NA,NA,NA,NA,NA,NA,NA,"0","0","0",NA
"Petroica_goodenovii","0","5","0","0",NA,"0","0","0",NA,"0",NA,"0",NA,NA,NA,"0","0","0","0",NA
"Petroica_macrocephala","0","3","0","0",NA,NA,NA,"0",NA,"0",NA,"0",NA,NA,NA,"0","0","0","0",NA
"Petroica_multicolor","0","3","0","0",NA,NA,NA,"0",NA,"0",NA,"0",NA,NA,NA,"0","0","0","0",NA
"Petroica_phoenicea","0","2","0","0",NA,NA,NA,"0",NA,NA,NA,"0",NA,NA,NA,"0","0","0","0",NA
"Petroica_rodinogaster","0","2","0","0",NA,NA,NA,"0",NA,"0",NA,NA,NA,NA,NA,NA,"0","0","0",NA
"Petroica_rosea","0","2","0","0",NA,NA,NA,"0",NA,"0",NA,NA,NA,NA,NA,NA,"0","0","0",NA
"Petroica_traversi","0","1","0","0",NA,NA,NA,NA,NA,"0",NA,NA,NA,NA,NA,NA,"0","0","0",NA
"Petronia_dentata","0","2","0","0",NA,NA,NA,"0",NA,"0",NA,NA,NA,NA,NA,NA,"0","0","0",NA
"Petronia_petronia","0","4","0","0",NA,"0","0","0",NA,"0",NA,NA,NA,NA,NA,NA,"0","0","0",NA
"Petronia_pyrgita","0","2","0","0",NA,NA,NA,"0",NA,"0",NA,NA,NA,NA,NA,NA,"0","0","0",NA
"Petronia_superciliaris","0","1","0","0",NA,NA,NA,"0",NA,NA,NA,NA,NA,NA,NA,NA,"0","0","0",NA
"Petronia_xanthocollis","0","2","0","0",NA,NA,NA,"0",NA,"0",NA,NA,NA,NA,NA,NA,"0","0","0",NA
"Petrophassa_albipennis","0","3","0","0",NA,NA,NA,"0",NA,"0",NA,"0",NA,NA,NA,"0","0","0","0",NA
"Petrophassa_rufipennis","0","3","0","0",NA,NA,NA,"0",NA,"0",NA,"0",NA,NA,NA,"0","0","0","0",NA
"Peucedramus_taeniatus","0","3","0","0",NA,NA,NA,"0",NA,"0",NA,"0",NA,NA,NA,"1","0","0","0",NA
"Pezopetes_capitalis","0","2","0","0",NA,NA,NA,"0",NA,"0",NA,NA,NA,NA,NA,NA,"0","0","0",NA
"Pezoporus_occidentalis","0","1","0","0",NA,NA,NA,"0",NA,NA,NA,NA,NA,NA,NA,NA,"0","0","0",NA
"Pezoporus_wallicus","0","3","0","0",NA,NA,NA,"0",NA,"0",NA,"0",NA,NA,NA,"1","0","0","0",NA
"Phacellodomus_dorsalis","0","1","0","0",NA,NA,NA,"0",NA,NA,NA,NA,NA,NA,NA,NA,"0","0","0",NA
"Phacellodomus_erythrophthalmus","0","1","0","0",NA,NA,NA,"0",NA,NA,NA,NA,NA,NA,NA,NA,"0","0","0",NA
"Phacellodomus_inornatus","0","1","0","0",NA,NA,NA,"0",NA,NA,NA,NA,NA,NA,NA,NA,"0","0","0",NA
"Phacellodomus_maculipectus","0","1","0","0",NA,NA,NA,"0",NA,NA,NA,NA,NA,NA,NA,NA,"0","0","0",NA
"Phacellodomus_ruber","0","1","0","0",NA,NA,NA,"0",NA,NA,NA,NA,NA,NA,NA,NA,"0","0","0",NA
"Phacellodomus_rufifrons","1","0","4","0",NA,NA,NA,"1",NA,"1","1","1","K",NA,"K","1","2","0","0","Kin"
"Phacellodomus_sibilatrix","1","1","1","1",NA,NA,NA,"1",NA,"0",NA,NA,NA,NA,NA,NA,"0","0","0",NA
"Phacellodomus_striaticeps","0","1","0","0",NA,NA,NA,"0",NA,NA,NA,NA,NA,NA,NA,NA,"0","0","0",NA
"Phacellodomus_striaticollis","0","1","0","0",NA,NA,NA,"0",NA,NA,NA,NA,NA,NA,NA,NA,"0","0","0",NA
"Phaenicophaeus_calyorhynchus","0","1","0","0",NA,NA,NA,"0",NA,NA,NA,NA,NA,NA,NA,NA,"0","0","0",NA
"Phaenicophaeus_chlorophaeus","0","1","0","0",NA,NA,NA,"0",NA,NA,NA,NA,NA,NA,NA,NA,"0","0","0",NA
"Phaenicophaeus_cumingi","0","1","0","0",NA,NA,NA,"0",NA,NA,NA,NA,NA,NA,NA,NA,"0","0","0",NA
"Phaenicophaeus_curvirostris","0","2","0","0",NA,NA,NA,"0",NA,"0",NA,NA,NA,NA,NA,NA,"0","0","0",NA
"Phaenicophaeus_diardi","0","1","0","0",NA,NA,NA,"0",NA,NA,NA,NA,NA,NA,NA,NA,"0","0","0",NA
"Phaenicophaeus_javanicus","0","2","0","0",NA,NA,NA,"0",NA,"0",NA,NA,NA,NA,NA,NA,"0","0","0",NA
"Phaenicophaeus_leschenaultii","0","2","0","0",NA,NA,NA,"0",NA,"0",NA,NA,NA,NA,NA,NA,"0","0","0",NA
"Phaenicophaeus_pyrrhocephalus","0","2","0","0",NA,NA,NA,"0",NA,"0",NA,NA,NA,NA,NA,NA,"0","0","0",NA
"Phaenicophaeus_sumatranus","0","2","0","0",NA,NA,NA,"0",NA,"0",NA,NA,NA,NA,NA,NA,"0","0","0",NA
"Phaenicophaeus_superciliosus","0","1","0","0",NA,NA,NA,"0",NA,NA,NA,NA,NA,NA,NA,NA,"0","0","0",NA
"Phaenicophaeus_tristis","0","2","0","0",NA,NA,NA,"0",NA,"0",NA,NA,NA,NA,NA,NA,"0","0","0",NA
"Phaenicophaeus_viridirostris","0","1","0","0",NA,NA,NA,"0",NA,NA,NA,NA,NA,NA,NA,NA,"0","0","0",NA
"Phaenicophilus_palmarum","0","2","0","0",NA,NA,NA,"0",NA,NA,NA,"0",NA,NA,NA,"1","0","0","0",NA
"Phaenicophilus_poliocephalus","0","2","0","0",NA,NA,NA,"0",NA,NA,NA,"0",NA,NA,NA,"1","0","0","0",NA
"Phaenostictus_mcleannani","0","2","0","0",NA,NA,NA,"0",NA,NA,NA,"0",NA,NA,NA,"1","0","0","0",NA
"Phaeochroa_cuvierii","0","3","0","0",NA,NA,NA,"0",NA,"0",NA,"0",NA,NA,NA,"0","0","0","0",NA
"Phaeomyias_murina","0","2","0","0",NA,NA,NA,"0",NA,"0",NA,NA,NA,NA,NA,NA,"0","0","0",NA
"Phaeomyias_tumbezana","0","1","0","0",NA,NA,NA,"0",NA,NA,NA,NA,NA,NA,NA,NA,"0","0","0",NA
"Phaethon_aethereus","0","1","0","0",NA,NA,NA,NA,NA,"0",NA,NA,NA,NA,NA,NA,"0","0","0",NA
"Phaethon_lepturus","0","1","0","0",NA,NA,NA,NA,NA,"0",NA,NA,NA,NA,NA,NA,"0","0","0",NA
"Phaethon_rubricauda","0","1","0","0",NA,NA,NA,NA,NA,"0",NA,NA,NA,NA,NA,NA,"0","0","0",NA
"Phaethornis_anthophilus","0","2","0","0",NA,NA,NA,"0",NA,"0",NA,NA,NA,NA,NA,NA,"0","0","0",NA
"Phaethornis_atrimentalis","0","1","0","0",NA,NA,NA,"0",NA,NA,NA,NA,NA,NA,NA,NA,"0","0","0",NA
"Phaethornis_augusti","0","2","0","0",NA,NA,NA,"0",NA,NA,NA,"0",NA,NA,NA,"0","0","0","0",NA
"Phaethornis_bourcieri","0","2","0","0",NA,NA,NA,"0",NA,"0",NA,NA,NA,NA,NA,NA,"0","0","0",NA
"Phaethornis_eurynome","0","3","0","0",NA,NA,NA,"0",NA,"0",NA,"0",NA,NA,NA,"0","0","0","0",NA
"Phaethornis_griseogularis","0","2","0","0",NA,NA,NA,"0",NA,NA,NA,"0",NA,NA,NA,"0","0","0","0",NA
"Phaethornis_guy","0","2","0","0",NA,NA,NA,"0",NA,"0",NA,NA,NA,NA,NA,NA,"0","0","0",NA
"Phaethornis_hispidus","0","2","0","0",NA,NA,NA,"0",NA,"0",NA,NA,NA,NA,NA,NA,"0","0","0",NA
"Phaethornis_idaliae","0","3","0","0",NA,NA,NA,"0",NA,"0",NA,"0",NA,NA,NA,"0","0","0","0",NA
"Phaethornis_koepckeae","0","2","0","0",NA,NA,NA,"0",NA,NA,NA,"0",NA,NA,NA,"0","0","0","0",NA
"Phaethornis_longirostris","0","1","0","0",NA,NA,NA,"0",NA,NA,NA,NA,NA,NA,NA,NA,"0","0","0",NA
"Phaethornis_longuemareus","0","2","0","0",NA,NA,NA,"0",NA,NA,NA,"0",NA,NA,NA,"0","0","0","0",NA
"Phaethornis_malaris","0","2","0","0",NA,NA,NA,"0",NA,"0",NA,NA,NA,NA,NA,NA,"0","0","0",NA
"Phaethornis_nattereri","0","2","0","0",NA,NA,NA,"0",NA,NA,NA,"0",NA,NA,NA,"0","0","0","0",NA
"Phaethornis_philippii","0","1","0","0",NA,NA,NA,"0",NA,NA,NA,NA,NA,NA,NA,NA,"0","0","0",NA
"Phaethornis_pretrei","0","2","0","0",NA,NA,NA,"0",NA,"0",NA,NA,NA,NA,NA,NA,"0","0","0",NA
"Phaethornis_ruber","0","3","0","0",NA,NA,NA,"0",NA,"0",NA,"0",NA,NA,NA,"0","0","0","0",NA
"Phaethornis_rupurumii","0","1","0","0",NA,NA,NA,"0",NA,NA,NA,NA,NA,NA,NA,NA,"0","0","0",NA
"Phaethornis_squalidus","0","3","0","0",NA,NA,NA,"0",NA,"0",NA,"0",NA,NA,NA,"0","0","0","0",NA
"Phaethornis_striigularis","0","1","0","0",NA,NA,NA,"0",NA,NA,NA,NA,NA,NA,NA,NA,"0","0","0",NA
"Phaethornis_stuarti","0","2","0","0",NA,NA,NA,"0",NA,NA,NA,"0",NA,NA,NA,"0","0","0","0",NA
"Phaethornis_subochraceus","0","2","0","0",NA,NA,NA,"0",NA,NA,NA,"0",NA,NA,NA,"0","0","0","0",NA
"Phaethornis_superciliosus","0","2","0","0",NA,NA,NA,"0",NA,"0",NA,NA,NA,NA,NA,NA,"0","0","0",NA
"Phaethornis_syrmatophorus","0","2","0","0",NA,NA,NA,"0",NA,NA,NA,"0",NA,NA,NA,"0","0","0","0",NA
"Phaethornis_yaruqui","0","3","0","0",NA,NA,NA,"0",NA,"0",NA,"0",NA,NA,NA,"0","0","0","0",NA
"Phaetusa_simplex","0","2","0","0",NA,NA,NA,"0",NA,"0",NA,NA,NA,NA,NA,NA,"0","0","0",NA
"Phainopepla_nitens","0","4","0","0",NA,"0",NA,"0",NA,"0",NA,"0",NA,NA,NA,"0","0","0","0",NA
"Phainoptila_melanoxantha","0","1","0","0",NA,NA,NA,"0",NA,NA,NA,NA,NA,NA,NA,NA,"0","0","0",NA
"Phalacrocorax_africanus","0","2","0","0",NA,NA,NA,"0",NA,"0",NA,NA,NA,NA,NA,NA,"0","0","0",NA
"Phalacrocorax_aristotelis","0","2","0","0",NA,NA,"0",NA,NA,"0",NA,NA,NA,NA,NA,NA,"0","0","0",NA
"Phalacrocorax_atriceps","0","3","0","0",NA,"0","0",NA,NA,"0",NA,NA,NA,NA,NA,NA,"0","0","0",NA
"Phalacrocorax_auritus","0","2","0","0",NA,NA,NA,"0",NA,"0",NA,NA,NA,NA,NA,NA,"0","0","0",NA
"Phalacrocorax_bougainvillii","0","1","0","0",NA,NA,NA,NA,NA,"0",NA,NA,NA,NA,NA,NA,"0","0","0",NA
"Phalacrocorax_brasilianus","0","1","0","0",NA,NA,NA,NA,NA,"0",NA,NA,NA,NA,NA,NA,"0","0","0",NA
"Phalacrocorax_campbelli","0","1","0","0",NA,NA,NA,NA,NA,"0",NA,NA,NA,NA,NA,NA,"0","0","0",NA
"Phalacrocorax_capensis","0","1","0","0",NA,NA,NA,NA,NA,"0",NA,NA,NA,NA,NA,NA,"0","0","0",NA
"Phalacrocorax_capillatus","0","1","0","0",NA,NA,NA,NA,NA,"0",NA,NA,NA,NA,NA,NA,"0","0","0",NA
"Phalacrocorax_carbo","0","5","0","0",NA,"0","0","0",NA,"0",NA,"0",NA,NA,NA,"0","0","0","0",NA
"Phalacrocorax_carunculatus","0","1","0","0",NA,NA,NA,NA,NA,"0",NA,NA,NA,NA,NA,NA,"0","0","0",NA
"Phalacrocorax_chalconotus","0","1","0","0",NA,NA,NA,NA,NA,"0",NA,NA,NA,NA,NA,NA,"0","0","0",NA
"Phalacrocorax_colensoi","0","1","0","0",NA,NA,NA,NA,NA,"0",NA,NA,NA,NA,NA,NA,"0","0","0",NA
"Phalacrocorax_coronatus","0","1","0","0",NA,NA,NA,NA,NA,"0",NA,NA,NA,NA,NA,NA,"0","0","0",NA
"Phalacrocorax_featherstoni","0","1","0","0",NA,NA,NA,NA,NA,"0",NA,NA,NA,NA,NA,NA,"0","0","0",NA
"Phalacrocorax_fuscescens","0","1","0","0",NA,NA,NA,NA,NA,"0",NA,NA,NA,NA,NA,NA,"0","0","0",NA
"Phalacrocorax_fuscicollis","0","3","0","0",NA,NA,NA,"0",NA,"0",NA,"0",NA,NA,NA,"0","0","0","0",NA
"Phalacrocorax_gaimardi","0","1","0","0",NA,NA,NA,NA,NA,"0",NA,NA,NA,NA,NA,NA,"0","0","0",NA
"Phalacrocorax_harrisi","0","1","0","0",NA,NA,NA,NA,NA,"0",NA,NA,NA,NA,NA,NA,"0","0","0",NA
"Phalacrocorax_magellanicus","0","1","0","0",NA,NA,NA,NA,NA,"0",NA,NA,NA,NA,NA,NA,"0","0","0",NA
"Phalacrocorax_melanoleucos","0","3","0","0",NA,NA,NA,"0",NA,"0",NA,"0",NA,NA,NA,"0","0","0","0",NA
"Phalacrocorax_neglectus","0","1","0","0",NA,NA,NA,NA,NA,"0",NA,NA,NA,NA,NA,NA,"0","0","0",NA
"Phalacrocorax_niger","0","2","0","0",NA,NA,NA,"0",NA,"0",NA,NA,NA,NA,NA,NA,"0","0","0",NA
"Phalacrocorax_nigrogularis","0","1","0","0",NA,NA,NA,NA,NA,"0",NA,NA,NA,NA,NA,NA,"0","0","0",NA
"Phalacrocorax_onslowi","0","1","0","0",NA,NA,NA,NA,NA,"0",NA,NA,NA,NA,NA,NA,"0","0","0",NA
"Phalacrocorax_pelagicus",NA,"0","0","0",NA,NA,NA,NA,NA,NA,NA,NA,NA,NA,NA,NA,"0","0","0",NA
"Phalacrocorax_penicillatus","0","1","0","0",NA,NA,NA,NA,NA,"0",NA,NA,NA,NA,NA,NA,"0","0","0",NA
"Phalacrocorax_punctatus","0","1","0","0",NA,NA,NA,NA,NA,"0",NA,NA,NA,NA,NA,NA,"0","0","0",NA
"Phalacrocorax_pygmeus","0","2","0","0",NA,NA,NA,"0",NA,"0",NA,NA,NA,NA,NA,NA,"0","0","0",NA
"Phalacrocorax_ranfurlyi","0","1","0","0",NA,NA,NA,NA,NA,"0",NA,NA,NA,NA,NA,NA,"0","0","0",NA
"Phalacrocorax_sulcirostris","0","3","0","0",NA,NA,NA,"0",NA,"0",NA,"0",NA,NA,NA,"0","0","0","0",NA
"Phalacrocorax_urile","0","1","0","0",NA,NA,NA,NA,NA,"0",NA,NA,NA,NA,NA,NA,"0","0","0",NA
"Phalacrocorax_varius","0","1","0","0",NA,NA,NA,NA,NA,"0",NA,NA,NA,NA,NA,NA,"0","0","0",NA
"Phalaenoptilus_nuttallii","0","3","0","0",NA,NA,NA,"0",NA,"0",NA,"0",NA,NA,NA,"0","0","0","0",NA
"Phalaropus_fulicarius","0","4","0","0",NA,"0",NA,"0",NA,"0",NA,"0",NA,NA,NA,"0","0","0","0",NA
"Phalaropus_lobatus","0","4","0","0",NA,"0",NA,"0",NA,"0",NA,"0",NA,NA,NA,"0","0","0","0",NA
"Phalcoboenus_albogularis","1","0","1","0",NA,NA,NA,"1",NA,NA,NA,NA,NA,NA,NA,NA,"0","0","0",NA
"Phalcoboenus_australis","1","0","2","0",NA,NA,NA,"1",NA,"1",NA,NA,NA,NA,NA,NA,"0","0","0",NA
"Phalcoboenus_carunculatus","1","0","1","0",NA,NA,NA,"1",NA,NA,NA,NA,NA,NA,NA,NA,"0","0","0",NA
"Phalcoboenus_megalopterus","1","0","1","0",NA,NA,NA,"1",NA,NA,NA,NA,NA,NA,NA,NA,"0","0","0",NA
"Phapitreron_amethystinus","0","2","0","0",NA,NA,NA,"0",NA,NA,NA,"0",NA,NA,NA,"0","0","0","0",NA
"Phapitreron_cinereiceps","0","1","0","0",NA,NA,NA,"0",NA,NA,NA,NA,NA,NA,NA,NA,"0","0","0",NA
"Phapitreron_leucotis","0","2","0","0",NA,NA,NA,"0",NA,NA,NA,"0",NA,NA,NA,"0","0","0","0",NA
"Phaps_chalcoptera","0","3","0","0",NA,NA,NA,"0",NA,"0",NA,"0",NA,NA,NA,"0","0","0","0",NA
"Phaps_elegans","0","3","0","0",NA,NA,NA,"0",NA,"0",NA,"0",NA,NA,NA,"1","0","0","0",NA
"Phaps_histrionica","0","3","0","0",NA,NA,NA,"0",NA,"0",NA,"0",NA,NA,NA,"0","0","0","0",NA
"Pharomachrus_antisianus","0","1","0","0",NA,NA,NA,"0",NA,NA,NA,NA,NA,NA,NA,NA,"0","0","0",NA
"Pharomachrus_auriceps","0","1","0","0",NA,NA,NA,"0",NA,NA,NA,NA,NA,NA,NA,NA,"0","0","0",NA
"Pharomachrus_fulgidus","0","1","0","0",NA,NA,NA,"0",NA,NA,NA,NA,NA,NA,NA,NA,"0","0","0",NA
"Pharomachrus_mocinno","0","2","0","0",NA,NA,NA,"0",NA,"0",NA,NA,NA,NA,NA,NA,"0","0","0",NA
"Pharomachrus_pavoninus","0","1","0","0",NA,NA,NA,"0",NA,NA,NA,NA,NA,NA,NA,NA,"0","0","0",NA
"Phasianus_colchicus","0","3","0","0",NA,NA,NA,"0",NA,"0",NA,"0",NA,NA,NA,"1","0","0","0",NA
"Phasianus_versicolor","0","1","0","0",NA,NA,NA,"0",NA,NA,NA,NA,NA,NA,NA,NA,"0","0","0",NA
"Phedina_borbonica","0","2","0","0",NA,NA,NA,"0",NA,"0",NA,NA,NA,NA,NA,NA,"0","0","0",NA
"Phedina_brazzae","0","1","0","0",NA,NA,NA,"0",NA,NA,NA,NA,NA,NA,NA,NA,"0","0","0",NA
"Phegornis_mitchellii","0","1","0","0",NA,NA,NA,"0",NA,NA,NA,NA,NA,NA,NA,NA,"0","0","0",NA
"Phelpsia_inornatus","1","0","2","0",NA,NA,NA,"1",NA,"1",NA,NA,NA,NA,NA,NA,"0","0","0",NA
"Pheucticus_aureoventris","0","3","0","0",NA,NA,NA,"0",NA,"0",NA,"0",NA,NA,NA,"0","0","0","0",NA
"Pheucticus_chrysogaster","0","1","0","0",NA,NA,NA,"0",NA,NA,NA,NA,NA,NA,NA,NA,"0","0","0",NA
"Pheucticus_chrysopeplus","0","2","0","0",NA,NA,NA,"0",NA,NA,NA,"0",NA,NA,NA,"0","0","0","0",NA
"Pheucticus_ludovicianus","0","3","0","0",NA,NA,NA,"0",NA,"0",NA,"0",NA,NA,NA,"0","0","0","0",NA
"Pheucticus_melanocephalus","0","3","0","0",NA,NA,NA,"0",NA,"0",NA,"0",NA,NA,NA,"0","0","0","0",NA
"Pheucticus_tibialis","0","2","0","0",NA,NA,NA,"0",NA,"0",NA,NA,NA,NA,NA,NA,"0","0","0",NA
"Phibalura_flavirostris","0","2","0","0",NA,NA,NA,"0",NA,"0",NA,NA,NA,NA,NA,NA,"0","0","0",NA
"Phigys_solitarius","0","2","0","0",NA,NA,NA,"0",NA,"0",NA,NA,NA,NA,NA,NA,"0","0","0",NA
"Philemon_albitorques","0","1","0","0",NA,NA,NA,"0",NA,NA,NA,NA,NA,NA,NA,NA,"0","0","0",NA
"Philemon_argenticeps","0","2","0","0",NA,NA,NA,"0",NA,"0",NA,NA,NA,NA,NA,NA,"0","0","0",NA
"Philemon_brassi","0","1","0","0",NA,NA,NA,"0",NA,NA,NA,NA,NA,NA,NA,NA,"0","0","0",NA
"Philemon_buceroides","0","1","0","0",NA,NA,NA,"0",NA,NA,NA,NA,NA,NA,NA,NA,"0","0","0",NA
"Philemon_citreogularis","1","3","1","1","1",NA,NA,"0",NA,"0",NA,"0",NA,NA,NA,"0","0","0","0",NA
"Philemon_cockerelli","0","2","0","0",NA,NA,NA,"0",NA,"0",NA,NA,NA,NA,NA,NA,"0","0","0",NA
"Philemon_corniculatus","0","3","0","0",NA,NA,NA,"0",NA,"0",NA,"0",NA,NA,NA,"0","0","0","0",NA
"Philemon_diemenensis","0","1","0","0",NA,NA,NA,"0",NA,NA,NA,NA,NA,NA,NA,NA,"0","0","0",NA
"Philemon_eichhorni","0","1","0","0",NA,NA,NA,"0",NA,NA,NA,NA,NA,NA,NA,NA,"0","0","0",NA
"Philemon_fuscicapillus","0","1","0","0",NA,NA,NA,"0",NA,NA,NA,NA,NA,NA,NA,NA,"0","0","0",NA
"Philemon_inornatus","0","1","0","0",NA,NA,NA,"0",NA,NA,NA,NA,NA,NA,NA,NA,"0","0","0",NA
"Philemon_kisserensis","0","1","0","0",NA,NA,NA,"0",NA,NA,NA,NA,NA,NA,NA,NA,"0","0","0",NA
"Philemon_meyeri","0","1","0","0",NA,NA,NA,"0",NA,NA,NA,NA,NA,NA,NA,NA,"0","0","0",NA
"Philemon_moluccensis","0","1","0","0",NA,NA,NA,"0",NA,NA,NA,NA,NA,NA,NA,NA,"0","0","0",NA
"Philemon_novaeguineae","0","1","0","0",NA,NA,NA,"0",NA,NA,NA,NA,NA,NA,NA,NA,"0","0","0",NA
"Philemon_plumigenis",NA,"0","0","0",NA,NA,NA,NA,NA,NA,NA,NA,NA,NA,NA,NA,"0","0","0",NA
"Philemon_subcorniculatus","0","1","0","0",NA,NA,NA,"0",NA,NA,NA,NA,NA,NA,NA,NA,"0","0","0",NA
"Philentoma_pyrhoptera","0","1","0","0",NA,NA,NA,"0",NA,NA,NA,NA,NA,NA,NA,NA,"0","0","0",NA
"Philentoma_velata","0","1","0","0",NA,NA,NA,"0",NA,NA,NA,NA,NA,NA,NA,NA,"0","0","0",NA
"Philepitta_castanea","0","2","0","0",NA,NA,NA,"0",NA,"0",NA,NA,NA,NA,NA,NA,"0","0","0",NA
"Philepitta_schlegeli","0","1","0","0",NA,NA,NA,"0",NA,NA,NA,NA,NA,NA,NA,NA,"0","0","0",NA
"Philesturnus_carunculatus","0","4","0","0",NA,"0","0","0",NA,"0",NA,NA,NA,NA,NA,NA,"0","0","0",NA
"Philetairus_socius","1","0","5","0",NA,NA,"1","1",NA,"1","1","1","K","K","K","1","3","0","0","Kin"
"Philomachus_pugnax","0","3","0","0",NA,NA,"0","0",NA,"0",NA,NA,NA,NA,NA,NA,"0","0","0",NA
"Philortyx_fasciatus","0","1","0","0",NA,NA,NA,"0",NA,NA,NA,NA,NA,NA,NA,NA,"0","0","0",NA
"Philydor_atricapillus","0","1","0","0",NA,NA,NA,"0",NA,NA,NA,NA,NA,NA,NA,NA,"0","0","0",NA
"Philydor_erythrocercum","0","1","0","0",NA,NA,NA,"0",NA,NA,NA,NA,NA,NA,NA,NA,"0","0","0",NA
"Philydor_erythropterum","0","1","0","0",NA,NA,NA,"0",NA,NA,NA,NA,NA,NA,NA,NA,"0","0","0",NA
"Philydor_fuscipenne","0","1","0","0",NA,NA,NA,"0",NA,NA,NA,NA,NA,NA,NA,NA,"0","0","0",NA
"Philydor_lichtensteini","0","1","0","0",NA,NA,NA,"0",NA,NA,NA,NA,NA,NA,NA,NA,"0","0","0",NA
"Philydor_novaesi","0","1","0","0",NA,NA,NA,"0",NA,NA,NA,NA,NA,NA,NA,NA,"0","0","0",NA
"Philydor_pyrrhodes","0","1","0","0",NA,NA,NA,"0",NA,NA,NA,NA,NA,NA,NA,NA,"0","0","0",NA
"Philydor_ruficaudatum","0","1","0","0",NA,NA,NA,"0",NA,NA,NA,NA,NA,NA,NA,NA,"0","0","0",NA
"Philydor_rufum","0","1","0","0",NA,NA,NA,"0",NA,NA,NA,NA,NA,NA,NA,NA,"0","0","0",NA
"Phimosus_infuscatus","0","2","0","0",NA,NA,NA,"0",NA,"0",NA,NA,NA,NA,NA,NA,"0","0","0",NA
"Phlegopsis_erythroptera","1","1","1","1",NA,NA,NA,"1",NA,NA,NA,"0",NA,NA,NA,"1","0","0","0",NA
"Phlegopsis_nigromaculata","1","0","3","0",NA,NA,NA,"1",NA,"1",NA,"1",NA,NA,"K","1","1","0","0","Kin"
"Phleocryptes_melanops","0","2","0","0",NA,NA,NA,"0",NA,"0",NA,NA,NA,NA,NA,NA,"0","0","0",NA
"Phlogophilus_harterti","0","2","0","0",NA,NA,NA,"0",NA,NA,NA,"0",NA,NA,NA,"0","0","0","0",NA
"Phlogophilus_hemileucurus","0","3","0","0",NA,NA,NA,"0",NA,"0",NA,"0",NA,NA,NA,"0","0","0","0",NA
"Phodilus_badius","0","2","0","0",NA,NA,NA,"0",NA,"0",NA,NA,NA,NA,NA,NA,"0","0","0",NA
"Phodilus_prigoginei","0","1","0","0",NA,NA,NA,"0",NA,NA,NA,NA,NA,NA,NA,NA,"0","0","0",NA
"Phoebastria_albatrus","0","1","0","0",NA,NA,NA,NA,NA,"0",NA,NA,NA,NA,NA,NA,"0","0","0",NA
"Phoebastria_immutabilis","1","1","1","1",NA,NA,NA,NA,NA,"0","1",NA,"NK",NA,NA,NA,"0","1","0","NonKin"
"Phoebastria_irrorata","0","3","0","0",NA,"0","0",NA,NA,"0",NA,NA,NA,NA,NA,NA,"0","0","0",NA
"Phoebastria_nigripes","0","1","0","0",NA,NA,NA,NA,NA,"0",NA,NA,NA,NA,NA,NA,"0","0","0",NA
"Phoebetria_fusca","0","1","0","0",NA,NA,NA,NA,NA,"0",NA,NA,NA,NA,NA,NA,"0","0","0",NA
"Phoebetria_palpebrata","0","1","0","0",NA,NA,NA,NA,NA,"0",NA,NA,NA,NA,NA,NA,"0","0","0",NA
"Phoenicircus_carnifex","0","2","0","0",NA,NA,NA,"0",NA,"0",NA,NA,NA,NA,NA,NA,"0","0","0",NA
"Phoenicircus_nigricollis","0","2","0","0",NA,NA,NA,"0",NA,"0",NA,NA,NA,NA,NA,NA,"0","0","0",NA
"Phoeniconaias_minor","0","3","0","0",NA,NA,NA,"0",NA,"0",NA,"0",NA,NA,NA,"0","0","0","0",NA
"Phoenicoparrus_andinus","0","3","0","0",NA,NA,NA,"0",NA,"0",NA,"0",NA,NA,NA,"0","0","0","0",NA
"Phoenicoparrus_jamesi","0","2","0","0",NA,NA,NA,"0",NA,"0",NA,NA,NA,NA,NA,NA,"0","0","0",NA
"Phoenicopterus_chilensis","0","3","0","0",NA,NA,NA,"0",NA,"0",NA,"0",NA,NA,NA,"0","0","0","0",NA
"Phoenicopterus_ruber","0","3","0","0",NA,NA,NA,"0",NA,"0",NA,"0",NA,NA,NA,"0","0","0","0",NA
"Phoeniculus_bollei","1","0","3","0",NA,NA,NA,"1",NA,"1",NA,"1",NA,NA,"K","1","1","0","0","Kin"
"Phoeniculus_castaneiceps","1","0","1","0",NA,NA,NA,"1",NA,NA,NA,NA,NA,NA,NA,NA,"0","0","0",NA
"Phoeniculus_damarensis","1","1","2","1",NA,NA,NA,"1",NA,"0","1",NA,"M",NA,NA,NA,"0","0","1","Mixed"
"Phoeniculus_purpureus","1","0","5","0",NA,NA,"1","1",NA,"1","1","1","M","K","K","1","2","0","1","Kin"
"Phoeniculus_somaliensis","1","1","1","1",NA,NA,NA,"1",NA,"0",NA,NA,NA,NA,NA,NA,"0","0","0",NA
"Phoenicurus_alaschanicus","0","1","0","0",NA,NA,NA,"0",NA,NA,NA,NA,NA,NA,NA,NA,"0","0","0",NA
"Phoenicurus_auroreus","0","2","0","0",NA,NA,NA,"0",NA,"0",NA,NA,NA,NA,NA,NA,"0","0","0",NA
"Phoenicurus_caeruleocephala","0","2","0","0",NA,NA,NA,"0",NA,"0",NA,NA,NA,NA,NA,NA,"0","0","0",NA
"Phoenicurus_erythrogastrus","0","2","0","0",NA,NA,NA,"0",NA,"0",NA,NA,NA,NA,NA,NA,"0","0","0",NA
"Phoenicurus_erythronotus","0","2","0","0",NA,NA,NA,"0",NA,"0",NA,NA,NA,NA,NA,NA,"0","0","0",NA
"Phoenicurus_frontalis","0","2","0","0",NA,NA,NA,"0",NA,"0",NA,NA,NA,NA,NA,NA,"0","0","0",NA
"Phoenicurus_hodgsoni","0","1","0","0",NA,NA,NA,"0",NA,NA,NA,NA,NA,NA,NA,NA,"0","0","0",NA
"Phoenicurus_moussieri","0","2","0","0",NA,NA,NA,"0",NA,"0",NA,NA,NA,NA,NA,NA,"0","0","0",NA
"Phoenicurus_ochruros","1","1","3","1",NA,"0",NA,"1",NA,"1",NA,"1",NA,NA,"NK","0","0","1","0","NonKin"
"Phoenicurus_phoenicurus","0","5","0","0",NA,"0","0","0",NA,"0",NA,"0",NA,NA,NA,"0","0","0","0",NA
"Phoenicurus_schisticeps","0","2","0","0",NA,NA,NA,"0",NA,"0",NA,NA,NA,NA,NA,NA,"0","0","0",NA
"Pholidornis_rushiae","1","0","3","0",NA,NA,NA,"1",NA,"1",NA,"1",NA,NA,"K","1","1","0","0","Kin"
"Phragmacia_substriata","0","3","0","0",NA,NA,NA,"0",NA,"0",NA,"0",NA,NA,NA,"1","0","0","0",NA
"Phrygilus_alaudinus","0","1","0","0",NA,NA,NA,"0",NA,NA,NA,NA,NA,NA,NA,NA,"0","0","0",NA
"Phrygilus_atriceps","0","1","0","0",NA,NA,NA,"0",NA,NA,NA,NA,NA,NA,NA,NA,"0","0","0",NA
"Phrygilus_carbonarius","0","1","0","0",NA,NA,NA,"0",NA,NA,NA,NA,NA,NA,NA,NA,"0","0","0",NA
"Phrygilus_dorsalis","0","1","0","0",NA,NA,NA,"0",NA,NA,NA,NA,NA,NA,NA,NA,"0","0","0",NA
"Phrygilus_erythronotus","0","1","0","0",NA,NA,NA,"0",NA,NA,NA,NA,NA,NA,NA,NA,"0","0","0",NA
"Phrygilus_fruticeti","0","1","0","0",NA,NA,NA,"0",NA,NA,NA,NA,NA,NA,NA,NA,"0","0","0",NA
"Phrygilus_gayi","0","1","0","0",NA,NA,NA,"0",NA,NA,NA,NA,NA,NA,NA,NA,"0","0","0",NA
"Phrygilus_patagonicus","0","1","0","0",NA,NA,NA,"0",NA,NA,NA,NA,NA,NA,NA,NA,"0","0","0",NA
"Phrygilus_plebejus","0","1","0","0",NA,NA,NA,"0",NA,NA,NA,NA,NA,NA,NA,NA,"0","0","0",NA
"Phrygilus_punensis","0","1","0","0",NA,NA,NA,"0",NA,NA,NA,NA,NA,NA,NA,NA,"0","0","0",NA
"Phrygilus_unicolor","0","1","0","0",NA,NA,NA,"0",NA,NA,NA,NA,NA,NA,NA,NA,"0","0","0",NA
"Phylidonyris_albifrons","0","3","0","0",NA,NA,NA,"0",NA,"0",NA,"0",NA,NA,NA,"1","0","0","0",NA
"Phylidonyris_melanops","0","2","0","0",NA,NA,NA,"0",NA,"0",NA,NA,NA,NA,NA,NA,"0","0","0",NA
"Phylidonyris_niger","0","2","0","0",NA,NA,NA,"0",NA,"0",NA,NA,NA,NA,NA,NA,"0","0","0",NA
"Phylidonyris_notabilis","0","1","0","0",NA,NA,NA,"0",NA,NA,NA,NA,NA,NA,NA,NA,"0","0","0",NA
"Phylidonyris_novaehollandiae","1","2","1","1","1",NA,NA,"0",NA,NA,NA,"0",NA,NA,NA,"1","0","0","0",NA
"Phylidonyris_pyrrhopterus","0","4","0","0",NA,"0",NA,"0",NA,"0",NA,"0",NA,NA,NA,"0","0","0","0",NA
"Phylidonyris_undulatus","0","1","0","0",NA,NA,NA,"0",NA,NA,NA,NA,NA,NA,NA,NA,"0","0","0",NA
"Phyllanthus_atripennis","1","1","1","1",NA,NA,NA,"1",NA,"0",NA,NA,NA,NA,NA,NA,"0","0","0",NA
"Phyllastrephus_albigularis","0","2","0","0",NA,NA,NA,"0",NA,NA,NA,"0",NA,NA,NA,"1","0","0","0",NA
"Phyllastrephus_baumanni","0","1","0","0",NA,NA,NA,"0",NA,NA,NA,NA,NA,NA,NA,NA,"0","0","0",NA
"Phyllastrephus_cabanisi","1","2","2","1",NA,NA,NA,"0",NA,"0","1","1","K",NA,"K","1","2","0","0","Kin"
"Phyllastrephus_cerviniventris","0","2","0","0",NA,NA,NA,"0",NA,"0",NA,NA,NA,NA,NA,NA,"0","0","0",NA
"Phyllastrephus_debilis","0","2","0","0",NA,NA,NA,"0",NA,"0",NA,NA,NA,NA,NA,NA,"0","0","0",NA
"Phyllastrephus_fischeri","0","1","0","0",NA,NA,NA,"0",NA,NA,NA,NA,NA,NA,NA,NA,"0","0","0",NA
"Phyllastrephus_flavostriatus","0","3","0","0",NA,NA,NA,"0",NA,"0",NA,"0",NA,NA,NA,"1","0","0","0",NA
"Phyllastrephus_fulviventris","0","1","0","0",NA,NA,NA,"0",NA,NA,NA,NA,NA,NA,NA,NA,"0","0","0",NA
"Phyllastrephus_hypochloris","0","1","0","0",NA,NA,NA,"0",NA,NA,NA,NA,NA,NA,NA,NA,"0","0","0",NA
"Phyllastrephus_icterinus","0","3","0","0",NA,NA,NA,"0",NA,"0",NA,"0",NA,NA,NA,"1","0","0","0",NA
"Phyllastrephus_leucolepis","0","1","0","0",NA,NA,NA,"0",NA,NA,NA,NA,NA,NA,NA,NA,"0","0","0",NA
"Phyllastrephus_lorenzi","0","1","0","0",NA,NA,NA,"0",NA,NA,NA,NA,NA,NA,NA,NA,"0","0","0",NA
"Phyllastrephus_poensis","0","1","0","0",NA,NA,NA,"0",NA,NA,NA,NA,NA,NA,NA,NA,"0","0","0",NA
"Phyllastrephus_poliocephalus","0","1","0","0",NA,NA,NA,"0",NA,NA,NA,NA,NA,NA,NA,NA,"0","0","0",NA
"Phyllastrephus_strepitans","0","1","0","0",NA,NA,NA,"0",NA,NA,NA,NA,NA,NA,NA,NA,"0","0","0",NA
"Phyllastrephus_terrestris","0","2","0","0",NA,NA,NA,"0",NA,"0",NA,NA,NA,NA,NA,NA,"0","0","0",NA
"Phyllastrephus_xavieri","0","3","0","0",NA,NA,NA,"0",NA,"0",NA,"0",NA,NA,NA,"1","0","0","0",NA
"Phyllolais_pulchella","0","1","0","0",NA,NA,NA,"0",NA,NA,NA,NA,NA,NA,NA,NA,"0","0","0",NA
"Phyllomyias_burmeisteri","0","1","0","0",NA,NA,NA,"0",NA,NA,NA,NA,NA,NA,NA,NA,"0","0","0",NA
"Phyllomyias_cinereiceps","0","1","0","0",NA,NA,NA,"0",NA,NA,NA,NA,NA,NA,NA,NA,"0","0","0",NA
"Phyllomyias_fasciatus","0","1","0","0",NA,NA,NA,"0",NA,NA,NA,NA,NA,NA,NA,NA,"0","0","0",NA
"Phyllomyias_griseiceps","0","2","0","0",NA,NA,NA,"0",NA,"0",NA,NA,NA,NA,NA,NA,"0","0","0",NA
"Phyllomyias_griseocapilla","0","1","0","0",NA,NA,NA,"0",NA,NA,NA,NA,NA,NA,NA,NA,"0","0","0",NA
"Phyllomyias_nigrocapillus","0","1","0","0",NA,NA,NA,"0",NA,NA,NA,NA,NA,NA,NA,NA,"0","0","0",NA
"Phyllomyias_plumbeiceps","0","1","0","0",NA,NA,NA,"0",NA,NA,NA,NA,NA,NA,NA,NA,"0","0","0",NA
"Phyllomyias_reiseri","0","1","0","0",NA,NA,NA,"0",NA,NA,NA,NA,NA,NA,NA,NA,"0","0","0",NA
"Phyllomyias_sclateri","0","1","0","0",NA,NA,NA,"0",NA,NA,NA,NA,NA,NA,NA,NA,"0","0","0",NA
"Phyllomyias_urichi","0","1","0","0",NA,NA,NA,"0",NA,NA,NA,NA,NA,NA,NA,NA,"0","0","0",NA
"Phyllomyias_uropygialis","0","1","0","0",NA,NA,NA,"0",NA,NA,NA,NA,NA,NA,NA,NA,"0","0","0",NA
"Phyllomyias_virescens","0","1","0","0",NA,NA,NA,"0",NA,NA,NA,NA,NA,NA,NA,NA,"0","0","0",NA
"Phyllomyias_zeledoni","0","1","0","0",NA,NA,NA,"0",NA,NA,NA,NA,NA,NA,NA,NA,"0","0","0",NA
"Phylloscartes_beckeri","0","1","0","0",NA,NA,NA,"0",NA,NA,NA,NA,NA,NA,NA,NA,"0","0","0",NA
"Phylloscartes_ceciliae","0","1","0","0",NA,NA,NA,"0",NA,NA,NA,NA,NA,NA,NA,NA,"0","0","0",NA
"Phylloscartes_chapmani","0","1","0","0",NA,NA,NA,"0",NA,NA,NA,NA,NA,NA,NA,NA,"0","0","0",NA
"Phylloscartes_difficilis","0","1","0","0",NA,NA,NA,"0",NA,NA,NA,NA,NA,NA,NA,NA,"0","0","0",NA
"Phylloscartes_eximius","0","1","0","0",NA,NA,NA,"0",NA,NA,NA,NA,NA,NA,NA,NA,"0","0","0",NA
"Phylloscartes_flaviventris","0","2","0","0",NA,NA,NA,"0",NA,NA,NA,"0",NA,NA,NA,"1","0","0","0",NA
"Phylloscartes_flavovirens","0","1","0","0",NA,NA,NA,"0",NA,NA,NA,NA,NA,NA,NA,NA,"0","0","0",NA
"Phylloscartes_gualaquizae","0","1","0","0",NA,NA,NA,"0",NA,NA,NA,NA,NA,NA,NA,NA,"0","0","0",NA
"Phylloscartes_kronei","0","1","0","0",NA,NA,NA,"0",NA,NA,NA,NA,NA,NA,NA,NA,"0","0","0",NA
"Phylloscartes_lanyoni","0","1","0","0",NA,NA,NA,"0",NA,NA,NA,NA,NA,NA,NA,NA,"0","0","0",NA
"Phylloscartes_nigrifrons","0","1","0","0",NA,NA,NA,"0",NA,NA,NA,NA,NA,NA,NA,NA,"0","0","0",NA
"Phylloscartes_ophthalmicus","0","1","0","0",NA,NA,NA,"0",NA,NA,NA,NA,NA,NA,NA,NA,"0","0","0",NA
"Phylloscartes_orbitalis","0","1","0","0",NA,NA,NA,"0",NA,NA,NA,NA,NA,NA,NA,NA,"0","0","0",NA
"Phylloscartes_oustaleti","0","2","0","0",NA,NA,NA,"0",NA,NA,NA,"0",NA,NA,NA,"1","0","0","0",NA
"Phylloscartes_parkeri","0","1","0","0",NA,NA,NA,"0",NA,NA,NA,NA,NA,NA,NA,NA,"0","0","0",NA
"Phylloscartes_paulista","0","1","0","0",NA,NA,NA,"0",NA,NA,NA,NA,NA,NA,NA,NA,"0","0","0",NA
"Phylloscartes_poecilotis","0","1","0","0",NA,NA,NA,"0",NA,NA,NA,NA,NA,NA,NA,NA,"0","0","0",NA
"Phylloscartes_roquettei","0","3","0","0",NA,NA,NA,"0",NA,"0",NA,"0",NA,NA,NA,"1","0","0","0",NA
"Phylloscartes_superciliaris","0","2","0","0",NA,NA,NA,"0",NA,NA,NA,"0",NA,NA,NA,"1","0","0","0",NA
"Phylloscartes_sylviolus","0","2","0","0",NA,NA,NA,"0",NA,NA,NA,"0",NA,NA,NA,"1","0","0","0",NA
"Phylloscartes_venezuelanus","0","1","0","0",NA,NA,NA,"0",NA,NA,NA,NA,NA,NA,NA,NA,"0","0","0",NA
"Phylloscartes_ventralis","0","2","0","0",NA,NA,NA,"0",NA,NA,NA,"0",NA,NA,NA,"1","0","0","0",NA
"Phylloscartes_virescens","0","1","0","0",NA,NA,NA,"0",NA,NA,NA,NA,NA,NA,NA,NA,"0","0","0",NA
"Phylloscopus_affinis","0","2","0","0",NA,NA,NA,"0",NA,"0",NA,NA,NA,NA,NA,NA,"0","0","0",NA
"Phylloscopus_amoenus","0","1","0","0",NA,NA,NA,"0",NA,NA,NA,NA,NA,NA,NA,NA,"0","0","0",NA
"Phylloscopus_armandii","0","1","0","0",NA,NA,NA,"0",NA,NA,NA,NA,NA,NA,NA,NA,"0","0","0",NA
"Phylloscopus_bonelli","0","1","0","0",NA,NA,NA,"0",NA,NA,NA,NA,NA,NA,NA,NA,"0","0","0",NA
"Phylloscopus_borealis","0","3","0","0",NA,NA,NA,"0",NA,"0",NA,"0",NA,NA,NA,"0","0","0","0",NA
"Phylloscopus_borealoides","0","2","0","0",NA,NA,NA,"0",NA,"0",NA,NA,NA,NA,NA,NA,"0","0","0",NA
"Phylloscopus_budongoensis","0","1","0","0",NA,NA,NA,"0",NA,NA,NA,NA,NA,NA,NA,NA,"0","0","0",NA
"Phylloscopus_cantator","0","2","0","0",NA,NA,NA,"0",NA,"0",NA,NA,NA,NA,NA,NA,"0","0","0",NA
"Phylloscopus_cebuensis","0","1","0","0",NA,NA,NA,"0",NA,NA,NA,NA,NA,NA,NA,NA,"0","0","0",NA
"Phylloscopus_chloronotus","0","1","0","0",NA,NA,NA,"0",NA,NA,NA,NA,NA,NA,NA,NA,"0","0","0",NA
"Phylloscopus_collybita","0","3","0","0",NA,NA,NA,"0",NA,"0",NA,"0",NA,NA,NA,"0","0","0","0",NA
"Phylloscopus_coronatus","0","2","0","0",NA,NA,NA,"0",NA,"0",NA,NA,NA,NA,NA,NA,"0","0","0",NA
"Phylloscopus_davisoni","0","2","0","0",NA,NA,NA,"0",NA,"0",NA,NA,NA,NA,NA,NA,"0","0","0",NA
"Phylloscopus_emeiensis","0","1","0","0",NA,NA,NA,"0",NA,NA,NA,NA,NA,NA,NA,NA,"0","0","0",NA
"Phylloscopus_fuligiventer","0","1","0","0",NA,NA,NA,"0",NA,NA,NA,NA,NA,NA,NA,NA,"0","0","0",NA
"Phylloscopus_fuscatus","0","3","0","0",NA,"0",NA,"0",NA,"0",NA,NA,NA,NA,NA,NA,"0","0","0",NA
"Phylloscopus_griseolus","0","2","0","0",NA,NA,NA,"0",NA,"0",NA,NA,NA,NA,NA,NA,"0","0","0",NA
"Phylloscopus_hainanus","0","1","0","0",NA,NA,NA,"0",NA,NA,NA,NA,NA,NA,NA,NA,"0","0","0",NA
"Phylloscopus_herberti","0","1","0","0",NA,NA,NA,"0",NA,NA,NA,NA,NA,NA,NA,NA,"0","0","0",NA
"Phylloscopus_humei","0","1","0","0",NA,NA,NA,"0",NA,NA,NA,NA,NA,NA,NA,NA,"0","0","0",NA
"Phylloscopus_ijimae","0","2","0","0",NA,NA,NA,"0",NA,"0",NA,NA,NA,NA,NA,NA,"0","0","0",NA
"Phylloscopus_inornatus","0","2","0","0",NA,NA,NA,"0",NA,"0",NA,NA,NA,NA,NA,NA,"0","0","0",NA
"Phylloscopus_kansuensis","0","1","0","0",NA,NA,NA,"0",NA,NA,NA,NA,NA,NA,NA,NA,"0","0","0",NA
"Phylloscopus_laetus","0","3","0","0",NA,NA,NA,"0",NA,"0",NA,"0",NA,NA,NA,"0","0","0","0",NA
"Phylloscopus_laurae","0","1","0","0",NA,NA,NA,"0",NA,NA,NA,NA,NA,NA,NA,NA,"0","0","0",NA
"Phylloscopus_maculipennis","0","1","0","0",NA,NA,NA,"0",NA,NA,NA,NA,NA,NA,NA,NA,"0","0","0",NA
"Phylloscopus_magnirostris","0","2","0","0",NA,NA,NA,"0",NA,"0",NA,NA,NA,NA,NA,NA,"0","0","0",NA
"Phylloscopus_makirensis","0","1","0","0",NA,NA,NA,"0",NA,NA,NA,NA,NA,NA,NA,NA,"0","0","0",NA
"Phylloscopus_neglectus","0","1","0","0",NA,NA,NA,"0",NA,NA,NA,NA,NA,NA,NA,NA,"0","0","0",NA
"Phylloscopus_nitidus","0","1","0","0",NA,NA,NA,"0",NA,NA,NA,NA,NA,NA,NA,NA,"0","0","0",NA
"Phylloscopus_occipitalis","0","2","0","0",NA,NA,NA,"0",NA,"0",NA,NA,NA,NA,NA,NA,"0","0","0",NA
"Phylloscopus_olivaceus","0","1","0","0",NA,NA,NA,"0",NA,NA,NA,NA,NA,NA,NA,NA,"0","0","0",NA
"Phylloscopus_orientalis","0","1","0","0",NA,NA,NA,"0",NA,NA,NA,NA,NA,NA,NA,NA,"0","0","0",NA
"Phylloscopus_poliocephalus","0","1","0","0",NA,NA,NA,"0",NA,NA,NA,NA,NA,NA,NA,NA,"0","0","0",NA
"Phylloscopus_presbytes","0","1","0","0",NA,NA,NA,"0",NA,NA,NA,NA,NA,NA,NA,NA,"0","0","0",NA
"Phylloscopus_proregulus","0","2","0","0",NA,NA,NA,"0",NA,"0",NA,NA,NA,NA,NA,NA,"0","0","0",NA
"Phylloscopus_pulcher","0","2","0","0",NA,NA,NA,"0",NA,"0",NA,NA,NA,NA,NA,NA,"0","0","0",NA
"Phylloscopus_reguloides","0","1","0","0",NA,NA,NA,"0",NA,NA,NA,NA,NA,NA,NA,NA,"0","0","0",NA
"Phylloscopus_ricketti","0","1","0","0",NA,NA,NA,"0",NA,NA,NA,NA,NA,NA,NA,NA,"0","0","0",NA
"Phylloscopus_ruficapilla","0","2","0","0",NA,NA,NA,"0",NA,"0",NA,NA,NA,NA,NA,NA,"0","0","0",NA
"Phylloscopus_sarasinorum","0","1","0","0",NA,NA,NA,"0",NA,NA,NA,NA,NA,NA,NA,NA,"0","0","0",NA
"Phylloscopus_schwarzi","0","1","0","0",NA,NA,NA,"0",NA,NA,NA,NA,NA,NA,NA,NA,"0","0","0",NA
"Phylloscopus_sibilatrix","0","4","0","0",NA,"0",NA,"0",NA,"0",NA,"0",NA,NA,NA,"0","0","0","0",NA
"Phylloscopus_sindianus","0","2","0","0",NA,NA,NA,"0",NA,"0",NA,NA,NA,NA,NA,NA,"0","0","0",NA
"Phylloscopus_subaffinis","0","2","0","0",NA,NA,NA,"0",NA,"0",NA,NA,NA,NA,NA,NA,"0","0","0",NA
"Phylloscopus_subviridis","0","1","0","0",NA,NA,NA,"0",NA,NA,NA,NA,NA,NA,NA,NA,"0","0","0",NA
"Phylloscopus_tenellipes","0","2","0","0",NA,NA,NA,"0",NA,"0",NA,NA,NA,NA,NA,NA,"0","0","0",NA
"Phylloscopus_trivirgatus","0","1","0","0",NA,NA,NA,"0",NA,NA,NA,NA,NA,NA,NA,NA,"0","0","0",NA
"Phylloscopus_trochiloides","0","2","0","0",NA,NA,NA,"0",NA,"0",NA,NA,NA,NA,NA,NA,"0","0","0",NA
"Phylloscopus_trochilus","0","4","0","0",NA,"0","0","0",NA,NA,NA,"0",NA,NA,NA,"0","0","0","0",NA
"Phylloscopus_tytleri","0","2","0","0",NA,NA,NA,"0",NA,"0",NA,NA,NA,NA,NA,NA,"0","0","0",NA
"Phylloscopus_umbrovirens","0","2","0","0",NA,NA,NA,"0",NA,"0",NA,NA,NA,NA,NA,NA,"0","0","0",NA
"Phylloscopus_xanthoschistos","0","2","0","0",NA,NA,NA,"0",NA,"0",NA,NA,NA,NA,NA,NA,"0","0","0",NA
"Phylloscopus_yunnanensis","0","1","0","0",NA,NA,NA,"0",NA,NA,NA,NA,NA,NA,NA,NA,"0","0","0",NA
"Phytotoma_raimondii","0","1","0","0",NA,NA,NA,"0",NA,NA,NA,NA,NA,NA,NA,NA,"0","0","0",NA
"Phytotoma_rara","0","2","0","0",NA,NA,NA,"0",NA,NA,NA,"0",NA,NA,NA,"1","0","0","0",NA
"Phytotoma_rutila","0","3","0","0",NA,NA,NA,"0",NA,"0",NA,"0",NA,NA,NA,"1","0","0","0",NA
"Piaya_cayana","0","3","0","0",NA,NA,NA,"0",NA,"0",NA,"0",NA,NA,NA,"0","0","0","0",NA
"Piaya_melanogaster","0","2","0","0",NA,NA,NA,"0",NA,NA,NA,"0",NA,NA,NA,"0","0","0","0",NA
"Pica_hudsonia","0","1","0","0",NA,NA,NA,"0",NA,NA,NA,NA,NA,NA,NA,NA,"0","0","0",NA
"Pica_nuttalli","0","2","0","0",NA,NA,NA,"0",NA,"0",NA,NA,NA,NA,NA,NA,"0","0","0",NA
"Pica_pica","0","4","0","0",NA,NA,"0","0",NA,"0",NA,"0",NA,NA,NA,"0","0","0","0",NA
"Picathartes_gymnocephalus","0","2","0","0",NA,NA,NA,"0",NA,"0",NA,NA,NA,NA,NA,NA,"0","0","0",NA
"Picathartes_oreas","0","1","0","0",NA,NA,NA,"0",NA,NA,NA,NA,NA,NA,NA,NA,"0","0","0",NA
"Picoides_albolarvatus","0","3","0","0",NA,NA,NA,"0",NA,"0",NA,"0",NA,NA,NA,"1","0","0","0",NA
"Picoides_arcticus","0","2","0","0",NA,NA,NA,"0",NA,"0",NA,NA,NA,NA,NA,NA,"0","0","0",NA
"Picoides_borealis","1","0","6","0",NA,"1","1","1",NA,"1","1","1","K","K","K","1","3","0","0","Kin"
"Picoides_dorsalis","0","1","0","0",NA,NA,NA,"0",NA,NA,NA,NA,NA,NA,NA,NA,"0","0","0",NA
"Picoides_fumigatus","0","1","0","0",NA,NA,NA,"0",NA,NA,NA,NA,NA,NA,NA,NA,"0","0","0",NA
"Picoides_nuttallii","0","3","0","0",NA,NA,NA,"0",NA,"0",NA,"0",NA,NA,NA,"0","0","0","0",NA
"Picoides_pubescens","1","0","3","0",NA,NA,NA,"1",NA,"1",NA,"1",NA,NA,"NK","0","0","1","0","NonKin"
"Picoides_scalaris","0","2","0","0",NA,NA,NA,"0",NA,"0",NA,NA,NA,NA,NA,NA,"0","0","0",NA
"Picoides_stricklandi","0","3","0","0",NA,NA,NA,"0",NA,"0",NA,"0",NA,NA,NA,"0","0","0","0",NA
"Picoides_tridactylus","0","5","0","0",NA,"0","0","0",NA,"0",NA,"0",NA,NA,NA,"0","0","0","0",NA
"Picoides_villosus","0","2","0","0",NA,NA,NA,"0",NA,"0",NA,NA,NA,NA,NA,NA,"0","0","0",NA
"Piculus_aurulentus","0","1","0","0",NA,NA,NA,"0",NA,NA,NA,NA,NA,NA,NA,NA,"0","0","0",NA
"Piculus_callopterus","0","1","0","0",NA,NA,NA,"0",NA,NA,NA,NA,NA,NA,NA,NA,"0","0","0",NA
"Piculus_chrysochloros","0","1","0","0",NA,NA,NA,"0",NA,NA,NA,NA,NA,NA,NA,NA,"0","0","0",NA
"Piculus_flavigula","0","1","0","0",NA,NA,NA,"0",NA,NA,NA,NA,NA,NA,NA,NA,"0","0","0",NA
"Piculus_leucolaemus","0","1","0","0",NA,NA,NA,"0",NA,NA,NA,NA,NA,NA,NA,NA,"0","0","0",NA
"Piculus_litae","0","1","0","0",NA,NA,NA,"0",NA,NA,NA,NA,NA,NA,NA,NA,"0","0","0",NA
"Piculus_simplex","0","1","0","0",NA,NA,NA,"0",NA,NA,NA,NA,NA,NA,NA,NA,"0","0","0",NA
"Picumnus_albosquamatus","0","1","0","0",NA,NA,NA,"0",NA,NA,NA,NA,NA,NA,NA,NA,"0","0","0",NA
"Picumnus_aurifrons","0","1","0","0",NA,NA,NA,"0",NA,NA,NA,NA,NA,NA,NA,NA,"0","0","0",NA
"Picumnus_castelnau","0","1","0","0",NA,NA,NA,"0",NA,NA,NA,NA,NA,NA,NA,NA,"0","0","0",NA
"Picumnus_cinnamomeus","0","1","0","0",NA,NA,NA,"0",NA,NA,NA,NA,NA,NA,NA,NA,"0","0","0",NA
"Picumnus_cirratus","0","1","0","0",NA,NA,NA,"0",NA,NA,NA,NA,NA,NA,NA,NA,"0","0","0",NA
"Picumnus_dorbignyanus","0","1","0","0",NA,NA,NA,"0",NA,NA,NA,NA,NA,NA,NA,NA,"0","0","0",NA
"Picumnus_exilis","0","1","0","0",NA,NA,NA,"0",NA,NA,NA,NA,NA,NA,NA,NA,"0","0","0",NA
"Picumnus_fulvescens","0","1","0","0",NA,NA,NA,"0",NA,NA,NA,NA,NA,NA,NA,NA,"0","0","0",NA
"Picumnus_fuscus","0","1","0","0",NA,NA,NA,"0",NA,NA,NA,NA,NA,NA,NA,NA,"0","0","0",NA
"Picumnus_granadensis","0","1","0","0",NA,NA,NA,"0",NA,NA,NA,NA,NA,NA,NA,NA,"0","0","0",NA
"Picumnus_innominatus","0","2","0","0",NA,NA,NA,"0",NA,"0",NA,NA,NA,NA,NA,NA,"0","0","0",NA
"Picumnus_lafresnayi","0","1","0","0",NA,NA,NA,"0",NA,NA,NA,NA,NA,NA,NA,NA,"0","0","0",NA
"Picumnus_limae","0","1","0","0",NA,NA,NA,"0",NA,NA,NA,NA,NA,NA,NA,NA,"0","0","0",NA
"Picumnus_minutissimus","0","3","0","0",NA,NA,NA,"0",NA,"0",NA,"0",NA,NA,NA,"1","0","0","0",NA
"Picumnus_nebulosus","0","1","0","0",NA,NA,NA,"0",NA,NA,NA,NA,NA,NA,NA,NA,"0","0","0",NA
"Picumnus_nigropunctatus","0","1","0","0",NA,NA,NA,"0",NA,NA,NA,NA,NA,NA,NA,NA,"0","0","0",NA
"Picumnus_olivaceus","0","3","0","0",NA,NA,NA,"0",NA,"0",NA,"0",NA,NA,NA,"1","0","0","0",NA
"Picumnus_pumilus","0","1","0","0",NA,NA,NA,"0",NA,NA,NA,NA,NA,NA,NA,NA,"0","0","0",NA
"Picumnus_pygmaeus","0","1","0","0",NA,NA,NA,"0",NA,NA,NA,NA,NA,NA,NA,NA,"0","0","0",NA
"Picumnus_rufiventris","0","1","0","0",NA,NA,NA,"0",NA,NA,NA,NA,NA,NA,NA,NA,"0","0","0",NA
"Picumnus_sclateri","0","1","0","0",NA,NA,NA,"0",NA,NA,NA,NA,NA,NA,NA,NA,"0","0","0",NA
"Picumnus_spilogaster","0","1","0","0",NA,NA,NA,"0",NA,NA,NA,NA,NA,NA,NA,NA,"0","0","0",NA
"Picumnus_squamulatus","0","1","0","0",NA,NA,NA,"0",NA,NA,NA,NA,NA,NA,NA,NA,"0","0","0",NA
"Picumnus_steindachneri","0","2","0","0",NA,NA,NA,"0",NA,NA,NA,"0",NA,NA,NA,"1","0","0","0",NA
"Picumnus_subtilis","0","1","0","0",NA,NA,NA,"0",NA,NA,NA,NA,NA,NA,NA,NA,"0","0","0",NA
"Picumnus_temminckii","0","1","0","0",NA,NA,NA,"0",NA,NA,NA,NA,NA,NA,NA,NA,"0","0","0",NA
"Picumnus_varzeae","0","1","0","0",NA,NA,NA,"0",NA,NA,NA,NA,NA,NA,NA,NA,"0","0","0",NA
"Picus_awokera","0","1","0","0",NA,NA,NA,"0",NA,NA,NA,NA,NA,NA,NA,NA,"0","0","0",NA
"Picus_canus","0","2","0","0",NA,NA,NA,"0",NA,NA,NA,"0",NA,NA,NA,"1","0","0","0",NA
"Picus_chlorolophus","0","3","0","0",NA,NA,NA,"0",NA,"0",NA,"0",NA,NA,NA,"1","0","0","0",NA
"Picus_erythropygius","0","1","0","0",NA,NA,NA,"0",NA,NA,NA,NA,NA,NA,NA,NA,"0","0","0",NA
"Picus_flavinucha","0","2","0","0",NA,NA,NA,"0",NA,"0",NA,NA,NA,NA,NA,NA,"0","0","0",NA
"Picus_mentalis","0","1","0","0",NA,NA,NA,"0",NA,NA,NA,NA,NA,NA,NA,NA,"0","0","0",NA
"Picus_mineaceus","0","2","0","0",NA,NA,NA,"0",NA,"0",NA,NA,NA,NA,NA,NA,"0","0","0",NA
"Picus_puniceus","0","1","0","0",NA,NA,NA,"0",NA,NA,NA,NA,NA,NA,NA,NA,"0","0","0",NA
"Picus_rabieri","0","1","0","0",NA,NA,NA,"0",NA,NA,NA,NA,NA,NA,NA,NA,"0","0","0",NA
"Picus_squamatus","0","3","0","0",NA,NA,NA,"0",NA,"0",NA,"0",NA,NA,NA,"1","0","0","0",NA
"Picus_vaillantii","0","1","0","0",NA,NA,NA,NA,NA,NA,NA,"0",NA,NA,NA,"1","0","0","0",NA
"Picus_viridanus","0","1","0","0",NA,NA,NA,"0",NA,NA,NA,NA,NA,NA,NA,NA,"0","0","0",NA
"Picus_viridis","0","3","0","0",NA,NA,NA,"0",NA,"0",NA,"0",NA,NA,NA,"1","0","0","0",NA
"Picus_vittatus","0","1","0","0",NA,NA,NA,"0",NA,NA,NA,NA,NA,NA,NA,NA,"0","0","0",NA
"Picus_xanthopygaeus","0","2","0","0",NA,NA,NA,"0",NA,"0",NA,NA,NA,NA,NA,NA,"0","0","0",NA
"Piezorhina_cinerea","0","1","0","0",NA,NA,NA,"0",NA,NA,NA,NA,NA,NA,NA,NA,"0","0","0",NA
"Pilherodius_pileatus","0","1","0","0",NA,NA,NA,"0",NA,NA,NA,NA,NA,NA,NA,NA,"0","0","0",NA
"Pinarocorys_erythropygia","0","1","0","0",NA,NA,NA,"0",NA,NA,NA,NA,NA,NA,NA,NA,"0","0","0",NA
"Pinarocorys_nigricans","0","2","0","0",NA,NA,NA,"0",NA,"0",NA,NA,NA,NA,NA,NA,"0","0","0",NA
"Pinaroloxias_inornata","0","1","0","0",NA,NA,NA,NA,NA,"0",NA,NA,NA,NA,NA,NA,"0","0","0",NA
"Pinarornis_plumosus","0","3","0","0",NA,NA,NA,"0",NA,"0",NA,"0",NA,NA,NA,"1","0","0","0",NA
"Pinicola_enucleator","0","2","0","0",NA,NA,NA,"0",NA,"0",NA,NA,NA,NA,NA,NA,"0","0","0",NA
"Pinicola_subhimachala","0","1","0","0",NA,NA,NA,"0",NA,NA,NA,NA,NA,NA,NA,NA,"0","0","0",NA
"Pionites_leucogaster","1","1","1","1",NA,NA,NA,"1",NA,"0",NA,NA,NA,NA,NA,NA,"0","0","0",NA
"Pionites_melanocephalus","0","1","0","0",NA,NA,NA,"0",NA,NA,NA,NA,NA,NA,NA,NA,"0","0","0",NA
"Pionopsitta_pileata","0","1","0","0",NA,NA,NA,"0",NA,NA,NA,NA,NA,NA,NA,NA,"0","0","0",NA
"Pionus_chalcopterus","0","1","0","0",NA,NA,NA,"0",NA,NA,NA,NA,NA,NA,NA,NA,"0","0","0",NA
"Pionus_fuscus","0","2","0","0",NA,NA,NA,"0",NA,"0",NA,NA,NA,NA,NA,NA,"0","0","0",NA
"Pionus_maximiliani","0","1","0","0",NA,NA,NA,"0",NA,NA,NA,NA,NA,NA,NA,NA,"0","0","0",NA
"Pionus_menstruus","0","2","0","0",NA,NA,NA,"0",NA,"0",NA,NA,NA,NA,NA,NA,"0","0","0",NA
"Pionus_senilis","0","2","0","0",NA,NA,NA,"0",NA,"0",NA,NA,NA,NA,NA,NA,"0","0","0",NA
"Pionus_sordidus","0","1","0","0",NA,NA,NA,"0",NA,NA,NA,NA,NA,NA,NA,NA,"0","0","0",NA
"Pionus_tumultuosus","0","1","0","0",NA,NA,NA,"0",NA,NA,NA,NA,NA,NA,NA,NA,"0","0","0",NA
"Pipile_cujubi","0","1","0","0",NA,NA,NA,"0",NA,NA,NA,NA,NA,NA,NA,NA,"0","0","0",NA
"Pipile_cumanensis","0","2","0","0",NA,NA,NA,"0",NA,"0",NA,NA,NA,NA,NA,NA,"0","0","0",NA
"Pipile_jacutinga","0","1","0","0",NA,NA,NA,"0",NA,NA,NA,NA,NA,NA,NA,NA,"0","0","0",NA
"Pipile_pipile","0","1","0","0",NA,NA,NA,"0",NA,NA,NA,NA,NA,NA,NA,NA,"0","0","0",NA
"Pipilo_aberti","0","2","0","0",NA,NA,NA,"0",NA,"0",NA,NA,NA,NA,NA,NA,"0","0","0",NA
"Pipilo_albicollis","0","2","0","0",NA,NA,NA,"0",NA,"0",NA,NA,NA,NA,NA,NA,"0","0","0",NA
"Pipilo_chlorurus","0","3","0","0",NA,NA,NA,"0",NA,"0",NA,"0",NA,NA,NA,"0","0","0","0",NA
"Pipilo_crissalis","0","4","0","0",NA,"0","0","0",NA,"0",NA,NA,NA,NA,NA,NA,"0","0","0",NA
"Pipilo_erythrophthalmus","0","3","0","0",NA,NA,NA,"0",NA,"0",NA,"0",NA,NA,NA,"0","0","0","0",NA
"Pipilo_fuscus","0","2","0","0",NA,NA,NA,"0",NA,"0",NA,NA,NA,NA,NA,NA,"0","0","0",NA
"Pipilo_maculatus","0","3","0","0",NA,"0",NA,"0",NA,NA,NA,"0",NA,NA,NA,"0","0","0","0",NA
"Pipilo_ocai","0","2","0","0",NA,NA,NA,"0",NA,NA,NA,"0",NA,NA,NA,"1","0","0","0",NA
"Pipra_aureola","0","2","0","0",NA,NA,NA,"0",NA,"0",NA,NA,NA,NA,NA,NA,"0","0","0",NA
"Pipra_chloromeros","0","2","0","0",NA,NA,NA,"0",NA,"0",NA,NA,NA,NA,NA,NA,"0","0","0",NA
"Pipra_cornuta","0","2","0","0",NA,NA,NA,"0",NA,"0",NA,NA,NA,NA,NA,NA,"0","0","0",NA
"Pipra_erythrocephala","0","2","0","0",NA,NA,NA,"0",NA,"0",NA,NA,NA,NA,NA,NA,"0","0","0",NA
"Pipra_fasciicauda","0","3","0","0",NA,NA,NA,"0",NA,"0",NA,"0",NA,NA,NA,"0","0","0","0",NA
"Pipra_filicauda","0","2","0","0",NA,NA,NA,"0",NA,"0",NA,NA,NA,NA,NA,NA,"0","0","0",NA
"Pipra_mentalis","0","2","0","0",NA,NA,NA,"0",NA,"0",NA,NA,NA,NA,NA,NA,"0","0","0",NA
"Pipra_pipra","0","2","0","0",NA,NA,NA,"0",NA,"0",NA,NA,NA,NA,NA,NA,"0","0","0",NA
"Pipra_rubrocapilla","0","2","0","0",NA,NA,NA,"0",NA,"0",NA,NA,NA,NA,NA,NA,"0","0","0",NA
"Pipraeidea_melanonota","0","2","0","0",NA,NA,NA,"0",NA,"0",NA,NA,NA,NA,NA,NA,"0","0","0",NA
"Pipreola_arcuata","0","1","0","0",NA,NA,NA,"0",NA,NA,NA,NA,NA,NA,NA,NA,"0","0","0",NA
"Pipreola_aureopectus","0","2","0","0",NA,NA,NA,"0",NA,NA,NA,"0",NA,NA,NA,"0","0","0","0",NA
"Pipreola_chlorolepidota","0","1","0","0",NA,NA,NA,"0",NA,NA,NA,NA,NA,NA,NA,NA,"0","0","0",NA
"Pipreola_formosa","0","1","0","0",NA,NA,NA,"0",NA,NA,NA,NA,NA,NA,NA,NA,"0","0","0",NA
"Pipreola_frontalis","0","2","0","0",NA,NA,NA,"0",NA,NA,NA,"0",NA,NA,NA,"0","0","0","0",NA
"Pipreola_intermedia","0","2","0","0",NA,NA,NA,"0",NA,NA,NA,"0",NA,NA,NA,"0","0","0","0",NA
"Pipreola_jucunda","0","2","0","0",NA,NA,NA,"0",NA,"0",NA,NA,NA,NA,NA,NA,"0","0","0",NA
"Pipreola_lubomirskii","0","1","0","0",NA,NA,NA,"0",NA,NA,NA,NA,NA,NA,NA,NA,"0","0","0",NA
"Pipreola_pulchra","0","1","0","0",NA,NA,NA,"0",NA,NA,NA,NA,NA,NA,NA,NA,"0","0","0",NA
"Pipreola_riefferii","0","2","0","0",NA,NA,NA,"0",NA,"0",NA,NA,NA,NA,NA,NA,"0","0","0",NA
"Pipreola_whitelyi","0","2","0","0",NA,NA,NA,"0",NA,NA,NA,"0",NA,NA,NA,"0","0","0","0",NA
"Piprites_chloris","0","2","0","0",NA,NA,NA,"0",NA,NA,NA,"0",NA,NA,NA,"0","0","0","0",NA
"Piprites_griseiceps","0","1","0","0",NA,NA,NA,"0",NA,NA,NA,NA,NA,NA,NA,NA,"0","0","0",NA
"Piprites_pileata","0","2","0","0",NA,NA,NA,"0",NA,NA,NA,"0",NA,NA,NA,"1","0","0","0",NA
"Piranga_bidentata","0","1","0","0",NA,NA,NA,"0",NA,NA,NA,NA,NA,NA,NA,NA,"0","0","0",NA
"Piranga_erythrocephala","0","1","0","0",NA,NA,NA,"0",NA,NA,NA,NA,NA,NA,NA,NA,"0","0","0",NA
"Piranga_flava","0","2","0","0",NA,NA,NA,"0",NA,"0",NA,NA,NA,NA,NA,NA,"0","0","0",NA
"Piranga_hepatica","0","1","0","0",NA,NA,NA,"0",NA,NA,NA,NA,NA,NA,NA,NA,"0","0","0",NA
"Piranga_leucoptera","0","1","0","0",NA,NA,NA,"0",NA,NA,NA,NA,NA,NA,NA,NA,"0","0","0",NA
"Piranga_ludoviciana","0","3","0","0",NA,NA,NA,"0",NA,"0",NA,"0",NA,NA,NA,"0","0","0","0",NA
"Piranga_lutea","0","1","0","0",NA,NA,NA,"0",NA,NA,NA,NA,NA,NA,NA,NA,"0","0","0",NA
"Piranga_olivacea","0","5","0","0",NA,"0","0","0",NA,"0",NA,"0",NA,NA,NA,"0","0","0","0",NA
"Piranga_roseogularis","0","1","0","0",NA,NA,NA,"0",NA,NA,NA,NA,NA,NA,NA,NA,"0","0","0",NA
"Piranga_rubra","0","3","0","0",NA,NA,NA,"0",NA,"0",NA,"0",NA,NA,NA,"0","0","0","0",NA
"Piranga_rubriceps","0","1","0","0",NA,NA,NA,"0",NA,NA,NA,NA,NA,NA,NA,NA,"0","0","0",NA
"Pitangus_lictor","0","2","0","0",NA,NA,NA,"0",NA,"0",NA,NA,NA,NA,NA,NA,"0","0","0",NA
"Pitangus_sulphuratus","0","3","0","0",NA,NA,NA,"0",NA,"0",NA,"0",NA,NA,NA,"1","0","0","0",NA
"Pithecophaga_jefferyi","0","2","0","0",NA,NA,NA,"0",NA,"0",NA,NA,NA,NA,NA,NA,"0","0","0",NA
"Pithys_albifrons","0","3","0","0",NA,NA,NA,"0",NA,"0",NA,"0",NA,NA,NA,"1","0","0","0",NA
"Pithys_castaneus","0","1","0","0",NA,NA,NA,"0",NA,NA,NA,NA,NA,NA,NA,NA,"0","0","0",NA
"Pitohui_cristatus","1","0","1","0",NA,NA,NA,"1",NA,NA,NA,NA,NA,NA,NA,NA,"0","0","0",NA
"Pitohui_dichrous","1","0","2","0",NA,NA,NA,"1",NA,"1",NA,NA,NA,NA,NA,NA,"0","0","0",NA
"Pitohui_ferrugineus","1","1","2","1","1",NA,NA,"1",NA,"0",NA,NA,NA,NA,NA,NA,"0","0","0",NA
"Pitohui_incertus","1","0","1","0",NA,NA,NA,"1",NA,NA,NA,NA,NA,NA,NA,NA,"0","0","0",NA
"Pitohui_kirhocephalus","1","0","1","0",NA,NA,NA,"1",NA,NA,NA,NA,NA,NA,NA,NA,"0","0","0",NA
"Pitohui_nigrescens","1","0","1","0",NA,NA,NA,"1",NA,NA,NA,NA,NA,NA,NA,NA,"0","0","0",NA
"Pitta_anerythra","0","1","0","0",NA,NA,NA,"0",NA,NA,NA,NA,NA,NA,NA,NA,"0","0","0",NA
"Pitta_angolensis","0","2","0","0",NA,NA,NA,"0",NA,NA,NA,"0",NA,NA,NA,"0","0","0","0",NA
"Pitta_arcuata","0","1","0","0",NA,NA,NA,"0",NA,NA,NA,NA,NA,NA,NA,NA,"0","0","0",NA
"Pitta_baudii","0","1","0","0",NA,NA,NA,"0",NA,NA,NA,NA,NA,NA,NA,NA,"0","0","0",NA
"Pitta_brachyura","0","1","0","0",NA,NA,NA,"0",NA,NA,NA,NA,NA,NA,NA,NA,"0","0","0",NA
"Pitta_caerulea","0","2","0","0",NA,NA,NA,"0",NA,"0",NA,NA,NA,NA,NA,NA,"0","0","0",NA
"Pitta_cyanea","0","2","0","0",NA,NA,NA,"0",NA,"0",NA,NA,NA,NA,NA,NA,"0","0","0",NA
"Pitta_dohertyi","0","1","0","0",NA,NA,NA,"0",NA,NA,NA,NA,NA,NA,NA,NA,"0","0","0",NA
"Pitta_elegans","0","1","0","0",NA,NA,NA,"0",NA,NA,NA,NA,NA,NA,NA,NA,"0","0","0",NA
"Pitta_elliotii","0","1","0","0",NA,NA,NA,"0",NA,NA,NA,NA,NA,NA,NA,NA,"0","0","0",NA
"Pitta_erythrogaster","0","2","0","0",NA,NA,NA,"0",NA,"0",NA,NA,NA,NA,NA,NA,"0","0","0",NA
"Pitta_granatina","0","1","0","0",NA,NA,NA,"0",NA,NA,NA,NA,NA,NA,NA,NA,"0","0","0",NA
"Pitta_guajana","0","1","0","0",NA,NA,NA,"0",NA,NA,NA,NA,NA,NA,NA,NA,"0","0","0",NA
"Pitta_gurneyi","0","2","0","0",NA,NA,NA,"0",NA,"0",NA,NA,NA,NA,NA,NA,"0","0","0",NA
"Pitta_iris","0","3","0","0",NA,NA,NA,"0",NA,"0",NA,"0",NA,NA,NA,"0","0","0","0",NA
"Pitta_kochi","0","1","0","0",NA,NA,NA,"0",NA,NA,NA,NA,NA,NA,NA,NA,"0","0","0",NA
"Pitta_maxima","0","1","0","0",NA,NA,NA,"0",NA,NA,NA,NA,NA,NA,NA,NA,"0","0","0",NA
"Pitta_megarhyncha","0","1","0","0",NA,NA,NA,"0",NA,NA,NA,NA,NA,NA,NA,NA,"0","0","0",NA
"Pitta_moluccensis","0","1","0","0",NA,NA,NA,"0",NA,NA,NA,NA,NA,NA,NA,NA,"0","0","0",NA
"Pitta_nipalensis","0","2","0","0",NA,NA,NA,"0",NA,"0",NA,NA,NA,NA,NA,NA,"0","0","0",NA
"Pitta_nympha","0","2","0","0",NA,NA,NA,"0",NA,"0",NA,NA,NA,NA,NA,NA,"0","0","0",NA
"Pitta_oatesi","0","1","0","0",NA,NA,NA,"0",NA,NA,NA,NA,NA,NA,NA,NA,"0","0","0",NA
"Pitta_phayrei","0","1","0","0",NA,NA,NA,"0",NA,NA,NA,NA,NA,NA,NA,NA,"0","0","0",NA
"Pitta_reichenowi","0","1","0","0",NA,NA,NA,"0",NA,NA,NA,NA,NA,NA,NA,NA,"0","0","0",NA
"Pitta_schneideri","0","1","0","0",NA,NA,NA,"0",NA,NA,NA,NA,NA,NA,NA,NA,"0","0","0",NA
"Pitta_sordida","0","2","0","0",NA,NA,NA,"0",NA,"0",NA,NA,NA,NA,NA,NA,"0","0","0",NA
"Pitta_soror","0","1","0","0",NA,NA,NA,"0",NA,NA,NA,NA,NA,NA,NA,NA,"0","0","0",NA
"Pitta_steerii","0","1","0","0",NA,NA,NA,"0",NA,NA,NA,NA,NA,NA,NA,NA,"0","0","0",NA
"Pitta_superba","0","1","0","0",NA,NA,NA,"0",NA,NA,NA,NA,NA,NA,NA,NA,"0","0","0",NA
"Pitta_ussheri","0","1","0","0",NA,NA,NA,"0",NA,NA,NA,NA,NA,NA,NA,NA,"0","0","0",NA
"Pitta_venusta","0","1","0","0",NA,NA,NA,"0",NA,NA,NA,NA,NA,NA,NA,NA,"0","0","0",NA
"Pitta_versicolor","0","2","0","0",NA,NA,NA,"0",NA,"0",NA,NA,NA,NA,NA,NA,"0","0","0",NA
"Pittasoma_michleri","0","1","0","0",NA,NA,NA,"0",NA,NA,NA,NA,NA,NA,NA,NA,"0","0","0",NA
"Pittasoma_rufopileatum","0","1","0","0",NA,NA,NA,"0",NA,NA,NA,NA,NA,NA,NA,NA,"0","0","0",NA
"Pityriasis_gymnocephala","1","1","1","1",NA,NA,NA,"1",NA,"0",NA,NA,NA,NA,NA,NA,"0","0","0",NA
"Platalea_alba","0","2","0","0",NA,NA,NA,"0",NA,"0",NA,NA,NA,NA,NA,NA,"0","0","0",NA
"Platalea_flavipes","0","3","0","0",NA,NA,NA,"0",NA,"0",NA,"0",NA,NA,NA,"0","0","0","0",NA
"Platalea_leucorodia","0","3","0","0",NA,NA,NA,"0",NA,"0",NA,"0",NA,NA,NA,"0","0","0","0",NA
"Platalea_minor","0","3","0","0",NA,NA,NA,"0",NA,"0",NA,"0",NA,NA,NA,"0","0","0","0",NA
"Platalea_regia","0","3","0","0",NA,NA,NA,"0",NA,"0",NA,"0",NA,NA,NA,"0","0","0","0",NA
"Platycercus_adscitus","0","3","0","0",NA,NA,NA,"0",NA,"0",NA,"0",NA,NA,NA,"1","0","0","0",NA
"Platycercus_caledonicus","0","3","0","0",NA,NA,NA,"0",NA,"0",NA,"0",NA,NA,NA,"0","0","0","0",NA
"Platycercus_elegans","0","2","0","0",NA,NA,NA,"0",NA,NA,NA,"0",NA,NA,NA,"0","0","0","0",NA
"Platycercus_eximius","0","3","0","0",NA,NA,NA,"0",NA,"0",NA,"0",NA,NA,NA,"1","0","0","0",NA
"Platycercus_icterotis","0","2","0","0",NA,NA,NA,"0",NA,"0",NA,NA,NA,NA,NA,NA,"0","0","0",NA
"Platycercus_venustus","0","3","0","0",NA,NA,NA,"0",NA,"0",NA,"0",NA,NA,NA,"1","0","0","0",NA
"Platylophus_galericulatus","0","1","0","0",NA,NA,NA,"0",NA,NA,NA,NA,NA,NA,NA,NA,"0","0","0",NA
"Platyrinchus_cancrominus","0","3","0","0",NA,NA,NA,"0",NA,"0",NA,"0",NA,NA,NA,"0","0","0","0",NA
"Platyrinchus_coronatus","0","2","0","0",NA,NA,NA,"0",NA,"0",NA,NA,NA,NA,NA,NA,"0","0","0",NA
"Platyrinchus_flavigularis","0","1","0","0",NA,NA,NA,"0",NA,NA,NA,NA,NA,NA,NA,NA,"0","0","0",NA
"Platyrinchus_leucoryphus","0","2","0","0",NA,NA,NA,"0",NA,"0",NA,NA,NA,NA,NA,NA,"0","0","0",NA
"Platyrinchus_mystaceus","0","3","0","0",NA,NA,NA,"0",NA,"0",NA,"0",NA,NA,NA,"0","0","0","0",NA
"Platyrinchus_platyrhynchos","0","2","0","0",NA,NA,NA,"0",NA,NA,NA,"0",NA,NA,NA,"0","0","0","0",NA
"Platyrinchus_saturatus","0","1","0","0",NA,NA,NA,"0",NA,NA,NA,NA,NA,NA,NA,NA,"0","0","0",NA
"Platysmurus_leucopterus","0","2","0","0",NA,NA,NA,"0",NA,"0",NA,NA,NA,NA,NA,NA,"0","0","0",NA
"Platyspiza_crassirostris","0","2","0","0",NA,NA,NA,"0",NA,"0",NA,NA,NA,NA,NA,NA,"0","0","0",NA
"Platysteira_albifrons","0","1","0","0",NA,NA,NA,"0",NA,NA,NA,NA,NA,NA,NA,NA,"0","0","0",NA
"Platysteira_blissetti","1","0","3","0",NA,NA,NA,"1",NA,"1",NA,"1",NA,NA,"K","1","1","0","0","Kin"
"Platysteira_castanea","1","0","3","0",NA,NA,NA,"1",NA,"1",NA,"1",NA,NA,"K","1","1","0","0","Kin"
"Platysteira_chalybea","1","0","2","0",NA,NA,NA,NA,NA,"1",NA,"1",NA,NA,"K","1","1","0","0","Kin"
"Platysteira_concreta","0","2","0","0",NA,NA,NA,"0",NA,NA,NA,"0",NA,NA,NA,"1","0","0","0",NA
"Platysteira_cyanea","0","3","0","0",NA,NA,NA,"0",NA,"0",NA,"0",NA,NA,NA,"1","0","0","0",NA
"Platysteira_jamesoni","0","1","0","0",NA,NA,NA,NA,NA,NA,NA,"0",NA,NA,NA,"1","0","0","0",NA
"Platysteira_laticincta","0","1","0","0",NA,NA,NA,NA,NA,NA,NA,"0",NA,NA,NA,"0","0","0","0",NA
"Platysteira_peltata","1","0","3","0",NA,NA,NA,"1",NA,"1",NA,"1",NA,NA,"K","1","1","0","0","Kin"
"Platysteira_tonsa","1","0","3","0",NA,NA,NA,"1",NA,"1",NA,"1",NA,NA,"K","1","1","0","0","Kin"
"Plectorhyncha_lanceolata","1","0","3","0",NA,NA,NA,"1",NA,"1",NA,"1",NA,NA,"K","1","1","0","0","Kin"
"Plectrophenax_hyperboreus","0","1","0","0",NA,NA,NA,"0",NA,NA,NA,NA,NA,NA,NA,NA,"0","0","0",NA
"Plectrophenax_nivalis","0","4","0","0",NA,"0",NA,"0",NA,"0",NA,"0",NA,NA,NA,"0","0","0","0",NA
"Plectropterus_gambensis","0","3","0","0",NA,NA,NA,"0",NA,"0",NA,"0",NA,NA,NA,"1","0","0","0",NA
"Plegadis_chihi","0","2","0","0",NA,NA,NA,"0",NA,"0",NA,NA,NA,NA,NA,NA,"0","0","0",NA
"Plegadis_falcinellus","0","2","0","0",NA,NA,NA,"0",NA,"0",NA,NA,NA,NA,NA,NA,"0","0","0",NA
"Plegadis_ridgwayi","0","2","0","0",NA,NA,NA,"0",NA,"0",NA,NA,NA,NA,NA,NA,"0","0","0",NA
"Plocepasser_donaldsoni","1","0","1","0",NA,NA,NA,"1",NA,NA,NA,NA,NA,NA,NA,NA,"0","0","0",NA
"Plocepasser_mahali","1","0","6","0",NA,"1","1","1",NA,"1","1","1","K","K","K","1","3","0","0","Kin"
"Plocepasser_rufoscapulatus","1","0","1","0",NA,NA,NA,"1",NA,NA,NA,NA,NA,NA,NA,NA,"0","0","0",NA
"Plocepasser_superciliosus","1","0","1","0",NA,NA,NA,"1",NA,NA,NA,NA,NA,NA,NA,NA,"0","0","0",NA
"Ploceus_albinucha","0","1","0","0",NA,NA,NA,"0",NA,NA,NA,NA,NA,NA,NA,NA,"0","0","0",NA
"Ploceus_alienus","0","2","0","0",NA,NA,NA,"0",NA,"0",NA,NA,NA,NA,NA,NA,"0","0","0",NA
"Ploceus_angolensis","0","1","0","0",NA,NA,NA,"0",NA,NA,NA,NA,NA,NA,NA,NA,"0","0","0",NA
"Ploceus_aurantius","0","1","0","0",NA,NA,NA,"0",NA,NA,NA,NA,NA,NA,NA,NA,"0","0","0",NA
"Ploceus_aureonucha","0","1","0","0",NA,NA,NA,"0",NA,NA,NA,NA,NA,NA,NA,NA,"0","0","0",NA
"Ploceus_badius","0","1","0","0",NA,NA,NA,"0",NA,NA,NA,NA,NA,NA,NA,NA,"0","0","0",NA
"Ploceus_baglafecht","0","2","0","0",NA,NA,NA,"0",NA,"0",NA,NA,NA,NA,NA,NA,"0","0","0",NA
"Ploceus_bannermani","0","2","0","0",NA,NA,NA,"0",NA,"0",NA,NA,NA,NA,NA,NA,"0","0","0",NA
"Ploceus_batesi","0","1","0","0",NA,NA,NA,"0",NA,NA,NA,NA,NA,NA,NA,NA,"0","0","0",NA
"Ploceus_benghalensis","0","2","0","0",NA,NA,NA,"0",NA,"0",NA,NA,NA,NA,NA,NA,"0","0","0",NA
"Ploceus_bertrandi","0","2","0","0",NA,NA,NA,"0",NA,"0",NA,NA,NA,NA,NA,NA,"0","0","0",NA
"Ploceus_bicolor","0","3","0","0",NA,NA,NA,"0",NA,"0",NA,"0",NA,NA,NA,"1","0","0","0",NA
"Ploceus_bojeri","0","1","0","0",NA,NA,NA,"0",NA,NA,NA,NA,NA,NA,NA,NA,"0","0","0",NA
"Ploceus_burnieri","0","1","0","0",NA,NA,NA,"0",NA,NA,NA,NA,NA,NA,NA,NA,"0","0","0",NA
"Ploceus_capensis","0","3","0","0",NA,NA,NA,"0",NA,"0",NA,"0",NA,NA,NA,"0","0","0","0",NA
"Ploceus_castaneiceps","0","1","0","0",NA,NA,NA,"0",NA,NA,NA,NA,NA,NA,NA,NA,"0","0","0",NA
"Ploceus_castanops","0","2","0","0",NA,NA,NA,"0",NA,"0",NA,NA,NA,NA,NA,NA,"0","0","0",NA
"Ploceus_cucullatus","0","2","0","0",NA,NA,NA,"0",NA,"0",NA,NA,NA,NA,NA,NA,"0","0","0",NA
"Ploceus_dichrocephalus","0","1","0","0",NA,NA,NA,"0",NA,NA,NA,NA,NA,NA,NA,NA,"0","0","0",NA
"Ploceus_dorsomaculatus","0","1","0","0",NA,NA,NA,"0",NA,NA,NA,NA,NA,NA,NA,NA,"0","0","0",NA
"Ploceus_galbula","0","1","0","0",NA,NA,NA,"0",NA,NA,NA,NA,NA,NA,NA,NA,"0","0","0",NA
"Ploceus_golandi","0","1","0","0",NA,NA,NA,"0",NA,NA,NA,NA,NA,NA,NA,NA,"0","0","0",NA
"Ploceus_grandis","0","1","0","0",NA,NA,NA,"0",NA,NA,NA,NA,NA,NA,NA,NA,"0","0","0",NA
"Ploceus_heuglini","0","2","0","0",NA,NA,NA,"0",NA,"0",NA,NA,NA,NA,NA,NA,"0","0","0",NA
"Ploceus_hypoxanthus","0","2","0","0",NA,NA,NA,"0",NA,"0",NA,NA,NA,NA,NA,NA,"0","0","0",NA
"Ploceus_insignis","0","3","0","0",NA,NA,NA,"0",NA,"0",NA,"0",NA,NA,NA,"1","0","0","0",NA
"Ploceus_intermedius","0","2","0","0",NA,NA,NA,"0",NA,"0",NA,NA,NA,NA,NA,NA,"0","0","0",NA
"Ploceus_jacksoni","0","1","0","0",NA,NA,NA,"0",NA,NA,NA,NA,NA,NA,NA,NA,"0","0","0",NA
"Ploceus_katangae","0","1","0","0",NA,NA,NA,"0",NA,NA,NA,NA,NA,NA,NA,NA,"0","0","0",NA
"Ploceus_luteolus","0","2","0","0",NA,NA,NA,"0",NA,"0",NA,NA,NA,NA,NA,NA,"0","0","0",NA
"Ploceus_manyar","0","2","0","0",NA,NA,NA,"0",NA,"0",NA,NA,NA,NA,NA,NA,"0","0","0",NA
"Ploceus_megarhynchus","0","2","0","0",NA,NA,NA,"0",NA,"0",NA,NA,NA,NA,NA,NA,"0","0","0",NA
"Ploceus_melanocephalus","0","2","0","0",NA,NA,NA,"0",NA,"0",NA,NA,NA,NA,NA,NA,"0","0","0",NA
"Ploceus_melanogaster","0","2","0","0",NA,NA,NA,"0",NA,"0",NA,NA,NA,NA,NA,NA,"0","0","0",NA
"Ploceus_nelicourvi","0","2","0","0",NA,NA,NA,"0",NA,"0",NA,NA,NA,NA,NA,NA,"0","0","0",NA
"Ploceus_nicolli","0","1","0","0",NA,NA,NA,"0",NA,NA,NA,NA,NA,NA,NA,NA,"0","0","0",NA
"Ploceus_nigerrimus","0","2","0","0",NA,NA,NA,"0",NA,"0",NA,NA,NA,NA,NA,NA,"0","0","0",NA
"Ploceus_nigricollis","0","2","0","0",NA,NA,NA,"0",NA,"0",NA,NA,NA,NA,NA,NA,"0","0","0",NA
"Ploceus_nigrimentus","0","1","0","0",NA,NA,NA,"0",NA,NA,NA,NA,NA,NA,NA,NA,"0","0","0",NA
"Ploceus_ocularis","0","2","0","0",NA,NA,NA,"0",NA,"0",NA,NA,NA,NA,NA,NA,"0","0","0",NA
"Ploceus_olivaceiceps","0","3","0","0",NA,NA,NA,"0",NA,"0",NA,"0",NA,NA,NA,"0","0","0","0",NA
"Ploceus_pelzelni","0","3","0","0",NA,NA,NA,"0",NA,"0",NA,"0",NA,NA,NA,"0","0","0","0",NA
"Ploceus_philippinus","0","2","0","0",NA,NA,NA,"0",NA,"0",NA,NA,NA,NA,NA,NA,"0","0","0",NA
"Ploceus_preussi","0","2","0","0",NA,NA,NA,"0",NA,"0",NA,NA,NA,NA,NA,NA,"0","0","0",NA
"Ploceus_princeps","0","1","0","0",NA,NA,NA,NA,NA,"0",NA,NA,NA,NA,NA,NA,"0","0","0",NA
"Ploceus_reichardi","0","1","0","0",NA,NA,NA,"0",NA,NA,NA,NA,NA,NA,NA,NA,"0","0","0",NA
"Ploceus_rubiginosus","0","3","0","0",NA,NA,NA,"0",NA,"0",NA,"0",NA,NA,NA,"0","0","0","0",NA
"Ploceus_ruweti","0","1","0","0",NA,NA,NA,"0",NA,NA,NA,NA,NA,NA,NA,NA,"0","0","0",NA
"Ploceus_sakalava","0","2","0","0",NA,NA,NA,"0",NA,"0",NA,NA,NA,NA,NA,NA,"0","0","0",NA
"Ploceus_sanctithomae","0","3","0","0",NA,NA,NA,"0",NA,"0",NA,"0",NA,NA,NA,"1","0","0","0",NA
"Ploceus_spekei","0","2","0","0",NA,NA,NA,"0",NA,"0",NA,NA,NA,NA,NA,NA,"0","0","0",NA
"Ploceus_spekeoides","0","1","0","0",NA,NA,NA,"0",NA,NA,NA,NA,NA,NA,NA,NA,"0","0","0",NA
"Ploceus_subaureus","0","1","0","0",NA,NA,NA,"0",NA,NA,NA,NA,NA,NA,NA,NA,"0","0","0",NA
"Ploceus_subpersonatus","0","1","0","0",NA,NA,NA,"0",NA,NA,NA,NA,NA,NA,NA,NA,"0","0","0",NA
"Ploceus_superciliosus","0","1","0","0",NA,NA,NA,"0",NA,NA,NA,NA,NA,NA,NA,NA,"0","0","0",NA
"Ploceus_taeniopterus","0","2","0","0",NA,NA,NA,"0",NA,"0",NA,NA,NA,NA,NA,NA,"0","0","0",NA
"Ploceus_temporalis","0","1","0","0",NA,NA,NA,"0",NA,NA,NA,NA,NA,NA,NA,NA,"0","0","0",NA
"Ploceus_tricolor","0","2","0","0",NA,NA,NA,"0",NA,"0",NA,NA,NA,NA,NA,NA,"0","0","0",NA
"Ploceus_velatus","0","3","0","0",NA,NA,NA,"0",NA,"0",NA,"0",NA,NA,NA,"0","0","0","0",NA
"Ploceus_vitellinus","0","2","0","0",NA,NA,NA,"0",NA,"0",NA,NA,NA,NA,NA,NA,"0","0","0",NA
"Ploceus_weynsi","0","1","0","0",NA,NA,NA,"0",NA,NA,NA,NA,NA,NA,NA,NA,"0","0","0",NA
"Ploceus_xanthops","0","2","0","0",NA,NA,NA,"0",NA,"0",NA,NA,NA,NA,NA,NA,"0","0","0",NA
"Ploceus_xanthopterus","0","2","0","0",NA,NA,NA,"0",NA,"0",NA,NA,NA,NA,NA,NA,"0","0","0",NA
"Pluvialis_apricaria","0","2","0","0",NA,NA,NA,"0",NA,"0",NA,NA,NA,NA,NA,NA,"0","0","0",NA
"Pluvialis_dominica","0","4","0","0",NA,"0",NA,"0",NA,"0",NA,"0",NA,NA,NA,"0","0","0","0",NA
"Pluvialis_fulva","0","2","0","0",NA,NA,NA,"0",NA,"0",NA,NA,NA,NA,NA,NA,"0","0","0",NA
"Pluvialis_squatarola","0","3","0","0",NA,NA,NA,"0",NA,"0",NA,"0",NA,NA,NA,"0","0","0","0",NA
"Pluvianellus_socialis","0","2","0","0",NA,NA,NA,"0",NA,"0",NA,NA,NA,NA,NA,NA,"0","0","0",NA
"Pluvianus_aegyptius","0","2","0","0",NA,NA,NA,"0",NA,"0",NA,NA,NA,NA,NA,NA,"0","0","0",NA
"Pnoepyga_albiventer","0","2","0","0",NA,NA,NA,"0",NA,"0",NA,NA,NA,NA,NA,NA,"0","0","0",NA
"Pnoepyga_immaculata","0","1","0","0",NA,NA,NA,"0",NA,NA,NA,NA,NA,NA,NA,NA,"0","0","0",NA
"Pnoepyga_pusilla","0","1","0","0",NA,NA,NA,"0",NA,NA,NA,NA,NA,NA,NA,NA,"0","0","0",NA
"Podager_nacunda","0","1","0","0",NA,NA,NA,"0",NA,NA,NA,NA,NA,NA,NA,NA,"0","0","0",NA
"Podargus_ocellatus","0","3","0","0",NA,NA,NA,"0",NA,"0",NA,"0",NA,NA,NA,"0","0","0","0",NA
"Podargus_papuensis","0","3","0","0",NA,NA,NA,"0",NA,"0",NA,"0",NA,NA,NA,"1","0","0","0",NA
"Podargus_strigoides","0","3","0","0",NA,NA,NA,"0",NA,"0",NA,"0",NA,NA,NA,"1","0","0","0",NA
"Podica_senegalensis","0","3","0","0",NA,NA,NA,"0",NA,"0",NA,"0",NA,NA,NA,"0","0","0","0",NA
"Podiceps_auritus","0","2","0","0",NA,NA,NA,"0",NA,NA,NA,"0",NA,NA,NA,"0","0","0","0",NA
"Podiceps_cristatus","0","2","0","0",NA,NA,NA,"0",NA,NA,NA,"0",NA,NA,NA,"1","0","0","0",NA
"Podiceps_gallardoi","0","3","0","0",NA,NA,NA,"0",NA,"0",NA,"0",NA,NA,NA,"0","0","0","0",NA
"Podiceps_grisegena","0","3","0","0",NA,NA,NA,"0",NA,"0",NA,"0",NA,NA,NA,"0","0","0","0",NA
"Podiceps_major","0","3","0","0",NA,NA,NA,"0",NA,"0",NA,"0",NA,NA,NA,"0","0","0","0",NA
"Podiceps_nigricollis","0","3","0","0",NA,NA,NA,"0",NA,"0",NA,"0",NA,NA,NA,"0","0","0","0",NA
"Podiceps_occipitalis","0","3","0","0",NA,NA,NA,"0",NA,"0",NA,"0",NA,NA,NA,"0","0","0","0",NA
"Podiceps_taczanowskii","0","2","0","0",NA,NA,NA,"0",NA,"0",NA,NA,NA,NA,NA,NA,"0","0","0",NA
"Podilymbus_podiceps","0","2","0","0",NA,NA,NA,"0",NA,NA,NA,"0",NA,NA,NA,"1","0","0","0",NA
"Podoces_biddulphi","0","2","0","0",NA,NA,NA,"0",NA,NA,NA,"0",NA,NA,NA,"1","0","0","0",NA
"Podoces_hendersoni","0","2","0","0",NA,NA,NA,"0",NA,NA,NA,"0",NA,NA,NA,"1","0","0","0",NA
"Podoces_panderi","0","3","0","0",NA,NA,NA,"0",NA,"0",NA,"0",NA,NA,NA,"1","0","0","0",NA
"Podoces_pleskei","0","1","0","0",NA,NA,NA,"0",NA,NA,NA,NA,NA,NA,NA,NA,"0","0","0",NA
"Poecilodryas_albonotata","0","1","0","0",NA,NA,NA,"0",NA,NA,NA,NA,NA,NA,NA,NA,"0","0","0",NA
"Poecilodryas_brachyura","0","1","0","0",NA,NA,NA,"0",NA,NA,NA,NA,NA,NA,NA,NA,"0","0","0",NA
"Poecilodryas_hypoleuca","0","1","0","0",NA,NA,NA,"0",NA,NA,NA,NA,NA,NA,NA,NA,"0","0","0",NA
"Poecilodryas_placens","0","1","0","0",NA,NA,NA,"0",NA,NA,NA,NA,NA,NA,NA,NA,"0","0","0",NA
"Poecilodryas_superciliosa","0","2","0","0",NA,NA,NA,"0",NA,"0",NA,NA,NA,NA,NA,NA,"0","0","0",NA
"Poecilotriccus_albifacies","0","1","0","0",NA,NA,NA,"0",NA,NA,NA,NA,NA,NA,NA,NA,"0","0","0",NA
"Poecilotriccus_calopterus","0","1","0","0",NA,NA,NA,"0",NA,NA,NA,NA,NA,NA,NA,NA,"0","0","0",NA
"Poecilotriccus_capitalis","0","2","0","0",NA,NA,NA,"0",NA,NA,NA,"0",NA,NA,NA,"0","0","0","0",NA
"Poecilotriccus_fumifrons","0","1","0","0",NA,NA,NA,"0",NA,NA,NA,NA,NA,NA,NA,NA,"0","0","0",NA
"Poecilotriccus_latirostris","0","2","0","0",NA,NA,NA,"0",NA,NA,NA,"0",NA,NA,NA,"0","0","0","0",NA
"Poecilotriccus_luluae","0","1","0","0",NA,NA,NA,"0",NA,NA,NA,NA,NA,NA,NA,NA,"0","0","0",NA
"Poecilotriccus_plumbeiceps","0","2","0","0",NA,NA,NA,"0",NA,NA,NA,"0",NA,NA,NA,"0","0","0","0",NA
"Poecilotriccus_pulchellus","0","1","0","0",NA,NA,NA,"0",NA,NA,NA,NA,NA,NA,NA,NA,"0","0","0",NA
"Poecilotriccus_ruficeps","0","2","0","0",NA,NA,NA,"0",NA,NA,NA,"0",NA,NA,NA,"1","0","0","0",NA
"Poecilotriccus_russatus","0","2","0","0",NA,NA,NA,"0",NA,NA,NA,"0",NA,NA,NA,"0","0","0","0",NA
"Poecilotriccus_senex","0","1","0","0",NA,NA,NA,"0",NA,NA,NA,NA,NA,NA,NA,NA,"0","0","0",NA
"Poecilotriccus_sylvia","0","2","0","0",NA,NA,NA,"0",NA,"0",NA,NA,NA,NA,NA,NA,"0","0","0",NA
"Poeoptera_kenricki","0","2","0","0",NA,NA,NA,"0","0",NA,NA,NA,NA,NA,NA,NA,"0","0","0",NA
"Poeoptera_lugubris","0","3","0","0",NA,NA,NA,"0","0",NA,NA,"0",NA,NA,NA,"0","0","0","0",NA
"Poeoptera_stuhlmanni","0","2","0","0",NA,NA,NA,"0","0",NA,NA,NA,NA,NA,NA,NA,"0","0","0",NA
"Poephila_acuticauda","0","4","0","0",NA,"0",NA,"0",NA,"0",NA,"0",NA,NA,NA,"0","0","0","0",NA
"Poephila_cincta","0","3","0","0",NA,NA,NA,"0",NA,"0",NA,"0",NA,NA,NA,"1","0","0","0",NA
"Poephila_personata","0","3","0","0",NA,NA,NA,"0",NA,"0",NA,"0",NA,NA,NA,"0","0","0","0",NA
"Pogoniulus_atroflavus","0","1","0","0",NA,NA,NA,"0",NA,NA,NA,NA,NA,NA,NA,NA,"0","0","0",NA
"Pogoniulus_bilineatus","0","3","0","0",NA,NA,NA,"0",NA,"0",NA,"0",NA,NA,NA,"0","0","0","0",NA
"Pogoniulus_chrysoconus","0","3","0","0",NA,NA,NA,"0",NA,"0",NA,"0",NA,NA,NA,"0","0","0","0",NA
"Pogoniulus_coryphaeus","0","1","0","0",NA,NA,NA,"0",NA,NA,NA,NA,NA,NA,NA,NA,"0","0","0",NA
"Pogoniulus_leucomystax","0","2","0","0",NA,NA,NA,"0",NA,"0",NA,NA,NA,NA,NA,NA,"0","0","0",NA
"Pogoniulus_pusillus","0","3","0","0",NA,NA,NA,"0",NA,"0",NA,"0",NA,NA,NA,"0","0","0","0",NA
"Pogoniulus_scolopaceus","1","0","3","0",NA,NA,NA,"1",NA,"1",NA,"1",NA,NA,"K","1","1","0","0","Kin"
"Pogoniulus_simplex","0","1","0","0",NA,NA,NA,"0",NA,NA,NA,NA,NA,NA,NA,NA,"0","0","0",NA
"Pogoniulus_subsulphureus","0","2","0","0",NA,NA,NA,"0",NA,"0",NA,NA,NA,NA,NA,NA,"0","0","0",NA
"Pogonocichla_stellata","0","3","0","0",NA,NA,NA,"0",NA,"0",NA,"0",NA,NA,NA,"0","0","0","0",NA
"Poicephalus_crassus","0","1","0","0",NA,NA,NA,"0",NA,NA,NA,NA,NA,NA,NA,NA,"0","0","0",NA
"Poicephalus_cryptoxanthus","0","2","0","0",NA,NA,NA,"0",NA,NA,NA,"0",NA,NA,NA,"1","0","0","0",NA
"Poicephalus_flavifrons","0","1","0","0",NA,NA,NA,"0",NA,NA,NA,NA,NA,NA,NA,NA,"0","0","0",NA
"Poicephalus_gulielmi","0","3","0","0",NA,NA,NA,"0",NA,"0",NA,"0",NA,NA,NA,"0","0","0","0",NA
"Poicephalus_meyeri","0","2","0","0",NA,NA,NA,"0",NA,"0",NA,NA,NA,NA,NA,NA,"0","0","0",NA
"Poicephalus_robustus","0","2","0","0",NA,NA,NA,"0",NA,"0",NA,NA,NA,NA,NA,NA,"0","0","0",NA
"Poicephalus_rueppellii","0","1","0","0",NA,NA,NA,"0",NA,NA,NA,NA,NA,NA,NA,NA,"0","0","0",NA
"Poicephalus_rufiventris","0","2","0","0",NA,NA,NA,"0",NA,"0",NA,NA,NA,NA,NA,NA,"0","0","0",NA
"Poicephalus_senegalus","0","2","0","0",NA,NA,NA,"0",NA,"0",NA,NA,NA,NA,NA,NA,"0","0","0",NA
"Polemaetus_bellicosus","0","3","0","0",NA,NA,NA,"0",NA,"0",NA,"0",NA,NA,NA,"1","0","0","0",NA
"Polihierax_insignis","1","0","1","0",NA,NA,NA,"1",NA,NA,NA,NA,NA,NA,NA,NA,"0","0","0",NA
"Polihierax_semitorquatus","1","0","3","0",NA,NA,NA,"1",NA,"1",NA,"1",NA,NA,"K","1","1","0","0","Kin"
"Poliocephalus_poliocephalus","0","3","0","0",NA,NA,NA,"0",NA,"0",NA,"0",NA,NA,NA,"0","0","0","0",NA
"Poliocephalus_rufopectus","0","2","0","0",NA,NA,NA,"0",NA,NA,NA,"0",NA,NA,NA,"1","0","0","0",NA
"Poliolais_lopezi","0","2","0","0",NA,NA,NA,"0",NA,"0",NA,NA,NA,NA,NA,NA,"0","0","0",NA
"Polioptila_albiloris","0","2","0","0",NA,NA,NA,"0",NA,"0",NA,NA,NA,NA,NA,NA,"0","0","0",NA
"Polioptila_caerulea","0","3","0","0",NA,NA,NA,"0",NA,"0",NA,"0",NA,NA,NA,"0","0","0","0",NA
"Polioptila_californica","0","2","0","0",NA,NA,NA,"0",NA,NA,NA,"0",NA,NA,NA,"0","0","0","0",NA
"Polioptila_dumicola","0","2","0","0",NA,NA,NA,"0",NA,NA,NA,"0",NA,NA,NA,"1","0","0","0",NA
"Polioptila_guianensis","0","1","0","0",NA,NA,NA,"0",NA,NA,NA,NA,NA,NA,NA,NA,"0","0","0",NA
"Polioptila_lactea","0","1","0","0",NA,NA,NA,"0",NA,NA,NA,NA,NA,NA,NA,NA,"0","0","0",NA
"Polioptila_lembeyei","0","2","0","0",NA,NA,NA,"0",NA,"0",NA,NA,NA,NA,NA,NA,"0","0","0",NA
"Polioptila_melanura","0","3","0","0",NA,NA,NA,"0",NA,"0",NA,"0",NA,NA,NA,"0","0","0","0",NA
"Polioptila_nigriceps","0","2","0","0",NA,NA,NA,"0",NA,"0",NA,NA,NA,NA,NA,NA,"0","0","0",NA
"Polioptila_plumbea","0","2","0","0",NA,NA,NA,"0",NA,"0",NA,NA,NA,NA,NA,NA,"0","0","0",NA
"Polioptila_schistaceigula","0","1","0","0",NA,NA,NA,"0",NA,NA,NA,NA,NA,NA,NA,NA,"0","0","0",NA
"Polioxolmis_rufipennis","0","2","0","0",NA,NA,NA,"0",NA,"0",NA,NA,NA,NA,NA,NA,"0","0","0",NA
"Polyboroides_radiatus","0","1","0","0",NA,NA,NA,"0",NA,NA,NA,NA,NA,NA,NA,NA,"0","0","0",NA
"Polyboroides_typus","0","3","0","0",NA,NA,NA,"0",NA,"0",NA,"0",NA,NA,NA,"1","0","0","0",NA
"Polyonymus_caroli","0","2","0","0",NA,NA,NA,"0",NA,NA,NA,"0",NA,NA,NA,"0","0","0","0",NA
"Polyplectron_bicalcaratum","0","1","0","0",NA,NA,NA,"0",NA,NA,NA,NA,NA,NA,NA,NA,"0","0","0",NA
"Polyplectron_chalcurum","0","1","0","0",NA,NA,NA,"0",NA,NA,NA,NA,NA,NA,NA,NA,"0","0","0",NA
"Polyplectron_germaini","0","1","0","0",NA,NA,NA,"0",NA,NA,NA,NA,NA,NA,NA,NA,"0","0","0",NA
"Polyplectron_inopinatum","0","1","0","0",NA,NA,NA,"0",NA,NA,NA,NA,NA,NA,NA,NA,"0","0","0",NA
"Polyplectron_malacense","0","2","0","0",NA,NA,NA,"0",NA,"0",NA,NA,NA,NA,NA,NA,"0","0","0",NA
"Polyplectron_napoleonis","0","1","0","0",NA,NA,NA,"0",NA,NA,NA,NA,NA,NA,NA,NA,"0","0","0",NA
"Polyplectron_schleiermacheri","0","1","0","0",NA,NA,NA,"0",NA,NA,NA,NA,NA,NA,NA,NA,"0","0","0",NA
"Polysticta_stelleri","0","3","0","0",NA,NA,NA,"0",NA,"0",NA,"0",NA,NA,NA,"0","0","0","0",NA
"Polystictus_pectoralis","0","1","0","0",NA,NA,NA,"0",NA,NA,NA,NA,NA,NA,NA,NA,"0","0","0",NA
"Polystictus_superciliaris","0","1","0","0",NA,NA,NA,"0",NA,NA,NA,NA,NA,NA,NA,NA,"0","0","0",NA
"Polytelis_alexandrae","0","2","0","0",NA,NA,NA,"0",NA,"0",NA,NA,NA,NA,NA,NA,"0","0","0",NA
"Polytelis_anthopeplus","1","2","1","1",NA,NA,NA,"1",NA,"0",NA,"0",NA,NA,NA,"1","0","0","0",NA
"Polytelis_swainsonii","0","2","0","0",NA,NA,NA,"0",NA,"0",NA,NA,NA,NA,NA,NA,"0","0","0",NA
"Polytmus_guainumbi","0","3","0","0",NA,NA,NA,"0",NA,"0",NA,"0",NA,NA,NA,"0","0","0","0",NA
"Polytmus_milleri","0","3","0","0",NA,NA,NA,"0",NA,"0",NA,"0",NA,NA,NA,"0","0","0","0",NA
"Polytmus_theresiae","0","3","0","0",NA,NA,NA,"0",NA,"0",NA,"0",NA,NA,NA,"0","0","0","0",NA
"Pomarea_dimidiata","1","0","1","0",NA,NA,NA,NA,NA,"1",NA,NA,NA,NA,NA,NA,"0","0","0",NA
"Pomarea_iphis","0","1","0","0",NA,NA,NA,NA,NA,"0",NA,NA,NA,NA,NA,NA,"0","0","0",NA
"Pomarea_mendozae","0","1","0","0",NA,NA,NA,NA,NA,"0",NA,NA,NA,NA,NA,NA,"0","0","0",NA
"Pomarea_nigra",NA,"0","0","0",NA,NA,NA,NA,NA,NA,NA,NA,NA,NA,NA,NA,"0","0","0",NA
"Pomarea_whitneyi","0","1","0","0",NA,NA,NA,NA,NA,"0",NA,NA,NA,NA,NA,NA,"0","0","0",NA
"Pomatorhinus_erythrocnemis",NA,"0","0","0",NA,NA,NA,NA,NA,NA,NA,NA,NA,NA,NA,NA,"0","0","0",NA
"Pomatorhinus_erythrogenys","0","2","0","0",NA,NA,NA,"0",NA,"0",NA,NA,NA,NA,NA,NA,"0","0","0",NA
"Pomatorhinus_ferruginosus","0","1","0","0",NA,NA,NA,"0",NA,NA,NA,NA,NA,NA,NA,NA,"0","0","0",NA
"Pomatorhinus_horsfieldii","0","1","0","0",NA,NA,NA,"0",NA,NA,NA,NA,NA,NA,NA,NA,"0","0","0",NA
"Pomatorhinus_hypoleucos","0","1","0","0",NA,NA,NA,"0",NA,NA,NA,NA,NA,NA,NA,NA,"0","0","0",NA
"Pomatorhinus_montanus","0","1","0","0",NA,NA,NA,"0",NA,NA,NA,NA,NA,NA,NA,NA,"0","0","0",NA
"Pomatorhinus_ochraceiceps","0","1","0","0",NA,NA,NA,"0",NA,NA,NA,NA,NA,NA,NA,NA,"0","0","0",NA
"Pomatorhinus_ruficollis","0","2","0","0",NA,NA,NA,"0",NA,"0",NA,NA,NA,NA,NA,NA,"0","0","0",NA
"Pomatorhinus_schisticeps","0","2","0","0",NA,NA,NA,"0",NA,"0",NA,NA,NA,NA,NA,NA,"0","0","0",NA
"Pomatostomus_halli","1","0","4","0","1",NA,NA,"1",NA,"1",NA,"1",NA,NA,"K","1","1","0","0","Kin"
"Pomatostomus_isidorei","1","0","3","0",NA,NA,NA,"1",NA,"1",NA,"1",NA,NA,"K","1","1","0","0","Kin"
"Pomatostomus_ruficeps","1","0","5","0","1",NA,NA,"1",NA,"1","1","1","M",NA,"K","1","1","0","1","Kin"
"Pomatostomus_superciliosus","1","0","5","0","1",NA,NA,"1",NA,"1","1","1","K",NA,"K","1","2","0","0","Kin"
"Pomatostomus_temporalis","1","0","7","0","1","1","1","1",NA,"1","1","1","M","K","K","1","2","0","1","Kin"
"Pooecetes_gramineus","0","3","0","0",NA,NA,NA,"0",NA,"0",NA,"0",NA,NA,NA,"0","0","0","0",NA
"Poospiza_alticola","0","1","0","0",NA,NA,NA,"0",NA,NA,NA,NA,NA,NA,NA,NA,"0","0","0",NA
"Poospiza_boliviana","0","1","0","0",NA,NA,NA,"0",NA,NA,NA,NA,NA,NA,NA,NA,"0","0","0",NA
"Poospiza_caesar","0","1","0","0",NA,NA,NA,"0",NA,NA,NA,NA,NA,NA,NA,NA,"0","0","0",NA
"Poospiza_cinerea","0","1","0","0",NA,NA,NA,"0",NA,NA,NA,NA,NA,NA,NA,NA,"0","0","0",NA
"Poospiza_erythrophrys","0","2","0","0",NA,NA,NA,"0",NA,"0",NA,NA,NA,NA,NA,NA,"0","0","0",NA
"Poospiza_hispaniolensis","0","2","0","0",NA,NA,NA,"0",NA,"0",NA,NA,NA,NA,NA,NA,"0","0","0",NA
"Poospiza_hypochondria","0","1","0","0",NA,NA,NA,"0",NA,NA,NA,NA,NA,NA,NA,NA,"0","0","0",NA
"Poospiza_lateralis","0","1","0","0",NA,NA,NA,"0",NA,NA,NA,NA,NA,NA,NA,NA,"0","0","0",NA
"Poospiza_melanoleuca","0","1","0","0",NA,NA,NA,"0",NA,NA,NA,NA,NA,NA,NA,NA,"0","0","0",NA
"Poospiza_nigrorufa","0","1","0","0",NA,NA,NA,"0",NA,NA,NA,NA,NA,NA,NA,NA,"0","0","0",NA
"Poospiza_ornata","0","1","0","0",NA,NA,NA,"0",NA,NA,NA,NA,NA,NA,NA,NA,"0","0","0",NA
"Poospiza_rubecula","0","1","0","0",NA,NA,NA,"0",NA,NA,NA,NA,NA,NA,NA,NA,"0","0","0",NA
"Poospiza_thoracica","0","1","0","0",NA,NA,NA,"0",NA,NA,NA,NA,NA,NA,NA,NA,"0","0","0",NA
"Poospiza_torquata","0","1","0","0",NA,NA,NA,"0",NA,NA,NA,NA,NA,NA,NA,NA,"0","0","0",NA
"Poospiza_whitii","0","1","0","0",NA,NA,NA,"0",NA,NA,NA,NA,NA,NA,NA,NA,"0","0","0",NA
"Porphyrio_alleni","0","2","0","0",NA,NA,NA,"0",NA,"0",NA,NA,NA,NA,NA,NA,"0","0","0",NA
"Porphyrio_flavirostris","0","2","0","0",NA,NA,NA,"0",NA,"0",NA,NA,NA,NA,NA,NA,"0","0","0",NA
"Porphyrio_hochstetteri","0","1","0","0",NA,NA,"0",NA,NA,NA,NA,NA,NA,NA,NA,NA,"0","0","0",NA
"Porphyrio_mantelli","1","0","1","0",NA,NA,NA,NA,NA,NA,"1",NA,"K",NA,NA,NA,"1","0","0","Kin"
"Porphyrio_martinica","1","0","2","0",NA,NA,NA,"1",NA,"1",NA,NA,NA,NA,NA,NA,"0","0","0",NA
"Porphyrio_martinicus","1","0","1","0",NA,NA,NA,NA,NA,NA,"1",NA,"K",NA,NA,NA,"1","0","0","Kin"
"Porphyrio_porphyrio","1","0","7","0","1","1","1","1",NA,"1","1","1","M","NK","K","1","1","1","1","Kin"
"Porphyrolaema_porphyrolaema","0","2","0","0",NA,NA,NA,"0",NA,NA,NA,"0",NA,NA,NA,"0","0","0","0",NA
"Porphyrospiza_caerulescens","0","1","0","0",NA,NA,NA,"0",NA,NA,NA,NA,NA,NA,NA,NA,"0","0","0",NA
"Porzana_albicollis","0","1","0","0",NA,NA,NA,"0",NA,NA,NA,NA,NA,NA,NA,NA,"0","0","0",NA
"Porzana_atra","1","0","2","0",NA,NA,NA,NA,NA,"1","1",NA,"K",NA,NA,NA,"1","0","0","Kin"
"Porzana_carolina","0","2","0","0",NA,NA,NA,"0",NA,"0",NA,NA,NA,NA,NA,NA,"0","0","0",NA
"Porzana_cinerea","0","2","0","0",NA,NA,NA,"0",NA,"0",NA,NA,NA,NA,NA,NA,"0","0","0",NA
"Porzana_flaviventer","0","2","0","0",NA,NA,NA,"0",NA,"0",NA,NA,NA,NA,NA,NA,"0","0","0",NA
"Porzana_fluminea","0","2","0","0",NA,NA,NA,"0",NA,"0",NA,NA,NA,NA,NA,NA,"0","0","0",NA
"Porzana_fusca","0","2","0","0",NA,NA,NA,"0",NA,"0",NA,NA,NA,NA,NA,NA,"0","0","0",NA
"Porzana_parva","0","2","0","0",NA,NA,NA,"0",NA,"0",NA,NA,NA,NA,NA,NA,"0","0","0",NA
"Porzana_paykullii","0","2","0","0",NA,NA,NA,"0",NA,"0",NA,NA,NA,NA,NA,NA,"0","0","0",NA
"Porzana_porzana","0","2","0","0",NA,NA,NA,"0",NA,"0",NA,NA,NA,NA,NA,NA,"0","0","0",NA
"Porzana_pusilla","0","2","0","0",NA,NA,NA,"0",NA,"0",NA,NA,NA,NA,NA,NA,"0","0","0",NA
"Porzana_spiloptera","0","1","0","0",NA,NA,NA,"0",NA,NA,NA,NA,NA,NA,NA,NA,"0","0","0",NA
"Porzana_tabuensis","0","2","0","0",NA,NA,NA,"0",NA,"0",NA,NA,NA,NA,NA,NA,"0","0","0",NA
"Premnoplex_brunnescens","0","1","0","0",NA,NA,NA,"0",NA,NA,NA,NA,NA,NA,NA,NA,"0","0","0",NA
"Premnoplex_tatei","0","1","0","0",NA,NA,NA,"0",NA,NA,NA,NA,NA,NA,NA,NA,"0","0","0",NA
"Premnornis_guttuligera","0","1","0","0",NA,NA,NA,"0",NA,NA,NA,NA,NA,NA,NA,NA,"0","0","0",NA
"Primolius_auricollis","0","1","0","0",NA,NA,NA,"0",NA,NA,NA,NA,NA,NA,NA,NA,"0","0","0",NA
"Primolius_couloni","0","1","0","0",NA,NA,NA,"0",NA,NA,NA,NA,NA,NA,NA,NA,"0","0","0",NA
"Primolius_maracana","0","1","0","0",NA,NA,NA,"0",NA,NA,NA,NA,NA,NA,NA,NA,"0","0","0",NA
"Prinia_atrogularis","0","3","0","0",NA,NA,NA,"0",NA,"0",NA,"0",NA,NA,NA,"1","0","0","0",NA
"Prinia_bairdii","1","0","3","0",NA,NA,NA,"1",NA,"1",NA,"1",NA,NA,"K","1","1","0","0","Kin"
"Prinia_buchanani","0","2","0","0",NA,NA,NA,"0",NA,"0",NA,NA,NA,NA,NA,NA,"0","0","0",NA
"Prinia_burnesii","0","1","0","0",NA,NA,NA,"0",NA,NA,NA,NA,NA,NA,NA,NA,"0","0","0",NA
"Prinia_cinereocapilla","0","1","0","0",NA,NA,NA,"0",NA,NA,NA,NA,NA,NA,NA,NA,"0","0","0",NA
"Prinia_crinigera","0","2","0","0",NA,NA,NA,"0",NA,"0",NA,NA,NA,NA,NA,NA,"0","0","0",NA
"Prinia_familiaris","0","1","0","0",NA,NA,NA,"0",NA,NA,NA,NA,NA,NA,NA,NA,"0","0","0",NA
"Prinia_flavicans","0","3","0","0",NA,NA,NA,"0",NA,"0",NA,"0",NA,NA,NA,"0","0","0","0",NA
"Prinia_flaviventris","0","2","0","0",NA,NA,NA,"0",NA,"0",NA,NA,NA,NA,NA,NA,"0","0","0",NA
"Prinia_fluviatilis","0","1","0","0",NA,NA,NA,"0",NA,NA,NA,NA,NA,NA,NA,NA,"0","0","0",NA
"Prinia_gracilis","0","3","0","0",NA,NA,NA,"0",NA,"0",NA,"0",NA,NA,NA,"0","0","0","0",NA
"Prinia_hodgsonii","0","2","0","0",NA,NA,NA,"0",NA,"0",NA,NA,NA,NA,NA,NA,"0","0","0",NA
"Prinia_inornata","0","2","0","0",NA,NA,NA,"0",NA,"0",NA,NA,NA,NA,NA,NA,"0","0","0",NA
"Prinia_leontica","0","1","0","0",NA,NA,NA,"0",NA,NA,NA,NA,NA,NA,NA,NA,"0","0","0",NA
"Prinia_leucopogon","1","1","1","1",NA,NA,NA,"1",NA,"0",NA,NA,NA,NA,NA,NA,"0","0","0",NA
"Prinia_maculosa","0","3","0","0",NA,NA,NA,"0",NA,"0",NA,"0",NA,NA,NA,"0","0","0","0",NA
"Prinia_molleri","0","1","0","0",NA,NA,NA,NA,NA,"0",NA,NA,NA,NA,NA,NA,"0","0","0",NA
"Prinia_polychroa","0","1","0","0",NA,NA,NA,"0",NA,NA,NA,NA,NA,NA,NA,NA,"0","0","0",NA
"Prinia_robertsi","0","1","0","0",NA,NA,NA,"0",NA,NA,NA,NA,NA,NA,NA,NA,"0","0","0",NA
"Prinia_rufescens","0","2","0","0",NA,NA,NA,"0",NA,"0",NA,NA,NA,NA,NA,NA,"0","0","0",NA
"Prinia_socialis","0","2","0","0",NA,NA,NA,"0",NA,"0",NA,NA,NA,NA,NA,NA,"0","0","0",NA
"Prinia_somalica","0","1","0","0",NA,NA,NA,"0",NA,NA,NA,NA,NA,NA,NA,NA,"0","0","0",NA
"Prinia_subflava","1","0","3","0",NA,NA,NA,"1",NA,"1",NA,"1",NA,NA,"K","1","1","0","0","Kin"
"Prinia_sylvatica","0","3","0","0",NA,NA,NA,"0",NA,"0",NA,"0",NA,NA,NA,"1","0","0","0",NA
"Prioniturus_discurus","0","1","0","0",NA,NA,NA,"0",NA,NA,NA,NA,NA,NA,NA,NA,"0","0","0",NA
"Prioniturus_flavicans","0","1","0","0",NA,NA,NA,"0",NA,NA,NA,NA,NA,NA,NA,NA,"0","0","0",NA
"Prioniturus_luconensis","0","1","0","0",NA,NA,NA,"0",NA,NA,NA,NA,NA,NA,NA,NA,"0","0","0",NA
"Prioniturus_mada","0","1","0","0",NA,NA,NA,"0",NA,NA,NA,NA,NA,NA,NA,NA,"0","0","0",NA
"Prioniturus_montanus","0","1","0","0",NA,NA,NA,"0",NA,NA,NA,NA,NA,NA,NA,NA,"0","0","0",NA
"Prioniturus_platenae","0","1","0","0",NA,NA,NA,"0",NA,NA,NA,NA,NA,NA,NA,NA,"0","0","0",NA
"Prioniturus_platurus","0","1","0","0",NA,NA,NA,"0",NA,NA,NA,NA,NA,NA,NA,NA,"0","0","0",NA
"Prioniturus_verticalis","0","1","0","0",NA,NA,NA,"0",NA,NA,NA,NA,NA,NA,NA,NA,"0","0","0",NA
"Prioniturus_waterstradti","0","1","0","0",NA,NA,NA,"0",NA,NA,NA,NA,NA,NA,NA,NA,"0","0","0",NA
"Prionochilus_maculatus","0","1","0","0",NA,NA,NA,"0",NA,NA,NA,NA,NA,NA,NA,NA,"0","0","0",NA
"Prionochilus_olivaceus","0","1","0","0",NA,NA,NA,"0",NA,NA,NA,NA,NA,NA,NA,NA,"0","0","0",NA
"Prionochilus_percussus","0","1","0","0",NA,NA,NA,"0",NA,NA,NA,NA,NA,NA,NA,NA,"0","0","0",NA
"Prionochilus_plateni","0","1","0","0",NA,NA,NA,"0",NA,NA,NA,NA,NA,NA,NA,NA,"0","0","0",NA
"Prionochilus_thoracicus","0","1","0","0",NA,NA,NA,"0",NA,NA,NA,NA,NA,NA,NA,NA,"0","0","0",NA
"Prionochilus_xanthopygius","0","1","0","0",NA,NA,NA,"0",NA,NA,NA,NA,NA,NA,NA,NA,"0","0","0",NA
"Prionodura_newtoniana","0","2","0","0",NA,NA,NA,"0",NA,"0",NA,NA,NA,NA,NA,NA,"0","0","0",NA
"Prionops_alberti","1","0","2","0",NA,NA,NA,"1",NA,"1",NA,NA,NA,NA,NA,NA,"0","0","0",NA
"Prionops_caniceps","1","0","2","0",NA,NA,NA,"1",NA,"1",NA,NA,NA,NA,NA,NA,"0","0","0",NA
"Prionops_gabela","1","1","1","1",NA,NA,NA,"1",NA,"0",NA,NA,NA,NA,NA,NA,"0","0","0",NA
"Prionops_plumatus","1","0","3","0",NA,NA,NA,"1",NA,"1","1",NA,"K",NA,NA,NA,"1","0","0","Kin"
"Prionops_poliolophus","1","0","2","0",NA,NA,NA,"1",NA,"1",NA,NA,NA,NA,NA,NA,"0","0","0",NA
"Prionops_retzii","1","0","3","0",NA,NA,NA,"1",NA,"1",NA,"1",NA,NA,"K","1","1","0","0","Kin"
"Prionops_rufiventris","1","0","1","0",NA,NA,NA,"1",NA,NA,NA,NA,NA,NA,NA,NA,"0","0","0",NA
"Prionops_scopifrons","1","0","2","0",NA,NA,NA,"1",NA,"1",NA,NA,NA,NA,NA,NA,"0","0","0",NA
"Priotelus_roseigaster","0","1","0","0",NA,NA,NA,"0",NA,NA,NA,NA,NA,NA,NA,NA,"0","0","0",NA
"Priotelus_temnurus","0","1","0","0",NA,NA,NA,"0",NA,NA,NA,NA,NA,NA,NA,NA,"0","0","0",NA
"Probosciger_aterrimus","0","3","0","0",NA,NA,NA,"0",NA,"0",NA,"0",NA,NA,NA,"1","0","0","0",NA
"Procellaria_aequinoctialis","0","1","0","0",NA,NA,NA,NA,NA,"0",NA,NA,NA,NA,NA,NA,"0","0","0",NA
"Procellaria_cinerea","0","1","0","0",NA,NA,NA,NA,NA,"0",NA,NA,NA,NA,NA,NA,"0","0","0",NA
"Procellaria_parkinsoni","0","1","0","0",NA,NA,NA,NA,NA,"0",NA,NA,NA,NA,NA,NA,"0","0","0",NA
"Procellaria_westlandica","0","1","0","0",NA,NA,NA,NA,NA,"0",NA,NA,NA,NA,NA,NA,"0","0","0",NA
"Procelsterna_cerulea","0","1","0","0",NA,NA,NA,NA,NA,"0",NA,NA,NA,NA,NA,NA,"0","0","0",NA
"Procnias_albus","0","2","0","0",NA,NA,NA,"0",NA,"0",NA,NA,NA,NA,NA,NA,"0","0","0",NA
"Procnias_averano","0","2","0","0",NA,NA,NA,"0",NA,"0",NA,NA,NA,NA,NA,NA,"0","0","0",NA
"Procnias_nudicollis","0","1","0","0",NA,NA,NA,"0",NA,NA,NA,NA,NA,NA,NA,NA,"0","0","0",NA
"Procnias_tricarunculatus","0","2","0","0",NA,NA,NA,"0",NA,"0",NA,NA,NA,NA,NA,NA,"0","0","0",NA
"Prodotiscus_insignis","0","2","0","0",NA,NA,NA,"0",NA,NA,NA,"0",NA,NA,NA,"0","0","0","0",NA
"Prodotiscus_regulus","0","2","0","0",NA,NA,NA,"0",NA,NA,NA,"0",NA,NA,NA,"0","0","0","0",NA
"Prodotiscus_zambesiae","0","2","0","0",NA,NA,NA,"0",NA,NA,NA,"0",NA,NA,NA,"0","0","0","0",NA
"Progne_chalybea","0","2","0","0",NA,NA,NA,"0",NA,"0",NA,NA,NA,NA,NA,NA,"0","0","0",NA
"Progne_cryptoleuca","0","1","0","0",NA,NA,NA,"0",NA,NA,NA,NA,NA,NA,NA,NA,"0","0","0",NA
"Progne_dominicensis","0","2","0","0",NA,NA,NA,"0",NA,"0",NA,NA,NA,NA,NA,NA,"0","0","0",NA
"Progne_elegans","0","1","0","0",NA,NA,NA,"0",NA,NA,NA,NA,NA,NA,NA,NA,"0","0","0",NA
"Progne_modesta","0","1","0","0",NA,NA,NA,"0",NA,NA,NA,NA,NA,NA,NA,NA,"0","0","0",NA
"Progne_murphyi","0","1","0","0",NA,NA,NA,"0",NA,NA,NA,NA,NA,NA,NA,NA,"0","0","0",NA
"Progne_sinaloae","0","1","0","0",NA,NA,NA,"0",NA,NA,NA,NA,NA,NA,NA,NA,"0","0","0",NA
"Progne_subis","0","5","0","0",NA,"0","0","0",NA,"0",NA,"0",NA,NA,NA,"0","0","0","0",NA
"Progne_tapera","0","1","0","0",NA,NA,NA,"0",NA,NA,NA,NA,NA,NA,NA,NA,"0","0","0",NA
"Promerops_cafer","0","4","0","0",NA,NA,"0","0",NA,"0",NA,"0",NA,NA,NA,"0","0","0","0",NA
"Promerops_gurneyi","0","3","0","0",NA,NA,NA,"0",NA,"0",NA,"0",NA,NA,NA,"1","0","0","0",NA
"Prosobonia_cancellata",NA,"0","0","0",NA,NA,NA,NA,NA,NA,NA,NA,NA,NA,NA,NA,"0","0","0",NA
"Prosopeia_personata","0","1","0","0",NA,NA,NA,"0",NA,NA,NA,NA,NA,NA,NA,NA,"0","0","0",NA
"Prosopeia_splendens","0","1","0","0",NA,NA,NA,"0",NA,NA,NA,NA,NA,NA,NA,NA,"0","0","0",NA
"Prosopeia_tabuensis","0","2","0","0",NA,NA,NA,"0",NA,"0",NA,NA,NA,NA,NA,NA,"0","0","0",NA
"Prosthemadera_novaeseelandiae","0","4","0","0",NA,"0",NA,"0",NA,"0",NA,"0",NA,NA,NA,"1","0","0","0",NA
"Protonotaria_citrea","0","3","0","0",NA,NA,NA,"0",NA,"0",NA,"0",NA,NA,NA,"0","0","0","0",NA
"Prunella_atrogularis","1","0","1","0",NA,NA,NA,"1",NA,NA,NA,NA,NA,NA,NA,NA,"0","0","0",NA
"Prunella_collaris","1","1","5","1",NA,"0","1","1",NA,"1","1","1","NK","NK","NK","1","0","3","0","NonKin"
"Prunella_fagani","1","0","1","0",NA,NA,NA,"1",NA,NA,NA,NA,NA,NA,NA,NA,"0","0","0",NA
"Prunella_fulvescens","1","0","3","0",NA,NA,NA,"1",NA,"1","1",NA,"NK",NA,NA,NA,"0","1","0","NonKin"
"Prunella_himalayana","1","1","1","1",NA,NA,NA,"1",NA,"0",NA,NA,NA,NA,NA,NA,"0","0","0",NA
"Prunella_immaculata","1","0","1","0",NA,NA,NA,"1",NA,NA,NA,NA,NA,NA,NA,NA,"0","0","0",NA
"Prunella_koslowi","1","0","1","0",NA,NA,NA,"1",NA,NA,NA,NA,NA,NA,NA,NA,"0","0","0",NA
"Prunella_modularis","1","1","5","1",NA,"0","1","1",NA,"1","1","1","NK","NK","NK","0","0","3","0","NonKin"
"Prunella_montanella","1","0","1","0",NA,NA,NA,"1",NA,NA,NA,NA,NA,NA,NA,NA,"0","0","0",NA
"Prunella_ocularis","1","0","1","0",NA,NA,NA,"1",NA,NA,NA,NA,NA,NA,NA,NA,"0","0","0",NA
"Prunella_rubeculoides","1","0","1","0",NA,NA,NA,"1",NA,NA,NA,NA,NA,NA,NA,NA,"0","0","0",NA
"Prunella_rubida","1","0","3","0",NA,NA,NA,"1",NA,"1","1",NA,"NK",NA,NA,NA,"0","1","0","NonKin"
"Prunella_strophiata","1","0","1","0",NA,NA,NA,"1",NA,NA,NA,NA,NA,NA,NA,NA,"0","0","0",NA
"Psalidoprocne_albiceps","0","2","0","0",NA,NA,NA,"0",NA,"0",NA,NA,NA,NA,NA,NA,"0","0","0",NA
"Psalidoprocne_fuliginosa","0","2","0","0",NA,NA,NA,"0",NA,"0",NA,NA,NA,NA,NA,NA,"0","0","0",NA
"Psalidoprocne_nitens","0","3","0","0",NA,NA,NA,"0",NA,"0",NA,"0",NA,NA,NA,"0","0","0","0",NA
"Psalidoprocne_obscura","0","2","0","0",NA,NA,NA,"0",NA,"0",NA,NA,NA,NA,NA,NA,"0","0","0",NA
"Psalidoprocne_pristoptera","0","2","0","0",NA,NA,NA,"0",NA,"0",NA,NA,NA,NA,NA,NA,"0","0","0",NA
"Psaltria_exilis","0","1","0","0",NA,NA,NA,"0",NA,NA,NA,NA,NA,NA,NA,NA,"0","0","0",NA
"Psaltriparus_minimus","1","0","6","0",NA,"1","1","1",NA,"1","1","1","M","NK","K","1","1","1","1",NA
"Psarisomus_dalhousiae","1","1","1","1",NA,NA,NA,"1",NA,"0",NA,NA,NA,NA,NA,NA,"0","0","0",NA
"Psarocolius_angustifrons","0","2","0","0",NA,NA,NA,"0",NA,"0",NA,NA,NA,NA,NA,NA,"0","0","0",NA
"Psarocolius_atrovirens","0","1","0","0",NA,NA,NA,"0",NA,NA,NA,NA,NA,NA,NA,NA,"0","0","0",NA
"Psarocolius_bifasciatus","0","1","0","0",NA,NA,NA,"0",NA,NA,NA,NA,NA,NA,NA,NA,"0","0","0",NA
"Psarocolius_cassini","0","1","0","0",NA,NA,NA,"0",NA,NA,NA,NA,NA,NA,NA,NA,"0","0","0",NA
"Psarocolius_decumanus","0","1","0","0",NA,NA,NA,"0",NA,NA,NA,NA,NA,NA,NA,NA,"0","0","0",NA
"Psarocolius_guatimozinus","0","1","0","0",NA,NA,NA,"0",NA,NA,NA,NA,NA,NA,NA,NA,"0","0","0",NA
"Psarocolius_montezuma","0","2","0","0",NA,NA,NA,"0",NA,"0",NA,NA,NA,NA,NA,NA,"0","0","0",NA
"Psarocolius_viridis","0","2","0","0",NA,NA,NA,"0",NA,"0",NA,NA,NA,NA,NA,NA,"0","0","0",NA
"Psarocolius_wagleri","0","2","0","0",NA,NA,NA,"0",NA,"0",NA,NA,NA,NA,NA,NA,"0","0","0",NA
"Pselliophorus_luteoviridis","0","1","0","0",NA,NA,NA,"0",NA,NA,NA,NA,NA,NA,NA,NA,"0","0","0",NA
"Pselliophorus_tibialis","0","1","0","0",NA,NA,NA,"0",NA,NA,NA,NA,NA,NA,NA,NA,"0","0","0",NA
"Psephotus_chrysopterygius","0","3","0","0",NA,NA,NA,"0",NA,"0",NA,"0",NA,NA,NA,"1","0","0","0",NA
"Psephotus_dissimilis","0","3","0","0",NA,NA,NA,"0",NA,"0",NA,"0",NA,NA,NA,"1","0","0","0",NA
"Psephotus_haematonotus","0","2","0","0",NA,NA,NA,"0",NA,"0",NA,NA,NA,NA,NA,NA,"0","0","0",NA
"Psephotus_varius","0","3","0","0",NA,NA,NA,"0",NA,"0",NA,"0",NA,NA,NA,"1","0","0","0",NA
"Pseudalaemon_fremantlii","0","1","0","0",NA,NA,NA,"0",NA,NA,NA,NA,NA,NA,NA,NA,"0","0","0",NA
"Pseudelaenia_leucospodia","0","2","0","0",NA,NA,NA,"0",NA,"0",NA,NA,NA,NA,NA,NA,"0","0","0",NA
"Pseudeos_fuscata","0","2","0","0",NA,NA,NA,"0",NA,"0",NA,NA,NA,NA,NA,NA,"0","0","0",NA
"Pseudhirundo_griseopyga","0","2","0","0",NA,NA,NA,"0",NA,"0",NA,NA,NA,NA,NA,NA,"0","0","0",NA
"Pseudibis_davisoni","0","2","0","0",NA,NA,NA,"0",NA,"0",NA,NA,NA,NA,NA,NA,"0","0","0",NA
"Pseudibis_papillosa","0","2","0","0",NA,NA,NA,"0",NA,"0",NA,NA,NA,NA,NA,NA,"0","0","0",NA
"Pseudoalcippe_abyssinica","0","1","0","0",NA,NA,NA,"0",NA,NA,NA,NA,NA,NA,NA,NA,"0","0","0",NA
"Pseudobias_wardi","0","1","0","0",NA,NA,NA,"0",NA,NA,NA,NA,NA,NA,NA,NA,"0","0","0",NA
"Pseudobulweria_aterrima",NA,"0","0","0",NA,NA,NA,NA,NA,NA,NA,NA,NA,NA,NA,NA,"0","0","0",NA
"Pseudobulweria_macgillivrayi",NA,"0","0","0",NA,NA,NA,NA,NA,NA,NA,NA,NA,NA,NA,NA,"0","0","0",NA
"Pseudobulweria_rostrata","0","1","0","0",NA,NA,NA,NA,NA,"0",NA,NA,NA,NA,NA,NA,"0","0","0",NA
"Pseudocalyptomena_graueri","0","1","0","0",NA,NA,NA,"0",NA,NA,NA,NA,NA,NA,NA,NA,"0","0","0",NA
"Pseudochelidon_eurystomina","0","2","0","0",NA,NA,NA,"0",NA,"0",NA,NA,NA,NA,NA,NA,"0","0","0",NA
"Pseudocolaptes_boissonneautii","0","1","0","0",NA,NA,NA,"0",NA,NA,NA,NA,NA,NA,NA,NA,"0","0","0",NA
"Pseudocolaptes_johnsoni","0","1","0","0",NA,NA,NA,"0",NA,NA,NA,NA,NA,NA,NA,NA,"0","0","0",NA
"Pseudocolaptes_lawrencii","0","2","0","0",NA,NA,NA,"0",NA,"0",NA,NA,NA,NA,NA,NA,"0","0","0",NA
"Pseudocolopteryx_acutipennis","0","3","0","0",NA,NA,NA,"0",NA,"0",NA,"0",NA,NA,NA,"1","0","0","0",NA
"Pseudocolopteryx_dinelliana","0","1","0","0",NA,NA,NA,"0",NA,NA,NA,NA,NA,NA,NA,NA,"0","0","0",NA
"Pseudocolopteryx_flaviventris","0","3","0","0",NA,NA,NA,"0",NA,"0",NA,"0",NA,NA,NA,"1","0","0","0",NA
"Pseudocolopteryx_sclateri","0","3","0","0",NA,NA,NA,"0",NA,"0",NA,"0",NA,NA,NA,"1","0","0","0",NA
"Pseudoleistes_guirahuro","1","0","4","0",NA,NA,NA,"1",NA,"1","1","1","K",NA,"K","1","2","0","0","Kin"
"Pseudoleistes_virescens","1","0","4","0",NA,NA,NA,"1",NA,"1","1","1","K",NA,"K","1","2","0","0","Kin"
"Pseudonestor_xanthophrys","0","2","0","0",NA,NA,NA,"0",NA,"0",NA,NA,NA,NA,NA,NA,"0","0","0",NA
"Pseudonigrita_arnaudi","1","0","4","0",NA,NA,NA,"1",NA,"1","1","1","K",NA,"K","1","2","0","0","Kin"
"Pseudonigrita_cabanisi","1","0","1","0",NA,NA,NA,"1",NA,NA,NA,NA,NA,NA,NA,NA,"0","0","0",NA
"Pseudopodoces_humilis","1","2","3","1",NA,"1",NA,"0",NA,"0","1","1","M",NA,"K","1","1","0","1","Kin"
"Pseudoscops_clamator","0","1","0","0",NA,NA,NA,NA,NA,NA,NA,"0",NA,NA,NA,"1","0","0","0",NA
"Pseudoscops_grammicus","0","2","0","0",NA,NA,NA,"0",NA,"0",NA,NA,NA,NA,NA,NA,"0","0","0",NA
"Pseudoseisura_cristata","1","0","2","0",NA,NA,NA,"1",NA,"1",NA,NA,NA,NA,NA,NA,"0","0","0",NA
"Pseudoseisura_gutturalis","1","1","2","1",NA,NA,NA,"1",NA,"0",NA,"1",NA,NA,"K","1","1","0","0","Kin"
"Pseudoseisura_lophotes","1","1","2","1",NA,NA,NA,"0",NA,NA,"1","1","K",NA,"K","1","2","0","0","Kin"
"Pseudoseisura_unirufa","0","2","0","0",NA,NA,NA,"0",NA,NA,NA,"0",NA,NA,NA,"0","0","0","0",NA
"Pseudotriccus_pelzelni","0","1","0","0",NA,NA,NA,"0",NA,NA,NA,NA,NA,NA,NA,NA,"0","0","0",NA
"Pseudotriccus_ruficeps","0","1","0","0",NA,NA,NA,"0",NA,NA,NA,NA,NA,NA,NA,NA,"0","0","0",NA
"Pseudotriccus_simplex","0","1","0","0",NA,NA,NA,"0",NA,NA,NA,NA,NA,NA,NA,NA,"0","0","0",NA
"Psilopogon_pyrolophus","0","2","0","0",NA,NA,NA,"0",NA,NA,NA,"0",NA,NA,NA,"1","0","0","0",NA
"Psilopsiagon_aurifrons","0","2","0","0",NA,NA,NA,"0",NA,"0",NA,NA,NA,NA,NA,NA,"0","0","0",NA
"Psilopsiagon_aymara","0","2","0","0",NA,NA,NA,"0",NA,"0",NA,NA,NA,NA,NA,NA,"0","0","0",NA
"Psilorhamphus_guttatus","0","1","0","0",NA,NA,NA,"0",NA,NA,NA,NA,NA,NA,NA,NA,"0","0","0",NA
"Psilorhinus_morio","1","0","1","0",NA,NA,NA,NA,NA,NA,"1",NA,"M",NA,NA,NA,"0","0","1","Mixed"
"Psittacella_brehmii","0","1","0","0",NA,NA,NA,"0",NA,NA,NA,NA,NA,NA,NA,NA,"0","0","0",NA
"Psittacella_madaraszi","0","1","0","0",NA,NA,NA,"0",NA,NA,NA,NA,NA,NA,NA,NA,"0","0","0",NA
"Psittacella_modesta","0","1","0","0",NA,NA,NA,"0",NA,NA,NA,NA,NA,NA,NA,NA,"0","0","0",NA
"Psittacella_picta","0","1","0","0",NA,NA,NA,"0",NA,NA,NA,NA,NA,NA,NA,NA,"0","0","0",NA
"Psittacula_alexandri","0","2","0","0",NA,NA,NA,"0",NA,"0",NA,NA,NA,NA,NA,NA,"0","0","0",NA
"Psittacula_calthropae","0","1","0","0",NA,NA,NA,"0",NA,NA,NA,NA,NA,NA,NA,NA,"0","0","0",NA
"Psittacula_caniceps","0","1","0","0",NA,NA,NA,"0",NA,NA,NA,NA,NA,NA,NA,NA,"0","0","0",NA
"Psittacula_columboides","0","3","0","0",NA,NA,NA,"0",NA,"0",NA,"0",NA,NA,NA,"1","0","0","0",NA
"Psittacula_cyanocephala","0","2","0","0",NA,NA,NA,"0",NA,"0",NA,NA,NA,NA,NA,NA,"0","0","0",NA
"Psittacula_derbiana","0","1","0","0",NA,NA,NA,"0",NA,NA,NA,NA,NA,NA,NA,NA,"0","0","0",NA
"Psittacula_eques","0","2","0","0",NA,NA,NA,"0",NA,"0",NA,NA,NA,NA,NA,NA,"0","0","0",NA
"Psittacula_eupatria","0","1","0","0",NA,NA,NA,"0",NA,NA,NA,NA,NA,NA,NA,NA,"0","0","0",NA
"Psittacula_finschii","0","1","0","0",NA,NA,NA,"0",NA,NA,NA,NA,NA,NA,NA,NA,"0","0","0",NA
"Psittacula_himalayana","0","1","0","0",NA,NA,NA,"0",NA,NA,NA,NA,NA,NA,NA,NA,"0","0","0",NA
"Psittacula_krameri","0","3","0","0",NA,NA,NA,"0",NA,"0",NA,"0",NA,NA,NA,"0","0","0","0",NA
"Psittacula_longicauda","0","3","0","0",NA,NA,NA,"0",NA,"0",NA,"0",NA,NA,NA,"0","0","0","0",NA
"Psittacula_roseata","0","1","0","0",NA,NA,NA,"0",NA,NA,NA,NA,NA,NA,NA,NA,"0","0","0",NA
"Psittaculirostris_desmarestii","0","2","0","0",NA,NA,NA,"0",NA,"0",NA,NA,NA,NA,NA,NA,"0","0","0",NA
"Psittaculirostris_edwardsii","0","1","0","0",NA,NA,NA,"0",NA,NA,NA,NA,NA,NA,NA,NA,"0","0","0",NA
"Psittaculirostris_salvadorii","0","1","0","0",NA,NA,NA,"0",NA,NA,NA,NA,NA,NA,NA,NA,"0","0","0",NA
"Psittacus_erithacus","0","2","0","0",NA,NA,NA,"0",NA,"0",NA,NA,NA,NA,NA,NA,"0","0","0",NA
"Psitteuteles_goldiei","0","1","0","0",NA,NA,NA,"0",NA,NA,NA,NA,NA,NA,NA,NA,"0","0","0",NA
"Psitteuteles_iris","0","1","0","0",NA,NA,NA,"0",NA,NA,NA,NA,NA,NA,NA,NA,"0","0","0",NA
"Psitteuteles_versicolor","0","2","0","0",NA,NA,NA,"0",NA,"0",NA,NA,NA,NA,NA,NA,"0","0","0",NA
"Psittinus_cyanurus","0","2","0","0",NA,NA,NA,"0",NA,"0",NA,NA,NA,NA,NA,NA,"0","0","0",NA
"Psittirostra_psittacea","0","1","0","0",NA,NA,NA,"0",NA,NA,NA,NA,NA,NA,NA,NA,"0","0","0",NA
"Psittrichas_fulgidus","0","1","0","0",NA,NA,NA,"0",NA,NA,NA,NA,NA,NA,NA,NA,"0","0","0",NA
"Psophia_crepitans","1","0","3","0",NA,NA,NA,"1",NA,"1","1",NA,"M",NA,NA,NA,"0","0","1","Mixed"
"Psophia_leucoptera","1","0","4","0",NA,NA,NA,"1",NA,"1","1","1","M",NA,"K","1","1","0","1","Kin"
"Psophia_viridis","1","1","1","1",NA,NA,NA,"1",NA,"0",NA,NA,NA,NA,NA,NA,"0","0","0",NA
"Psophocichla_litsitsirupa","1","0","3","0",NA,NA,NA,"1",NA,"1",NA,"1",NA,NA,"K","1","1","0","0","Kin"
"Psophodes_cristatus","0","2","0","0",NA,NA,NA,"0",NA,"0",NA,NA,NA,NA,NA,NA,"0","0","0",NA
"Psophodes_nigrogularis","0","2","0","0",NA,NA,NA,"0",NA,"0",NA,NA,NA,NA,NA,NA,"0","0","0",NA
"Psophodes_occidentalis","0","2","0","0",NA,NA,NA,"0",NA,"0",NA,NA,NA,NA,NA,NA,"0","0","0",NA
"Psophodes_olivaceus","0","3","0","0",NA,NA,NA,"0",NA,"0",NA,"0",NA,NA,NA,"1","0","0","0",NA
"Pteridophora_alberti","0","2","0","0",NA,NA,NA,"0",NA,"0",NA,NA,NA,NA,NA,NA,"0","0","0",NA
"Pterocles_alchata","0","2","0","0",NA,NA,NA,"0",NA,"0",NA,NA,NA,NA,NA,NA,"0","0","0",NA
"Pterocles_bicinctus","0","2","0","0",NA,NA,NA,"0",NA,"0",NA,NA,NA,NA,NA,NA,"0","0","0",NA
"Pterocles_burchelli","0","2","0","0",NA,NA,NA,"0",NA,"0",NA,NA,NA,NA,NA,NA,"0","0","0",NA
"Pterocles_coronatus","0","2","0","0",NA,NA,NA,"0",NA,"0",NA,NA,NA,NA,NA,NA,"0","0","0",NA
"Pterocles_decoratus","0","1","0","0",NA,NA,NA,"0",NA,NA,NA,NA,NA,NA,NA,NA,"0","0","0",NA
"Pterocles_exustus","0","2","0","0",NA,NA,NA,"0",NA,"0",NA,NA,NA,NA,NA,NA,"0","0","0",NA
"Pterocles_gutturalis","0","2","0","0",NA,NA,NA,"0",NA,"0",NA,NA,NA,NA,NA,NA,"0","0","0",NA
"Pterocles_indicus","0","2","0","0",NA,NA,NA,"0",NA,"0",NA,NA,NA,NA,NA,NA,"0","0","0",NA
"Pterocles_lichtensteinii","0","2","0","0",NA,NA,NA,"0",NA,"0",NA,NA,NA,NA,NA,NA,"0","0","0",NA
"Pterocles_namaqua","0","2","0","0",NA,NA,NA,"0",NA,"0",NA,NA,NA,NA,NA,NA,"0","0","0",NA
"Pterocles_orientalis","0","2","0","0",NA,NA,NA,"0",NA,"0",NA,NA,NA,NA,NA,NA,"0","0","0",NA
"Pterocles_personatus","0","2","0","0",NA,NA,NA,"0",NA,"0",NA,NA,NA,NA,NA,NA,"0","0","0",NA
"Pterocles_quadricinctus","0","1","0","0",NA,NA,NA,"0",NA,NA,NA,NA,NA,NA,NA,NA,"0","0","0",NA
"Pterocles_senegallus","0","3","0","0",NA,NA,NA,"0",NA,"0",NA,"0",NA,NA,NA,"0","0","0","0",NA
"Pterodroma_alba","0","1","0","0",NA,NA,NA,NA,NA,"0",NA,NA,NA,NA,NA,NA,"0","0","0",NA
"Pterodroma_arminjoniana","0","1","0","0",NA,NA,NA,NA,NA,"0",NA,NA,NA,NA,NA,NA,"0","0","0",NA
"Pterodroma_axillaris","0","1","0","0",NA,NA,NA,NA,NA,"0",NA,NA,NA,NA,NA,NA,"0","0","0",NA
"Pterodroma_baraui","0","1","0","0",NA,NA,NA,NA,NA,"0",NA,NA,NA,NA,NA,NA,"0","0","0",NA
"Pterodroma_brevipes",NA,"0","0","0",NA,NA,NA,NA,NA,NA,NA,NA,NA,NA,NA,NA,"0","0","0",NA
"Pterodroma_cahow","0","1","0","0",NA,NA,NA,NA,NA,"0",NA,NA,NA,NA,NA,NA,"0","0","0",NA
"Pterodroma_cervicalis","0","1","0","0",NA,NA,NA,NA,NA,"0",NA,NA,NA,NA,NA,NA,"0","0","0",NA
"Pterodroma_cookii","0","1","0","0",NA,NA,NA,NA,NA,"0",NA,NA,NA,NA,NA,NA,"0","0","0",NA
"Pterodroma_defilippiana","0","1","0","0",NA,NA,NA,NA,NA,"0",NA,NA,NA,NA,NA,NA,"0","0","0",NA
"Pterodroma_externa","0","1","0","0",NA,NA,NA,NA,NA,"0",NA,NA,NA,NA,NA,NA,"0","0","0",NA
"Pterodroma_feae","0","1","0","0",NA,NA,NA,NA,NA,"0",NA,NA,NA,NA,NA,NA,"0","0","0",NA
"Pterodroma_hasitata","0","1","0","0",NA,NA,NA,NA,NA,"0",NA,NA,NA,NA,NA,NA,"0","0","0",NA
"Pterodroma_hypoleuca","0","1","0","0",NA,NA,NA,NA,NA,"0",NA,NA,NA,NA,NA,NA,"0","0","0",NA
"Pterodroma_incerta","0","1","0","0",NA,NA,NA,NA,NA,"0",NA,NA,NA,NA,NA,NA,"0","0","0",NA
"Pterodroma_inexpectata","0","1","0","0",NA,NA,NA,NA,NA,"0",NA,NA,NA,NA,NA,NA,"0","0","0",NA
"Pterodroma_lessonii","0","1","0","0",NA,NA,NA,NA,NA,"0",NA,NA,NA,NA,NA,NA,"0","0","0",NA
"Pterodroma_leucoptera","0","1","0","0",NA,NA,NA,NA,NA,"0",NA,NA,NA,NA,NA,NA,"0","0","0",NA
"Pterodroma_longirostris","0","1","0","0",NA,NA,NA,NA,NA,"0",NA,NA,NA,NA,NA,NA,"0","0","0",NA
"Pterodroma_macroptera","0","1","0","0",NA,NA,NA,NA,NA,"0",NA,NA,NA,NA,NA,NA,"0","0","0",NA
"Pterodroma_madeira","0","1","0","0",NA,NA,NA,NA,NA,"0",NA,NA,NA,NA,NA,NA,"0","0","0",NA
"Pterodroma_magentae","0","1","0","0",NA,NA,NA,NA,NA,"0",NA,NA,NA,NA,NA,NA,"0","0","0",NA
"Pterodroma_mollis","0","1","0","0",NA,NA,NA,NA,NA,"0",NA,NA,NA,NA,NA,NA,"0","0","0",NA
"Pterodroma_neglecta","0","1","0","0",NA,NA,NA,NA,NA,"0",NA,NA,NA,NA,NA,NA,"0","0","0",NA
"Pterodroma_nigripennis","0","1","0","0",NA,NA,NA,NA,NA,"0",NA,NA,NA,NA,NA,NA,"0","0","0",NA
"Pterodroma_phaeopygia","0","1","0","0",NA,NA,NA,NA,NA,"0",NA,NA,NA,NA,NA,NA,"0","0","0",NA
"Pterodroma_pycrofti","0","1","0","0",NA,NA,NA,NA,NA,"0",NA,NA,NA,NA,NA,NA,"0","0","0",NA
"Pterodroma_sandwichensis",NA,"0","0","0",NA,NA,NA,NA,NA,NA,NA,NA,NA,NA,NA,NA,"0","0","0",NA
"Pterodroma_solandri","0","1","0","0",NA,NA,NA,NA,NA,"0",NA,NA,NA,NA,NA,NA,"0","0","0",NA
"Pterodroma_ultima","0","1","0","0",NA,NA,NA,NA,NA,"0",NA,NA,NA,NA,NA,NA,"0","0","0",NA
"Pteroglossus_aracari","0","2","0","0",NA,NA,NA,"0",NA,NA,NA,"0",NA,NA,NA,"1","0","0","0",NA
"Pteroglossus_azara","1","0","1","0",NA,NA,NA,"1",NA,NA,NA,NA,NA,NA,NA,NA,"0","0","0",NA
"Pteroglossus_beauharnaesii","1","0","1","0",NA,NA,NA,"1",NA,NA,NA,NA,NA,NA,NA,NA,"0","0","0",NA
"Pteroglossus_bitorquatus","1","0","1","0",NA,NA,NA,"1",NA,NA,NA,NA,NA,NA,NA,NA,"0","0","0",NA
"Pteroglossus_castanotis","0","1","0","0",NA,NA,NA,"0",NA,NA,NA,NA,NA,NA,NA,NA,"0","0","0",NA
"Pteroglossus_frantzii","1","0","3","0",NA,NA,NA,"1",NA,"1",NA,"1",NA,NA,"K","1","1","0","0","Kin"
"Pteroglossus_inscriptus","1","1","1","1",NA,NA,NA,"1",NA,NA,NA,"0",NA,NA,NA,"1","0","0","0",NA
"Pteroglossus_pluricinctus","1","0","1","0",NA,NA,NA,"1",NA,NA,NA,NA,NA,NA,NA,NA,"0","0","0",NA
"Pteroglossus_torquatus","1","0","3","0",NA,NA,NA,"1",NA,"1",NA,"1",NA,NA,"K","1","1","0","0","Kin"
"Pteroglossus_viridis","1","1","1","1",NA,NA,NA,"1",NA,NA,NA,"0",NA,NA,NA,"1","0","0","0",NA
"Pteronetta_hartlaubii","0","2","0","0",NA,NA,NA,"0",NA,"0",NA,NA,NA,NA,NA,NA,"0","0","0",NA
"Pterophanes_cyanopterus","0","3","0","0",NA,NA,NA,"0",NA,"0",NA,"0",NA,NA,NA,"0","0","0","0",NA
"Pteropodocys_maxima","1","0","1","0",NA,NA,NA,NA,NA,NA,"1",NA,"K",NA,NA,NA,"1","0","0","Kin"
"Pteroptochos_castaneus","0","1","0","0",NA,NA,NA,"0",NA,NA,NA,NA,NA,NA,NA,NA,"0","0","0",NA
"Pteroptochos_megapodius","0","1","0","0",NA,NA,NA,"0",NA,NA,NA,NA,NA,NA,NA,NA,"0","0","0",NA
"Pteroptochos_tarnii","0","2","0","0",NA,NA,NA,"0",NA,"0",NA,NA,NA,NA,NA,NA,"0","0","0",NA
"Pteruthius_aenobarbus","0","1","0","0",NA,NA,NA,"0",NA,NA,NA,NA,NA,NA,NA,NA,"0","0","0",NA
"Pteruthius_flaviscapis","0","2","0","0",NA,NA,NA,"0",NA,"0",NA,NA,NA,NA,NA,NA,"0","0","0",NA
"Pteruthius_melanotis","0","2","0","0",NA,NA,NA,"0",NA,"0",NA,NA,NA,NA,NA,NA,"0","0","0",NA
"Pteruthius_rufiventer","0","1","0","0",NA,NA,NA,"0",NA,NA,NA,NA,NA,NA,NA,NA,"0","0","0",NA
"Pteruthius_xanthochlorus","0","1","0","0",NA,NA,NA,"0",NA,NA,NA,NA,NA,NA,NA,NA,"0","0","0",NA
"Ptilinopus_arcanus","0","1","0","0",NA,NA,NA,"0",NA,NA,NA,NA,NA,NA,NA,NA,"0","0","0",NA
"Ptilinopus_aurantiifrons","0","3","0","0",NA,NA,NA,"0",NA,"0",NA,"0",NA,NA,NA,"0","0","0","0",NA
"Ptilinopus_bernsteinii","0","2","0","0",NA,NA,NA,"0",NA,"0",NA,NA,NA,NA,NA,NA,"0","0","0",NA
"Ptilinopus_chalcurus",NA,"0","0","0",NA,NA,NA,NA,NA,NA,NA,NA,NA,NA,NA,NA,"0","0","0",NA
"Ptilinopus_cinctus","0","1","0","0",NA,NA,NA,"0",NA,NA,NA,NA,NA,NA,NA,NA,"0","0","0",NA
"Ptilinopus_coralensis",NA,"0","0","0",NA,NA,NA,NA,NA,NA,NA,NA,NA,NA,NA,NA,"0","0","0",NA
"Ptilinopus_coronulatus","0","2","0","0",NA,NA,NA,"0",NA,"0",NA,NA,NA,NA,NA,NA,"0","0","0",NA
"Ptilinopus_dohertyi","0","1","0","0",NA,NA,NA,"0",NA,NA,NA,NA,NA,NA,NA,NA,"0","0","0",NA
"Ptilinopus_dupetithouarsii",NA,"0","0","0",NA,NA,NA,NA,NA,NA,NA,NA,NA,NA,NA,NA,"0","0","0",NA
"Ptilinopus_eugeniae","0","1","0","0",NA,NA,NA,"0",NA,NA,NA,NA,NA,NA,NA,NA,"0","0","0",NA
"Ptilinopus_fischeri","0","1","0","0",NA,NA,NA,"0",NA,NA,NA,NA,NA,NA,NA,NA,"0","0","0",NA
"Ptilinopus_granulifrons","0","1","0","0",NA,NA,NA,"0",NA,NA,NA,NA,NA,NA,NA,NA,"0","0","0",NA
"Ptilinopus_greyii","0","2","0","0",NA,NA,NA,"0",NA,"0",NA,NA,NA,NA,NA,NA,"0","0","0",NA
"Ptilinopus_huttoni",NA,"0","0","0",NA,NA,NA,NA,NA,NA,NA,NA,NA,NA,NA,NA,"0","0","0",NA
"Ptilinopus_hyogastrus","0","1","0","0",NA,NA,NA,"0",NA,NA,NA,NA,NA,NA,NA,NA,"0","0","0",NA
"Ptilinopus_insolitus","0","2","0","0",NA,NA,NA,"0",NA,"0",NA,NA,NA,NA,NA,NA,"0","0","0",NA
"Ptilinopus_insularis",NA,"0","0","0",NA,NA,NA,NA,NA,NA,NA,NA,NA,NA,NA,NA,"0","0","0",NA
"Ptilinopus_iozonus","0","2","0","0",NA,NA,NA,"0",NA,NA,NA,"0",NA,NA,NA,"0","0","0","0",NA
"Ptilinopus_jambu","0","3","0","0",NA,NA,NA,"0",NA,"0",NA,"0",NA,NA,NA,"0","0","0","0",NA
"Ptilinopus_layardi","0","1","0","0",NA,NA,NA,NA,NA,"0",NA,NA,NA,NA,NA,NA,"0","0","0",NA
"Ptilinopus_leclancheri","0","1","0","0",NA,NA,NA,"0",NA,NA,NA,NA,NA,NA,NA,NA,"0","0","0",NA
"Ptilinopus_luteovirens","0","1","0","0",NA,NA,NA,"0",NA,NA,NA,NA,NA,NA,NA,NA,"0","0","0",NA
"Ptilinopus_magnificus","0","3","0","0",NA,NA,NA,"0",NA,"0",NA,"0",NA,NA,NA,"1","0","0","0",NA
"Ptilinopus_marchei","0","1","0","0",NA,NA,NA,"0",NA,NA,NA,NA,NA,NA,NA,NA,"0","0","0",NA
"Ptilinopus_melanospilus","0","2","0","0",NA,NA,NA,"0",NA,"0",NA,NA,NA,NA,NA,NA,"0","0","0",NA
"Ptilinopus_merrilli","0","1","0","0",NA,NA,NA,"0",NA,NA,NA,NA,NA,NA,NA,NA,"0","0","0",NA
"Ptilinopus_monacha","0","1","0","0",NA,NA,NA,"0",NA,NA,NA,NA,NA,NA,NA,NA,"0","0","0",NA
"Ptilinopus_naina","0","2","0","0",NA,NA,NA,"0",NA,"0",NA,NA,NA,NA,NA,NA,"0","0","0",NA
"Ptilinopus_occipitalis","0","1","0","0",NA,NA,NA,"0",NA,NA,NA,NA,NA,NA,NA,NA,"0","0","0",NA
"Ptilinopus_ornatus","0","2","0","0",NA,NA,NA,"0",NA,NA,NA,"0",NA,NA,NA,"0","0","0","0",NA
"Ptilinopus_pelewensis","0","2","0","0",NA,NA,NA,"0",NA,"0",NA,NA,NA,NA,NA,NA,"0","0","0",NA
"Ptilinopus_perlatus","0","1","0","0",NA,NA,NA,"0",NA,NA,NA,NA,NA,NA,NA,NA,"0","0","0",NA
"Ptilinopus_perousii","0","2","0","0",NA,NA,NA,"0",NA,"0",NA,NA,NA,NA,NA,NA,"0","0","0",NA
"Ptilinopus_porphyraceus","0","1","0","0",NA,NA,NA,"0",NA,NA,NA,NA,NA,NA,NA,NA,"0","0","0",NA
"Ptilinopus_porphyreus","0","2","0","0",NA,NA,NA,"0",NA,"0",NA,NA,NA,NA,NA,NA,"0","0","0",NA
"Ptilinopus_pulchellus","0","1","0","0",NA,NA,NA,"0",NA,NA,NA,NA,NA,NA,NA,NA,"0","0","0",NA
"Ptilinopus_purpuratus","0","1","0","0",NA,NA,NA,NA,NA,"0",NA,NA,NA,NA,NA,NA,"0","0","0",NA
"Ptilinopus_rarotongensis",NA,"0","0","0",NA,NA,NA,NA,NA,NA,NA,NA,NA,NA,NA,NA,"0","0","0",NA
"Ptilinopus_regina","0","3","0","0",NA,NA,NA,"0",NA,"0",NA,"0",NA,NA,NA,"0","0","0","0",NA
"Ptilinopus_richardsii","0","1","0","0",NA,NA,NA,"0",NA,NA,NA,NA,NA,NA,NA,NA,"0","0","0",NA
"Ptilinopus_rivoli","0","2","0","0",NA,NA,NA,"0",NA,"0",NA,NA,NA,NA,NA,NA,"0","0","0",NA
"Ptilinopus_roseicapilla","0","1","0","0",NA,NA,NA,"0",NA,NA,NA,NA,NA,NA,NA,NA,"0","0","0",NA
"Ptilinopus_solomonensis","0","2","0","0",NA,NA,NA,"0",NA,"0",NA,NA,NA,NA,NA,NA,"0","0","0",NA
"Ptilinopus_subgularis","0","1","0","0",NA,NA,NA,"0",NA,NA,NA,NA,NA,NA,NA,NA,"0","0","0",NA
"Ptilinopus_superbus","0","2","0","0",NA,NA,NA,"0",NA,"0",NA,NA,NA,NA,NA,NA,"0","0","0",NA
"Ptilinopus_tannensis","0","2","0","0",NA,NA,NA,"0",NA,"0",NA,NA,NA,NA,NA,NA,"0","0","0",NA
"Ptilinopus_victor","0","2","0","0",NA,NA,NA,"0",NA,"0",NA,NA,NA,NA,NA,NA,"0","0","0",NA
"Ptilinopus_viridis","0","1","0","0",NA,NA,NA,"0",NA,NA,NA,NA,NA,NA,NA,NA,"0","0","0",NA
"Ptilinopus_wallacii","0","1","0","0",NA,NA,NA,"0",NA,NA,NA,NA,NA,NA,NA,NA,"0","0","0",NA
"Ptilocichla_falcata","0","1","0","0",NA,NA,NA,"0",NA,NA,NA,NA,NA,NA,NA,NA,"0","0","0",NA
"Ptilocichla_leucogrammica","0","2","0","0",NA,NA,NA,"0",NA,NA,NA,"0",NA,NA,NA,"1","0","0","0",NA
"Ptilocichla_mindanensis","0","1","0","0",NA,NA,NA,"0",NA,NA,NA,NA,NA,NA,NA,NA,"0","0","0",NA
"Ptilogonys_caudatus","0","2","0","0",NA,NA,NA,"0",NA,"0",NA,NA,NA,NA,NA,NA,"0","0","0",NA
"Ptilogonys_cinereus","0","1","0","0",NA,NA,NA,"0",NA,NA,NA,NA,NA,NA,NA,NA,"0","0","0",NA
"Ptilonorhynchus_violaceus","0","2","0","0",NA,NA,NA,"0",NA,"0",NA,NA,NA,NA,NA,NA,"0","0","0",NA
"Ptilopachus_petrosus","0","2","0","0",NA,NA,NA,"0",NA,NA,NA,"0",NA,NA,NA,"1","0","0","0",NA
"Ptiloprora_erythropleura","0","1","0","0",NA,NA,NA,"0",NA,NA,NA,NA,NA,NA,NA,NA,"0","0","0",NA
"Ptiloprora_guisei","0","1","0","0",NA,NA,NA,"0",NA,NA,NA,NA,NA,NA,NA,NA,"0","0","0",NA
"Ptiloprora_mayri","0","1","0","0",NA,NA,NA,"0",NA,NA,NA,NA,NA,NA,NA,NA,"0","0","0",NA
"Ptiloprora_meekiana","0","1","0","0",NA,NA,NA,"0",NA,NA,NA,NA,NA,NA,NA,NA,"0","0","0",NA
"Ptiloprora_perstriata","0","1","0","0",NA,NA,NA,"0",NA,NA,NA,NA,NA,NA,NA,NA,"0","0","0",NA
"Ptiloprora_plumbea","0","1","0","0",NA,NA,NA,"0",NA,NA,NA,NA,NA,NA,NA,NA,"0","0","0",NA
"Ptilopsis_granti","0","1","0","0",NA,NA,NA,"0",NA,NA,NA,NA,NA,NA,NA,NA,"0","0","0",NA
"Ptiloris_intercedens","0","1","0","0",NA,NA,NA,"0",NA,NA,NA,NA,NA,NA,NA,NA,"0","0","0",NA
"Ptiloris_magnificus","0","2","0","0",NA,NA,NA,"0",NA,"0",NA,NA,NA,NA,NA,NA,"0","0","0",NA
"Ptiloris_paradiseus","0","2","0","0",NA,NA,NA,"0",NA,"0",NA,NA,NA,NA,NA,NA,"0","0","0",NA
"Ptiloris_victoriae","0","2","0","0",NA,NA,NA,"0",NA,"0",NA,NA,NA,NA,NA,NA,"0","0","0",NA
"Ptilorrhoa_caerulescens","0","1","0","0",NA,NA,NA,"0",NA,NA,NA,NA,NA,NA,NA,NA,"0","0","0",NA
"Ptilorrhoa_castanonota","0","1","0","0",NA,NA,NA,"0",NA,NA,NA,NA,NA,NA,NA,NA,"0","0","0",NA
"Ptilorrhoa_leucosticta","0","2","0","0",NA,NA,NA,"0",NA,"0",NA,NA,NA,NA,NA,NA,"0","0","0",NA
"Ptilostomus_afer","1","0","3","0",NA,NA,NA,"1",NA,"1",NA,"1",NA,NA,"K","1","1","0","0","Kin"
"Ptychoramphus_aleuticus","0","1","0","0",NA,NA,NA,NA,NA,"0",NA,NA,NA,NA,NA,NA,"0","0","0",NA
"Ptyrticus_turdinus","1","0","1","0",NA,NA,NA,"1",NA,NA,NA,NA,NA,NA,NA,NA,"0","0","0",NA
"Pucrasia_macrolopha","0","1","0","0",NA,NA,NA,"0",NA,NA,NA,NA,NA,NA,NA,NA,"0","0","0",NA
"Puffinus_assimilis","0","1","0","0",NA,NA,NA,NA,NA,"0",NA,NA,NA,NA,NA,NA,"0","0","0",NA
"Puffinus_auricularis","0","1","0","0",NA,NA,NA,NA,NA,"0",NA,NA,NA,NA,NA,NA,"0","0","0",NA
"Puffinus_bulleri","0","1","0","0",NA,NA,NA,NA,NA,"0",NA,NA,NA,NA,NA,NA,"0","0","0",NA
"Puffinus_carneipes","0","1","0","0",NA,NA,NA,NA,NA,"0",NA,NA,NA,NA,NA,NA,"0","0","0",NA
"Puffinus_creatopus","0","1","0","0",NA,NA,NA,NA,NA,"0",NA,NA,NA,NA,NA,NA,"0","0","0",NA
"Puffinus_gavia","0","1","0","0",NA,NA,NA,NA,NA,"0",NA,NA,NA,NA,NA,NA,"0","0","0",NA
"Puffinus_gravis","0","1","0","0",NA,NA,NA,NA,NA,"0",NA,NA,NA,NA,NA,NA,"0","0","0",NA
"Puffinus_griseus","0","1","0","0",NA,NA,NA,NA,NA,"0",NA,NA,NA,NA,NA,NA,"0","0","0",NA
"Puffinus_heinrothi",NA,"0","0","0",NA,NA,NA,NA,NA,NA,NA,NA,NA,NA,NA,NA,"0","0","0",NA
"Puffinus_huttoni","0","1","0","0",NA,NA,NA,NA,NA,"0",NA,NA,NA,NA,NA,NA,"0","0","0",NA
"Puffinus_lherminieri","0","1","0","0",NA,NA,NA,NA,NA,"0",NA,NA,NA,NA,NA,NA,"0","0","0",NA
"Puffinus_nativitatis","0","1","0","0",NA,NA,NA,NA,NA,"0",NA,NA,NA,NA,NA,NA,"0","0","0",NA
"Puffinus_opisthomelas","0","1","0","0",NA,NA,NA,NA,NA,"0",NA,NA,NA,NA,NA,NA,"0","0","0",NA
"Puffinus_pacificus","0","1","0","0",NA,NA,NA,NA,NA,"0",NA,NA,NA,NA,NA,NA,"0","0","0",NA
"Puffinus_puffinus","0","1","0","0",NA,NA,NA,NA,NA,"0",NA,NA,NA,NA,NA,NA,"0","0","0",NA
"Puffinus_tenuirostris","0","3","0","0",NA,"0","0",NA,NA,"0",NA,NA,NA,NA,NA,NA,"0","0","0",NA
"Puffinus_yelkouan","0","1","0","0",NA,NA,NA,NA,NA,"0",NA,NA,NA,NA,NA,NA,"0","0","0",NA
"Pulsatrix_koeniswaldiana","0","2","0","0",NA,NA,NA,"0",NA,"0",NA,NA,NA,NA,NA,NA,"0","0","0",NA
"Pulsatrix_melanota","0","1","0","0",NA,NA,NA,"0",NA,NA,NA,NA,NA,NA,NA,NA,"0","0","0",NA
"Pulsatrix_perspicillata","0","3","0","0",NA,NA,NA,"0",NA,"0",NA,"0",NA,NA,NA,"1","0","0","0",NA
"Purpureicephalus_spurius","0","3","0","0",NA,NA,NA,"0",NA,"0",NA,"0",NA,NA,NA,"1","0","0","0",NA
"Pycnonotus_atriceps","0","2","0","0",NA,NA,NA,"0",NA,"0",NA,NA,NA,NA,NA,NA,"0","0","0",NA
"Pycnonotus_aurigaster","0","2","0","0",NA,NA,NA,"0",NA,NA,NA,"0",NA,NA,NA,"0","0","0","0",NA
"Pycnonotus_barbatus","1","0","3","0",NA,NA,NA,"1",NA,"1",NA,"1",NA,NA,"K","1","1","0","0","Kin"
"Pycnonotus_bimaculatus","0","1","0","0",NA,NA,NA,"0",NA,NA,NA,NA,NA,NA,NA,NA,"0","0","0",NA
"Pycnonotus_blanfordi","0","1","0","0",NA,NA,NA,"0",NA,NA,NA,NA,NA,NA,NA,NA,"0","0","0",NA
"Pycnonotus_brunneus","0","3","0","0",NA,NA,NA,"0",NA,"0",NA,"0",NA,NA,NA,"1","0","0","0",NA
"Pycnonotus_cafer","0","3","0","0",NA,NA,NA,"0",NA,"0",NA,"0",NA,NA,NA,"1","0","0","0",NA
"Pycnonotus_capensis","0","3","0","0",NA,NA,NA,"0",NA,"0",NA,"0",NA,NA,NA,"0","0","0","0",NA
"Pycnonotus_cyaniventris","0","2","0","0",NA,NA,NA,"0",NA,"0",NA,NA,NA,NA,NA,NA,"0","0","0",NA
"Pycnonotus_erythropthalmos","0","1","0","0",NA,NA,NA,"0",NA,NA,NA,NA,NA,NA,NA,NA,"0","0","0",NA
"Pycnonotus_eutilotus","0","1","0","0",NA,NA,NA,"0",NA,NA,NA,NA,NA,NA,NA,NA,"0","0","0",NA
"Pycnonotus_finlaysoni","0","2","0","0",NA,NA,NA,"0",NA,"0",NA,NA,NA,NA,NA,NA,"0","0","0",NA
"Pycnonotus_flavescens","0","2","0","0",NA,NA,NA,"0",NA,"0",NA,NA,NA,NA,NA,NA,"0","0","0",NA
"Pycnonotus_goiavier","0","2","0","0",NA,NA,NA,"0",NA,"0",NA,NA,NA,NA,NA,NA,"0","0","0",NA
"Pycnonotus_jocosus","0","3","0","0",NA,NA,NA,"0",NA,"0",NA,"0",NA,NA,NA,"1","0","0","0",NA
"Pycnonotus_leucogenys","1","1","1","1",NA,NA,NA,"1",NA,"0",NA,NA,NA,NA,NA,NA,"0","0","0",NA
"Pycnonotus_leucogrammicus","0","1","0","0",NA,NA,NA,"0",NA,NA,NA,NA,NA,NA,NA,NA,"0","0","0",NA
"Pycnonotus_leucotis","1","1","1","1",NA,NA,NA,"1",NA,"0",NA,NA,NA,NA,NA,NA,"0","0","0",NA
"Pycnonotus_luteolus","0","1","0","0",NA,NA,NA,"0",NA,NA,NA,NA,NA,NA,NA,NA,"0","0","0",NA
"Pycnonotus_melanicterus","0","2","0","0",NA,NA,NA,"0",NA,"0",NA,NA,NA,NA,NA,NA,"0","0","0",NA
"Pycnonotus_melanoleucos","0","1","0","0",NA,NA,NA,"0",NA,NA,NA,NA,NA,NA,NA,NA,"0","0","0",NA
"Pycnonotus_nieuwenhuisii","0","1","0","0",NA,NA,NA,"0",NA,NA,NA,NA,NA,NA,NA,NA,"0","0","0",NA
"Pycnonotus_nigricans","0","2","0","0",NA,NA,NA,"0",NA,"0",NA,NA,NA,NA,NA,NA,"0","0","0",NA
"Pycnonotus_penicillatus","0","1","0","0",NA,NA,NA,"0",NA,NA,NA,NA,NA,NA,NA,NA,"0","0","0",NA
"Pycnonotus_plumosus","0","3","0","0",NA,NA,NA,"0",NA,"0",NA,"0",NA,NA,NA,"1","0","0","0",NA
"Pycnonotus_priocephalus","0","1","0","0",NA,NA,NA,"0",NA,NA,NA,NA,NA,NA,NA,NA,"0","0","0",NA
"Pycnonotus_simplex","0","1","0","0",NA,NA,NA,"0",NA,NA,NA,NA,NA,NA,NA,NA,"0","0","0",NA
"Pycnonotus_sinensis","0","2","0","0",NA,NA,NA,"0",NA,NA,NA,"0",NA,NA,NA,"0","0","0","0",NA
"Pycnonotus_squamatus","0","1","0","0",NA,NA,NA,"0",NA,NA,NA,NA,NA,NA,NA,NA,"0","0","0",NA
"Pycnonotus_striatus","0","1","0","0",NA,NA,NA,"0",NA,NA,NA,NA,NA,NA,NA,NA,"0","0","0",NA
"Pycnonotus_taivanus","0","2","0","0",NA,NA,NA,"0",NA,"0",NA,NA,NA,NA,NA,NA,"0","0","0",NA
"Pycnonotus_tympanistrigus","0","1","0","0",NA,NA,NA,"0",NA,NA,NA,NA,NA,NA,NA,NA,"0","0","0",NA
"Pycnonotus_urostictus","0","1","0","0",NA,NA,NA,"0",NA,NA,NA,NA,NA,NA,NA,NA,"0","0","0",NA
"Pycnonotus_xantholaemus","0","2","0","0",NA,NA,NA,"0",NA,"0",NA,NA,NA,NA,NA,NA,"0","0","0",NA
"Pycnonotus_xanthopygos","0","2","0","0",NA,NA,NA,"0",NA,"0",NA,NA,NA,NA,NA,NA,"0","0","0",NA
"Pycnonotus_xanthorrhous","0","1","0","0",NA,NA,NA,"0",NA,NA,NA,NA,NA,NA,NA,NA,"0","0","0",NA
"Pycnonotus_zeylanicus","1","0","3","0",NA,NA,NA,"1",NA,"1",NA,"1",NA,NA,"K","1","1","0","0","Kin"
"Pycnoptilus_floccosus","0","3","0","0",NA,NA,NA,"0",NA,"0",NA,"0",NA,NA,NA,"1","0","0","0",NA
"Pycnopygius_cinereus","0","1","0","0",NA,NA,NA,"0",NA,NA,NA,NA,NA,NA,NA,NA,"0","0","0",NA
"Pycnopygius_ixoides","0","1","0","0",NA,NA,NA,"0",NA,NA,NA,NA,NA,NA,NA,NA,"0","0","0",NA
"Pycnopygius_stictocephalus","0","1","0","0",NA,NA,NA,"0",NA,NA,NA,NA,NA,NA,NA,NA,"0","0","0",NA
"Pygarrhichas_albogularis","0","1","0","0",NA,NA,NA,"0",NA,NA,NA,NA,NA,NA,NA,NA,"0","0","0",NA
"Pygiptila_stellaris","0","2","0","0",NA,NA,NA,"0",NA,NA,NA,"0",NA,NA,NA,"1","0","0","0",NA
"Pygochelidon_cyanoleuca","0","2","0","0",NA,NA,NA,"0",NA,"0",NA,NA,NA,NA,NA,NA,"0","0","0",NA
"Pygoscelis_adeliae","0","2","0","0",NA,"0","0",NA,NA,NA,NA,NA,NA,NA,NA,NA,"0","0","0",NA
"Pygoscelis_antarcticus","0","2","0","0",NA,"0",NA,NA,NA,"0",NA,NA,NA,NA,NA,NA,"0","0","0",NA
"Pygoscelis_papua","0","1","0","0",NA,NA,NA,NA,NA,"0",NA,NA,NA,NA,NA,NA,"0","0","0",NA
"Pyrenestes_minor","0","3","0","0",NA,NA,NA,"0",NA,"0",NA,"0",NA,NA,NA,"0","0","0","0",NA
"Pyrenestes_ostrinus","0","2","0","0",NA,NA,NA,"0",NA,"0",NA,NA,NA,NA,NA,NA,"0","0","0",NA
"Pyrenestes_sanguineus","0","2","0","0",NA,NA,NA,"0",NA,"0",NA,NA,NA,NA,NA,NA,"0","0","0",NA
"Pyriglena_atra","0","2","0","0",NA,NA,NA,"0",NA,NA,NA,"0",NA,NA,NA,"1","0","0","0",NA
"Pyriglena_leuconota","0","3","0","0",NA,NA,NA,"0",NA,"0",NA,"0",NA,NA,NA,"1","0","0","0",NA
"Pyriglena_leucoptera","0","3","0","0",NA,NA,NA,"0",NA,"0",NA,"0",NA,NA,NA,"1","0","0","0",NA
"Pyrilia_barrabandi","0","1","0","0",NA,NA,NA,"0",NA,NA,NA,NA,NA,NA,NA,NA,"0","0","0",NA
"Pyrilia_caica","0","1","0","0",NA,NA,NA,"0",NA,NA,NA,NA,NA,NA,NA,NA,"0","0","0",NA
"Pyrilia_haematotis","0","1","0","0",NA,NA,NA,"0",NA,NA,NA,NA,NA,NA,NA,NA,"0","0","0",NA
"Pyrilia_pulchra","0","1","0","0",NA,NA,NA,"0",NA,NA,NA,NA,NA,NA,NA,NA,"0","0","0",NA
"Pyrilia_pyrilia","0","1","0","0",NA,NA,NA,"0",NA,NA,NA,NA,NA,NA,NA,NA,"0","0","0",NA
"Pyrocephalus_rubinus","0","5","0","0",NA,"0","0","0",NA,"0",NA,"0",NA,NA,NA,"0","0","0","0",NA
"Pyroderus_scutatus","0","3","0","0",NA,NA,NA,"0",NA,"0",NA,"0",NA,NA,NA,"0","0","0","0",NA
"Pyrrhocoma_ruficeps","0","1","0","0",NA,NA,NA,"0",NA,NA,NA,NA,NA,NA,NA,NA,"0","0","0",NA
"Pyrrhocorax_graculus","0","2","0","0",NA,NA,NA,"0",NA,"0",NA,NA,NA,NA,NA,NA,"0","0","0",NA
"Pyrrhocorax_pyrrhocorax","0","3","0","0",NA,NA,NA,"0",NA,"0",NA,"0",NA,NA,NA,"0","0","0","0",NA
"Pyrrholaemus_brunneus","0","2","0","0",NA,NA,NA,"0",NA,"0",NA,NA,NA,NA,NA,NA,"0","0","0",NA
"Pyrrhomyias_cinnamomeus","0","3","0","0",NA,NA,NA,"0",NA,"0",NA,"0",NA,NA,NA,"0","0","0","0",NA
"Pyrrhoplectes_epauletta","0","1","0","0",NA,NA,NA,"0",NA,NA,NA,NA,NA,NA,NA,NA,"0","0","0",NA
"Pyrrhula_aurantiaca","0","1","0","0",NA,NA,NA,"0",NA,NA,NA,NA,NA,NA,NA,NA,"0","0","0",NA
"Pyrrhula_erythaca","0","2","0","0",NA,NA,NA,"0",NA,"0",NA,NA,NA,NA,NA,NA,"0","0","0",NA
"Pyrrhula_erythrocephala","0","1","0","0",NA,NA,NA,"0",NA,NA,NA,NA,NA,NA,NA,NA,"0","0","0",NA
"Pyrrhula_leucogenis","0","1","0","0",NA,NA,NA,"0",NA,NA,NA,NA,NA,NA,NA,NA,"0","0","0",NA
"Pyrrhula_murina","0","1","0","0",NA,NA,NA,"0",NA,NA,NA,NA,NA,NA,NA,NA,"0","0","0",NA
"Pyrrhula_nipalensis","0","1","0","0",NA,NA,NA,"0",NA,NA,NA,NA,NA,NA,NA,NA,"0","0","0",NA
"Pyrrhula_pyrrhula","0","3","0","0",NA,NA,NA,"0",NA,"0",NA,"0",NA,NA,NA,"0","0","0","0",NA
"Pyrrhura_albipectus","0","1","0","0",NA,NA,NA,"0",NA,NA,NA,NA,NA,NA,NA,NA,"0","0","0",NA
"Pyrrhura_calliptera","0","1","0","0",NA,NA,NA,"0",NA,NA,NA,NA,NA,NA,NA,NA,"0","0","0",NA
"Pyrrhura_cruentata","0","1","0","0",NA,NA,NA,"0",NA,NA,NA,NA,NA,NA,NA,NA,"0","0","0",NA
"Pyrrhura_devillei","0","1","0","0",NA,NA,NA,"0",NA,NA,NA,NA,NA,NA,NA,NA,"0","0","0",NA
"Pyrrhura_egregia","0","1","0","0",NA,NA,NA,"0",NA,NA,NA,NA,NA,NA,NA,NA,"0","0","0",NA
"Pyrrhura_frontalis","0","1","0","0",NA,NA,NA,"0",NA,NA,NA,NA,NA,NA,NA,NA,"0","0","0",NA
"Pyrrhura_hoematotis","0","1","0","0",NA,NA,NA,"0",NA,NA,NA,NA,NA,NA,NA,NA,"0","0","0",NA
"Pyrrhura_hoffmanni","0","1","0","0",NA,NA,NA,"0",NA,NA,NA,NA,NA,NA,NA,NA,"0","0","0",NA
"Pyrrhura_lepida","0","1","0","0",NA,NA,NA,"0",NA,NA,NA,NA,NA,NA,NA,NA,"0","0","0",NA
"Pyrrhura_leucotis","0","1","0","0",NA,NA,NA,"0",NA,NA,NA,NA,NA,NA,NA,NA,"0","0","0",NA
"Pyrrhura_melanura","0","1","0","0",NA,NA,NA,"0",NA,NA,NA,NA,NA,NA,NA,NA,"0","0","0",NA
"Pyrrhura_molinae","0","1","0","0",NA,NA,NA,"0",NA,NA,NA,NA,NA,NA,NA,NA,"0","0","0",NA
"Pyrrhura_orcesi","1","1","2","1",NA,NA,"1","0",NA,NA,"1",NA,"K","K",NA,NA,"2","0","0","Kin"
"Pyrrhura_perlata","0","1","0","0",NA,NA,NA,"0",NA,NA,NA,NA,NA,NA,NA,NA,"0","0","0",NA
"Pyrrhura_picta","1","0","3","0",NA,NA,NA,"1",NA,"1",NA,"1",NA,NA,"K","1","1","0","0","Kin"
"Pyrrhura_rhodocephala","0","1","0","0",NA,NA,NA,"0",NA,NA,NA,NA,NA,NA,NA,NA,"0","0","0",NA
"Pyrrhura_rupicola","0","1","0","0",NA,NA,NA,"0",NA,NA,NA,NA,NA,NA,NA,NA,"0","0","0",NA
"Pyrrhura_viridicata","0","1","0","0",NA,NA,NA,"0",NA,NA,NA,NA,NA,NA,NA,NA,"0","0","0",NA
"Pyrrhurus_scandens","1","1","1","1",NA,NA,NA,"1",NA,"0",NA,NA,NA,NA,NA,NA,"0","0","0",NA
"Pytilia_afra","0","3","0","0",NA,NA,NA,"0",NA,"0",NA,"0",NA,NA,NA,"1","0","0","0",NA
"Pytilia_hypogrammica","0","2","0","0",NA,NA,NA,"0",NA,"0",NA,NA,NA,NA,NA,NA,"0","0","0",NA
"Pytilia_lineata","0","1","0","0",NA,NA,NA,"0",NA,NA,NA,NA,NA,NA,NA,NA,"0","0","0",NA
"Pytilia_melba","0","3","0","0",NA,NA,NA,"0",NA,"0",NA,"0",NA,NA,NA,"0","0","0","0",NA
"Pytilia_phoenicoptera","0","2","0","0",NA,NA,NA,"0",NA,"0",NA,NA,NA,NA,NA,NA,"0","0","0",NA
"Quelea_cardinalis","0","2","0","0",NA,NA,NA,"0",NA,"0",NA,NA,NA,NA,NA,NA,"0","0","0",NA
"Quelea_erythrops","0","2","0","0",NA,NA,NA,"0",NA,"0",NA,NA,NA,NA,NA,NA,"0","0","0",NA
"Quelea_quelea","0","4","0","0",NA,"0","0","0",NA,"0",NA,NA,NA,NA,NA,NA,"0","0","0",NA
"Querula_purpurata","1","0","3","0",NA,NA,NA,"1",NA,"1",NA,"1",NA,NA,"K","1","1","0","0","Kin"
"Quiscalus_lugubris","0","2","0","0",NA,NA,NA,"0",NA,"0",NA,NA,NA,NA,NA,NA,"0","0","0",NA
"Quiscalus_major","0","3","0","0",NA,NA,NA,"0",NA,"0",NA,"0",NA,NA,NA,"0","0","0","0",NA
"Quiscalus_mexicanus","0","3","0","0",NA,NA,NA,"0",NA,"0",NA,"0",NA,NA,NA,"0","0","0","0",NA
"Quiscalus_nicaraguensis","0","2","0","0",NA,NA,NA,"0",NA,"0",NA,NA,NA,NA,NA,NA,"0","0","0",NA
"Quiscalus_niger","0","3","0","0",NA,NA,NA,"0",NA,"0",NA,"0",NA,NA,NA,"0","0","0","0",NA
"Quiscalus_quiscula","0","3","0","0",NA,NA,NA,"0",NA,"0",NA,"0",NA,NA,NA,"0","0","0","0",NA
"Rallina_canningi","0","1","0","0",NA,NA,NA,"0",NA,NA,NA,NA,NA,NA,NA,NA,"0","0","0",NA
"Rallina_eurizonoides","0","2","0","0",NA,NA,NA,"0",NA,"0",NA,NA,NA,NA,NA,NA,"0","0","0",NA
"Rallina_fasciata","0","1","0","0",NA,NA,NA,"0",NA,NA,NA,NA,NA,NA,NA,NA,"0","0","0",NA
"Rallina_forbesi","0","1","0","0",NA,NA,NA,"0",NA,NA,NA,NA,NA,NA,NA,NA,"0","0","0",NA
"Rallina_leucospila","0","1","0","0",NA,NA,NA,"0",NA,NA,NA,NA,NA,NA,NA,NA,"0","0","0",NA
"Rallina_mayri","0","1","0","0",NA,NA,NA,"0",NA,NA,NA,NA,NA,NA,NA,NA,"0","0","0",NA
"Rallina_rubra","1","1","1","1",NA,NA,NA,"1",NA,"0",NA,NA,NA,NA,NA,NA,"0","0","0",NA
"Rallina_tricolor","0","2","0","0",NA,NA,NA,"0",NA,NA,NA,"0",NA,NA,NA,"0","0","0","0",NA
"Rallus_antarcticus","0","1","0","0",NA,NA,NA,"0",NA,NA,NA,NA,NA,NA,NA,NA,"0","0","0",NA
"Rallus_aquaticus","0","2","0","0",NA,NA,NA,"0",NA,"0",NA,NA,NA,NA,NA,NA,"0","0","0",NA
"Rallus_caerulescens","0","2","0","0",NA,NA,NA,"0",NA,"0",NA,NA,NA,NA,NA,NA,"0","0","0",NA
"Rallus_elegans","0","3","0","0",NA,NA,NA,"0",NA,"0",NA,"0",NA,NA,NA,"0","0","0","0",NA
"Rallus_limicola","0","3","0","0",NA,NA,NA,"0",NA,"0",NA,"0",NA,NA,NA,"0","0","0","0",NA
"Rallus_longirostris","0","3","0","0",NA,NA,NA,"0",NA,"0",NA,"0",NA,NA,NA,"0","0","0","0",NA
"Rallus_madagascariensis","0","1","0","0",NA,NA,NA,"0",NA,NA,NA,NA,NA,NA,NA,NA,"0","0","0",NA
"Rallus_semiplumbeus","0","2","0","0",NA,NA,NA,"0",NA,"0",NA,NA,NA,NA,NA,NA,"0","0","0",NA
"Rallus_wetmorei","0","1","0","0",NA,NA,NA,"0",NA,NA,NA,NA,NA,NA,NA,NA,"0","0","0",NA
"Ramphastos_ambiguus","0","1","0","0",NA,NA,NA,"0",NA,NA,NA,NA,NA,NA,NA,NA,"0","0","0",NA
"Ramphastos_brevis","0","1","0","0",NA,NA,NA,"0",NA,NA,NA,NA,NA,NA,NA,NA,"0","0","0",NA
"Ramphastos_dicolorus","0","2","0","0",NA,NA,NA,"0",NA,"0",NA,NA,NA,NA,NA,NA,"0","0","0",NA
"Ramphastos_sulfuratus","0","3","0","0",NA,NA,NA,"0",NA,"0",NA,"0",NA,NA,NA,"1","0","0","0",NA
"Ramphastos_swainsonii",NA,"0","0","0",NA,NA,NA,NA,NA,NA,NA,NA,NA,NA,NA,NA,"0","0","0",NA
"Ramphastos_toco","0","3","0","0",NA,NA,NA,"0",NA,"0",NA,"0",NA,NA,NA,"1","0","0","0",NA
"Ramphastos_tucanus","0","2","0","0",NA,NA,NA,"0",NA,"0",NA,NA,NA,NA,NA,NA,"0","0","0",NA
"Ramphastos_vitellinus","0","2","0","0",NA,NA,NA,"0",NA,"0",NA,NA,NA,NA,NA,NA,"0","0","0",NA
"Ramphocaenus_melanurus","0","2","0","0",NA,NA,NA,"0",NA,"0",NA,NA,NA,NA,NA,NA,"0","0","0",NA
"Ramphocelus_bresilius","1","1","1","1",NA,NA,NA,"1",NA,"0",NA,NA,NA,NA,NA,NA,"0","0","0",NA
"Ramphocelus_carbo","1","0","1","0",NA,NA,NA,"1",NA,NA,NA,NA,NA,NA,NA,NA,"0","0","0",NA
"Ramphocelus_costaricensis","0","2","0","0",NA,"0",NA,"0",NA,NA,NA,NA,NA,NA,NA,NA,"0","0","0",NA
"Ramphocelus_dimidiatus","0","2","0","0",NA,NA,NA,"0",NA,NA,NA,"0",NA,NA,NA,"1","0","0","0",NA
"Ramphocelus_flammigerus","0","3","0","0",NA,NA,NA,"0",NA,"0",NA,"0",NA,NA,NA,"1","0","0","0",NA
"Ramphocelus_icteronotus","0","1","0","0",NA,NA,NA,"0",NA,NA,NA,NA,NA,NA,NA,NA,"0","0","0",NA
"Ramphocelus_melanogaster","1","0","1","0",NA,NA,NA,"1",NA,NA,NA,NA,NA,NA,NA,NA,"0","0","0",NA
"Ramphocelus_nigrogularis","1","0","1","0",NA,NA,NA,"1",NA,NA,NA,NA,NA,NA,NA,NA,"0","0","0",NA
"Ramphocelus_passerinii","0","2","0","0",NA,NA,NA,"0",NA,"0",NA,NA,NA,NA,NA,NA,"0","0","0",NA
"Ramphocelus_sanguinolentus","0","1","0","0",NA,NA,NA,NA,NA,NA,NA,"0",NA,NA,NA,"1","0","0","0",NA
"Ramphocinclus_brachyurus","1","0","4","0",NA,NA,"1","1",NA,"1","1",NA,"K","K",NA,NA,"2","0","0","Kin"
"Ramphodon_naevius","0","3","0","0",NA,NA,NA,"0",NA,"0",NA,"0",NA,NA,NA,"0","0","0","0",NA
"Ramphomicron_dorsale","0","1","0","0",NA,NA,NA,"0",NA,NA,NA,NA,NA,NA,NA,NA,"0","0","0",NA
"Ramphomicron_microrhynchum","0","3","0","0",NA,NA,NA,"0",NA,"0",NA,"0",NA,NA,NA,"0","0","0","0",NA
"Ramphotrigon_fuscicauda","0","1","0","0",NA,NA,NA,"0",NA,NA,NA,NA,NA,NA,NA,NA,"0","0","0",NA
"Ramphotrigon_megacephalum","0","1","0","0",NA,NA,NA,"0",NA,NA,NA,NA,NA,NA,NA,NA,"0","0","0",NA
"Ramphotrigon_ruficauda","0","2","0","0",NA,NA,NA,"0",NA,"0",NA,NA,NA,NA,NA,NA,"0","0","0",NA
"Ramsayornis_fasciatus","1","1","1","1",NA,NA,NA,"1",NA,"0",NA,NA,NA,NA,NA,NA,"0","0","0",NA
"Ramsayornis_modestus","0","1","0","0",NA,NA,NA,"0",NA,NA,NA,NA,NA,NA,NA,NA,"0","0","0",NA
"Randia_pseudozosterops","0","1","0","0",NA,NA,NA,"0",NA,NA,NA,NA,NA,NA,NA,NA,"0","0","0",NA
"Recurvirostra_americana","0","2","0","0",NA,NA,NA,"0",NA,"0",NA,NA,NA,NA,NA,NA,"0","0","0",NA
"Recurvirostra_andina","0","2","0","0",NA,NA,NA,"0",NA,"0",NA,NA,NA,NA,NA,NA,"0","0","0",NA
"Recurvirostra_avosetta","0","2","0","0",NA,NA,NA,NA,NA,"0",NA,"0",NA,NA,NA,"1","0","0","0",NA
"Recurvirostra_novaehollandiae","0","1","0","0",NA,NA,NA,NA,NA,"0",NA,NA,NA,NA,NA,NA,"0","0","0",NA
"Regulus_calendula","0","3","0","0",NA,NA,NA,"0",NA,"0",NA,"0",NA,NA,NA,"0","0","0","0",NA
"Regulus_goodfellowi","0","2","0","0",NA,NA,NA,"0",NA,"0",NA,NA,NA,NA,NA,NA,"0","0","0",NA
"Regulus_ignicapilla","0","3","0","0",NA,NA,NA,"0",NA,"0",NA,"0",NA,NA,NA,"0","0","0","0",NA
"Regulus_regulus","0","3","0","0",NA,NA,NA,"0",NA,"0",NA,"0",NA,NA,NA,"0","0","0","0",NA
"Regulus_satrapa","0","3","0","0",NA,NA,NA,"0",NA,"0",NA,"0",NA,NA,NA,"0","0","0","0",NA
"Reinwardtipicus_validus","0","3","0","0",NA,NA,NA,"0",NA,"0",NA,"0",NA,NA,NA,"1","0","0","0",NA
"Reinwardtoena_browni","0","1","0","0",NA,NA,NA,"0",NA,NA,NA,NA,NA,NA,NA,NA,"0","0","0",NA
"Reinwardtoena_crassirostris","0","3","0","0",NA,NA,NA,"0",NA,"0",NA,"0",NA,NA,NA,"0","0","0","0",NA
"Reinwardtoena_reinwardtsi","0","2","0","0",NA,NA,NA,"0",NA,"0",NA,NA,NA,NA,NA,NA,"0","0","0",NA
"Remiz_consobrinus","0","2","0","0",NA,NA,NA,"0",NA,"0",NA,NA,NA,NA,NA,NA,"0","0","0",NA
"Remiz_coronatus","0","2","0","0",NA,NA,NA,"0",NA,NA,NA,"0",NA,NA,NA,"0","0","0","0",NA
"Remiz_pendulinus","0","4","0","0",NA,"0",NA,"0",NA,"0",NA,"0",NA,NA,NA,"0","0","0","0",NA
"Rhabdornis_grandis","0","1","0","0",NA,NA,NA,"0",NA,NA,NA,NA,NA,NA,NA,NA,"0","0","0",NA
"Rhabdornis_inornatus","0","1","0","0",NA,NA,NA,"0",NA,NA,NA,NA,NA,NA,NA,NA,"0","0","0",NA
"Rhabdornis_mystacalis","0","2","0","0",NA,NA,NA,"0",NA,NA,NA,"0",NA,NA,NA,"0","0","0","0",NA
"Rhagologus_leucostigma","1","0","1","0",NA,NA,NA,"1",NA,NA,NA,NA,NA,NA,NA,NA,"0","0","0",NA
"Rhamphocoris_clotbey","0","2","0","0",NA,NA,NA,"0",NA,"0",NA,NA,NA,NA,NA,NA,"0","0","0",NA
"Rhamphomantis_megarhynchus","0","1","0","0",NA,NA,NA,"0",NA,NA,NA,NA,NA,NA,NA,NA,"0","0","0",NA
"Rhaphidura_leucopygialis","0","1","0","0",NA,NA,NA,"0",NA,NA,NA,NA,NA,NA,NA,NA,"0","0","0",NA
"Rhaphidura_sabini","0","2","0","0",NA,NA,NA,"0",NA,"0",NA,NA,NA,NA,NA,NA,"0","0","0",NA
"Rhea_americana","1","0","4","0",NA,NA,NA,"1",NA,"1","1","1","NK",NA,"NK","1","0","2","0","NonKin"
"Rhea_pennata","0","3","0","0",NA,NA,NA,"0",NA,"0",NA,"0",NA,NA,NA,"1","0","0","0",NA
"Rhegmatorhina_berlepschi","0","1","0","0",NA,NA,NA,"0",NA,NA,NA,NA,NA,NA,NA,NA,"0","0","0",NA
"Rhegmatorhina_cristata","0","1","0","0",NA,NA,NA,"0",NA,NA,NA,NA,NA,NA,NA,NA,"0","0","0",NA
"Rhegmatorhina_gymnops","0","2","0","0",NA,NA,NA,"0",NA,NA,NA,"0",NA,NA,NA,"1","0","0","0",NA
"Rhegmatorhina_hoffmannsi","0","2","0","0",NA,NA,NA,"0",NA,NA,NA,"0",NA,NA,NA,"1","0","0","0",NA
"Rhegmatorhina_melanosticta","0","3","0","0",NA,NA,NA,"0",NA,"0",NA,"0",NA,NA,NA,"1","0","0","0",NA
"Rheinardia_ocellata","0","1","0","0",NA,NA,NA,"0",NA,NA,NA,NA,NA,NA,NA,NA,"0","0","0",NA
"Rhinocrypta_lanceolata","0","2","0","0",NA,NA,NA,"0",NA,"0",NA,NA,NA,NA,NA,NA,"0","0","0",NA
"Rhinomyias_additus","0","1","0","0",NA,NA,NA,"0",NA,NA,NA,NA,NA,NA,NA,NA,"0","0","0",NA
"Rhinomyias_albigularis","0","1","0","0",NA,NA,NA,"0",NA,NA,NA,NA,NA,NA,NA,NA,"0","0","0",NA
"Rhinomyias_brunneatus","0","1","0","0",NA,NA,NA,"0",NA,NA,NA,NA,NA,NA,NA,NA,"0","0","0",NA
"Rhinomyias_colonus","0","1","0","0",NA,NA,NA,"0",NA,NA,NA,NA,NA,NA,NA,NA,"0","0","0",NA
"Rhinomyias_goodfellowi","0","1","0","0",NA,NA,NA,"0",NA,NA,NA,NA,NA,NA,NA,NA,"0","0","0",NA
"Rhinomyias_gularis","0","1","0","0",NA,NA,NA,"0",NA,NA,NA,NA,NA,NA,NA,NA,"0","0","0",NA
"Rhinomyias_insignis","0","1","0","0",NA,NA,NA,"0",NA,NA,NA,NA,NA,NA,NA,NA,"0","0","0",NA
"Rhinomyias_olivaceus","0","1","0","0",NA,NA,NA,"0",NA,NA,NA,NA,NA,NA,NA,NA,"0","0","0",NA
"Rhinomyias_oscillans","0","1","0","0",NA,NA,NA,"0",NA,NA,NA,NA,NA,NA,NA,NA,"0","0","0",NA
"Rhinomyias_ruficauda","0","1","0","0",NA,NA,NA,"0",NA,NA,NA,NA,NA,NA,NA,NA,"0","0","0",NA
"Rhinomyias_umbratilis","0","1","0","0",NA,NA,NA,"0",NA,NA,NA,NA,NA,NA,NA,NA,"0","0","0",NA
"Rhinopomastus_aterrimus","0","2","0","0",NA,NA,NA,"0",NA,"0",NA,NA,NA,NA,NA,NA,"0","0","0",NA
"Rhinopomastus_cyanomelas","0","3","0","0",NA,NA,NA,"0",NA,"0",NA,"0",NA,NA,NA,"1","0","0","0",NA
"Rhinopomastus_minor","0","2","0","0",NA,NA,NA,"0",NA,"0",NA,NA,NA,NA,NA,NA,"0","0","0",NA
"Rhinoptilus_africanus","0","2","0","0",NA,NA,NA,"0",NA,"0",NA,NA,NA,NA,NA,NA,"0","0","0",NA
"Rhinoptilus_bitorquatus","0","1","0","0",NA,NA,NA,"0",NA,NA,NA,NA,NA,NA,NA,NA,"0","0","0",NA
"Rhinoptilus_chalcopterus","0","3","0","0",NA,NA,NA,"0",NA,"0",NA,"0",NA,NA,NA,"1","0","0","0",NA
"Rhinoptilus_cinctus","0","2","0","0",NA,NA,NA,"0",NA,"0",NA,NA,NA,NA,NA,NA,"0","0","0",NA
"Rhipidura_albicollis","0","2","0","0",NA,NA,NA,"0",NA,"0",NA,NA,NA,NA,NA,NA,"0","0","0",NA
"Rhipidura_albiscapa",NA,"0","0","0",NA,NA,NA,NA,NA,NA,NA,NA,NA,NA,NA,NA,"0","0","0",NA
"Rhipidura_albolimbata","0","2","0","0",NA,NA,NA,"0",NA,"0",NA,NA,NA,NA,NA,NA,"0","0","0",NA
"Rhipidura_atra","0","2","0","0",NA,NA,NA,"0",NA,"0",NA,NA,NA,NA,NA,NA,"0","0","0",NA
"Rhipidura_aureola","0","2","0","0",NA,NA,NA,"0",NA,"0",NA,NA,NA,NA,NA,NA,"0","0","0",NA
"Rhipidura_brachyrhyncha","0","1","0","0",NA,NA,NA,"0",NA,NA,NA,NA,NA,NA,NA,NA,"0","0","0",NA
"Rhipidura_cockerelli","0","1","0","0",NA,NA,NA,"0",NA,NA,NA,NA,NA,NA,NA,NA,"0","0","0",NA
"Rhipidura_cyaniceps","0","1","0","0",NA,NA,NA,"0",NA,NA,NA,NA,NA,NA,NA,NA,"0","0","0",NA
"Rhipidura_dahli","0","1","0","0",NA,NA,NA,"0",NA,NA,NA,NA,NA,NA,NA,NA,"0","0","0",NA
"Rhipidura_dedemi","0","1","0","0",NA,NA,NA,"0",NA,NA,NA,NA,NA,NA,NA,NA,"0","0","0",NA
"Rhipidura_diluta","0","1","0","0",NA,NA,NA,"0",NA,NA,NA,NA,NA,NA,NA,NA,"0","0","0",NA
"Rhipidura_drownei","0","1","0","0",NA,NA,NA,"0",NA,NA,NA,NA,NA,NA,NA,NA,"0","0","0",NA
"Rhipidura_euryura","0","1","0","0",NA,NA,NA,"0",NA,NA,NA,NA,NA,NA,NA,NA,"0","0","0",NA
"Rhipidura_fuliginosa","0","5","0","0",NA,"0","0","0",NA,"0",NA,"0",NA,NA,NA,"0","0","0","0",NA
"Rhipidura_fuscorufa","0","1","0","0",NA,NA,NA,"0",NA,NA,NA,NA,NA,NA,NA,NA,"0","0","0",NA
"Rhipidura_hyperythra","0","1","0","0",NA,NA,NA,"0",NA,NA,NA,NA,NA,NA,NA,NA,"0","0","0",NA
"Rhipidura_javanica","0","2","0","0",NA,NA,NA,"0",NA,"0",NA,NA,NA,NA,NA,NA,"0","0","0",NA
"Rhipidura_kubaryi","0","1","0","0",NA,NA,NA,"0",NA,NA,NA,NA,NA,NA,NA,NA,"0","0","0",NA
"Rhipidura_lepida","0","1","0","0",NA,NA,NA,"0",NA,NA,NA,NA,NA,NA,NA,NA,"0","0","0",NA
"Rhipidura_leucophrys","0","3","0","0",NA,NA,NA,"0",NA,"0",NA,"0",NA,NA,NA,"1","0","0","0",NA
"Rhipidura_leucothorax","0","2","0","0",NA,NA,NA,"0",NA,"0",NA,NA,NA,NA,NA,NA,"0","0","0",NA
"Rhipidura_maculipectus","0","1","0","0",NA,NA,NA,"0",NA,NA,NA,NA,NA,NA,NA,NA,"0","0","0",NA
"Rhipidura_malaitae","0","1","0","0",NA,NA,NA,"0",NA,NA,NA,NA,NA,NA,NA,NA,"0","0","0",NA
"Rhipidura_matthiae","0","1","0","0",NA,NA,NA,"0",NA,NA,NA,NA,NA,NA,NA,NA,"0","0","0",NA
"Rhipidura_nebulosa",NA,"0","0","0",NA,NA,NA,NA,NA,NA,NA,NA,NA,NA,NA,NA,"0","0","0",NA
"Rhipidura_nigrocinnamomea","0","1","0","0",NA,NA,NA,"0",NA,NA,NA,NA,NA,NA,NA,NA,"0","0","0",NA
"Rhipidura_opistherythra","0","1","0","0",NA,NA,NA,"0",NA,NA,NA,NA,NA,NA,NA,NA,"0","0","0",NA
"Rhipidura_perlata","0","1","0","0",NA,NA,NA,"0",NA,NA,NA,NA,NA,NA,NA,NA,"0","0","0",NA
"Rhipidura_personata","0","1","0","0",NA,NA,NA,"0",NA,NA,NA,NA,NA,NA,NA,NA,"0","0","0",NA
"Rhipidura_phasiana","0","1","0","0",NA,NA,NA,"0",NA,NA,NA,NA,NA,NA,NA,NA,"0","0","0",NA
"Rhipidura_phoenicura","0","1","0","0",NA,NA,NA,"0",NA,NA,NA,NA,NA,NA,NA,NA,"0","0","0",NA
"Rhipidura_rennelliana","0","1","0","0",NA,NA,NA,"0",NA,NA,NA,NA,NA,NA,NA,NA,"0","0","0",NA
"Rhipidura_rufidorsa","0","1","0","0",NA,NA,NA,"0",NA,NA,NA,NA,NA,NA,NA,NA,"0","0","0",NA
"Rhipidura_rufifrons","0","3","0","0",NA,NA,NA,"0",NA,"0",NA,"0",NA,NA,NA,"0","0","0","0",NA
"Rhipidura_rufiventris","0","2","0","0",NA,NA,NA,"0",NA,"0",NA,NA,NA,NA,NA,NA,"0","0","0",NA
"Rhipidura_semirubra","0","1","0","0",NA,NA,NA,"0",NA,NA,NA,NA,NA,NA,NA,NA,"0","0","0",NA
"Rhipidura_superciliaris","0","1","0","0",NA,NA,NA,"0",NA,NA,NA,NA,NA,NA,NA,NA,"0","0","0",NA
"Rhipidura_superflua","0","1","0","0",NA,NA,NA,"0",NA,NA,NA,NA,NA,NA,NA,NA,"0","0","0",NA
"Rhipidura_tenebrosa","0","1","0","0",NA,NA,NA,"0",NA,NA,NA,NA,NA,NA,NA,NA,"0","0","0",NA
"Rhipidura_teysmanni","0","1","0","0",NA,NA,NA,"0",NA,NA,NA,NA,NA,NA,NA,NA,"0","0","0",NA
"Rhipidura_threnothorax","0","1","0","0",NA,NA,NA,"0",NA,NA,NA,NA,NA,NA,NA,NA,"0","0","0",NA
"Rhipidura_verreauxi","0","2","0","0",NA,NA,NA,"0",NA,"0",NA,NA,NA,NA,NA,NA,"0","0","0",NA
"Rhizothera_longirostris","0","1","0","0",NA,NA,NA,"0",NA,NA,NA,NA,NA,NA,NA,NA,"0","0","0",NA
"Rhodinocichla_rosea","0","3","0","0",NA,NA,NA,"0",NA,"0",NA,"0",NA,NA,NA,"0","0","0","0",NA
"Rhodopechys_obsoletus","0","2","0","0",NA,NA,NA,"0",NA,"0",NA,NA,NA,NA,NA,NA,"0","0","0",NA
"Rhodopechys_sanguineus","0","3","0","0",NA,NA,NA,"0",NA,"0",NA,"0",NA,NA,NA,"0","0","0","0",NA
"Rhodophoneus_cruentus","0","1","0","0",NA,NA,NA,"0",NA,NA,NA,NA,NA,NA,NA,NA,"0","0","0",NA
"Rhodopis_vesper","0","3","0","0",NA,NA,NA,"0",NA,"0",NA,"0",NA,NA,NA,"0","0","0","0",NA
"Rhodospingus_cruentus","0","3","0","0",NA,NA,NA,"0",NA,"0",NA,"0",NA,NA,NA,"0","0","0","0",NA
"Rhodostethia_rosea","0","1","0","0",NA,NA,NA,NA,NA,"0",NA,NA,NA,NA,NA,NA,"0","0","0",NA
"Rhodothraupis_celaeno","0","2","0","0",NA,NA,NA,"0",NA,NA,NA,"0",NA,NA,NA,"0","0","0","0",NA
"Rhopocichla_atriceps","1","1","1","1",NA,NA,NA,"1",NA,"0",NA,NA,NA,NA,NA,NA,"0","0","0",NA
"Rhopophilus_pekinensis","0","1","0","0",NA,NA,NA,"0",NA,NA,NA,NA,NA,NA,NA,NA,"0","0","0",NA
"Rhopornis_ardesiacus","0","2","0","0",NA,NA,NA,"0",NA,NA,NA,"0",NA,NA,NA,"1","0","0","0",NA
"Rhyacornis_bicolor","0","1","0","0",NA,NA,NA,"0",NA,NA,NA,NA,NA,NA,NA,NA,"0","0","0",NA
"Rhyacornis_fuliginosa","0","2","0","0",NA,NA,NA,"0",NA,"0",NA,NA,NA,NA,NA,NA,"0","0","0",NA
"Rhynchocyclus_brevirostris","0","2","0","0",NA,NA,NA,"0",NA,"0",NA,NA,NA,NA,NA,NA,"0","0","0",NA
"Rhynchocyclus_fulvipectus","0","1","0","0",NA,NA,NA,"0",NA,NA,NA,NA,NA,NA,NA,NA,"0","0","0",NA
"Rhynchocyclus_olivaceus","0","1","0","0",NA,NA,NA,"0",NA,NA,NA,NA,NA,NA,NA,NA,"0","0","0",NA
"Rhynchocyclus_pacificus","0","1","0","0",NA,NA,NA,"0",NA,NA,NA,NA,NA,NA,NA,NA,"0","0","0",NA
"Rhynchopsitta_pachyrhyncha","0","1","0","0",NA,NA,NA,"0",NA,NA,NA,NA,NA,NA,NA,NA,"0","0","0",NA
"Rhynchopsitta_terrisi","0","1","0","0",NA,NA,NA,"0",NA,NA,NA,NA,NA,NA,NA,NA,"0","0","0",NA
"Rhynchortyx_cinctus","0","1","0","0",NA,NA,NA,"0",NA,NA,NA,NA,NA,NA,NA,NA,"0","0","0",NA
"Rhynchostruthus_socotranus","0","1","0","0",NA,NA,NA,"0",NA,NA,NA,NA,NA,NA,NA,NA,"0","0","0",NA
"Rhynchotus_rufescens","0","2","0","0",NA,NA,NA,"0",NA,"0",NA,NA,NA,NA,NA,NA,"0","0","0",NA
"Rhynochetos_jubatus","1","0","3","0",NA,NA,NA,"1",NA,"1","1",NA,"K",NA,NA,NA,"1","0","0","Kin"
"Rhytipterna_holerythra","0","1","0","0",NA,NA,NA,"0",NA,NA,NA,NA,NA,NA,NA,NA,"0","0","0",NA
"Rhytipterna_immunda","0","1","0","0",NA,NA,NA,"0",NA,NA,NA,NA,NA,NA,NA,NA,"0","0","0",NA
"Rhytipterna_simplex","0","1","0","0",NA,NA,NA,"0",NA,NA,NA,NA,NA,NA,NA,NA,"0","0","0",NA
"Rimator_malacoptilus","0","2","0","0",NA,NA,NA,"0",NA,"0",NA,NA,NA,NA,NA,NA,"0","0","0",NA
"Riparia_cincta","0","2","0","0",NA,NA,NA,"0",NA,"0",NA,NA,NA,NA,NA,NA,"0","0","0",NA
"Riparia_congica","0","1","0","0",NA,NA,NA,"0",NA,NA,NA,NA,NA,NA,NA,NA,"0","0","0",NA
"Riparia_paludicola","0","3","0","0",NA,NA,NA,"0",NA,"0",NA,"0",NA,NA,NA,"0","0","0","0",NA
"Riparia_riparia","0","5","0","0",NA,"0","0","0",NA,"0",NA,"0",NA,NA,NA,"0","0","0","0",NA
"Rissa_brevirostris","0","1","0","0",NA,NA,NA,NA,NA,"0",NA,NA,NA,NA,NA,NA,"0","0","0",NA
"Rissa_tridactyla","0","3","0","0",NA,"0","0",NA,NA,"0",NA,NA,NA,NA,NA,NA,"0","0","0",NA
"Robsonius_rabori","0","1","0","0",NA,NA,NA,"0",NA,NA,NA,NA,NA,NA,NA,NA,"0","0","0",NA
"Rollandia_microptera","0","2","0","0",NA,NA,NA,"0",NA,NA,NA,"0",NA,NA,NA,"0","0","0","0",NA
"Rollandia_rolland","0","2","0","0",NA,NA,NA,"0",NA,NA,NA,"0",NA,NA,NA,"0","0","0","0",NA
"Rollulus_rouloul","0","2","0","0",NA,NA,NA,"0",NA,"0",NA,NA,NA,NA,NA,NA,"0","0","0",NA
"Roraimia_adusta","0","1","0","0",NA,NA,NA,"0",NA,NA,NA,NA,NA,NA,NA,NA,"0","0","0",NA
"Rostratula_benghalensis","0","3","0","0",NA,NA,NA,"0",NA,"0",NA,"0",NA,NA,NA,"1","0","0","0",NA
"Rostratula_semicollaris","0","2","0","0",NA,NA,NA,"0",NA,"0",NA,NA,NA,NA,NA,NA,"0","0","0",NA
"Rostrhamus_sociabilis","0","2","0","0",NA,NA,NA,"0",NA,NA,NA,"0",NA,NA,NA,"0","0","0","0",NA
"Rougetius_rougetii","1","1","1","1",NA,NA,NA,"1",NA,"0",NA,NA,NA,NA,NA,NA,"0","0","0",NA
"Rowettia_goughensis","0","1","0","0",NA,NA,NA,NA,NA,"0",NA,NA,NA,NA,NA,NA,"0","0","0",NA
"Rukia_longirostra","0","1","0","0",NA,NA,NA,"0",NA,NA,NA,NA,NA,NA,NA,NA,"0","0","0",NA
"Rukia_ruki",NA,"0","0","0",NA,NA,NA,NA,NA,NA,NA,NA,NA,NA,NA,NA,"0","0","0",NA
"Rupicola_peruvianus","0","3","0","0",NA,NA,NA,"0",NA,"0",NA,"0",NA,NA,NA,"0","0","0","0",NA
"Rupicola_rupicola","0","2","0","0",NA,NA,NA,"0",NA,"0",NA,NA,NA,NA,NA,NA,"0","0","0",NA
"Ruwenzorornis_johnstoni","0","1","0","0",NA,NA,NA,"0",NA,NA,NA,NA,NA,NA,NA,NA,"0","0","0",NA
"Rynchops_albicollis","0","1","0","0",NA,NA,NA,NA,NA,"0",NA,NA,NA,NA,NA,NA,"0","0","0",NA
"Rynchops_flavirostris","0","1","0","0",NA,NA,NA,NA,NA,"0",NA,NA,NA,NA,NA,NA,"0","0","0",NA
"Rynchops_niger","0","1","0","0",NA,NA,NA,NA,NA,"0",NA,NA,NA,NA,NA,NA,"0","0","0",NA
"Sagittarius_serpentarius","0","3","0","0",NA,NA,NA,"0",NA,"0",NA,"0",NA,NA,NA,"0","0","0","0",NA
"Sakesphorus_bernardi","0","2","0","0",NA,NA,NA,"0",NA,"0",NA,NA,NA,NA,NA,NA,"0","0","0",NA
"Sakesphorus_canadensis","0","2","0","0",NA,NA,NA,"0",NA,"0",NA,NA,NA,NA,NA,NA,"0","0","0",NA
"Sakesphorus_cristatus","0","1","0","0",NA,NA,NA,"0",NA,NA,NA,NA,NA,NA,NA,NA,"0","0","0",NA
"Sakesphorus_luctuosus","0","2","0","0",NA,NA,NA,"0",NA,"0",NA,NA,NA,NA,NA,NA,"0","0","0",NA
"Sakesphorus_melanonotus","0","1","0","0",NA,NA,NA,"0",NA,NA,NA,NA,NA,NA,NA,NA,"0","0","0",NA
"Sakesphorus_melanothorax","0","1","0","0",NA,NA,NA,"0",NA,NA,NA,NA,NA,NA,NA,NA,"0","0","0",NA
"Salpinctes_obsoletus","0","3","0","0",NA,NA,NA,"0",NA,"0",NA,"0",NA,NA,NA,"0","0","0","0",NA
"Salpornis_spilonotus","0","2","0","0",NA,NA,NA,"0",NA,"0",NA,NA,NA,NA,NA,NA,"0","0","0",NA
"Saltator_albicollis","0","3","0","0",NA,NA,NA,"0",NA,"0",NA,"0",NA,NA,NA,"0","0","0","0",NA
"Saltator_atriceps","0","1","0","0",NA,NA,NA,"0",NA,NA,NA,NA,NA,NA,NA,NA,"0","0","0",NA
"Saltator_atricollis","1","0","3","0",NA,NA,NA,"1",NA,"1",NA,"1",NA,NA,"K","1","1","0","0","Kin"
"Saltator_atripennis","0","1","0","0",NA,NA,NA,"0",NA,NA,NA,NA,NA,NA,NA,NA,"0","0","0",NA
"Saltator_aurantiirostris","1","0","1","0",NA,NA,NA,"1",NA,NA,NA,NA,NA,NA,NA,NA,"0","0","0",NA
"Saltator_cinctus","1","0","1","0",NA,NA,NA,"1",NA,NA,NA,NA,NA,NA,NA,NA,"0","0","0",NA
"Saltator_coerulescens","1","0","3","0",NA,NA,NA,"1",NA,"1",NA,"1",NA,NA,"K","1","1","0","0","Kin"
"Saltator_fuliginosus","0","1","0","0",NA,NA,NA,"0",NA,NA,NA,NA,NA,NA,NA,NA,"0","0","0",NA
"Saltator_grossus","0","3","0","0",NA,NA,NA,"0",NA,"0",NA,"0",NA,NA,NA,"0","0","0","0",NA
"Saltator_maxillosus","1","0","1","0",NA,NA,NA,"1",NA,NA,NA,NA,NA,NA,NA,NA,"0","0","0",NA
"Saltator_maximus","0","3","0","0",NA,NA,NA,"0",NA,"0",NA,"0",NA,NA,NA,"1","0","0","0",NA
"Saltator_nigriceps","1","0","1","0",NA,NA,NA,"1",NA,NA,NA,NA,NA,NA,NA,NA,"0","0","0",NA
"Saltator_orenocensis","1","1","1","1",NA,NA,NA,"1",NA,"0",NA,NA,NA,NA,NA,NA,"0","0","0",NA
"Saltator_rufiventris","0","1","0","0",NA,NA,NA,"0",NA,NA,NA,NA,NA,NA,NA,NA,"0","0","0",NA
"Saltator_similis","1","0","1","0",NA,NA,NA,"1",NA,NA,NA,NA,NA,NA,NA,NA,"0","0","0",NA
"Saltator_striatipectus","0","1","0","0",NA,NA,NA,"0",NA,NA,NA,NA,NA,NA,NA,NA,"0","0","0",NA
"Saltatricula_multicolor","0","1","0","0",NA,NA,NA,"0",NA,NA,NA,NA,NA,NA,NA,NA,"0","0","0",NA
"Salvadorina_waigiuensis","0","3","0","0",NA,NA,NA,"0",NA,"0",NA,"0",NA,NA,NA,"0","0","0","0",NA
"Sapayoa_aenigma","0","2","0","0",NA,NA,NA,"0",NA,"0",NA,NA,NA,NA,NA,NA,"0","0","0",NA
"Sappho_sparganura","0","3","0","0",NA,NA,NA,"0",NA,"0",NA,"0",NA,NA,NA,"0","0","0","0",NA
"Sarcogyps_calvus","0","2","0","0",NA,NA,NA,"0",NA,"0",NA,NA,NA,NA,NA,NA,"0","0","0",NA
"Sarcops_calvus","0","1","0","0",NA,NA,NA,"0",NA,NA,NA,NA,NA,NA,NA,NA,"0","0","0",NA
"Sarcoramphus_papa","0","3","0","0",NA,NA,NA,"0",NA,"0",NA,"0",NA,NA,NA,"1","0","0","0",NA
"Sarkidiornis_melanotos","0","2","0","0",NA,NA,NA,"0",NA,"0",NA,NA,NA,NA,NA,NA,"0","0","0",NA
"Saroglossa_aurata","0","2","0","0",NA,NA,NA,"0","0",NA,NA,NA,NA,NA,NA,NA,"0","0","0",NA
"Saroglossa_spiloptera","0","1","0","0",NA,NA,NA,"0",NA,NA,NA,NA,NA,NA,NA,NA,"0","0","0",NA
"Sarothrura_affinis","0","2","0","0",NA,NA,NA,"0",NA,"0",NA,NA,NA,NA,NA,NA,"0","0","0",NA
"Sarothrura_ayresi","0","3","0","0",NA,NA,NA,"0",NA,"0",NA,"0",NA,NA,NA,"1","0","0","0",NA
"Sarothrura_boehmi","0","3","0","0",NA,NA,NA,"0",NA,"0",NA,"0",NA,NA,NA,"0","0","0","0",NA
"Sarothrura_elegans","0","3","0","0",NA,NA,NA,"0",NA,"0",NA,"0",NA,NA,NA,"0","0","0","0",NA
"Sarothrura_insularis","0","1","0","0",NA,NA,NA,"0",NA,NA,NA,NA,NA,NA,NA,NA,"0","0","0",NA
"Sarothrura_lugens","0","1","0","0",NA,NA,NA,"0",NA,NA,NA,NA,NA,NA,NA,NA,"0","0","0",NA
"Sarothrura_pulchra","0","2","0","0",NA,NA,NA,"0",NA,"0",NA,NA,NA,NA,NA,NA,"0","0","0",NA
"Sarothrura_rufa","1","2","1","1",NA,NA,NA,"0",NA,"0",NA,"1",NA,NA,"K","1","1","0","0","Kin"
"Sarothrura_watersi","0","1","0","0",NA,NA,NA,"0",NA,NA,NA,NA,NA,NA,NA,NA,"0","0","0",NA
"Sasia_abnormis","0","2","0","0",NA,NA,NA,"0",NA,NA,NA,"0",NA,NA,NA,"1","0","0","0",NA
"Sasia_africana","0","2","0","0",NA,NA,NA,"0",NA,"0",NA,NA,NA,NA,NA,NA,"0","0","0",NA
"Sasia_ochracea","0","1","0","0",NA,NA,NA,"0",NA,NA,NA,NA,NA,NA,NA,NA,"0","0","0",NA
"Satrapa_icterophrys","0","2","0","0",NA,NA,NA,"0",NA,"0",NA,NA,NA,NA,NA,NA,"0","0","0",NA
"Saurothera_merlini","0","1","0","0",NA,NA,NA,NA,NA,NA,NA,"0",NA,NA,NA,"0","0","0","0",NA
"Saurothera_vetula","0","1","0","0",NA,NA,NA,NA,NA,NA,NA,"0",NA,NA,NA,"0","0","0","0",NA
"Saxicola_caprata","0","2","0","0",NA,NA,NA,"0",NA,"0",NA,NA,NA,NA,NA,NA,"0","0","0",NA
"Saxicola_dacotiae","1","0","2","0",NA,NA,NA,"1",NA,"1",NA,NA,NA,NA,NA,NA,"0","0","0",NA
"Saxicola_ferreus","0","2","0","0",NA,NA,NA,"0",NA,"0",NA,NA,NA,NA,NA,NA,"0","0","0",NA
"Saxicola_gutturalis","0","2","0","0",NA,NA,NA,"0",NA,"0",NA,NA,NA,NA,NA,NA,"0","0","0",NA
"Saxicola_insignis","0","2","0","0",NA,NA,NA,"0",NA,"0",NA,NA,NA,NA,NA,NA,"0","0","0",NA
"Saxicola_jerdoni","0","1","0","0",NA,NA,NA,"0",NA,NA,NA,NA,NA,NA,NA,NA,"0","0","0",NA
"Saxicola_leucurus","0","2","0","0",NA,NA,NA,"0",NA,"0",NA,NA,NA,NA,NA,NA,"0","0","0",NA
"Saxicola_macrorhynchus","0","1","0","0",NA,NA,NA,"0",NA,NA,NA,NA,NA,NA,NA,NA,"0","0","0",NA
"Saxicola_rubetra","0","2","0","0",NA,NA,NA,"0",NA,NA,NA,"0",NA,NA,NA,"0","0","0","0",NA
"Saxicola_tectes","0","2","0","0",NA,NA,NA,"0",NA,"0",NA,NA,NA,NA,NA,NA,"0","0","0",NA
"Saxicola_torquatus","0","3","0","0",NA,NA,NA,"0",NA,"0",NA,"0",NA,NA,NA,"0","0","0","0",NA
"Saxicoloides_fulicatus","0","2","0","0",NA,NA,NA,"0",NA,"0",NA,NA,NA,NA,NA,NA,"0","0","0",NA
"Sayornis_nigricans","0","3","0","0",NA,NA,NA,"0",NA,"0",NA,"0",NA,NA,NA,"0","0","0","0",NA
"Sayornis_phoebe","0","5","0","0",NA,"0","0","0",NA,"0",NA,"0",NA,NA,NA,"0","0","0","0",NA
"Sayornis_saya","0","3","0","0",NA,NA,NA,"0",NA,"0",NA,"0",NA,NA,NA,"0","0","0","0",NA
"Scelorchilus_albicollis","0","2","0","0",NA,NA,NA,"0",NA,"0",NA,NA,NA,NA,NA,NA,"0","0","0",NA
"Scelorchilus_rubecula","0","3","0","0",NA,NA,NA,"0",NA,"0",NA,"0",NA,NA,NA,"0","0","0","0",NA
"Scenopoeetes_dentirostris","0","2","0","0",NA,NA,NA,"0",NA,"0",NA,NA,NA,NA,NA,NA,"0","0","0",NA
"Schetba_rufa","1","0","3","0",NA,NA,NA,"1",NA,"1","1",NA,"M",NA,NA,NA,"0","0","1","Mixed"
"Schiffornis_major","0","1","0","0",NA,NA,NA,"0",NA,NA,NA,NA,NA,NA,NA,NA,"0","0","0",NA
"Schiffornis_turdina","0","1","0","0",NA,NA,NA,"0",NA,NA,NA,NA,NA,NA,NA,NA,"0","0","0",NA
"Schiffornis_virescens","0","2","0","0",NA,NA,NA,"0",NA,NA,NA,"0",NA,NA,NA,"0","0","0","0",NA
"Schistochlamys_melanopis","0","2","0","0",NA,NA,NA,"0",NA,NA,NA,"0",NA,NA,NA,"1","0","0","0",NA
"Schistochlamys_ruficapillus","0","2","0","0",NA,NA,NA,"0",NA,NA,NA,"0",NA,NA,NA,"0","0","0","0",NA
"Schistocichla_caurensis","0","1","0","0",NA,NA,NA,"0",NA,NA,NA,NA,NA,NA,NA,NA,"0","0","0",NA
"Schistocichla_leucostigma","0","1","0","0",NA,NA,NA,"0",NA,NA,NA,NA,NA,NA,NA,NA,"0","0","0",NA
"Schistocichla_schistacea","0","1","0","0",NA,NA,NA,"0",NA,NA,NA,NA,NA,NA,NA,NA,"0","0","0",NA
"Schizoeaca_coryi","0","1","0","0",NA,NA,NA,"0",NA,NA,NA,NA,NA,NA,NA,NA,"0","0","0",NA
"Schizoeaca_fuliginosa","0","1","0","0",NA,NA,NA,"0",NA,NA,NA,NA,NA,NA,NA,NA,"0","0","0",NA
"Schizoeaca_griseomurina","0","1","0","0",NA,NA,NA,"0",NA,NA,NA,NA,NA,NA,NA,NA,"0","0","0",NA
"Schizoeaca_harterti","0","2","0","0",NA,NA,NA,"0",NA,"0",NA,NA,NA,NA,NA,NA,"0","0","0",NA
"Schizoeaca_helleri","0","1","0","0",NA,NA,NA,"0",NA,NA,NA,NA,NA,NA,NA,NA,"0","0","0",NA
"Schizoeaca_palpebralis","0","1","0","0",NA,NA,NA,"0",NA,NA,NA,NA,NA,NA,NA,NA,"0","0","0",NA
"Schizoeaca_perijana","0","1","0","0",NA,NA,NA,"0",NA,NA,NA,NA,NA,NA,NA,NA,"0","0","0",NA
"Schizoeaca_vilcabambae","0","1","0","0",NA,NA,NA,"0",NA,NA,NA,NA,NA,NA,NA,NA,"0","0","0",NA
"Schoenicola_brevirostris","0","3","0","0",NA,NA,NA,"0",NA,"0",NA,"0",NA,NA,NA,"0","0","0","0",NA
"Schoenicola_platyurus","0","2","0","0",NA,NA,NA,"0",NA,"0",NA,NA,NA,NA,NA,NA,"0","0","0",NA
"Schoeniophylax_phryganophilus","0","2","0","0",NA,NA,NA,"0",NA,"0",NA,NA,NA,NA,NA,NA,"0","0","0",NA
"Schoutedenapus_myoptilus","0","2","0","0",NA,NA,NA,"0",NA,NA,NA,"0",NA,NA,NA,"0","0","0","0",NA
"Schoutedenapus_schoutedeni","0","1","0","0",NA,NA,NA,"0",NA,NA,NA,NA,NA,NA,NA,NA,"0","0","0",NA
"Scissirostrum_dubium","0","2","0","0",NA,NA,NA,"0",NA,"0",NA,NA,NA,NA,NA,NA,"0","0","0",NA
"Sclateria_naevia","0","2","0","0",NA,NA,NA,"0",NA,NA,NA,"0",NA,NA,NA,"1","0","0","0",NA
"Sclerurus_albigularis","0","1","0","0",NA,NA,NA,"0",NA,NA,NA,NA,NA,NA,NA,NA,"0","0","0",NA
"Sclerurus_caudacutus","0","2","0","0",NA,NA,NA,"0",NA,"0",NA,NA,NA,NA,NA,NA,"0","0","0",NA
"Sclerurus_guatemalensis","0","2","0","0",NA,NA,NA,"0",NA,"0",NA,NA,NA,NA,NA,NA,"0","0","0",NA
"Sclerurus_mexicanus","0","1","0","0",NA,NA,NA,"0",NA,NA,NA,NA,NA,NA,NA,NA,"0","0","0",NA
"Sclerurus_rufigularis","0","1","0","0",NA,NA,NA,"0",NA,NA,NA,NA,NA,NA,NA,NA,"0","0","0",NA
"Sclerurus_scansor","0","1","0","0",NA,NA,NA,"0",NA,NA,NA,NA,NA,NA,NA,NA,"0","0","0",NA
"Scolopax_celebensis","0","1","0","0",NA,NA,NA,"0",NA,NA,NA,NA,NA,NA,NA,NA,"0","0","0",NA
"Scolopax_minor","0","3","0","0",NA,NA,NA,"0",NA,"0",NA,"0",NA,NA,NA,"0","0","0","0",NA
"Scolopax_mira","0","1","0","0",NA,NA,NA,"0",NA,NA,NA,NA,NA,NA,NA,NA,"0","0","0",NA
"Scolopax_rochussenii","0","1","0","0",NA,NA,NA,"0",NA,NA,NA,NA,NA,NA,NA,NA,"0","0","0",NA
"Scolopax_rusticola","0","2","0","0",NA,NA,NA,"0",NA,"0",NA,NA,NA,NA,NA,NA,"0","0","0",NA
"Scolopax_saturata","0","1","0","0",NA,NA,NA,"0",NA,NA,NA,NA,NA,NA,NA,NA,"0","0","0",NA
"Scopus_umbretta","1","0","3","0",NA,NA,NA,"1",NA,"1",NA,"1",NA,NA,"K","1","1","0","0","Kin"
"Scotocerca_inquieta","0","2","0","0",NA,NA,NA,"0",NA,"0",NA,NA,NA,NA,NA,NA,"0","0","0",NA
"Scotopelia_bouvieri","0","2","0","0",NA,NA,NA,"0",NA,"0",NA,NA,NA,NA,NA,NA,"0","0","0",NA
"Scotopelia_peli","0","3","0","0",NA,NA,NA,"0",NA,"0",NA,"0",NA,NA,NA,"1","0","0","0",NA
"Scotopelia_ussheri","0","1","0","0",NA,NA,NA,"0",NA,NA,NA,NA,NA,NA,NA,NA,"0","0","0",NA
"Scytalopus_acutirostris","0","1","0","0",NA,NA,NA,"0",NA,NA,NA,NA,NA,NA,NA,NA,"0","0","0",NA
"Scytalopus_affinis","0","1","0","0",NA,NA,NA,"0",NA,NA,NA,NA,NA,NA,NA,NA,"0","0","0",NA
"Scytalopus_altirostris","0","1","0","0",NA,NA,NA,"0",NA,NA,NA,NA,NA,NA,NA,NA,"0","0","0",NA
"Scytalopus_argentifrons","0","1","0","0",NA,NA,NA,"0",NA,NA,NA,NA,NA,NA,NA,NA,"0","0","0",NA
"Scytalopus_atratus","0","1","0","0",NA,NA,NA,"0",NA,NA,NA,NA,NA,NA,NA,NA,"0","0","0",NA
"Scytalopus_bolivianus","0","1","0","0",NA,NA,NA,"0",NA,NA,NA,NA,NA,NA,NA,NA,"0","0","0",NA
"Scytalopus_canus","0","1","0","0",NA,NA,NA,"0",NA,NA,NA,NA,NA,NA,NA,NA,"0","0","0",NA
"Scytalopus_caracae","0","1","0","0",NA,NA,NA,"0",NA,NA,NA,NA,NA,NA,NA,NA,"0","0","0",NA
"Scytalopus_chocoensis","0","1","0","0",NA,NA,NA,"0",NA,NA,NA,NA,NA,NA,NA,NA,"0","0","0",NA
"Scytalopus_femoralis","0","1","0","0",NA,NA,NA,"0",NA,NA,NA,NA,NA,NA,NA,NA,"0","0","0",NA
"Scytalopus_fuscus","0","1","0","0",NA,NA,NA,"0",NA,NA,NA,NA,NA,NA,NA,NA,"0","0","0",NA
"Scytalopus_griseicollis","0","1","0","0",NA,NA,NA,"0",NA,NA,NA,NA,NA,NA,NA,NA,"0","0","0",NA
"Scytalopus_iraiensis","0","1","0","0",NA,NA,NA,"0",NA,NA,NA,NA,NA,NA,NA,NA,"0","0","0",NA
"Scytalopus_latebricola","0","1","0","0",NA,NA,NA,"0",NA,NA,NA,NA,NA,NA,NA,NA,"0","0","0",NA
"Scytalopus_latrans","0","1","0","0",NA,NA,NA,"0",NA,NA,NA,NA,NA,NA,NA,NA,"0","0","0",NA
"Scytalopus_macropus","0","1","0","0",NA,NA,NA,"0",NA,NA,NA,NA,NA,NA,NA,NA,"0","0","0",NA
"Scytalopus_magellanicus","0","2","0","0",NA,NA,NA,"0",NA,"0",NA,NA,NA,NA,NA,NA,"0","0","0",NA
"Scytalopus_meridanus","0","1","0","0",NA,NA,NA,"0",NA,NA,NA,NA,NA,NA,NA,NA,"0","0","0",NA
"Scytalopus_micropterus","0","1","0","0",NA,NA,NA,"0",NA,NA,NA,NA,NA,NA,NA,NA,"0","0","0",NA
"Scytalopus_novacapitalis","0","1","0","0",NA,NA,NA,"0",NA,NA,NA,NA,NA,NA,NA,NA,"0","0","0",NA
"Scytalopus_panamensis","0","1","0","0",NA,NA,NA,"0",NA,NA,NA,NA,NA,NA,NA,NA,"0","0","0",NA
"Scytalopus_parkeri","0","1","0","0",NA,NA,NA,"0",NA,NA,NA,NA,NA,NA,NA,NA,"0","0","0",NA
"Scytalopus_parvirostris","0","1","0","0",NA,NA,NA,"0",NA,NA,NA,NA,NA,NA,NA,NA,"0","0","0",NA
"Scytalopus_robbinsi","0","1","0","0",NA,NA,NA,"0",NA,NA,NA,NA,NA,NA,NA,NA,"0","0","0",NA
"Scytalopus_sanctaemartae","0","1","0","0",NA,NA,NA,"0",NA,NA,NA,NA,NA,NA,NA,NA,"0","0","0",NA
"Scytalopus_schulenbergi","0","1","0","0",NA,NA,NA,"0",NA,NA,NA,NA,NA,NA,NA,NA,"0","0","0",NA
"Scytalopus_simonsi","0","1","0","0",NA,NA,NA,"0",NA,NA,NA,NA,NA,NA,NA,NA,"0","0","0",NA
"Scytalopus_speluncae","0","1","0","0",NA,NA,NA,"0",NA,NA,NA,NA,NA,NA,NA,NA,"0","0","0",NA
"Scytalopus_spillmanni","0","1","0","0",NA,NA,NA,"0",NA,NA,NA,NA,NA,NA,NA,NA,"0","0","0",NA
"Scytalopus_superciliaris","0","1","0","0",NA,NA,NA,"0",NA,NA,NA,NA,NA,NA,NA,NA,"0","0","0",NA
"Scytalopus_unicolor","0","1","0","0",NA,NA,NA,"0",NA,NA,NA,NA,NA,NA,NA,NA,"0","0","0",NA
"Scytalopus_urubambae","0","1","0","0",NA,NA,NA,"0",NA,NA,NA,NA,NA,NA,NA,NA,"0","0","0",NA
"Scytalopus_vicinior","0","2","0","0",NA,NA,NA,"0",NA,"0",NA,NA,NA,NA,NA,NA,"0","0","0",NA
"Scytalopus_zimmeri","0","1","0","0",NA,NA,NA,"0",NA,NA,NA,NA,NA,NA,NA,NA,"0","0","0",NA
"Scythrops_novaehollandiae","0","1","0","0",NA,NA,NA,"0",NA,NA,NA,NA,NA,NA,NA,NA,"0","0","0",NA
"Seicercus_affinis","0","2","0","0",NA,NA,NA,"0",NA,"0",NA,NA,NA,NA,NA,NA,"0","0","0",NA
"Seicercus_burkii","0","2","0","0",NA,NA,NA,"0",NA,"0",NA,NA,NA,NA,NA,NA,"0","0","0",NA
"Seicercus_castaniceps","0","2","0","0",NA,NA,NA,"0",NA,"0",NA,NA,NA,NA,NA,NA,"0","0","0",NA
"Seicercus_grammiceps","0","1","0","0",NA,NA,NA,"0",NA,NA,NA,NA,NA,NA,NA,NA,"0","0","0",NA
"Seicercus_montis","0","1","0","0",NA,NA,NA,"0",NA,NA,NA,NA,NA,NA,NA,NA,"0","0","0",NA
"Seicercus_poliogenys","0","2","0","0",NA,NA,NA,"0",NA,"0",NA,NA,NA,NA,NA,NA,"0","0","0",NA
"Seiurus_aurocapilla","1","1","2","1",NA,NA,NA,"1",NA,"1",NA,"0",NA,NA,NA,"0","0","0","0",NA
"Seiurus_motacilla","0","2","0","0",NA,NA,NA,"0",NA,"0",NA,NA,NA,NA,NA,NA,"0","0","0",NA
"Seiurus_noveboracensis","0","2","0","0",NA,NA,NA,"0",NA,"0",NA,NA,NA,NA,NA,NA,"0","0","0",NA
"Selasphorus_ardens","0","1","0","0",NA,NA,NA,"0",NA,NA,NA,NA,NA,NA,NA,NA,"0","0","0",NA
"Selasphorus_flammula","0","2","0","0",NA,NA,NA,"0",NA,NA,NA,"0",NA,NA,NA,"0","0","0","0",NA
"Selasphorus_platycercus","0","3","0","0",NA,NA,NA,"0",NA,"0",NA,"0",NA,NA,NA,"0","0","0","0",NA
"Selasphorus_rufus","0","3","0","0",NA,NA,NA,"0",NA,"0",NA,"0",NA,NA,NA,"0","0","0","0",NA
"Selasphorus_sasin","0","3","0","0",NA,NA,NA,"0",NA,"0",NA,"0",NA,NA,NA,"0","0","0","0",NA
"Selasphorus_scintilla","0","2","0","0",NA,NA,NA,"0",NA,NA,NA,"0",NA,NA,NA,"0","0","0","0",NA
"Selenidera_gouldii","0","1","0","0",NA,NA,NA,"0",NA,NA,NA,NA,NA,NA,NA,NA,"0","0","0",NA
"Selenidera_maculirostris","0","1","0","0",NA,NA,NA,"0",NA,NA,NA,NA,NA,NA,NA,NA,"0","0","0",NA
"Selenidera_nattereri","0","1","0","0",NA,NA,NA,"0",NA,NA,NA,NA,NA,NA,NA,NA,"0","0","0",NA
"Selenidera_piperivora","1","0","1","0",NA,NA,NA,"1",NA,NA,NA,NA,NA,NA,NA,NA,"0","0","0",NA
"Selenidera_reinwardtii","0","1","0","0",NA,NA,NA,"0",NA,NA,NA,NA,NA,NA,NA,NA,"0","0","0",NA
"Selenidera_spectabilis","1","0","1","0",NA,NA,NA,"1",NA,NA,NA,NA,NA,NA,NA,NA,"0","0","0",NA
"Seleucidis_melanoleucus","0","2","0","0",NA,NA,NA,"0",NA,"0",NA,NA,NA,NA,NA,NA,"0","0","0",NA
"Semioptera_wallacii","0","2","0","0",NA,NA,NA,"0",NA,"0",NA,NA,NA,NA,NA,NA,"0","0","0",NA
"Semnornis_frantzii","0","2","0","0",NA,NA,NA,"0",NA,"0",NA,NA,NA,NA,NA,NA,"0","0","0",NA
"Semnornis_ramphastinus","1","0","4","0",NA,NA,NA,"1",NA,"1","1","1","K",NA,"K","1","2","0","0","Kin"
"Sephanoides_fernandensis",NA,"0","0","0",NA,NA,NA,NA,NA,NA,NA,NA,NA,NA,NA,NA,"0","0","0",NA
"Sephanoides_sephaniodes","0","2","0","0",NA,NA,NA,"0",NA,NA,NA,"0",NA,NA,NA,"0","0","0","0",NA
"Sericornis_arfakianus","1","0","1","0",NA,NA,NA,"1",NA,NA,NA,NA,NA,NA,NA,NA,"0","0","0",NA
"Sericornis_beccarii","1","1","2","1","1",NA,NA,"1",NA,"0",NA,NA,NA,NA,NA,NA,"0","0","0",NA
"Sericornis_citreogularis","0","3","0","0",NA,NA,NA,"0",NA,"0",NA,"0",NA,NA,NA,"1","0","0","0",NA
"Sericornis_frontalis","1","0","7","0","1","1","1","1",NA,"1","1","1","M","K","K","1","2","0","1","Kin"
"Sericornis_humilis","1","1","1","1",NA,NA,NA,"1",NA,"0",NA,NA,NA,NA,NA,NA,"0","0","0",NA
"Sericornis_keri","1","1","1","1",NA,NA,NA,"1",NA,NA,NA,"0",NA,NA,NA,"1","0","0","0",NA
"Sericornis_magnirostra","1","0","4","0","1",NA,NA,"1",NA,"1",NA,"1",NA,NA,"K","1","1","0","0","Kin"
"Sericornis_nouhuysi","1","1","2","1","1",NA,NA,"1",NA,"0",NA,NA,NA,NA,NA,NA,"0","0","0",NA
"Sericornis_papuensis","1","1","1","1",NA,NA,NA,"1",NA,"0",NA,NA,NA,NA,NA,NA,"0","0","0",NA
"Sericornis_perspicillatus","1","1","2","1","1",NA,NA,"1",NA,"0",NA,NA,NA,NA,NA,NA,"0","0","0",NA
"Sericornis_rufescens","1","0","1","0",NA,NA,NA,"1",NA,NA,NA,NA,NA,NA,NA,NA,"0","0","0",NA
"Sericornis_spilodera","1","0","2","0","1",NA,NA,"1",NA,NA,NA,NA,NA,NA,NA,NA,"0","0","0",NA
"Sericornis_virgatus","1","1","1","1",NA,NA,NA,"1",NA,NA,NA,"0",NA,NA,NA,"1","0","0","0",NA
"Sericossypha_albocristata","1","0","1","0",NA,NA,NA,"1",NA,NA,NA,NA,NA,NA,NA,NA,"0","0","0",NA
"Sericulus_aureus","0","2","0","0",NA,NA,NA,"0",NA,"0",NA,NA,NA,NA,NA,NA,"0","0","0",NA
"Sericulus_bakeri","0","2","0","0",NA,NA,NA,"0",NA,"0",NA,NA,NA,NA,NA,NA,"0","0","0",NA
"Sericulus_chrysocephalus","0","2","0","0",NA,NA,NA,"0",NA,"0",NA,NA,NA,NA,NA,NA,"0","0","0",NA
"Serilophus_lunatus","1","0","3","0",NA,NA,NA,"1",NA,"1",NA,"1",NA,NA,"K","1","1","0","0","Kin"
"Serinus_alario","0","3","0","0",NA,NA,NA,"0",NA,"0",NA,"0",NA,NA,NA,"1","0","0","0",NA
"Serinus_albogularis","0","3","0","0",NA,NA,NA,"0",NA,"0",NA,"0",NA,NA,NA,"1","0","0","0",NA
"Serinus_ankoberensis","0","1","0","0",NA,NA,NA,"0",NA,NA,NA,NA,NA,NA,NA,NA,"0","0","0",NA
"Serinus_atrogularis","0","2","0","0",NA,NA,NA,"0",NA,"0",NA,NA,NA,NA,NA,NA,"0","0","0",NA
"Serinus_buchanani","0","1","0","0",NA,NA,NA,"0",NA,NA,NA,NA,NA,NA,NA,NA,"0","0","0",NA
"Serinus_burtoni","0","2","0","0",NA,NA,NA,"0",NA,"0",NA,NA,NA,NA,NA,NA,"0","0","0",NA
"Serinus_canaria","0","4","0","0",NA,"0",NA,"0",NA,"0",NA,"0",NA,NA,NA,"0","0","0","0",NA
"Serinus_canicollis","0","3","0","0",NA,NA,NA,"0",NA,"0",NA,"0",NA,NA,NA,"1","0","0","0",NA
"Serinus_capistratus","0","1","0","0",NA,NA,NA,"0",NA,NA,NA,NA,NA,NA,NA,NA,"0","0","0",NA
"Serinus_citrinelloides","0","2","0","0",NA,NA,NA,"0",NA,"0",NA,NA,NA,NA,NA,NA,"0","0","0",NA
"Serinus_citrinipectus","0","2","0","0",NA,NA,NA,"0",NA,"0",NA,NA,NA,NA,NA,NA,"0","0","0",NA
"Serinus_donaldsoni","0","1","0","0",NA,NA,NA,"0",NA,NA,NA,NA,NA,NA,NA,NA,"0","0","0",NA
"Serinus_dorsostriatus","0","2","0","0",NA,NA,NA,"0",NA,"0",NA,NA,NA,NA,NA,NA,"0","0","0",NA
"Serinus_estherae","0","1","0","0",NA,NA,NA,"0",NA,NA,NA,NA,NA,NA,NA,NA,"0","0","0",NA
"Serinus_flavigula","0","1","0","0",NA,NA,NA,"0",NA,NA,NA,NA,NA,NA,NA,NA,"0","0","0",NA
"Serinus_flaviventris","0","2","0","0",NA,NA,NA,"0",NA,"0",NA,NA,NA,NA,NA,NA,"0","0","0",NA
"Serinus_flavivertex","0","1","0","0",NA,NA,NA,"0",NA,NA,NA,NA,NA,NA,NA,NA,"0","0","0",NA
"Serinus_frontalis","0","1","0","0",NA,NA,NA,"0",NA,NA,NA,NA,NA,NA,NA,NA,"0","0","0",NA
"Serinus_gularis","0","2","0","0",NA,NA,NA,"0",NA,"0",NA,NA,NA,NA,NA,NA,"0","0","0",NA
"Serinus_hypostictus","0","1","0","0",NA,NA,NA,"0",NA,NA,NA,NA,NA,NA,NA,NA,"0","0","0",NA
"Serinus_koliensis","0","1","0","0",NA,NA,NA,"0",NA,NA,NA,NA,NA,NA,NA,NA,"0","0","0",NA
"Serinus_leucopterus","0","3","0","0",NA,NA,NA,"0",NA,"0",NA,"0",NA,NA,NA,"1","0","0","0",NA
"Serinus_leucopygius","0","2","0","0",NA,NA,NA,"0",NA,"0",NA,NA,NA,NA,NA,NA,"0","0","0",NA
"Serinus_melanochrous","0","1","0","0",NA,NA,NA,"0",NA,NA,NA,NA,NA,NA,NA,NA,"0","0","0",NA
"Serinus_menachensis","0","2","0","0",NA,NA,NA,"0",NA,"0",NA,NA,NA,NA,NA,NA,"0","0","0",NA
"Serinus_mennelli","0","2","0","0",NA,NA,NA,"0",NA,"0",NA,NA,NA,NA,NA,NA,"0","0","0",NA
"Serinus_mozambicus","0","3","0","0",NA,NA,NA,"0",NA,"0",NA,"0",NA,NA,NA,"1","0","0","0",NA
"Serinus_nigriceps","0","1","0","0",NA,NA,NA,"0",NA,NA,NA,NA,NA,NA,NA,NA,"0","0","0",NA
"Serinus_pusillus","0","2","0","0",NA,NA,NA,"0",NA,"0",NA,NA,NA,NA,NA,NA,"0","0","0",NA
"Serinus_reichardi","0","1","0","0",NA,NA,NA,"0",NA,NA,NA,NA,NA,NA,NA,NA,"0","0","0",NA
"Serinus_rothschildi","0","1","0","0",NA,NA,NA,"0",NA,NA,NA,NA,NA,NA,NA,NA,"0","0","0",NA
"Serinus_rufobrunneus","0","1","0","0",NA,NA,NA,"0",NA,NA,NA,NA,NA,NA,NA,NA,"0","0","0",NA
"Serinus_scotops","0","3","0","0",NA,NA,NA,"0",NA,"0",NA,"0",NA,NA,NA,"1","0","0","0",NA
"Serinus_serinus","0","4","0","0",NA,"0","0","0",NA,"0",NA,NA,NA,NA,NA,NA,"0","0","0",NA
"Serinus_striolatus","0","2","0","0",NA,NA,NA,"0",NA,"0",NA,NA,NA,NA,NA,NA,"0","0","0",NA
"Serinus_sulphuratus","0","3","0","0",NA,NA,NA,"0",NA,"0",NA,"0",NA,NA,NA,"1","0","0","0",NA
"Serinus_symonsi","0","1","0","0",NA,NA,NA,"0",NA,NA,NA,NA,NA,NA,NA,NA,"0","0","0",NA
"Serinus_syriacus","0","3","0","0",NA,NA,NA,"0",NA,"0",NA,"0",NA,NA,NA,"0","0","0","0",NA
"Serinus_thibetanus","0","1","0","0",NA,NA,NA,"0",NA,NA,NA,NA,NA,NA,NA,NA,"0","0","0",NA
"Serinus_totta","0","2","0","0",NA,NA,NA,"0",NA,"0",NA,NA,NA,NA,NA,NA,"0","0","0",NA
"Serinus_tristriatus","0","2","0","0",NA,NA,NA,"0",NA,"0",NA,NA,NA,NA,NA,NA,"0","0","0",NA
"Serinus_whytii","0","1","0","0",NA,NA,NA,"0",NA,NA,NA,NA,NA,NA,NA,NA,"0","0","0",NA
"Serinus_xantholaemus","0","1","0","0",NA,NA,NA,"0",NA,NA,NA,NA,NA,NA,NA,NA,"0","0","0",NA
"Serinus_xanthopygius","0","1","0","0",NA,NA,NA,"0",NA,NA,NA,NA,NA,NA,NA,NA,"0","0","0",NA
"Serpophaga_cinerea","0","3","0","0",NA,NA,NA,"0",NA,"0",NA,"0",NA,NA,NA,"0","0","0","0",NA
"Serpophaga_hypoleuca","0","3","0","0",NA,NA,NA,"0",NA,"0",NA,"0",NA,NA,NA,"1","0","0","0",NA
"Serpophaga_munda","0","2","0","0",NA,NA,NA,"0",NA,"0",NA,NA,NA,NA,NA,NA,"0","0","0",NA
"Serpophaga_nigricans","0","1","0","0",NA,NA,NA,"0",NA,NA,NA,NA,NA,NA,NA,NA,"0","0","0",NA
"Serpophaga_subcristata","0","2","0","0",NA,NA,NA,"0",NA,"0",NA,NA,NA,NA,NA,NA,"0","0","0",NA
"Setophaga_ruticilla","0","5","0","0",NA,"0","0","0",NA,"0",NA,"0",NA,NA,NA,"0","0","0","0",NA
"Setornis_criniger","0","1","0","0",NA,NA,NA,"0",NA,NA,NA,NA,NA,NA,NA,NA,"0","0","0",NA
"Sheppardia_aequatorialis","0","2","0","0",NA,NA,NA,"0",NA,"0",NA,NA,NA,NA,NA,NA,"0","0","0",NA
"Sheppardia_bocagei","0","1","0","0",NA,NA,NA,"0",NA,NA,NA,NA,NA,NA,NA,NA,"0","0","0",NA
"Sheppardia_cyornithopsis","0","1","0","0",NA,NA,NA,"0",NA,NA,NA,NA,NA,NA,NA,NA,"0","0","0",NA
"Sheppardia_gabela","0","1","0","0",NA,NA,NA,"0",NA,NA,NA,NA,NA,NA,NA,NA,"0","0","0",NA
"Sheppardia_gunningi","1","0","3","0",NA,NA,NA,"1",NA,"1",NA,"1",NA,NA,"K","1","1","0","0","Kin"
"Sheppardia_lowei","0","1","0","0",NA,NA,NA,"0",NA,NA,NA,NA,NA,NA,NA,NA,"0","0","0",NA
"Sheppardia_montana","0","1","0","0",NA,NA,NA,"0",NA,NA,NA,NA,NA,NA,NA,NA,"0","0","0",NA
"Sheppardia_sharpei","0","1","0","0",NA,NA,NA,"0",NA,NA,NA,NA,NA,NA,NA,NA,"0","0","0",NA
"Sialia_currucoides","0","3","0","0",NA,"0",NA,"0",NA,NA,NA,"0",NA,NA,NA,"0","0","0","0",NA
"Sialia_mexicana","1","0","5","0",NA,"1",NA,"1",NA,"1","1","1","K",NA,"K","1","2","0","0","Kin"
"Sialia_sialis","0","4","0","0",NA,"0","0","0",NA,NA,NA,"0",NA,NA,NA,"1","0","0","0",NA
"Sicalis_auriventris","0","1","0","0",NA,NA,NA,"0",NA,NA,NA,NA,NA,NA,NA,NA,"0","0","0",NA
"Sicalis_citrina","0","2","0","0",NA,NA,NA,"0",NA,"0",NA,NA,NA,NA,NA,NA,"0","0","0",NA
"Sicalis_columbiana","0","2","0","0",NA,NA,NA,"0",NA,"0",NA,NA,NA,NA,NA,NA,"0","0","0",NA
"Sicalis_flaveola","0","2","0","0",NA,NA,NA,"0",NA,"0",NA,NA,NA,NA,NA,NA,"0","0","0",NA
"Sicalis_lebruni","0","1","0","0",NA,NA,NA,"0",NA,NA,NA,NA,NA,NA,NA,NA,"0","0","0",NA
"Sicalis_lutea","0","1","0","0",NA,NA,NA,"0",NA,NA,NA,NA,NA,NA,NA,NA,"0","0","0",NA
"Sicalis_luteocephala","0","1","0","0",NA,NA,NA,"0",NA,NA,NA,NA,NA,NA,NA,NA,"0","0","0",NA
"Sicalis_luteola","0","1","0","0",NA,NA,NA,"0",NA,NA,NA,NA,NA,NA,NA,NA,"0","0","0",NA
"Sicalis_olivascens","0","1","0","0",NA,NA,NA,"0",NA,NA,NA,NA,NA,NA,NA,NA,"0","0","0",NA
"Sicalis_raimondii","0","1","0","0",NA,NA,NA,"0",NA,NA,NA,NA,NA,NA,NA,NA,"0","0","0",NA
"Sicalis_taczanowskii","0","1","0","0",NA,NA,NA,"0",NA,NA,NA,NA,NA,NA,NA,NA,"0","0","0",NA
"Sicalis_uropygialis","0","1","0","0",NA,NA,NA,"0",NA,NA,NA,NA,NA,NA,NA,NA,"0","0","0",NA
"Sigelus_silens","0","1","0","0",NA,NA,NA,"0",NA,NA,NA,NA,NA,NA,NA,NA,"0","0","0",NA
"Simoxenops_striatus","0","1","0","0",NA,NA,NA,"0",NA,NA,NA,NA,NA,NA,NA,NA,"0","0","0",NA
"Simoxenops_ucayalae","0","1","0","0",NA,NA,NA,"0",NA,NA,NA,NA,NA,NA,NA,NA,"0","0","0",NA
"Siphonorhis_brewsteri","0","1","0","0",NA,NA,NA,"0",NA,NA,NA,NA,NA,NA,NA,NA,"0","0","0",NA
"Sipodotus_wallacii","1","0","3","0",NA,NA,NA,"1",NA,"1",NA,"1",NA,NA,"K","1","1","0","0","Kin"
"Siptornis_striaticollis","0","1","0","0",NA,NA,NA,"0",NA,NA,NA,NA,NA,NA,NA,NA,"0","0","0",NA
"Siptornopsis_hypochondriaca","0","1","0","0",NA,NA,NA,"0",NA,NA,NA,NA,NA,NA,NA,NA,"0","0","0",NA
"Sirystes_albogriseus","0","1","0","0",NA,NA,NA,"0",NA,NA,NA,NA,NA,NA,NA,NA,"0","0","0",NA
"Sirystes_sibilator","0","2","0","0",NA,NA,NA,"0",NA,"0",NA,NA,NA,NA,NA,NA,"0","0","0",NA
"Sitta_azurea","0","1","0","0",NA,NA,NA,"0",NA,NA,NA,NA,NA,NA,NA,NA,"0","0","0",NA
"Sitta_canadensis","0","2","0","0",NA,NA,NA,"0",NA,"0",NA,NA,NA,NA,NA,NA,"0","0","0",NA
"Sitta_carolinensis","0","3","0","0",NA,NA,NA,"0",NA,"0",NA,"0",NA,NA,NA,"0","0","0","0",NA
"Sitta_cashmirensis","0","2","0","0",NA,NA,NA,"0",NA,"0",NA,NA,NA,NA,NA,NA,"0","0","0",NA
"Sitta_castanea","0","3","0","0",NA,NA,NA,"0",NA,"0",NA,"0",NA,NA,NA,"1","0","0","0",NA
"Sitta_europaea","0","3","0","0",NA,NA,"0","0",NA,"0",NA,NA,NA,NA,NA,NA,"0","0","0",NA
"Sitta_formosa","0","1","0","0",NA,NA,NA,"0",NA,NA,NA,NA,NA,NA,NA,NA,"0","0","0",NA
"Sitta_frontalis","0","3","0","0",NA,NA,NA,"0",NA,"0",NA,"0",NA,NA,NA,"0","0","0","0",NA
"Sitta_himalayensis","0","3","0","0",NA,NA,NA,"0",NA,"0",NA,"0",NA,NA,NA,"1","0","0","0",NA
"Sitta_krueperi","0","2","0","0",NA,NA,NA,"0",NA,"0",NA,NA,NA,NA,NA,NA,"0","0","0",NA
"Sitta_ledanti","0","2","0","0",NA,NA,NA,"0",NA,"0",NA,NA,NA,NA,NA,NA,"0","0","0",NA
"Sitta_leucopsis","0","2","0","0",NA,NA,NA,"0",NA,"0",NA,NA,NA,NA,NA,NA,"0","0","0",NA
"Sitta_magna","0","1","0","0",NA,NA,NA,"0",NA,NA,NA,NA,NA,NA,NA,NA,"0","0","0",NA
"Sitta_nagaensis","0","2","0","0",NA,NA,NA,"0",NA,"0",NA,NA,NA,NA,NA,NA,"0","0","0",NA
"Sitta_neumayer","0","2","0","0",NA,NA,NA,"0",NA,"0",NA,NA,NA,NA,NA,NA,"0","0","0",NA
"Sitta_oenochlamys","0","1","0","0",NA,NA,NA,"0",NA,NA,NA,NA,NA,NA,NA,NA,"0","0","0",NA
"Sitta_pusilla","1","0","6","0","1","1",NA,"1",NA,"1","1","1","M",NA,"K","1","1","0","1","Kin"
"Sitta_pygmaea","1","0","5","0","1",NA,NA,"1",NA,"1","1","1","K",NA,"K","1","2","0","0","Kin"
"Sitta_solangiae","0","1","0","0",NA,NA,NA,"0",NA,NA,NA,NA,NA,NA,NA,NA,"0","0","0",NA
"Sitta_tephronota","0","2","0","0",NA,NA,NA,"0",NA,"0",NA,NA,NA,NA,NA,NA,"0","0","0",NA
"Sitta_victoriae","0","1","0","0",NA,NA,NA,"0",NA,NA,NA,NA,NA,NA,NA,NA,"0","0","0",NA
"Sitta_villosa","0","2","0","0",NA,NA,NA,"0",NA,"0",NA,NA,NA,NA,NA,NA,"0","0","0",NA
"Sitta_whiteheadi","0","3","0","0",NA,NA,NA,"0",NA,"0",NA,"0",NA,NA,NA,"0","0","0","0",NA
"Sitta_yunnanensis","0","1","0","0",NA,NA,NA,"0",NA,NA,NA,NA,NA,NA,NA,NA,"0","0","0",NA
"Sittasomus_griseicapillus","0","2","0","0",NA,NA,NA,"0",NA,"0",NA,NA,NA,NA,NA,NA,"0","0","0",NA
"Skutchia_borbae","0","1","0","0",NA,NA,NA,"0",NA,NA,NA,NA,NA,NA,NA,NA,"0","0","0",NA
"Smicrornis_brevirostris","1","0","4","0","1",NA,NA,"1",NA,"1",NA,"1",NA,NA,"K","1","1","0","0","Kin"
"Smithornis_capensis","0","2","0","0",NA,NA,NA,"0",NA,"0",NA,NA,NA,NA,NA,NA,"0","0","0",NA
"Smithornis_rufolateralis","0","2","0","0",NA,NA,NA,"0",NA,"0",NA,NA,NA,NA,NA,NA,"0","0","0",NA
"Smithornis_sharpei","0","1","0","0",NA,NA,NA,"0",NA,NA,NA,NA,NA,NA,NA,NA,"0","0","0",NA
"Somateria_fischeri","0","3","0","0",NA,NA,NA,"0",NA,"0",NA,"0",NA,NA,NA,"0","0","0","0",NA
"Somateria_mollissima","0","3","0","0",NA,NA,NA,"0",NA,"0",NA,"0",NA,NA,NA,"0","0","0","0",NA
"Somateria_spectabilis","0","3","0","0",NA,NA,NA,"0",NA,"0",NA,"0",NA,NA,NA,"0","0","0","0",NA
"Spartonoica_maluroides","0","1","0","0",NA,NA,NA,"0",NA,NA,NA,NA,NA,NA,NA,NA,"0","0","0",NA
"Speculanas_specularis","0","2","0","0",NA,NA,NA,"0",NA,"0",NA,NA,NA,NA,NA,NA,"0","0","0",NA
"Speculipastor_bicolor","1","1","2","1",NA,NA,NA,"1","1","0",NA,NA,NA,NA,NA,NA,"0","0","0",NA
"Speirops_brunneus","1","0","1","0",NA,NA,NA,"1",NA,NA,NA,NA,NA,NA,NA,NA,"0","0","0",NA
"Speirops_leucophoeus","0","1","0","0",NA,NA,NA,NA,NA,"0",NA,NA,NA,NA,NA,NA,"0","0","0",NA
"Speirops_lugubris","1","0","3","0",NA,NA,NA,"1",NA,"1",NA,"1",NA,NA,"K","1","1","0","0","Kin"
"Speirops_melanocephalus","1","0","1","0",NA,NA,NA,"1",NA,NA,NA,NA,NA,NA,NA,NA,"0","0","0",NA
"Spelaeornis_badeigularis","0","1","0","0",NA,NA,NA,"0",NA,NA,NA,NA,NA,NA,NA,NA,"0","0","0",NA
"Spelaeornis_caudatus","0","1","0","0",NA,NA,NA,"0",NA,NA,NA,NA,NA,NA,NA,NA,"0","0","0",NA
"Spelaeornis_chocolatinus","0","2","0","0",NA,NA,NA,"0",NA,"0",NA,NA,NA,NA,NA,NA,"0","0","0",NA
"Spelaeornis_formosus","0","1","0","0",NA,NA,NA,"0",NA,NA,NA,NA,NA,NA,NA,NA,"0","0","0",NA
"Spelaeornis_longicaudatus","0","2","0","0",NA,NA,NA,"0",NA,"0",NA,NA,NA,NA,NA,NA,"0","0","0",NA
"Spelaeornis_troglodytoides","0","1","0","0",NA,NA,NA,"0",NA,NA,NA,NA,NA,NA,NA,NA,"0","0","0",NA
"Spermophaga_haematina","0","3","0","0",NA,NA,NA,"0",NA,"0",NA,"0",NA,NA,NA,"0","0","0","0",NA
"Spermophaga_poliogenys","0","1","0","0",NA,NA,NA,"0",NA,NA,NA,NA,NA,NA,NA,NA,"0","0","0",NA
"Spermophaga_ruficapilla","0","3","0","0",NA,NA,NA,"0",NA,"0",NA,"0",NA,NA,NA,"1","0","0","0",NA
"Sphecotheres_hypoleucus","1","0","1","0",NA,NA,NA,"1",NA,NA,NA,NA,NA,NA,NA,NA,"0","0","0",NA
"Sphecotheres_vieilloti","0","1","0","0",NA,NA,NA,"0",NA,NA,NA,NA,NA,NA,NA,NA,"0","0","0",NA
"Sphecotheres_viridis","1","0","3","0",NA,NA,NA,"1",NA,"1",NA,"1",NA,NA,"K","1","1","0","0","Kin"
"Spheniscus_demersus","0","1","0","0",NA,NA,NA,NA,NA,"0",NA,NA,NA,NA,NA,NA,"0","0","0",NA
"Spheniscus_humboldti","0","2","0","0",NA,"0",NA,NA,NA,"0",NA,NA,NA,NA,NA,NA,"0","0","0",NA
"Spheniscus_magellanicus","0","1","0","0",NA,NA,NA,NA,NA,"0",NA,NA,NA,NA,NA,NA,"0","0","0",NA
"Spheniscus_mendiculus","0","1","0","0",NA,NA,NA,NA,NA,"0",NA,NA,NA,NA,NA,NA,"0","0","0",NA
"Sphenocichla_humei","0","1","0","0",NA,NA,NA,"0",NA,NA,NA,NA,NA,NA,NA,NA,"0","0","0",NA
"Sphenoeacus_afer","0","3","0","0",NA,NA,NA,"0",NA,"0",NA,"0",NA,NA,NA,"0","0","0","0",NA
"Sphyrapicus_nuchalis","0","2","0","0",NA,NA,NA,"0",NA,"0",NA,NA,NA,NA,NA,NA,"0","0","0",NA
"Sphyrapicus_ruber","0","1","0","0",NA,NA,NA,"0",NA,NA,NA,NA,NA,NA,NA,NA,"0","0","0",NA
"Sphyrapicus_thyroideus","0","2","0","0",NA,NA,NA,"0",NA,NA,NA,"0",NA,NA,NA,"0","0","0","0",NA
"Sphyrapicus_varius","0","3","0","0",NA,NA,NA,"0",NA,"0",NA,"0",NA,NA,NA,"1","0","0","0",NA
"Spiloptila_clamans","0","2","0","0",NA,NA,NA,"0",NA,NA,NA,"0",NA,NA,NA,"1","0","0","0",NA
"Spiloptila_rufifrons","0","1","0","0",NA,NA,NA,"0",NA,NA,NA,NA,NA,NA,NA,NA,"0","0","0",NA
"Spilornis_cheela","0","2","0","0",NA,NA,NA,"0",NA,"0",NA,NA,NA,NA,NA,NA,"0","0","0",NA
"Spilornis_elgini","0","1","0","0",NA,NA,NA,"0",NA,NA,NA,NA,NA,NA,NA,NA,"0","0","0",NA
"Spilornis_holospilus","0","1","0","0",NA,NA,NA,"0",NA,NA,NA,NA,NA,NA,NA,NA,"0","0","0",NA
"Spilornis_kinabaluensis","0","1","0","0",NA,NA,NA,"0",NA,NA,NA,NA,NA,NA,NA,NA,"0","0","0",NA
"Spilornis_rufipectus","0","1","0","0",NA,NA,NA,"0",NA,NA,NA,NA,NA,NA,NA,NA,"0","0","0",NA
"Spindalis_dominicensis","0","1","0","0",NA,NA,NA,"0",NA,NA,NA,NA,NA,NA,NA,NA,"0","0","0",NA
"Spindalis_nigricephala","0","2","0","0",NA,NA,NA,"0",NA,NA,NA,"0",NA,NA,NA,"1","0","0","0",NA
"Spindalis_portoricensis","0","2","0","0",NA,NA,NA,"0",NA,NA,NA,"0",NA,NA,NA,"1","0","0","0",NA
"Spindalis_zena","0","1","0","0",NA,NA,NA,"0",NA,NA,NA,NA,NA,NA,NA,NA,"0","0","0",NA
"Spiza_americana","0","5","0","0",NA,"0","0","0",NA,"0",NA,"0",NA,NA,NA,"0","0","0","0",NA
"Spizaetus_isidori","0","1","0","0",NA,NA,NA,"0",NA,NA,NA,NA,NA,NA,NA,NA,"0","0","0",NA
"Spizaetus_melanoleucus","0","1","0","0",NA,NA,NA,"0",NA,NA,NA,NA,NA,NA,NA,NA,"0","0","0",NA
"Spizaetus_ornatus","0","3","0","0",NA,NA,NA,"0",NA,"0",NA,"0",NA,NA,NA,"1","0","0","0",NA
"Spizaetus_tyrannus","0","2","0","0",NA,NA,NA,"0",NA,"0",NA,NA,NA,NA,NA,NA,"0","0","0",NA
"Spizella_arborea","0","3","0","0",NA,NA,NA,"0",NA,"0",NA,"0",NA,NA,NA,"0","0","0","0",NA
"Spizella_atrogularis","0","3","0","0",NA,NA,NA,"0",NA,"0",NA,"0",NA,NA,NA,"0","0","0","0",NA
"Spizella_breweri","0","2","0","0",NA,NA,NA,"0",NA,NA,NA,"0",NA,NA,NA,"0","0","0","0",NA
"Spizella_pallida","0","3","0","0",NA,NA,NA,"0",NA,"0",NA,"0",NA,NA,NA,"0","0","0","0",NA
"Spizella_passerina","1","1","2","1",NA,NA,NA,"1",NA,"0",NA,"1",NA,NA,"NK","0","0","1","0","NonKin"
"Spizella_pusilla","0","4","0","0",NA,NA,"0","0",NA,"0",NA,"0",NA,NA,NA,"0","0","0","0",NA
"Spizella_wortheni","0","2","0","0",NA,NA,NA,"0",NA,"0",NA,NA,NA,NA,NA,NA,"0","0","0",NA
"Spiziapteryx_circumcincta","0","1","0","0",NA,NA,NA,"0",NA,NA,NA,NA,NA,NA,NA,NA,"0","0","0",NA
"Spizixos_canifrons","1","0","3","0",NA,NA,NA,"1",NA,"1",NA,"1",NA,NA,"K","1","1","0","0","Kin"
"Spizixos_semitorques","1","0","1","0",NA,NA,NA,"1",NA,NA,NA,NA,NA,NA,NA,NA,"0","0","0",NA
"Spizocorys_conirostris","0","2","0","0",NA,NA,NA,"0",NA,"0",NA,NA,NA,NA,NA,NA,"0","0","0",NA
"Spizocorys_fringillaris","0","2","0","0",NA,NA,NA,"0",NA,"0",NA,NA,NA,NA,NA,NA,"0","0","0",NA
"Spizocorys_obbiensis","0","2","0","0",NA,NA,NA,"0",NA,NA,NA,"0",NA,NA,NA,"0","0","0","0",NA
"Spizocorys_personata","0","1","0","0",NA,NA,NA,"0",NA,NA,NA,NA,NA,NA,NA,NA,"0","0","0",NA
"Spizocorys_sclateri","0","2","0","0",NA,NA,NA,"0",NA,"0",NA,NA,NA,NA,NA,NA,"0","0","0",NA
"Sporophila_albogularis","0","1","0","0",NA,NA,NA,"0",NA,NA,NA,NA,NA,NA,NA,NA,"0","0","0",NA
"Sporophila_americana","0","2","0","0",NA,NA,NA,"0",NA,"0",NA,NA,NA,NA,NA,NA,"0","0","0",NA
"Sporophila_ardesiaca",NA,"0","0","0",NA,NA,NA,NA,NA,NA,NA,NA,NA,NA,NA,NA,"0","0","0",NA
"Sporophila_bouvreuil","0","1","0","0",NA,NA,NA,"0",NA,NA,NA,NA,NA,NA,NA,NA,"0","0","0",NA
"Sporophila_bouvronides","0","2","0","0",NA,NA,NA,"0",NA,"0",NA,NA,NA,NA,NA,NA,"0","0","0",NA
"Sporophila_caerulescens","0","1","0","0",NA,NA,NA,"0",NA,NA,NA,NA,NA,NA,NA,NA,"0","0","0",NA
"Sporophila_castaneiventris","0","2","0","0",NA,NA,NA,"0",NA,"0",NA,NA,NA,NA,NA,NA,"0","0","0",NA
"Sporophila_cinnamomea","0","1","0","0",NA,NA,NA,"0",NA,NA,NA,NA,NA,NA,NA,NA,"0","0","0",NA
"Sporophila_collaris","0","1","0","0",NA,NA,NA,"0",NA,NA,NA,NA,NA,NA,NA,NA,"0","0","0",NA
"Sporophila_corvina","0","1","0","0",NA,NA,NA,"0",NA,NA,NA,NA,NA,NA,NA,NA,"0","0","0",NA
"Sporophila_falcirostris","0","1","0","0",NA,NA,NA,"0",NA,NA,NA,NA,NA,NA,NA,NA,"0","0","0",NA
"Sporophila_frontalis","0","2","0","0",NA,NA,NA,"0",NA,NA,NA,"0",NA,NA,NA,"0","0","0","0",NA
"Sporophila_hypochroma","0","1","0","0",NA,NA,NA,"0",NA,NA,NA,NA,NA,NA,NA,NA,"0","0","0",NA
"Sporophila_hypoxantha","0","1","0","0",NA,NA,NA,"0",NA,NA,NA,NA,NA,NA,NA,NA,"0","0","0",NA
"Sporophila_intermedia","0","1","0","0",NA,NA,NA,"0",NA,NA,NA,NA,NA,NA,NA,NA,"0","0","0",NA
"Sporophila_leucoptera","0","2","0","0",NA,NA,NA,"0",NA,NA,NA,"0",NA,NA,NA,"0","0","0","0",NA
"Sporophila_lineola","0","1","0","0",NA,NA,NA,"0",NA,NA,NA,NA,NA,NA,NA,NA,"0","0","0",NA
"Sporophila_luctuosa","0","2","0","0",NA,NA,NA,"0",NA,"0",NA,NA,NA,NA,NA,NA,"0","0","0",NA
"Sporophila_melanogaster","0","1","0","0",NA,NA,NA,"0",NA,NA,NA,NA,NA,NA,NA,NA,"0","0","0",NA
"Sporophila_melanops","0","1","0","0",NA,NA,NA,"0",NA,NA,NA,NA,NA,NA,NA,NA,"0","0","0",NA
"Sporophila_minuta","0","1","0","0",NA,NA,NA,"0",NA,NA,NA,NA,NA,NA,NA,NA,"0","0","0",NA
"Sporophila_murallae","0","1","0","0",NA,NA,NA,"0",NA,NA,NA,NA,NA,NA,NA,NA,"0","0","0",NA
"Sporophila_nigricollis","0","3","0","0",NA,NA,NA,"0",NA,"0",NA,"0",NA,NA,NA,"0","0","0","0",NA
"Sporophila_nigrorufa","0","1","0","0",NA,NA,NA,"0",NA,NA,NA,NA,NA,NA,NA,NA,"0","0","0",NA
"Sporophila_palustris","0","1","0","0",NA,NA,NA,"0",NA,NA,NA,NA,NA,NA,NA,NA,"0","0","0",NA
"Sporophila_peruviana","0","1","0","0",NA,NA,NA,"0",NA,NA,NA,NA,NA,NA,NA,NA,"0","0","0",NA
"Sporophila_plumbea","0","1","0","0",NA,NA,NA,"0",NA,NA,NA,NA,NA,NA,NA,NA,"0","0","0",NA
"Sporophila_ruficollis","0","1","0","0",NA,NA,NA,"0",NA,NA,NA,NA,NA,NA,NA,NA,"0","0","0",NA
"Sporophila_schistacea","0","2","0","0",NA,NA,NA,"0",NA,"0",NA,NA,NA,NA,NA,NA,"0","0","0",NA
"Sporophila_simplex","0","1","0","0",NA,NA,NA,"0",NA,NA,NA,NA,NA,NA,NA,NA,"0","0","0",NA
"Sporophila_telasco","0","2","0","0",NA,NA,NA,"0",NA,NA,NA,"0",NA,NA,NA,"0","0","0","0",NA
"Sporophila_torqueola","0","2","0","0",NA,NA,NA,"0",NA,"0",NA,NA,NA,NA,NA,NA,"0","0","0",NA
"Sporopipes_frontalis","1","0","1","0",NA,NA,NA,"1",NA,NA,NA,NA,NA,NA,NA,NA,"0","0","0",NA
"Sporopipes_squamifrons","1","0","1","0",NA,NA,NA,"1",NA,NA,NA,NA,NA,NA,NA,NA,"0","0","0",NA
"Spreo_albicapillus","1","0","2","0",NA,NA,NA,"1","1",NA,NA,NA,NA,NA,NA,NA,"0","0","0",NA
"Spreo_bicolor","1","0","5","0",NA,NA,NA,"1","1","1","1","1","M",NA,"K","1","1","0","1","Kin"
"Spreo_fischeri","1","0","4","0",NA,NA,NA,"1","1","1",NA,"1",NA,NA,"K","1","1","0","0","Kin"
"Stachyris_ambigua","0","1","0","0",NA,NA,NA,"0",NA,NA,NA,NA,NA,NA,NA,NA,"0","0","0",NA
"Stachyris_capitalis","0","1","0","0",NA,NA,NA,"0",NA,NA,NA,NA,NA,NA,NA,NA,"0","0","0",NA
"Stachyris_chrysaea","0","1","0","0",NA,NA,NA,"0",NA,NA,NA,NA,NA,NA,NA,NA,"0","0","0",NA
"Stachyris_dennistouni","0","1","0","0",NA,NA,NA,"0",NA,NA,NA,NA,NA,NA,NA,NA,"0","0","0",NA
"Stachyris_erythroptera","1","2","1","1",NA,NA,NA,"1",NA,"0",NA,"0",NA,NA,NA,"0","0","0","0",NA
"Stachyris_grammiceps","0","2","0","0",NA,NA,NA,"0",NA,NA,NA,"0",NA,NA,NA,"0","0","0","0",NA
"Stachyris_herberti","0","2","0","0",NA,NA,NA,"0",NA,NA,NA,"0",NA,NA,NA,"0","0","0","0",NA
"Stachyris_hypogrammica","0","1","0","0",NA,NA,NA,"0",NA,NA,NA,NA,NA,NA,NA,NA,"0","0","0",NA
"Stachyris_latistriata","0","1","0","0",NA,NA,NA,"0",NA,NA,NA,NA,NA,NA,NA,NA,"0","0","0",NA
"Stachyris_leucotis","0","1","0","0",NA,NA,NA,"0",NA,NA,NA,NA,NA,NA,NA,NA,"0","0","0",NA
"Stachyris_maculata","1","0","1","0",NA,NA,NA,"1",NA,NA,NA,NA,NA,NA,NA,NA,"0","0","0",NA
"Stachyris_melanothorax","1","0","1","0",NA,NA,NA,"1",NA,NA,NA,NA,NA,NA,NA,NA,"0","0","0",NA
"Stachyris_nigriceps","0","3","0","0",NA,NA,NA,"0",NA,"0",NA,"0",NA,NA,NA,"0","0","0","0",NA
"Stachyris_nigricollis","0","1","0","0",NA,NA,NA,"0",NA,NA,NA,NA,NA,NA,NA,NA,"0","0","0",NA
"Stachyris_nigrocapitata","0","1","0","0",NA,NA,NA,"0",NA,NA,NA,NA,NA,NA,NA,NA,"0","0","0",NA
"Stachyris_nigrorum","0","1","0","0",NA,NA,NA,"0",NA,NA,NA,NA,NA,NA,NA,NA,"0","0","0",NA
"Stachyris_oglei","0","2","0","0",NA,NA,NA,"0",NA,NA,NA,"0",NA,NA,NA,"0","0","0","0",NA
"Stachyris_plateni","0","1","0","0",NA,NA,NA,"0",NA,NA,NA,NA,NA,NA,NA,NA,"0","0","0",NA
"Stachyris_poliocephala","0","2","0","0",NA,NA,NA,"0",NA,NA,NA,"0",NA,NA,NA,"0","0","0","0",NA
"Stachyris_pyrrhops","0","2","0","0",NA,NA,NA,"0",NA,"0",NA,NA,NA,NA,NA,NA,"0","0","0",NA
"Stachyris_ruficeps","0","2","0","0",NA,NA,NA,"0",NA,"0",NA,NA,NA,NA,NA,NA,"0","0","0",NA
"Stachyris_rufifrons","0","2","0","0",NA,NA,NA,"0",NA,"0",NA,NA,NA,NA,NA,NA,"0","0","0",NA
"Stachyris_striata","0","1","0","0",NA,NA,NA,"0",NA,NA,NA,NA,NA,NA,NA,NA,"0","0","0",NA
"Stachyris_striolata","0","1","0","0",NA,NA,NA,"0",NA,NA,NA,NA,NA,NA,NA,NA,"0","0","0",NA
"Stachyris_thoracica","1","0","1","0",NA,NA,NA,"1",NA,NA,NA,NA,NA,NA,NA,NA,"0","0","0",NA
"Stachyris_whiteheadi","0","2","0","0",NA,NA,NA,"0",NA,NA,NA,"0",NA,NA,NA,"0","0","0","0",NA
"Stactolaema_anchietae","1","0","3","0",NA,NA,NA,"1",NA,"1",NA,"1",NA,NA,"K","1","1","0","0","Kin"
"Stactolaema_leucotis","1","0","3","0",NA,NA,NA,"1",NA,"1",NA,"1",NA,NA,"K","1","1","0","0","Kin"
"Stactolaema_olivacea","1","0","3","0",NA,NA,NA,"1",NA,"1",NA,"1",NA,NA,"K","1","1","0","0","Kin"
"Stactolaema_whytii","1","0","3","0",NA,NA,NA,"1",NA,"1",NA,"1",NA,NA,"K","1","1","0","0","Kin"
"Stagonopleura_bella","0","3","0","0",NA,NA,NA,"0",NA,"0",NA,"0",NA,NA,NA,"0","0","0","0",NA
"Stagonopleura_guttata","0","2","0","0",NA,NA,NA,"0",NA,"0",NA,NA,NA,NA,NA,NA,"0","0","0",NA
"Stagonopleura_oculata","0","3","0","0",NA,NA,NA,"0",NA,"0",NA,"0",NA,NA,NA,"1","0","0","0",NA
"Starnoenas_cyanocephala","0","2","0","0",NA,NA,NA,"0",NA,"0",NA,NA,NA,NA,NA,NA,"0","0","0",NA
"Steatornis_caripensis","0","2","0","0",NA,NA,NA,"0",NA,"0",NA,NA,NA,NA,NA,NA,"0","0","0",NA
"Steganopus_tricolor","0","3","0","0",NA,"0",NA,"0",NA,"0",NA,NA,NA,NA,NA,NA,"0","0","0",NA
"Stelgidopteryx_ruficollis","0","2","0","0",NA,NA,NA,"0",NA,"0",NA,NA,NA,NA,NA,NA,"0","0","0",NA
"Stelgidopteryx_serripennis","0","2","0","0",NA,NA,NA,"0",NA,NA,NA,"0",NA,NA,NA,"0","0","0","0",NA
"Stellula_calliope","0","3","0","0",NA,NA,NA,"0",NA,"0",NA,"0",NA,NA,NA,"0","0","0","0",NA
"Stenostira_scita","0","2","0","0",NA,NA,NA,"0",NA,"0",NA,NA,NA,NA,NA,NA,"0","0","0",NA
"Stephanoaetus_coronatus","0","2","0","0",NA,NA,NA,"0",NA,"0",NA,NA,NA,NA,NA,NA,"0","0","0",NA
"Stephanophorus_diadematus","0","1","0","0",NA,NA,NA,"0",NA,NA,NA,NA,NA,NA,NA,NA,"0","0","0",NA
"Stephanoxis_lalandi","0","2","0","0",NA,NA,NA,"0",NA,"0",NA,NA,NA,NA,NA,NA,"0","0","0",NA
"Stercorarius_longicaudus","0","2","0","0",NA,NA,NA,"0",NA,"0",NA,NA,NA,NA,NA,NA,"0","0","0",NA
"Stercorarius_parasiticus",NA,"0","0","0",NA,NA,NA,NA,NA,NA,NA,NA,NA,NA,NA,NA,"0","0","0",NA
"Stercorarius_pomarinus","0","1","0","0",NA,NA,NA,NA,NA,"0",NA,NA,NA,NA,NA,NA,"0","0","0",NA
"Sterna_acuticauda","0","2","0","0",NA,NA,NA,"0",NA,"0",NA,NA,NA,NA,NA,NA,"0","0","0",NA
"Sterna_albifrons","0","1","0","0",NA,NA,NA,NA,NA,"0",NA,NA,NA,NA,NA,NA,"0","0","0",NA
"Sterna_albostriata","0","2","0","0",NA,NA,NA,"0",NA,"0",NA,NA,NA,NA,NA,NA,"0","0","0",NA
"Sterna_aleutica","0","1","0","0",NA,NA,NA,NA,NA,"0",NA,NA,NA,NA,NA,NA,"0","0","0",NA
"Sterna_anaethetus","0","1","0","0",NA,NA,NA,NA,NA,"0",NA,NA,NA,NA,NA,NA,"0","0","0",NA
"Sterna_antillarum","0","2","0","0",NA,NA,NA,NA,NA,"0",NA,"0",NA,NA,NA,"0","0","0","0",NA
"Sterna_aurantia","0","2","0","0",NA,NA,NA,"0",NA,"0",NA,NA,NA,NA,NA,NA,"0","0","0",NA
"Sterna_balaenarum","0","1","0","0",NA,NA,NA,NA,NA,"0",NA,NA,NA,NA,NA,NA,"0","0","0",NA
"Sterna_bengalensis","0","1","0","0",NA,NA,NA,NA,NA,"0",NA,NA,NA,NA,NA,NA,"0","0","0",NA
"Sterna_bergii","0","1","0","0",NA,NA,NA,NA,NA,"0",NA,NA,NA,NA,NA,NA,"0","0","0",NA
"Sterna_bernsteini",NA,"0","0","0",NA,NA,NA,NA,NA,NA,NA,NA,NA,NA,NA,NA,"0","0","0",NA
"Sterna_caspia","0","1","0","0",NA,NA,NA,NA,NA,NA,NA,"0",NA,NA,NA,"1","0","0","0",NA
"Sterna_dougallii",NA,"0","0","0",NA,NA,NA,NA,NA,NA,NA,NA,NA,NA,NA,NA,"0","0","0",NA
"Sterna_elegans","0","1","0","0",NA,NA,NA,NA,NA,"0",NA,NA,NA,NA,NA,NA,"0","0","0",NA
"Sterna_forsteri","0","3","0","0",NA,NA,NA,"0",NA,"0",NA,"0",NA,NA,NA,"1","0","0","0",NA
"Sterna_fuscata",NA,"0","0","0",NA,NA,NA,NA,NA,NA,NA,NA,NA,NA,NA,NA,"0","0","0",NA
"Sterna_hirundinacea","0","1","0","0",NA,NA,NA,NA,NA,"0",NA,NA,NA,NA,NA,NA,"0","0","0",NA
"Sterna_hirundo","0","4","0","0",NA,"0","0","0",NA,NA,NA,"0",NA,NA,NA,"1","0","0","0",NA
"Sterna_lorata","0","1","0","0",NA,NA,NA,NA,NA,"0",NA,NA,NA,NA,NA,NA,"0","0","0",NA
"Sterna_lunata","0","1","0","0",NA,NA,NA,NA,NA,"0",NA,NA,NA,NA,NA,NA,"0","0","0",NA
"Sterna_maxima","0","1","0","0",NA,NA,NA,NA,NA,"0",NA,NA,NA,NA,NA,NA,"0","0","0",NA
"Sterna_nereis","0","1","0","0",NA,NA,NA,NA,NA,"0",NA,NA,NA,NA,NA,NA,"0","0","0",NA
"Sterna_nilotica","0","1","0","0",NA,NA,NA,NA,NA,NA,NA,"0",NA,NA,NA,"0","0","0","0",NA
"Sterna_paradisaea","0","1","0","0",NA,NA,NA,"0",NA,NA,NA,NA,NA,NA,NA,NA,"0","0","0",NA
"Sterna_repressa","0","1","0","0",NA,NA,NA,NA,NA,"0",NA,NA,NA,NA,NA,NA,"0","0","0",NA
"Sterna_sandvicensis","0","1","0","0",NA,NA,NA,NA,NA,"0",NA,NA,NA,NA,NA,NA,"0","0","0",NA
"Sterna_saundersi","0","1","0","0",NA,NA,NA,NA,NA,"0",NA,NA,NA,NA,NA,NA,"0","0","0",NA
"Sterna_striata","0","1","0","0",NA,NA,NA,NA,NA,"0",NA,NA,NA,NA,NA,NA,"0","0","0",NA
"Sterna_sumatrana","0","1","0","0",NA,NA,NA,NA,NA,"0",NA,NA,NA,NA,NA,NA,"0","0","0",NA
"Sterna_superciliaris","0","2","0","0",NA,NA,NA,"0",NA,"0",NA,NA,NA,NA,NA,NA,"0","0","0",NA
"Sterna_trudeaui","0","2","0","0",NA,NA,NA,"0",NA,"0",NA,NA,NA,NA,NA,NA,"0","0","0",NA
"Sterna_virgata","0","1","0","0",NA,NA,NA,NA,NA,"0",NA,NA,NA,NA,NA,NA,"0","0","0",NA
"Sterna_vittata","0","1","0","0",NA,NA,NA,NA,NA,"0",NA,NA,NA,NA,NA,NA,"0","0","0",NA
"Sternoclyta_cyanopectus","0","3","0","0",NA,NA,NA,"0",NA,"0",NA,"0",NA,NA,NA,"0","0","0","0",NA
"Stictonetta_naevosa","0","2","0","0",NA,NA,NA,"0",NA,"0",NA,NA,NA,NA,NA,NA,"0","0","0",NA
"Stigmatopelia_chinensis","0","3","0","0",NA,NA,NA,"0",NA,"0",NA,"0",NA,NA,NA,"0","0","0","0",NA
"Stigmatopelia_senegalensis","0","3","0","0",NA,NA,NA,"0",NA,"0",NA,"0",NA,NA,NA,"0","0","0","0",NA
"Stigmatura_budytoides","0","3","0","0",NA,NA,NA,"0",NA,"0",NA,"0",NA,NA,NA,"1","0","0","0",NA
"Stigmatura_napensis","0","2","0","0",NA,NA,NA,"0",NA,NA,NA,"0",NA,NA,NA,"1","0","0","0",NA
"Stiltia_isabella","0","3","0","0",NA,NA,NA,"0",NA,"0",NA,"0",NA,NA,NA,"0","0","0","0",NA
"Stiphrornis_erythrothorax","0","2","0","0",NA,NA,NA,"0",NA,"0",NA,NA,NA,NA,NA,NA,"0","0","0",NA
"Stipiturus_malachurus","1","1","5","1",NA,"0","1","1",NA,"1","1","1","K","K","K","1","3","0","0","Kin"
"Stipiturus_mallee","1","1","1","1",NA,NA,NA,"1",NA,NA,NA,"0",NA,NA,NA,"1","0","0","0",NA
"Stipiturus_ruficeps","1","0","1","0",NA,NA,NA,"1",NA,NA,NA,NA,NA,NA,NA,NA,"0","0","0",NA
"Stizorhina_finschi","0","1","0","0",NA,NA,NA,"0",NA,NA,NA,NA,NA,NA,NA,NA,"0","0","0",NA
"Stizorhina_fraseri","0","2","0","0",NA,NA,NA,"0",NA,"0",NA,NA,NA,NA,NA,NA,"0","0","0",NA
"Strepera_fuliginosa","0","2","0","0",NA,NA,NA,"0",NA,"0",NA,NA,NA,NA,NA,NA,"0","0","0",NA
"Strepera_graculina","0","2","0","0",NA,NA,NA,"0",NA,"0",NA,NA,NA,NA,NA,NA,"0","0","0",NA
"Strepera_versicolor","0","2","0","0",NA,NA,NA,"0",NA,"0",NA,NA,NA,NA,NA,NA,"0","0","0",NA
"Streptocitta_albertinae","0","1","0","0",NA,NA,NA,"0",NA,NA,NA,NA,NA,NA,NA,NA,"0","0","0",NA
"Streptocitta_albicollis","0","1","0","0",NA,NA,NA,"0",NA,NA,NA,NA,NA,NA,NA,NA,"0","0","0",NA
"Streptopelia_bitorquata","0","2","0","0",NA,NA,NA,"0",NA,"0",NA,NA,NA,NA,NA,NA,"0","0","0",NA
"Streptopelia_capicola","0","3","0","0",NA,NA,NA,"0",NA,"0",NA,"0",NA,NA,NA,"0","0","0","0",NA
"Streptopelia_decaocto","0","3","0","0",NA,NA,NA,"0",NA,"0",NA,"0",NA,NA,NA,"0","0","0","0",NA
"Streptopelia_decipiens","0","3","0","0",NA,NA,NA,"0",NA,"0",NA,"0",NA,NA,NA,"0","0","0","0",NA
"Streptopelia_hypopyrrha","0","2","0","0",NA,NA,NA,"0",NA,"0",NA,NA,NA,NA,NA,NA,"0","0","0",NA
"Streptopelia_lugens","0","3","0","0",NA,NA,NA,"0",NA,"0",NA,"0",NA,NA,NA,"0","0","0","0",NA
"Streptopelia_orientalis","0","2","0","0",NA,NA,NA,"0",NA,"0",NA,NA,NA,NA,NA,NA,"0","0","0",NA
"Streptopelia_reichenowi","0","1","0","0",NA,NA,NA,"0",NA,NA,NA,NA,NA,NA,NA,NA,"0","0","0",NA
"Streptopelia_roseogrisea","0","2","0","0",NA,NA,NA,"0",NA,"0",NA,NA,NA,NA,NA,NA,"0","0","0",NA
"Streptopelia_semitorquata","0","2","0","0",NA,NA,NA,"0",NA,"0",NA,NA,NA,NA,NA,NA,"0","0","0",NA
"Streptopelia_tranquebarica","0","3","0","0",NA,NA,NA,"0",NA,"0",NA,"0",NA,NA,NA,"0","0","0","0",NA
"Streptopelia_turtur","0","3","0","0",NA,NA,NA,"0",NA,"0",NA,"0",NA,NA,NA,"0","0","0","0",NA
"Streptopelia_vinacea","0","3","0","0",NA,NA,NA,"0",NA,"0",NA,"0",NA,NA,NA,"0","0","0","0",NA
"Streptoprocne_biscutata","0","1","0","0",NA,NA,NA,"0",NA,NA,NA,NA,NA,NA,NA,NA,"0","0","0",NA
"Streptoprocne_phelpsi","0","1","0","0",NA,NA,NA,"0",NA,NA,NA,NA,NA,NA,NA,NA,"0","0","0",NA
"Streptoprocne_rutila","0","1","0","0",NA,NA,NA,"0",NA,NA,NA,NA,NA,NA,NA,NA,"0","0","0",NA
"Streptoprocne_semicollaris","0","2","0","0",NA,NA,NA,"0",NA,"0",NA,NA,NA,NA,NA,NA,"0","0","0",NA
"Streptoprocne_zonaris","0","3","0","0",NA,NA,NA,"0",NA,"0",NA,"0",NA,NA,NA,"0","0","0","0",NA
"Stresemannia_bougainvillei",NA,"0","0","0",NA,NA,NA,NA,NA,NA,NA,NA,NA,NA,NA,NA,"0","0","0",NA
"Strigops_habroptila","0","2","0","0",NA,NA,NA,"0",NA,"0",NA,NA,NA,NA,NA,NA,"0","0","0",NA
"Strix_albitarsis","0","1","0","0",NA,NA,NA,"0",NA,NA,NA,NA,NA,NA,NA,NA,"0","0","0",NA
"Strix_aluco","0","5","0","0",NA,"0","0","0",NA,"0",NA,"0",NA,NA,NA,"0","0","0","0",NA
"Strix_butleri","0","2","0","0",NA,NA,NA,"0",NA,"0",NA,NA,NA,NA,NA,NA,"0","0","0",NA
"Strix_chacoensis","0","1","0","0",NA,NA,NA,"0",NA,NA,NA,NA,NA,NA,NA,NA,"0","0","0",NA
"Strix_davidi","0","1","0","0",NA,NA,NA,"0",NA,NA,NA,NA,NA,NA,NA,NA,"0","0","0",NA
"Strix_fulvescens","0","2","0","0",NA,NA,NA,"0",NA,"0",NA,NA,NA,NA,NA,NA,"0","0","0",NA
"Strix_huhula","0","1","0","0",NA,NA,NA,"0",NA,NA,NA,NA,NA,NA,NA,NA,"0","0","0",NA
"Strix_hylophila","0","2","0","0",NA,NA,NA,"0",NA,"0",NA,NA,NA,NA,NA,NA,"0","0","0",NA
"Strix_leptogrammica","0","1","0","0",NA,NA,NA,"0",NA,NA,NA,NA,NA,NA,NA,NA,"0","0","0",NA
"Strix_nebulosa","0","2","0","0",NA,NA,NA,"0",NA,NA,NA,"0",NA,NA,NA,"1","0","0","0",NA
"Strix_nigrolineata","0","2","0","0",NA,NA,NA,"0",NA,"0",NA,NA,NA,NA,NA,NA,"0","0","0",NA
"Strix_occidentalis","0","3","0","0",NA,NA,NA,"0",NA,"0",NA,"0",NA,NA,NA,"0","0","0","0",NA
"Strix_ocellata","0","1","0","0",NA,NA,NA,"0",NA,NA,NA,NA,NA,NA,NA,NA,"0","0","0",NA
"Strix_rufipes","0","1","0","0",NA,NA,NA,"0",NA,NA,NA,NA,NA,NA,NA,NA,"0","0","0",NA
"Strix_seloputo","0","1","0","0",NA,NA,NA,"0",NA,NA,NA,NA,NA,NA,NA,NA,"0","0","0",NA
"Strix_uralensis","0","3","0","0",NA,NA,NA,"0",NA,"0",NA,"0",NA,NA,NA,"0","0","0","0",NA
"Strix_varia","0","3","0","0",NA,NA,NA,"0",NA,"0",NA,"0",NA,NA,NA,"0","0","0","0",NA
"Strix_virgata","0","3","0","0",NA,NA,NA,"0",NA,"0",NA,"0",NA,NA,NA,"0","0","0","0",NA
"Strix_woodfordii","0","3","0","0",NA,NA,NA,"0",NA,"0",NA,"0",NA,NA,NA,"0","0","0","0",NA
"Struthidea_cinerea","1","0","6","0","1",NA,"1","1",NA,"1","1","1","K","K","K","1","3","0","0","Kin"
"Struthio_camelus","0","3","0","0",NA,NA,NA,"0",NA,"0",NA,"0",NA,NA,NA,"1","0","0","0",NA
"Sturnella_bellicosa","0","1","0","0",NA,NA,NA,"0",NA,NA,NA,NA,NA,NA,NA,NA,"0","0","0",NA
"Sturnella_defilippii",NA,"0","0","0",NA,NA,NA,NA,NA,NA,NA,NA,NA,NA,NA,NA,"0","0","0",NA
"Sturnella_loyca","0","2","0","0",NA,NA,NA,"0",NA,"0",NA,NA,NA,NA,NA,NA,"0","0","0",NA
"Sturnella_magna","0","3","0","0",NA,NA,NA,"0",NA,"0",NA,"0",NA,NA,NA,"0","0","0","0",NA
"Sturnella_militaris","0","3","0","0",NA,NA,NA,"0",NA,"0",NA,"0",NA,NA,NA,"0","0","0","0",NA
"Sturnella_neglecta","0","3","0","0",NA,NA,NA,"0",NA,"0",NA,"0",NA,NA,NA,"0","0","0","0",NA
"Sturnella_superciliaris","0","1","0","0",NA,NA,NA,"0",NA,NA,NA,NA,NA,NA,NA,NA,"0","0","0",NA
"Sturnus_albofrontatus","0","1","0","0",NA,NA,NA,"0",NA,NA,NA,NA,NA,NA,NA,NA,"0","0","0",NA
"Sturnus_burmannicus","0","1","0","0",NA,NA,NA,"0",NA,NA,NA,NA,NA,NA,NA,NA,"0","0","0",NA
"Sturnus_cineraceus","0","2","0","0",NA,NA,NA,"0",NA,"0",NA,NA,NA,NA,NA,NA,"0","0","0",NA
"Sturnus_contra","0","2","0","0",NA,NA,NA,"0",NA,"0",NA,NA,NA,NA,NA,NA,"0","0","0",NA
"Sturnus_erythropygius","0","1","0","0",NA,NA,NA,"0",NA,NA,NA,NA,NA,NA,NA,NA,"0","0","0",NA
"Sturnus_malabaricus","0","2","0","0",NA,NA,NA,"0",NA,"0",NA,NA,NA,NA,NA,NA,"0","0","0",NA
"Sturnus_melanopterus","0","2","0","0",NA,NA,NA,"0",NA,"0",NA,NA,NA,NA,NA,NA,"0","0","0",NA
"Sturnus_nigricollis","0","1","0","0",NA,NA,NA,"0",NA,NA,NA,NA,NA,NA,NA,NA,"0","0","0",NA
"Sturnus_pagodarum","0","2","0","0",NA,NA,NA,"0",NA,"0",NA,NA,NA,NA,NA,NA,"0","0","0",NA
"Sturnus_philippensis","0","2","0","0",NA,NA,NA,"0",NA,"0",NA,NA,NA,NA,NA,NA,"0","0","0",NA
"Sturnus_roseus","0","2","0","0",NA,NA,NA,"0",NA,NA,NA,"0",NA,NA,NA,"0","0","0","0",NA
"Sturnus_sericeus","0","1","0","0",NA,NA,NA,"0",NA,NA,NA,NA,NA,NA,NA,NA,"0","0","0",NA
"Sturnus_sinensis","0","1","0","0",NA,NA,NA,"0",NA,NA,NA,NA,NA,NA,NA,NA,"0","0","0",NA
"Sturnus_sturninus","0","2","0","0",NA,NA,NA,"0",NA,"0",NA,NA,NA,NA,NA,NA,"0","0","0",NA
"Sturnus_unicolor","0","4","0","0",NA,"0",NA,"0",NA,"0",NA,"0",NA,NA,NA,"0","0","0","0",NA
"Sturnus_vulgaris","0","4","0","0",NA,"0","0","0",NA,NA,NA,"0",NA,NA,NA,"0","0","0","0",NA
"Stymphalornis_acutirostris","0","1","0","0",NA,NA,NA,"0",NA,NA,NA,NA,NA,NA,NA,NA,"0","0","0",NA
"Sublegatus_arenarum","0","2","0","0",NA,NA,NA,"0",NA,"0",NA,NA,NA,NA,NA,NA,"0","0","0",NA
"Sublegatus_modestus","0","2","0","0",NA,NA,NA,"0",NA,"0",NA,NA,NA,NA,NA,NA,"0","0","0",NA
"Sublegatus_obscurior","0","1","0","0",NA,NA,NA,"0",NA,NA,NA,NA,NA,NA,NA,NA,"0","0","0",NA
"Suiriri_islerorum","0","1","0","0",NA,NA,NA,"0",NA,NA,NA,NA,NA,NA,NA,NA,"0","0","0",NA
"Suiriri_suiriri","0","1","0","0",NA,NA,NA,"0",NA,NA,NA,NA,NA,NA,NA,NA,"0","0","0",NA
"Sula_dactylatra","0","2","0","0",NA,NA,"0",NA,NA,"0",NA,NA,NA,NA,NA,NA,"0","0","0",NA
"Sula_granti","0","1","0","0",NA,"0",NA,NA,NA,NA,NA,NA,NA,NA,NA,NA,"0","0","0",NA
"Sula_leucogaster","0","1","0","0",NA,NA,NA,NA,NA,"0",NA,NA,NA,NA,NA,NA,"0","0","0",NA
"Sula_nebouxii","0","3","0","0",NA,"0","0",NA,NA,"0",NA,NA,NA,NA,NA,NA,"0","0","0",NA
"Sula_sula","0","2","0","0",NA,"0",NA,NA,NA,"0",NA,NA,NA,NA,NA,NA,"0","0","0",NA
"Sula_variegata","0","1","0","0",NA,NA,NA,NA,NA,"0",NA,NA,NA,NA,NA,NA,"0","0","0",NA
"Surnia_ulula","0","3","0","0",NA,NA,NA,"0",NA,"0",NA,"0",NA,NA,NA,"0","0","0","0",NA
"Surniculus_lugubris","0","1","0","0",NA,NA,NA,"0",NA,NA,NA,NA,NA,NA,NA,NA,"0","0","0",NA
"Surniculus_velutinus","0","1","0","0",NA,NA,NA,"0",NA,NA,NA,NA,NA,NA,NA,NA,"0","0","0",NA
"Swynnertonia_swynnertoni","0","3","0","0",NA,NA,NA,"0",NA,"0",NA,"0",NA,NA,NA,"0","0","0","0",NA
"Sylvia_althaea","0","2","0","0",NA,NA,NA,"0",NA,"0",NA,NA,NA,NA,NA,NA,"0","0","0",NA
"Sylvia_atricapilla","0","3","0","0",NA,NA,NA,"0",NA,"0",NA,"0",NA,NA,NA,"0","0","0","0",NA
"Sylvia_boehmi","0","2","0","0",NA,NA,NA,"0",NA,"0",NA,NA,NA,NA,NA,NA,"0","0","0",NA
"Sylvia_borin","0","3","0","0",NA,NA,NA,"0",NA,"0",NA,"0",NA,NA,NA,"0","0","0","0",NA
"Sylvia_buryi","0","2","0","0",NA,NA,NA,"0",NA,"0",NA,NA,NA,NA,NA,NA,"0","0","0",NA
"Sylvia_cantillans","0","2","0","0",NA,NA,NA,"0",NA,"0",NA,NA,NA,NA,NA,NA,"0","0","0",NA
"Sylvia_communis","0","2","0","0",NA,NA,NA,"0",NA,"0",NA,NA,NA,NA,NA,NA,"0","0","0",NA
"Sylvia_conspicillata","0","2","0","0",NA,NA,NA,"0",NA,"0",NA,NA,NA,NA,NA,NA,"0","0","0",NA
"Sylvia_curruca","0","2","0","0",NA,NA,NA,"0",NA,"0",NA,NA,NA,NA,NA,NA,"0","0","0",NA
"Sylvia_deserticola","0","2","0","0",NA,NA,NA,"0",NA,"0",NA,NA,NA,NA,NA,NA,"0","0","0",NA
"Sylvia_hortensis","0","2","0","0",NA,NA,NA,"0",NA,"0",NA,NA,NA,NA,NA,NA,"0","0","0",NA
"Sylvia_layardi","0","2","0","0",NA,NA,NA,"0",NA,"0",NA,NA,NA,NA,NA,NA,"0","0","0",NA
"Sylvia_leucomelaena","0","2","0","0",NA,NA,NA,"0",NA,"0",NA,NA,NA,NA,NA,NA,"0","0","0",NA
"Sylvia_lugens","0","2","0","0",NA,NA,NA,"0",NA,"0",NA,NA,NA,NA,NA,NA,"0","0","0",NA
"Sylvia_melanocephala","0","2","0","0",NA,NA,NA,"0",NA,"0",NA,NA,NA,NA,NA,NA,"0","0","0",NA
"Sylvia_melanothorax","0","2","0","0",NA,NA,NA,"0",NA,"0",NA,NA,NA,NA,NA,NA,"0","0","0",NA
"Sylvia_minula","0","2","0","0",NA,NA,NA,"0",NA,"0",NA,NA,NA,NA,NA,NA,"0","0","0",NA
"Sylvia_mystacea","0","2","0","0",NA,NA,NA,"0",NA,"0",NA,NA,NA,NA,NA,NA,"0","0","0",NA
"Sylvia_nana","0","2","0","0",NA,NA,NA,"0",NA,"0",NA,NA,NA,NA,NA,NA,"0","0","0",NA
"Sylvia_nisoria","0","2","0","0",NA,NA,NA,"0",NA,"0",NA,NA,NA,NA,NA,NA,"0","0","0",NA
"Sylvia_rueppelli","0","2","0","0",NA,NA,NA,"0",NA,"0",NA,NA,NA,NA,NA,NA,"0","0","0",NA
"Sylvia_sarda","0","2","0","0",NA,NA,NA,"0",NA,"0",NA,NA,NA,NA,NA,NA,"0","0","0",NA
"Sylvia_subcaerulea","0","2","0","0",NA,NA,NA,"0",NA,"0",NA,NA,NA,NA,NA,NA,"0","0","0",NA
"Sylvia_undata","1","0","2","0",NA,NA,NA,"1",NA,"1",NA,NA,NA,NA,NA,NA,"0","0","0",NA
"Sylvietta_brachyura","0","2","0","0",NA,NA,NA,"0",NA,"0",NA,NA,NA,NA,NA,NA,"0","0","0",NA
"Sylvietta_denti","0","2","0","0",NA,NA,NA,"0",NA,"0",NA,NA,NA,NA,NA,NA,"0","0","0",NA
"Sylvietta_isabellina","0","1","0","0",NA,NA,NA,"0",NA,NA,NA,NA,NA,NA,NA,NA,"0","0","0",NA
"Sylvietta_leucophrys","0","2","0","0",NA,NA,NA,"0",NA,"0",NA,NA,NA,NA,NA,NA,"0","0","0",NA
"Sylvietta_philippae","0","1","0","0",NA,NA,NA,"0",NA,NA,NA,NA,NA,NA,NA,NA,"0","0","0",NA
"Sylvietta_rufescens","0","3","0","0",NA,NA,NA,"0",NA,"0",NA,"0",NA,NA,NA,"1","0","0","0",NA
"Sylvietta_ruficapilla","0","3","0","0",NA,NA,NA,"0",NA,"0",NA,"0",NA,NA,NA,"1","0","0","0",NA
"Sylvietta_virens","1","0","3","0",NA,NA,NA,"1",NA,"1",NA,"1",NA,NA,"K","1","1","0","0","Kin"
"Sylvietta_whytii","0","3","0","0",NA,NA,NA,"0",NA,"0",NA,"0",NA,NA,NA,"0","0","0","0",NA
"Sylviorthorhynchus_desmursii","0","1","0","0",NA,NA,NA,"0",NA,NA,NA,NA,NA,NA,NA,NA,"0","0","0",NA
"Sylviparus_modestus","0","1","0","0",NA,NA,NA,"0",NA,NA,NA,NA,NA,NA,NA,NA,"0","0","0",NA
"Syma_megarhyncha","0","1","0","0",NA,NA,NA,"0",NA,NA,NA,NA,NA,NA,NA,NA,"0","0","0",NA
"Syma_torotoro","0","3","0","0",NA,NA,NA,"0",NA,"0",NA,"0",NA,NA,NA,"0","0","0","0",NA
"Synallaxis_albescens","0","2","0","0",NA,NA,NA,"0",NA,"0",NA,NA,NA,NA,NA,NA,"0","0","0",NA
"Synallaxis_albigularis","0","1","0","0",NA,NA,NA,"0",NA,NA,NA,NA,NA,NA,NA,NA,"0","0","0",NA
"Synallaxis_albilora","0","1","0","0",NA,NA,NA,"0",NA,NA,NA,NA,NA,NA,NA,NA,"0","0","0",NA
"Synallaxis_azarae","0","2","0","0",NA,NA,NA,"0",NA,"0",NA,NA,NA,NA,NA,NA,"0","0","0",NA
"Synallaxis_brachyura","0","2","0","0",NA,NA,NA,"0",NA,"0",NA,NA,NA,NA,NA,NA,"0","0","0",NA
"Synallaxis_cabanisi","0","1","0","0",NA,NA,NA,"0",NA,NA,NA,NA,NA,NA,NA,NA,"0","0","0",NA
"Synallaxis_candei","0","1","0","0",NA,NA,NA,"0",NA,NA,NA,NA,NA,NA,NA,NA,"0","0","0",NA
"Synallaxis_castanea","0","1","0","0",NA,NA,NA,"0",NA,NA,NA,NA,NA,NA,NA,NA,"0","0","0",NA
"Synallaxis_cherriei","0","1","0","0",NA,NA,NA,"0",NA,NA,NA,NA,NA,NA,NA,NA,"0","0","0",NA
"Synallaxis_cinerascens","0","1","0","0",NA,NA,NA,"0",NA,NA,NA,NA,NA,NA,NA,NA,"0","0","0",NA
"Synallaxis_cinnamomea","0","1","0","0",NA,NA,NA,"0",NA,NA,NA,NA,NA,NA,NA,NA,"0","0","0",NA
"Synallaxis_courseni","0","1","0","0",NA,NA,NA,"0",NA,NA,NA,NA,NA,NA,NA,NA,"0","0","0",NA
"Synallaxis_erythrothorax","0","2","0","0",NA,NA,NA,"0",NA,"0",NA,NA,NA,NA,NA,NA,"0","0","0",NA
"Synallaxis_frontalis","0","2","0","0",NA,NA,NA,"0",NA,"0",NA,NA,NA,NA,NA,NA,"0","0","0",NA
"Synallaxis_fuscorufa","0","1","0","0",NA,NA,NA,"0",NA,NA,NA,NA,NA,NA,NA,NA,"0","0","0",NA
"Synallaxis_gujanensis","0","2","0","0",NA,NA,NA,"0",NA,"0",NA,NA,NA,NA,NA,NA,"0","0","0",NA
"Synallaxis_hypospodia","0","1","0","0",NA,NA,NA,"0",NA,NA,NA,NA,NA,NA,NA,NA,"0","0","0",NA
"Synallaxis_infuscata","0","2","0","0",NA,NA,NA,"0",NA,"0",NA,NA,NA,NA,NA,NA,"0","0","0",NA
"Synallaxis_kollari","0","1","0","0",NA,NA,NA,"0",NA,NA,NA,NA,NA,NA,NA,NA,"0","0","0",NA
"Synallaxis_macconnelli","0","1","0","0",NA,NA,NA,"0",NA,NA,NA,NA,NA,NA,NA,NA,"0","0","0",NA
"Synallaxis_maranonica","0","1","0","0",NA,NA,NA,"0",NA,NA,NA,NA,NA,NA,NA,NA,"0","0","0",NA
"Synallaxis_moesta","0","1","0","0",NA,NA,NA,"0",NA,NA,NA,NA,NA,NA,NA,NA,"0","0","0",NA
"Synallaxis_propinqua","0","1","0","0",NA,NA,NA,"0",NA,NA,NA,NA,NA,NA,NA,NA,"0","0","0",NA
"Synallaxis_ruficapilla","0","1","0","0",NA,NA,NA,"0",NA,NA,NA,NA,NA,NA,NA,NA,"0","0","0",NA
"Synallaxis_rutilans","0","1","0","0",NA,NA,NA,"0",NA,NA,NA,NA,NA,NA,NA,NA,"0","0","0",NA
"Synallaxis_scutata","0","1","0","0",NA,NA,NA,"0",NA,NA,NA,NA,NA,NA,NA,NA,"0","0","0",NA
"Synallaxis_spixi","0","2","0","0",NA,NA,NA,"0",NA,"0",NA,NA,NA,NA,NA,NA,"0","0","0",NA
"Synallaxis_stictothorax","0","1","0","0",NA,NA,NA,"0",NA,NA,NA,NA,NA,NA,NA,NA,"0","0","0",NA
"Synallaxis_subpudica","0","1","0","0",NA,NA,NA,"0",NA,NA,NA,NA,NA,NA,NA,NA,"0","0","0",NA
"Synallaxis_tithys","0","1","0","0",NA,NA,NA,"0",NA,NA,NA,NA,NA,NA,NA,NA,"0","0","0",NA
"Synallaxis_unirufa","0","1","0","0",NA,NA,NA,"0",NA,NA,NA,NA,NA,NA,NA,NA,"0","0","0",NA
"Synallaxis_whitneyi","0","1","0","0",NA,NA,NA,"0",NA,NA,NA,NA,NA,NA,NA,NA,"0","0","0",NA
"Synallaxis_zimmeri","0","2","0","0",NA,NA,NA,"0",NA,"0",NA,NA,NA,NA,NA,NA,"0","0","0",NA
"Syndactyla_dimidiata","0","1","0","0",NA,NA,NA,"0",NA,NA,NA,NA,NA,NA,NA,NA,"0","0","0",NA
"Syndactyla_guttulata","0","1","0","0",NA,NA,NA,"0",NA,NA,NA,NA,NA,NA,NA,NA,"0","0","0",NA
"Syndactyla_ruficollis","0","1","0","0",NA,NA,NA,"0",NA,NA,NA,NA,NA,NA,NA,NA,"0","0","0",NA
"Syndactyla_rufosuperciliata","0","1","0","0",NA,NA,NA,"0",NA,NA,NA,NA,NA,NA,NA,NA,"0","0","0",NA
"Syndactyla_subalaris","0","1","0","0",NA,NA,NA,"0",NA,NA,NA,NA,NA,NA,NA,NA,"0","0","0",NA
"Synthliboramphus_antiquus","0","1","0","0",NA,NA,NA,NA,NA,"0",NA,NA,NA,NA,NA,NA,"0","0","0",NA
"Synthliboramphus_craveri","0","1","0","0",NA,NA,NA,NA,NA,"0",NA,NA,NA,NA,NA,NA,"0","0","0",NA
"Synthliboramphus_hypoleucus","0","1","0","0",NA,NA,NA,NA,NA,"0",NA,NA,NA,NA,NA,NA,"0","0","0",NA
"Synthliboramphus_wumizusume","0","1","0","0",NA,NA,NA,NA,NA,"0",NA,NA,NA,NA,NA,NA,"0","0","0",NA
"Sypheotides_indicus","0","2","0","0",NA,NA,NA,"0",NA,"0",NA,NA,NA,NA,NA,NA,"0","0","0",NA
"Syrigma_sibilatrix","0","2","0","0",NA,NA,NA,"0",NA,"0",NA,NA,NA,NA,NA,NA,"0","0","0",NA
"Syrmaticus_ellioti","0","1","0","0",NA,NA,NA,"0",NA,NA,NA,NA,NA,NA,NA,NA,"0","0","0",NA
"Syrmaticus_humiae","0","1","0","0",NA,NA,NA,"0",NA,NA,NA,NA,NA,NA,NA,NA,"0","0","0",NA
"Syrmaticus_mikado","0","1","0","0",NA,NA,NA,"0",NA,NA,NA,NA,NA,NA,NA,NA,"0","0","0",NA
"Syrmaticus_reevesii","0","1","0","0",NA,NA,NA,"0",NA,NA,NA,NA,NA,NA,NA,NA,"0","0","0",NA
"Syrmaticus_soemmerringii","0","2","0","0",NA,NA,NA,"0",NA,NA,NA,"0",NA,NA,NA,"1","0","0","0",NA
"Syrrhaptes_paradoxus","0","2","0","0",NA,NA,NA,"0",NA,"0",NA,NA,NA,NA,NA,NA,"0","0","0",NA
"Syrrhaptes_tibetanus","0","2","0","0",NA,NA,NA,"0",NA,"0",NA,NA,NA,NA,NA,NA,"0","0","0",NA
"Tachornis_furcata","0","1","0","0",NA,NA,NA,"0",NA,NA,NA,NA,NA,NA,NA,NA,"0","0","0",NA
"Tachornis_phoenicobia","0","1","0","0",NA,NA,NA,"0",NA,NA,NA,NA,NA,NA,NA,NA,"0","0","0",NA
"Tachornis_squamata","0","1","0","0",NA,NA,NA,"0",NA,NA,NA,NA,NA,NA,NA,NA,"0","0","0",NA
"Tachuris_rubrigastra","0","1","0","0",NA,NA,NA,"0",NA,NA,NA,NA,NA,NA,NA,NA,"0","0","0",NA
"Tachybaptus_dominicus","0","2","0","0",NA,NA,NA,"0",NA,"0",NA,NA,NA,NA,NA,NA,"0","0","0",NA
"Tachybaptus_novaehollandiae","0","1","0","0",NA,NA,NA,"0",NA,NA,NA,NA,NA,NA,NA,NA,"0","0","0",NA
"Tachybaptus_pelzelnii","0","3","0","0",NA,NA,NA,"0",NA,"0",NA,"0",NA,NA,NA,"0","0","0","0",NA
"Tachybaptus_ruficollis","0","2","0","0",NA,NA,NA,"0",NA,NA,NA,"0",NA,NA,NA,"0","0","0","0",NA
"Tachycineta_albilinea","0","3","0","0",NA,"0",NA,"0",NA,"0",NA,NA,NA,NA,NA,NA,"0","0","0",NA
"Tachycineta_albiventer","0","1","0","0",NA,NA,NA,"0",NA,NA,NA,NA,NA,NA,NA,NA,"0","0","0",NA
"Tachycineta_bicolor","0","4","0","0",NA,"0","0","0",NA,NA,NA,"0",NA,NA,NA,"0","0","0","0",NA
"Tachycineta_cyaneoviridis","0","2","0","0",NA,NA,NA,"0",NA,"0",NA,NA,NA,NA,NA,NA,"0","0","0",NA
"Tachycineta_euchrysea","0","1","0","0",NA,NA,NA,"0",NA,NA,NA,NA,NA,NA,NA,NA,"0","0","0",NA
"Tachycineta_leucorrhoa","0","4","0","0",NA,"0","0","0",NA,"0",NA,NA,NA,NA,NA,NA,"0","0","0",NA
"Tachycineta_meyeni","0","2","0","0",NA,"0",NA,"0",NA,NA,NA,NA,NA,NA,NA,NA,"0","0","0",NA
"Tachycineta_stolzmanni","0","1","0","0",NA,NA,NA,"0",NA,NA,NA,NA,NA,NA,NA,NA,"0","0","0",NA
"Tachycineta_thalassina","0","1","0","0",NA,NA,NA,"0",NA,NA,NA,NA,NA,NA,NA,NA,"0","0","0",NA
"Tachyeres_brachypterus","0","1","0","0",NA,NA,NA,NA,NA,"0",NA,NA,NA,NA,NA,NA,"0","0","0",NA
"Tachyeres_leucocephalus","0","1","0","0",NA,NA,NA,NA,NA,"0",NA,NA,NA,NA,NA,NA,"0","0","0",NA
"Tachyeres_patachonicus","0","1","0","0",NA,NA,NA,NA,NA,"0",NA,NA,NA,NA,NA,NA,"0","0","0",NA
"Tachyeres_pteneres","0","1","0","0",NA,NA,NA,NA,NA,"0",NA,NA,NA,NA,NA,NA,"0","0","0",NA
"Tachymarptis_aequatorialis","1","1","1","1",NA,NA,NA,"1",NA,"0",NA,NA,NA,NA,NA,NA,"0","0","0",NA
"Tachymarptis_melba","0","2","0","0",NA,NA,NA,"0",NA,"0",NA,NA,NA,NA,NA,NA,"0","0","0",NA
"Tachyphonus_coronatus","0","3","0","0",NA,NA,NA,"0",NA,"0",NA,"0",NA,NA,NA,"1","0","0","0",NA
"Tachyphonus_cristatus","0","1","0","0",NA,NA,NA,"0",NA,NA,NA,NA,NA,NA,NA,NA,"0","0","0",NA
"Tachyphonus_delatrii","0","1","0","0",NA,NA,NA,"0",NA,NA,NA,NA,NA,NA,NA,NA,"0","0","0",NA
"Tachyphonus_luctuosus","0","1","0","0",NA,NA,NA,"0",NA,NA,NA,NA,NA,NA,NA,NA,"0","0","0",NA
"Tachyphonus_phoenicius","0","2","0","0",NA,NA,NA,"0",NA,NA,NA,"0",NA,NA,NA,"1","0","0","0",NA
"Tachyphonus_rufiventer","0","1","0","0",NA,NA,NA,"0",NA,NA,NA,NA,NA,NA,NA,NA,"0","0","0",NA
"Tachyphonus_rufus","0","3","0","0",NA,NA,NA,"0",NA,"0",NA,"0",NA,NA,NA,"0","0","0","0",NA
"Tachyphonus_surinamus","0","2","0","0",NA,NA,NA,"0",NA,NA,NA,"0",NA,NA,NA,"1","0","0","0",NA
"Tadorna_cana","0","3","0","0",NA,NA,NA,"0",NA,"0",NA,"0",NA,NA,NA,"1","0","0","0",NA
"Tadorna_ferruginea","0","2","0","0",NA,NA,NA,"0",NA,"0",NA,NA,NA,NA,NA,NA,"0","0","0",NA
"Tadorna_radjah","0","2","0","0",NA,NA,NA,"0",NA,"0",NA,NA,NA,NA,NA,NA,"0","0","0",NA
"Tadorna_tadorna","0","2","0","0",NA,NA,NA,"0",NA,"0",NA,NA,NA,NA,NA,NA,"0","0","0",NA
"Tadorna_tadornoides","0","3","0","0",NA,NA,NA,"0",NA,"0",NA,"0",NA,NA,NA,"0","0","0","0",NA
"Tadorna_variegata","0","2","0","0",NA,NA,NA,"0",NA,"0",NA,NA,NA,NA,NA,NA,"0","0","0",NA
"Taeniopygia_bichenovii","0","2","0","0",NA,NA,NA,"0",NA,"0",NA,NA,NA,NA,NA,NA,"0","0","0",NA
"Taeniopygia_guttata","0","5","0","0",NA,"0","0","0",NA,"0",NA,"0",NA,NA,NA,"0","0","0","0",NA
"Taeniotriccus_andrei","0","1","0","0",NA,NA,NA,"0",NA,NA,NA,NA,NA,NA,NA,NA,"0","0","0",NA
"Talegalla_cuvieri","0","1","0","0",NA,NA,NA,"0",NA,NA,NA,NA,NA,NA,NA,NA,"0","0","0",NA
"Talegalla_fuscirostris","0","1","0","0",NA,NA,NA,"0",NA,NA,NA,NA,NA,NA,NA,NA,"0","0","0",NA
"Talegalla_jobiensis","0","1","0","0",NA,NA,NA,"0",NA,NA,NA,NA,NA,NA,NA,NA,"0","0","0",NA
"Tangara_argyrofenges","0","1","0","0",NA,NA,NA,"0",NA,NA,NA,NA,NA,NA,NA,NA,"0","0","0",NA
"Tangara_arthus","0","1","0","0",NA,NA,NA,"0",NA,NA,NA,NA,NA,NA,NA,NA,"0","0","0",NA
"Tangara_cabanisi","1","0","2","0",NA,NA,NA,"1",NA,"1",NA,NA,NA,NA,NA,NA,"0","0","0",NA
"Tangara_callophrys","0","1","0","0",NA,NA,NA,"0",NA,NA,NA,NA,NA,NA,NA,NA,"0","0","0",NA
"Tangara_cayana","0","1","0","0",NA,NA,NA,"0",NA,NA,NA,NA,NA,NA,NA,NA,"0","0","0",NA
"Tangara_chilensis","1","0","1","0",NA,NA,NA,"1",NA,NA,NA,NA,NA,NA,NA,NA,"0","0","0",NA
"Tangara_chrysotis","0","1","0","0",NA,NA,NA,"0",NA,NA,NA,NA,NA,NA,NA,NA,"0","0","0",NA
"Tangara_cucullata","0","1","0","0",NA,NA,NA,"0",NA,NA,NA,NA,NA,NA,NA,NA,"0","0","0",NA
"Tangara_cyanicollis","0","1","0","0",NA,NA,NA,"0",NA,NA,NA,NA,NA,NA,NA,NA,"0","0","0",NA
"Tangara_cyanocephala","1","0","1","0",NA,NA,NA,"1",NA,NA,NA,NA,NA,NA,NA,NA,"0","0","0",NA
"Tangara_cyanoptera","0","1","0","0",NA,NA,NA,"0",NA,NA,NA,NA,NA,NA,NA,NA,"0","0","0",NA
"Tangara_cyanotis","0","1","0","0",NA,NA,NA,"0",NA,NA,NA,NA,NA,NA,NA,NA,"0","0","0",NA
"Tangara_cyanoventris","1","0","4","0",NA,NA,NA,"1",NA,"1","1","1","K",NA,"K","1","2","0","0","Kin"
"Tangara_desmaresti","1","1","1","1",NA,NA,NA,"1",NA,NA,NA,"0",NA,NA,NA,"1","0","0","0",NA
"Tangara_dowii","0","1","0","0",NA,NA,NA,"0",NA,NA,NA,NA,NA,NA,NA,NA,"0","0","0",NA
"Tangara_fastuosa","1","0","1","0",NA,NA,NA,"1",NA,NA,NA,NA,NA,NA,NA,NA,"0","0","0",NA
"Tangara_florida","0","1","0","0",NA,NA,NA,"0",NA,NA,NA,NA,NA,NA,NA,NA,"0","0","0",NA
"Tangara_fucosa","1","0","1","0",NA,NA,NA,"1",NA,NA,NA,NA,NA,NA,NA,NA,"0","0","0",NA
"Tangara_guttata","1","0","3","0",NA,NA,NA,"1",NA,"1",NA,"1",NA,NA,"K","1","1","0","0","Kin"
"Tangara_gyrola","0","3","0","0",NA,NA,NA,"0",NA,"0",NA,"0",NA,NA,NA,"0","0","0","0",NA
"Tangara_heinei","0","1","0","0",NA,NA,NA,"0",NA,NA,NA,NA,NA,NA,NA,NA,"0","0","0",NA
"Tangara_icterocephala","0","2","0","0",NA,NA,NA,"0",NA,"0",NA,NA,NA,NA,NA,NA,"0","0","0",NA
"Tangara_inornata","1","0","3","0",NA,NA,NA,"1",NA,"1",NA,"1",NA,NA,"K","1","1","0","0","Kin"
"Tangara_johannae","0","1","0","0",NA,NA,NA,"0",NA,NA,NA,NA,NA,NA,NA,NA,"0","0","0",NA
"Tangara_labradorides","0","2","0","0",NA,NA,NA,"0",NA,NA,NA,"0",NA,NA,NA,"1","0","0","0",NA
"Tangara_larvata","1","0","4","0",NA,NA,NA,"1",NA,"1","1","1","K",NA,"K","1","2","0","0","Kin"
"Tangara_lavinia","0","1","0","0",NA,NA,NA,"0",NA,NA,NA,NA,NA,NA,NA,NA,"0","0","0",NA
"Tangara_mexicana","1","0","3","0",NA,NA,NA,"1",NA,"1",NA,"1",NA,NA,"K","1","1","0","0","Kin"
"Tangara_meyerdeschauenseei","0","1","0","0",NA,NA,NA,"0",NA,NA,NA,NA,NA,NA,NA,NA,"0","0","0",NA
"Tangara_nigrocincta","0","1","0","0",NA,NA,NA,"0",NA,NA,NA,NA,NA,NA,NA,NA,"0","0","0",NA
"Tangara_nigroviridis","0","1","0","0",NA,NA,NA,"0",NA,NA,NA,NA,NA,NA,NA,NA,"0","0","0",NA
"Tangara_palmeri","1","0","1","0",NA,NA,NA,"1",NA,NA,NA,NA,NA,NA,NA,NA,"0","0","0",NA
"Tangara_parzudakii","0","1","0","0",NA,NA,NA,"0",NA,NA,NA,NA,NA,NA,NA,NA,"0","0","0",NA
"Tangara_peruviana","0","1","0","0",NA,NA,NA,"0",NA,NA,NA,NA,NA,NA,NA,NA,"0","0","0",NA
"Tangara_phillipsi","0","1","0","0",NA,NA,NA,"0",NA,NA,NA,NA,NA,NA,NA,NA,"0","0","0",NA
"Tangara_preciosa","0","1","0","0",NA,NA,NA,"0",NA,NA,NA,NA,NA,NA,NA,NA,"0","0","0",NA
"Tangara_punctata","0","1","0","0",NA,NA,NA,"0",NA,NA,NA,NA,NA,NA,NA,NA,"0","0","0",NA
"Tangara_ruficervix","0","1","0","0",NA,NA,NA,"0",NA,NA,NA,NA,NA,NA,NA,NA,"0","0","0",NA
"Tangara_rufigenis","0","1","0","0",NA,NA,NA,"0",NA,NA,NA,NA,NA,NA,NA,NA,"0","0","0",NA
"Tangara_rufigula","1","0","1","0",NA,NA,NA,"1",NA,NA,NA,NA,NA,NA,NA,NA,"0","0","0",NA
"Tangara_schrankii","0","1","0","0",NA,NA,NA,"0",NA,NA,NA,NA,NA,NA,NA,NA,"0","0","0",NA
"Tangara_seledon","1","0","1","0",NA,NA,NA,"1",NA,NA,NA,NA,NA,NA,NA,NA,"0","0","0",NA
"Tangara_varia","1","0","1","0",NA,NA,NA,"1",NA,NA,NA,NA,NA,NA,NA,NA,"0","0","0",NA
"Tangara_vassorii","0","1","0","0",NA,NA,NA,"0",NA,NA,NA,NA,NA,NA,NA,NA,"0","0","0",NA
"Tangara_velia","0","1","0","0",NA,NA,NA,"0",NA,NA,NA,NA,NA,NA,NA,NA,"0","0","0",NA
"Tangara_viridicollis","0","1","0","0",NA,NA,NA,"0",NA,NA,NA,NA,NA,NA,NA,NA,"0","0","0",NA
"Tangara_vitriolina","0","1","0","0",NA,NA,NA,"0",NA,NA,NA,NA,NA,NA,NA,NA,"0","0","0",NA
"Tangara_xanthocephala","0","1","0","0",NA,NA,NA,"0",NA,NA,NA,NA,NA,NA,NA,NA,"0","0","0",NA
"Tangara_xanthogastra","0","1","0","0",NA,NA,NA,"0",NA,NA,NA,NA,NA,NA,NA,NA,"0","0","0",NA
"Tanygnathus_gramineus","0","1","0","0",NA,NA,NA,"0",NA,NA,NA,NA,NA,NA,NA,NA,"0","0","0",NA
"Tanygnathus_lucionensis","0","1","0","0",NA,NA,NA,"0",NA,NA,NA,NA,NA,NA,NA,NA,"0","0","0",NA
"Tanygnathus_megalorynchos","0","1","0","0",NA,NA,NA,"0",NA,NA,NA,NA,NA,NA,NA,NA,"0","0","0",NA
"Tanygnathus_sumatranus","0","1","0","0",NA,NA,NA,"0",NA,NA,NA,NA,NA,NA,NA,NA,"0","0","0",NA
"Tanysiptera_carolinae","0","1","0","0",NA,NA,NA,"0",NA,NA,NA,NA,NA,NA,NA,NA,"0","0","0",NA
"Tanysiptera_danae","0","1","0","0",NA,NA,NA,"0",NA,NA,NA,NA,NA,NA,NA,NA,"0","0","0",NA
"Tanysiptera_ellioti","0","1","0","0",NA,NA,NA,"0",NA,NA,NA,NA,NA,NA,NA,NA,"0","0","0",NA
"Tanysiptera_galatea","0","2","0","0",NA,NA,NA,"0",NA,"0",NA,NA,NA,NA,NA,NA,"0","0","0",NA
"Tanysiptera_hydrocharis","0","1","0","0",NA,NA,NA,"0",NA,NA,NA,NA,NA,NA,NA,NA,"0","0","0",NA
"Tanysiptera_nympha","0","1","0","0",NA,NA,NA,"0",NA,NA,NA,NA,NA,NA,NA,NA,"0","0","0",NA
"Tanysiptera_riedelii","0","1","0","0",NA,NA,NA,"0",NA,NA,NA,NA,NA,NA,NA,NA,"0","0","0",NA
"Tanysiptera_sylvia","1","0","4","0",NA,NA,NA,"1",NA,"1","1","1","NK",NA,"NK","0","0","2","0","NonKin"
"Taoniscus_nanus","0","1","0","0",NA,NA,NA,"0",NA,NA,NA,NA,NA,NA,NA,NA,"0","0","0",NA
"Tapera_naevia","0","1","0","0",NA,NA,NA,"0",NA,NA,NA,NA,NA,NA,NA,NA,"0","0","0",NA
"Taphrolesbia_griseiventris","0","1","0","0",NA,NA,NA,"0",NA,NA,NA,NA,NA,NA,NA,NA,"0","0","0",NA
"Taphrospilus_hypostictus","0","3","0","0",NA,NA,NA,"0",NA,"0",NA,"0",NA,NA,NA,"0","0","0","0",NA
"Taraba_major","0","2","0","0",NA,NA,NA,"0",NA,"0",NA,NA,NA,NA,NA,NA,"0","0","0",NA
"Tarphonomus_certhioides","0","1","0","0",NA,NA,NA,"0",NA,NA,NA,NA,NA,NA,NA,NA,"0","0","0",NA
"Tarphonomus_harterti","0","1","0","0",NA,NA,NA,"0",NA,NA,NA,NA,NA,NA,NA,NA,"0","0","0",NA
"Tarsiger_chrysaeus","0","1","0","0",NA,NA,NA,"0",NA,NA,NA,NA,NA,NA,NA,NA,"0","0","0",NA
"Tarsiger_cyanurus","0","2","0","0",NA,NA,NA,"0",NA,"0",NA,NA,NA,NA,NA,NA,"0","0","0",NA
"Tarsiger_hyperythrus","0","1","0","0",NA,NA,NA,"0",NA,NA,NA,NA,NA,NA,NA,NA,"0","0","0",NA
"Tarsiger_indicus","0","2","0","0",NA,NA,NA,"0",NA,"0",NA,NA,NA,NA,NA,NA,"0","0","0",NA
"Tarsiger_johnstoniae","0","1","0","0",NA,NA,NA,"0",NA,NA,NA,NA,NA,NA,NA,NA,"0","0","0",NA
"Tauraco_bannermani","0","2","0","0",NA,NA,NA,"0",NA,"0",NA,NA,NA,NA,NA,NA,"0","0","0",NA
"Tauraco_corythaix","0","2","0","0",NA,NA,NA,"0",NA,"0",NA,NA,NA,NA,NA,NA,"0","0","0",NA
"Tauraco_erythrolophus","0","1","0","0",NA,NA,NA,"0",NA,NA,NA,NA,NA,NA,NA,NA,"0","0","0",NA
"Tauraco_fischeri","0","1","0","0",NA,NA,NA,"0",NA,NA,NA,NA,NA,NA,NA,NA,"0","0","0",NA
"Tauraco_hartlaubi","0","2","0","0",NA,NA,NA,"0",NA,"0",NA,NA,NA,NA,NA,NA,"0","0","0",NA
"Tauraco_leucolophus","0","1","0","0",NA,NA,NA,"0",NA,NA,NA,NA,NA,NA,NA,NA,"0","0","0",NA
"Tauraco_leucotis","0","1","0","0",NA,NA,NA,"0",NA,NA,NA,NA,NA,NA,NA,NA,"0","0","0",NA
"Tauraco_livingstonii","0","3","0","0",NA,NA,NA,"0",NA,"0",NA,"0",NA,NA,NA,"1","0","0","0",NA
"Tauraco_macrorhynchus","0","2","0","0",NA,NA,NA,"0",NA,"0",NA,NA,NA,NA,NA,NA,"0","0","0",NA
"Tauraco_persa","0","2","0","0",NA,NA,NA,"0",NA,"0",NA,NA,NA,NA,NA,NA,"0","0","0",NA
"Tauraco_porphyreolophus","0","1","0","0",NA,NA,NA,"0",NA,NA,NA,NA,NA,NA,NA,NA,"0","0","0",NA
"Tauraco_ruspolii","0","1","0","0",NA,NA,NA,"0",NA,NA,NA,NA,NA,NA,NA,NA,"0","0","0",NA
"Tauraco_schalowi","0","2","0","0",NA,NA,NA,"0",NA,"0",NA,NA,NA,NA,NA,NA,"0","0","0",NA
"Tauraco_schuetti","0","2","0","0",NA,NA,NA,"0",NA,"0",NA,NA,NA,NA,NA,NA,"0","0","0",NA
"Tchagra_australis","0","2","0","0",NA,NA,NA,"0",NA,"0",NA,NA,NA,NA,NA,NA,"0","0","0",NA
"Tchagra_jamesi","0","2","0","0",NA,NA,NA,"0",NA,"0",NA,NA,NA,NA,NA,NA,"0","0","0",NA
"Tchagra_minutus","0","1","0","0",NA,NA,NA,"0",NA,NA,NA,NA,NA,NA,NA,NA,"0","0","0",NA
"Tchagra_senegalus","0","2","0","0",NA,NA,NA,"0",NA,"0",NA,NA,NA,NA,NA,NA,"0","0","0",NA
"Tchagra_tchagra","0","2","0","0",NA,NA,NA,"0",NA,"0",NA,NA,NA,NA,NA,NA,"0","0","0",NA
"Telacanthura_melanopygia","0","1","0","0",NA,NA,NA,"0",NA,NA,NA,NA,NA,NA,NA,NA,"0","0","0",NA
"Telacanthura_ussheri","0","1","0","0",NA,NA,NA,"0",NA,NA,NA,NA,NA,NA,NA,NA,"0","0","0",NA
"Teledromas_fuscus","0","1","0","0",NA,NA,NA,"0",NA,NA,NA,NA,NA,NA,NA,NA,"0","0","0",NA
"Telespiza_cantans","0","1","0","0",NA,NA,NA,NA,NA,"0",NA,NA,NA,NA,NA,NA,"0","0","0",NA
"Telespiza_ultima","0","1","0","0",NA,NA,NA,NA,NA,"0",NA,NA,NA,NA,NA,NA,"0","0","0",NA
"Telophorus_bocagei","0","1","0","0",NA,NA,NA,"0",NA,NA,NA,NA,NA,NA,NA,NA,"0","0","0",NA
"Telophorus_dohertyi","0","1","0","0",NA,NA,NA,"0",NA,NA,NA,NA,NA,NA,NA,NA,"0","0","0",NA
"Telophorus_kupeensis","0","1","0","0",NA,NA,NA,"0",NA,NA,NA,NA,NA,NA,NA,NA,"0","0","0",NA
"Telophorus_multicolor","0","1","0","0",NA,NA,NA,"0",NA,NA,NA,NA,NA,NA,NA,NA,"0","0","0",NA
"Telophorus_nigrifrons","0","1","0","0",NA,NA,NA,"0",NA,NA,NA,NA,NA,NA,NA,NA,"0","0","0",NA
"Telophorus_olivaceus","0","2","0","0",NA,NA,NA,"0",NA,"0",NA,NA,NA,NA,NA,NA,"0","0","0",NA
"Telophorus_quadricolor",NA,"0","0","0",NA,NA,NA,NA,NA,NA,NA,NA,NA,NA,NA,NA,"0","0","0",NA
"Telophorus_sulfureopectus","0","2","0","0",NA,NA,NA,"0",NA,"0",NA,NA,NA,NA,NA,NA,"0","0","0",NA
"Telophorus_viridis","0","2","0","0",NA,NA,NA,"0",NA,"0",NA,NA,NA,NA,NA,NA,"0","0","0",NA
"Telophorus_zeylonus","0","2","0","0",NA,NA,NA,"0",NA,"0",NA,NA,NA,NA,NA,NA,"0","0","0",NA
"Temnurus_temnurus","0","1","0","0",NA,NA,NA,"0",NA,NA,NA,NA,NA,NA,NA,NA,"0","0","0",NA
"Tephrodornis_gularis","0","2","0","0",NA,NA,NA,"0",NA,"0",NA,NA,NA,NA,NA,NA,"0","0","0",NA
"Tephrodornis_pondicerianus","0","2","0","0",NA,NA,NA,"0",NA,"0",NA,NA,NA,NA,NA,NA,"0","0","0",NA
"Tephrozosterops_stalkeri","0","1","0","0",NA,NA,NA,"0",NA,NA,NA,NA,NA,NA,NA,NA,"0","0","0",NA
"Terathopius_ecaudatus","1","0","3","0",NA,NA,NA,"1",NA,"1",NA,"1",NA,NA,"K","1","1","0","0","Kin"
"Terenura_callinota","0","2","0","0",NA,NA,NA,"0",NA,NA,NA,"0",NA,NA,NA,"1","0","0","0",NA
"Terenura_humeralis","0","2","0","0",NA,NA,NA,"0",NA,NA,NA,"0",NA,NA,NA,"1","0","0","0",NA
"Terenura_maculata","0","2","0","0",NA,NA,NA,"0",NA,NA,NA,"0",NA,NA,NA,"1","0","0","0",NA
"Terenura_sharpei","0","2","0","0",NA,NA,NA,"0",NA,NA,NA,"0",NA,NA,NA,"1","0","0","0",NA
"Terenura_sicki","0","1","0","0",NA,NA,NA,"0",NA,NA,NA,NA,NA,NA,NA,NA,"0","0","0",NA
"Terenura_spodioptila","0","2","0","0",NA,NA,NA,"0",NA,NA,NA,"0",NA,NA,NA,"1","0","0","0",NA
"Teretistris_fernandinae","0","1","0","0",NA,NA,NA,"0",NA,NA,NA,NA,NA,NA,NA,NA,"0","0","0",NA
"Teretistris_fornsi","0","1","0","0",NA,NA,NA,"0",NA,NA,NA,NA,NA,NA,NA,NA,"0","0","0",NA
"Terpsiphone_atrocaudata","0","2","0","0",NA,NA,NA,"0",NA,"0",NA,NA,NA,NA,NA,NA,"0","0","0",NA
"Terpsiphone_atrochalybeia","0","2","0","0",NA,NA,NA,"0",NA,"0",NA,NA,NA,NA,NA,NA,"0","0","0",NA
"Terpsiphone_bedfordi","0","1","0","0",NA,NA,NA,"0",NA,NA,NA,NA,NA,NA,NA,NA,"0","0","0",NA
"Terpsiphone_bourbonnensis","0","2","0","0",NA,NA,NA,"0",NA,"0",NA,NA,NA,NA,NA,NA,"0","0","0",NA
"Terpsiphone_cinnamomea","0","2","0","0",NA,NA,NA,"0",NA,"0",NA,NA,NA,NA,NA,NA,"0","0","0",NA
"Terpsiphone_corvina","0","1","0","0",NA,NA,NA,NA,NA,"0",NA,NA,NA,NA,NA,NA,"0","0","0",NA
"Terpsiphone_cyanescens","0","1","0","0",NA,NA,NA,"0",NA,NA,NA,NA,NA,NA,NA,NA,"0","0","0",NA
"Terpsiphone_mutata","0","2","0","0",NA,NA,NA,"0",NA,"0",NA,NA,NA,NA,NA,NA,"0","0","0",NA
"Terpsiphone_paradisi","0","2","0","0",NA,NA,NA,"0",NA,"0",NA,NA,NA,NA,NA,NA,"0","0","0",NA
"Terpsiphone_rufiventer","0","2","0","0",NA,NA,NA,"0",NA,"0",NA,NA,NA,NA,NA,NA,"0","0","0",NA
"Terpsiphone_rufocinerea","0","3","0","0",NA,NA,NA,"0",NA,"0",NA,"0",NA,NA,NA,"1","0","0","0",NA
"Terpsiphone_viridis","0","3","0","0",NA,NA,NA,"0",NA,"0",NA,"0",NA,NA,NA,"0","0","0","0",NA
"Tersina_viridis","0","2","0","0",NA,NA,NA,"0",NA,"0",NA,NA,NA,NA,NA,NA,"0","0","0",NA
"Tesia_castaneocoronata","0","2","0","0",NA,NA,NA,"0",NA,"0",NA,NA,NA,NA,NA,NA,"0","0","0",NA
"Tesia_cyaniventer","0","1","0","0",NA,NA,NA,"0",NA,NA,NA,NA,NA,NA,NA,NA,"0","0","0",NA
"Tesia_everetti","0","1","0","0",NA,NA,NA,"0",NA,NA,NA,NA,NA,NA,NA,NA,"0","0","0",NA
"Tesia_olivea","0","1","0","0",NA,NA,NA,"0",NA,NA,NA,NA,NA,NA,NA,NA,"0","0","0",NA
"Tesia_superciliaris","0","1","0","0",NA,NA,NA,"0",NA,NA,NA,NA,NA,NA,NA,NA,"0","0","0",NA
"Tetrao_mlokosiewiczi","0","2","0","0",NA,NA,NA,"0",NA,"0",NA,NA,NA,NA,NA,NA,"0","0","0",NA
"Tetrao_parvirostris","0","2","0","0",NA,NA,NA,"0",NA,"0",NA,NA,NA,NA,NA,NA,"0","0","0",NA
"Tetrao_tetrix","0","5","0","0",NA,"0","0","0",NA,"0",NA,"0",NA,NA,NA,"1","0","0","0",NA
"Tetrao_urogallus","0","3","0","0",NA,NA,NA,"0",NA,"0",NA,"0",NA,NA,NA,"1","0","0","0",NA
"Tetraogallus_altaicus","0","3","0","0",NA,NA,NA,"0",NA,"0",NA,"0",NA,NA,NA,"1","0","0","0",NA
"Tetraogallus_caspius","0","2","0","0",NA,NA,NA,"0",NA,"0",NA,NA,NA,NA,NA,NA,"0","0","0",NA
"Tetraogallus_caucasicus","0","3","0","0",NA,NA,NA,"0",NA,"0",NA,"0",NA,NA,NA,"1","0","0","0",NA
"Tetraogallus_himalayensis","0","3","0","0",NA,NA,NA,"0",NA,"0",NA,"0",NA,NA,NA,"1","0","0","0",NA
"Tetraogallus_tibetanus","0","2","0","0",NA,NA,NA,"0",NA,NA,NA,"0",NA,NA,NA,"0","0","0","0",NA
"Tetraophasis_obscurus",NA,"0","0","0",NA,NA,NA,NA,NA,NA,NA,NA,NA,NA,NA,NA,"0","0","0",NA
"Tetraophasis_szechenyii","1","1","1","1",NA,NA,NA,"0",NA,NA,"1",NA,"K",NA,NA,NA,"1","0","0","Kin"
"Tetrax_tetrax","0","3","0","0",NA,NA,NA,"0",NA,"0",NA,"0",NA,NA,NA,"1","0","0","0",NA
"Thalassarche_bulleri","0","1","0","0",NA,NA,NA,NA,NA,"0",NA,NA,NA,NA,NA,NA,"0","0","0",NA
"Thalassarche_cauta","0","2","0","0",NA,"0",NA,NA,NA,"0",NA,NA,NA,NA,NA,NA,"0","0","0",NA
"Thalassarche_chlororhynchos","0","1","0","0",NA,NA,NA,NA,NA,"0",NA,NA,NA,NA,NA,NA,"0","0","0",NA
"Thalassarche_chrysostoma","0","3","0","0",NA,"0","0",NA,NA,"0",NA,NA,NA,NA,NA,NA,"0","0","0",NA
"Thalassarche_melanophrys","0","3","0","0",NA,"0","0",NA,NA,"0",NA,NA,NA,NA,NA,NA,"0","0","0",NA
"Thalassoica_antarctica","0","2","0","0",NA,"0",NA,NA,NA,"0",NA,NA,NA,NA,NA,NA,"0","0","0",NA
"Thalassornis_leuconotus","0","3","0","0",NA,NA,NA,"0",NA,"0",NA,"0",NA,NA,NA,"1","0","0","0",NA
"Thalurania_colombica","0","2","0","0",NA,NA,NA,"0",NA,"0",NA,NA,NA,NA,NA,NA,"0","0","0",NA
"Thalurania_fannyi","0","2","0","0",NA,NA,NA,"0",NA,"0",NA,NA,NA,NA,NA,NA,"0","0","0",NA
"Thalurania_furcata","0","2","0","0",NA,NA,NA,"0",NA,NA,NA,"0",NA,NA,NA,"0","0","0","0",NA
"Thalurania_glaucopis","0","3","0","0",NA,NA,NA,"0",NA,"0",NA,"0",NA,NA,NA,"0","0","0","0",NA
"Thalurania_ridgwayi","0","2","0","0",NA,NA,NA,"0",NA,NA,NA,"0",NA,NA,NA,"0","0","0","0",NA
"Thalurania_watertonii","0","3","0","0",NA,NA,NA,"0",NA,"0",NA,"0",NA,NA,NA,"0","0","0","0",NA
"Thamnistes_anabatinus","0","2","0","0",NA,NA,NA,"0",NA,"0",NA,NA,NA,NA,NA,NA,"0","0","0",NA
"Thamnomanes_ardesiacus","0","2","0","0",NA,NA,NA,"0",NA,NA,NA,"0",NA,NA,NA,"1","0","0","0",NA
"Thamnomanes_caesius","0","2","0","0",NA,NA,NA,"0",NA,NA,NA,"0",NA,NA,NA,"1","0","0","0",NA
"Thamnomanes_saturninus","0","2","0","0",NA,NA,NA,"0",NA,NA,NA,"0",NA,NA,NA,"1","0","0","0",NA
"Thamnomanes_schistogynus","0","2","0","0",NA,NA,NA,"0",NA,NA,NA,"0",NA,NA,NA,"1","0","0","0",NA
"Thamnophilus_aethiops","0","2","0","0",NA,NA,NA,"0",NA,"0",NA,NA,NA,NA,NA,NA,"0","0","0",NA
"Thamnophilus_amazonicus","0","1","0","0",NA,NA,NA,"0",NA,NA,NA,NA,NA,NA,NA,NA,"0","0","0",NA
"Thamnophilus_ambiguus","0","1","0","0",NA,NA,NA,"0",NA,NA,NA,NA,NA,NA,NA,NA,"0","0","0",NA
"Thamnophilus_aroyae","0","2","0","0",NA,NA,NA,"0",NA,NA,NA,"0",NA,NA,NA,"0","0","0","0",NA
"Thamnophilus_atrinucha","0","3","0","0",NA,"0","0","0",NA,NA,NA,NA,NA,NA,NA,NA,"0","0","0",NA
"Thamnophilus_bridgesi","0","2","0","0",NA,NA,NA,"0",NA,"0",NA,NA,NA,NA,NA,NA,"0","0","0",NA
"Thamnophilus_caerulescens","0","2","0","0",NA,NA,NA,"0",NA,"0",NA,NA,NA,NA,NA,NA,"0","0","0",NA
"Thamnophilus_cryptoleucus","0","1","0","0",NA,NA,NA,"0",NA,NA,NA,NA,NA,NA,NA,NA,"0","0","0",NA
"Thamnophilus_doliatus","0","2","0","0",NA,NA,NA,"0",NA,"0",NA,NA,NA,NA,NA,NA,"0","0","0",NA
"Thamnophilus_insignis","0","1","0","0",NA,NA,NA,"0",NA,NA,NA,NA,NA,NA,NA,NA,"0","0","0",NA
"Thamnophilus_multistriatus","0","1","0","0",NA,NA,NA,"0",NA,NA,NA,NA,NA,NA,NA,NA,"0","0","0",NA
"Thamnophilus_murinus","0","2","0","0",NA,NA,NA,"0",NA,"0",NA,NA,NA,NA,NA,NA,"0","0","0",NA
"Thamnophilus_nigriceps","0","1","0","0",NA,NA,NA,"0",NA,NA,NA,NA,NA,NA,NA,NA,"0","0","0",NA
"Thamnophilus_nigrocinereus","0","1","0","0",NA,NA,NA,"0",NA,NA,NA,NA,NA,NA,NA,NA,"0","0","0",NA
"Thamnophilus_palliatus","0","1","0","0",NA,NA,NA,"0",NA,NA,NA,NA,NA,NA,NA,NA,"0","0","0",NA
"Thamnophilus_pelzelni","0","1","0","0",NA,NA,NA,"0",NA,NA,NA,NA,NA,NA,NA,NA,"0","0","0",NA
"Thamnophilus_praecox","0","1","0","0",NA,NA,NA,"0",NA,NA,NA,NA,NA,NA,NA,NA,"0","0","0",NA
"Thamnophilus_punctatus","0","2","0","0",NA,NA,NA,"0",NA,"0",NA,NA,NA,NA,NA,NA,"0","0","0",NA
"Thamnophilus_ruficapillus","0","1","0","0",NA,NA,NA,"0",NA,NA,NA,NA,NA,NA,NA,NA,"0","0","0",NA
"Thamnophilus_schistaceus","0","3","0","0",NA,NA,NA,"0",NA,"0",NA,"0",NA,NA,NA,"1","0","0","0",NA
"Thamnophilus_stictocephalus","0","1","0","0",NA,NA,NA,"0",NA,NA,NA,NA,NA,NA,NA,NA,"0","0","0",NA
"Thamnophilus_sticturus","0","1","0","0",NA,NA,NA,"0",NA,NA,NA,NA,NA,NA,NA,NA,"0","0","0",NA
"Thamnophilus_tenuepunctatus","0","1","0","0",NA,NA,NA,"0",NA,NA,NA,NA,NA,NA,NA,NA,"0","0","0",NA
"Thamnophilus_torquatus","0","2","0","0",NA,NA,NA,"0",NA,"0",NA,NA,NA,NA,NA,NA,"0","0","0",NA
"Thamnophilus_unicolor","0","1","0","0",NA,NA,NA,"0",NA,NA,NA,NA,NA,NA,NA,NA,"0","0","0",NA
"Thamnophilus_zarumae","0","1","0","0",NA,NA,NA,"0",NA,NA,NA,NA,NA,NA,NA,NA,"0","0","0",NA
"Thamnornis_chloropetoides","0","1","0","0",NA,NA,NA,"0",NA,NA,NA,NA,NA,NA,NA,NA,"0","0","0",NA
"Thaumastura_cora","0","3","0","0",NA,NA,NA,"0",NA,"0",NA,"0",NA,NA,NA,"0","0","0","0",NA
"Thaumatibis_gigantea","0","1","0","0",NA,NA,NA,"0",NA,NA,NA,NA,NA,NA,NA,NA,"0","0","0",NA
"Theristicus_caerulescens","0","2","0","0",NA,NA,NA,"0",NA,"0",NA,NA,NA,NA,NA,NA,"0","0","0",NA
"Theristicus_caudatus","0","2","0","0",NA,NA,NA,"0",NA,"0",NA,NA,NA,NA,NA,NA,"0","0","0",NA
"Theristicus_melanopis","0","2","0","0",NA,NA,NA,"0",NA,"0",NA,NA,NA,NA,NA,NA,"0","0","0",NA
"Thescelocichla_leucopleura","1","0","3","0",NA,NA,NA,"1",NA,"1",NA,"1",NA,NA,"K","1","1","0","0","Kin"
"Thinocorus_orbignyianus","0","2","0","0",NA,NA,NA,"0",NA,"0",NA,NA,NA,NA,NA,NA,"0","0","0",NA
"Thinocorus_rumicivorus","0","3","0","0",NA,NA,NA,"0",NA,"0",NA,"0",NA,NA,NA,"0","0","0","0",NA
"Thinornis_novaeseelandiae","0","1","0","0",NA,NA,NA,NA,NA,"0",NA,NA,NA,NA,NA,NA,"0","0","0",NA
"Thinornis_rubricollis","0","1","0","0",NA,NA,NA,NA,NA,NA,NA,"0",NA,NA,NA,"0","0","0","0",NA
"Thlypopsis_fulviceps","0","2","0","0",NA,NA,NA,"0",NA,NA,NA,"0",NA,NA,NA,"1","0","0","0",NA
"Thlypopsis_inornata","0","2","0","0",NA,NA,NA,"0",NA,NA,NA,"0",NA,NA,NA,"1","0","0","0",NA
"Thlypopsis_ornata","0","2","0","0",NA,NA,NA,"0",NA,NA,NA,"0",NA,NA,NA,"1","0","0","0",NA
"Thlypopsis_pectoralis","0","2","0","0",NA,NA,NA,"0",NA,NA,NA,"0",NA,NA,NA,"1","0","0","0",NA
"Thlypopsis_ruficeps","0","2","0","0",NA,NA,NA,"0",NA,NA,NA,"0",NA,NA,NA,"1","0","0","0",NA
"Thlypopsis_sordida","0","2","0","0",NA,NA,NA,"0",NA,NA,NA,"0",NA,NA,NA,"1","0","0","0",NA
"Thraupis_abbas","0","3","0","0",NA,NA,NA,"0",NA,"0",NA,"0",NA,NA,NA,"0","0","0","0",NA
"Thraupis_bonariensis","0","1","0","0",NA,NA,NA,"0",NA,NA,NA,NA,NA,NA,NA,NA,"0","0","0",NA
"Thraupis_cyanocephala","0","1","0","0",NA,NA,NA,"0",NA,NA,NA,NA,NA,NA,NA,NA,"0","0","0",NA
"Thraupis_cyanoptera","0","1","0","0",NA,NA,NA,"0",NA,NA,NA,NA,NA,NA,NA,NA,"0","0","0",NA
"Thraupis_episcopus","0","2","0","0",NA,NA,NA,"0",NA,"0",NA,NA,NA,NA,NA,NA,"0","0","0",NA
"Thraupis_glaucocolpa","0","1","0","0",NA,NA,NA,"0",NA,NA,NA,NA,NA,NA,NA,NA,"0","0","0",NA
"Thraupis_ornata","0","2","0","0",NA,NA,NA,"0",NA,NA,NA,"0",NA,NA,NA,"0","0","0","0",NA
"Thraupis_palmarum","0","3","0","0",NA,NA,NA,"0",NA,"0",NA,"0",NA,NA,NA,"0","0","0","0",NA
"Thraupis_sayaca","0","2","0","0",NA,NA,NA,"0",NA,"0",NA,NA,NA,NA,NA,NA,"0","0","0",NA
"Threnetes_leucurus","0","1","0","0",NA,NA,NA,NA,NA,NA,NA,"0",NA,NA,NA,"0","0","0","0",NA
"Threnetes_niger","0","3","0","0",NA,NA,NA,"0",NA,"0",NA,"0",NA,NA,NA,"0","0","0","0",NA
"Threnetes_ruckeri","0","3","0","0",NA,NA,NA,"0",NA,"0",NA,"0",NA,NA,NA,"0","0","0","0",NA
"Threskiornis_aethiopicus","0","3","0","0",NA,NA,NA,"0",NA,"0",NA,"0",NA,NA,NA,"0","0","0","0",NA
"Threskiornis_melanocephalus","0","3","0","0",NA,NA,NA,"0",NA,"0",NA,"0",NA,NA,NA,"0","0","0","0",NA
"Threskiornis_molucca","0","2","0","0",NA,NA,NA,"0",NA,"0",NA,NA,NA,NA,NA,NA,"0","0","0",NA
"Threskiornis_spinicollis","0","3","0","0",NA,NA,NA,"0",NA,"0",NA,"0",NA,NA,NA,"0","0","0","0",NA
"Thripadectes_flammulatus","0","1","0","0",NA,NA,NA,"0",NA,NA,NA,NA,NA,NA,NA,NA,"0","0","0",NA
"Thripadectes_holostictus","0","1","0","0",NA,NA,NA,"0",NA,NA,NA,NA,NA,NA,NA,NA,"0","0","0",NA
"Thripadectes_ignobilis","0","2","0","0",NA,NA,NA,"0",NA,"0",NA,NA,NA,NA,NA,NA,"0","0","0",NA
"Thripadectes_melanorhynchus","0","1","0","0",NA,NA,NA,"0",NA,NA,NA,NA,NA,NA,NA,NA,"0","0","0",NA
"Thripadectes_rufobrunneus","0","2","0","0",NA,NA,NA,"0",NA,"0",NA,NA,NA,NA,NA,NA,"0","0","0",NA
"Thripadectes_scrutator","0","1","0","0",NA,NA,NA,"0",NA,NA,NA,NA,NA,NA,NA,NA,"0","0","0",NA
"Thripadectes_virgaticeps","0","1","0","0",NA,NA,NA,"0",NA,NA,NA,NA,NA,NA,NA,NA,"0","0","0",NA
"Thripophaga_berlepschi","0","1","0","0",NA,NA,NA,"0",NA,NA,NA,NA,NA,NA,NA,NA,"0","0","0",NA
"Thripophaga_cherriei",NA,"0","0","0",NA,NA,NA,NA,NA,NA,NA,NA,NA,NA,NA,NA,"0","0","0",NA
"Thripophaga_fusciceps","0","1","0","0",NA,NA,NA,"0",NA,NA,NA,NA,NA,NA,NA,NA,"0","0","0",NA
"Thripophaga_macroura","0","1","0","0",NA,NA,NA,"0",NA,NA,NA,NA,NA,NA,NA,NA,"0","0","0",NA
"Thryomanes_bewickii","0","3","0","0",NA,NA,NA,"0",NA,"0",NA,"0",NA,NA,NA,"0","0","0","0",NA
"Thryorchilus_browni","0","1","0","0",NA,NA,NA,"0",NA,NA,NA,NA,NA,NA,NA,NA,"0","0","0",NA
"Thryothorus_atrogularis","0","1","0","0",NA,NA,NA,"0",NA,NA,NA,NA,NA,NA,NA,NA,"0","0","0",NA
"Thryothorus_coraya","0","1","0","0",NA,NA,NA,"0",NA,NA,NA,NA,NA,NA,NA,NA,"0","0","0",NA
"Thryothorus_eisenmanni","0","1","0","0",NA,NA,NA,"0",NA,NA,NA,NA,NA,NA,NA,NA,"0","0","0",NA
"Thryothorus_euophrys","0","1","0","0",NA,NA,NA,"0",NA,NA,NA,NA,NA,NA,NA,NA,"0","0","0",NA
"Thryothorus_fasciatoventris","0","2","0","0",NA,NA,NA,"0",NA,"0",NA,NA,NA,NA,NA,NA,"0","0","0",NA
"Thryothorus_felix","0","1","0","0",NA,NA,NA,"0",NA,NA,NA,NA,NA,NA,NA,NA,"0","0","0",NA
"Thryothorus_genibarbis","0","1","0","0",NA,NA,NA,"0",NA,NA,NA,NA,NA,NA,NA,NA,"0","0","0",NA
"Thryothorus_griseus","0","1","0","0",NA,NA,NA,"0",NA,NA,NA,NA,NA,NA,NA,NA,"0","0","0",NA
"Thryothorus_guarayanus","0","1","0","0",NA,NA,NA,"0",NA,NA,NA,NA,NA,NA,NA,NA,"0","0","0",NA
"Thryothorus_leucopogon","0","1","0","0",NA,NA,NA,"0",NA,NA,NA,NA,NA,NA,NA,NA,"0","0","0",NA
"Thryothorus_leucotis","0","4","0","0",NA,"0","0","0",NA,NA,NA,"0",NA,NA,NA,"1","0","0","0",NA
"Thryothorus_longirostris","0","1","0","0",NA,NA,NA,"0",NA,NA,NA,NA,NA,NA,NA,NA,"0","0","0",NA
"Thryothorus_ludovicianus","0","5","0","0",NA,"0","0","0",NA,"0",NA,"0",NA,NA,NA,"0","0","0","0",NA
"Thryothorus_maculipectus","0","2","0","0",NA,NA,NA,"0",NA,"0",NA,NA,NA,NA,NA,NA,"0","0","0",NA
"Thryothorus_modestus","0","2","0","0",NA,NA,NA,"0",NA,"0",NA,NA,NA,NA,NA,NA,"0","0","0",NA
"Thryothorus_mystacalis","0","1","0","0",NA,NA,NA,"0",NA,NA,NA,NA,NA,NA,NA,NA,"0","0","0",NA
"Thryothorus_nicefori",NA,"0","0","0",NA,NA,NA,NA,NA,NA,NA,NA,NA,NA,NA,NA,"0","0","0",NA
"Thryothorus_nigricapillus","0","2","0","0",NA,NA,NA,"0",NA,"0",NA,NA,NA,NA,NA,NA,"0","0","0",NA
"Thryothorus_pleurostictus","0","4","0","0",NA,"0","0","0",NA,NA,NA,"0",NA,NA,NA,"1","0","0","0",NA
"Thryothorus_rufalbus","0","3","0","0",NA,"0",NA,"0",NA,"0",NA,NA,NA,NA,NA,NA,"0","0","0",NA
"Thryothorus_rutilus","0","2","0","0",NA,NA,NA,"0",NA,"0",NA,NA,NA,NA,NA,NA,"0","0","0",NA
"Thryothorus_sclateri","0","1","0","0",NA,NA,NA,"0",NA,NA,NA,NA,NA,NA,NA,NA,"0","0","0",NA
"Thryothorus_semibadius","0","2","0","0",NA,NA,NA,"0",NA,"0",NA,NA,NA,NA,NA,NA,"0","0","0",NA
"Thryothorus_sinaloa","0","1","0","0",NA,NA,NA,"0",NA,NA,NA,NA,NA,NA,NA,NA,"0","0","0",NA
"Thryothorus_spadix","0","1","0","0",NA,NA,NA,"0",NA,NA,NA,NA,NA,NA,NA,NA,"0","0","0",NA
"Thryothorus_superciliaris","0","1","0","0",NA,NA,NA,"0",NA,NA,NA,NA,NA,NA,NA,NA,"0","0","0",NA
"Thryothorus_thoracicus","0","2","0","0",NA,NA,NA,"0",NA,"0",NA,NA,NA,NA,NA,NA,"0","0","0",NA
"Tiaris_bicolor","0","1","0","0",NA,NA,NA,"0",NA,NA,NA,NA,NA,NA,NA,NA,"0","0","0",NA
"Tiaris_canorus","0","3","0","0",NA,NA,NA,"0",NA,"0",NA,"0",NA,NA,NA,"0","0","0","0",NA
"Tiaris_fuliginosus","0","2","0","0",NA,NA,NA,"0",NA,NA,NA,"0",NA,NA,NA,"0","0","0","0",NA
"Tiaris_obscurus","0","1","0","0",NA,NA,NA,"0",NA,NA,NA,NA,NA,NA,NA,NA,"0","0","0",NA
"Tiaris_olivaceus","0","2","0","0",NA,NA,NA,"0",NA,"0",NA,NA,NA,NA,NA,NA,"0","0","0",NA
"Tichodroma_muraria","0","3","0","0",NA,NA,NA,"0",NA,"0",NA,"0",NA,NA,NA,"0","0","0","0",NA
"Tickellia_hodgsoni","0","1","0","0",NA,NA,NA,"0",NA,NA,NA,NA,NA,NA,NA,NA,"0","0","0",NA
"Tigriornis_leucolopha","0","1","0","0",NA,NA,NA,"0",NA,NA,NA,NA,NA,NA,NA,NA,"0","0","0",NA
"Tigrisoma_fasciatum","0","2","0","0",NA,NA,NA,"0",NA,NA,NA,"0",NA,NA,NA,"0","0","0","0",NA
"Tigrisoma_lineatum","0","3","0","0",NA,NA,NA,"0",NA,"0",NA,"0",NA,NA,NA,"0","0","0","0",NA
"Tigrisoma_mexicanum","0","1","0","0",NA,NA,NA,"0",NA,NA,NA,NA,NA,NA,NA,NA,"0","0","0",NA
"Tijuca_atra","0","1","0","0",NA,NA,NA,"0",NA,NA,NA,NA,NA,NA,NA,NA,"0","0","0",NA
"Tijuca_condita","0","1","0","0",NA,NA,NA,"0",NA,NA,NA,NA,NA,NA,NA,NA,"0","0","0",NA
"Tilmatura_dupontii","0","2","0","0",NA,NA,NA,"0",NA,NA,NA,"0",NA,NA,NA,"0","0","0","0",NA
"Timalia_pileata","0","2","0","0",NA,NA,NA,"0",NA,"0",NA,NA,NA,NA,NA,NA,"0","0","0",NA
"Timeliopsis_fulvigula","0","2","0","0",NA,NA,NA,"0",NA,NA,NA,"0",NA,NA,NA,"1","0","0","0",NA
"Timeliopsis_griseigula","0","2","0","0",NA,NA,NA,"0",NA,NA,NA,"0",NA,NA,NA,"1","0","0","0",NA
"Tinamotis_ingoufi","0","1","0","0",NA,NA,NA,"0",NA,NA,NA,NA,NA,NA,NA,NA,"0","0","0",NA
"Tinamotis_pentlandii","0","1","0","0",NA,NA,NA,"0",NA,NA,NA,NA,NA,NA,NA,NA,"0","0","0",NA
"Tinamus_guttatus","0","1","0","0",NA,NA,NA,"0",NA,NA,NA,NA,NA,NA,NA,NA,"0","0","0",NA
"Tinamus_major","0","3","0","0",NA,"0",NA,"0",NA,"0",NA,NA,NA,NA,NA,NA,"0","0","0",NA
"Tinamus_osgoodi","0","1","0","0",NA,NA,NA,"0",NA,NA,NA,NA,NA,NA,NA,NA,"0","0","0",NA
"Tinamus_solitarius","0","2","0","0",NA,NA,NA,"0",NA,"0",NA,NA,NA,NA,NA,NA,"0","0","0",NA
"Tinamus_tao","0","2","0","0",NA,NA,NA,"0",NA,"0",NA,NA,NA,NA,NA,NA,"0","0","0",NA
"Tityra_cayana","0","1","0","0",NA,NA,NA,"0",NA,NA,NA,NA,NA,NA,NA,NA,"0","0","0",NA
"Tityra_inquisitor","0","2","0","0",NA,NA,NA,"0",NA,"0",NA,NA,NA,NA,NA,NA,"0","0","0",NA
"Tityra_semifasciata","0","3","0","0",NA,NA,NA,"0",NA,"0",NA,"0",NA,NA,NA,"0","0","0","0",NA
"Tmetothylacus_tenellus","0","3","0","0",NA,NA,NA,"0",NA,"0",NA,"0",NA,NA,NA,"1","0","0","0",NA
"Tockus_alboterminatus","0","2","0","0",NA,NA,NA,"0",NA,NA,NA,"0",NA,NA,NA,"1","0","0","0",NA
"Tockus_bradfieldi","0","1","0","0",NA,NA,NA,"0",NA,NA,NA,NA,NA,NA,NA,NA,"0","0","0",NA
"Tockus_camurus","1","1","1","1",NA,NA,NA,"1",NA,"0",NA,NA,NA,NA,NA,NA,"0","0","0",NA
"Tockus_deckeni","0","2","0","0",NA,NA,NA,"0",NA,"0",NA,NA,NA,NA,NA,NA,"0","0","0",NA
"Tockus_erythrorhynchus","0","2","0","0",NA,NA,NA,"0",NA,"0",NA,NA,NA,NA,NA,NA,"0","0","0",NA
"Tockus_fasciatus","0","1","0","0",NA,NA,NA,"0",NA,NA,NA,NA,NA,NA,NA,NA,"0","0","0",NA
"Tockus_flavirostris","0","2","0","0",NA,NA,NA,"0",NA,"0",NA,NA,NA,NA,NA,NA,"0","0","0",NA
"Tockus_hartlaubi","0","2","0","0",NA,NA,NA,"0",NA,"0",NA,NA,NA,NA,NA,NA,"0","0","0",NA
"Tockus_hemprichii","0","2","0","0",NA,NA,NA,"0",NA,"0",NA,NA,NA,NA,NA,NA,"0","0","0",NA
"Tockus_jacksoni",NA,"0","0","0",NA,NA,NA,NA,NA,NA,NA,NA,NA,NA,NA,NA,"0","0","0",NA
"Tockus_leucomelas","0","3","0","0",NA,NA,NA,"0",NA,"0",NA,"0",NA,NA,NA,"1","0","0","0",NA
"Tockus_monteiri","0","4","0","0",NA,"0",NA,"0",NA,"0",NA,"0",NA,NA,NA,"0","0","0","0",NA
"Tockus_nasutus","0","2","0","0",NA,NA,NA,"0",NA,"0",NA,NA,NA,NA,NA,NA,"0","0","0",NA
"Tockus_pallidirostris","0","1","0","0",NA,NA,NA,"0",NA,NA,NA,NA,NA,NA,NA,NA,"0","0","0",NA
"Todiramphus_albonotatus","0","2","0","0",NA,NA,NA,"0",NA,"0",NA,NA,NA,NA,NA,NA,"0","0","0",NA
"Todiramphus_australasia","0","1","0","0",NA,NA,NA,"0",NA,NA,NA,NA,NA,NA,NA,NA,"0","0","0",NA
"Todiramphus_chloris","0","1","0","0",NA,NA,NA,"0",NA,NA,NA,NA,NA,NA,NA,NA,"0","0","0",NA
"Todiramphus_cinnamominus","1","0","3","0",NA,NA,NA,"1",NA,"1","1",NA,"K",NA,NA,NA,"1","0","0","Kin"
"Todiramphus_diops","1","0","1","0",NA,NA,NA,"1",NA,NA,NA,NA,NA,NA,NA,NA,"0","0","0",NA
"Todiramphus_enigma","0","1","0","0",NA,NA,NA,"0",NA,NA,NA,NA,NA,NA,NA,NA,"0","0","0",NA
"Todiramphus_farquhari","0","1","0","0",NA,NA,NA,"0",NA,NA,NA,NA,NA,NA,NA,NA,"0","0","0",NA
"Todiramphus_funebris","0","1","0","0",NA,NA,NA,"0",NA,NA,NA,NA,NA,NA,NA,NA,"0","0","0",NA
"Todiramphus_gambieri",NA,"0","0","0",NA,NA,NA,NA,NA,NA,NA,NA,NA,NA,NA,NA,"0","0","0",NA
"Todiramphus_godeffroyi",NA,"0","0","0",NA,NA,NA,NA,NA,NA,NA,NA,NA,NA,NA,NA,"0","0","0",NA
"Todiramphus_lazuli","1","0","1","0",NA,NA,NA,"1",NA,NA,NA,NA,NA,NA,NA,NA,"0","0","0",NA
"Todiramphus_leucopygius","0","1","0","0",NA,NA,NA,"0",NA,NA,NA,NA,NA,NA,NA,NA,"0","0","0",NA
"Todiramphus_macleayii","1","0","3","0",NA,NA,NA,"1",NA,"1",NA,"1",NA,NA,"K","1","1","0","0","Kin"
"Todiramphus_nigrocyaneus","1","0","1","0",NA,NA,NA,"1",NA,NA,NA,NA,NA,NA,NA,NA,"0","0","0",NA
"Todiramphus_pyrrhopygius","0","2","0","0",NA,NA,NA,"0",NA,"0",NA,NA,NA,NA,NA,NA,"0","0","0",NA
"Todiramphus_recurvirostris",NA,"0","0","0",NA,NA,NA,NA,NA,NA,NA,NA,NA,NA,NA,NA,"0","0","0",NA
"Todiramphus_ruficollaris",NA,"0","0","0",NA,NA,NA,NA,NA,NA,NA,NA,NA,NA,NA,NA,"0","0","0",NA
"Todiramphus_sanctus","0","3","0","0",NA,NA,NA,"0",NA,"0",NA,"0",NA,NA,NA,"0","0","0","0",NA
"Todiramphus_saurophaga","0","1","0","0",NA,NA,NA,"0",NA,NA,NA,NA,NA,NA,NA,NA,"0","0","0",NA
"Todiramphus_tutus","1","0","1","0",NA,NA,NA,NA,NA,"1",NA,NA,NA,NA,NA,NA,"0","0","0",NA
"Todiramphus_veneratus",NA,"0","0","0",NA,NA,NA,NA,NA,NA,NA,NA,NA,NA,NA,NA,"0","0","0",NA
"Todiramphus_winchelli","1","0","1","0",NA,NA,NA,"1",NA,NA,NA,NA,NA,NA,NA,NA,"0","0","0",NA
"Todirostrum_chrysocrotaphum","0","1","0","0",NA,NA,NA,"0",NA,NA,NA,NA,NA,NA,NA,NA,"0","0","0",NA
"Todirostrum_cinereum","0","3","0","0",NA,NA,NA,"0",NA,"0",NA,"0",NA,NA,NA,"1","0","0","0",NA
"Todirostrum_maculatum","0","3","0","0",NA,NA,NA,"0",NA,"0",NA,"0",NA,NA,NA,"0","0","0","0",NA
"Todirostrum_nigriceps","0","2","0","0",NA,NA,NA,"0",NA,"0",NA,NA,NA,NA,NA,NA,"0","0","0",NA
"Todirostrum_pictum","0","2","0","0",NA,NA,NA,"0",NA,"0",NA,NA,NA,NA,NA,NA,"0","0","0",NA
"Todirostrum_poliocephalum","0","1","0","0",NA,NA,NA,"0",NA,NA,NA,NA,NA,NA,NA,NA,"0","0","0",NA
"Todirostrum_viridanum","0","1","0","0",NA,NA,NA,"0",NA,NA,NA,NA,NA,NA,NA,NA,"0","0","0",NA
"Todus_angustirostris","1","0","1","0",NA,NA,NA,"1",NA,NA,NA,NA,NA,NA,NA,NA,"0","0","0",NA
"Todus_mexicanus","1","0","4","0",NA,NA,NA,"1",NA,"1","1","1","NK",NA,"K","1","1","1","0",NA
"Todus_multicolor","1","0","1","0",NA,NA,NA,"1",NA,NA,NA,NA,NA,NA,NA,NA,"0","0","0",NA
"Todus_subulatus","1","0","1","0",NA,NA,NA,"1",NA,NA,NA,NA,NA,NA,NA,NA,"0","0","0",NA
"Todus_todus","1","0","1","0",NA,NA,NA,"1",NA,NA,NA,NA,NA,NA,NA,NA,"0","0","0",NA
"Tolmomyias_assimilis","0","1","0","0",NA,NA,NA,"0",NA,NA,NA,NA,NA,NA,NA,NA,"0","0","0",NA
"Tolmomyias_flaviventris","0","2","0","0",NA,NA,NA,"0",NA,"0",NA,NA,NA,NA,NA,NA,"0","0","0",NA
"Tolmomyias_flavotectus","0","1","0","0",NA,NA,NA,"0",NA,NA,NA,NA,NA,NA,NA,NA,"0","0","0",NA
"Tolmomyias_poliocephalus","0","2","0","0",NA,NA,NA,"0",NA,"0",NA,NA,NA,NA,NA,NA,"0","0","0",NA
"Tolmomyias_sulphurescens","0","2","0","0",NA,NA,NA,"0",NA,"0",NA,NA,NA,NA,NA,NA,"0","0","0",NA
"Tolmomyias_traylori","0","1","0","0",NA,NA,NA,"0",NA,NA,NA,NA,NA,NA,NA,NA,"0","0","0",NA
"Tolmomyias_viridiceps","0","1","0","0",NA,NA,NA,"0",NA,NA,NA,NA,NA,NA,NA,NA,"0","0","0",NA
"Topaza_pella","0","3","0","0",NA,NA,NA,"0",NA,"0",NA,"0",NA,NA,NA,"0","0","0","0",NA
"Topaza_pyra","0","1","0","0",NA,NA,NA,NA,NA,NA,NA,"0",NA,NA,NA,"0","0","0","0",NA
"Torgos_tracheliotos","0","3","0","0",NA,NA,NA,"0",NA,"0",NA,"0",NA,NA,NA,"1","0","0","0",NA
"Torreornis_inexpectata","0","1","0","0",NA,NA,NA,"0",NA,NA,NA,NA,NA,NA,NA,NA,"0","0","0",NA
"Touit_batavicus","0","2","0","0",NA,NA,NA,"0",NA,"0",NA,NA,NA,NA,NA,NA,"0","0","0",NA
"Touit_costaricensis","0","1","0","0",NA,NA,NA,"0",NA,NA,NA,NA,NA,NA,NA,NA,"0","0","0",NA
"Touit_dilectissimus","0","1","0","0",NA,NA,NA,"0",NA,NA,NA,NA,NA,NA,NA,NA,"0","0","0",NA
"Touit_huetii","0","1","0","0",NA,NA,NA,"0",NA,NA,NA,NA,NA,NA,NA,NA,"0","0","0",NA
"Touit_melanonotus","0","1","0","0",NA,NA,NA,"0",NA,NA,NA,NA,NA,NA,NA,NA,"0","0","0",NA
"Touit_purpuratus","0","1","0","0",NA,NA,NA,"0",NA,NA,NA,NA,NA,NA,NA,NA,"0","0","0",NA
"Touit_stictopterus","0","1","0","0",NA,NA,NA,"0",NA,NA,NA,NA,NA,NA,NA,NA,"0","0","0",NA
"Touit_surdus","0","1","0","0",NA,NA,NA,"0",NA,NA,NA,NA,NA,NA,NA,NA,"0","0","0",NA
"Toxorhamphus_iliolophus","0","1","0","0",NA,NA,NA,"0",NA,NA,NA,NA,NA,NA,NA,NA,"0","0","0",NA
"Toxorhamphus_novaeguineae","0","1","0","0",NA,NA,NA,"0",NA,NA,NA,NA,NA,NA,NA,NA,"0","0","0",NA
"Toxorhamphus_poliopterus","0","1","0","0",NA,NA,NA,"0",NA,NA,NA,NA,NA,NA,NA,NA,"0","0","0",NA
"Toxostoma_bendirei","0","2","0","0",NA,NA,NA,"0",NA,"0",NA,NA,NA,NA,NA,NA,"0","0","0",NA
"Toxostoma_cinereum","0","1","0","0",NA,NA,NA,"0",NA,NA,NA,NA,NA,NA,NA,NA,"0","0","0",NA
"Toxostoma_crissale","0","3","0","0",NA,NA,NA,"0",NA,"0",NA,"0",NA,NA,NA,"1","0","0","0",NA
"Toxostoma_curvirostre","0","3","0","0",NA,NA,NA,"0",NA,"0",NA,"0",NA,NA,NA,"1","0","0","0",NA
"Toxostoma_guttatum","0","1","0","0",NA,NA,NA,"0",NA,NA,NA,NA,NA,NA,NA,NA,"0","0","0",NA
"Toxostoma_lecontei","0","3","0","0",NA,NA,NA,"0",NA,"0",NA,"0",NA,NA,NA,"0","0","0","0",NA
"Toxostoma_longirostre","0","2","0","0",NA,NA,NA,"0",NA,"0",NA,NA,NA,NA,NA,NA,"0","0","0",NA
"Toxostoma_ocellatum","0","1","0","0",NA,NA,NA,"0",NA,NA,NA,NA,NA,NA,NA,NA,"0","0","0",NA
"Toxostoma_redivivum","0","3","0","0",NA,NA,NA,"0",NA,"0",NA,"0",NA,NA,NA,"1","0","0","0",NA
"Toxostoma_rufum","0","3","0","0",NA,NA,NA,"0",NA,"0",NA,"0",NA,NA,NA,"0","0","0","0",NA
"Trachyphonus_darnaudii","1","0","3","0",NA,NA,NA,"1",NA,"1",NA,"1",NA,NA,"K","1","1","0","0","Kin"
"Trachyphonus_erythrocephalus","1","0","3","0",NA,NA,NA,"1",NA,"1",NA,"1",NA,NA,"K","1","1","0","0","Kin"
"Trachyphonus_margaritatus","1","1","1","1",NA,NA,NA,"1",NA,"0",NA,NA,NA,NA,NA,NA,"0","0","0",NA
"Trachyphonus_purpuratus","1","1","1","1",NA,NA,NA,"1",NA,NA,NA,"0",NA,NA,NA,"1","0","0","0",NA
"Trachyphonus_usambiro","1","0","1","0",NA,NA,NA,NA,NA,NA,NA,"1",NA,NA,"K","1","1","0","0","Kin"
"Trachyphonus_vaillantii","0","3","0","0",NA,NA,NA,"0",NA,"0",NA,"0",NA,NA,NA,"1","0","0","0",NA
"Tragopan_blythii","0","1","0","0",NA,NA,NA,"0",NA,NA,NA,NA,NA,NA,NA,NA,"0","0","0",NA
"Tragopan_caboti","0","2","0","0",NA,NA,NA,"0",NA,"0",NA,NA,NA,NA,NA,NA,"0","0","0",NA
"Tragopan_melanocephalus","0","3","0","0",NA,NA,NA,"0",NA,"0",NA,"0",NA,NA,NA,"1","0","0","0",NA
"Tragopan_satyra","0","1","0","0",NA,NA,NA,"0",NA,NA,NA,NA,NA,NA,NA,NA,"0","0","0",NA
"Tragopan_temminckii","0","2","0","0",NA,NA,NA,"0",NA,"0",NA,NA,NA,NA,NA,NA,"0","0","0",NA
"Tregellasia_capito","1","0","3","0",NA,NA,NA,"1",NA,"1",NA,"1",NA,NA,"K","1","1","0","0","Kin"
"Tregellasia_leucops","1","0","2","0","1",NA,NA,"1",NA,NA,NA,NA,NA,NA,NA,NA,"0","0","0",NA
"Treron_apicauda","0","3","0","0",NA,NA,NA,"0",NA,"0",NA,"0",NA,NA,NA,"0","0","0","0",NA
"Treron_australis","0","1","0","0",NA,NA,NA,"0",NA,NA,NA,NA,NA,NA,NA,NA,"0","0","0",NA
"Treron_bicinctus","0","2","0","0",NA,NA,NA,"0",NA,"0",NA,NA,NA,NA,NA,NA,"0","0","0",NA
"Treron_calvus","0","2","0","0",NA,NA,NA,"0",NA,"0",NA,NA,NA,NA,NA,NA,"0","0","0",NA
"Treron_capellei","0","1","0","0",NA,NA,NA,"0",NA,NA,NA,NA,NA,NA,NA,NA,"0","0","0",NA
"Treron_curvirostra","0","3","0","0",NA,NA,NA,"0",NA,"0",NA,"0",NA,NA,NA,"0","0","0","0",NA
"Treron_floris","0","1","0","0",NA,NA,NA,"0",NA,NA,NA,NA,NA,NA,NA,NA,"0","0","0",NA
"Treron_formosae","0","1","0","0",NA,NA,NA,"0",NA,NA,NA,NA,NA,NA,NA,NA,"0","0","0",NA
"Treron_fulvicollis","0","2","0","0",NA,NA,NA,"0",NA,"0",NA,NA,NA,NA,NA,NA,"0","0","0",NA
"Treron_griseicauda","0","1","0","0",NA,NA,NA,"0",NA,NA,NA,NA,NA,NA,NA,NA,"0","0","0",NA
"Treron_olax","0","3","0","0",NA,NA,NA,"0",NA,"0",NA,"0",NA,NA,NA,"0","0","0","0",NA
"Treron_oxyurus","0","1","0","0",NA,NA,NA,"0",NA,NA,NA,NA,NA,NA,NA,NA,"0","0","0",NA
"Treron_pembaensis","0","2","0","0",NA,NA,NA,"0",NA,"0",NA,NA,NA,NA,NA,NA,"0","0","0",NA
"Treron_phoenicopterus","0","3","0","0",NA,NA,NA,"0",NA,"0",NA,"0",NA,NA,NA,"0","0","0","0",NA
"Treron_pompadora","0","2","0","0",NA,NA,NA,"0",NA,"0",NA,NA,NA,NA,NA,NA,"0","0","0",NA
"Treron_psittaceus","0","1","0","0",NA,NA,NA,"0",NA,NA,NA,NA,NA,NA,NA,NA,"0","0","0",NA
"Treron_sanctithomae","0","1","0","0",NA,NA,NA,"0",NA,NA,NA,NA,NA,NA,NA,NA,"0","0","0",NA
"Treron_seimundi","0","1","0","0",NA,NA,NA,"0",NA,NA,NA,NA,NA,NA,NA,NA,"0","0","0",NA
"Treron_sieboldii","0","3","0","0",NA,NA,NA,"0",NA,"0",NA,"0",NA,NA,NA,"0","0","0","0",NA
"Treron_sphenurus","0","3","0","0",NA,NA,NA,"0",NA,"0",NA,"0",NA,NA,NA,"0","0","0","0",NA
"Treron_teysmannii","0","1","0","0",NA,NA,NA,"0",NA,NA,NA,NA,NA,NA,NA,NA,"0","0","0",NA
"Treron_vernans","0","2","0","0",NA,NA,NA,"0",NA,"0",NA,NA,NA,NA,NA,NA,"0","0","0",NA
"Treron_waalia","0","3","0","0",NA,NA,NA,"0",NA,"0",NA,"0",NA,NA,NA,"0","0","0","0",NA
"Trichastoma_bicolor","0","1","0","0",NA,NA,NA,"0",NA,NA,NA,NA,NA,NA,NA,NA,"0","0","0",NA
"Trichastoma_celebense","0","1","0","0",NA,NA,NA,"0",NA,NA,NA,NA,NA,NA,NA,NA,"0","0","0",NA
"Trichastoma_pyrrogenys","0","1","0","0",NA,NA,NA,"0",NA,NA,NA,NA,NA,NA,NA,NA,"0","0","0",NA
"Trichastoma_rostratum","0","1","0","0",NA,NA,NA,"0",NA,NA,NA,NA,NA,NA,NA,NA,"0","0","0",NA
"Trichastoma_tickelli","0","2","0","0",NA,NA,NA,"0",NA,"0",NA,NA,NA,NA,NA,NA,"0","0","0",NA
"Trichixos_pyrropygus","0","1","0","0",NA,NA,NA,"0",NA,NA,NA,NA,NA,NA,NA,NA,"0","0","0",NA
"Trichocichla_rufa","0","1","0","0",NA,NA,NA,"0",NA,NA,NA,NA,NA,NA,NA,NA,"0","0","0",NA
"Trichodere_cockerelli","0","1","0","0",NA,NA,NA,"0",NA,NA,NA,NA,NA,NA,NA,NA,"0","0","0",NA
"Trichoglossus_chlorolepidotus","0","2","0","0",NA,NA,NA,"0",NA,"0",NA,NA,NA,NA,NA,NA,"0","0","0",NA
"Trichoglossus_euteles","0","1","0","0",NA,NA,NA,"0",NA,NA,NA,NA,NA,NA,NA,NA,"0","0","0",NA
"Trichoglossus_flavoviridis","0","1","0","0",NA,NA,NA,"0",NA,NA,NA,NA,NA,NA,NA,NA,"0","0","0",NA
"Trichoglossus_haematodus","0","3","0","0",NA,NA,NA,"0",NA,"0",NA,"0",NA,NA,NA,"1","0","0","0",NA
"Trichoglossus_johnstoniae","0","1","0","0",NA,NA,NA,"0",NA,NA,NA,NA,NA,NA,NA,NA,"0","0","0",NA
"Trichoglossus_ornatus","0","1","0","0",NA,NA,NA,"0",NA,NA,NA,NA,NA,NA,NA,NA,"0","0","0",NA
"Trichoglossus_rubiginosus","0","1","0","0",NA,NA,NA,"0",NA,NA,NA,NA,NA,NA,NA,NA,"0","0","0",NA
"Tricholaema_diademata","0","2","0","0",NA,NA,NA,"0",NA,"0",NA,NA,NA,NA,NA,NA,"0","0","0",NA
"Tricholaema_frontata","0","2","0","0",NA,NA,NA,"0",NA,"0",NA,NA,NA,NA,NA,NA,"0","0","0",NA
"Tricholaema_hirsuta","0","1","0","0",NA,NA,NA,"0",NA,NA,NA,NA,NA,NA,NA,NA,"0","0","0",NA
"Tricholaema_lacrymosa","1","0","3","0",NA,NA,NA,"1",NA,"1",NA,"1",NA,NA,"K","1","1","0","0","Kin"
"Tricholaema_leucomelas","0","3","0","0",NA,NA,NA,"0",NA,"0",NA,"0",NA,NA,NA,"0","0","0","0",NA
"Tricholaema_melanocephala","0","2","0","0",NA,NA,NA,"0",NA,"0",NA,NA,NA,NA,NA,NA,"0","0","0",NA
"Tricholestes_criniger","0","1","0","0",NA,NA,NA,"0",NA,NA,NA,NA,NA,NA,NA,NA,"0","0","0",NA
"Trichothraupis_melanops","0","2","0","0",NA,NA,NA,"0",NA,NA,NA,"0",NA,NA,NA,"1","0","0","0",NA
"Triclaria_malachitacea","0","2","0","0",NA,NA,NA,"0",NA,"0",NA,NA,NA,NA,NA,NA,"0","0","0",NA
"Trigonoceps_occipitalis","0","2","0","0",NA,NA,NA,"0",NA,"0",NA,NA,NA,NA,NA,NA,"0","0","0",NA
"Tringa_erythropus","0","2","0","0",NA,NA,NA,"0",NA,"0",NA,NA,NA,NA,NA,NA,"0","0","0",NA
"Tringa_flavipes","0","3","0","0",NA,NA,NA,"0",NA,"0",NA,"0",NA,NA,NA,"0","0","0","0",NA
"Tringa_glareola","0","2","0","0",NA,NA,NA,"0",NA,"0",NA,NA,NA,NA,NA,NA,"0","0","0",NA
"Tringa_guttifer","0","2","0","0",NA,NA,NA,"0",NA,"0",NA,NA,NA,NA,NA,NA,"0","0","0",NA
"Tringa_melanoleuca","0","3","0","0",NA,NA,NA,"0",NA,"0",NA,"0",NA,NA,NA,"0","0","0","0",NA
"Tringa_nebularia","0","2","0","0",NA,NA,NA,"0",NA,"0",NA,NA,NA,NA,NA,NA,"0","0","0",NA
"Tringa_ochropus","0","2","0","0",NA,NA,NA,"0",NA,"0",NA,NA,NA,NA,NA,NA,"0","0","0",NA
"Tringa_solitaria","0","2","0","0",NA,NA,NA,"0",NA,"0",NA,NA,NA,NA,NA,NA,"0","0","0",NA
"Tringa_stagnatilis","0","2","0","0",NA,NA,NA,"0",NA,"0",NA,NA,NA,NA,NA,NA,"0","0","0",NA
"Tringa_totanus","0","2","0","0",NA,NA,NA,"0",NA,"0",NA,NA,NA,NA,NA,NA,"0","0","0",NA
"Trochilus_polytmus","0","2","0","0",NA,NA,NA,"0",NA,"0",NA,NA,NA,NA,NA,NA,"0","0","0",NA
"Trochilus_scitulus","0","1","0","0",NA,NA,NA,"0",NA,NA,NA,NA,NA,NA,NA,NA,"0","0","0",NA
"Trochocercus_cyanomelas","0","2","0","0",NA,NA,NA,"0",NA,"0",NA,NA,NA,NA,NA,NA,"0","0","0",NA
"Trochocercus_nitens","0","3","0","0",NA,NA,NA,"0",NA,"0",NA,"0",NA,NA,NA,"0","0","0","0",NA
"Troglodytes_aedon","0","4","0","0",NA,"0","0","0",NA,NA,NA,"0",NA,NA,NA,"1","0","0","0",NA
"Troglodytes_cobbi","0","1","0","0",NA,NA,NA,"0",NA,NA,NA,NA,NA,NA,NA,NA,"0","0","0",NA
"Troglodytes_monticola","0","1","0","0",NA,NA,NA,"0",NA,NA,NA,NA,NA,NA,NA,NA,"0","0","0",NA
"Troglodytes_ochraceus","0","1","0","0",NA,NA,NA,"0",NA,NA,NA,NA,NA,NA,NA,NA,"0","0","0",NA
"Troglodytes_rufociliatus","0","2","0","0",NA,NA,NA,"0",NA,"0",NA,NA,NA,NA,NA,NA,"0","0","0",NA
"Troglodytes_rufulus","0","1","0","0",NA,NA,NA,"0",NA,NA,NA,NA,NA,NA,NA,NA,"0","0","0",NA
"Troglodytes_sissonii",NA,"0","0","0",NA,NA,NA,NA,NA,NA,NA,NA,NA,NA,NA,NA,"0","0","0",NA
"Troglodytes_solstitialis","0","1","0","0",NA,NA,NA,"0",NA,NA,NA,NA,NA,NA,NA,NA,"0","0","0",NA
"Troglodytes_tanneri",NA,"0","0","0",NA,NA,NA,NA,NA,NA,NA,NA,NA,NA,NA,NA,"0","0","0",NA
"Troglodytes_troglodytes","0","3","0","0",NA,NA,NA,"0",NA,"0",NA,"0",NA,NA,NA,"0","0","0","0",NA
"Trogon_aurantiiventris",NA,"0","0","0",NA,NA,NA,NA,NA,NA,NA,NA,NA,NA,NA,NA,"0","0","0",NA
"Trogon_bairdii","0","2","0","0",NA,NA,NA,"0",NA,"0",NA,NA,NA,NA,NA,NA,"0","0","0",NA
"Trogon_citreolus","0","1","0","0",NA,NA,NA,"0",NA,NA,NA,NA,NA,NA,NA,NA,"0","0","0",NA
"Trogon_clathratus","0","1","0","0",NA,NA,NA,"0",NA,NA,NA,NA,NA,NA,NA,NA,"0","0","0",NA
"Trogon_collaris","0","2","0","0",NA,NA,NA,"0",NA,"0",NA,NA,NA,NA,NA,NA,"0","0","0",NA
"Trogon_comptus","0","1","0","0",NA,NA,NA,"0",NA,NA,NA,NA,NA,NA,NA,NA,"0","0","0",NA
"Trogon_curucui","0","2","0","0",NA,NA,NA,"0",NA,"0",NA,NA,NA,NA,NA,NA,"0","0","0",NA
"Trogon_elegans","0","2","0","0",NA,NA,NA,"0",NA,"0",NA,NA,NA,NA,NA,NA,"0","0","0",NA
"Trogon_massena","0","2","0","0",NA,NA,NA,"0",NA,"0",NA,NA,NA,NA,NA,NA,"0","0","0",NA
"Trogon_melanocephalus","0","2","0","0",NA,NA,NA,"0",NA,"0",NA,NA,NA,NA,NA,NA,"0","0","0",NA
"Trogon_melanurus","0","1","0","0",NA,NA,NA,"0",NA,NA,NA,NA,NA,NA,NA,NA,"0","0","0",NA
"Trogon_mexicanus","0","2","0","0",NA,NA,NA,"0",NA,"0",NA,NA,NA,NA,NA,NA,"0","0","0",NA
"Trogon_personatus","0","1","0","0",NA,NA,NA,"0",NA,NA,NA,NA,NA,NA,NA,NA,"0","0","0",NA
"Trogon_rufus","0","2","0","0",NA,NA,NA,"0",NA,"0",NA,NA,NA,NA,NA,NA,"0","0","0",NA
"Trogon_surrucura","0","1","0","0",NA,NA,NA,"0",NA,NA,NA,NA,NA,NA,NA,NA,"0","0","0",NA
"Trogon_violaceus","0","1","0","0",NA,NA,NA,"0",NA,NA,NA,NA,NA,NA,NA,NA,"0","0","0",NA
"Trogon_viridis","0","2","0","0",NA,NA,NA,"0",NA,"0",NA,NA,NA,NA,NA,NA,"0","0","0",NA
"Tropicranus_albocristatus","0","2","0","0",NA,NA,NA,"0",NA,"0",NA,NA,NA,NA,NA,NA,"0","0","0",NA
"Trugon_terrestris","0","3","0","0",NA,NA,NA,"0",NA,"0",NA,"0",NA,NA,NA,"0","0","0","0",NA
"Tryngites_subruficollis","0","4","0","0",NA,"0",NA,"0",NA,"0",NA,"0",NA,NA,NA,"0","0","0","0",NA
"Tumbezia_salvini","0","1","0","0",NA,NA,NA,"0",NA,NA,NA,NA,NA,NA,NA,NA,"0","0","0",NA
"Turacoena_manadensis","0","1","0","0",NA,NA,NA,"0",NA,NA,NA,NA,NA,NA,NA,NA,"0","0","0",NA
"Turacoena_modesta","0","1","0","0",NA,NA,NA,"0",NA,NA,NA,NA,NA,NA,NA,NA,"0","0","0",NA
"Turdinus_atrigularis","0","1","0","0",NA,NA,NA,"0",NA,NA,NA,NA,NA,NA,NA,NA,"0","0","0",NA
"Turdinus_macrodactylus","0","1","0","0",NA,NA,NA,"0",NA,NA,NA,NA,NA,NA,NA,NA,"0","0","0",NA
"Turdinus_marmorata","0","1","0","0",NA,NA,NA,"0",NA,NA,NA,NA,NA,NA,NA,NA,"0","0","0",NA
"Turdinus_rufipectus","0","1","0","0",NA,NA,NA,"0",NA,NA,NA,NA,NA,NA,NA,NA,"0","0","0",NA
"Turdoides_affinis","1","0","3","0",NA,NA,NA,"1",NA,"1",NA,"1",NA,NA,"K","1","1","0","0","Kin"
"Turdoides_altirostris","1","0","3","0",NA,NA,NA,"1",NA,"1",NA,"1",NA,NA,"K","1","1","0","0","Kin"
"Turdoides_aylmeri","1","0","3","0",NA,NA,NA,"1",NA,"1",NA,"1",NA,NA,"K","1","1","0","0","Kin"
"Turdoides_bicolor","1","0","5","0",NA,"1",NA,"1",NA,"1","1","1","K",NA,"K","1","2","0","0","Kin"
"Turdoides_caudata","1","0","3","0",NA,NA,NA,"1",NA,"1",NA,"1",NA,NA,"K","1","1","0","0","Kin"
"Turdoides_caudatus","1","0","1","0",NA,NA,NA,NA,NA,NA,"1",NA,"M",NA,NA,NA,"0","0","1","Mixed"
"Turdoides_earlei","1","0","3","0",NA,NA,NA,"1",NA,"1",NA,"1",NA,NA,"K","1","1","0","0","Kin"
"Turdoides_fulva","1","0","3","0",NA,NA,NA,"1",NA,"1",NA,"1",NA,NA,"K","1","1","0","0","Kin"
"Turdoides_fulvus","1","0","1","0",NA,NA,NA,NA,NA,NA,"1",NA,"K",NA,NA,NA,"1","0","0","Kin"
"Turdoides_gularis","1","0","1","0",NA,NA,NA,"1",NA,NA,NA,NA,NA,NA,NA,NA,"0","0","0",NA
"Turdoides_gymnogenys","1","0","4","0",NA,NA,NA,"1",NA,"1","1","1","K",NA,"K","1","2","0","0","Kin"
"Turdoides_hartlaubii","1","0","3","0",NA,NA,NA,"1",NA,"1",NA,"1",NA,NA,"K","1","1","0","0","Kin"
"Turdoides_hindei","1","0","3","0",NA,NA,NA,"1",NA,"1",NA,"1",NA,NA,"K","1","1","0","0","Kin"
"Turdoides_hypoleuca","1","0","3","0",NA,NA,NA,"1",NA,"1",NA,"1",NA,NA,"K","1","1","0","0","Kin"
"Turdoides_jardineii","1","0","3","0",NA,NA,NA,"1",NA,"1",NA,"1",NA,NA,"K","1","1","0","0","Kin"
"Turdoides_leucocephala","1","0","2","0",NA,NA,NA,"1",NA,"1",NA,NA,NA,NA,NA,NA,"0","0","0",NA
"Turdoides_leucopygia","1","2","1","1",NA,NA,NA,"1",NA,"0",NA,"0",NA,NA,NA,"1","0","0","0",NA
"Turdoides_longirostris","0","1","0","0",NA,NA,NA,"0",NA,NA,NA,NA,NA,NA,NA,NA,"0","0","0",NA
"Turdoides_malcolmi","1","0","3","0",NA,NA,NA,"1",NA,"1",NA,"1",NA,NA,"K","1","1","0","0","Kin"
"Turdoides_melanops","1","0","2","0",NA,NA,NA,"1",NA,"1",NA,NA,NA,NA,NA,NA,"0","0","0",NA
"Turdoides_nipalensis","1","0","1","0",NA,NA,NA,"1",NA,NA,NA,NA,NA,NA,NA,NA,"0","0","0",NA
"Turdoides_plebejus","1","2","1","1",NA,NA,NA,"1",NA,"0",NA,"0",NA,NA,NA,"1","0","0","0",NA
"Turdoides_reinwardii","1","0","3","0",NA,NA,NA,"1",NA,"1",NA,"1",NA,NA,"K","1","1","0","0","Kin"
"Turdoides_rubiginosa","1","0","3","0",NA,NA,NA,"1",NA,"1",NA,"1",NA,NA,"K","1","1","0","0","Kin"
"Turdoides_rufescens","1","1","1","1",NA,NA,NA,"1",NA,"0",NA,NA,NA,NA,NA,NA,"0","0","0",NA
"Turdoides_sharpei","1","0","3","0",NA,NA,NA,"1",NA,"1",NA,"1",NA,NA,"K","1","1","0","0","Kin"
"Turdoides_squamiceps","1","0","6","0",NA,"1","1","1",NA,"1","1","1","M","K","K","1","2","0","1","Kin"
"Turdoides_squamulata","1","1","1","1",NA,NA,NA,"1",NA,"0",NA,NA,NA,NA,NA,NA,"0","0","0",NA
"Turdoides_striata","1","0","3","0",NA,NA,NA,"1",NA,"1",NA,"1",NA,NA,"K","1","1","0","0","Kin"
"Turdoides_striatus","1","0","1","0",NA,NA,NA,NA,NA,NA,"1",NA,"K",NA,NA,NA,"1","0","0","Kin"
"Turdoides_subrufa","1","0","1","0",NA,NA,NA,"1",NA,NA,NA,NA,NA,NA,NA,NA,"0","0","0",NA
"Turdoides_tenebrosa","1","0","3","0",NA,NA,NA,"1",NA,"1",NA,"1",NA,NA,"K","1","1","0","0","Kin"
"Turdus_albicollis","0","3","0","0",NA,"0",NA,"0",NA,"0",NA,NA,NA,NA,NA,NA,"0","0","0",NA
"Turdus_albocinctus","0","2","0","0",NA,NA,NA,"0",NA,"0",NA,NA,NA,NA,NA,NA,"0","0","0",NA
"Turdus_amaurochalinus","0","3","0","0",NA,NA,NA,"0",NA,"0",NA,"0",NA,NA,NA,"0","0","0","0",NA
"Turdus_assimilis","0","1","0","0",NA,NA,NA,"0",NA,NA,NA,NA,NA,NA,NA,NA,"0","0","0",NA
"Turdus_aurantius","0","3","0","0",NA,NA,NA,"0",NA,"0",NA,"0",NA,NA,NA,"0","0","0","0",NA
"Turdus_bewsheri","0","2","0","0",NA,NA,NA,"0",NA,"0",NA,NA,NA,NA,NA,NA,"0","0","0",NA
"Turdus_boulboul","0","3","0","0",NA,NA,NA,"0",NA,"0",NA,"0",NA,NA,NA,"0","0","0","0",NA
"Turdus_cardis","0","3","0","0",NA,NA,NA,"0",NA,"0",NA,"0",NA,NA,NA,"0","0","0","0",NA
"Turdus_celaenops","0","2","0","0",NA,NA,NA,"0",NA,"0",NA,NA,NA,NA,NA,NA,"0","0","0",NA
"Turdus_chiguanco","0","1","0","0",NA,NA,NA,"0",NA,NA,NA,NA,NA,NA,NA,NA,"0","0","0",NA
"Turdus_chrysolaus","0","2","0","0",NA,NA,NA,"0",NA,"0",NA,NA,NA,NA,NA,NA,"0","0","0",NA
"Turdus_daguae","0","1","0","0",NA,NA,NA,"0",NA,NA,NA,NA,NA,NA,NA,NA,"0","0","0",NA
"Turdus_dissimilis","0","2","0","0",NA,NA,NA,"0",NA,"0",NA,NA,NA,NA,NA,NA,"0","0","0",NA
"Turdus_falcklandii","0","3","0","0",NA,NA,NA,"0",NA,"0",NA,"0",NA,NA,NA,"0","0","0","0",NA
"Turdus_feae","0","2","0","0",NA,NA,NA,"0",NA,"0",NA,NA,NA,NA,NA,NA,"0","0","0",NA
"Turdus_flavipes","0","2","0","0",NA,NA,NA,"0",NA,NA,NA,"0",NA,NA,NA,"0","0","0","0",NA
"Turdus_fulviventris","0","2","0","0",NA,NA,NA,"0",NA,NA,NA,"0",NA,NA,NA,"0","0","0","0",NA
"Turdus_fumigatus","0","3","0","0",NA,NA,NA,"0",NA,"0",NA,"0",NA,NA,NA,"0","0","0","0",NA
"Turdus_fuscater","0","3","0","0",NA,NA,NA,"0",NA,"0",NA,"0",NA,NA,NA,"0","0","0","0",NA
"Turdus_grayi","0","4","0","0",NA,"0","0","0",NA,"0",NA,NA,NA,NA,NA,NA,"0","0","0",NA
"Turdus_haplochrous","0","1","0","0",NA,NA,NA,"0",NA,NA,NA,NA,NA,NA,NA,NA,"0","0","0",NA
"Turdus_hauxwelli","0","2","0","0",NA,NA,NA,"0",NA,NA,NA,"0",NA,NA,NA,"0","0","0","0",NA
"Turdus_helleri","0","1","0","0",NA,NA,NA,"0",NA,NA,NA,NA,NA,NA,NA,NA,"0","0","0",NA
"Turdus_hortulorum","0","2","0","0",NA,NA,NA,"0",NA,"0",NA,NA,NA,NA,NA,NA,"0","0","0",NA
"Turdus_ignobilis","0","2","0","0",NA,NA,NA,"0",NA,NA,NA,"0",NA,NA,NA,"0","0","0","0",NA
"Turdus_iliacus","0","3","0","0",NA,NA,NA,"0",NA,"0",NA,"0",NA,NA,NA,"0","0","0","0",NA
"Turdus_infuscatus","0","2","0","0",NA,NA,NA,"0",NA,NA,NA,"0",NA,NA,NA,"0","0","0","0",NA
"Turdus_jamaicensis","0","1","0","0",NA,NA,NA,"0",NA,NA,NA,NA,NA,NA,NA,NA,"0","0","0",NA
"Turdus_kessleri","0","1","0","0",NA,NA,NA,"0",NA,NA,NA,NA,NA,NA,NA,NA,"0","0","0",NA
"Turdus_lawrencii","0","1","0","0",NA,NA,NA,"0",NA,NA,NA,NA,NA,NA,NA,NA,"0","0","0",NA
"Turdus_leucomelas","0","2","0","0",NA,NA,NA,"0",NA,"0",NA,NA,NA,NA,NA,NA,"0","0","0",NA
"Turdus_leucops","0","1","0","0",NA,NA,NA,"0",NA,NA,NA,NA,NA,NA,NA,NA,"0","0","0",NA
"Turdus_libonyanus","0","2","0","0",NA,NA,NA,"0",NA,"0",NA,NA,NA,NA,NA,NA,"0","0","0",NA
"Turdus_ludoviciae","0","1","0","0",NA,NA,NA,"0",NA,NA,NA,NA,NA,NA,NA,NA,"0","0","0",NA
"Turdus_maculirostris","0","1","0","0",NA,NA,NA,"0",NA,NA,NA,NA,NA,NA,NA,NA,"0","0","0",NA
"Turdus_maranonicus","0","1","0","0",NA,NA,NA,"0",NA,NA,NA,NA,NA,NA,NA,NA,"0","0","0",NA
"Turdus_menachensis","0","1","0","0",NA,NA,NA,"0",NA,NA,NA,NA,NA,NA,NA,NA,"0","0","0",NA
"Turdus_merula","0","4","0","0",NA,NA,"0","0",NA,"0",NA,"0",NA,NA,NA,"0","0","0","0",NA
"Turdus_migratorius","0","5","0","0",NA,"0","0","0",NA,"0",NA,"0",NA,NA,NA,"0","0","0","0",NA
"Turdus_mupinensis","0","1","0","0",NA,NA,NA,"0",NA,NA,NA,NA,NA,NA,NA,NA,"0","0","0",NA
"Turdus_naumanni","0","2","0","0",NA,NA,NA,"0",NA,"0",NA,NA,NA,NA,NA,NA,"0","0","0",NA
"Turdus_nigrescens","0","1","0","0",NA,NA,NA,"0",NA,NA,NA,NA,NA,NA,NA,NA,"0","0","0",NA
"Turdus_nigriceps","0","1","0","0",NA,NA,NA,"0",NA,NA,NA,NA,NA,NA,NA,NA,"0","0","0",NA
"Turdus_nudigenis","0","2","0","0",NA,NA,NA,"0",NA,"0",NA,NA,NA,NA,NA,NA,"0","0","0",NA
"Turdus_obscurus","0","2","0","0",NA,NA,NA,"0",NA,"0",NA,NA,NA,NA,NA,NA,"0","0","0",NA
"Turdus_obsoletus","0","3","0","0",NA,NA,NA,"0",NA,"0",NA,"0",NA,NA,NA,"0","0","0","0",NA
"Turdus_olivaceofuscus","0","2","0","0",NA,NA,NA,"0",NA,NA,NA,"0",NA,NA,NA,"0","0","0","0",NA
"Turdus_olivaceus","0","3","0","0",NA,NA,NA,"0",NA,"0",NA,"0",NA,NA,NA,"1","0","0","0",NA
"Turdus_olivater","0","1","0","0",NA,NA,NA,"0",NA,NA,NA,NA,NA,NA,NA,NA,"0","0","0",NA
"Turdus_pallidus","0","2","0","0",NA,NA,NA,"0",NA,"0",NA,NA,NA,NA,NA,NA,"0","0","0",NA
"Turdus_pelios","0","3","0","0",NA,NA,NA,"0",NA,"0",NA,"0",NA,NA,NA,"0","0","0","0",NA
"Turdus_philomelos","0","3","0","0",NA,NA,NA,"0",NA,"0",NA,"0",NA,NA,NA,"0","0","0","0",NA
"Turdus_pilaris","0","3","0","0",NA,NA,NA,"0",NA,"0",NA,"0",NA,NA,NA,"0","0","0","0",NA
"Turdus_plebejus","0","2","0","0",NA,NA,NA,"0",NA,"0",NA,NA,NA,NA,NA,NA,"0","0","0",NA
"Turdus_plumbeus","0","3","0","0",NA,NA,NA,"0",NA,"0",NA,"0",NA,NA,NA,"0","0","0","0",NA
"Turdus_poliocephalus","0","3","0","0",NA,NA,NA,"0",NA,"0",NA,"0",NA,NA,NA,"0","0","0","0",NA
"Turdus_reevei","0","1","0","0",NA,NA,NA,"0",NA,NA,NA,NA,NA,NA,NA,NA,"0","0","0",NA
"Turdus_rubrocanus","0","3","0","0",NA,NA,NA,"0",NA,"0",NA,"0",NA,NA,NA,"0","0","0","0",NA
"Turdus_ruficollis","0","2","0","0",NA,NA,NA,"0",NA,"0",NA,NA,NA,NA,NA,NA,"0","0","0",NA
"Turdus_rufitorques","0","1","0","0",NA,NA,NA,"0",NA,NA,NA,NA,NA,NA,NA,NA,"0","0","0",NA
"Turdus_rufiventris","0","2","0","0",NA,NA,NA,"0",NA,"0",NA,NA,NA,NA,NA,NA,"0","0","0",NA
"Turdus_rufopalliatus","0","2","0","0",NA,NA,NA,"0",NA,NA,NA,"0",NA,NA,NA,"0","0","0","0",NA
"Turdus_serranus","0","3","0","0",NA,NA,NA,"0",NA,"0",NA,"0",NA,NA,NA,"0","0","0","0",NA
"Turdus_subalaris","0","1","0","0",NA,NA,NA,"0",NA,NA,NA,NA,NA,NA,NA,NA,"0","0","0",NA
"Turdus_swalesi","0","1","0","0",NA,NA,NA,"0",NA,NA,NA,NA,NA,NA,NA,NA,"0","0","0",NA
"Turdus_tephronotus","0","1","0","0",NA,NA,NA,"0",NA,NA,NA,NA,NA,NA,NA,NA,"0","0","0",NA
"Turdus_torquatus","0","2","0","0",NA,NA,NA,"0",NA,"0",NA,NA,NA,NA,NA,NA,"0","0","0",NA
"Turdus_unicolor","0","2","0","0",NA,NA,NA,"0",NA,"0",NA,NA,NA,NA,NA,NA,"0","0","0",NA
"Turdus_viscivorus","0","2","0","0",NA,NA,NA,"0",NA,"0",NA,NA,NA,NA,NA,NA,"0","0","0",NA
"Turnix_castanotus","0","3","0","0",NA,NA,NA,"0",NA,"0",NA,"0",NA,NA,NA,"0","0","0","0",NA
"Turnix_everetti","0","1","0","0",NA,NA,NA,"0",NA,NA,NA,NA,NA,NA,NA,NA,"0","0","0",NA
"Turnix_hottentottus","0","2","0","0",NA,NA,NA,"0",NA,"0",NA,NA,NA,NA,NA,NA,"0","0","0",NA
"Turnix_maculosus","0","3","0","0",NA,NA,NA,"0",NA,"0",NA,"0",NA,NA,NA,"1","0","0","0",NA
"Turnix_melanogaster","0","3","0","0",NA,NA,NA,"0",NA,"0",NA,"0",NA,NA,NA,"1","0","0","0",NA
"Turnix_nigricollis","0","2","0","0",NA,NA,NA,"0",NA,"0",NA,NA,NA,NA,NA,NA,"0","0","0",NA
"Turnix_ocellatus","0","2","0","0",NA,NA,NA,"0",NA,"0",NA,NA,NA,NA,NA,NA,"0","0","0",NA
"Turnix_olivii","0","2","0","0",NA,NA,NA,"0",NA,"0",NA,NA,NA,NA,NA,NA,"0","0","0",NA
"Turnix_pyrrhothorax","0","2","0","0",NA,NA,NA,"0",NA,"0",NA,NA,NA,NA,NA,NA,"0","0","0",NA
"Turnix_suscitator","0","3","0","0",NA,NA,NA,"0",NA,"0",NA,"0",NA,NA,NA,"0","0","0","0",NA
"Turnix_sylvaticus","0","2","0","0",NA,NA,NA,"0",NA,"0",NA,NA,NA,NA,NA,NA,"0","0","0",NA
"Turnix_tanki","0","3","0","0",NA,NA,NA,"0",NA,"0",NA,"0",NA,NA,NA,"0","0","0","0",NA
"Turnix_varius","0","3","0","0",NA,NA,NA,"0",NA,"0",NA,"0",NA,NA,NA,"1","0","0","0",NA
"Turnix_velox","0","2","0","0",NA,NA,NA,"0",NA,"0",NA,NA,NA,NA,NA,NA,"0","0","0",NA
"Turnix_worcesteri","0","1","0","0",NA,NA,NA,"0",NA,NA,NA,NA,NA,NA,NA,NA,"0","0","0",NA
"Turtur_abyssinicus","0","2","0","0",NA,NA,NA,"0",NA,"0",NA,NA,NA,NA,NA,NA,"0","0","0",NA
"Turtur_afer","0","3","0","0",NA,NA,NA,"0",NA,"0",NA,"0",NA,NA,NA,"0","0","0","0",NA
"Turtur_brehmeri","0","2","0","0",NA,NA,NA,"0",NA,"0",NA,NA,NA,NA,NA,NA,"0","0","0",NA
"Turtur_chalcospilos","0","3","0","0",NA,NA,NA,"0",NA,"0",NA,"0",NA,NA,NA,"0","0","0","0",NA
"Turtur_tympanistria","0","3","0","0",NA,NA,NA,"0",NA,"0",NA,"0",NA,NA,NA,"0","0","0","0",NA
"Tylas_eduardi","0","1","0","0",NA,NA,NA,"0",NA,NA,NA,NA,NA,NA,NA,NA,"0","0","0",NA
"Tympanuchus_cupido","0","4","0","0",NA,NA,"0","0",NA,"0",NA,"0",NA,NA,NA,"0","0","0","0",NA
"Tympanuchus_pallidicinctus","0","3","0","0",NA,NA,NA,"0",NA,"0",NA,"0",NA,NA,NA,"1","0","0","0",NA
"Tympanuchus_phasianellus","0","3","0","0",NA,NA,NA,"0",NA,"0",NA,"0",NA,NA,NA,"1","0","0","0",NA
"Tyranneutes_stolzmanni","0","2","0","0",NA,NA,NA,"0",NA,NA,NA,"0",NA,NA,NA,"0","0","0","0",NA
"Tyranneutes_virescens","0","1","0","0",NA,NA,NA,"0",NA,NA,NA,NA,NA,NA,NA,NA,"0","0","0",NA
"Tyrannopsis_sulphurea","0","3","0","0",NA,NA,NA,"0",NA,"0",NA,"0",NA,NA,NA,"1","0","0","0",NA
"Tyrannulus_elatus","0","2","0","0",NA,NA,NA,"0",NA,"0",NA,NA,NA,NA,NA,NA,"0","0","0",NA
"Tyrannus_albogularis","0","1","0","0",NA,NA,NA,"0",NA,NA,NA,NA,NA,NA,NA,NA,"0","0","0",NA
"Tyrannus_caudifasciatus","0","2","0","0",NA,NA,NA,"0",NA,"0",NA,NA,NA,NA,NA,NA,"0","0","0",NA
"Tyrannus_couchii","0","3","0","0",NA,NA,NA,"0",NA,"0",NA,"0",NA,NA,NA,"0","0","0","0",NA
"Tyrannus_crassirostris","0","2","0","0",NA,NA,NA,"0",NA,"0",NA,NA,NA,NA,NA,NA,"0","0","0",NA
"Tyrannus_cubensis","0","2","0","0",NA,NA,NA,"0",NA,"0",NA,NA,NA,NA,NA,NA,"0","0","0",NA
"Tyrannus_dominicensis","0","3","0","0",NA,NA,NA,"0",NA,"0",NA,"0",NA,NA,NA,"0","0","0","0",NA
"Tyrannus_forficatus","0","4","0","0",NA,"0",NA,"0",NA,"0",NA,"0",NA,NA,NA,"0","0","0","0",NA
"Tyrannus_melancholicus","0","3","0","0",NA,NA,NA,"0",NA,"0",NA,"0",NA,NA,NA,"0","0","0","0",NA
"Tyrannus_niveigularis","0","2","0","0",NA,NA,NA,"0",NA,"0",NA,NA,NA,NA,NA,NA,"0","0","0",NA
"Tyrannus_savana","0","3","0","0",NA,NA,NA,"0",NA,"0",NA,"0",NA,NA,NA,"1","0","0","0",NA
"Tyrannus_tyrannus","0","4","0","0",NA,"0","0","0",NA,NA,NA,"0",NA,NA,NA,"0","0","0","0",NA
"Tyrannus_verticalis","0","3","0","0",NA,NA,NA,"0",NA,"0",NA,"0",NA,NA,NA,"0","0","0","0",NA
"Tyrannus_vociferans","0","2","0","0",NA,NA,NA,"0",NA,"0",NA,NA,NA,NA,NA,NA,"0","0","0",NA
"Tyto_alba","0","5","0","0",NA,"0","0","0",NA,"0",NA,"0",NA,NA,NA,"0","0","0","0",NA
"Tyto_aurantia","0","1","0","0",NA,NA,NA,"0",NA,NA,NA,NA,NA,NA,NA,NA,"0","0","0",NA
"Tyto_capensis","0","3","0","0",NA,NA,NA,"0",NA,"0",NA,"0",NA,NA,NA,"0","0","0","0",NA
"Tyto_glaucops","0","2","0","0",NA,NA,NA,"0",NA,"0",NA,NA,NA,NA,NA,NA,"0","0","0",NA
"Tyto_inexspectata","0","1","0","0",NA,NA,NA,"0",NA,NA,NA,NA,NA,NA,NA,NA,"0","0","0",NA
"Tyto_longimembris","0","2","0","0",NA,NA,NA,"0",NA,"0",NA,NA,NA,NA,NA,NA,"0","0","0",NA
"Tyto_manusi","0","1","0","0",NA,NA,NA,"0",NA,NA,NA,NA,NA,NA,NA,NA,"0","0","0",NA
"Tyto_nigrobrunnea","0","1","0","0",NA,NA,NA,"0",NA,NA,NA,NA,NA,NA,NA,NA,"0","0","0",NA
"Tyto_novaehollandiae","0","3","0","0",NA,NA,NA,"0",NA,"0",NA,"0",NA,NA,NA,"0","0","0","0",NA
"Tyto_rosenbergii","0","1","0","0",NA,NA,NA,"0",NA,NA,NA,NA,NA,NA,NA,NA,"0","0","0",NA
"Tyto_sororcula","0","1","0","0",NA,NA,NA,"0",NA,NA,NA,NA,NA,NA,NA,NA,"0","0","0",NA
"Tyto_soumagnei","0","1","0","0",NA,NA,NA,"0",NA,NA,NA,NA,NA,NA,NA,NA,"0","0","0",NA
"Tyto_tenebricosa","0","3","0","0",NA,NA,NA,"0",NA,"0",NA,"0",NA,NA,NA,"0","0","0","0",NA
"Upucerthia_albigula","0","1","0","0",NA,NA,NA,"0",NA,NA,NA,NA,NA,NA,NA,NA,"0","0","0",NA
"Upucerthia_dumetaria","0","1","0","0",NA,NA,NA,"0",NA,NA,NA,NA,NA,NA,NA,NA,"0","0","0",NA
"Upucerthia_jelskii","0","1","0","0",NA,NA,NA,"0",NA,NA,NA,NA,NA,NA,NA,NA,"0","0","0",NA
"Upucerthia_serrana","0","1","0","0",NA,NA,NA,"0",NA,NA,NA,NA,NA,NA,NA,NA,"0","0","0",NA
"Upucerthia_validirostris","0","1","0","0",NA,NA,NA,"0",NA,NA,NA,NA,NA,NA,NA,NA,"0","0","0",NA
"Upupa_epops","1","0","6","0",NA,"1","1","1",NA,"1","1","1","NK","NK","NK","1","0","3","0","NonKin"
"Uraeginthus_angolensis","0","3","0","0",NA,NA,NA,"0",NA,"0",NA,"0",NA,NA,NA,"1","0","0","0",NA
"Uraeginthus_bengalus","0","2","0","0",NA,NA,NA,"0",NA,"0",NA,NA,NA,NA,NA,NA,"0","0","0",NA
"Uraeginthus_cyanocephalus","0","2","0","0",NA,NA,NA,"0",NA,"0",NA,NA,NA,NA,NA,NA,"0","0","0",NA
"Uraeginthus_granatinus","0","3","0","0",NA,NA,NA,"0",NA,"0",NA,"0",NA,NA,NA,"1","0","0","0",NA
"Uraeginthus_ianthinogaster","0","2","0","0",NA,NA,NA,"0",NA,"0",NA,NA,NA,NA,NA,NA,"0","0","0",NA
"Uragus_sibiricus","0","2","0","0",NA,NA,NA,"0",NA,"0",NA,NA,NA,NA,NA,NA,"0","0","0",NA
"Uratelornis_chimaera","0","1","0","0",NA,NA,NA,"0",NA,NA,NA,NA,NA,NA,NA,NA,"0","0","0",NA
"Uria_aalge","0","2","0","0",NA,"0","0",NA,NA,NA,NA,NA,NA,NA,NA,NA,"0","0","0",NA
"Uria_lomvia","0","3","0","0",NA,"0","0",NA,NA,"0",NA,NA,NA,NA,NA,NA,"0","0","0",NA
"Urochroa_bougueri","0","2","0","0",NA,NA,NA,"0",NA,"0",NA,NA,NA,NA,NA,NA,"0","0","0",NA
"Urocissa_caerulea","1","0","4","0",NA,NA,NA,"1",NA,"1","1","1","K",NA,"K","1","2","0","0","Kin"
"Urocissa_erythrorhyncha","1","0","1","0",NA,NA,NA,"1",NA,NA,NA,NA,NA,NA,NA,NA,"0","0","0",NA
"Urocissa_flavirostris","1","0","1","0",NA,NA,NA,"1",NA,NA,NA,NA,NA,NA,NA,NA,"0","0","0",NA
"Urocissa_ornata","1","0","1","0",NA,NA,NA,"1",NA,NA,NA,NA,NA,NA,NA,NA,"0","0","0",NA
"Urocissa_whiteheadi","1","0","1","0",NA,NA,NA,"1",NA,NA,NA,NA,NA,NA,NA,NA,"0","0","0",NA
"Urocolius_indicus","1","0","4","0",NA,NA,NA,"1",NA,"1","1","1","NK",NA,"NK","1","0","2","0","NonKin"
"Urocolius_macrourus","1","1","1","1",NA,NA,NA,"1",NA,"0",NA,NA,NA,NA,NA,NA,"0","0","0",NA
"Urocynchramus_pylzowi","0","1","0","0",NA,NA,NA,"0",NA,NA,NA,NA,NA,NA,NA,NA,"0","0","0",NA
"Uroglaux_dimorpha","0","1","0","0",NA,NA,NA,"0",NA,NA,NA,NA,NA,NA,NA,NA,"0","0","0",NA
"Urolais_epichlorus","0","1","0","0",NA,NA,NA,"0",NA,NA,NA,NA,NA,NA,NA,NA,"0","0","0",NA
"Urolestes_melanoleucus","1","0","1","0",NA,NA,NA,NA,NA,NA,NA,"1",NA,NA,"K","1","1","0","0","Kin"
"Uropelia_campestris","0","1","0","0",NA,NA,NA,"0",NA,NA,NA,NA,NA,NA,NA,NA,"0","0","0",NA
"Uropsalis_lyra","0","1","0","0",NA,NA,NA,"0",NA,NA,NA,NA,NA,NA,NA,NA,"0","0","0",NA
"Uropsalis_segmentata","0","1","0","0",NA,NA,NA,"0",NA,NA,NA,NA,NA,NA,NA,NA,"0","0","0",NA
"Uropsila_leucogastra","0","2","0","0",NA,NA,NA,"0",NA,"0",NA,NA,NA,NA,NA,NA,"0","0","0",NA
"Urosphena_squameiceps","1","0","3","0",NA,NA,NA,"1",NA,"1",NA,"1",NA,NA,"K","1","1","0","0","Kin"
"Urosphena_subulata","1","0","1","0",NA,NA,NA,"1",NA,NA,NA,NA,NA,NA,NA,NA,"0","0","0",NA
"Urosphena_whiteheadi","1","0","1","0",NA,NA,NA,"1",NA,NA,NA,NA,NA,NA,NA,NA,"0","0","0",NA
"Urosticte_benjamini","0","3","0","0",NA,NA,NA,"0",NA,"0",NA,"0",NA,NA,NA,"0","0","0","0",NA
"Urosticte_ruficrissa","0","3","0","0",NA,NA,NA,"0",NA,"0",NA,"0",NA,NA,NA,"0","0","0","0",NA
"Urothraupis_stolzmanni","0","1","0","0",NA,NA,NA,"0",NA,NA,NA,NA,NA,NA,NA,NA,"0","0","0",NA
"Urotriorchis_macrourus","0","1","0","0",NA,NA,NA,"0",NA,NA,NA,NA,NA,NA,NA,NA,"0","0","0",NA
"Vanellus_albiceps","0","2","0","0",NA,NA,NA,"0",NA,"0",NA,NA,NA,NA,NA,NA,"0","0","0",NA
"Vanellus_armatus","0","3","0","0",NA,NA,NA,"0",NA,"0",NA,"0",NA,NA,NA,"0","0","0","0",NA
"Vanellus_cayanus","0","1","0","0",NA,NA,NA,"0",NA,NA,NA,NA,NA,NA,NA,NA,"0","0","0",NA
"Vanellus_chilensis","1","0","4","0",NA,NA,NA,"1",NA,"1","1","1","NK",NA,"NK","1","0","2","0","NonKin"
"Vanellus_cinereus","0","2","0","0",NA,NA,NA,"0",NA,"0",NA,NA,NA,NA,NA,NA,"0","0","0",NA
"Vanellus_coronatus","0","3","0","0",NA,NA,NA,"0",NA,"0",NA,"0",NA,NA,NA,"1","0","0","0",NA
"Vanellus_crassirostris","0","2","0","0",NA,NA,NA,"0",NA,"0",NA,NA,NA,NA,NA,NA,"0","0","0",NA
"Vanellus_duvaucelii","0","1","0","0",NA,NA,NA,"0",NA,NA,NA,NA,NA,NA,NA,NA,"0","0","0",NA
"Vanellus_gregarius","0","3","0","0",NA,NA,NA,"0",NA,"0",NA,"0",NA,NA,NA,"0","0","0","0",NA
"Vanellus_indicus","0","2","0","0",NA,NA,NA,"0",NA,"0",NA,NA,NA,NA,NA,NA,"0","0","0",NA
"Vanellus_leucurus","0","2","0","0",NA,NA,NA,"0",NA,"0",NA,NA,NA,NA,NA,NA,"0","0","0",NA
"Vanellus_lugubris","0","3","0","0",NA,NA,NA,"0",NA,"0",NA,"0",NA,NA,NA,"1","0","0","0",NA
"Vanellus_malarbaricus","0","2","0","0",NA,NA,NA,"0",NA,"0",NA,NA,NA,NA,NA,NA,"0","0","0",NA
"Vanellus_melanocephalus","0","1","0","0",NA,NA,NA,"0",NA,NA,NA,NA,NA,NA,NA,NA,"0","0","0",NA
"Vanellus_melanopterus","0","3","0","0",NA,NA,NA,"0",NA,"0",NA,"0",NA,NA,NA,"1","0","0","0",NA
"Vanellus_miles","0","3","0","0",NA,NA,NA,"0",NA,"0",NA,"0",NA,NA,NA,"1","0","0","0",NA
"Vanellus_resplendens","0","1","0","0",NA,NA,NA,"0",NA,NA,NA,NA,NA,NA,NA,NA,"0","0","0",NA
"Vanellus_senegallus","0","3","0","0",NA,NA,NA,"0",NA,"0",NA,"0",NA,NA,NA,"1","0","0","0",NA
"Vanellus_spinosus","0","3","0","0",NA,NA,NA,"0",NA,"0",NA,"0",NA,NA,NA,"0","0","0","0",NA
"Vanellus_superciliosus","0","3","0","0",NA,NA,NA,"0",NA,"0",NA,"0",NA,NA,NA,"0","0","0","0",NA
"Vanellus_tectus","0","3","0","0",NA,NA,NA,"0",NA,"0",NA,"0",NA,NA,NA,"0","0","0","0",NA
"Vanellus_tricolor","0","2","0","0",NA,NA,NA,"0",NA,"0",NA,NA,NA,NA,NA,NA,"0","0","0",NA
"Vanellus_vanellus","0","2","0","0",NA,NA,NA,"0",NA,"0",NA,NA,NA,NA,NA,NA,"0","0","0",NA
"Vanga_curvirostris","0","2","0","0",NA,NA,NA,"0",NA,"0",NA,NA,NA,NA,NA,NA,"0","0","0",NA
"Veniliornis_affinis","0","1","0","0",NA,NA,NA,"0",NA,NA,NA,NA,NA,NA,NA,NA,"0","0","0",NA
"Veniliornis_callonotus","0","1","0","0",NA,NA,NA,"0",NA,NA,NA,NA,NA,NA,NA,NA,"0","0","0",NA
"Veniliornis_cassini","0","1","0","0",NA,NA,NA,"0",NA,NA,NA,NA,NA,NA,NA,NA,"0","0","0",NA
"Veniliornis_chocoensis","0","1","0","0",NA,NA,NA,"0",NA,NA,NA,NA,NA,NA,NA,NA,"0","0","0",NA
"Veniliornis_dignus","0","1","0","0",NA,NA,NA,"0",NA,NA,NA,NA,NA,NA,NA,NA,"0","0","0",NA
"Veniliornis_frontalis","0","1","0","0",NA,NA,NA,"0",NA,NA,NA,NA,NA,NA,NA,NA,"0","0","0",NA
"Veniliornis_kirkii","0","1","0","0",NA,NA,NA,"0",NA,NA,NA,NA,NA,NA,NA,NA,"0","0","0",NA
"Veniliornis_lignarius","0","1","0","0",NA,NA,NA,"0",NA,NA,NA,NA,NA,NA,NA,NA,"0","0","0",NA
"Veniliornis_maculifrons","0","1","0","0",NA,NA,NA,"0",NA,NA,NA,NA,NA,NA,NA,NA,"0","0","0",NA
"Veniliornis_mixtus","0","1","0","0",NA,NA,NA,"0",NA,NA,NA,NA,NA,NA,NA,NA,"0","0","0",NA
"Veniliornis_nigriceps","0","1","0","0",NA,NA,NA,"0",NA,NA,NA,NA,NA,NA,NA,NA,"0","0","0",NA
"Veniliornis_passerinus","0","1","0","0",NA,NA,NA,"0",NA,NA,NA,NA,NA,NA,NA,NA,"0","0","0",NA
"Veniliornis_sanguineus","0","2","0","0",NA,NA,NA,"0",NA,"0",NA,NA,NA,NA,NA,NA,"0","0","0",NA
"Veniliornis_spilogaster","0","1","0","0",NA,NA,NA,"0",NA,NA,NA,NA,NA,NA,NA,NA,"0","0","0",NA
"Vermivora_bachmanii","0","1","0","0",NA,NA,NA,"0",NA,NA,NA,NA,NA,NA,NA,NA,"0","0","0",NA
"Vermivora_celata","0","2","0","0",NA,NA,NA,"0",NA,"0",NA,NA,NA,NA,NA,NA,"0","0","0",NA
"Vermivora_chrysoptera","0","2","0","0",NA,NA,NA,"0",NA,"0",NA,NA,NA,NA,NA,NA,"0","0","0",NA
"Vermivora_crissalis","0","2","0","0",NA,NA,NA,"0",NA,"0",NA,NA,NA,NA,NA,NA,"0","0","0",NA
"Vermivora_luciae","0","3","0","0",NA,NA,NA,"0",NA,"0",NA,"0",NA,NA,NA,"0","0","0","0",NA
"Vermivora_peregrina","0","2","0","0",NA,NA,NA,"0",NA,"0",NA,NA,NA,NA,NA,NA,"0","0","0",NA
"Vermivora_pinus","0","1","0","0",NA,NA,NA,"0",NA,NA,NA,NA,NA,NA,NA,NA,"0","0","0",NA
"Vermivora_ruficapilla","0","3","0","0",NA,NA,NA,"0",NA,"0",NA,"0",NA,NA,NA,"0","0","0","0",NA
"Vermivora_virginiae","0","3","0","0",NA,NA,NA,"0",NA,"0",NA,"0",NA,NA,NA,"0","0","0","0",NA
"Vestiaria_coccinea","0","2","0","0",NA,NA,NA,"0",NA,"0",NA,NA,NA,NA,NA,NA,"0","0","0",NA
"Vidua_camerunensis","0","1","0","0",NA,NA,NA,"0",NA,NA,NA,NA,NA,NA,NA,NA,"0","0","0",NA
"Vidua_chalybeata","0","2","0","0",NA,NA,NA,"0",NA,NA,NA,"0",NA,NA,NA,"0","0","0","0",NA
"Vidua_codringtoni","0","2","0","0",NA,NA,NA,"0",NA,NA,NA,"0",NA,NA,NA,"0","0","0","0",NA
"Vidua_fischeri","0","2","0","0",NA,NA,NA,"0",NA,NA,NA,"0",NA,NA,NA,"0","0","0","0",NA
"Vidua_funerea","0","2","0","0",NA,NA,NA,"0",NA,NA,NA,"0",NA,NA,NA,"0","0","0","0",NA
"Vidua_hypocherina","0","2","0","0",NA,NA,NA,"0",NA,NA,NA,"0",NA,NA,NA,"0","0","0","0",NA
"Vidua_interjecta","0","1","0","0",NA,NA,NA,"0",NA,NA,NA,NA,NA,NA,NA,NA,"0","0","0",NA
"Vidua_larvaticola","0","2","0","0",NA,NA,NA,"0",NA,NA,NA,"0",NA,NA,NA,"0","0","0","0",NA
"Vidua_macroura","0","2","0","0",NA,NA,NA,"0",NA,NA,NA,"0",NA,NA,NA,"0","0","0","0",NA
"Vidua_maryae","0","1","0","0",NA,NA,NA,"0",NA,NA,NA,NA,NA,NA,NA,NA,"0","0","0",NA
"Vidua_nigeriae","0","1","0","0",NA,NA,NA,"0",NA,NA,NA,NA,NA,NA,NA,NA,"0","0","0",NA
"Vidua_obtusa","0","2","0","0",NA,NA,NA,"0",NA,NA,NA,"0",NA,NA,NA,"0","0","0","0",NA
"Vidua_orientalis","0","1","0","0",NA,NA,NA,"0",NA,NA,NA,NA,NA,NA,NA,NA,"0","0","0",NA
"Vidua_paradisaea","0","2","0","0",NA,NA,NA,"0",NA,NA,NA,"0",NA,NA,NA,"0","0","0","0",NA
"Vidua_purpurascens","0","1","0","0",NA,NA,NA,"0",NA,NA,NA,NA,NA,NA,NA,NA,"0","0","0",NA
"Vidua_raricola","0","2","0","0",NA,NA,NA,"0",NA,NA,NA,"0",NA,NA,NA,"0","0","0","0",NA
"Vidua_regia","0","1","0","0",NA,NA,NA,"0",NA,NA,NA,NA,NA,NA,NA,NA,"0","0","0",NA
"Vidua_togoensis","0","1","0","0",NA,NA,NA,"0",NA,NA,NA,NA,NA,NA,NA,NA,"0","0","0",NA
"Vidua_wilsoni","0","2","0","0",NA,NA,NA,"0",NA,NA,NA,"0",NA,NA,NA,"0","0","0","0",NA
"Vini_australis","0","1","0","0",NA,NA,NA,NA,NA,"0",NA,NA,NA,NA,NA,NA,"0","0","0",NA
"Vini_kuhlii",NA,"0","0","0",NA,NA,NA,NA,NA,NA,NA,NA,NA,NA,NA,NA,"0","0","0",NA
"Vini_peruviana","0","1","0","0",NA,NA,NA,NA,NA,"0",NA,NA,NA,NA,NA,NA,"0","0","0",NA
"Vini_stepheni",NA,"0","0","0",NA,NA,NA,NA,NA,NA,NA,NA,NA,NA,NA,NA,"0","0","0",NA
"Vini_ultramarina",NA,"0","0","0",NA,NA,NA,NA,NA,NA,NA,NA,NA,NA,NA,NA,"0","0","0",NA
"Vireo_altiloquus","0","2","0","0",NA,NA,NA,"0",NA,NA,NA,"0",NA,NA,NA,"0","0","0","0",NA
"Vireo_atricapilla","0","3","0","0",NA,NA,NA,"0",NA,"0",NA,"0",NA,NA,NA,"0","0","0","0",NA
"Vireo_bairdi","0","1","0","0",NA,NA,NA,"0",NA,NA,NA,NA,NA,NA,NA,NA,"0","0","0",NA
"Vireo_bellii","0","3","0","0",NA,NA,NA,"0",NA,"0",NA,"0",NA,NA,NA,"0","0","0","0",NA
"Vireo_brevipennis","0","1","0","0",NA,NA,NA,"0",NA,NA,NA,NA,NA,NA,NA,NA,"0","0","0",NA
"Vireo_caribaeus","0","1","0","0",NA,NA,NA,NA,NA,"0",NA,NA,NA,NA,NA,NA,"0","0","0",NA
"Vireo_carmioli","0","1","0","0",NA,NA,NA,"0",NA,NA,NA,NA,NA,NA,NA,NA,"0","0","0",NA
"Vireo_cassinii","0","3","0","0",NA,NA,NA,"0",NA,"0",NA,"0",NA,NA,NA,"0","0","0","0",NA
"Vireo_crassirostris","0","1","0","0",NA,NA,NA,"0",NA,NA,NA,NA,NA,NA,NA,NA,"0","0","0",NA
"Vireo_flavifrons","0","3","0","0",NA,NA,NA,"0",NA,"0",NA,"0",NA,NA,NA,"0","0","0","0",NA
"Vireo_flavoviridis","0","2","0","0",NA,NA,NA,"0",NA,"0",NA,NA,NA,NA,NA,NA,"0","0","0",NA
"Vireo_gilvus","0","3","0","0",NA,NA,NA,"0",NA,"0",NA,"0",NA,NA,NA,"0","0","0","0",NA
"Vireo_gracilirostris",NA,"0","0","0",NA,NA,NA,NA,NA,NA,NA,NA,NA,NA,NA,NA,"0","0","0",NA
"Vireo_griseus","0","4","0","0",NA,"0",NA,"0",NA,"0",NA,"0",NA,NA,NA,"0","0","0","0",NA
"Vireo_gundlachii","0","2","0","0",NA,NA,NA,"0",NA,"0",NA,NA,NA,NA,NA,NA,"0","0","0",NA
"Vireo_huttoni","0","3","0","0",NA,NA,NA,"0",NA,"0",NA,"0",NA,NA,NA,"0","0","0","0",NA
"Vireo_hypochryseus","0","1","0","0",NA,NA,NA,"0",NA,NA,NA,NA,NA,NA,NA,NA,"0","0","0",NA
"Vireo_latimeri","0","2","0","0",NA,NA,NA,"0",NA,"0",NA,NA,NA,NA,NA,NA,"0","0","0",NA
"Vireo_leucophrys","0","1","0","0",NA,NA,NA,"0",NA,NA,NA,NA,NA,NA,NA,NA,"0","0","0",NA
"Vireo_magister","0","2","0","0",NA,NA,NA,"0",NA,"0",NA,NA,NA,NA,NA,NA,"0","0","0",NA
"Vireo_masteri","0","1","0","0",NA,NA,NA,"0",NA,NA,NA,NA,NA,NA,NA,NA,"0","0","0",NA
"Vireo_modestus","0","1","0","0",NA,NA,NA,"0",NA,NA,NA,NA,NA,NA,NA,NA,"0","0","0",NA
"Vireo_nanus","0","1","0","0",NA,NA,NA,"0",NA,NA,NA,NA,NA,NA,NA,NA,"0","0","0",NA
"Vireo_nelsoni","0","2","0","0",NA,NA,NA,"0",NA,"0",NA,NA,NA,NA,NA,NA,"0","0","0",NA
"Vireo_olivaceus","0","5","0","0",NA,"0","0","0",NA,"0",NA,"0",NA,NA,NA,"0","0","0","0",NA
"Vireo_osburni","0","1","0","0",NA,NA,NA,"0",NA,NA,NA,NA,NA,NA,NA,NA,"0","0","0",NA
"Vireo_pallens","0","1","0","0",NA,NA,NA,"0",NA,NA,NA,NA,NA,NA,NA,NA,"0","0","0",NA
"Vireo_philadelphicus","0","3","0","0",NA,NA,NA,"0",NA,"0",NA,"0",NA,NA,NA,"0","0","0","0",NA
"Vireo_plumbeus","0","3","0","0",NA,NA,NA,"0",NA,"0",NA,"0",NA,NA,NA,"0","0","0","0",NA
"Vireo_solitarius","0","5","0","0",NA,"0","0","0",NA,"0",NA,"0",NA,NA,NA,"0","0","0","0",NA
"Vireo_vicinior","0","2","0","0",NA,NA,NA,"0",NA,"0",NA,NA,NA,NA,NA,NA,"0","0","0",NA
"Vireolanius_eximius","0","1","0","0",NA,NA,NA,"0",NA,NA,NA,NA,NA,NA,NA,NA,"0","0","0",NA
"Vireolanius_leucotis","0","1","0","0",NA,NA,NA,"0",NA,NA,NA,NA,NA,NA,NA,NA,"0","0","0",NA
"Vireolanius_melitophrys","0","1","0","0",NA,NA,NA,"0",NA,NA,NA,NA,NA,NA,NA,NA,"0","0","0",NA
"Vireolanius_pulchellus","0","1","0","0",NA,NA,NA,"0",NA,NA,NA,NA,NA,NA,NA,NA,"0","0","0",NA
"Volatinia_jacarina","0","3","0","0",NA,"0",NA,"0",NA,"0",NA,NA,NA,NA,NA,NA,"0","0","0",NA
"Vultur_gryphus","0","2","0","0",NA,NA,NA,"0",NA,"0",NA,NA,NA,NA,NA,NA,"0","0","0",NA
"Wetmorethraupis_sterrhopteron","0","1","0","0",NA,NA,NA,"0",NA,NA,NA,NA,NA,NA,NA,NA,"0","0","0",NA
"Willisornis_poecilinotus","0","2","0","0",NA,NA,NA,"0",NA,"0",NA,NA,NA,NA,NA,NA,"0","0","0",NA
"Wilsonia_canadensis","0","2","0","0",NA,NA,NA,"0",NA,NA,NA,"0",NA,NA,NA,"0","0","0","0",NA
"Wilsonia_citrina","0","5","0","0",NA,"0","0","0",NA,"0",NA,"0",NA,NA,NA,"0","0","0","0",NA
"Wilsonia_pusilla","0","4","0","0",NA,NA,"0","0",NA,"0",NA,"0",NA,NA,NA,"0","0","0","0",NA
"Woodfordia_lacertosa","0","1","0","0",NA,NA,NA,"0",NA,NA,NA,NA,NA,NA,NA,NA,"0","0","0",NA
"Woodfordia_superciliosa","0","1","0","0",NA,NA,NA,"0",NA,NA,NA,NA,NA,NA,NA,NA,"0","0","0",NA
"Xanthocephalus_xanthocephalus","0","3","0","0",NA,NA,NA,"0",NA,"0",NA,"0",NA,NA,NA,"0","0","0","0",NA
"Xanthomyza_phrygia","0","3","0","0",NA,NA,NA,"0",NA,"0",NA,"0",NA,NA,NA,"0","0","0","0",NA
"Xanthopsar_flavus","0","2","0","0",NA,NA,NA,"0",NA,"0",NA,NA,NA,NA,NA,NA,"0","0","0",NA
"Xanthotis_flaviventer","0","2","0","0",NA,NA,NA,"0",NA,NA,NA,"0",NA,NA,NA,"1","0","0","0",NA
"Xanthotis_macleayanus","0","1","0","0",NA,NA,NA,"0",NA,NA,NA,NA,NA,NA,NA,NA,"0","0","0",NA
"Xanthotis_polygrammus","0","1","0","0",NA,NA,NA,"0",NA,NA,NA,NA,NA,NA,NA,NA,"0","0","0",NA
"Xanthotis_provocator","0","1","0","0",NA,NA,NA,"0",NA,NA,NA,NA,NA,NA,NA,NA,"0","0","0",NA
"Xema_sabini","0","1","0","0",NA,NA,NA,NA,NA,"0",NA,NA,NA,NA,NA,NA,"0","0","0",NA
"Xenerpestes_minlosi","0","1","0","0",NA,NA,NA,"0",NA,NA,NA,NA,NA,NA,NA,NA,"0","0","0",NA
"Xenerpestes_singularis","0","1","0","0",NA,NA,NA,"0",NA,NA,NA,NA,NA,NA,NA,NA,"0","0","0",NA
"Xenicus_gilviventris","0","3","0","0",NA,NA,NA,"0",NA,"0",NA,"0",NA,NA,NA,"0","0","0","0",NA
"Xenocopsychus_ansorgei","0","2","0","0",NA,NA,NA,"0",NA,"0",NA,NA,NA,NA,NA,NA,"0","0","0",NA
"Xenodacnis_parina","0","1","0","0",NA,NA,NA,"0",NA,NA,NA,NA,NA,NA,NA,NA,"0","0","0",NA
"Xenoglaux_loweryi","0","1","0","0",NA,NA,NA,"0",NA,NA,NA,NA,NA,NA,NA,NA,"0","0","0",NA
"Xenoligea_montana","0","1","0","0",NA,NA,NA,"0",NA,NA,NA,NA,NA,NA,NA,NA,"0","0","0",NA
"Xenoperdix_udzungwensis","0","1","0","0",NA,NA,NA,"0",NA,NA,NA,NA,NA,NA,NA,NA,"0","0","0",NA
"Xenopipo_atronitens","0","1","0","0",NA,NA,NA,"0",NA,NA,NA,NA,NA,NA,NA,NA,"0","0","0",NA
"Xenopipo_flavicapilla","0","1","0","0",NA,NA,NA,"0",NA,NA,NA,NA,NA,NA,NA,NA,"0","0","0",NA
"Xenopipo_holochlora","0","1","0","0",NA,NA,NA,"0",NA,NA,NA,NA,NA,NA,NA,NA,"0","0","0",NA
"Xenopipo_unicolor","0","1","0","0",NA,NA,NA,"0",NA,NA,NA,NA,NA,NA,NA,NA,"0","0","0",NA
"Xenopipo_uniformis","0","2","0","0",NA,NA,NA,"0",NA,NA,NA,"0",NA,NA,NA,"0","0","0","0",NA
"Xenopirostris_damii","0","2","0","0",NA,NA,NA,"0",NA,"0",NA,NA,NA,NA,NA,NA,"0","0","0",NA
"Xenopirostris_polleni","0","2","0","0",NA,NA,NA,"0",NA,"0",NA,NA,NA,NA,NA,NA,"0","0","0",NA
"Xenopirostris_xenopirostris","0","1","0","0",NA,NA,NA,"0",NA,NA,NA,NA,NA,NA,NA,NA,"0","0","0",NA
"Xenops_milleri","0","1","0","0",NA,NA,NA,"0",NA,NA,NA,NA,NA,NA,NA,NA,"0","0","0",NA
"Xenops_minutus","0","2","0","0",NA,NA,NA,"0",NA,"0",NA,NA,NA,NA,NA,NA,"0","0","0",NA
"Xenops_rutilans","0","1","0","0",NA,NA,NA,"0",NA,NA,NA,NA,NA,NA,NA,NA,"0","0","0",NA
"Xenops_tenuirostris","0","1","0","0",NA,NA,NA,"0",NA,NA,NA,NA,NA,NA,NA,NA,"0","0","0",NA
"Xenopsaris_albinucha","0","1","0","0",NA,NA,NA,"0",NA,NA,NA,NA,NA,NA,NA,NA,"0","0","0",NA
"Xenornis_setifrons","0","2","0","0",NA,NA,NA,"0",NA,"0",NA,NA,NA,NA,NA,NA,"0","0","0",NA
"Xenospingus_concolor","0","2","0","0",NA,NA,NA,"0",NA,NA,NA,"0",NA,NA,NA,"1","0","0","0",NA
"Xenospiza_baileyi","0","2","0","0",NA,NA,NA,"0",NA,"0",NA,NA,NA,NA,NA,NA,"0","0","0",NA
"Xenotriccus_callizonus","0","1","0","0",NA,NA,NA,"0",NA,NA,NA,NA,NA,NA,NA,NA,"0","0","0",NA
"Xenotriccus_mexicanus","0","1","0","0",NA,NA,NA,"0",NA,NA,NA,NA,NA,NA,NA,NA,"0","0","0",NA
"Xenus_cinereus","0","2","0","0",NA,NA,NA,"0",NA,"0",NA,NA,NA,NA,NA,NA,"0","0","0",NA
"Xiphidiopicus_percussus","0","2","0","0",NA,NA,NA,"0",NA,"0",NA,NA,NA,NA,NA,NA,"0","0","0",NA
"Xiphirhynchus_superciliaris","0","1","0","0",NA,NA,NA,"0",NA,NA,NA,NA,NA,NA,NA,NA,"0","0","0",NA
"Xiphocolaptes_albicollis","0","1","0","0",NA,NA,NA,"0",NA,NA,NA,NA,NA,NA,NA,NA,"0","0","0",NA
"Xiphocolaptes_falcirostris","0","1","0","0",NA,NA,NA,"0",NA,NA,NA,NA,NA,NA,NA,NA,"0","0","0",NA
"Xiphocolaptes_major","0","1","0","0",NA,NA,NA,"0",NA,NA,NA,NA,NA,NA,NA,NA,"0","0","0",NA
"Xiphocolaptes_promeropirhynchus","0","2","0","0",NA,NA,NA,"0",NA,NA,NA,"0",NA,NA,NA,"1","0","0","0",NA
"Xipholena_atropurpurea","0","2","0","0",NA,NA,NA,"0",NA,NA,NA,"0",NA,NA,NA,"0","0","0","0",NA
"Xipholena_lamellipennis","0","1","0","0",NA,NA,NA,"0",NA,NA,NA,NA,NA,NA,NA,NA,"0","0","0",NA
"Xipholena_punicea","0","3","0","0",NA,NA,NA,"0",NA,"0",NA,"0",NA,NA,NA,"0","0","0","0",NA
"Xiphorhynchus_elegans",NA,"0","0","0",NA,NA,NA,NA,NA,NA,NA,NA,NA,NA,NA,NA,"0","0","0",NA
"Xiphorhynchus_erythropygius","0","2","0","0",NA,NA,NA,"0",NA,NA,NA,"0",NA,NA,NA,"1","0","0","0",NA
"Xiphorhynchus_flavigaster","0","2","0","0",NA,NA,NA,"0",NA,"0",NA,NA,NA,NA,NA,NA,"0","0","0",NA
"Xiphorhynchus_guttatus","0","2","0","0",NA,NA,NA,"0",NA,"0",NA,NA,NA,NA,NA,NA,"0","0","0",NA
"Xiphorhynchus_lachrymosus","0","1","0","0",NA,NA,NA,"0",NA,NA,NA,NA,NA,NA,NA,NA,"0","0","0",NA
"Xiphorhynchus_obsoletus","0","1","0","0",NA,NA,NA,"0",NA,NA,NA,NA,NA,NA,NA,NA,"0","0","0",NA
"Xiphorhynchus_ocellatus","0","1","0","0",NA,NA,NA,"0",NA,NA,NA,NA,NA,NA,NA,NA,"0","0","0",NA
"Xiphorhynchus_pardalotus","0","2","0","0",NA,NA,NA,"0",NA,"0",NA,NA,NA,NA,NA,NA,"0","0","0",NA
"Xiphorhynchus_spixii","0","1","0","0",NA,NA,NA,"0",NA,NA,NA,NA,NA,NA,NA,NA,"0","0","0",NA
"Xiphorhynchus_susurrans","0","1","0","0",NA,NA,NA,"0",NA,NA,NA,NA,NA,NA,NA,NA,"0","0","0",NA
"Xiphorhynchus_triangularis","0","1","0","0",NA,NA,NA,"0",NA,NA,NA,NA,NA,NA,NA,NA,"0","0","0",NA
"Xolmis_cinereus","0","2","0","0",NA,NA,NA,"0",NA,"0",NA,NA,NA,NA,NA,NA,"0","0","0",NA
"Xolmis_coronatus","0","2","0","0",NA,NA,NA,"0",NA,"0",NA,NA,NA,NA,NA,NA,"0","0","0",NA
"Xolmis_dominicanus","0","1","0","0",NA,NA,NA,"0",NA,NA,NA,NA,NA,NA,NA,NA,"0","0","0",NA
"Xolmis_irupero","0","1","0","0",NA,NA,NA,"0",NA,NA,NA,NA,NA,NA,NA,NA,"0","0","0",NA
"Xolmis_pyrope","0","2","0","0",NA,NA,NA,"0",NA,"0",NA,NA,NA,NA,NA,NA,"0","0","0",NA
"Xolmis_rubetra","0","2","0","0",NA,NA,NA,"0",NA,"0",NA,NA,NA,NA,NA,NA,"0","0","0",NA
"Xolmis_salinarum","0","2","0","0",NA,NA,NA,"0",NA,"0",NA,NA,NA,NA,NA,NA,"0","0","0",NA
"Xolmis_velatus","0","1","0","0",NA,NA,NA,"0",NA,NA,NA,NA,NA,NA,NA,NA,"0","0","0",NA
"Yuhina_bakeri","0","3","0","0",NA,NA,NA,"0",NA,"0",NA,"0",NA,NA,NA,"0","0","0","0",NA
"Yuhina_brunneiceps","1","0","4","0",NA,NA,NA,"1",NA,"1","1","1","NK",NA,"NK","0","0","2","0","NonKin"
"Yuhina_castaniceps","0","1","0","0",NA,NA,NA,"0",NA,NA,NA,NA,NA,NA,NA,NA,"0","0","0",NA
"Yuhina_diademata","0","1","0","0",NA,NA,NA,"0",NA,NA,NA,NA,NA,NA,NA,NA,"0","0","0",NA
"Yuhina_everetti","1","0","3","0",NA,NA,NA,"1",NA,"1",NA,"1",NA,NA,"K","1","1","0","0","Kin"
"Yuhina_flavicollis","0","2","0","0",NA,NA,NA,"0",NA,"0",NA,NA,NA,NA,NA,NA,"0","0","0",NA
"Yuhina_gularis","0","1","0","0",NA,NA,NA,"0",NA,NA,NA,NA,NA,NA,NA,NA,"0","0","0",NA
"Yuhina_humilis","0","1","0","0",NA,NA,NA,"0",NA,NA,NA,NA,NA,NA,NA,NA,"0","0","0",NA
"Yuhina_nigrimenta","1","0","1","0",NA,NA,NA,"1",NA,NA,NA,NA,NA,NA,NA,NA,"0","0","0",NA
"Yuhina_occipitalis","0","1","0","0",NA,NA,NA,"0",NA,NA,NA,NA,NA,NA,NA,NA,"0","0","0",NA
"Zaratornis_stresemanni","0","2","0","0",NA,NA,NA,"0",NA,"0",NA,NA,NA,NA,NA,NA,"0","0","0",NA
"Zavattariornis_stresemanni","1","0","3","0",NA,NA,NA,"1",NA,"1",NA,"1",NA,NA,"K","1","1","0","0","Kin"
"Zebrilus_undulatus","0","2","0","0",NA,NA,NA,"0",NA,"0",NA,NA,NA,NA,NA,NA,"0","0","0",NA
"Zeledonia_coronata","0","2","0","0",NA,NA,NA,"0",NA,"0",NA,NA,NA,NA,NA,NA,"0","0","0",NA
"Zenaida_asiatica","0","3","0","0",NA,NA,NA,"0",NA,"0",NA,"0",NA,NA,NA,"0","0","0","0",NA
"Zenaida_auriculata","0","3","0","0",NA,NA,NA,"0",NA,"0",NA,"0",NA,NA,NA,"0","0","0","0",NA
"Zenaida_aurita","0","2","0","0",NA,NA,NA,"0",NA,"0",NA,NA,NA,NA,NA,NA,"0","0","0",NA
"Zenaida_galapagoensis","0","2","0","0",NA,NA,NA,"0",NA,"0",NA,NA,NA,NA,NA,NA,"0","0","0",NA
"Zenaida_graysoni","0","1","0","0",NA,NA,NA,NA,NA,"0",NA,NA,NA,NA,NA,NA,"0","0","0",NA
"Zenaida_macroura","0","3","0","0",NA,NA,NA,"0",NA,"0",NA,"0",NA,NA,NA,"0","0","0","0",NA
"Zenaida_meloda","0","1","0","0",NA,NA,NA,"0",NA,NA,NA,NA,NA,NA,NA,NA,"0","0","0",NA
"Zimmerius_bolivianus","0","1","0","0",NA,NA,NA,"0",NA,NA,NA,NA,NA,NA,NA,NA,"0","0","0",NA
"Zimmerius_chrysops","0","1","0","0",NA,NA,NA,"0",NA,NA,NA,NA,NA,NA,NA,NA,"0","0","0",NA
"Zimmerius_cinereicapilla","0","1","0","0",NA,NA,NA,"0",NA,NA,NA,NA,NA,NA,NA,NA,"0","0","0",NA
"Zimmerius_flavidifrons","0","1","0","0",NA,NA,NA,"0",NA,NA,NA,NA,NA,NA,NA,NA,"0","0","0",NA
"Zimmerius_gracilipes","0","1","0","0",NA,NA,NA,"0",NA,NA,NA,NA,NA,NA,NA,NA,"0","0","0",NA
"Zimmerius_improbus","0","1","0","0",NA,NA,NA,"0",NA,NA,NA,NA,NA,NA,NA,NA,"0","0","0",NA
"Zimmerius_vilissimus","0","2","0","0",NA,NA,NA,"0",NA,"0",NA,NA,NA,NA,NA,NA,"0","0","0",NA
"Zimmerius_viridiflavus","0","1","0","0",NA,NA,NA,"0",NA,NA,NA,NA,NA,NA,NA,NA,"0","0","0",NA
"Zonerodius_heliosylus","0","1","0","0",NA,NA,NA,"0",NA,NA,NA,NA,NA,NA,NA,NA,"0","0","0",NA
"Zonotrichia_albicollis","0","4","0","0",NA,NA,"0","0",NA,"0",NA,"0",NA,NA,NA,"0","0","0","0",NA
"Zonotrichia_atricapilla","0","2","0","0",NA,NA,NA,"0",NA,"0",NA,NA,NA,NA,NA,NA,"0","0","0",NA
"Zonotrichia_capensis","0","3","0","0",NA,"0",NA,"0",NA,"0",NA,NA,NA,NA,NA,NA,"0","0","0",NA
"Zonotrichia_leucophrys","0","5","0","0",NA,"0","0","0",NA,"0",NA,"0",NA,NA,NA,"0","0","0","0",NA
"Zonotrichia_querula","0","3","0","0",NA,NA,NA,"0",NA,"0",NA,"0",NA,NA,NA,"0","0","0","0",NA
"Zoonavena_grandidieri","0","1","0","0",NA,NA,NA,"0",NA,NA,NA,NA,NA,NA,NA,NA,"0","0","0",NA
"Zoonavena_sylvatica","0","1","0","0",NA,NA,NA,"0",NA,NA,NA,NA,NA,NA,NA,NA,"0","0","0",NA
"Zoonavena_thomensis","0","1","0","0",NA,NA,NA,"0",NA,NA,NA,NA,NA,NA,NA,NA,"0","0","0",NA
"Zoothera_andromedae","0","2","0","0",NA,NA,NA,"0",NA,NA,NA,"0",NA,NA,NA,"0","0","0","0",NA
"Zoothera_camaronensis","0","1","0","0",NA,NA,NA,"0",NA,NA,NA,NA,NA,NA,NA,NA,"0","0","0",NA
"Zoothera_cinerea","0","1","0","0",NA,NA,NA,"0",NA,NA,NA,NA,NA,NA,NA,NA,"0","0","0",NA
"Zoothera_citrina","0","2","0","0",NA,NA,NA,"0",NA,"0",NA,NA,NA,NA,NA,NA,"0","0","0",NA
"Zoothera_crossleyi","0","1","0","0",NA,NA,NA,"0",NA,NA,NA,NA,NA,NA,NA,NA,"0","0","0",NA
"Zoothera_dauma","0","3","0","0",NA,NA,NA,"0",NA,"0",NA,"0",NA,NA,NA,"0","0","0","0",NA
"Zoothera_dixoni","0","1","0","0",NA,NA,NA,"0",NA,NA,NA,NA,NA,NA,NA,NA,"0","0","0",NA
"Zoothera_dohertyi","0","1","0","0",NA,NA,NA,"0",NA,NA,NA,NA,NA,NA,NA,NA,"0","0","0",NA
"Zoothera_dumasi","0","1","0","0",NA,NA,NA,"0",NA,NA,NA,NA,NA,NA,NA,NA,"0","0","0",NA
"Zoothera_erythronota","0","1","0","0",NA,NA,NA,"0",NA,NA,NA,NA,NA,NA,NA,NA,"0","0","0",NA
"Zoothera_everetti","0","1","0","0",NA,NA,NA,"0",NA,NA,NA,NA,NA,NA,NA,NA,"0","0","0",NA
"Zoothera_gurneyi","0","3","0","0",NA,NA,NA,"0",NA,"0",NA,"0",NA,NA,NA,"1","0","0","0",NA
"Zoothera_guttata","0","2","0","0",NA,NA,NA,"0",NA,NA,NA,"0",NA,NA,NA,"0","0","0","0",NA
"Zoothera_heinei","0","3","0","0",NA,NA,NA,"0",NA,"0",NA,"0",NA,NA,NA,"1","0","0","0",NA
"Zoothera_interpres","0","2","0","0",NA,NA,NA,"0",NA,"0",NA,NA,NA,NA,NA,NA,"0","0","0",NA
"Zoothera_lunulata","0","3","0","0",NA,NA,NA,"0",NA,"0",NA,"0",NA,NA,NA,"0","0","0","0",NA
"Zoothera_machiki","0","1","0","0",NA,NA,NA,"0",NA,NA,NA,NA,NA,NA,NA,NA,"0","0","0",NA
"Zoothera_major","0","1","0","0",NA,NA,NA,"0",NA,NA,NA,NA,NA,NA,NA,NA,"0","0","0",NA
"Zoothera_margaretae","0","1","0","0",NA,NA,NA,"0",NA,NA,NA,NA,NA,NA,NA,NA,"0","0","0",NA
"Zoothera_marginata","0","3","0","0",NA,NA,NA,"0",NA,"0",NA,"0",NA,NA,NA,"0","0","0","0",NA
"Zoothera_mollissima","0","2","0","0",NA,NA,NA,"0",NA,"0",NA,NA,NA,NA,NA,NA,"0","0","0",NA
"Zoothera_monticola","0","2","0","0",NA,NA,NA,"0",NA,NA,NA,"0",NA,NA,NA,"0","0","0","0",NA
"Zoothera_naevia","0","1","0","0",NA,NA,NA,"0",NA,NA,NA,NA,NA,NA,NA,NA,"0","0","0",NA
"Zoothera_oberlaenderi","0","2","0","0",NA,NA,NA,"0",NA,NA,NA,"0",NA,NA,NA,"0","0","0","0",NA
"Zoothera_peronii","0","1","0","0",NA,NA,NA,"0",NA,NA,NA,NA,NA,NA,NA,NA,"0","0","0",NA
"Zoothera_piaggiae","0","3","0","0",NA,NA,NA,"0",NA,"0",NA,"0",NA,NA,NA,"1","0","0","0",NA
"Zoothera_pinicola","0","1","0","0",NA,NA,NA,"0",NA,NA,NA,NA,NA,NA,NA,NA,"0","0","0",NA
"Zoothera_princei","0","3","0","0",NA,NA,NA,"0",NA,"0",NA,"0",NA,NA,NA,"0","0","0","0",NA
"Zoothera_schistacea","0","1","0","0",NA,NA,NA,"0",NA,NA,NA,NA,NA,NA,NA,NA,"0","0","0",NA
"Zoothera_sibirica","0","2","0","0",NA,NA,NA,"0",NA,"0",NA,NA,NA,NA,NA,NA,"0","0","0",NA
"Zoothera_spiloptera","0","2","0","0",NA,NA,NA,"0",NA,"0",NA,NA,NA,NA,NA,NA,"0","0","0",NA
"Zoothera_talaseae","0","1","0","0",NA,NA,NA,"0",NA,NA,NA,NA,NA,NA,NA,NA,"0","0","0",NA
"Zoothera_tanganjicae",NA,"0","0","0",NA,NA,NA,NA,NA,NA,NA,NA,NA,NA,NA,NA,"0","0","0",NA
"Zoothera_wardii","0","2","0","0",NA,NA,NA,"0",NA,"0",NA,NA,NA,NA,NA,NA,"0","0","0",NA
"Zosterops_abyssinicus","0","2","0","0",NA,NA,NA,"0",NA,"0",NA,NA,NA,NA,NA,NA,"0","0","0",NA
"Zosterops_anomalus","0","1","0","0",NA,NA,NA,"0",NA,NA,NA,NA,NA,NA,NA,NA,"0","0","0",NA
"Zosterops_atricapilla","0","1","0","0",NA,NA,NA,"0",NA,NA,NA,NA,NA,NA,NA,NA,"0","0","0",NA
"Zosterops_atriceps","0","1","0","0",NA,NA,NA,"0",NA,NA,NA,NA,NA,NA,NA,NA,"0","0","0",NA
"Zosterops_atrifrons","0","1","0","0",NA,NA,NA,"0",NA,NA,NA,NA,NA,NA,NA,NA,"0","0","0",NA
"Zosterops_borbonicus","1","0","3","0",NA,NA,NA,"1",NA,"1",NA,"1",NA,NA,"K","1","1","0","0","Kin"
"Zosterops_buruensis","0","1","0","0",NA,NA,NA,"0",NA,NA,NA,NA,NA,NA,NA,NA,"0","0","0",NA
"Zosterops_ceylonensis","0","2","0","0",NA,NA,NA,"0",NA,"0",NA,NA,NA,NA,NA,NA,"0","0","0",NA
"Zosterops_chloris","0","2","0","0",NA,NA,NA,"0",NA,NA,NA,"0",NA,NA,NA,"0","0","0","0",NA
"Zosterops_chloronothus","0","1","0","0",NA,NA,NA,"0",NA,NA,NA,NA,NA,NA,NA,NA,"0","0","0",NA
"Zosterops_cinereus","0","1","0","0",NA,NA,NA,"0",NA,NA,NA,NA,NA,NA,NA,NA,"0","0","0",NA
"Zosterops_citrinella","0","1","0","0",NA,NA,NA,"0",NA,NA,NA,NA,NA,NA,NA,NA,"0","0","0",NA
"Zosterops_consobrinorum","0","1","0","0",NA,NA,NA,"0",NA,NA,NA,NA,NA,NA,NA,NA,"0","0","0",NA
"Zosterops_conspicillatus","0","1","0","0",NA,NA,NA,"0",NA,NA,NA,NA,NA,NA,NA,NA,"0","0","0",NA
"Zosterops_erythropleurus","0","1","0","0",NA,NA,NA,"0",NA,NA,NA,NA,NA,NA,NA,NA,"0","0","0",NA
"Zosterops_everetti","0","1","0","0",NA,NA,NA,"0",NA,NA,NA,NA,NA,NA,NA,NA,"0","0","0",NA
"Zosterops_explorator","0","1","0","0",NA,NA,NA,"0",NA,NA,NA,NA,NA,NA,NA,NA,"0","0","0",NA
"Zosterops_ficedulinus","0","1","0","0",NA,NA,NA,"0",NA,NA,NA,NA,NA,NA,NA,NA,"0","0","0",NA
"Zosterops_finschii","0","1","0","0",NA,NA,NA,"0",NA,NA,NA,NA,NA,NA,NA,NA,"0","0","0",NA
"Zosterops_flavifrons","0","2","0","0",NA,NA,NA,"0",NA,"0",NA,NA,NA,NA,NA,NA,"0","0","0",NA
"Zosterops_flavus","0","1","0","0",NA,NA,NA,"0",NA,NA,NA,NA,NA,NA,NA,NA,"0","0","0",NA
"Zosterops_fuscicapilla","0","1","0","0",NA,NA,NA,"0",NA,NA,NA,NA,NA,NA,NA,NA,"0","0","0",NA
"Zosterops_grayi","0","1","0","0",NA,NA,NA,"0",NA,NA,NA,NA,NA,NA,NA,NA,"0","0","0",NA
"Zosterops_griseotinctus","0","2","0","0",NA,NA,NA,"0",NA,"0",NA,NA,NA,NA,NA,NA,"0","0","0",NA
"Zosterops_griseovirescens","0","1","0","0",NA,NA,NA,"0",NA,NA,NA,NA,NA,NA,NA,NA,"0","0","0",NA
"Zosterops_hypolais",NA,"0","0","0",NA,NA,NA,NA,NA,NA,NA,NA,NA,NA,NA,NA,"0","0","0",NA
"Zosterops_hypoxanthus","0","1","0","0",NA,NA,NA,"0",NA,NA,NA,NA,NA,NA,NA,NA,"0","0","0",NA
"Zosterops_inornatus","0","1","0","0",NA,NA,NA,"0",NA,NA,NA,NA,NA,NA,NA,NA,"0","0","0",NA
"Zosterops_japonicus","0","2","0","0",NA,NA,NA,"0",NA,NA,NA,"0",NA,NA,NA,"0","0","0","0",NA
"Zosterops_kuehni","0","1","0","0",NA,NA,NA,"0",NA,NA,NA,NA,NA,NA,NA,NA,"0","0","0",NA
"Zosterops_kulambangrae","0","1","0","0",NA,NA,NA,"0",NA,NA,NA,NA,NA,NA,NA,NA,"0","0","0",NA
"Zosterops_lateralis","0","5","0","0",NA,"0","0","0",NA,"0",NA,"0",NA,NA,NA,"0","0","0","0",NA
"Zosterops_luteirostris",NA,"0","0","0",NA,NA,NA,NA,NA,NA,NA,NA,NA,NA,NA,NA,"0","0","0",NA
"Zosterops_luteus","0","3","0","0",NA,NA,NA,"0",NA,"0",NA,"0",NA,NA,NA,"0","0","0","0",NA
"Zosterops_maderaspatanus","0","1","0","0",NA,NA,NA,"0",NA,NA,NA,NA,NA,NA,NA,NA,"0","0","0",NA
"Zosterops_mayottensis","0","1","0","0",NA,NA,NA,"0",NA,NA,NA,NA,NA,NA,NA,NA,"0","0","0",NA
"Zosterops_meeki","0","1","0","0",NA,NA,NA,"0",NA,NA,NA,NA,NA,NA,NA,NA,"0","0","0",NA
"Zosterops_metcalfii","0","2","0","0",NA,NA,NA,"0",NA,"0",NA,NA,NA,NA,NA,NA,"0","0","0",NA
"Zosterops_meyeni","0","1","0","0",NA,NA,NA,"0",NA,NA,NA,NA,NA,NA,NA,NA,"0","0","0",NA
"Zosterops_minor","0","1","0","0",NA,NA,NA,"0",NA,NA,NA,NA,NA,NA,NA,NA,"0","0","0",NA
"Zosterops_minutus","0","1","0","0",NA,NA,NA,"0",NA,NA,NA,NA,NA,NA,NA,NA,"0","0","0",NA
"Zosterops_modestus","1","0","1","0",NA,NA,NA,NA,NA,"1",NA,NA,NA,NA,NA,NA,"0","0","0",NA
"Zosterops_montanus","0","1","0","0",NA,NA,NA,"0",NA,NA,NA,NA,NA,NA,NA,NA,"0","0","0",NA
"Zosterops_mouroniensis","0","1","0","0",NA,NA,NA,"0",NA,NA,NA,NA,NA,NA,NA,NA,"0","0","0",NA
"Zosterops_murphyi","0","1","0","0",NA,NA,NA,"0",NA,NA,NA,NA,NA,NA,NA,NA,"0","0","0",NA
"Zosterops_mysorensis","0","1","0","0",NA,NA,NA,"0",NA,NA,NA,NA,NA,NA,NA,NA,"0","0","0",NA
"Zosterops_natalis","0","1","0","0",NA,NA,NA,NA,NA,"0",NA,NA,NA,NA,NA,NA,"0","0","0",NA
"Zosterops_nigrorum","0","1","0","0",NA,NA,NA,"0",NA,NA,NA,NA,NA,NA,NA,NA,"0","0","0",NA
"Zosterops_novaeguineae","0","2","0","0",NA,NA,NA,"0",NA,NA,NA,"0",NA,NA,NA,"0","0","0","0",NA
"Zosterops_oleagineus",NA,"0","0","0",NA,NA,NA,NA,NA,NA,NA,NA,NA,NA,NA,NA,"0","0","0",NA
"Zosterops_olivaceus","0","1","0","0",NA,NA,NA,"0",NA,NA,NA,NA,NA,NA,NA,NA,"0","0","0",NA
"Zosterops_pallidus","0","2","0","0",NA,NA,NA,"0",NA,"0",NA,NA,NA,NA,NA,NA,"0","0","0",NA
"Zosterops_palpebrosus","0","2","0","0",NA,NA,NA,"0",NA,"0",NA,NA,NA,NA,NA,NA,"0","0","0",NA
"Zosterops_poliogastrus","0","2","0","0",NA,NA,NA,"0",NA,"0",NA,NA,NA,NA,NA,NA,"0","0","0",NA
"Zosterops_rendovae","0","1","0","0",NA,NA,NA,"0",NA,NA,NA,NA,NA,NA,NA,NA,"0","0","0",NA
"Zosterops_rennellianus","0","1","0","0",NA,NA,NA,"0",NA,NA,NA,NA,NA,NA,NA,NA,"0","0","0",NA
"Zosterops_salvadorii","0","1","0","0",NA,NA,NA,"0",NA,NA,NA,NA,NA,NA,NA,NA,"0","0","0",NA
"Zosterops_samoensis",NA,"0","0","0",NA,NA,NA,NA,NA,NA,NA,NA,NA,NA,NA,NA,"0","0","0",NA
"Zosterops_sanctaecrucis","0","1","0","0",NA,NA,NA,"0",NA,NA,NA,NA,NA,NA,NA,NA,"0","0","0",NA
"Zosterops_semperi","0","1","0","0",NA,NA,NA,"0",NA,NA,NA,NA,NA,NA,NA,NA,"0","0","0",NA
"Zosterops_senegalensis","0","2","0","0",NA,NA,NA,"0",NA,"0",NA,NA,NA,NA,NA,NA,"0","0","0",NA
"Zosterops_splendidus",NA,"0","0","0",NA,NA,NA,NA,NA,NA,NA,NA,NA,NA,NA,NA,"0","0","0",NA
"Zosterops_stresemanni","0","1","0","0",NA,NA,NA,"0",NA,NA,NA,NA,NA,NA,NA,NA,"0","0","0",NA
"Zosterops_uropygialis","0","1","0","0",NA,NA,NA,"0",NA,NA,NA,NA,NA,NA,NA,NA,"0","0","0",NA
"Zosterops_vaughani","0","1","0","0",NA,NA,NA,"0",NA,NA,NA,NA,NA,NA,NA,NA,"0","0","0",NA
"Zosterops_vellalavella","0","1","0","0",NA,NA,NA,"0",NA,NA,NA,NA,NA,NA,NA,NA,"0","0","0",NA
"Zosterops_wallacei","0","1","0","0",NA,NA,NA,"0",NA,NA,NA,NA,NA,NA,NA,NA,"0","0","0",NA
"Zosterops_xanthochroa","0","2","0","0",NA,NA,NA,"0",NA,"0",NA,NA,NA,NA,NA,NA,"0","0","0",NA
NA,"1","0","1","0",NA,NA,NA,NA,NA,NA,NA,"1",NA,NA,"K","1","1","0","0","Kin"
