BirdtreeSpecies,English_name,Odom_FemaleSong,Webb_FemaleSong,"Song_data_source_Webb (NOTE: appears to be reversed - ones marked ""del Hoyo"" were actually from Odom, ones marked ""del Hoyo"" actually from HBW)",Garamszegi2006_FemaleSong,Other_FemaleSong,Other_Reference,FemaleSong_Aggregated,Flagged for review
Miliaria_calandra,Corn Bunting,NA,Absent,"Odom et al., 2014",Evidence against FS,,,Absent,
Oenanthe_albonigra,Hume's Wheatear,NA,Absent,"Odom et al., 2014",Evidence against FS,,,Absent,
Oenanthe_monacha,Hooded Wheatear,NA,Absent,"Odom et al., 2014",Evidence against FS,,,Absent,
Prinia_gracilis,Graceful Prinia,NA,Absent,"Odom et al., 2014",Evidence against FS,,,Absent,
Regulus_ignicapilla,Firecrest,NA,Absent,"Odom et al., 2014",Evidence against FS,,,Absent,
Saxicola_dacotiae,Fuerteventura Stonechat,NA,Absent,"Odom et al., 2014",Evidence against FS,,,Absent,
Saxicola_rubetra,Whinchat,NA,Absent,"Odom et al., 2014",Evidence against FS,,,Absent,
Turdus_philomelos,Song Thrush,NA,Absent,"Odom et al., 2014",Evidence against FS,,,Absent,
Troglodytes_troglodytes,Winter Wren/Eurasian Wren,NA,Absent,"Odom et al., 2014",Evidence for FS,"""Male has remarkable song, long and complex, a series of tinkling trills one after the other for seconds on end; female not known to sing. """,BOW,Absent,1 - BOW resolved
Serinus_serinus,European Serin,NA,Absent,"Odom et al., 2014",Evidence for FS,"""male sings throughout year""; ""In the serin only the male sings""",BOW; Soukiazes 2014 (thesis),Absent,"1 - none from Scite, GS found thesis"
Lullula_arborea,Wood Lark,NA,Absent,"Odom et al., 2014",Evidence for FS,"""Male song""",BOW,Discrepancy,1 - none from Scite or GS
Scotocerca_inquieta,Streaked Scrub-warbler,NA,Absent,"Odom et al., 2014",Evidence for FS,"""Male song""",BOW,Discrepancy,1 - none from Scite or GS
Turdoides_squamiceps,Arabian Babbler,NA,Absent,"Odom et al., 2014",Evidence for FS,"""Song of male, heard just before and after copulation, a high quiet warble""",BOW,Discrepancy,1 - none from Scite or GS
Turdus_merula,Eurasian Blackbird,NA,Absent,"Odom et al., 2014",Evidence for FS,"""Song, by male from elevated perch, a leisurely series of very mellow, slurring whistled phrases (up to 100 phrase types documented in introduced population in Australia), usually ending with short gabbled twitter in which mimicry sometimes present; phrases not repeated (except perhaps early in season); song most complete, rich and complex at dawn, daytime song often less sustained and more distracted; pre-roost song often has curtailed phrases and repetitions, may be given from variety of perches as territory-marking. Female has subsong response during courtship. Subsong of male, fairly common in autumn and winter, a subdued sustained warbling with occasional alarm notes. """,BOW,Absent,"1 - estradiol treated females sing readily, but untreated ones don't --> Absent"
Montifringilla_nivalis,White-winged Snowfinch,NA,Absent,"Odom et al., 2014",Evidence for FS,"""Song, by male...""",BOW,Discrepancy,1 - none from Scite or GS
Phoenicurus_ochruros,Black Redstart,NA,Absent,"Odom et al., 2014",Evidence for FS,"""Song, by male..."";  ""Black redstarts (Phoenicurus ochruros) are sexually dimorphic and only males sing in breeding season and in the autumn (Weggler 2000, Andersson 2001).""",BOW; Wang et al 2005,Absent,"1 - none from Scite, GS found papers"
Phoenicurus_phoenicurus,Common Redstart,NA,Absent,"Odom et al., 2014",Evidence for FS,"""Songs occasionally simply snatches of mimicry, and sometimes becoming subsong audible at only 10–15 m (also performed, rarely, by female).""",BOW,Discrepancy,"1 - none from Scite, some from GS (field guide to warblers of North America (see Other refs note)"
Galerida_cristata,Crested Lark,NA,Absent,"Odom et al., 2014",Evidence for FS,"No information for this species, but song is presumably given by male.",BOW,Discrepancy,1 - none from Scite or GS
Carpodacus_erythrinus,Common Rosefinch,NA,Absent,"Odom et al., 2014",Evidence for FS,"nothing about FS; ""In 1988, one female was observed to sing on one occasion. The song ttered was similar to male song in most
 aspects, but with one important exception; the same
 theme was not repeated as in males, i.e. she could not
 be classified as having a single song type. Instead, the
 song changed considerably each time, sometimes in-
 voking the call, sometimes not. Fig. 8 illustrates four
 out of nine identifiable songs this female uttered. None
 of these song types has been found in any male during
 the three years of study. The song was performed when
 I (as regularly) checked the bushes for potential nests.
 Commonly, both males and females started calling
 when I was close to the nest, and the male commonly
 started singing the unaccentuated song type. This was
 also the case here, except that also the female started
 singing.""",BOW; Bjorklund (1989),Discrepancy,"1 - one from GS, none from Scite"
Carpodacus_rubicilla,Great Rosefinch,NA,Absent,"Odom et al., 2014",Evidence for FS,nothing about FS,BOW,Discrepancy,1 - none from Scite or GS
Eremopterix_nigriceps,Black-crowned Sparrow-lark,NA,Absent,"Odom et al., 2014",Evidence for FS,nothing about FS,BOW,Discrepancy,1 - none from Scite or GS
Regulus_regulus,Goldcrest,NA,Absent,"Odom et al., 2014",Evidence for FS,nothing about FS,BOW,Discrepancy,1 - none from Scite or GS
Cinclus_cinclus,White-throated Dipper,NA,Present,"Odom et al., 2014",Evidence for FS,Present,Magoolagan et al (2019),Present,
Parus_caeruleus,Blue Tit,NA,Present,"Odom et al., 2014",Evidence for FS,Present,Sierro et al 2022,Present,
Alauda_arvensis,Eurasian Skylark,NA,Absent,"Odom et al., 2014",Evidence for FS,"some songs restricted to male and others to female (Cramp 1988). Aerialvideo Display Song (see below) of male consists of various combinations of seemingly continuous and pleasantly modulated flow of clear, shrill, long, and loud warbling (Witherby et al. 1938, Gerss 1989). Female sings only occasionally during pairing and nest-building (Delius 1963). Female song is monotonous and fragmented, quieter than that of male (Delius 1963).",BOW,Present,1 - BOW resolved
Erythropygia_galactotes,Rufous-tailed Scrub-robin,NA,Absent,"Odom et al., 2014",Evidence for FS,"Song, by male only, a sustained sweet but repetitive unmusical warbling",BOW,Absent,1 - BOW resolved
Acrocephalus_agricola,Paddyfield Warbler,NA,Present,"Odom et al., 2014",Evidence for FS,,,Present,
Acrocephalus_arundinaceus,Great Reed-warbler,NA,Present,"Odom et al., 2014",Evidence for FS,,,Present,
Acrocephalus_dumetorum,Blyth's Reed-warbler,NA,Present,"Odom et al., 2014",Evidence for FS,,,Present,
Acrocephalus_palustris,Marsh Warbler,NA,Present,"Odom et al., 2014",Evidence for FS,,,Present,
Acrocephalus_schoenobaenus,Sedge Warbler,NA,Present,"Odom et al., 2014",Evidence for FS,,,Present,
Acrocephalus_scirpaceus,Eurasian Reed-warbler,NA,Present,"Odom et al., 2014",Evidence for FS,,,Present,
Aegithalos_caudatus,Long-tailed Tit,NA,Present,"Odom et al., 2014",Evidence for FS,,,Present,
Alaemon_alaudipes,Greater Hoopoe-lark,NA,Present,"Odom et al., 2014",Evidence for FS,,,Present,
Anthus_campestris,Tawny Pipit,NA,Present,"Odom et al., 2014",Evidence for FS,,,Present,
Bombycilla_garrulus,Bohemian Waxwing,NA,Present,"Odom et al., 2014",Evidence for FS,,,Present,
Carduelis_cannabina,Eurasian Linnet,NA,Present,"Odom et al., 2014",Evidence for FS,,,Present,
Carduelis_carduelis,European Goldfinch,NA,Present,"Odom et al., 2014",Evidence for FS,,,Present,
Carduelis_chloris,European Greenfinch,NA,Present,"Odom et al., 2014",Evidence for FS,,,Present,
Carduelis_spinus,Eurasian Siskin,NA,Present,"Odom et al., 2014",Evidence for FS,,,Present,
Cettia_cetti,Cetti's Warbler,NA,Present,"Odom et al., 2014",Evidence for FS,,,Present,
Coccothraustes_coccothraustes,Hawfinch,NA,Present,"Odom et al., 2014",Evidence for FS,,,Present,
Corvus_monedula,Eurasian Jackdaw,Present,Present,"Odom et al., 2014",Evidence for FS,,,Present,
Delichon_urbicum,Northern House-martin,NA,Present,"Odom et al., 2014",Evidence for FS,,,Present,
Emberiza_cia,Rock Bunting,NA,Present,"Odom et al., 2014",Evidence for FS,,,Present,
Emberiza_cirlus,Cirl Bunting,NA,Present,"Odom et al., 2014",Evidence for FS,,,Present,
Emberiza_citrinella,Yellowhammer,NA,Present,"Odom et al., 2014",Evidence for FS,,,Present,
Emberiza_rustica,Rustic Bunting,NA,Present,"Odom et al., 2014",Evidence for FS,,,Present,
Eremophila_alpestris,Horned Lark,NA,Present,"Odom et al., 2014",Evidence for FS,,,Present,
Erithacus_rubecula,European Robin,NA,Present,"Odom et al., 2014",Evidence for FS,,,Present,
Fringilla_coelebs,Eurasian Chaffinch,NA,Present,"Odom et al., 2014",Evidence for FS,,,Present,
Garrulus_glandarius,Eurasian Jay,NA,Present,"del Hoyo et al., 2004-2011",Evidence for FS,,,Present,
Hippolais_icterina,Icterine Warbler,NA,Present,"Odom et al., 2014",Evidence for FS,,,Present,
Hippolais_polyglotta,Melodious Warbler,NA,Present,"Odom et al., 2014",Evidence for FS,,,Present,
Irania_gutturalis,White-throated Robin,NA,Present,"Odom et al., 2014",Evidence for FS,,,Present,
Lanius_excubitor,Great Grey Shrike,Present,Present,"del Hoyo et al., 2004-2011",Evidence for FS,,,Present,
Lanius_senator,Woodchat Shrike,Present,Present,"del Hoyo et al., 2004-2011",Evidence for FS,,,Present,
Locustella_luscinioides,Savi's Warbler,NA,Present,"Odom et al., 2014",Evidence for FS,,,Present,
Locustella_naevia,Common Grasshopper-warbler,NA,Present,"Odom et al., 2014",Evidence for FS,,,Present,
Loxia_curvirostra,Red Crossbill,NA,Present,"Odom et al., 2014",Evidence for FS,,,Present,
Loxia_leucoptera,White-winged Crossbill,NA,Present,"Odom et al., 2014",Evidence for FS,,,Present,
Loxia_pytyopsittacus,Parrot Crossbill,NA,Present,"Odom et al., 2014",Evidence for FS,,,Present,
Loxia_scotica,Scottish Crossbill,NA,Present,"Odom et al., 2014",Evidence for FS,,,Present,
Luscinia_calliope,Siberian Rubythroat,NA,Present,"Odom et al., 2014",Evidence for FS,,,Present,
Luscinia_luscinia,Thrush Nightingale,NA,Present,"Odom et al., 2014",Evidence for FS,,,Present,
Luscinia_megarhynchos,Common Nightingale,NA,Present,"Odom et al., 2014",Evidence for FS,,,Present,
Luscinia_svecica,Bluethroat,NA,Present,"Odom et al., 2014",Evidence for FS,,,Present,
Monticola_saxatilis,Rufous-tailed Rock-thrush,NA,Present,"Odom et al., 2014",Evidence for FS,,,Present,
Monticola_solitarius,Blue Rock-thrush,NA,Present,"Odom et al., 2014",Evidence for FS,,,Present,
Oenanthe_deserti,Desert Wheatear,NA,Present,"Odom et al., 2014",Evidence for FS,,,Present,
Oenanthe_finschii,Finsch's Wheatear,NA,Present,"Odom et al., 2014",Evidence for FS,,,Present,
Oenanthe_hispanica,Black-eared Wheatear,NA,Present,"Odom et al., 2014",Evidence for FS,,,Present,
Oenanthe_isabellina,Isabelline Wheatear,NA,Present,"Odom et al., 2014",Evidence for FS,,,Present,
Oenanthe_leucopyga,White-tailed Wheatear,NA,Present,"Odom et al., 2014",Evidence for FS,,,Present,
Oenanthe_leucura,Black Wheatear,NA,Present,"Odom et al., 2014",Evidence for FS,,,Present,
Oenanthe_lugens,Mourning Wheatear,NA,Present,"Odom et al., 2014",Evidence for FS,,,Present,
Oenanthe_moesta,Red-rumped Wheatear,NA,Present,"Odom et al., 2014",Evidence for FS,,,Present,
Oenanthe_oenanthe,Northern Wheatear,NA,Present,"Odom et al., 2014",Evidence for FS,,,Present,
Oenanthe_pleschanka,Pied Wheatear,NA,Present,"Odom et al., 2014",Evidence for FS,,,Present,
Oenanthe_xanthoprymna,Kurdish Wheatear,NA,Present,"Odom et al., 2014",Evidence for FS,,,Present,
Oriolus_oriolus,Eurasian Golden Oriole,Present,Present,"del Hoyo et al., 2004-2011",Evidence for FS,,,Present,
Parus_ater,Coal Tit,NA,Present,"Odom et al., 2014",Evidence for FS,,,Present,
Parus_major,Great Tit,NA,Present,"Odom et al., 2014",Evidence for FS,,,Present,
Parus_montanus,Willow Tit,NA,Present,"Odom et al., 2014",Evidence for FS,,,Present,
Parus_palustris,Marsh Tit,NA,Present,"Odom et al., 2014",Evidence for FS,,,Present,
Petronia_petronia,Rock Sparrow,NA,Present,"Odom et al., 2014",Evidence for FS,,,Present,
Phylloscopus_collybita,Common Chiffchaff,NA,Present,"Odom et al., 2014",Evidence for FS,,,Present,
Phylloscopus_trochiloides,Greenish Warbler,NA,Present,"Odom et al., 2014",Evidence for FS,,,Present,
Phylloscopus_trochilus,Willow Warbler,NA,Present,"Odom et al., 2014",Evidence for FS,,,Present,
Pica_pica,Black-billed Magpie,Present,Present,"del Hoyo et al., 2004-2011",Evidence for FS,,,Present,
Pinicola_enucleator,Pine Grosbeak,NA,Present,"Odom et al., 2014",Evidence for FS,,,Present,
Prunella_collaris,Alpine Accentor,NA,Present,"Odom et al., 2014",Evidence for FS,,,Present,
Prunella_modularis,Hedge Accentor,NA,Present,"Odom et al., 2014",Evidence for FS,,,Present,
Pyrrhula_pyrrhula,Eurasian Bullfinch,NA,Present,"Odom et al., 2014",Evidence for FS,,,Present,
Rhodopechys_sanguineus,Crimson-winged Finch,NA,Present,"Odom et al., 2014",Evidence for FS,,,Present,
Riparia_riparia,Sand Martin,NA,Present,"Odom et al., 2014",Evidence for FS,,,Present,
Serinus_canaria,Island Canary,NA,Present,"Odom et al., 2014",Evidence for FS,,,Present,
Serinus_pusillus,Fire-fronted Serin,NA,Present,"Odom et al., 2014",Evidence for FS,,,Present,
Sitta_neumayer,Western Rock-nuthatch,NA,Present,"Odom et al., 2014",Evidence for FS,,,Present,
Sitta_tephronota,Eastern Rock-nuthatch,NA,Present,"Odom et al., 2014",Evidence for FS,,,Present,
Sturnus_roseus,Rosy Starling,NA,Present,"Odom et al., 2014",Evidence for FS,,,Present,
Sturnus_unicolor,Spotless Starling,NA,Present,"Odom et al., 2014",Evidence for FS,,,Present,
Sturnus_vulgaris,Common Starling,NA,Present,"Odom et al., 2014",Evidence for FS,,,Present,
Sylvia_atricapilla,Blackcap,NA,Present,"Odom et al., 2014",Evidence for FS,,,Present,
Sylvia_borin,Garden Warbler,NA,Present,"Odom et al., 2014",Evidence for FS,,,Present,
Sylvia_hortensis,Orphean Warbler,NA,Present,"Odom et al., 2014",Evidence for FS,,,Present,
Sylvia_leucomelaena,Arabian Warbler,NA,Present,"Odom et al., 2014",Evidence for FS,,,Present,
Sylvia_nisoria,Barred Warbler,NA,Present,"Odom et al., 2014",Evidence for FS,,,Present,
Tichodroma_muraria,Wallcreeper,NA,Present,"Odom et al., 2014",Evidence for FS,,,Present,
Thryothorus_ludovicianus,Carolina Wren,NA,NA,NA,NA,"Absent; Simple, Coordinated",Nealen and Perkel 2000; Price et al 2023,Absent,
Thryothorus_atrogularis,Black-throated Wren,NA,Present,"Odom et al., 2014",NA,"Complex, Coordinated","Mann et al (2009), Winkler et al (2020) via Price et al (2023)",Present,
Thryothorus_coraya,Coraya Wren,NA,Present,"Odom et al., 2014",NA,"Complex, Coordinated","Mann et al (2009), Winkler et al (2020) via Price et al (2023)",Present,
Thryothorus_fasciatoventris,Black-bellied Wren,NA,Present,"Odom et al., 2014",NA,"Complex, Coordinated","Mann et al (2009), Winkler et al (2020) via Price et al (2023)",Present,
Thryothorus_felix,Happy Wren,NA,Present,"Odom et al., 2014",NA,"Complex, Coordinated","Mann et al (2009), Winkler et al (2020) via Price et al (2023)",Present,
Thryothorus_genibarbis,Moustached Wren,NA,Present,"Odom et al., 2014",NA,"Complex, Coordinated","Mann et al (2009), Winkler et al (2020) via Price et al (2023)",Present,
Thryothorus_maculipectus,Spot-breasted Wren,NA,Present,"Odom et al., 2014",NA,"Complex, Coordinated","Mann et al (2009), Winkler et al (2020) via Price et al (2023)",Present,
Thryothorus_mystacalis,Whiskered Wren,NA,Present,"Odom et al., 2014",NA,"Complex, Coordinated","Mann et al (2009), Winkler et al (2020) via Price et al (2023)",Present,
Thryothorus_rufalbus,Rufous-and-white Wren,NA,Present,"Odom et al., 2014",NA,"Complex, Coordinated","Mann et al (2009), Winkler et al (2020) via Price et al (2023)",Present,
Thryothorus_rutilus,Rufous-breasted Wren,NA,Present,"Odom et al., 2014",NA,"Complex, Coordinated","Mann et al (2009), Winkler et al (2020) via Price et al (2023)",Present,
Thryothorus_sclateri,Speckle-breasted Wren,NA,Present,"Odom et al., 2014",NA,"Complex, Coordinated","Mann et al (2009), Winkler et al (2020) via Price et al (2023)",Present,
Troglodytes_sissonii,Socorro Wren,NA,Present,"Odom et al., 2014",NA,"Complex, Coordinated",Winkler et al (2020) via Price et al (2023),Present,
Uropsila_leucogastra,White-bellied Wren,NA,Present,"Odom et al., 2014",NA,"Complex, Coordinated",Winkler et al (2020) via Price et al (2023),Present,
Thryothorus_sinaloa,Sinaloa Wren,NA,Present,"Odom et al., 2014",NA,"Complex, Uncoordinated","Mann et al (2009), Winkler et al (2020) via Price et al (2023)",Present,
Thryothorus_pleurostictus,Banded Wren,NA,NA,NA,NA,"Complex, Uncoordinated",Mann et al. 2020; Molles and Vehrencamp 1999; Winkler et al 2020 via Price et al 2023,Present,
Thryothorus_euophrys,Plain-tailed Wren,NA,Present,"Odom et al., 2014",NA,Duet,Ball 2016,Present,
Agelaius_assimilis,Red-shouldered Blackbird,NA,Present,"Odom et al., 2014",NA,Duet with male,Price et al (2009),Present,
Agelaius_humeralis,Tawny-shouldered Blackbird,NA,Present,"Odom et al., 2014",NA,Duet with male,Price et al (2009),Present,
Cacicus_chrysopterus,Golden-winged Cacique,NA,Present,"Odom et al., 2014",NA,Duet with male,Price et al (2009),Present,
Cacicus_solitarius,Solitary Black Cacique,NA,Present,"Odom et al., 2014",NA,Duet with male,Price et al (2009),Present,
Cacicus_uropygialis,Scarlet-rumped Cacique,NA,Present,"Odom et al., 2014",NA,Duet with male,Price et al (2009),Present,
Dives_dives,Melodious Blackbird,NA,Present,"Odom et al., 2014",NA,Duet with male,Price et al (2009),Present,
Dives_warszewiczi,Scrub Blackbird,NA,Present,"Odom et al., 2014",NA,Duet with male,Price et al (2009),Present,
Icterus_cayanensis,Epaulet Oriole,NA,Present,"Odom et al., 2014",NA,Duet with male,Price et al (2009) (as Icterus chrysocephalus),Present,
Icterus_croconotus,Orange-backed Troupial,NA,Present,"Odom et al., 2014",NA,Duet with male,Price et al (2009),Present,
Icterus_mesomelas,Yellow-tailed Oriole,NA,Present,"Odom et al., 2014",NA,Duet with male,Price et al (2009),Present,
Agelaioides_badius,Bay-winged Cowbird,NA,Present,"Odom et al., 2014",NA,Infrequent,Price et al (2009),Present,
Agelaius_phoeniceus,Red-winged Blackbird,NA,Present,"Odom et al., 2014",NA,Infrequent,Price et al (2009),Present,
Agelaius_tricolor,Tricoloured Blackbird,NA,Present,"Odom et al., 2014",NA,Infrequent,Price et al (2009),Present,
Amblyramphus_holosericeus,Scarlet-headed Blackbird,NA,Present,"Odom et al., 2014",NA,Infrequent,Price et al (2009),Present,
Euphagus_carolinus,Rusty Blackbird,NA,Present,"Odom et al., 2014",NA,Infrequent,Price et al (2009),Present,
Euphagus_cyanocephalus,Brewer's Blackbird,NA,Present,"Odom et al., 2014",NA,Infrequent,Price et al (2009),Present,
Icterus_cucullatus,Hooded Oriole,NA,Present,"Odom et al., 2014",NA,Infrequent,Price et al (2009),Present,
Icterus_galbula,Baltimore Oriole,NA,Present,"Odom et al., 2014",NA,Infrequent,Price et al (2009),Present,
Icterus_parisorum,Scott's Oriole,NA,Present,"Odom et al., 2014",NA,Infrequent,Price et al (2009),Present,
Icterus_spurius,Orchard Oriole,NA,Present,"Odom et al., 2014",NA,Infrequent,Price et al (2009),Present,
Quiscalus_major,Boat-tailed Grackle,NA,Present,"Odom et al., 2014",NA,Infrequent,Price et al (2009),Present,
Quiscalus_niger,Greater Antillean Grackle,NA,Present,"Odom et al., 2014",NA,Infrequent,Price et al (2009),Present,
Sturnella_magna,Eastern Meadowlark,NA,Present,"Odom et al., 2014",NA,Infrequent,Price et al (2009),Present,
Xanthocephalus_xanthocephalus,Yellow-headed Blackbird,NA,Present,"Odom et al., 2014",NA,Infrequent,Price et al (2009),Present,
Xanthopsar_flavus,Saffron-cowled Blackbird,NA,Present,"Odom et al., 2014",NA,Infrequent,Price et al (2009),Present,
Cacicus_cela,Yellow-rumped Cacique,NA,Absent,"Odom et al., 2014",NA,"Infrequent; ""Both sexes sing in the breeding colonies but female songs need to be studied.""","Price et al (2009),Feekes (1981, 1982), Trainer (1989) and Jaramillo & Burke (1999); BOW",Present,1 - don't see evidence in the Trainer papers cited in BOW for female
Quiscalus_quiscula,Common Grackle,NA,Absent,"Odom et al., 2014",NA,"Infrequent; Female appears to produce song much less frequently than male, and its frequency peaks earlier, during initial stages of nest-building. Female appears to do large proportion of her singing during bouts of song-answering with her mate (Wiley 1976b; see below).","Price et al (2009), Jaramillo & Burke (1999), Wiley (1976); BOW",Present,1 - BOW resolved
Quiscalus_nicaraguensis,Nicaraguan Grackle,NA,Absent,"Odom et al., 2014",NA,Infrequent; Song by male during display a series of accelerated ascending whistles,"Price et al (2009), Jaramillo & Burke (1999); BOW",Discrepancy,1 - none on Scite or GS
Sialia_sialis,Eastern Bluebird,NA,Present,"Odom et al., 2014",NA,Not significantly different from male song,Rose et al 2018,Present,
Hirundo_rustica,Barn Swallow,NA,NA,NA,NA,Present,Wilkins et al 2020,Present,
Formicarius_moniliger,Mayan Antthrush,NA,NA,NA,NA,Present,Kirschel et al 2020,Present,
Basileuterus_rufifrons,Rufous-crowned Warbler,NA,NA,NA,NA,Present,Demko and Mennill 2018,Present,
Parus_atricapillus,Black-capped Chickadee,NA,NA,NA,NA,Present,Montenegro et al 2020,Present,
Junco_hyemalis,Dark-eyed Junco,NA,NA,NA,NA,Present,Reichard et al 2018,Present,
Zonotrichia_leucophrys,White-crowned Sparrow,NA,NA,NA,NA,Present,Baptista et al 1993,Present,
Erithacus_rubecula,European Robin,NA,NA,NA,NA,Present,"Hoelzel, 1986",Present,
Melospiza_melodia,Song Sparrow,NA,NA,NA,NA,Present,Arcese et al 1988,Present,
Tachycineta_bicolor,Tree Swallow,NA,NA,NA,NA,Present,Sharman et al (1994) via Austin,Present,
Catherpes_mexicanus,Canyon Wren,NA,Present,"Odom et al., 2014",NA,Present,Hathcock and Benedict (2018),Present,
Uraeginthus_bengalus,Red-cheeked Cordonbleu,NA,Present,"Odom et al., 2014",NA,Present,Gahr and Guttingery (1986) (via Austin),Present,
Uraeginthus_cyanocephalus,Blue-capped Cordonbleu,NA,Present,"Odom et al., 2014",NA,Present,Geberzahn & Gahr (2011),Present,
Oenanthe_cypriaca,Cyprus Wheatear,NA,NA,NA,NA,Present,Patchett et al 2021,Present,
Mimus_polyglottos,Northern Mockingbird,NA,NA,NA,NA,Present,Gammon and Stracey 2022,Present,
Garrulax_davidi,Plain Laughingthrush,NA,NA,NA,NA,Present,Liu et al 2022,Present,
Arremon_torquatus,Gray-browed Brushfinch (Arremon assimilis),NA,NA,NA,NA,Present,Rodriguez-Fuentes et al 2021,Present,
Vestiaria_coccinea,I'iwi,NA,NA,NA,NA,Present,Beck 2019,Present,
Cyclarhis_gujanensis,Rufous-browed Peppershrikes,NA,NA,NA,NA,Present,Oliveira Guimarães et al 2023,Present,
Ploceus_bicolor,Forest Weaver,NA,Present,"Odom et al., 2014",NA,Present (duets),Gahr et al (2008) (via Austin),Present,
Troglodytes_aedon,House Wren,NA,Present,"Odom et al., 2014",NA,"Present; Complex, Coordinated and Uncoordinated",Krieg and Getty 2016; Price et al 2023,Present,
Cacicus_haemorrhous,Red-rumped Cacique,NA,Absent,"Odom et al., 2014",NA,Rare or absent,Price et al (2009),Absent,
Chrysomus_icterocephalus,Yellow-hooded Blackbird,NA,Absent,"Odom et al., 2014",NA,Rare or absent,Price et al (2009),Absent,
Chrysomus_ruficapillus,Chestnut-capped Blackbird,NA,Absent,"Odom et al., 2014",NA,Rare or absent,Price et al (2009),Absent,
Dolichonyx_oryzivorus,Bobolink,NA,Absent,"Odom et al., 2014",NA,Rare or absent,Price et al (2009),Absent,
Molothrus_ater,Brown-headed Cowbird,NA,Absent,"Odom et al., 2014",NA,Rare or absent,Price et al (2009),Absent,
Psarocolius_angustifrons,Russet-backed Oropendola,NA,Absent,"Odom et al., 2014",NA,Rare or absent,Price et al (2009),Absent,
Psarocolius_atrovirens,Dusky-green Oropendola,NA,Absent,"Odom et al., 2014",NA,Rare or absent,Price et al (2009),Absent,
Psarocolius_decumanus,Crested Oropendola,NA,Absent,"Odom et al., 2014",NA,Rare or absent,Price et al (2009),Absent,
Psarocolius_guatimozinus,Black Oropendola,NA,Absent,"Odom et al., 2014",NA,Rare or absent,Price et al (2009),Absent,
Psarocolius_montezuma,Montezuma Oropendola,NA,Absent,"Odom et al., 2014",NA,Rare or absent,Price et al (2009),Absent,
Psarocolius_viridis,Green Oropendola,NA,Absent,"Odom et al., 2014",NA,Rare or absent,Price et al (2009),Absent,
Quiscalus_lugubris,Carib Grackle,NA,Absent,"Odom et al., 2014",NA,Rare or absent,Price et al (2009),Absent,
Molothrus_bonariensis,Shiny Cowbird,NA,Present,"Odom et al., 2014",NA,Rare or absent,Price et al (2009),Discrepancy,1 - none found GS or Scite
Molothrus_rufoaxillaris,Screaming Cowbird,NA,Present,"Odom et al., 2014",NA,Rare or absent,Price et al (2009),Discrepancy,1 - none found GS or Scite
Quiscalus_mexicanus,Great-tailed Grackle,NA,Present,"Odom et al., 2014",NA,Rare or absent,"Price et al (2009); Skutch (1996), Jaramillo & Burke (1999) and Johnson & Peer (2001)",Discrepancy,"1 - 1 found GS, none Scite"
Clypicterus_oseryi,Casqued Oropendola/Cacique,NA,NA,NA,NA,Rare or absent ,Price et al (2009),Unclear,1 - none found GS or Scite
Psarocolius_bifasciatus,Olive Oropendola,NA,NA,NA,NA,"Rare or absent; ""Male song""",Price et al (2009); BOW,Unclear,1 - none found GS or Scite
Molothrus_oryzivorus,Giant Cowbird,NA,NA,NA,NA,"Rare or absent; Females give ""harsh, nasal whistles"" when pursued by oropendolas in nest defense  (Skutch 1954, Skutch 1996).",Price et al (2009); BOW,Unclear,1 - none found GS or Scite
Agelasticus_thilius,Yellow-winged Blackbird,NA,NA,NA,NA,"Rare or absent; Male songvideo (nominate race and petersii) quite variable, but includes trills of 3–7 notes (resembling A. cyanopus), a whistled warble “tréé-o-lay” (or “séé-you-there”), and a similar warble ending with strong nasal or buzzing tone (“tree-o-láááy”). Song of alticolavideo less nasal. Sharp “chep” call given by both sexes.",Price et al (2009); BOW,Unclear,1 - none found GS or Scite
Molothrus_aeneus,Bronzed Cowbird,NA,NA,NA,NA,Rare or absent; No info on FS,Price et al (2009); BOW,Unclear,1 - none found GS or Scite
Psarocolius_wagleri,Chestnut-headed Oropendola,NA,NA,NA,NA,Rare or absent; No info on FS,Price et al (2009); BOW,Unclear,1 - none found GS or Scite
Sturnella_neglecta,Western Meadowlark,NA,NA,NA,NA,Rare or absent; Reports (Bryant 1914a) of female song difficult to evaluate because of problems of sexing birds in field. No color-banded females heard to sing during 4-yr Wisconsin study.,Price et al (2009); BOW,Absent,"1 - many papers in GS but none say female song, Scite says ""Yes, F Western meadowlarks do sing"" but the abstract of the paper it cites doesn't seem to support that (Song matching in western meadowlarks - Falls, 1985) Due to study of banded population cited in BOW with no female song, concluding that it is absent"
Agelaius_xanthomus,Yellow-shouldered Blackbird,NA,Present,"Odom et al., 2014",NA,Similar to male,Price et al (2009),Present,
Agelasticus_xanthophthalmus,Pale-eyed Blackbird,NA,Present,"Odom et al., 2014",NA,Similar to male,Price et al (2009),Present,
Amblycercus_holosericeus,Yellow-billed Cacique,NA,Present,"Odom et al., 2014",NA,Similar to male,Price et al (2009),Present,
Curaeus_forbesi,Forbes's Blackbird,NA,Present,"Odom et al., 2014",NA,Similar to male,Price et al (2009),Present,
Gnorimopsar_chopi,Chopi Blackbird,NA,Present,"Odom et al., 2014",NA,Similar to male,Price et al (2009),Present,
Gymnomystax_mexicanus,Oriole Blackbird,NA,Present,"Odom et al., 2014",NA,Similar to male,Price et al (2009),Present,
Icterus_bullockii,Bullock's Oriole,NA,Present,"Odom et al., 2014",NA,Similar to male,Price et al (2009),Present,
Icterus_chrysater,Yellow-backed Oriole,NA,Present,"Odom et al., 2014",NA,Similar to male,Price et al (2009),Present,
Icterus_graduacauda,Audubon's Oriole,NA,Present,"Odom et al., 2014",NA,Similar to male,Price et al (2009),Present,
Icterus_icterus,Venezuelan Troupial,NA,Present,"Odom et al., 2014",NA,Similar to male,Price et al (2009),Present,
Icterus_leucopteryx,Jamaican Oriole,NA,Present,"Odom et al., 2014",NA,Similar to male,Price et al (2009),Present,
Icterus_pectoralis,Spot-breasted Oriole,NA,Present,"Odom et al., 2014",NA,Similar to male,Price et al (2009),Present,
Icterus_pustulatus,Streak-backed Oriole,NA,Present,"Odom et al., 2014",NA,Similar to male,Price et al (2009),Present,
Nesopsar_nigerrimus,Jamaican Blackbird,NA,Present,"Odom et al., 2014",NA,Similar to male,Price et al (2009),Present,
Macroagelaius_imthurni,Golden-tufted Grackle,NA,Present,"Odom et al., 2014",NA,Similar to male ,Price et al (2009),Present,
Salpinctes_obsoletus,Rock Wren,NA,Absent,"Odom et al., 2014",NA,"Simple, Uncoordinated; Females never recorded to sing, even during a multi-year study of vocalizations in a partially banded population in Colorado (LB). ",Winkler et al (2020) via Price et al (2023); BOW,Absent,
Hylorchilus_sumichrasti,Sumichrast's Wren,NA,Present,"Odom et al., 2014",NA,"Simple, Uncoordinated; Additionally, female Sumichrast's Wrens sing, but the song of females is different from that of males, being ""a simple phrase consisting of a single repeated syllable ... [with] 3-22 such syllables per song"" (Pérez-Villafaña et al. 1999).",Price et al (2023); BOW,Present,
Phainopepla_nitens,Phainopepla,NA,NA,NA,NA,Songless?,Chu (2001) (via Austin),Songless,
Pomatostomus_ruficeps,Chestnut-crowned babbler,NA,NA,NA,NA,Songless? CB,Crane et al 2016 (via Austin et al 2021),Songless,
Turdoides_striata,Jungle Babbler,NA,NA,NA,NA,Songless? CB,Yambem et al (2020),Songless,
Acanthisitta_chloris,Rifleman,NA,Absent,"Odom et al., 2014",NA,,,Absent,
Acridotheres_ginginianus,Bank Myna,NA,Absent,"Odom et al., 2014",NA,,,Absent,
Acrocephalus_bistrigiceps,Black-browed Reed-warbler,NA,Absent,"Odom et al., 2014",NA,,,Absent,
Acrocephalus_luscinius,Nightingale Reed-warbler,NA,Absent,"Odom et al., 2014",NA,,,Absent,
Aethopyga_duyvenbodei,Elegant Sunbird,NA,Absent,"Odom et al., 2014",NA,,,Absent,
Aimophila_strigiceps,Stripe-capped Sparrow,NA,Absent,"Odom et al., 2014",NA,,,Absent,
Alauda_razae,Raso Lark,NA,Absent,"Odom et al., 2014",NA,,,Absent,
Amadina_erythrocephala,Red-headed Finch,NA,Absent,"Odom et al., 2014",NA,,,Absent,
Amblyornis_flavifrons,Golden-fronted Bowerbird,Absent,Absent,"del Hoyo et al., 2004-2011",NA,,,Absent,
Amblyornis_inornata,Vogelkop Bowerbird,Absent,Absent,"Odom et al., 2014",NA,,,Absent,
Amblyornis_macgregoriae,Macgregor's Bowerbird,Absent,Absent,"del Hoyo et al., 2004-2011",NA,,,Absent,
Ammodramus_caudacutus,Saltmarsh Sparrow,NA,Absent,"Odom et al., 2014",NA,,,Absent,
Ammomanes_cinctura,Bar-tailed Lark,NA,Absent,"Odom et al., 2014",NA,,,Absent,
Ammomanes_deserti,Desert Lark,NA,Absent,"Odom et al., 2014",NA,,,Absent,
Ammomanes_grayi,Gray's Lark,NA,Absent,"Odom et al., 2014",NA,,,Absent,
Amytornis_textilis,Thick-billed Grasswren,Absent,Absent,"del Hoyo et al., 2004-2011",NA,,,Absent,
Anomalospiza_imberbis,Cuckoo Finch,NA,Absent,"Odom et al., 2014",NA,,,Absent,
Anthochaera_lunulata,Western Wattlebird,Absent,Absent,"del Hoyo et al., 2004-2011",NA,,,Absent,
Anthreptes_rubritorques,Banded Sunbird,NA,Absent,"Odom et al., 2014",NA,,,Absent,
Archboldia_papuensis,Archbold's Bowerbird,Absent,Absent,"del Hoyo et al., 2004-2011",NA,,,Absent,
Artamella_viridis,White-headed Vanga,Absent,Absent,"del Hoyo et al., 2004-2011",NA,,,Absent,
Astrapia_mayeri,Ribbon-tailed Astrapia,Absent,Absent,"del Hoyo et al., 2004-2011",NA,,,Absent,
Calandrella_cinerea,Red-capped Lark,NA,Absent,"Odom et al., 2014",NA,,,Absent,
Calcarius_mccownii,McCown's Longspur,NA,Absent,"Odom et al., 2014",NA,,,Absent,
Calicalicus_madagascariensis,Red-tailed Vanga,Absent,Absent,"del Hoyo et al., 2004-2011",NA,,,Absent,
Calicalicus_rufocarpalis,Red-shouldered Vanga,Absent,Absent,"del Hoyo et al., 2004-2011",NA,,,Absent,
Camaroptera_fasciolata,Barred Wren-warbler,NA,Absent,"Odom et al., 2014",NA,,,Absent,
Camaroptera_undosa,Miombo Wren-warbler,NA,Absent,"Odom et al., 2014",NA,,,Absent,
Carduelis_tristis,American Goldfinch,NA,Absent,"Odom et al., 2014",NA,,,Absent,
Carduelis_yemenensis,Yemen Linnet,NA,Absent,"Odom et al., 2014",NA,,,Absent,
Catharus_frantzii,Ruddy-capped Nightingale-thrush,NA,Absent,"Odom et al., 2014",NA,,,Absent,
Catharus_guttatus,Hermit Thrush,NA,Absent,"Odom et al., 2014",NA,,,Absent,
Catharus_mexicanus,Black-headed Nightingale-thrush,NA,Absent,"Odom et al., 2014",NA,,,Absent,
Catharus_ustulatus,Swainson's Thrush,NA,Absent,"Odom et al., 2014",NA,,,Absent,
Cercomela_melanura,Blackstart,NA,Absent,"Odom et al., 2014",NA,,,Absent,
Certhia_americana,American Treecreeper,NA,Absent,"Odom et al., 2014",NA,,,Absent,
Certhia_brachydactyla,Short-toed Treecreeper,NA,Absent,"Odom et al., 2014",NA,,,Absent,
Certhia_familiaris,Eurasian Treecreeper,NA,Absent,"Odom et al., 2014",NA,,,Absent,
Certhilauda_albescens,Karoo Lark,NA,Absent,"Odom et al., 2014",NA,,,Absent,
Certhilauda_barlowi,Barlow's Lark,NA,Absent,"Odom et al., 2014",NA,,,Absent,
Certhilauda_burra,Red Lark,NA,Absent,"Odom et al., 2014",NA,,,Absent,
Certhilauda_chuana,Short-clawed Lark,NA,Absent,"Odom et al., 2014",NA,,,Absent,
Certhilauda_curvirostris,Cape Long-billed Lark,NA,Absent,"Odom et al., 2014",NA,,,Absent,
Certhilauda_erythrochlamys,Dune Lark,NA,Absent,"Odom et al., 2014",NA,,,Absent,
Certhilauda_semitorquata,Eastern Long-billed Lark,NA,Absent,"Odom et al., 2014",NA,,,Absent,
Certhilauda_subcoronata,Karoo Long-billed Lark,NA,Absent,"Odom et al., 2014",NA,,,Absent,
Certhionyx_niger,Black Honeyeater,Absent,Absent,"Odom et al., 2014",NA,,,Absent,
Chasiempis_sandwichensis,Elepaio,Absent,Absent,"del Hoyo et al., 2004-2011",NA,,,Absent,
Chlamydera_lauterbachi,Yellow-breasted Bowerbird,Absent,Absent,"del Hoyo et al., 2004-2011",NA,,,Absent,
Chlorophanes_spiza,Green Honeycreeper,NA,Absent,"Odom et al., 2014",NA,,,Absent,
Chlorospingus_pileatus,Sooty-capped Bush-tanager,NA,Absent,"Odom et al., 2014",NA,,,Absent,
Chlorospingus_semifuscus,Dusky Bush-tanager,NA,Absent,"Odom et al., 2014",NA,,,Absent,
Cicinnurus_regius,King Bird-of-paradise,Absent,Absent,"del Hoyo et al., 2004-2011",NA,,,Absent,
Cicinnurus_respublica,Wilson's Bird-of-paradise,Absent,Absent,"Odom et al., 2014",NA,,,Absent,
Cincloramphus_mathewsi,Rufous Songlark,NA,Absent,"Odom et al., 2014",NA,,,Absent,
Cinclosoma_castaneothorax,Chestnut-breasted Quail-thrush,Absent,Absent,"del Hoyo et al., 2004-2011",NA,,,Absent,
Cinclosoma_cinnamomeum,Cinnamon Quail-thrush,Absent,Absent,"del Hoyo et al., 2004-2011",NA,,,Absent,
Cinclosoma_punctatum,Spotted Quail-thrush,Absent,Absent,"del Hoyo et al., 2004-2011",NA,,,Absent,
Cinnyricinclus_sharpii,Sharpe's Starling,NA,Absent,"Odom et al., 2014",NA,,,Absent,
Cisticola_aberdare,Aberdare Cisticola,NA,Absent,"Odom et al., 2014",NA,,,Absent,
Cisticola_angusticauda,Tabora Cisticola,NA,Absent,"Odom et al., 2014",NA,,,Absent,
Cisticola_anonymus,Chattering Cisticola,NA,Absent,"Odom et al., 2014",NA,,,Absent,
Cisticola_aridulus,Desert Cisticola,NA,Absent,"Odom et al., 2014",NA,,,Absent,
Cisticola_ayresii,Wing-snapping Cisticola,NA,Absent,"Odom et al., 2014",NA,,,Absent,
Cisticola_brachypterus,Siffling Cisticola,NA,Absent,"Odom et al., 2014",NA,,,Absent,
Cisticola_brunnescens,Pectoral-patch Cisticola,NA,Absent,"Odom et al., 2014",NA,,,Absent,
Cisticola_bulliens,Bubbling Cisticola,NA,Absent,"Odom et al., 2014",NA,,,Absent,
Cisticola_carruthersi,Carruthers's Cisticola,NA,Absent,"Odom et al., 2014",NA,,,Absent,
Cisticola_cherina,Madagascar Cisticola,NA,Absent,"Odom et al., 2014",NA,,,Absent,
Cisticola_cinereolus,Ashy Cisticola,NA,Absent,"Odom et al., 2014",NA,,,Absent,
Cisticola_dambo,Black-tailed Cisticola,NA,Absent,"Odom et al., 2014",NA,,,Absent,
Cisticola_exilis,Golden-headed Cisticola,NA,Absent,"Odom et al., 2014",NA,,,Absent,
Cisticola_eximius,Black-necked Cisticola,NA,Absent,"Odom et al., 2014",NA,,,Absent,
Cisticola_fulvicapilla,Piping Cisticola,NA,Absent,"Odom et al., 2014",NA,,,Absent,
Cisticola_galactotes,Winding Cisticola,NA,Absent,"Odom et al., 2014",NA,,,Absent,
Cisticola_guinea,Dorst's Cisticola,NA,Absent,"Odom et al., 2014",NA,,,Absent,
Cisticola_haesitatus,Island Cisticola,NA,Absent,"Odom et al., 2014",NA,,,Absent,
Cisticola_juncidis,Zitting Cisticola,NA,Absent,"Odom et al., 2014",NA,,,Absent,
Cisticola_lais,Wailing Cisticola,NA,Absent,"Odom et al., 2014",NA,,,Absent,
Cisticola_lateralis,Whistling Cisticola,NA,Absent,"Odom et al., 2014",NA,,,Absent,
Cisticola_nanus,Tiny Cisticola,NA,Absent,"Odom et al., 2014",NA,,,Absent,
Cisticola_natalensis,Croaking Cisticola,NA,Absent,"Odom et al., 2014",NA,,,Absent,
Cisticola_njombe,Churring Cisticola,NA,Absent,"Odom et al., 2014",NA,,,Absent,
Cisticola_robustus,Stout Cisticola,NA,Absent,"Odom et al., 2014",NA,,,Absent,
Cisticola_ruficeps,Red-pate Cisticola,NA,Absent,"Odom et al., 2014",NA,,,Absent,
Cisticola_rufilatus,Tinkling Cisticola,NA,Absent,"Odom et al., 2014",NA,,,Absent,
Cisticola_rufus,Rufous Cisticola,NA,Absent,"Odom et al., 2014",NA,,,Absent,
Cisticola_subruficapilla,Grey-backed Cisticola,NA,Absent,"Odom et al., 2014",NA,,,Absent,
Cisticola_textrix,Tink-tink Cisticola,NA,Absent,"Odom et al., 2014",NA,,,Absent,
Cisticola_tinniens,Levaillant's Cisticola,NA,Absent,"Odom et al., 2014",NA,,,Absent,
Cisticola_troglodytes,Foxy Cisticola,NA,Absent,"Odom et al., 2014",NA,,,Absent,
Cisticola_woosnami,Trilling Cisticola,NA,Absent,"Odom et al., 2014",NA,,,Absent,
Cistothorus_palustris,Marsh Wren,NA,Absent,"Odom et al., 2014",NA,,,Absent,
Cistothorus_platensis,Sedge Wren,NA,Absent,"Odom et al., 2014",NA,,,Absent,
Clytorhynchus_nigrogularis,Black-throated Shrikebill,Absent,Absent,"del Hoyo et al., 2004-2011",NA,,,Absent,
Cnemophilus_loriae,Loria's Bird-of-paradise,Absent,Absent,"del Hoyo et al., 2004-2011",NA,,,Absent,
Compsospiza_garleppi,Cochabamba Mountain-finch,NA,Absent,"Odom et al., 2014",NA,,,Absent,
Conothraupis_mesoleuca,Cone-billed Tanager,NA,Absent,"Odom et al., 2014",NA,,,Absent,
Conothraupis_speculigera,Black-and-white Tanager,NA,Absent,"Odom et al., 2014",NA,,,Absent,
Coracina_melanoptera,Black-headed Cuckooshrike,Absent,Absent,"del Hoyo et al., 2004-2011",NA,,,Absent,
Coracina_morio,Sulawesi Cicadabird,Absent,Absent,"del Hoyo et al., 2004-2011",NA,,,Absent,
Coracina_newtoni,Reunion Cuckooshrike,Absent,Absent,"del Hoyo et al., 2004-2011",NA,,,Absent,
Coracina_pectoralis,White-breasted Cuckooshrike,Absent,Absent,"del Hoyo et al., 2004-2011",NA,,,Absent,
Corvus_frugilegus,Rook,Absent,Absent,"del Hoyo et al., 2004-2011",NA,,,Absent,
Creatophora_cinerea,Wattled Starling,NA,Absent,"Odom et al., 2014",NA,,,Absent,
Dacnis_hartlaubi,Turquoise Dacnis,NA,Absent,"Odom et al., 2014",NA,,,Absent,
Dolospingus_fringilloides,White-naped Seedeater,NA,Absent,"Odom et al., 2014",NA,,,Absent,
Drymodes_brunneopygia,Southern Scrub-robin,Absent,Absent,"del Hoyo et al., 2004-2011",NA,,,Absent,
Emberiza_affinis,Brown-rumped Bunting,NA,Absent,"Odom et al., 2014",NA,,,Absent,
Emberiza_cabanisi,Cabanis's Bunting,NA,Absent,"Odom et al., 2014",NA,,,Absent,
Emberiza_capensis,Cape Bunting,NA,Absent,"Odom et al., 2014",NA,,,Absent,
Emberiza_flaviventris,African Golden-breasted Bunting,NA,Absent,"Odom et al., 2014",NA,,,Absent,
Emberiza_impetuani,Lark-like Bunting,NA,Absent,"Odom et al., 2014",NA,,,Absent,
Emberiza_poliopleura,Somali Golden-breasted Bunting,NA,Absent,"Odom et al., 2014",NA,,,Absent,
Emberiza_socotrana,Socotra Bunting,NA,Absent,"Odom et al., 2014",NA,,,Absent,
Emberiza_striolata,House Bunting,NA,Absent,"Odom et al., 2014",NA,,,Absent,
Emberiza_tahapisi,Cinnamon-breasted Bunting,NA,Absent,"Odom et al., 2014",NA,,,Absent,
Enodes_erythrophris,Fiery-browed Myna,NA,Absent,"Odom et al., 2014",NA,,,Absent,
Epimachus_albertisi,Black-billed Sicklebill,Absent,Absent,"Odom et al., 2014",NA,,,Absent,
Epimachus_bruijnii,Pale-billed Sicklebill,Absent,Absent,"Odom et al., 2014",NA,,,Absent,
Epimachus_fastuosus,Black Sicklebill,Absent,Absent,"del Hoyo et al., 2004-2011",NA,,,Absent,
Epimachus_meyeri,Brown Sicklebill,Absent,Absent,"del Hoyo et al., 2004-2011",NA,,,Absent,
Eremalauda_dunni,Dunn's Lark,NA,Absent,"Odom et al., 2014",NA,,,Absent,
Eremalauda_starki,Stark's Lark,NA,Absent,"Odom et al., 2014",NA,,,Absent,
Eremopsaltria_mongolicus,Mongolian Finch,NA,Absent,"Odom et al., 2014",NA,,,Absent,
Eremopterix_australis,Black-eared Sparrow-lark,NA,Absent,"Odom et al., 2014",NA,,,Absent,
Eremopterix_leucotis,Chestnut-backed Sparrow-lark,NA,Absent,"Odom et al., 2014",NA,"Not surprisingly, the study revealed a rich vocal repertoire for the chestnut-backed sparrow-lark. The analysis of the vocalizations shows that chestnut-backed sparrowlarks have a display song performed by males, a sub-song sung by both sexes and various different calls used in different contexts, e.g. flight and alarm calls. The study also presents the first analysis and description of the vocalizations of nestlings. An interesting feature of the vocalizations of the chestnut-backed sparrow-larks was that they performed hetero-specific vocal mimicry, which was incorporated in the subsong.","Aspects of the biology of the chestnut-backed sparrow-lark (Eremopterix leucotis) in the Limpopo Province, South Africa",Absent,1 - subsong?
Eremopterix_signatus,Chestnut-headed Sparrow-lark,NA,Absent,"Odom et al., 2014",NA,,,Absent,
Eremopterix_verticalis,Grey-backed Sparrow-lark,NA,Absent,"Odom et al., 2014",NA,,,Absent,
Estrilda_perreini,Black-tailed Waxbill,NA,Absent,"Odom et al., 2014",NA,,,Absent,
Euphonia_chrysopasta,White-lored Euphonia,NA,Absent,"Odom et al., 2014",NA,,,Absent,
Euphonia_hirundinacea,Yellow-throated Euphonia,NA,Absent,"Odom et al., 2014",NA,,,Absent,
Galerida_deva,Tawny Lark,NA,Absent,"Odom et al., 2014",NA,,,Absent,
Galerida_modesta,Sun Lark,NA,Absent,"Odom et al., 2014",NA,,,Absent,
Galerida_theklae,Thekla Lark,NA,Absent,"Odom et al., 2014",NA,,,Absent,
Garrulax_canorus,Chinese Hwamei,NA,Absent,"Odom et al., 2014",NA,,,Absent,
Geospiza_conirostris,Large Cactus-finch,NA,Absent,"Odom et al., 2014",NA,,,Absent,
Geospiza_difficilis,Sharp-beaked Ground-finch,NA,Absent,"Odom et al., 2014",NA,,,Absent,
Geospiza_fortis,Medium Ground-finch,NA,Absent,"Odom et al., 2014",NA,,,Absent,
Geospiza_fuliginosa,Small Ground-finch,NA,Absent,"Odom et al., 2014",NA,,,Absent,
Geospiza_magnirostris,Large Ground-finch,NA,Absent,"Odom et al., 2014",NA,,,Absent,
Geospiza_scandens,Common Cactus-finch,NA,Absent,"Odom et al., 2014",NA,,,Absent,
Gerygone_palpebrosa,Fairy Gerygone,Absent,Absent,"del Hoyo et al., 2004-2011",NA,,,Absent,
Gubernatrix_cristata,Yellow Cardinal,NA,Absent,"Odom et al., 2014",NA,,,Absent,
Habia_gutturalis,Sooty Ant-tanager,NA,Absent,"Odom et al., 2014",NA,,,Absent,
Habia_rubica,Red-crowned Ant-tanager,NA,Absent,"Odom et al., 2014",NA,,,Absent,
Heteromirafra_ruddi,Rudd's Lark,NA,Absent,"Odom et al., 2014",NA,,,Absent,
Heteromirafra_sidamoensis,Liben Lark,NA,Absent,"Odom et al., 2014",NA,,,Absent,
Hylocichla_mustelina,Wood Thrush,NA,Absent,"Odom et al., 2014",NA,,,Absent,
Hylophilus_poicilotis,Rufous-crowned Greenlet,Absent,Absent,"del Hoyo et al., 2004-2011",NA,,,Absent,
Hypsipetes_leucocephalus,Asian Black Bulbul,NA,Absent,"Odom et al., 2014",NA,,,Absent,
Irena_puella,Asian Fairy-bluebird,NA,Absent,"Odom et al., 2014",NA,,,Absent,
Lagonosticta_rubricata,African Firefinch,NA,Absent,"Odom et al., 2014",NA,,,Absent,
Lagonosticta_senegala,Red-billed Firefinch,NA,Absent,"Odom et al., 2014",NA,,,Absent,
Lanius_bucephalus,Bull-headed Shrike,Absent,Absent,"del Hoyo et al., 2004-2011",NA,,,Absent,
Lanius_collurio,Red-backed Shrike,Absent,Absent,"del Hoyo et al., 2004-2011",NA,,,Absent,
Lanius_cristatus,Brown Shrike,Absent,Absent,"del Hoyo et al., 2004-2011",NA,,,Absent,
Lanius_isabellinus,Rufous-tailed Shrike,Absent,Absent,"del Hoyo et al., 2004-2011",NA,,,Absent,
Lanius_minor,Lesser Grey Shrike,Absent,Absent,"del Hoyo et al., 2004-2011",NA,,,Absent,
Lanius_nubicus,Masked Shrike,Absent,Absent,"del Hoyo et al., 2004-2011",NA,,,Absent,
Leptopoecile_sophiae,White-browed Tit-warbler,NA,Absent,"Odom et al., 2014",NA,,,Absent,
Leucosticte_atrata,Black Rosy-finch,NA,Absent,"Odom et al., 2014",NA,,,Absent,
Leucosticte_australis,Brown-capped Rosy-finch,NA,Absent,"Odom et al., 2014",NA,,,Absent,
Lichenostomus_plumulus,Grey-fronted Honeyeater,Absent,Absent,"del Hoyo et al., 2004-2011",NA,,,Absent,
Lichenostomus_virescens,Singing Honeyeater,Absent,Absent,"del Hoyo et al., 2004-2011",NA,,,Absent,
Loboparadisea_sericea,Yellow-breasted Bird-of-paradise,Absent,Absent,"del Hoyo et al., 2004-2011",NA,,,Absent,
Lonchura_spectabilis,Hooded Munia,NA,Absent,"Odom et al., 2014",NA,,,Absent,
Lonchura_striata,White-rumped Munia,NA,Absent,"Odom et al., 2014",NA,,,Absent,
Lophorina_superba,Superb Bird-of-paradise,Absent,Absent,"del Hoyo et al., 2004-2011",NA,,,Absent,
Luscinia_brunnea,Indian Blue Robin,NA,Absent,"Odom et al., 2014",NA,,,Absent,
Malcorus_pectoralis,Rufous-eared Warbler,NA,Absent,"Odom et al., 2014",NA,,,Absent,
Malimbus_nitens,Gray's Malimbe,NA,Absent,"Odom et al., 2014",NA,,,Absent,
Manucodia_ater,Glossy-mantled Manucode,Absent,Absent,"Odom et al., 2014",NA,,,Absent,
Manucodia_keraudrenii,Trumpet Manucode,Absent,Absent,"Odom et al., 2014",NA,,,Absent,
Melanodryas_cucullata,Hooded Robin,Absent,Absent,"del Hoyo et al., 2004-2011",NA,,,Absent,
Meliphaga_albonotata,Scrub Honeyeater,Absent,Absent,"del Hoyo et al., 2004-2011",NA,,,Absent,
Microeca_flavigaster,Lemon-bellied Flyrobin,Absent,Absent,"del Hoyo et al., 2004-2011",NA,,,Absent,
Mirafra_africana,Rufous-naped Lark,NA,Absent,"Odom et al., 2014",NA,,,Absent,
Mirafra_albicauda,White-tailed Lark,NA,Absent,"Odom et al., 2014",NA,,,Absent,
Mirafra_angolensis,Angola Lark,NA,Absent,"Odom et al., 2014",NA,,,Absent,
Mirafra_cantillans,Singing Bushlark,NA,Absent,"Odom et al., 2014",NA,,,Absent,
Mirafra_cheniana,Melodious Lark,NA,Absent,"Odom et al., 2014",NA,,,Absent,
Mirafra_collaris,Collared Lark,NA,Absent,"Odom et al., 2014",NA,,,Absent,
Mirafra_cordofanica,Kordofan Lark,NA,Absent,"Odom et al., 2014",NA,,,Absent,
Mirafra_hova,Madagascar Lark,NA,Absent,"Odom et al., 2014",NA,,,Absent,
Mirafra_passerina,Monotonous Lark,NA,Absent,"Odom et al., 2014",NA,,,Absent,
Mirafra_rufa,Rusty Lark,NA,Absent,"Odom et al., 2014",NA,,,Absent,
Mirafra_sabota,Sabota Lark,NA,Absent,"Odom et al., 2014",NA,,,Absent,
Mirafra_williamsi,Williams's Lark,NA,Absent,"Odom et al., 2014",NA,,,Absent,
Mohoua_albicilla,Whitehead,Absent,Absent,"del Hoyo et al., 2004-2011",NA,,,Absent,
Mohoua_ochrocephala,Yellowhead,Absent,Absent,"del Hoyo et al., 2004-2011",NA,,,Absent,
Molothrus_armenti,Bronze-brown Cowbird,NA,Absent,"Odom et al., 2014",NA,,,Absent,
Monarcha_chrysomela,Golden Monarch,Absent,Absent,"Odom et al., 2014",NA,,,Absent,
Monarcha_melanopsis,Black-faced Monarch,Absent,Absent,"del Hoyo et al., 2004-2011",NA,,,Absent,
Monticola_cinclorhynchus,Blue-capped Rock-thrush,NA,Absent,"Odom et al., 2014",NA,,,Absent,
Monticola_rufiventris,Chestnut-bellied Rock-thrush,NA,Absent,"Odom et al., 2014",NA,,,Absent,
Muscicapa_griseisticta,Grey-streaked Flycatcher,NA,Absent,"Odom et al., 2014",NA,,,Absent,
Myadestes_palmeri,Puaiohi,NA,Absent,"Odom et al., 2014",NA,,,Absent,
Myzomela_caledonica,New Caledonian Myzomela,Absent,Absent,"del Hoyo et al., 2004-2011",NA,,,Absent,
Myzomela_chloroptera,Sulawesi Myzomela,Absent,Absent,"del Hoyo et al., 2004-2011",NA,,,Absent,
Myzomela_erythrocephala,Red-headed Myzomela,Absent,Absent,"del Hoyo et al., 2004-2011",NA,,,Absent,
Myzomela_jugularis,Orange-breasted Myzomela,Absent,Absent,"del Hoyo et al., 2004-2011",NA,,,Absent,
Nectarinia_coccinigaster,Splendid Sunbird,NA,Absent,"Odom et al., 2014",NA,,,Absent,
Nectarinia_olivacea,Olive Sunbird,NA,Absent,"Odom et al., 2014",NA,,,Absent,
Nectarinia_rubescens,Green-throated Sunbird,NA,Absent,"Odom et al., 2014",NA,,,Absent,
Neomixis_tenella,Common Jery,NA,Absent,"Odom et al., 2014",NA,,,Absent,
Nesospiza_acunhae,Inaccessible Bunting,NA,Absent,"Odom et al., 2014",NA,,,Absent,
Niltava_vivida,Vivid Niltava,NA,Absent,"Odom et al., 2014",NA,,,Absent,
Notiomystis_cincta,Stitchbird,Absent,Absent,"del Hoyo et al., 2004-2011",NA,,,Absent,
Nucifraga_caryocatactes,Spotted Nutcracker,Absent,Absent,"del Hoyo et al., 2004-2011",NA,,,Absent,
Onychognathus_nabouroup,Pale-winged Starling,NA,Absent,"Odom et al., 2014",NA,,,Absent,
Onychognathus_salvadorii,Bristle-crowned Starling,NA,Absent,"Odom et al., 2014",NA,,,Absent,
Oriolus_xanthornus,Black-hooded Oriole,Absent,Absent,"del Hoyo et al., 2004-2011",NA,,,Absent,
Oryzoborus_nuttingi,Nicaraguan Seed-finch,NA,Absent,"Odom et al., 2014",NA,,,Absent,
Panurus_biarmicus,Bearded Parrotbill,NA,Absent,"Odom et al., 2014",NA,,,Absent,
Paradisaea_apoda,Greater Bird-of-paradise,Absent,Absent,"del Hoyo et al., 2004-2011",NA,,,Absent,
Paradisaea_decora,Goldie's Bird-of-paradise,Absent,Absent,"del Hoyo et al., 2004-2011",NA,,,Absent,
Paradisaea_guilielmi,Emperor Bird-of-paradise,Absent,Absent,"del Hoyo et al., 2004-2011",NA,,,Absent,
Paradisaea_minor,Lesser Bird-of-paradise,Absent,Absent,"del Hoyo et al., 2004-2011",NA,,,Absent,
Paradisaea_raggiana,Raggiana Bird-of-paradise,Absent,Absent,"del Hoyo et al., 2004-2011",NA,,,Absent,
Paradisaea_rubra,Red Bird-of-paradise,Absent,Absent,"del Hoyo et al., 2004-2011",NA,,,Absent,
Paradisaea_rudolphi,Blue Bird-of-paradise,Absent,Absent,"del Hoyo et al., 2004-2011",NA,,,Absent,
Parotia_carolae,Carola's Parotia,Absent,Absent,"del Hoyo et al., 2004-2011",NA,,,Absent,
Parotia_sefilata,Western Parotia,Absent,Absent,"del Hoyo et al., 2004-2011",NA,,,Absent,
Passer_griseus,Northern Grey-headed Sparrow,NA,Absent,"Odom et al., 2014",NA,,,Absent,
Passer_iagoensis,Iago Sparrow,NA,Absent,"Odom et al., 2014",NA,,,Absent,
Passer_luteus,Sudan Golden Sparrow,NA,Absent,"Odom et al., 2014",NA,,,Absent,
Passer_melanurus,Cape Sparrow,NA,Absent,"Odom et al., 2014",NA,,,Absent,
Passer_montanus,Eurasian Tree Sparrow,NA,Absent,"Odom et al., 2014",NA,,,Absent,
Passerina_ciris,Painted Bunting,NA,Absent,"Odom et al., 2014",NA,,,Absent,
Passerina_cyanea,Indigo Bunting,NA,Absent,"Odom et al., 2014",NA,,,Absent,
Petroica_rodinogaster,Pink Robin,Absent,Absent,"del Hoyo et al., 2004-2011",NA,,,Absent,
Petroica_traversi,Black Robin,Absent,Absent,"del Hoyo et al., 2004-2011",NA,,,Absent,
Phaenicophilus_poliocephalus,Grey-crowned Palm-tanager,NA,Absent,"Odom et al., 2014",NA,,,Absent,
Philemon_argenticeps,Silver-crowned Friarbird,Absent,Absent,"del Hoyo et al., 2004-2011",NA,,,Absent,
Philetairus_socius,Sociable Weaver,NA,Absent,"Odom et al., 2014",NA,,,Absent,
Phylidonyris_niger,White-cheeked Honeyeater,Absent,Absent,"Odom et al., 2014",NA,,,Absent,
Phylidonyris_novaehollandiae,New Holland Honeyeater,Absent,Absent,"del Hoyo et al., 2004-2011",NA,,,Absent,
Phylidonyris_pyrrhopterus,Crescent Honeyeater,Absent,Absent,"Odom et al., 2014",NA,,,Absent,
Pinarocorys_erythropygia,Rufous-rumped Lark,NA,Absent,"Odom et al., 2014",NA,,,Absent,
Pinarocorys_nigricans,Dusky Lark,NA,Absent,"Odom et al., 2014",NA,,,Absent,
Platysteira_concreta,Yellow-bellied Wattle-eye,Absent,Absent,"del Hoyo et al., 2004-2011",NA,,,Absent,
Ploceus_bannermani,Bannerman's Weaver,NA,Absent,"Odom et al., 2014",NA,,,Absent,
Ploceus_benghalensis,Black-breasted Weaver,NA,Absent,"Odom et al., 2014",NA,,,Absent,
Ploceus_sakalava,Sakalava Weaver,NA,Absent,"Odom et al., 2014",NA,,,Absent,
Pomarea_dimidiata,Rarotonga Monarch,Absent,Absent,"del Hoyo et al., 2004-2011",NA,,,Absent,
Prinia_buchanani,Rufous-fronted Prinia,NA,Absent,"Odom et al., 2014",NA,,,Absent,
Prinia_subflava,Tawny-flanked Prinia,NA,Absent,"Odom et al., 2014",NA,,,Absent,
Prionodura_newtoniana,Golden Bowerbird,Absent,Absent,"del Hoyo et al., 2004-2011",NA,,,Absent,
Prunella_himalayana,Rufous-streaked Accentor,NA,Absent,"Odom et al., 2014",NA,,,Absent,
Prunella_rubeculoides,Robin Accentor,NA,Absent,"Odom et al., 2014",NA,,,Absent,
Ptiloris_victoriae,Victoria's Riflebird,Absent,Absent,"del Hoyo et al., 2004-2011",NA,,,Absent,
Ptilorrhoa_caerulescens,Blue Jewel-babbler,Absent,Absent,"del Hoyo et al., 2004-2011",NA,,,Absent,
Quelea_quelea,Red-billed Quelea,NA,Absent,"Odom et al., 2014",NA,,,Absent,
Ramphocelus_costaricensis,Cherrie's Tanager,NA,Absent,"Odom et al., 2014",NA,,,Absent,
Ramphocelus_flammigerus,Flame-rumped Tanager,NA,Absent,"Odom et al., 2014",NA,,,Absent,
Ramphocelus_icteronotus,Lemon-rumped Tanager,NA,Absent,"Odom et al., 2014",NA,,,Absent,
Ramphocelus_passerinii,Scarlet-rumped Tanager,NA,Absent,"Odom et al., 2014",NA,,,Absent,
Regulus_satrapa,Golden-crowned Kinglet,NA,Absent,"Odom et al., 2014",NA,,,Absent,
Rhamphocoris_clotbey,Thick-billed Lark,NA,Absent,"Odom et al., 2014",NA,,,Absent,
Saxicola_gutturalis,White-bellied Bushchat,NA,Absent,"Odom et al., 2014",NA,,,Absent,
Saxicola_torquatus,Common Stonechat,NA,Absent,"Odom et al., 2014",NA,,,Absent,
Scenopoeetes_dentirostris,Tooth-billed Bowerbird,Absent,Absent,"del Hoyo et al., 2004-2011",NA,,,Absent,
Seleucidis_melanoleucus,Twelve-wired Bird-of-paradise,Absent,Absent,"Odom et al., 2014",NA,,,Absent,
Semioptera_wallacii,Standardwing,Absent,Absent,"del Hoyo et al., 2004-2011",NA,,,Absent,
Sericulus_chrysocephalus,Regent Bowerbird,Absent,Absent,"del Hoyo et al., 2004-2011",NA,,,Absent,
Serinus_alario,Black-headed Canary,NA,Absent,"Odom et al., 2014",NA,,,Absent,
Serinus_albogularis,White-throated Canary,NA,Absent,"Odom et al., 2014",NA,,,Absent,
Serinus_ankoberensis,Ankober Serin,NA,Absent,"Odom et al., 2014",NA,,,Absent,
Serinus_canicollis,Cape Canary,NA,Absent,"Odom et al., 2014",NA,,,Absent,
Serinus_flavigula,Yellow-throated Seedeater,NA,Absent,"Odom et al., 2014",NA,,,Absent,
Serinus_flaviventris,Yellow Canary,NA,Absent,"Odom et al., 2014",NA,,,Absent,
Serinus_flavivertex,Yellow-crowned Canary,NA,Absent,"Odom et al., 2014",NA,,,Absent,
Sicalis_citrina,Stripe-tailed Yellow-finch,NA,Absent,"Odom et al., 2014",NA,,,Absent,
Sitta_carolinensis,White-breasted Nuthatch,NA,Absent,"Odom et al., 2014",NA,,,Absent,
Sitta_himalayensis,White-tailed Nuthatch,NA,Absent,"Odom et al., 2014",NA,,,Absent,
Sitta_leucopsis,White-cheeked Nuthatch,NA,Absent,"Odom et al., 2014",NA,,,Absent,
Sitta_pusilla,Brown-headed Nuthatch,NA,Absent,"Odom et al., 2014",NA,,,Absent,
Spizocorys_fringillaris,Botha's Lark,NA,Absent,"Odom et al., 2014",NA,,,Absent,
Sporophila_nigricollis,Yellow-bellied Seedeater,NA,Absent,"Odom et al., 2014",NA,,,Absent,
Sporophila_peruviana,Parrot-billed Seedeater,NA,Absent,"Odom et al., 2014",NA,,,Absent,
Spreo_bicolor,African Pied Starling,NA,Absent,"Odom et al., 2014",NA,,,Absent,
Stipiturus_ruficeps,Rufous-crowned Emuwren,Absent,Absent,"del Hoyo et al., 2004-2011",NA,,,Absent,
Sturnella_bellicosa,Peruvian Meadowlark,NA,Absent,"Odom et al., 2014",NA,,,Absent,
Sturnella_defilippii,Pampas Meadowlark,NA,Absent,"Odom et al., 2014",NA,,,Absent,
Sturnella_militaris,Red-breasted Blackbird,NA,Absent,"Odom et al., 2014",NA,,,Absent,
Taeniopygia_guttata,Zebra Finch,NA,Absent,"Odom et al., 2014",NA,,,Absent,
Tarsiger_johnstoniae,Collared Bush-robin,NA,Absent,"Odom et al., 2014",NA,,,Absent,
Telophorus_olivaceus,Olive Bush-shrike,Absent,Absent,"del Hoyo et al., 2004-2011",NA,,,Absent,
Telophorus_sulfureopectus,Sulphur-breasted Bush-shrike,Absent,Absent,"Odom et al., 2014",NA,,,Absent,
Terpsiphone_paradisi,Asian Paradise-flycatcher,Absent,Absent,"del Hoyo et al., 2004-2011",NA,,,Absent,
Terpsiphone_viridis,African Paradise-flycatcher,Absent,Absent,"del Hoyo et al., 2004-2011",NA,,,Absent,
Tersina_viridis,Swallow Tanager,NA,Absent,"Odom et al., 2014",NA,,,Absent,
Thraupis_ornata,Golden-chevroned Tanager,NA,Absent,"Odom et al., 2014",NA,,,Absent,
Thryomanes_bewickii,Bewick's Wren,NA,Absent,"Odom et al., 2014",NA,,,Absent,
Troglodytes_cobbi,Cobb's Wren,NA,Absent,"Odom et al., 2014",NA,,,Absent,
Turdoides_rubiginosa,Rufous Chatterer,NA,Absent,"Odom et al., 2014",NA,,,Absent,
Turdus_grayi,Clay-coloured Thrush,NA,Absent,"Odom et al., 2014",NA,,,Absent,
Turdus_iliacus,Redwing,NA,Absent,"Odom et al., 2014",NA,,,Absent,
Turdus_naumanni,Dusky Thrush,NA,Absent,"Odom et al., 2014",NA,,,Absent,
Turdus_rubrocanus,Chestnut Thrush,NA,Absent,"Odom et al., 2014",NA,,,Absent,
Turdus_ruficollis,Dark-throated Thrush,NA,Absent,"Odom et al., 2014",NA,,,Absent,
Turdus_torquatus,Ring Ouzel,NA,Absent,"Odom et al., 2014",NA,,,Absent,
Turdus_unicolor,Tickell's Thrush,NA,Absent,"Odom et al., 2014",NA,,,Absent,
Turdus_viscivorus,Mistle Thrush,NA,Absent,"Odom et al., 2014",NA,,,Absent,
Urolais_epichlorus,Green Longtail,NA,Absent,"Odom et al., 2014",NA,,,Absent,
Vidua_camerunensis,Cameroon Indigobird,NA,Absent,"Odom et al., 2014",NA,,,Absent,
Vidua_codringtoni,Twinspot Indigobird,NA,Absent,"Odom et al., 2014",NA,,,Absent,
Vidua_fischeri,Straw-tailed Whydah,NA,Absent,"Odom et al., 2014",NA,,,Absent,
Vidua_funerea,Variable Indigobird,NA,Absent,"Odom et al., 2014",NA,,,Absent,
Vidua_larvaticola,Baka Indigobird,NA,Absent,"Odom et al., 2014",NA,,,Absent,
Vidua_maryae,Jos Plateau Indigobird,NA,Absent,"Odom et al., 2014",NA,,,Absent,
Vidua_nigeriae,Quailfinch Indigobird,NA,Absent,"Odom et al., 2014",NA,,,Absent,
Vidua_paradisaea,Eastern Paradise-whydah,NA,Absent,"Odom et al., 2014",NA,,,Absent,
Vidua_raricola,Jambandu Indigobird,NA,Absent,"Odom et al., 2014",NA,,,Absent,
Vidua_regia,Queen Whydah,NA,Absent,"Odom et al., 2014",NA,,,Absent,
Vidua_wilsoni,Pale-winged Indigobird,NA,Absent,"Odom et al., 2014",NA,,,Absent,
Vireo_atricapilla,Black-capped Vireo,Absent,Absent,"Odom et al., 2014",NA,,,Absent,
Vireo_cassinii,Cassin's Vireo,Absent,Absent,"del Hoyo et al., 2004-2011",NA,,,Absent,
Vireo_olivaceus,Red-eyed Vireo,Absent,Absent,"del Hoyo et al., 2004-2011",NA,,,Absent,
Vireo_philadelphicus,Philadelphia Vireo,Absent,Absent,"del Hoyo et al., 2004-2011",NA,,,Absent,
Vireo_plumbeus,Plumbeous Vireo,Absent,Absent,"del Hoyo et al., 2004-2011",NA,,,Absent,
Vireo_solitarius,Blue-headed Vireo,Absent,Absent,"del Hoyo et al., 2004-2011",NA,,,Absent,
Vireolanius_melitophrys,Chestnut-sided Shrike-vireo,Absent,Absent,"del Hoyo et al., 2004-2011",NA,,,Absent,
Xenicus_gilviventris,South Island Wren,NA,Absent,"Odom et al., 2014",NA,,,Absent,
Zoothera_pinicola,Aztec Thrush,NA,Absent,"Odom et al., 2014",NA,,,Absent,
Zosterops_meyeni,Lowland White-eye,NA,Absent,"Odom et al., 2014",NA,,,Absent,
Heteralocha_acutirostris,NA,Present,NA,NA,NA,,,Present,
Philemon_plumigenis,NA,Present,NA,NA,NA,,,Present,
Rhipidura_albiscapa,NA,Present,NA,NA,NA,,,Present,
Acanthagenys_rufogularis,Spiny-cheeked Honeyeater,Present,Present,"del Hoyo et al., 2004-2011",NA,,,Present,
Acanthiza_chrysorrhoa,Yellow-rumped Thornbill,Present,Present,"del Hoyo et al., 2004-2011",NA,,,Present,
Acanthiza_inornata,Western Thornbill,Present,Present,"del Hoyo et al., 2004-2011",NA,,,Present,
Acanthiza_pusilla,Brown Thornbill,Present,Present,"del Hoyo et al., 2004-2011",NA,,,Present,
Achaetops_pycnopygius,Rockrunner,NA,Present,"Odom et al., 2014",NA,,,Present,
Acridotheres_tristis,Common Myna,NA,Present,"Odom et al., 2014",NA,,,Present,
Actinodura_ramsayi,Spectacled Barwing,NA,Present,"Odom et al., 2014",NA,,,Present,
Actinodura_sodangorum,Black-crowned Barwing,NA,Present,"Odom et al., 2014",NA,,,Present,
Agelasticus_cyanopus,Unicoloured Blackbird,NA,Present,"Odom et al., 2014",NA,,,Present,
Ailuroedus_crassirostris,Green Catbird,Present,Present,"del Hoyo et al., 2004-2011",NA,,,Present,
Ailuroedus_melanotis,Spotted Catbird,Present,Present,"del Hoyo et al., 2004-2011",NA,,,Present,
Aimophila_ruficauda,Stripe-headed Sparrow,NA,Present,"Odom et al., 2014",NA,,,Present,
Alcippe_rufogularis,Rufous-throated Fulvetta,NA,Present,"Odom et al., 2014",NA,,,Present,
Alethe_fuelleborni,White-chested Alethe,NA,Present,"Odom et al., 2014",NA,,,Present,
Amadina_fasciata,Cut-throat,NA,Present,"Odom et al., 2014",NA,,,Present,
Amandava_amandava,Red Avadavat,NA,Present,"Odom et al., 2014",NA,,,Present,
Amandava_subflava,Zebra Waxbill,NA,Present,"Odom et al., 2014",NA,,,Present,
Amytornis_goyderi,Eyrean Grasswren,Present,Present,"del Hoyo et al., 2004-2011",NA,,,Present,
Amytornis_housei,Black Grasswren,Present,Present,"del Hoyo et al., 2004-2011",NA,,,Present,
Amytornis_purnelli,Dusky Grasswren,Present,Present,"del Hoyo et al., 2004-2011",NA,,,Present,
Amytornis_striatus,Striated Grasswren,Present,Present,"del Hoyo et al., 2004-2011",NA,,,Present,
Amytornis_woodwardi,White-throated Grasswren,Present,Present,"del Hoyo et al., 2004-2011",NA,,,Present,
Anthochaera_carunculata,Red Wattlebird,Present,Present,"del Hoyo et al., 2004-2011",NA,,,Present,
Anthornis_melanura,New Zealand Bellbird,Present,Present,"del Hoyo et al., 2004-2011",NA,,,Present,
Anthreptes_collaris,Collared Sunbird,NA,Present,"Odom et al., 2014",NA,,,Present,
Apalis_binotata,Masked Apalis,NA,Present,"Odom et al., 2014",NA,,,Present,
Apalis_chapini,Chapin's Apalis,NA,Present,"Odom et al., 2014",NA,,,Present,
Apalis_chariessa,White-winged Apalis,NA,Present,"Odom et al., 2014",NA,,,Present,
Apalis_chirindensis,Chirinda Apalis,NA,Present,"Odom et al., 2014",NA,,,Present,
Apalis_flavigularis,Yellow-throated Apalis,NA,Present,"Odom et al., 2014",NA,,,Present,
Apalis_jacksoni,Black-throated Apalis,NA,Present,"Odom et al., 2014",NA,,,Present,
Apalis_karamojae,Karamoja Apalis,NA,Present,"Odom et al., 2014",NA,,,Present,
Apalis_porphyrolaema,Chestnut-throated Apalis,NA,Present,"Odom et al., 2014",NA,,,Present,
Apalis_ruddi,Rudd's Apalis,NA,Present,"Odom et al., 2014",NA,,,Present,
Apalis_rufogularis,Buff-throated Apalis,NA,Present,"Odom et al., 2014",NA,,,Present,
Apalis_sharpii,Sharpe's Apalis,NA,Present,"Odom et al., 2014",NA,,,Present,
Apalis_thoracica,Bar-throated Apalis,NA,Present,"Odom et al., 2014",NA,,,Present,
Aphelocoma_insularis,Island Scrub-jay,Present,Present,"del Hoyo et al., 2004-2011",NA,,,Present,
Arachnothera_longirostra,Little Spiderhunter,NA,Present,"Odom et al., 2014",NA,,,Present,
Artamus_personatus,Masked Woodswallow,Present,Present,"del Hoyo et al., 2004-2011",NA,,,Present,
Artisornis_metopias,African Tailorbird,NA,Present,"Odom et al., 2014",NA,,,Present,
Astrapia_splendidissima,Splendid Astrapia,Present,Present,"del Hoyo et al., 2004-2011",NA,,,Present,
Atlapetes_flaviceps,Yellow-headed Brush-finch,NA,Present,"Odom et al., 2014",NA,,,Present,
Atrichornis_clamosus,Noisy Scrub-bird,Present,Present,"del Hoyo et al., 2004-2011",NA,,,Present,
Baeolophus_bicolor,Tufted Titmouse,NA,Present,"Odom et al., 2014",NA,,,Present,
Basileuterus_bivittatus,Two-banded Warbler,NA,Present,"Odom et al., 2014",NA,,,Present,
Basileuterus_coronatus,Russet-crowned Warbler,NA,Present,"Odom et al., 2014",NA,,,Present,
Bathmocercus_rufus,Black-faced Rufous Warbler,NA,Present,"Odom et al., 2014",NA,,,Present,
Bathmocercus_winifredae,Mrs Moreau's Warbler,NA,Present,"Odom et al., 2014",NA,,,Present,
Batis_capensis,Cape Batis,Present,Present,"del Hoyo et al., 2004-2011",NA,,,Present,
Batis_molitor,Chinspot Batis,Present,Present,"del Hoyo et al., 2004-2011",NA,,,Present,
Batis_soror,Pale Batis,Present,Present,"del Hoyo et al., 2004-2011",NA,,,Present,
Bias_musicus,Black-and-white Shrike-flycatcher,Present,Present,"del Hoyo et al., 2004-2011",NA,,,Present,
Bowdleria_punctata,New Zealand Fernbird,NA,Present,"Odom et al., 2014",NA,,,Present,
Bradypterus_bangwaensis,Bangwa Forest Warbler,NA,Present,"Odom et al., 2014",NA,,,Present,
Bradypterus_graueri,Grauer's Swamp-warbler,NA,Present,"Odom et al., 2014",NA,,,Present,
Buphagus_erythrorhynchus,Red-billed Oxpecker,NA,Present,"Odom et al., 2014",NA,,,Present,
Calamanthus_campestris,Rufous Fieldwren,Present,Present,"del Hoyo et al., 2004-2011",NA,,,Present,
Callaeas_cinereus,Kokako,Present,Present,"Odom et al., 2014",NA,,,Present,
Calyptophilus_frugivorus,Chat Tanager,NA,Present,"Odom et al., 2014",NA,,,Present,
Calyptophilus_tertius,Western Chat-Tanager,NA,Present,"Odom et al., 2014",NA,,,Present,
Campephaga_phoenicea,Red-shouldered Cuckooshrike,Present,Present,"del Hoyo et al., 2004-2011",NA,,,Present,
Campochaera_sloetii,Golden Cuckooshrike,Present,Present,"del Hoyo et al., 2004-2011",NA,,,Present,
Campylorhynchus_albobrunneus,White-headed Wren,NA,Present,"Odom et al., 2014",NA,,,Present,
Campylorhynchus_chiapensis,Giant Wren,NA,Present,"Odom et al., 2014",NA,,,Present,
Campylorhynchus_fasciatus,Fasciated Wren,NA,Present,"Odom et al., 2014",NA,,,Present,
Campylorhynchus_griseus,Bicoloured Wren,NA,Present,"Odom et al., 2014",NA,,,Present,
Campylorhynchus_jocosus,Boucard's Wren,NA,Present,"Odom et al., 2014",NA,,,Present,
Campylorhynchus_megalopterus,Grey-barred Wren,NA,Present,"Odom et al., 2014",NA,,,Present,
Campylorhynchus_nuchalis,Stripe-backed Wren,NA,Present,"Odom et al., 2014",NA,,,Present,
Campylorhynchus_rufinucha,Rufous-naped Wren,NA,Present,"Odom et al., 2014",NA,"Our results based on 24 pairs suggest that Sclater’s Wrens have sexually dimorphic songs, and that both females and males combine their songs to produce duets. Most duets are initiated by males and answered by females. Females have only one song type in their repertoire, while males have multiple song types with a finite repertoire size of 49.7 ± 8.8 (calculated with simple enumeration; n = 8) or 55.4 ± 16.1 (calculated with the capture–recapture technique; n = 19) song types on average per bird.",Quiroz-Oliva and Sosa-Lopez (2022),Present,
Campylorhynchus_turdinus,Thrush-like Wren,NA,Present,"Odom et al., 2014",NA,,,Present,
Campylorhynchus_yucatanicus,Yucatan Wren,NA,Present,"Odom et al., 2014",NA,,,Present,
Campylorhynchus_zonatus,Band-backed Wren,NA,Present,"Odom et al., 2014",NA,,,Present,
Cardinalis_cardinalis,Northern Cardinal,NA,Present,"Odom et al., 2014",NA,,,Present,
Cardinalis_sinuatus,Pyrrhuloxia,NA,Present,"Odom et al., 2014",NA,,,Present,
Carpodacus_mexicanus,House Finch,NA,Present,"Odom et al., 2014",NA,,,Present,
Carpodacus_purpureus,Purple Finch,NA,Present,"Odom et al., 2014",NA,,,Present,
Caryothraustes_poliogaster,Black-faced Grosbeak,NA,Present,"Odom et al., 2014",NA,,,Present,
Catharus_bicknelli,Bicknell's Thrush,NA,Present,"Odom et al., 2014",NA,,,Present,
Catharus_fuscescens,Veery,NA,Present,"Odom et al., 2014",NA,,,Present,
Catharus_minimus,Grey-cheeked Thrush,NA,Present,"Odom et al., 2014",NA,,,Present,
Certhionyx_pectoralis,Banded Honeyeater,Present,Present,"Odom et al., 2014",NA,,,Present,
Certhionyx_variegatus,Pied Honeyeater,Present,Present,"del Hoyo et al., 2004-2011",NA,,,Present,
Chaetops_aurantius,Drakensberg Rockjumper,Present,Present,"del Hoyo et al., 2004-2011",NA,,,Present,
Chamaea_fasciata,Wrentit,NA,Present,"Odom et al., 2014",NA,,,Present,
Chloropsis_hardwickii,Orange-bellied Leafbird,NA,Present,"Odom et al., 2014",NA,,,Present,
Chthonicola_sagittatus,Speckled Warbler,Present,Present,"Odom et al., 2014",NA,,,Present,
Cicinnurus_magnificus,Magnificent Bird-of-paradise,Present,Present,"Odom et al., 2014",NA,,,Present,
Cinclosoma_ajax,Painted Quail-thrush,Present,Present,"del Hoyo et al., 2004-2011",NA,,,Present,
Cinclus_mexicanus,American Dipper,NA,Present,"Odom et al., 2014",NA,,,Present,
Cinnycerthia_peruana,Peruvian Wren,NA,Present,"Odom et al., 2014",NA,,,Present,
Cinnycerthia_unirufa,Rufous Wren,NA,Present,"Odom et al., 2014",NA,,,Present,
Cinnyricinclus_leucogaster,Violet-backed Starling,NA,Present,"Odom et al., 2014",NA,,,Present,
Cisticola_cantans,Singing Cisticola,NA,Present,"Odom et al., 2014",NA,,,Present,
Cisticola_chubbi,Chubb's Cisticola,NA,Present,"Odom et al., 2014",NA,,,Present,
Cisticola_erythrops,Red-faced Cisticola,NA,Present,"Odom et al., 2014",NA,,,Present,
Cisticola_hunteri,Hunter's Cisticola,NA,Present,"Odom et al., 2014",NA,,,Present,
Cisticola_nigriloris,Black-lored Cisticola,NA,Present,"Odom et al., 2014",NA,,,Present,
Cistothorus_apolinari,Apolinar's Wren,NA,Present,"Odom et al., 2014",NA,,,Present,
Cistothorus_meridae,Merida Wren,NA,Present,"Odom et al., 2014",NA,,,Present,
Climacteris_affinis,White-browed Treecreeper,Present,Present,"del Hoyo et al., 2004-2011",NA,,,Present,
Climacteris_melanurus,Black-tailed Treecreeper,Present,Present,"Odom et al., 2014",NA,,,Present,
Climacteris_picumnus,Brown Treecreeper,Present,Present,"del Hoyo et al., 2004-2011",NA,,,Present,
Climacteris_rufus,Rufous Treecreeper,Present,Present,"Odom et al., 2014",NA,,,Present,
Clytospiza_monteiri,Brown Twinspot,NA,Present,"Odom et al., 2014",NA,,,Present,
Colluricincla_harmonica,Grey Shrike-thrush,Present,Present,"del Hoyo et al., 2004-2011",NA,,,Present,
Conopophila_albogularis,Rufous-banded Honeyeater,Present,Present,"del Hoyo et al., 2004-2011",NA,,,Present,
Conopophila_rufogularis,Rufous-throated Honeyeater,Present,Present,"del Hoyo et al., 2004-2011",NA,,,Present,
Copsychus_albospecularis,Madagascar Magpie-robin,NA,Present,"Odom et al., 2014",NA,,,Present,
Copsychus_malabaricus,White-rumped Shama,NA,Present,"Odom et al., 2014",NA,,,Present,
Copsychus_saularis,Oriental Magpie-robin,NA,Present,"Odom et al., 2014",NA,,,Present,
Copsychus_sechellarum,Seychelles Magpie-robin,NA,Present,"Odom et al., 2014",NA,,,Present,
Coracina_boyeri,Boyer's Cuckooshrike,Present,Present,"del Hoyo et al., 2004-2011",NA,,,Present,
Coracina_lineata,Yellow-eyed Cuckooshrike,Present,Present,"del Hoyo et al., 2004-2011",NA,,,Present,
Coracina_montana,Black-bellied Cuckooshrike,Present,Present,"del Hoyo et al., 2004-2011",NA,,,Present,
Coracina_schistacea,Slaty Cuckooshrike,Present,Present,"del Hoyo et al., 2004-2011",NA,,,Present,
Coracina_schisticeps,Grey-headed Cuckooshrike,Present,Present,"del Hoyo et al., 2004-2011",NA,,,Present,
Coracina_tenuirostris,Slender-billed Cicadabird,Present,Present,"del Hoyo et al., 2004-2011",NA,,,Present,
Coracina_typica,Mauritius Cuckooshrike,Present,Present,"del Hoyo et al., 2004-2011",NA,,,Present,
Cormobates_leucophaea,White-throated Treecreeper,Present,Present,"del Hoyo et al., 2004-2011",NA,,,Present,
Corvus_corone,Carrion Crow,Present,Present,"del Hoyo et al., 2004-2011",NA,,,Present,
Corvus_coronoides,Australian Raven,Present,Present,"del Hoyo et al., 2004-2011",NA,,,Present,
Corvus_typicus,Piping Crow,Present,Present,"del Hoyo et al., 2004-2011",NA,,,Present,
Cossypha_caffra,Cape Robin-chat,NA,Present,"Odom et al., 2014",NA,,,Present,
Cossypha_heuglini,White-browed Robin-chat,NA,Present,"Odom et al., 2014",NA,,,Present,
Cossypha_humeralis,White-throated Robin-chat,NA,Present,"Odom et al., 2014",NA,,,Present,
Cracticus_cassicus,Hooded Butcherbird,Present,Present,"del Hoyo et al., 2004-2011",NA,,,Present,
Cracticus_mentalis,Black-backed Butcherbird,Present,Present,"del Hoyo et al., 2004-2011",NA,,,Present,
Cracticus_nigrogularis,Pied Butcherbird,Present,Present,"del Hoyo et al., 2004-2011",NA,,,Present,
Cracticus_quoyi,Black Butcherbird,Present,Present,"del Hoyo et al., 2004-2011",NA,,,Present,
Cracticus_torquatus,Grey Butcherbird,Present,Present,"del Hoyo et al., 2004-2011",NA,,,Present,
Cyanicterus_cyanicterus,Blue-backed Tanager,NA,Present,"Odom et al., 2014",NA,,,Present,
Cyanocompsa_cyanoides,Blue-black Grosbeak,NA,Present,"Odom et al., 2014",NA,,,Present,
Cyornis_banyumas,Hill Blue-flycatcher,NA,Present,"Odom et al., 2014",NA,,,Present,
Cyornis_rufigastra,Mangrove Blue-flycatcher,NA,Present,"Odom et al., 2014",NA,,,Present,
Cyornis_tickelliae,Tickell's Blue-flycatcher,NA,Present,"Odom et al., 2014",NA,,,Present,
Cyphorhinus_arada,Musician Wren,NA,Present,"Odom et al., 2014",NA,,,Present,
Cyphorhinus_phaeocephalus,Song Wren,NA,Present,"Odom et al., 2014",NA,,,Present,
Cypsnagra_hirundinacea,White-rumped Tanager,NA,Present,"Odom et al., 2014",NA,,,Present,
Dasyornis_brachypterus,Eastern Bristlebird,Present,Present,"del Hoyo et al., 2004-2011",NA,,,Present,
Dasyornis_broadbenti,Rufous Bristlebird,Present,Present,"del Hoyo et al., 2004-2011",NA,,,Present,
Dasyornis_longirostris,Western Bristlebird,Present,Present,"del Hoyo et al., 2004-2011",NA,,,Present,
Dendroica_petechia,Yellow Warbler,NA,Present,"Odom et al., 2014",NA,,,Present,
Dicaeum_hirundinaceum,Mistletoebird,NA,Present,"Odom et al., 2014",NA,,,Present,
Dicrurus_adsimilis,Fork-tailed Drongo,Present,Present,"del Hoyo et al., 2004-2011",NA,,,Present,
Dicrurus_aldabranus,Aldabra Drongo,Present,Present,"del Hoyo et al., 2004-2011",NA,,,Present,
Dicrurus_annectans,Crow-billed Drongo,Present,Present,"del Hoyo et al., 2004-2011",NA,,,Present,
Dicrurus_atripennis,Shining Drongo,Present,Present,"del Hoyo et al., 2004-2011",NA,,,Present,
Dicrurus_balicassius,Balicassiao,Present,Present,"del Hoyo et al., 2004-2011",NA,,,Present,
Dicrurus_bracteatus,Spangled Drongo,Present,Present,"del Hoyo et al., 2004-2011",NA,,,Present,
Dicrurus_fuscipennis,Grand Comoro Drongo,Present,Present,"del Hoyo et al., 2004-2011",NA,,,Present,
Dicrurus_ludwigii,Square-tailed Drongo,Present,Present,"del Hoyo et al., 2004-2011",NA,,,Present,
Dicrurus_macrocercus,Black Drongo,Present,Present,"del Hoyo et al., 2004-2011",NA,,,Present,
Dicrurus_modestus,Velvet-mantled Drongo,Present,Present,"del Hoyo et al., 2004-2011",NA,,,Present,
Dicrurus_montanus,Sulawesi Drongo,Present,Present,"del Hoyo et al., 2004-2011",NA,,,Present,
Dicrurus_paradiseus,Greater Racket-tailed Drongo,Present,Present,"del Hoyo et al., 2004-2011",NA,,,Present,
Dicrurus_waldenii,Mayotte Drongo,Present,Present,"del Hoyo et al., 2004-2011",NA,,,Present,
Diglossa_brunneiventris,Black-throated Flowerpiercer,NA,Present,"Odom et al., 2014",NA,,,Present,
Diglossa_humeralis,Black Flowerpiercer,NA,Present,"Odom et al., 2014",NA,,,Present,
Diglossa_lafresnayii,Glossy Flowerpiercer,NA,Present,"Odom et al., 2014",NA,,,Present,
Dives_atroviolaceus,Cuban Blackbird,NA,Present,"Odom et al., 2014",NA,,,Present,
Donacobius_atricapilla,Black-capped Donacobius,NA,Present,"Odom et al., 2014",NA,,,Present,
Donacospiza_albifrons,Long-tailed Reed-finch,NA,Present,"Odom et al., 2014",NA,,,Present,
Dromaeocercus_brunneus,Brown Emu-tail,NA,Present,"Odom et al., 2014",NA,,,Present,
Drymocichla_incana,Red-winged Grey Warbler,NA,Present,"Odom et al., 2014",NA,,,Present,
Dryoscopus_cubla,Black-backed Puffback,Present,Present,"del Hoyo et al., 2004-2011",NA,,,Present,
Dryoscopus_sabini,Large-billed Puffback,Present,Present,"del Hoyo et al., 2004-2011",NA,,,Present,
Dumetella_carolinensis,Grey Catbird,NA,Present,"Odom et al., 2014",NA,,,Present,
Embernagra_longicauda,Pale-throated Pampa-finch,NA,Present,"Odom et al., 2014",NA,,,Present,
Eminia_lepida,Grey-capped Warbler,NA,Present,"Odom et al., 2014",NA,,,Present,
Erithacus_akahige,Japanese Robin,NA,Present,"Odom et al., 2014",NA,,,Present,
Erithacus_komadori,Ryukyu Robin,NA,Present,"Odom et al., 2014",NA,,,Present,
Erythropygia_hartlaubi,Brown-backed Scrub-robin,NA,Present,"Odom et al., 2014",NA,,,Present,
Erythropygia_quadrivirgata,Bearded Scrub-robin,NA,Present,"Odom et al., 2014",NA,,,Present,
Erythropygia_signata,Brown Scrub-robin,NA,Present,"Odom et al., 2014",NA,,,Present,
Eumyias_albicaudatus,Nilgiri Flycatcher,NA,Present,"Odom et al., 2014",NA,,,Present,
Euphonia_rufiventris,Rufous-bellied Euphonia,NA,Present,"Odom et al., 2014",NA,,,Present,
Euschistospiza_dybowskii,Dybowski's Twinspot,NA,Present,"Odom et al., 2014",NA,,,Present,
Falculea_palliata,Sickle-billed Vanga,Present,Present,"del Hoyo et al., 2004-2011",NA,,,Present,
Ferminia_cerverai,Zapata Wren,NA,Present,"Odom et al., 2014",NA,,,Present,
Ficedula_narcissina,Narcissus Flycatcher,NA,Present,"Odom et al., 2014",NA,,,Present,
Foudia_flavicans,Rodrigues Fody,NA,Present,"Odom et al., 2014",NA,,,Present,
Foudia_rubra,Mauritius Fody,NA,Present,"Odom et al., 2014",NA,,,Present,
Foulehaio_carunculatus,Wattled Honeyeater,Present,Present,"Odom et al., 2014",NA,,,Present,
Garrulax_austeni,Brown-capped Laughingthrush,NA,Present,"Odom et al., 2014",NA,,,Present,
Garrulax_caerulatus,Grey-sided Laughingthrush,NA,Present,"Odom et al., 2014",NA,,,Present,
Garrulax_calvus,Bare-headed Laughingthrush,NA,Present,"Odom et al., 2014",NA,,,Present,
Garrulax_elliotii,Elliot's Laughingthrush,NA,Present,"Odom et al., 2014",NA,,,Present,
Garrulax_erythrocephalus,Chestnut-crowned Laughingthrush,NA,Present,"Odom et al., 2014",NA,,,Present,
Garrulax_henrici,Brown-cheeked Laughingthrush,NA,Present,"Odom et al., 2014",NA,,,Present,
Garrulax_lineatus,Streaked Laughingthrush,NA,Present,"Odom et al., 2014",NA,,,Present,
Garrulax_lunulatus,Barred Laughingthrush,NA,Present,"Odom et al., 2014",NA,,,Present,
Garrulax_ocellatus,Spotted Laughingthrush,NA,Present,"Odom et al., 2014",NA,,,Present,
Garrulax_squamatus,Blue-winged Laughingthrush,NA,Present,"Odom et al., 2014",NA,,,Present,
Garrulax_virgatus,Striped Laughingthrush,NA,Present,"Odom et al., 2014",NA,,,Present,
Garrulax_yersini,Collared Laughingthrush,NA,Present,"Odom et al., 2014",NA,,,Present,
Geothlypis_aequinoctialis,Masked Yellowthroat,NA,Present,"Odom et al., 2014",NA,,,Present,
Gerygone_albofrontata,Chatham Gerygone,Present,Present,"del Hoyo et al., 2004-2011",NA,,,Present,
Gerygone_igata,Grey Gerygone,Present,Present,"del Hoyo et al., 2004-2011",NA,,,Present,
Gerygone_magnirostris,Large-billed Gerygone,Present,Present,"del Hoyo et al., 2004-2011",NA,,,Present,
Gerygone_mouki,Brown Gerygone,Present,Present,"del Hoyo et al., 2004-2011",NA,,,Present,
Gerygone_olivacea,White-throated Gerygone,Present,Present,"del Hoyo et al., 2004-2011",NA,,,Present,
Gerygone_tenebrosa,Dusky Gerygone,Present,Present,"del Hoyo et al., 2004-2011",NA,,,Present,
Grafisia_torquata,White-collared Starling,NA,Present,"Odom et al., 2014",NA,,,Present,
Grallina_cyanoleuca,Magpie-lark,Present,Present,"del Hoyo et al., 2004-2011",NA,,,Present,
Gymnomyza_viridis,Giant Honeyeater,Present,Present,"del Hoyo et al., 2004-2011",NA,,,Present,
Gymnorhina_tibicen,Australian Magpie,Present,Present,"del Hoyo et al., 2004-2011",NA,,,Present,
Heinrichia_calligyna,Great Shortwing,NA,Present,"Odom et al., 2014",NA,,,Present,
Heliolais_erythropterus,Red-winged Warbler,NA,Present,"Odom et al., 2014",NA,,,Present,
Hemispingus_goeringi,Slaty-backed Hemispingus,NA,Present,"Odom et al., 2014",NA,,,Present,
Hemispingus_xanthophthalmus,Drab Hemispingus,NA,Present,"Odom et al., 2014",NA,,,Present,
Henicorhina_leucophrys,Grey-breasted Wood-wren,NA,Present,"Odom et al., 2014",NA,,,Present,
Henicorhina_leucoptera,Bar-winged Wood-wren,NA,Present,"Odom et al., 2014",NA,,,Present,
Henicorhina_leucosticta,White-breasted Wood-wren,NA,Present,"Odom et al., 2014",NA,,,Present,
Heteromyias_albispecularis,Grey-headed Robin,Present,Present,"del Hoyo et al., 2004-2011",NA,,,Present,
Hylacola_pyrrhopygia,Chestnut-rumped Heathwren,Present,Present,"Odom et al., 2014",NA,,,Present,
Hylophilus_amaurocephalus,Grey-eyed Greenlet,Present,Present,"del Hoyo et al., 2004-2011",NA,,,Present,
Hylophilus_decurtatus,Lesser Greenlet,Present,Present,"del Hoyo et al., 2004-2011",NA,,,Present,
Hylorchilus_navai,Nava's Wren,NA,Present,"Odom et al., 2014",NA,,,Present,
Hypargos_niveoguttatus,Peters's Twinspot,NA,Present,"Odom et al., 2014",NA,,,Present,
Hypergerus_atriceps,Oriole Warbler,NA,Present,"Odom et al., 2014",NA,,,Present,
Hypsipetes_borbonicus,Olivaceous Bulbul,NA,Present,"Odom et al., 2014",NA,,,Present,
Hypsipetes_olivaceus,Mauritius Black Bulbul,NA,Present,"Odom et al., 2014",NA,,,Present,
Hypsipetes_thompsoni,White-headed Bulbul,NA,Present,"Odom et al., 2014",NA,,,Present,
Icterus_jamacaii,Campo Troupial,NA,Present,"Odom et al., 2014",NA,,,Present,
Icterus_oberi,Montserrat Oriole,NA,Present,"Odom et al., 2014",NA,,,Present,
Illadopsis_puveli,Puvel's Illadopsis,NA,Present,"Odom et al., 2014",NA,,,Present,
Lalage_atrovirens,Black-browed Triller,Present,Present,"del Hoyo et al., 2004-2011",NA,,,Present,
Lalage_leucomela,Varied Triller,Present,Present,"del Hoyo et al., 2004-2011",NA,,,Present,
Lalage_sueurii,White-shouldered Triller,Present,Present,"del Hoyo et al., 2004-2011",NA,,,Present,
Lamprotornis_purpuroptera,Rueppell's Glossy-starling,NA,Present,"Odom et al., 2014",NA,,,Present,
Lamprotornis_superbus,Superb Starling,NA,Present,"Odom et al., 2014",NA,,,Present,
Laniarius_aethiopicus,Ethiopian Boubou,Present,Present,"del Hoyo et al., 2004-2011",NA,,,Present,
Laniarius_atrococcineus,Crimson-breasted Gonolek,Present,Present,"del Hoyo et al., 2004-2011",NA,,,Present,
Laniarius_atroflavus,Yellow-breasted Boubou,Present,Present,"del Hoyo et al., 2004-2011",NA,,,Present,
Laniarius_barbarus,Common Gonolek,Present,Present,"del Hoyo et al., 2004-2011",NA,,,Present,
Laniarius_bicolor,Gabon Boubou,Present,Present,"del Hoyo et al., 2004-2011",NA,,,Present,
Laniarius_erythrogaster,Black-headed Gonolek,Present,Present,"del Hoyo et al., 2004-2011",NA,,,Present,
Laniarius_ferrugineus,Southern Boubou,Present,Present,"del Hoyo et al., 2004-2011",NA,,,Present,
Laniarius_fuelleborni,Fuelleborn's Boubou,Present,Present,"del Hoyo et al., 2004-2011",NA,,,Present,
Laniarius_funebris,Slate-coloured Boubou,Present,Present,"del Hoyo et al., 2004-2011",NA,,,Present,
Laniarius_leucorhynchus,Sooty Boubou,Present,Present,"del Hoyo et al., 2004-2011",NA,,,Present,
Laniarius_luehderi,Luehder's Bush-shrike,Present,Present,"del Hoyo et al., 2004-2011",NA,,,Present,
Laniarius_mufumbiri,Papyrus Gonolek,Present,Present,"del Hoyo et al., 2004-2011",NA,,,Present,
Laniarius_poensis,Mountain Boubou,Present,Present,"del Hoyo et al., 2004-2011",NA,,,Present,
Laniarius_ruficeps,Red-naped Bush-shrike,Present,Present,"del Hoyo et al., 2004-2011",NA,,,Present,
Laniarius_turatii,Turati's Boubou,Present,Present,"del Hoyo et al., 2004-2011",NA,,,Present,
Lanioturdus_torquatus,Chatshrike,Present,Present,"del Hoyo et al., 2004-2011",NA,,,Present,
Lanius_cabanisi,Long-tailed Fiscal,Present,Present,"del Hoyo et al., 2004-2011",NA,,,Present,
Lanius_collaris,Common Fiscal,Present,Present,"del Hoyo et al., 2004-2011",NA,,,Present,
Lanius_ludovicianus,Loggerhead Shrike,Present,Present,"del Hoyo et al., 2004-2011",NA,,,Present,
Leucopsar_rothschildi,Bali Starling,NA,Present,"Odom et al., 2014",NA,,,Present,
Leucosticte_tephrocotis,Gray-crowned Rosy-finch,NA,Present,"Odom et al., 2014",NA,,,Present,
Lichenostomus_flavescens,Yellow-tinted Honeyeater,Present,Present,"del Hoyo et al., 2004-2011",NA,,,Present,
Lichenostomus_flavicollis,Yellow-throated Honeyeater,Present,Present,"del Hoyo et al., 2004-2011",NA,,,Present,
Lichenostomus_flavus,Yellow Honeyeater,Present,Present,"del Hoyo et al., 2004-2011",NA,,,Present,
Lichenostomus_unicolor,White-gaped Honeyeater,Present,Present,"del Hoyo et al., 2004-2011",NA,,,Present,
Lichenostomus_versicolor,Varied Honeyeater,Present,Present,"del Hoyo et al., 2004-2011",NA,,,Present,
Lichmera_indistincta,Brown Honeyeater,Present,Present,"del Hoyo et al., 2004-2011",NA,,,Present,
Lioptilus_nigricapillus,Bush Blackcap,NA,Present,"Odom et al., 2014",NA,,,Present,
Lonchura_atricapilla,Chestnut Munia,NA,Present,"Odom et al., 2014",NA,,,Present,
Luscinia_cyane,Siberian Blue Robin,NA,Present,"Odom et al., 2014",NA,,,Present,
Macronous_bornensis,Bold-striped Tit-babbler,NA,Present,"Odom et al., 2014",NA,,,Present,
Macronous_flavicollis,Grey-cheeked Tit-babbler,NA,Present,"Odom et al., 2014",NA,,,Present,
Macronous_ptilosus,Fluffy-backed Tit-babbler,NA,Present,"Odom et al., 2014",NA,,,Present,
Macrosphenus_concolor,Grey Longbill,NA,Present,"Odom et al., 2014",NA,,,Present,
Malacocincla_abbotti,Abbott's Babbler,NA,Present,"Odom et al., 2014",NA,,,Present,
Malacocincla_malaccensis,Short-tailed Babbler,NA,Present,"Odom et al., 2014",NA,,,Present,
Malaconotus_blanchoti,Grey-headed Bush-shrike,Present,Present,"del Hoyo et al., 2004-2011",NA,,,Present,
Malaconotus_lagdeni,Lagden's Bush-shrike,Present,Present,"del Hoyo et al., 2004-2011",NA,,,Present,
Malacopteron_magnirostre,Moustached Babbler,NA,Present,"Odom et al., 2014",NA,,,Present,
Malia_grata,Malia,NA,Present,"Odom et al., 2014",NA,,,Present,
Malimbus_ballmanni,Gola Malimbe,NA,Present,"Odom et al., 2014",NA,,,Present,
Malimbus_cassini,Black-throated Malimbe,NA,Present,"Odom et al., 2014",NA,,,Present,
Malimbus_ibadanensis,Ibadan Malimbe,NA,Present,"Odom et al., 2014",NA,,,Present,
Malimbus_rubricollis,Red-headed Malimbe,NA,Present,"Odom et al., 2014",NA,,,Present,
Malurus_amabilis,Lovely Fairywren,Present,Present,"del Hoyo et al., 2004-2011",NA,,,Present,
Malurus_coronatus,Purple-crowned Fairywren,Present,Present,"del Hoyo et al., 2004-2011",NA,,,Present,
Malurus_cyaneus,Superb Fairywren,Present,Present,"del Hoyo et al., 2004-2011",NA,,,Present,
Malurus_elegans,Red-winged Fairywren,Present,Present,"del Hoyo et al., 2004-2011",NA,,,Present,
Malurus_lamberti,Variegated Fairywren,Present,Present,"del Hoyo et al., 2004-2011",NA,,,Present,
Malurus_leucopterus,White-winged Fairywren,Present,Present,"del Hoyo et al., 2004-2011",NA,,,Present,
Malurus_melanocephalus,Red-backed Fairywren,Present,Present,"del Hoyo et al., 2004-2011",NA,,,Present,
Malurus_splendens,Splendid Fairywren,Present,Present,"del Hoyo et al., 2004-2011",NA,,,Present,
Manorina_melanocephala,Noisy Miner,Present,Present,"del Hoyo et al., 2004-2011",NA,,,Present,
Manucodia_comrii,Curl-crested Manucode,Present,Present,"del Hoyo et al., 2004-2011",NA,,,Present,
Melaenornis_edolioides,Northern Black Flycatcher,NA,Present,"Odom et al., 2014",NA,,,Present,
Melampitta_lugubris,Lesser Melampitta,Present,Present,"del Hoyo et al., 2004-2011",NA,,,Present,
Melidectes_belfordi,Belford's Melidectes,Present,Present,"del Hoyo et al., 2004-2011",NA,,,Present,
Melidectes_ochromelas,Cinnamon-browed Melidectes,Present,Present,"del Hoyo et al., 2004-2011",NA,,,Present,
Melidectes_rufocrissalis,Yellow-browed Melidectes,Present,Present,"del Hoyo et al., 2004-2011",NA,,,Present,
Melithreptus_gularis,Black-chinned Honeyeater,Present,Present,"del Hoyo et al., 2004-2011",NA,,,Present,
Menura_alberti,Albert's Lyrebird,Present,Present,"del Hoyo et al., 2004-2011",NA,,,Present,
Menura_novaehollandiae,Superb Lyrebird,Present,Present,"del Hoyo et al., 2004-2011",NA,,,Present,
Mohoua_novaeseelandiae,Pipipi,Present,Present,"Odom et al., 2014",NA,,,Present,
Monarcha_trivirgatus,Spectacled Monarch,Present,Present,"del Hoyo et al., 2004-2011",NA,,,Present,
Monticola_explorator,Sentinel Rock-thrush,NA,Present,"Odom et al., 2014",NA,,,Present,
Monticola_rupestris,Cape Rock-thrush,NA,Present,"Odom et al., 2014",NA,,,Present,
Motacilla_grandis,Japanese Wagtail,NA,Present,"Odom et al., 2014",NA,,,Present,
Muscicapa_aquatica,Swamp Flycatcher,NA,Present,"Odom et al., 2014",NA,,,Present,
Myadestes_melanops,Black-faced Solitaire,NA,Present,"Odom et al., 2014",NA,,,Present,
Myadestes_obscurus,Omao,NA,Present,"Odom et al., 2014",NA,,,Present,
Myadestes_ralloides,Andean Solitaire,NA,Present,"Odom et al., 2014",NA,,,Present,
Myiagra_alecto,Shining Flycatcher,Present,Present,"del Hoyo et al., 2004-2011",NA,,,Present,
Myiagra_cyanoleuca,Satin Flycatcher,Present,Present,"del Hoyo et al., 2004-2011",NA,,,Present,
Myiagra_inquieta,Restless Flycatcher,Present,Present,"del Hoyo et al., 2004-2011",NA,,,Present,
Myioborus_pictus,Painted Redstart,NA,Present,"Odom et al., 2014",NA,,,Present,
Myrmecocichla_arnoti,White-headed Black-chat,NA,Present,"Odom et al., 2014",NA,,,Present,
Myrmecocichla_cinnamomeiventris,Mocking Cliff-chat,NA,Present,"Odom et al., 2014",NA,,,Present,
Myrmecocichla_formicivora,Southern Anteater-chat,NA,Present,"Odom et al., 2014",NA,,,Present,
Myrmecocichla_nigra,Sooty Chat,NA,Present,"Odom et al., 2014",NA,,,Present,
Nectarinia_afra,Greater Double-collared Sunbird,NA,Present,"Odom et al., 2014",NA,,,Present,
Nectarinia_amethystina,Amethyst Sunbird,NA,Present,"Odom et al., 2014",NA,,,Present,
Nectarinia_asiatica,Purple Sunbird,NA,Present,"Odom et al., 2014",NA,,,Present,
Nectarinia_chalybea,Southern Double-collared Sunbird,NA,Present,"Odom et al., 2014",NA,,,Present,
Nectarinia_dussumieri,Seychelles Sunbird,NA,Present,"Odom et al., 2014",NA,,,Present,
Nectarinia_kilimensis,Bronze Sunbird,NA,Present,"Odom et al., 2014",NA,,,Present,
Nectarinia_lotenia,Long-billed Sunbird,NA,Present,"Odom et al., 2014",NA,,,Present,
Nectarinia_rufipennis,Rufous-winged Sunbird,NA,Present,"Odom et al., 2014",NA,,,Present,
Nectarinia_talatala,White-breasted Sunbird,NA,Present,"Odom et al., 2014",NA,,,Present,
Nilaus_afer,Brubru,Present,Present,"del Hoyo et al., 2004-2011",NA,,,Present,
Oenanthe_bifasciata,Buff-streaked Chat,NA,Present,"Odom et al., 2014",NA,,,Present,
Oenanthe_chrysopygia,Red-tailed Wheatear,NA,Present,"Odom et al., 2014",NA,,,Present,
Oenanthe_monticola,Mountain Wheatear,NA,Present,"Odom et al., 2014",NA,,,Present,
Onychognathus_morio,Red-winged Starling,NA,Present,"Odom et al., 2014",NA,,,Present,
Oreoica_gutturalis,Crested Bellbird,Present,Present,"del Hoyo et al., 2004-2011",NA,,,Present,
Oreolais_pulchra,Black-collared Apalis,NA,Present,"Odom et al., 2014",NA,,,Present,
Oriolus_larvatus,African Black-headed Oriole,Present,Present,"del Hoyo et al., 2004-2011",NA,,,Present,
Oriolus_melanotis,Olive-brown Oriole,Present,Present,"del Hoyo et al., 2004-2011",NA,,,Present,
Oriolus_nigripennis,Black-winged Oriole,Present,Present,"del Hoyo et al., 2004-2011",NA,,,Present,
Oriolus_percivali,Black-tailed Oriole,Present,Present,"del Hoyo et al., 2004-2011",NA,,,Present,
Oriolus_sagittatus,Olive-backed Oriole,Present,Present,"del Hoyo et al., 2004-2011",NA,,,Present,
Oriolus_szalayi,Brown Oriole,Present,Present,"del Hoyo et al., 2004-2011",NA,,,Present,
Orthonyx_spaldingii,Chowchilla,Present,Present,"del Hoyo et al., 2004-2011",NA,,,Present,
Orthonyx_temminckii,Australian Logrunner,Present,Present,"del Hoyo et al., 2004-2011",NA,,,Present,
Orthotomus_sericeus,Rufous-tailed Tailorbird,NA,Present,"Odom et al., 2014",NA,,,Present,
Ortygospiza_atricollis,Quailfinch,NA,Present,"Odom et al., 2014",NA,,,Present,
Oryzoborus_maximiliani,Great-billed Seed-finch,NA,Present,"Odom et al., 2014",NA,,,Present,
Oxylabes_madagascariensis,White-throated Oxylabes,NA,Present,"Odom et al., 2014",NA,,,Present,
Pachycephala_implicata,Hooded Whistler,Present,Present,"del Hoyo et al., 2004-2011",NA,,,Present,
Pachycephala_inornata,Gilbert's Whistler,Present,Present,"del Hoyo et al., 2004-2011",NA,,,Present,
Pachycephala_lanioides,White-breasted Whistler,Present,Present,"del Hoyo et al., 2004-2011",NA,,,Present,
Pachycephala_pectoralis,Golden Whistler,Present,Present,"del Hoyo et al., 2004-2011",NA,,,Present,
Pachycephala_rufiventris,Rufous Whistler,Present,Present,"del Hoyo et al., 2004-2011",NA,,,Present,
Paradoxornis_flavirostris,Black-breasted Parrotbill,NA,Present,"Odom et al., 2014",NA,,,Present,
Paradoxornis_gularis,Grey-headed Parrotbill,NA,Present,"Odom et al., 2014",NA,,,Present,
Paradoxornis_margaritae,Black-headed Parrotbill,NA,Present,"Odom et al., 2014",NA,,,Present,
Pardalotus_punctatus,Spotted Pardalote,Present,Present,"del Hoyo et al., 2004-2011",NA,,,Present,
Pardalotus_rubricatus,Red-browed Pardalote,Present,Present,"del Hoyo et al., 2004-2011",NA,,,Present,
Pardalotus_striatus,Striated Pardalote,Present,Present,"del Hoyo et al., 2004-2011",NA,,,Present,
Parophasma_galinieri,Abyssinian Catbird,NA,Present,"Odom et al., 2014",NA,,,Present,
Parus_holsti,Yellow Tit,NA,Present,"Odom et al., 2014",NA,,,Present,
Passerella_iliaca,Fox Sparrow,NA,Present,"Odom et al., 2014",NA,,,Present,
Pellorneum_albiventre,Spot-throated Babbler,NA,Present,"Odom et al., 2014",NA,,,Present,
Pellorneum_capistratum,Black-capped Babbler,NA,Present,"Odom et al., 2014",NA,,,Present,
Periporphyrus_erythromelas,Red-and-black Grosbeak,NA,Present,"Odom et al., 2014",NA,,,Present,
Perisoreus_canadensis,Grey Jay,Present,Present,"del Hoyo et al., 2004-2011",NA,,,Present,
Petroica_australis,New Zealand Robin,Present,Present,"del Hoyo et al., 2004-2011",NA,,,Present,
Petroica_goodenovii,Red-capped Robin,Present,Present,"del Hoyo et al., 2004-2011",NA,,,Present,
Petroica_macrocephala,Tomtit,Present,Present,"del Hoyo et al., 2004-2011",NA,,,Present,
Petroica_multicolor,Scarlet Robin,Present,Present,"del Hoyo et al., 2004-2011",NA,,,Present,
Petroica_phoenicea,Flame Robin,Present,Present,"del Hoyo et al., 2004-2011",NA,,,Present,
Phaeothlypis_fulvicauda,Buff-rumped Warbler,NA,Present,"Odom et al., 2014",NA,,,Present,
Pheucticus_ludovicianus,Rose-breasted Grosbeak,NA,Present,"Odom et al., 2014",NA,,,Present,
Pheucticus_melanocephalus,Black-headed Grosbeak,NA,Present,"Odom et al., 2014",NA,,,Present,
Philemon_buceroides,Helmeted Friarbird,Present,Present,"del Hoyo et al., 2004-2011",NA,,,Present,
Philemon_cockerelli,New Britain Friarbird,Present,Present,"del Hoyo et al., 2004-2011",NA,,,Present,
Philemon_corniculatus,Noisy Friarbird,Present,Present,"del Hoyo et al., 2004-2011",NA,,,Present,
Philemon_moluccensis,Black-faced Friarbird,Present,Present,"del Hoyo et al., 2004-2011",NA,,,Present,
Philesturnus_carunculatus,Saddleback,Present,Present,"del Hoyo et al., 2004-2011",NA,,,Present,
Phragmacia_substriata,Namaqua Warbler,NA,Present,"Odom et al., 2014",NA,,,Present,
Phyllanthus_atripennis,Capuchin Babbler,NA,Present,"Odom et al., 2014",NA,,,Present,
Phyllastrephus_strepitans,Northern Brownbul,NA,Present,"Odom et al., 2014",NA,,,Present,
Pipilo_aberti,Abert's Towhee,NA,Present,"Odom et al., 2014",NA,,,Present,
Pipilo_crissalis,California Towhee,NA,Present,"Odom et al., 2014",NA,,,Present,
Piranga_olivacea,Scarlet Tanager,NA,Present,"Odom et al., 2014",NA,,,Present,
Pitohui_cristatus,Crested Pitohui,Present,Present,"del Hoyo et al., 2004-2011",NA,,,Present,
Pitohui_incertus,White-bellied Pitohui,Present,Present,"del Hoyo et al., 2004-2011",NA,,,Present,
Pitohui_kirhocephalus,Variable Pitohui,Present,Present,"del Hoyo et al., 2004-2011",NA,,,Present,
Pityriasis_gymnocephala,Bornean Bristlehead,NA,Present,"del Hoyo et al., 2004-2011",NA,,,Present,
Platysteira_cyanea,Brown-throated Wattle-eye,Present,Present,"del Hoyo et al., 2004-2011",NA,,,Present,
Platysteira_peltata,Black-throated Wattle-eye,Present,Present,"del Hoyo et al., 2004-2011",NA,,,Present,
Platysteira_tonsa,White-spotted Wattle-eye,Present,Present,"del Hoyo et al., 2004-2011",NA,,,Present,
Plectorhyncha_lanceolata,Striped Honeyeater,Present,Present,"del Hoyo et al., 2004-2011",NA,,,Present,
Plocepasser_mahali,White-browed Sparrow-weaver,NA,Present,"Odom et al., 2014",NA,,,Present,
Ploceus_castanops,Northern Brown-throated Weaver,NA,Present,"Odom et al., 2014",NA,,,Present,
Ploceus_heuglini,Heuglin's Masked-weaver,NA,Present,"Odom et al., 2014",NA,,,Present,
Ploceus_jacksoni,Golden-backed Weaver,NA,Present,"Odom et al., 2014",NA,,,Present,
Ploceus_manyar,Streaked Weaver,NA,Present,"Odom et al., 2014",NA,,,Present,
Ploceus_nigerrimus,Vieillot's Black Weaver,NA,Present,"Odom et al., 2014",NA,,,Present,
Pogonocichla_stellata,White-starred Robin,NA,Present,"Odom et al., 2014",NA,,,Present,
Pomatorhinus_erythrocnemis,Black-necklaced Scimitar-babbler,NA,Present,"Odom et al., 2014",NA,,,Present,
Pomatorhinus_erythrogenys,Rusty-cheeked Scimitar-babbler,NA,Present,"Odom et al., 2014",NA,,,Present,
Pomatorhinus_horsfieldii,Indian Scimitar-babbler,NA,Present,"Odom et al., 2014",NA,,,Present,
Pomatorhinus_mcclellandi,Spot-breasted Scimitar-babbler,NA,Present,"Odom et al., 2014",NA,,,Present,
Pomatorhinus_melanurus,Sri Lanka Scimitar-babbler,NA,Present,"Odom et al., 2014",NA,,,Present,
Pomatorhinus_schisticeps,White-browed Scimitar-babbler,NA,Present,"Odom et al., 2014",NA,,,Present,
Pomatorhinus_swinhoei,Grey-sided Scimitar-babbler,NA,Present,"Odom et al., 2014",NA,,,Present,
Pomatostomus_temporalis,Grey-crowned Babbler,Present,Present,"del Hoyo et al., 2004-2011",NA,,,Present,
Prinia_bairdii,Banded Prinia,NA,Present,"Odom et al., 2014",NA,,,Present,
Prinia_burnesii,Rufous-vented Prinia,NA,Present,"Odom et al., 2014",NA,,,Present,
Prinia_hypoxantha,Saffron-breasted Prinia,NA,Present,"Odom et al., 2014",NA,,,Present,
Prinia_maculosa,Karoo Prinia,NA,Present,"Odom et al., 2014",NA,,,Present,
Prionops_alberti,Yellow-crested Helmet-shrike,Present,Present,"del Hoyo et al., 2004-2011",NA,,,Present,
Prionops_caniceps,Chestnut-bellied Helmet-shrike,Present,Present,"del Hoyo et al., 2004-2011",NA,,,Present,
Prionops_plumatus,White Helmet-shrike,Present,Present,"del Hoyo et al., 2004-2011",NA,,,Present,
Prionops_retzii,Retz's Helmet-shrike,Present,Present,"del Hoyo et al., 2004-2011",NA,,,Present,
Prionops_rufiventris,Rufous-bellied Helmetshrike,Present,Present,"del Hoyo et al., 2004-2011",NA,,,Present,
Prionops_scopifrons,Chestnut-fronted Helmet-shrike,Present,Present,"del Hoyo et al., 2004-2011",NA,,,Present,
Progne_subis,Purple Martin,NA,Present,"Odom et al., 2014",NA,,,Present,
Prosthemadera_novaeseelandiae,Tui,Present,Present,"del Hoyo et al., 2004-2011",NA,,,Present,
Psophodes_cristatus,Chirruping Wedgebill,Present,Present,"del Hoyo et al., 2004-2011",NA,,,Present,
Psophodes_nigrogularis,Western Whipbird,Present,Present,"del Hoyo et al., 2004-2011",NA,,,Present,
Psophodes_occidentalis,Chiming Wedgebill,Present,Present,"del Hoyo et al., 2004-2011",NA,,,Present,
Psophodes_olivaceus,Eastern Whipbird,Present,Present,"del Hoyo et al., 2004-2011",NA,,,Present,
Ptilocichla_leucogrammica,Bornean Wren-babbler,NA,Present,"Odom et al., 2014",NA,,,Present,
Pycnonotus_goiavier,Yellow-vented Bulbul,NA,Present,"Odom et al., 2014",NA,,,Present,
Pycnonotus_nigricans,Black-fronted Bulbul,NA,Present,"Odom et al., 2014",NA,,,Present,
Pycnoptilus_floccosus,Pilotbird,Present,Present,"del Hoyo et al., 2004-2011",NA,,,Present,
Pyrenestes_ostrinus,Black-bellied Seedcracker,NA,Present,"Odom et al., 2014",NA,,,Present,
Pyrrhocorax_graculus,Yellow-billed Chough,Present,Present,"del Hoyo et al., 2004-2011",NA,,,Present,
Pyrrhocorax_pyrrhocorax,Red-billed Chough,Present,Present,"del Hoyo et al., 2004-2011",NA,,,Present,
Pyrrholaemus_brunneus,Redthroat,Present,Present,"del Hoyo et al., 2004-2011",NA,,,Present,
Pytilia_melba,Green-winged Pytilia,NA,Present,"Odom et al., 2014",NA,,,Present,
Rhipidura_fuliginosa,Grey Fantail,Present,Present,"del Hoyo et al., 2004-2011",NA,,,Present,
Rhipidura_leucophrys,Willie-wagtail,Present,Present,"del Hoyo et al., 2004-2011",NA,,,Present,
Rhodinocichla_rosea,Rosy Thrush-tanager,NA,Present,"Odom et al., 2014",NA,,,Present,
Rhodophoneus_cruentus,Rosy-patched Bush-shrike,Present,Present,"del Hoyo et al., 2004-2011",NA,,,Present,
Saltator_atriceps,Black-headed Saltator,NA,Present,"Odom et al., 2014",NA,,,Present,
Saltator_maximus,Buff-throated Saltator,NA,Present,"Odom et al., 2014",NA,,,Present,
Seiurus_aurocapilla,Ovenbird,NA,Present,"Odom et al., 2014",NA,,,Present,
Sericornis_citreogularis,Yellow-throated Scrubwren,Present,Present,"del Hoyo et al., 2004-2011",NA,,,Present,
Sericornis_frontalis,White-browed Scrubwren,Present,Present,"del Hoyo et al., 2004-2011",NA,,,Present,
Serinus_sulphuratus,Brimstone Canary,NA,Present,"Odom et al., 2014",NA,,,Present,
Sitta_pygmaea,Pygmy Nuthatch,NA,Present,"Odom et al., 2014",NA,,,Present,
Smicrornis_brevirostris,Weebill,Present,Present,"del Hoyo et al., 2004-2011",NA,,,Present,
Spelaeornis_reptatus,Grey-bellied Wren-babbler,NA,Present,"Odom et al., 2014",NA,,,Present,
Spermophaga_haematina,Western Bluebill,NA,Present,"Odom et al., 2014",NA,,,Present,
Sphenocichla_humei,Blackish-breasted Babbler,NA,Present,"Odom et al., 2014",NA,,,Present,
Spiloptila_clamans,Cricket Longtail,NA,Present,"Odom et al., 2014",NA,,,Present,
Spindalis_dominicensis,Hispaniolan Spindalis,NA,Present,"Odom et al., 2014",NA,,,Present,
Sporophila_caerulescens,Double-collared Seedeater,NA,Present,"Odom et al., 2014",NA,,,Present,
Sporophila_frontalis,Buffy-fronted Seedeater,NA,Present,"Odom et al., 2014",NA,,,Present,
Sporophila_luctuosa,Black-and-white Seedeater,NA,Present,"Odom et al., 2014",NA,,,Present,
Sporophila_plumbea,Plumbeous Seedeater,NA,Present,"Odom et al., 2014",NA,,,Present,
Stachyris_nigricollis,Black-throated Babbler,NA,Present,"Odom et al., 2014",NA,,,Present,
Stephanophorus_diadematus,Diademed Tanager,NA,Present,"Odom et al., 2014",NA,,,Present,
Stiphrornis_erythrothorax,Forest Robin,NA,Present,"Odom et al., 2014",NA,,,Present,
Strepera_fuliginosa,Black Currawong,Present,Present,"del Hoyo et al., 2004-2011",NA,,,Present,
Strepera_graculina,Pied Currawong,Present,Present,"del Hoyo et al., 2004-2011",NA,,,Present,
Strophocincla_cachinnans,Black-chinned Laughingthrush,NA,Present,"Odom et al., 2014",NA,,,Present,
Sturnella_loyca,Long-tailed Meadowlark,NA,Present,"Odom et al., 2014",NA,,,Present,
Sturnus_contra,Asian Pied Starling,NA,Present,"Odom et al., 2014",NA,,,Present,
Sturnus_pagodarum,Brahminy Starling,NA,Present,"Odom et al., 2014",NA,,,Present,
Swynnertonia_swynnertoni,Swynnerton's Robin,NA,Present,"Odom et al., 2014",NA,,,Present,
Tarsiger_cyanurus,Orange-flanked Bush-robin,NA,Present,"Odom et al., 2014",NA,,,Present,
Tchagra_australis,Brown-crowned Tchagra,Present,Present,"del Hoyo et al., 2004-2011",NA,,,Present,
Tchagra_minutus,Marsh Tchagra,Present,Present,"Odom et al., 2014",NA,,,Present,
Tchagra_senegalus,Black-crowned Tchagra,Present,Present,"Odom et al., 2014",NA,,,Present,
Tchagra_tchagra,Southern Tchagra,Present,Present,"del Hoyo et al., 2004-2011",NA,,,Present,
Telophorus_bocagei,Grey-green Bush-shrike,Present,Present,"Odom et al., 2014",NA,,,Present,
Telophorus_multicolor,Many-coloured Bush-shrike,Present,Present,"del Hoyo et al., 2004-2011",NA,,,Present,
Telophorus_nigrifrons,Black-fronted Bush-shrike,Present,Present,"Odom et al., 2014",NA,,,Present,
Telophorus_viridis,Perrin's Bush-shrike,Present,Present,"del Hoyo et al., 2004-2011",NA,,,Present,
Telophorus_zeylonus,Bokmakierie Bush-shrike,Present,Present,"del Hoyo et al., 2004-2011",NA,,,Present,
Temnurus_temnurus,Ratchet-tailed Treepie,Present,Present,"del Hoyo et al., 2004-2011",NA,,,Present,
Terpsiphone_bourbonnensis,Mascarene Paradise-flycatcher,Present,Present,"del Hoyo et al., 2004-2011",NA,,,Present,
Terpsiphone_corvina,Seychelles Paradise-flycatcher,Present,Present,"del Hoyo et al., 2004-2011",NA,,,Present,
Terpsiphone_rufiventer,Black-headed Paradise-flycatcher,Present,Present,"del Hoyo et al., 2004-2011",NA,,,Present,
Thraupis_episcopus,Blue-grey Tanager,NA,Present,"Odom et al., 2014",NA,,,Present,
Thryothorus_eisenmanni,Inca Wren,NA,Present,"Odom et al., 2014",NA,,,Present,
Thryothorus_guarayanus,Fawn-breasted Wren,NA,Present,"Odom et al., 2014",NA,,,Present,
Thryothorus_leucotis,Buff-breasted Wren,NA,Present,"Odom et al., 2014",NA,,,Present,
Thryothorus_longirostris,Long-billed Wren,NA,Present,"Odom et al., 2014",NA,,,Present,
Thryothorus_modestus,Plain Wren,NA,Present,"Odom et al., 2014",NA,,,Present,
Thryothorus_nigricapillus,Bay Wren,NA,Present,"Odom et al., 2014",NA,,,Present,
Thryothorus_semibadius,Riverside Wren,NA,Present,"Odom et al., 2014",NA,,,Present,
Thryothorus_spadix,Sooty-headed Wren,NA,Present,"Odom et al., 2014",NA,,,Present,
Thryothorus_superciliaris,Superciliated Wren,NA,Present,"Odom et al., 2014",NA,,,Present,
Thryothorus_thoracicus,Stripe-breasted Wren,NA,Present,"Odom et al., 2014",NA,,,Present,
Tiaris_canorus,Cuban Grassquit,NA,Present,"Odom et al., 2014",NA,,,Present,
Torreornis_inexpectata,Cuban Sparrow,NA,Present,"Odom et al., 2014",NA,,,Present,
Toxostoma_lecontei,Le Conte's Thrasher,NA,Present,"Odom et al., 2014",NA,,,Present,
Trichastoma_celebense,Sulawesi Babbler,NA,Present,"Odom et al., 2014",NA,,,Present,
Turdinus_atrigularis,Black-throated Wren-babbler,NA,Present,"Odom et al., 2014",NA,,,Present,
Turdoides_gymnogenys,Bare-cheeked Babbler,NA,Present,"Odom et al., 2014",NA,,,Present,
Turdoides_melanops,Black-lored Babbler,NA,Present,"Odom et al., 2014",NA,,,Present,
Turdoides_sharpei,Sharpe's Pied-babbler,NA,Present,"Odom et al., 2014",NA,,,Present,
Turdus_migratorius,American Robin,NA,Present,"Odom et al., 2014",NA,,,Present,
Uraeginthus_angolensis,Blue-breasted Cordonbleu,NA,Present,"Odom et al., 2014",NA,,,Present,
Uraeginthus_granatinus,Common Grenadier,NA,Present,"Odom et al., 2014",NA,,,Present,
Uraeginthus_ianthinogaster,Purple Grenadier,NA,Present,"Odom et al., 2014",NA,,,Present,
Vidua_chalybeata,Village Indigobird,NA,Present,"Odom et al., 2014",NA,,,Present,
Vireo_bellii,Bell's Vireo,Present,Present,"del Hoyo et al., 2004-2011",NA,,,Present,
Vireo_gilvus,Warbling Vireo,Present,Present,"del Hoyo et al., 2004-2011",NA,,,Present,
Vireo_griseus,White-eyed Vireo,Present,Present,"del Hoyo et al., 2004-2011",NA,,,Present,
Vireo_vicinior,Grey Vireo,Present,Present,"del Hoyo et al., 2004-2011",NA,,,Present,
Wilsonia_pusilla,Wilson's Warbler,NA,Present,"Odom et al., 2014",NA,,,Present,
Xanthotis_flaviventer,Tawny-breasted Honeyeater,Present,Present,"del Hoyo et al., 2004-2011",NA,,,Present,
Xenodacnis_parina,Tit-like Dacnis,NA,Present,"Odom et al., 2014",NA,,,Present,
Xenopirostris_damii,Van Dam's Vanga,Present,Present,"del Hoyo et al., 2004-2011",NA,,,Present,
Xenopirostris_polleni,Pollen's Vanga,Present,Present,"del Hoyo et al., 2004-2011",NA,,,Present,
Zavattariornis_stresemanni,Ethiopian Bush-crow,Present,Present,"del Hoyo et al., 2004-2011",NA,,,Present,
Zeledonia_coronata,Wrenthrush,NA,Present,"Odom et al., 2014",NA,,,Present,
Zoothera_dauma,Eurasian Scaly Thrush,NA,Present,"Odom et al., 2014",NA,,,Present,
Zoothera_sibirica,Siberian Thrush,NA,Present,"Odom et al., 2014",NA,,,Present,
Acanthiza_nana,Yellow Thornbill,NA,Songless,"del Hoyo et al., 2004-2011",NA,,,Songless,
Acrocephalus_rimatarae,Rimatara Reed-warbler,NA,Songless,"Odom et al., 2014",NA,,,Songless,
Acrocephalus_taiti,Henderson Reed-warbler,NA,Songless,"Odom et al., 2014",NA,,,Songless,
Acrocephalus_vaughani,Pitcairn Reed-warbler,NA,Songless,"Odom et al., 2014",NA,,,Songless,
Actinodura_souliei,Streaked Barwing,NA,Songless,"Odom et al., 2014",NA,,,Songless,
Alcippe_variegaticeps,Gold-fronted Fulvetta,NA,Songless,"Odom et al., 2014",NA,,,Songless,
Alophoixus_phaeocephalus,Yellow-bellied Bulbul,NA,Songless,"Odom et al., 2014",NA,,,Songless,
Anisognathus_melanogenys,Santa Marta Mountain-tanager,NA,Songless,"Odom et al., 2014",NA,,,Songless,
Anthreptes_neglectus,Uluguru Violet-backed Sunbird,NA,Songless,"Odom et al., 2014",NA,,,Songless,
Anthus_longicaudatus,Long-tailed Pipit,NA,Songless,"Odom et al., 2014",NA,,,Songless,
Apalis_flavida,Yellow-breasted Apalis,NA,Songless,"Odom et al., 2014",NA,,,Songless,
Apalis_personata,Black-faced Apalis,NA,Songless,"Odom et al., 2014",NA,,,Songless,
Aplonis_atrifusca,Samoan Starling,NA,Songless,"Odom et al., 2014",NA,,,Songless,
Aplonis_mystacea,Yellow-eyed Starling,NA,Songless,"Odom et al., 2014",NA,,,Songless,
Aplonis_panayensis,Asian Glossy Starling,NA,Songless,"Odom et al., 2014",NA,,,Songless,
Aplonis_pelzelni,Pohnpei Starling,NA,Songless,"Odom et al., 2014",NA,,,Songless,
Aplonis_santovestris,Santo Starling,NA,Songless,"Odom et al., 2014",NA,,,Songless,
Atlapetes_nationi,Rusty-bellied Brush-finch,NA,Songless,"Odom et al., 2014",NA,,,Songless,
Atticora_melanoleuca,Black-collared Swallow,NA,Songless,"Odom et al., 2014",NA,,,Songless,
Babax_koslowi,Tibetan Babax,NA,Songless,"Odom et al., 2014",NA,,,Songless,
Basilornis_celebensis,Sulawesi Myna,NA,Songless,"Odom et al., 2014",NA,,,Songless,
Basilornis_corythaix,Long-crested Myna,NA,Songless,"Odom et al., 2014",NA,,,Songless,
Basilornis_galeatus,Helmeted Myna,NA,Songless,"Odom et al., 2014",NA,,,Songless,
Basilornis_mirandus,Apo Myna,NA,Songless,"Odom et al., 2014",NA,,,Songless,
Bombycilla_japonica,Japanese Waxwing,NA,Songless,"Odom et al., 2014",NA,,,Songless,
Buphagus_africanus,Yellow-billed Oxpecker,NA,Songless,"Odom et al., 2014",NA,,,Songless,
Calocitta_colliei,Black-throated Magpie-jay,NA,Songless,"del Hoyo et al., 2004-2011",NA,,,Songless,
Campephaga_flava,Black Cuckooshrike,NA,Songless,"del Hoyo et al., 2004-2011",NA,,,Songless,
Campephaga_lobata,Western Wattled Cuckooshrike,NA,Songless,"del Hoyo et al., 2004-2011",NA,,,Songless,
Campephaga_oriolina,Eastern Wattled Cuckooshrike,NA,Songless,"del Hoyo et al., 2004-2011",NA,,,Songless,
Chaetops_frenatus,Cape Rock-jumper,NA,Songless,"del Hoyo et al., 2004-2011",NA,,,Songless,
Chersomanes_albofasciata,Spike-heeled Lark,NA,Songless,"Odom et al., 2014",NA,,,Songless,
Chloropsis_flavipennis,Philippine Leafbird,NA,Songless,"Odom et al., 2014",NA,,,Songless,
Chlorospingus_parvirostris,Yellow-whiskered Bush-tanager,NA,Songless,"Odom et al., 2014",NA,,,Songless,
Chlorospingus_tacarcunae,Tacarcuna Bush-tanager,NA,Songless,"Odom et al., 2014",NA,,,Songless,
Chrysothlypis_chrysomelas,Black-and-yellow Tanager,NA,Songless,"Odom et al., 2014",NA,,,Songless,
Cissa_chinensis,Green Magpie,NA,Songless,"del Hoyo et al., 2004-2011",NA,,,Songless,
Cissa_hypoleuca,Yellow-breasted Magpie,NA,Songless,"del Hoyo et al., 2004-2011",NA,,,Songless,
Cisticola_pipiens,Chirping Cisticola,NA,Songless,"Odom et al., 2014",NA,,,Songless,
Coccycolius_iris,Emerald Starling,NA,Songless,"Odom et al., 2014",NA,,,Songless,
Colluricincla_umbrina,Sooty Shrike-thrush,NA,Songless,"del Hoyo et al., 2004-2011",NA,,,Songless,
Coracina_maxima,Ground Cuckooshrike,NA,Songless,"del Hoyo et al., 2004-2011",NA,,,Songless,
Corvus_albicollis,White-necked Raven,NA,Songless,"del Hoyo et al., 2004-2011",NA,,,Songless,
Corvus_albus,Pied Crow,NA,Songless,"del Hoyo et al., 2004-2011",NA,,,Songless,
Corvus_bennetti,Little Crow,NA,Songless,"del Hoyo et al., 2004-2011",NA,,,Songless,
Corvus_brachyrhynchos,American Crow,NA,Songless,"del Hoyo et al., 2004-2011",NA,,,Songless,
Corvus_capensis,Cape Crow,NA,Songless,"del Hoyo et al., 2004-2011",NA,,,Songless,
Corvus_caurinus,North-western Crow,NA,Songless,"del Hoyo et al., 2004-2011",NA,,,Songless,
Corvus_crassirostris,Thick-billed Raven,NA,Songless,"del Hoyo et al., 2004-2011",NA,,,Songless,
Corvus_cryptoleucus,Chihuahuan Raven,NA,Songless,"del Hoyo et al., 2004-2011",NA,,,Songless,
Corvus_dauuricus,Daurian Jackdaw,NA,Songless,"Odom et al., 2014",NA,,,Songless,
Corvus_enca,Slender-billed Crow,NA,Songless,"del Hoyo et al., 2004-2011",NA,,,Songless,
Corvus_florensis,Flores Crow,NA,Songless,"del Hoyo et al., 2004-2011",NA,,,Songless,
Corvus_fuscicapillus,Brown-headed Crow,NA,Songless,"del Hoyo et al., 2004-2011",NA,,,Songless,
Corvus_hawaiiensis,Hawaiian Crow,NA,Songless,"del Hoyo et al., 2004-2011",NA,,,Songless,
Corvus_imparatus,Tamaulipas Crow,NA,Songless,"del Hoyo et al., 2004-2011",NA,,,Songless,
Corvus_jamaicensis,Jamaican Crow,NA,Songless,"del Hoyo et al., 2004-2011",NA,,,Songless,
Corvus_kubaryi,Mariana Crow,NA,Songless,"del Hoyo et al., 2004-2011",NA,,,Songless,
Corvus_macrorhynchos,Large-billed Crow,NA,Songless,"del Hoyo et al., 2004-2011",NA,,,Songless,
Corvus_meeki,Bougainville Crow,NA,Songless,"del Hoyo et al., 2004-2011",NA,,,Songless,
Corvus_mellori,Little Raven,NA,Songless,"del Hoyo et al., 2004-2011",NA,,,Songless,
Corvus_moneduloides,New Caledonian Crow,NA,Songless,"del Hoyo et al., 2004-2011",NA,,,Songless,
Corvus_orru,Torresian Crow,NA,Songless,"del Hoyo et al., 2004-2011",NA,,,Songless,
Corvus_ossifragus,Fish Crow,NA,Songless,"del Hoyo et al., 2004-2011",NA,,,Songless,
Corvus_palmarum,Palm Crow,NA,Songless,"del Hoyo et al., 2004-2011",NA,,,Songless,
Corvus_ruficollis,Brown-necked Raven,NA,Songless,"del Hoyo et al., 2004-2011",NA,,,Songless,
Corvus_sinaloae,Sinaloa Crow,NA,Songless,"del Hoyo et al., 2004-2011",NA,,,Songless,
Corvus_splendens,House Crow,NA,Songless,"del Hoyo et al., 2004-2011",NA,,,Songless,
Corvus_tasmanicus,Forest Raven,NA,Songless,"del Hoyo et al., 2004-2011",NA,,,Songless,
Corvus_torquatus,Collared Crow,NA,Songless,"del Hoyo et al., 2004-2011",NA,,,Songless,
Corvus_tristis,Grey Crow,NA,Songless,"del Hoyo et al., 2004-2011",NA,,,Songless,
Corvus_validus,Long-billed Crow,NA,Songless,"del Hoyo et al., 2004-2011",NA,,,Songless,
Corvus_woodfordi,White-billed Crow,NA,Songless,"del Hoyo et al., 2004-2011",NA,,,Songless,
Creurgops_dentatus,Slaty Tanager,NA,Songless,"Odom et al., 2014",NA,,,Songless,
Crypsirina_temia,Racket-tailed Treepie,NA,Songless,"del Hoyo et al., 2004-2011",NA,,,Songless,
Cryptospiza_shelleyi,Shelley's Crimson-wing,NA,Songless,"Odom et al., 2014",NA,,,Songless,
Cyanerpes_caeruleus,Purple Honeycreeper,NA,Songless,"Odom et al., 2014",NA,,,Songless,
Cyanerpes_nitidus,Short-billed Honeycreeper,NA,Songless,"Odom et al., 2014",NA,,,Songless,
Cyanocitta_cristata,Blue Jay,NA,Songless,"del Hoyo et al., 2004-2011",NA,,,Songless,
Cyanocitta_stelleri,Steller's Jay,NA,Songless,"del Hoyo et al., 2004-2011",NA,,,Songless,
Cyanocorax_affinis,Black-chested Jay,NA,Songless,"del Hoyo et al., 2004-2011",NA,,,Songless,
Cyanocorax_cayanus,Cayenne Jay,NA,Songless,"del Hoyo et al., 2004-2011",NA,,,Songless,
Cyanocorax_cyanomelas,Purplish Jay,NA,Songless,"del Hoyo et al., 2004-2011",NA,,,Songless,
Cyanocorax_dickeyi,Tufted Jay,NA,Songless,"del Hoyo et al., 2004-2011",NA,,,Songless,
Cyanocorax_heilprini,Azure-naped Jay,NA,Songless,"del Hoyo et al., 2004-2011",NA,,,Songless,
Cyanocorax_morio,Brown Jay,NA,Songless,"del Hoyo et al., 2004-2011",NA,,,Songless,
Cyanocorax_violaceus,Violaceous Jay,NA,Songless,"del Hoyo et al., 2004-2011",NA,,,Songless,
Cyanocorax_yncas,Green Jay,NA,Songless,"del Hoyo et al., 2004-2011",NA,,,Songless,
Cyanolanius_madagascarinus,Blue Vanga,NA,Songless,"del Hoyo et al., 2004-2011",NA,,,Songless,
Cyanolyca_argentigula,Silvery-throated Jay,NA,Songless,"del Hoyo et al., 2004-2011",NA,,,Songless,
Cyanolyca_mirabilis,White-throated Jay,NA,Songless,"del Hoyo et al., 2004-2011",NA,,,Songless,
Cyanolyca_pumilo,Black-throated Jay,NA,Songless,"del Hoyo et al., 2004-2011",NA,,,Songless,
Cyanolyca_viridicyanus,White-collared Jay,NA,Songless,"Odom et al., 2014",NA,,,Songless,
Daphoenositta_miranda,Black Sittella,NA,Songless,"del Hoyo et al., 2004-2011",NA,,,Songless,
Delichon_nipalense,Nepal House-martin,NA,Songless,"Odom et al., 2014",NA,,,Songless,
Dendrocitta_occipitalis,Sunda Treepie,NA,Songless,"del Hoyo et al., 2004-2011",NA,,,Songless,
Dicaeum_aureolimbatum,Yellow-sided Flowerpecker,NA,Songless,"Odom et al., 2014",NA,,,Songless,
Dicrurus_hottentottus,Hair-crested Drongo,NA,Songless,"del Hoyo et al., 2004-2011",NA,,,Songless,
Dryoscopus_angolensis,Pink-footed Puffback,NA,Songless,"del Hoyo et al., 2004-2011",NA,,,Songless,
Dryoscopus_gambensis,Northern Puffback,NA,Songless,"del Hoyo et al., 2004-2011",NA,,,Songless,
Dulus_dominicus,Palmchat,NA,Songless,"Odom et al., 2014",NA,,,Songless,
Enicurus_ruficapillus,Chestnut-naped Forktail,NA,Songless,"Odom et al., 2014",NA,,,Songless,
Enicurus_schistaceus,Slaty-backed Forktail,NA,Songless,"Odom et al., 2014",NA,,,Songless,
Entomyzon_cyanotis,Blue-faced Honeyeater,NA,Songless,"del Hoyo et al., 2004-2011",NA,,,Songless,
Eopsaltria_australis,Eastern Yellow Robin,NA,Songless,"del Hoyo et al., 2004-2011",NA,,,Songless,
Epthianura_crocea,Yellow Chat,NA,Songless,"del Hoyo et al., 2004-2011",NA,,,Songless,
Erythrura_coloria,Red-eared Parrotfinch,NA,Songless,"Odom et al., 2014",NA,,,Songless,
Erythrura_kleinschmidti,Pink-billed Parrotfinch,NA,Songless,"Odom et al., 2014",NA,,,Songless,
Estrilda_atricapilla,Black-headed Waxbill,NA,Songless,"Odom et al., 2014",NA,,,Songless,
Estrilda_caerulescens,Lavender Waxbill,NA,Songless,"Odom et al., 2014",NA,,,Songless,
Estrilda_erythronotos,Black-cheeked Waxbill,NA,Songless,"Odom et al., 2014",NA,,,Songless,
Eurocephalus_anguitimens,White-crowned Shrike,NA,Songless,"del Hoyo et al., 2004-2011",NA,,,Songless,
Eutrichomyias_rowleyi,Cerulean Paradise-flycatcher,NA,Songless,"del Hoyo et al., 2004-2011",NA,,,Songless,
Garrulax_courtoisi,Blue-crowned Laughingthrush,NA,Songless,"Odom et al., 2014",NA,,,Songless,
Garrulax_galbanus,Yellow-throated Laughingthrush,NA,Songless,"Odom et al., 2014",NA,,,Songless,
Garrulax_rufifrons,Rufous-fronted Laughingthrush,NA,Songless,"Odom et al., 2014",NA,,,Songless,
Garrulus_lidthi,Amami Jay,NA,Songless,"del Hoyo et al., 2004-2011",NA,,,Songless,
Glycichaera_fallax,Green-backed Honeyeater,NA,Songless,"del Hoyo et al., 2004-2011",NA,,,Songless,
Grallina_bruijni,Torrent-lark,NA,Songless,"del Hoyo et al., 2004-2011",NA,,,Songless,
Guadalcanaria_inexpectata,Guadalcanal Honeyeater,NA,Songless,"del Hoyo et al., 2004-2011",NA,,,Songless,
Hemispingus_calophrys,Orange-browed Hemispingus,NA,Songless,"Odom et al., 2014",NA,,,Songless,
Heterospingus_rubrifrons,Sulphur-rumped Tanager,NA,Songless,"Odom et al., 2014",NA,,,Songless,
Hirundo_leucosoma,Pied-winged Swallow,NA,Songless,"Odom et al., 2014",NA,,,Songless,
Hirundo_spilodera,South African Swallow,NA,Songless,"Odom et al., 2014",NA,,,Songless,
Hypocryptadius_cinnamomeus,Cinnamon Ibon,NA,Songless,"Odom et al., 2014",NA,,,Songless,
Hypsipetes_virescens,Green-winged Bulbul,NA,Songless,"Odom et al., 2014",NA,,,Songless,
Incaspiza_laeta,Buff-bridled Inca-finch,NA,Songless,"Odom et al., 2014",NA,,,Songless,
Iole_olivacea,Buff-vented Bulbul,NA,Songless,"Odom et al., 2014",NA,,,Songless,
Iole_propinqua,Grey-eyed Bulbul,NA,Songless,"Odom et al., 2014",NA,,,Songless,
Iole_virescens,Olive Bulbul,NA,Songless,"Odom et al., 2014",NA,,,Songless,
Iridophanes_pulcherrimus,Golden-collared Honeycreeper,NA,Songless,"Odom et al., 2014",NA,,,Songless,
Iridosornis_jelskii,Golden-collared Tanager,NA,Songless,"Odom et al., 2014",NA,,,Songless,
Iridosornis_rufivertex,Golden-crowned Tanager,NA,Songless,"Odom et al., 2014",NA,,,Songless,
Kupeornis_chapini,Chapin's Mountain-babbler,NA,Songless,"Odom et al., 2014",NA,,,Songless,
Kupeornis_gilberti,White-throated Mountain-babbler,NA,Songless,"Odom et al., 2014",NA,,,Songless,
Kupeornis_rufocinctus,Red-collared Mountain-babbler,NA,Songless,"Odom et al., 2014",NA,,,Songless,
Lagonosticta_sanguinodorsalis,Rock Firefinch,NA,Songless,"Odom et al., 2014",NA,,,Songless,
Lagonosticta_umbrinodorsalis,Chad Firefinch,NA,Songless,"Odom et al., 2014",NA,,,Songless,
Lamprotornis_caudatus,Long-tailed Glossy-starling,NA,Songless,"Odom et al., 2014",NA,,,Songless,
Leptopoecile_elegans,Crested Tit-warbler,NA,Songless,"Odom et al., 2014",NA,,,Songless,
Lichmera_monticola,Seram Honeyeater,NA,Songless,"del Hoyo et al., 2004-2011",NA,,,Songless,
Lonchura_caniceps,Grey-headed Munia,NA,Songless,"Odom et al., 2014",NA,,,Songless,
Lonchura_fuscans,Dusky Munia,NA,Songless,"Odom et al., 2014",NA,,,Songless,
Lonchura_hunsteini,Mottled Munia,NA,Songless,"Odom et al., 2014",NA,,,Songless,
Lonchura_montana,Snow Mountain Munia,NA,Songless,"Odom et al., 2014",NA,,,Songless,
Lonchura_monticola,Alpine Munia,NA,Songless,"Odom et al., 2014",NA,,,Songless,
Lonchura_vana,Grey-banded Munia,NA,Songless,"Odom et al., 2014",NA,,,Songless,
Lophospingus_pusillus,Black-crested Finch,NA,Songless,"Odom et al., 2014",NA,,,Songless,
Malaconotus_alius,Uluguru Bush-shrike,NA,Songless,"del Hoyo et al., 2004-2011",NA,,,Songless,
Manorina_melanophrys,Bell Miner,NA,Songless,"del Hoyo et al., 2004-2011",NA,,,Songless,
Megabyas_flammulatus,African Shrike-flycatcher,Present,Songless,"del Hoyo et al., 2004-2011",NA,,,Songless,
Melaenornis_ardesiacus,Yellow-eyed Black Flycatcher,NA,Songless,"Odom et al., 2014",NA,,,Songless,
Melampitta_gigantea,Greater Melampitta,NA,Songless,"del Hoyo et al., 2004-2011",NA,,,Songless,
Melanocharis_arfakiana,Obscure Berrypecker,NA,Songless,"del Hoyo et al., 2004-2011",NA,,,Songless,
Melidectes_leucostephes,Vogelkop Melidectes,NA,Songless,"del Hoyo et al., 2004-2011",NA,,,Songless,
Melidectes_nouhuysi,Short-bearded Melidectes,NA,Songless,"del Hoyo et al., 2004-2011",NA,,,Songless,
Melidectes_sclateri,San Cristobal Melidectes,NA,Songless,"del Hoyo et al., 2004-2011",NA,,,Songless,
Melilestes_megarhynchus,Long-billed Honeyeater,NA,Songless,"del Hoyo et al., 2004-2011",NA,,,Songless,
Meliphaga_analoga,Mimic Honeyeater,NA,Songless,"del Hoyo et al., 2004-2011",NA,,,Songless,
Meliphaga_flavirictus,Yellow-gaped Honeyeater,NA,Songless,"del Hoyo et al., 2004-2011",NA,,,Songless,
Meliphaga_gracilis,Graceful Honeyeater,NA,Songless,"del Hoyo et al., 2004-2011",NA,,,Songless,
Meliphaga_lewinii,Lewin's Honeyeater,NA,Songless,"del Hoyo et al., 2004-2011",NA,,,Songless,
Meliphaga_mimikae,Mottle-breasted Honeyeater,NA,Songless,"del Hoyo et al., 2004-2011",NA,,,Songless,
Meliphaga_montana,Forest Honeyeater,NA,Songless,"del Hoyo et al., 2004-2011",NA,,,Songless,
Meliphaga_notata,Yellow-spotted Honeyeater,NA,Songless,"del Hoyo et al., 2004-2011",NA,,,Songless,
Meliphaga_orientalis,Hill-forest Honeyeater,NA,Songless,"del Hoyo et al., 2004-2011",NA,,,Songless,
Meliphaga_reticulata,Streaky-breasted Honeyeater,NA,Songless,"del Hoyo et al., 2004-2011",NA,,,Songless,
Melipotes_fumigatus,Smoky Honeyeater,NA,Songless,"del Hoyo et al., 2004-2011",NA,,,Songless,
Melipotes_gymnops,Arfak Honeyeater,NA,Songless,"del Hoyo et al., 2004-2011",NA,,,Songless,
Melithreptus_affinis,Black-headed Honeyeater,NA,Songless,"del Hoyo et al., 2004-2011",NA,,,Songless,
Melithreptus_albogularis,White-throated Honeyeater,NA,Songless,"del Hoyo et al., 2004-2011",NA,,,Songless,
Melithreptus_brevirostris,Brown-headed Honeyeater,NA,Songless,"del Hoyo et al., 2004-2011",NA,,,Songless,
Melithreptus_lunatus,White-naped Honeyeater,NA,Songless,"del Hoyo et al., 2004-2011",NA,,,Songless,
Melithreptus_validirostris,Strong-billed Honeyeater,NA,Songless,"del Hoyo et al., 2004-2011",NA,,,Songless,
Melitograis_gilolensis,White-streaked Friarbird,NA,Songless,"del Hoyo et al., 2004-2011",NA,,,Songless,
Metabolus_rugensis,Chuuk Monarch,NA,Songless,"del Hoyo et al., 2004-2011",NA,,,Songless,
Mino_dumontii,Yellow-faced Myna,NA,Songless,"Odom et al., 2014",NA,,,Songless,
Montifringilla_davidiana,Small Snowfinch,NA,Songless,"Odom et al., 2014",NA,,,Songless,
Montifringilla_ruficollis,Rufous-necked Snowfinch,NA,Songless,"Odom et al., 2014",NA,,,Songless,
Muscicapa_gambagae,Gambaga Flycatcher,NA,Songless,"Odom et al., 2014",NA,,,Songless,
Myophonus_borneensis,Bornean Whistling-thrush,NA,Songless,"Odom et al., 2014",NA,,,Songless,
Myophonus_melanurus,Shiny Whistling-thrush,NA,Songless,"Odom et al., 2014",NA,,,Songless,
Myzomela_cruentata,Red Myzomela,NA,Songless,"del Hoyo et al., 2004-2011",NA,,,Songless,
Myzomela_erythromelas,Black-bellied Myzomela,NA,Songless,"del Hoyo et al., 2004-2011",NA,,,Songless,
Myzomela_kuehni,Crimson-hooded Myzomela,NA,Songless,"del Hoyo et al., 2004-2011",NA,,,Songless,
Myzomela_pulchella,Olive-yellow Myzomela,NA,Songless,"del Hoyo et al., 2004-2011",NA,,,Songless,
Myzomela_vulnerata,Red-rumped Myzomela,NA,Songless,"del Hoyo et al., 2004-2011",NA,,,Songless,
Myzornis_pyrrhoura,Fire-tailed Myzornis,NA,Songless,"Odom et al., 2014",NA,,,Songless,
Nectarinia_bocagii,Bocage's Sunbird,NA,Songless,"Odom et al., 2014",NA,,,Songless,
Neochelidon_tibialis,White-thighed Swallow,NA,Songless,"Odom et al., 2014",NA,,,Songless,
Nucifraga_columbiana,Clark's Nutcracker,NA,Songless,"del Hoyo et al., 2004-2011",NA,,,Songless,
Oedistoma_pygmaeum,Pygmy Longbill,NA,Songless,"Odom et al., 2014",NA,,,Songless,
Onychognathus_blythii,Somali Starling,NA,Songless,"Odom et al., 2014",NA,,,Songless,
Onychognathus_frater,Socotra Starling,NA,Songless,"Odom et al., 2014",NA,,,Songless,
Oreocharis_arfaki,Tit Berrypecker,NA,Songless,"del Hoyo et al., 2004-2011",NA,,,Songless,
Oreornis_chrysogenys,Orange-cheeked Honeyeater,NA,Songless,"del Hoyo et al., 2004-2011",NA,,,Songless,
Origma_solitaria,Rockwarbler,NA,Songless,"del Hoyo et al., 2004-2011",NA,,,Songless,
Oriolus_chinensis,Black-naped Oriole,NA,Songless,"del Hoyo et al., 2004-2011",NA,,,Songless,
Oriolus_cruentus,Black-and-crimson Oriole,NA,Songless,"del Hoyo et al., 2004-2011",NA,,,Songless,
Ortygospiza_locustella,Locust Finch,NA,Songless,"Odom et al., 2014",NA,,,Songless,
Paramythia_montium,Crested Berrypecker,NA,Songless,"del Hoyo et al., 2004-2011",NA,,,Songless,
Parmoptila_rubrifrons,Red-fronted Antpecker,NA,Songless,"Odom et al., 2014",NA,,,Songless,
Parus_carpi,Carp's Black Tit,NA,Songless,"Odom et al., 2014",NA,,,Songless,
Passer_flaveolus,Plain-backed Sparrow,NA,Songless,"Odom et al., 2014",NA,,,Songless,
Passer_insularis,Socotra Sparrow,NA,Songless,"Odom et al., 2014",NA,,,Songless,
Perisoreus_internigrans,Sichuan Jay,NA,Songless,"del Hoyo et al., 2004-2011",NA,,,Songless,
Petrochelidon_rufocollaris,Chestnut-collared Swallow,NA,Songless,"Odom et al., 2014",NA,,,Songless,
Petronia_pyrgita,Yellow-spotted Petronia,NA,Songless,"Odom et al., 2014",NA,,,Songless,
Phainoptila_melanoxantha,Black-and-yellow Silky-flycatcher,NA,Songless,"Odom et al., 2014",NA,,,Songless,
Philemon_brassi,Brass's Friarbird,NA,Songless,"del Hoyo et al., 2004-2011",NA,,,Songless,
Philemon_diemenensis,New Caledonian Friarbird,NA,Songless,"del Hoyo et al., 2004-2011",NA,,,Songless,
Philemon_subcorniculatus,Grey-necked Friarbird,NA,Songless,"del Hoyo et al., 2004-2011",NA,,,Songless,
Phrygilus_dorsalis,Red-backed Sierra-finch,NA,Songless,"Odom et al., 2014",NA,,,Songless,
Phrygilus_erythronotus,White-throated Sierra-finch,NA,Songless,"Odom et al., 2014",NA,,,Songless,
Phyllastrephus_baumanni,Baumann's Greenbul,NA,Songless,"Odom et al., 2014",NA,,,Songless,
Phyllastrephus_cerviniventris,Grey-olive Greenbul,NA,Songless,"Odom et al., 2014",NA,,,Songless,
Phylloscopus_cebuensis,Lemon-throated Leaf-warbler,NA,Songless,"Odom et al., 2014",NA,,,Songless,
Phylloscopus_trivirgatus,Mountain Leaf-warbler,NA,Songless,"Odom et al., 2014",NA,,,Songless,
Picathartes_gymnocephalus,White-necked Picathartes,NA,Songless,"del Hoyo et al., 2004-2011",NA,,,Songless,
Picathartes_oreas,Grey-necked Picathartes,NA,Songless,"del Hoyo et al., 2004-2011",NA,,,Songless,
Pitohui_ferrugineus,Rusty Pitohui,NA,Songless,"del Hoyo et al., 2004-2011",NA,,,Songless,
Platysmurus_leucopterus,Black Magpie,NA,Songless,"del Hoyo et al., 2004-2011",NA,,,Songless,
Ploceus_aureonucha,Golden-naped Weaver,NA,Songless,"Odom et al., 2014",NA,,,Songless,
Ploceus_nelicourvi,Nelicourvi Weaver,NA,Songless,"Odom et al., 2014",NA,,,Songless,
Ploceus_preussi,Preuss's Weaver,NA,Songless,"Odom et al., 2014",NA,,,Songless,
Podoces_biddulphi,Xinjiang Ground-jay,NA,Songless,"del Hoyo et al., 2004-2011",NA,,,Songless,
Podoces_hendersoni,Mongolian Ground-jay,NA,Songless,"del Hoyo et al., 2004-2011",NA,,,Songless,
Podoces_panderi,Turkestan Ground-jay,NA,Songless,"del Hoyo et al., 2004-2011",NA,,,Songless,
Podoces_pleskei,Iranian Ground-jay,NA,Songless,"del Hoyo et al., 2004-2011",NA,,,Songless,
Poeoptera_lugubris,Narrow-tailed Starling,NA,Songless,"Odom et al., 2014",NA,,,Songless,
Pomatostomus_isidorei,New Guinea Babbler,NA,Songless,"Odom et al., 2014",NA,,,Songless,
Psalidoprocne_albiceps,White-headed Saw-wing,NA,Songless,"Odom et al., 2014",NA,,,Songless,
Psalidoprocne_obscura,Fanti Saw-wing,NA,Songless,"Odom et al., 2014",NA,,,Songless,
Psalidoprocne_pristoptera,Blue Saw-wing,NA,Songless,"Odom et al., 2014",NA,,,Songless,
Psaltria_exilis,Pygmy Tit,NA,Songless,"Odom et al., 2014",NA,,,Songless,
Pseudoalcippe_abyssinica,African Hill Babbler,NA,Songless,"Odom et al., 2014",NA,,,Songless,
Ptiloprora_guisei,Rufous-backed Honeyeater,NA,Songless,"del Hoyo et al., 2004-2011",NA,,,Songless,
Ptiloprora_meekiana,Olive-streaked Honeyeater,NA,Songless,"del Hoyo et al., 2004-2011",NA,,,Songless,
Ptiloprora_plumbea,Leaden Honeyeater,NA,Songless,"del Hoyo et al., 2004-2011",NA,,,Songless,
Pyrrhula_leucogenis,White-cheeked Bullfinch,NA,Songless,"Odom et al., 2014",NA,,,Songless,
Remiz_coronatus,White-crowned Penduline-tit,NA,Songless,"Odom et al., 2014",NA,,,Songless,
Rhabdornis_grandis,Long-billed Rhabdornis,NA,Songless,"Odom et al., 2014",NA,,,Songless,
Rhabdornis_inornatus,Stripe-breasted Rhabdornis,NA,Songless,"Odom et al., 2014",NA,,,Songless,
Rhabdornis_mystacalis,Stripe-sided Rhabdornis,NA,Songless,"Odom et al., 2014",NA,,,Songless,
Rhinomyias_gularis,Eyebrowed Jungle-flycatcher,NA,Songless,"Odom et al., 2014",NA,,,Songless,
Rhyacornis_bicolor,Luzon Water-redstart,NA,Songless,"Odom et al., 2014",NA,,,Songless,
Sicalis_taczanowskii,Sulphur-throated Finch,NA,Songless,"Odom et al., 2014",NA,,,Songless,
Sitta_azurea,Blue Nuthatch,NA,Songless,"Odom et al., 2014",NA,,,Songless,
Sitta_yunnanensis,Yunnan Nuthatch,NA,Songless,"Odom et al., 2014",NA,,,Songless,
Speirops_brunneus,Fernando Po Speirops,NA,Songless,"Odom et al., 2014",NA,,,Songless,
Spizocorys_personata,Masked Lark,NA,Songless,"Odom et al., 2014",NA,,,Songless,
Spizocorys_sclateri,Sclater's Lark,NA,Songless,"Odom et al., 2014",NA,,,Songless,
Stachyris_oglei,Snowy-throated Babbler,NA,Songless,"Odom et al., 2014",NA,,,Songless,
Stachyris_plateni,Mindanao Pygmy-babbler,NA,Songless,"Odom et al., 2014",NA,,,Songless,
Stachyris_thoracica,White-bibbed Babbler,NA,Songless,"Odom et al., 2014",NA,,,Songless,
Stelgidopteryx_ruficollis,Southern Rough-winged Swallow,NA,Songless,"Odom et al., 2014",NA,,,Songless,
Stelgidopteryx_serripennis,Northern Rough-winged Swallow,NA,Songless,"Odom et al., 2014",NA,,,Songless,
Streptocitta_albertinae,Bare-eyed Myna,NA,Songless,"Odom et al., 2014",NA,,,Songless,
Struthidea_cinerea,Apostlebird,NA,Songless,"del Hoyo et al., 2004-2011",NA,,,Songless,
Sturnus_cineraceus,White-cheeked Starling,NA,Songless,"Odom et al., 2014",NA,,,Songless,
Sturnus_nigricollis,Black-collared Starling,NA,Songless,"Odom et al., 2014",NA,,,Songless,
Tachycineta_cyaneoviridis,Bahama Swallow,NA,Songless,"Odom et al., 2014",NA,,,Songless,
Tachycineta_euchrysea,Golden Swallow,NA,Songless,"Odom et al., 2014",NA,,,Songless,
Tachycineta_stolzmanni,Tumbes Swallow,NA,Songless,"Odom et al., 2014",NA,,,Songless,
Tachyphonus_delatrii,Tawny-crested Tanager,NA,Songless,"Odom et al., 2014",NA,,,Songless,
Tangara_dowii,Spangle-cheeked Tanager,NA,Songless,"Odom et al., 2014",NA,,,Songless,
Tangara_johannae,Blue-whiskered Tanager,NA,Songless,"Odom et al., 2014",NA,,,Songless,
Tangara_meyerdeschauenseei,Green-capped Tanager,NA,Songless,"Odom et al., 2014",NA,,,Songless,
Tangara_palmeri,Grey-and-gold Tanager,NA,Songless,"Odom et al., 2014",NA,,,Songless,
Tangara_preciosa,Chestnut-backed Tanager,NA,Songless,"Odom et al., 2014",NA,,,Songless,
Tangara_ruficervix,Golden-naped Tanager,NA,Songless,"Odom et al., 2014",NA,,,Songless,
Tangara_rufigenis,Rufous-cheeked Tanager,NA,Songless,"Odom et al., 2014",NA,,,Songless,
Timeliopsis_fulvigula,Olive Straightbill,NA,Songless,"del Hoyo et al., 2004-2011",NA,,,Songless,
Timeliopsis_griseigula,Tawny Straightbill,NA,Songless,"del Hoyo et al., 2004-2011",NA,,,Songless,
Tregellasia_capito,Pale-yellow Robin,NA,Songless,"del Hoyo et al., 2004-2011",NA,,,Songless,
Turdoides_fulva,Fulvous Chatterer,NA,Songless,"Odom et al., 2014",NA,,,Songless,
Turdoides_malcolmi,Large Grey Babbler,NA,Songless,"Odom et al., 2014",NA,,,Songless,
Turdoides_subrufa,Rufous Babbler,NA,Songless,"Odom et al., 2014",NA,,,Songless,
Turdoides_tenebrosa,Dusky Babbler,NA,Songless,"Odom et al., 2014",NA,,,Songless,
Urocissa_caerulea,Taiwan Magpie,NA,Songless,"del Hoyo et al., 2004-2011",NA,,,Songless,
Urocissa_erythrorhyncha,Blue Magpie,NA,Songless,"del Hoyo et al., 2004-2011",NA,,,Songless,
Urocissa_flavirostris,Gold-billed Magpie,NA,Songless,"del Hoyo et al., 2004-2011",NA,,,Songless,
Urocissa_whiteheadi,White-winged Magpie,NA,Songless,"del Hoyo et al., 2004-2011",NA,,,Songless,
Urolestes_melanoleucus,Magpie Shrike,NA,Songless,"Odom et al., 2014",NA,,,Songless,
Woodfordia_lacertosa,Sanford's White-eye,NA,Songless,"Odom et al., 2014",NA,,,Songless,
Yuhina_everetti,Chestnut-crested Yuhina,NA,Songless,"Odom et al., 2014",NA,,,Songless,
Zosterops_cinereus,Grey-brown White-eye,NA,Songless,"Odom et al., 2014",NA,,,Songless,
Zosterops_flavus,Javan White-eye,NA,Songless,"Odom et al., 2014",NA,,,Songless,
Zosterops_fuscicapilla,Capped White-eye,NA,Songless,"Odom et al., 2014",NA,,,Songless,
Zosterops_minutus,Small Lifu White-eye,NA,Songless,"Odom et al., 2014",NA,,,Songless,
Zosterops_uropygialis,Golden-bellied White-eye,NA,Songless,"Odom et al., 2014",NA,,,Songless,
Mirafra_africanoides,Fawn-colored Lark,,,,,Present,Maclean 1970,Present,
Wilsonia_citrina,Hooded Warbler,,,,,Present,Evans Ogden et al. (2003) via Brooker (2020),Present,
Geothlypis_trichas,Common Yellowthroat,,,,,Present,Taff et al (2012) via Brooker (2020),Present,
Liocichla_steerii,Steere's liocichla,,,,,Duet,Mays et al (2006),Present,
Garrulax_leucolophus,White-crested Laughing Thrushes,,,,,"White-crested laughing thrushes (Garrulax leucolophus) progress through an even more complex sequence of antiphonally given phrases that depends both on the endogenous patterns of each individual (males and females progress through their most common phrases, F1 to F2 to F3 to F4 and M22 to M23 to M24, repeating each a variable number of times, occasionally missing one, and giving rarer phrases at the end of the duet), and on answering rules (or exogenous patterns, e.g., the male switch from M22 triggers the female switch from F1 to F2) (Fig. 2G, Vencl and Soucek, 1976).",Hall ML (2009),Present,
Furnarius_rufus,Rufous Hornero,,,,,"Different rhythmic interactions between partners have been identified in white-browed robin-chats (Cossypha heuglini) and South American horneros (Furnarius rufus) with females answering, or shifting the tempo of their own calling, in response to shifts in the tempo of male calls (Amador et al., 2005, Laje and Mindlin, 2003, Todt et al., 1981).",Hall ML (2009),Present,