"","BirdtreeSpecies","OdomOGSpeciesName","Common.name","Odom_FemaleSong","English_name","Scientific_name","Webb_FemaleSong","Song_data_source","Female_plumage_score","Male_plumage_score","Plumage_dichromatism","Garamszegi_FemaleSong"
"1","Acanthagenys_rufogularis","Acanthagenys_rufogularis","Spiny-cheeked Honeyeater","Present","Spiny-cheeked Honeyeater","Acanthagenys rufogularis","Present","del Hoyo et al., 2004-2011",39.30555556,39.16666667,-0.138888889,NA
"2","Acanthisitta_chloris",NA,NA,NA,"Rifleman","Acanthisitta chloris","Absent","Odom et al., 2014",48.75,51.11111111,2.361111111,NA
"3","Acanthiza_chrysorrhoa","Acanthiza_chrysorrhoa","Yellow-rumped Thornbill","Present","Yellow-rumped Thornbill","Acanthiza chrysorrhoa","Present","del Hoyo et al., 2004-2011",50.13888889,49.44444444,-0.694444444,NA
"4","Acanthiza_inornata","Acanthiza_inornata","Western Thornbill","Present","Western Thornbill","Acanthiza inornata","Present","del Hoyo et al., 2004-2011",43.33333333,45.41666667,2.083333333,NA
"5","Acanthiza_nana",NA,NA,NA,"Yellow Thornbill","Acanthiza nana","Songless","del Hoyo et al., 2004-2011",38.05555556,38.05555556,0,NA
"6","Acanthiza_pusilla","Acanthiza_pusilla","Brown Thornbill","Present","Brown Thornbill","Acanthiza pusilla","Present","del Hoyo et al., 2004-2011",41.66666667,40.83333333,-0.833333333,NA
"7","Achaetops_pycnopygius",NA,NA,NA,"Rockrunner","Achaetops pycnopygius","Present","Odom et al., 2014",46.38888889,44.58333333,-1.805555556,NA
"8","Acridotheres_ginginianus",NA,NA,NA,"Bank Myna","Acridotheres ginginianus","Absent","Odom et al., 2014",52.77777778,53.88888889,1.111111111,NA
"9","Acridotheres_tristis",NA,NA,NA,"Common Myna","Acridotheres tristis","Present","Odom et al., 2014",58.33333333,59.02777778,0.694444444,NA
"10","Acrocephalus_agricola",NA,NA,NA,"Paddyfield Warbler","Acrocephalus agricola","Present","Odom et al., 2014",46.94444444,43.88888889,-3.055555556,"Evidence for FS"
"11","Acrocephalus_arundinaceus",NA,NA,NA,"Great Reed-warbler","Acrocephalus arundinaceus","Present","Odom et al., 2014",48.88888889,45.83333333,-3.055555556,"Evidence for FS"
"12","Acrocephalus_bistrigiceps",NA,NA,NA,"Black-browed Reed-warbler","Acrocephalus bistrigiceps","Absent","Odom et al., 2014",45.83333333,41.25,-4.583333333,NA
"13","Acrocephalus_dumetorum",NA,NA,NA,"Blyth's Reed-warbler","Acrocephalus dumetorum","Present","Odom et al., 2014",49.72222222,48.75,-0.972222222,"Evidence for FS"
"14","Acrocephalus_luscinius",NA,NA,NA,"Nightingale Reed-warbler","Acrocephalus luscinius","Absent","Odom et al., 2014",41.94444444,41.38888889,-0.555555556,NA
"15","Acrocephalus_palustris",NA,NA,NA,"Marsh Warbler","Acrocephalus palustris","Present","Odom et al., 2014",45.13888889,43.47222222,-1.666666667,"Evidence for FS"
"16","Acrocephalus_rimatarae",NA,NA,NA,"Rimatara Reed-warbler","Acrocephalus rimatarae","Songless","Odom et al., 2014",45.27777778,47.91666667,2.638888889,NA
"17","Acrocephalus_schoenobaenus",NA,NA,NA,"Sedge Warbler","Acrocephalus schoenobaenus","Present","Odom et al., 2014",43.88888889,51.66666667,7.777777778,"Evidence for FS"
"18","Acrocephalus_scirpaceus",NA,NA,NA,"Eurasian Reed-warbler","Acrocephalus scirpaceus","Present","Odom et al., 2014",45,43.47222222,-1.527777778,"Evidence for FS"
"19","Acrocephalus_taiti",NA,NA,NA,"Henderson Reed-warbler","Acrocephalus taiti","Songless","Odom et al., 2014",55,52.63888889,-2.361111111,NA
"20","Acrocephalus_vaughani",NA,NA,NA,"Pitcairn Reed-warbler","Acrocephalus vaughani","Songless","Odom et al., 2014",46.11111111,39.30555556,-6.805555556,NA
"21","Actinodura_ramsayi",NA,NA,NA,"Spectacled Barwing","Actinodura ramsayi","Present","Odom et al., 2014",40.41666667,39.30555556,-1.111111111,NA
"22","Actinodura_sodangorum",NA,NA,NA,"Black-crowned Barwing","Actinodura sodangorum","Present","Odom et al., 2014",42.77777778,42.91666667,0.138888889,NA
"23","Actinodura_souliei",NA,NA,NA,"Streaked Barwing","Actinodura souliei","Songless","Odom et al., 2014",45.83333333,44.86111111,-0.972222222,NA
"24","Aegithalos_caudatus",NA,NA,NA,"Long-tailed Tit","Aegithalos caudatus","Present","Odom et al., 2014",58.05555556,56.11111111,-1.944444444,"Evidence for FS"
"25","Aethopyga_duyvenbodei",NA,NA,NA,"Elegant Sunbird","Aethopyga duyvenbodei","Absent","Odom et al., 2014",39.30555556,51.80555556,12.5,NA
"26","Agelaioides_badius",NA,NA,NA,"Bay-winged Cowbird","Agelaioides badius","Present","Odom et al., 2014",42.91666667,42.36111111,-0.555555556,NA
"27","Agelaius_assimilis",NA,NA,NA,"Red-shouldered Blackbird","Agelaius assimilis","Present","Odom et al., 2014",62.08333333,65.83333333,3.75,NA
"28","Agelaius_humeralis",NA,NA,NA,"Tawny-shouldered Blackbird","Agelaius humeralis","Present","Odom et al., 2014",63.19444444,64.58333333,1.388888889,NA
"29","Agelaius_phoeniceus",NA,NA,NA,"Red-winged Blackbird","Agelaius phoeniceus","Present","Odom et al., 2014",44.72222222,64.58333333,19.86111111,NA
"30","Agelaius_tricolor",NA,NA,NA,"Tricoloured Blackbird","Agelaius tricolor","Present","Odom et al., 2014",50.41666667,66.11111111,15.69444444,NA
"31","Agelaius_xanthomus",NA,NA,NA,"Yellow-shouldered Blackbird","Agelaius xanthomus","Present","Odom et al., 2014",67.08333333,64.72222222,-2.361111111,NA
"32","Agelasticus_cyanopus",NA,NA,NA,"Unicoloured Blackbird","Agelasticus cyanopus","Present","Odom et al., 2014",42.63888889,64.02777778,21.38888889,NA
"33","Agelasticus_xanthophthalmus",NA,NA,NA,"Pale-eyed Blackbird","Agelasticus xanthophthalmus","Present","Odom et al., 2014",60.83333333,59.86111111,-0.972222222,NA
"34","Ailuroedus_crassirostris","Ailuroedus_crassirostris","Green Catbird","Present","Green Catbird","Ailuroedus crassirostris","Present","del Hoyo et al., 2004-2011",40.27777778,38.75,-1.527777778,NA
"35","Ailuroedus_melanotis","Ailuroedus_melanotis","Spotted Catbird","Present","Spotted Catbird","Ailuroedus melanotis","Present","del Hoyo et al., 2004-2011",51.25,50.41666667,-0.833333333,NA
"36","Aimophila_ruficauda",NA,NA,NA,"Stripe-headed Sparrow","Aimophila ruficauda","Present","Odom et al., 2014",49.86111111,44.58333333,-5.277777778,NA
"37","Aimophila_strigiceps",NA,NA,NA,"Stripe-capped Sparrow","Aimophila strigiceps","Absent","Odom et al., 2014",48.75,46.52777778,-2.222222222,NA
"38","Alaemon_alaudipes",NA,NA,NA,"Greater Hoopoe-lark","Alaemon alaudipes","Present","Odom et al., 2014",43.05555556,43.19444444,0.138888889,"Evidence for FS"
"39","Alauda_arvensis",NA,NA,NA,"Eurasian Skylark","Alauda arvensis","Absent","Odom et al., 2014",44.44444444,42.22222222,-2.222222222,"Evidence for FS"
"40","Alauda_razae",NA,NA,NA,"Raso Lark","Alauda razae","Absent","Odom et al., 2014",45.83333333,41.80555556,-4.027777778,NA
"41","Alcippe_rufogularis",NA,NA,NA,"Rufous-throated Fulvetta","Alcippe rufogularis","Present","Odom et al., 2014",48.75,44.86111111,-3.888888889,NA
"42","Alcippe_variegaticeps",NA,NA,NA,"Gold-fronted Fulvetta","Alcippe variegaticeps","Songless","Odom et al., 2014",44.44444444,44.16666667,-0.277777778,NA
"43","Alethe_fuelleborni",NA,NA,NA,"White-chested Alethe","Alethe fuelleborni","Present","Odom et al., 2014",46.80555556,45.13888889,-1.666666667,NA
"44","Alophoixus_phaeocephalus",NA,NA,NA,"Yellow-bellied Bulbul","Alophoixus phaeocephalus","Songless","Odom et al., 2014",50.41666667,49.02777778,-1.388888889,NA
"45","Amadina_erythrocephala",NA,NA,NA,"Red-headed Finch","Amadina erythrocephala","Absent","Odom et al., 2014",39.30555556,50.55555556,11.25,NA
"46","Amadina_fasciata",NA,NA,NA,"Cut-throat","Amadina fasciata","Present","Odom et al., 2014",41.52777778,47.36111111,5.833333333,NA
"47","Amandava_amandava",NA,NA,NA,"Red Avadavat","Amandava amandava","Present","Odom et al., 2014",44.86111111,61.94444444,17.08333333,NA
"48","Amandava_subflava",NA,NA,NA,"Zebra Waxbill","Amandava subflava","Present","Odom et al., 2014",36.66666667,46.66666667,10,NA
"49","Amblycercus_holosericeus",NA,NA,NA,"Yellow-billed Cacique","Amblycercus holosericeus","Present","Odom et al., 2014",63.19444444,61.94444444,-1.25,NA
"50","Amblyornis_flavifrons","Amblyornis_flavifrons","Golden-fronted Bowerbird","Absent","Golden-fronted Bowerbird","Amblyornis flavifrons","Absent","del Hoyo et al., 2004-2011",48.05555556,59.16666667,11.11111111,NA
"51","Amblyornis_inornata","Amblyornis_inornatus","Vogelkop Bowerbird","Absent","Vogelkop Bowerbird","Amblyornis inornata","Absent","Odom et al., 2014",43.05555556,40,-3.055555556,NA
"52","Amblyornis_macgregoriae","Amblyornis_macgregoriae","Macgregor's Bowerbird","Absent","Macgregor's Bowerbird","Amblyornis macgregoriae","Absent","del Hoyo et al., 2004-2011",45.55555556,42.36111111,-3.194444444,NA
"53","Amblyramphus_holosericeus",NA,NA,NA,"Scarlet-headed Blackbird","Amblyramphus holosericeus","Present","Odom et al., 2014",66.66666667,65.13888889,-1.527777778,NA
"54","Ammodramus_caudacutus",NA,NA,NA,"Saltmarsh Sparrow","Ammodramus caudacutus","Absent","Odom et al., 2014",46.80555556,48.33333333,1.527777778,NA
"55","Ammomanes_cinctura",NA,NA,NA,"Bar-tailed Lark","Ammomanes cinctura","Absent","Odom et al., 2014",47.22222222,47.08333333,-0.138888889,NA
"56","Ammomanes_deserti",NA,NA,NA,"Desert Lark","Ammomanes deserti","Absent","Odom et al., 2014",41.66666667,40.41666667,-1.25,NA
"57","Ammomanes_grayi",NA,NA,NA,"Gray's Lark","Ammomanes grayi","Absent","Odom et al., 2014",50.13888889,49.44444444,-0.694444444,NA
"58","Amytornis_goyderi","Amytornis_goyderi","Eyrean Grasswren","Present","Eyrean Grasswren","Amytornis goyderi","Present","del Hoyo et al., 2004-2011",47.91666667,45,-2.916666667,NA
"59","Amytornis_housei","Amytornis_housei","Black Grasswren","Present","Black Grasswren","Amytornis housei","Present","del Hoyo et al., 2004-2011",46.25,47.91666667,1.666666667,NA
"60","Amytornis_purnelli","Amytornis_purnelli","Dusky Grasswren","Present","Dusky Grasswren","Amytornis purnelli","Present","del Hoyo et al., 2004-2011",42.22222222,39.72222222,-2.5,NA
"61","Amytornis_striatus","Amytornis_striatus","Striated Grasswren","Present","Striated Grasswren","Amytornis striatus","Present","del Hoyo et al., 2004-2011",42.08333333,42.22222222,0.138888889,NA
"62","Amytornis_textilis","Amytornis_textilis","Thick-billed Grasswren","Absent","Thick-billed Grasswren","Amytornis textilis","Absent","del Hoyo et al., 2004-2011",38.75,38.61111111,-0.138888889,NA
"63","Amytornis_woodwardi","Amytornis_woodwardi","White-throated Grasswren","Present","White-throated Grasswren","Amytornis woodwardi","Present","del Hoyo et al., 2004-2011",51.38888889,50.69444444,-0.694444444,NA
"64","Anisognathus_melanogenys",NA,NA,NA,"Santa Marta Mountain-tanager","Anisognathus melanogenys","Songless","Odom et al., 2014",52.91666667,53.19444444,0.277777778,NA
"65","Anomalospiza_imberbis",NA,NA,NA,"Cuckoo Finch","Anomalospiza imberbis","Absent","Odom et al., 2014",39.30555556,43.19444444,3.888888889,NA
"66","Anthochaera_carunculata","Anthochaera_carunculata","Red Wattlebird","Present","Red Wattlebird","Anthochaera carunculata","Present","del Hoyo et al., 2004-2011",54.16666667,54.16666667,0,NA
"67","Anthochaera_lunulata","Anthochaera_lunulata","Little Wattlebird","Absent","Western Wattlebird","Anthochaera lunulata","Absent","del Hoyo et al., 2004-2011",48.88888889,45,-3.888888889,NA
"68","Anthornis_melanura","Anthornis_melanura","New Zealand Bellbird","Present","New Zealand Bellbird","Anthornis melanura","Present","del Hoyo et al., 2004-2011",39.86111111,49.58333333,9.722222222,NA
"69","Anthreptes_collaris",NA,NA,NA,"Collared Sunbird","Anthreptes collaris","Present","Odom et al., 2014",44.58333333,57.36111111,12.77777778,NA
"70","Anthreptes_neglectus",NA,NA,NA,"Uluguru Violet-backed Sunbird","Anthreptes neglectus","Songless","Odom et al., 2014",52.5,55.83333333,3.333333333,NA
"71","Anthreptes_rubritorques",NA,NA,NA,"Banded Sunbird","Anthreptes rubritorques","Absent","Odom et al., 2014",40.97222222,53.19444444,12.22222222,NA
"72","Anthus_campestris",NA,NA,NA,"Tawny Pipit","Anthus campestris","Present","Odom et al., 2014",39.16666667,40.41666667,1.25,"Evidence for FS"
"73","Anthus_longicaudatus",NA,NA,NA,"Long-tailed Pipit","Anthus longicaudatus","Songless","Odom et al., 2014",41.94444444,41.66666667,-0.277777778,NA
"74","Apalis_binotata",NA,NA,NA,"Masked Apalis","Apalis binotata","Present","Odom et al., 2014",52.36111111,54.16666667,1.805555556,NA
"75","Apalis_chapini",NA,NA,NA,"Chapin's Apalis","Apalis chapini","Present","Odom et al., 2014",42.5,43.05555556,0.555555556,NA
"76","Apalis_chariessa",NA,NA,NA,"White-winged Apalis","Apalis chariessa","Present","Odom et al., 2014",49.72222222,60.83333333,11.11111111,NA
"77","Apalis_chirindensis",NA,NA,NA,"Chirinda Apalis","Apalis chirindensis","Present","Odom et al., 2014",50.69444444,46.66666667,-4.027777778,NA
"78","Apalis_flavida",NA,NA,NA,"Yellow-breasted Apalis","Apalis flavida","Songless","Odom et al., 2014",44.72222222,47.91666667,3.194444444,NA
"79","Apalis_flavigularis",NA,NA,NA,"Yellow-throated Apalis","Apalis flavigularis","Present","Odom et al., 2014",53.75,57.08333333,3.333333333,NA
"80","Apalis_jacksoni",NA,NA,NA,"Black-throated Apalis","Apalis jacksoni","Present","Odom et al., 2014",47.22222222,55.83333333,8.611111111,NA
"81","Apalis_karamojae",NA,NA,NA,"Karamoja Apalis","Apalis karamojae","Present","Odom et al., 2014",49.30555556,48.61111111,-0.694444444,NA
"82","Apalis_personata",NA,NA,NA,"Black-faced Apalis","Apalis personata","Songless","Odom et al., 2014",69.58333333,65.97222222,-3.611111111,NA
"83","Apalis_porphyrolaema",NA,NA,NA,"Chestnut-throated Apalis","Apalis porphyrolaema","Present","Odom et al., 2014",46.38888889,49.58333333,3.194444444,NA
"84","Apalis_ruddi",NA,NA,NA,"Rudd's Apalis","Apalis ruddi","Present","Odom et al., 2014",44.44444444,44.30555556,-0.138888889,NA
"85","Apalis_rufogularis",NA,NA,NA,"Buff-throated Apalis","Apalis rufogularis","Present","Odom et al., 2014",44.72222222,53.75,9.027777778,NA
"86","Apalis_sharpii",NA,NA,NA,"Sharpe's Apalis","Apalis sharpii","Present","Odom et al., 2014",47.5,53.75,6.25,NA
"87","Apalis_thoracica",NA,NA,NA,"Bar-throated Apalis","Apalis thoracica","Present","Odom et al., 2014",48.61111111,48.61111111,0,NA
"88","Aphelocoma_insularis","Aphelocoma_insularis","Santa Cruz Jay","Present","Island Scrub-jay","Aphelocoma insularis","Present","del Hoyo et al., 2004-2011",58.47222222,59.02777778,0.555555556,NA
"89","Aplonis_atrifusca",NA,NA,NA,"Samoan Starling","Aplonis atrifusca","Songless","Odom et al., 2014",52.22222222,54.30555556,2.083333333,NA
"90","Aplonis_mystacea",NA,NA,NA,"Yellow-eyed Starling","Aplonis mystacea","Songless","Odom et al., 2014",59.16666667,58.47222222,-0.694444444,NA
"91","Aplonis_panayensis",NA,NA,NA,"Asian Glossy Starling","Aplonis panayensis","Songless","Odom et al., 2014",55,48.05555556,-6.944444444,NA
"92","Aplonis_pelzelni",NA,NA,NA,"Pohnpei Starling","Aplonis pelzelni","Songless","Odom et al., 2014",48.75,49.02777778,0.277777778,NA
"93","Aplonis_santovestris",NA,NA,NA,"Santo Starling","Aplonis santovestris","Songless","Odom et al., 2014",44.72222222,42.77777778,-1.944444444,NA
"94","Arachnothera_longirostra",NA,NA,NA,"Little Spiderhunter","Arachnothera longirostra","Present","Odom et al., 2014",37.08333333,35,-2.083333333,NA
"95","Archboldia_papuensis","Archboldia_papuensis","Archbold's Bowerbird","Absent","Archbold's Bowerbird","Archboldia papuensis","Absent","del Hoyo et al., 2004-2011",54.72222222,62.36111111,7.638888889,NA
"96","Artamella_viridis","Artamella_viridis","White-headed Vanga","Absent","White-headed Vanga","Artamella viridis","Absent","del Hoyo et al., 2004-2011",48.88888889,57.63888889,8.75,NA
"97","Artamus_personatus","Artamus_personatus","Masked Woodswallow","Present","Masked Woodswallow","Artamus personatus","Present","del Hoyo et al., 2004-2011",51.80555556,52.77777778,0.972222222,NA
"98","Artisornis_metopias",NA,NA,NA,"African Tailorbird","Artisornis metopias","Present","Odom et al., 2014",46.25,47.08333333,0.833333333,NA
"99","Astrapia_mayeri","Astrapia_mayeri","Ribbon-tailed Astrapia","Absent","Ribbon-tailed Astrapia","Astrapia mayeri","Absent","del Hoyo et al., 2004-2011",63.33333333,59.58333333,-3.75,NA
"100","Astrapia_splendidissima","Astrapia_splendidissima","Splendid Astrapia","Present","Splendid Astrapia","Astrapia splendidissima","Present","del Hoyo et al., 2004-2011",61.94444444,66.52777778,4.583333333,NA
"101","Atlapetes_flaviceps",NA,NA,NA,"Yellow-headed Brush-finch","Atlapetes flaviceps","Present","Odom et al., 2014",45.83333333,44.16666667,-1.666666667,NA
"102","Atlapetes_nationi",NA,NA,NA,"Rusty-bellied Brush-finch","Atlapetes nationi","Songless","Odom et al., 2014",54.16666667,53.33333333,-0.833333333,NA
"103","Atrichornis_clamosus","Atrichornis_clamosus","Noisy Scrub-bird","Present","Noisy Scrub-bird","Atrichornis clamosus","Present","del Hoyo et al., 2004-2011",50.41666667,47.5,-2.916666667,NA
"104","Atticora_melanoleuca",NA,NA,NA,"Black-collared Swallow","Atticora melanoleuca","Songless","Odom et al., 2014",49.86111111,50.41666667,0.555555556,NA
"105","Babax_koslowi",NA,NA,NA,"Tibetan Babax","Babax koslowi","Songless","Odom et al., 2014",42.08333333,40.27777778,-1.805555556,NA
"106","Baeolophus_bicolor",NA,NA,NA,"Tufted Titmouse","Baeolophus bicolor","Present","Odom et al., 2014",53.33333333,51.38888889,-1.944444444,NA
"107","Basileuterus_bivittatus",NA,NA,NA,"Two-banded Warbler","Basileuterus bivittatus","Present","Odom et al., 2014",44.58333333,46.94444444,2.361111111,NA
"108","Basileuterus_coronatus",NA,NA,NA,"Russet-crowned Warbler","Basileuterus coronatus","Present","Odom et al., 2014",47.91666667,48.47222222,0.555555556,NA
"109","Basilornis_celebensis",NA,NA,NA,"Sulawesi Myna","Basilornis celebensis","Songless","Odom et al., 2014",62.08333333,60.69444444,-1.388888889,NA
"110","Basilornis_corythaix",NA,NA,NA,"Long-crested Myna","Basilornis corythaix","Songless","Odom et al., 2014",64.58333333,60.97222222,-3.611111111,NA
"111","Basilornis_galeatus",NA,NA,NA,"Helmeted Myna","Basilornis galeatus","Songless","Odom et al., 2014",58.19444444,58.88888889,0.694444444,NA
"112","Basilornis_mirandus",NA,NA,NA,"Apo Myna","Basilornis mirandus","Songless","Odom et al., 2014",66.25,59.02777778,-7.222222222,NA
"113","Bathmocercus_rufus",NA,NA,NA,"Black-faced Rufous Warbler","Bathmocercus rufus","Present","Odom et al., 2014",56.66666667,58.47222222,1.805555556,NA
"114","Bathmocercus_winifredae",NA,NA,NA,"Mrs Moreau's Warbler","Bathmocercus winifredae","Present","Odom et al., 2014",46.80555556,47.22222222,0.416666667,NA
"115","Batis_capensis","Batis_capensis","Cape Batis","Present","Cape Batis","Batis capensis","Present","del Hoyo et al., 2004-2011",52.08333333,60.55555556,8.472222222,NA
"116","Batis_molitor","Batis_molitor","Chinspot Batis","Present","Chinspot Batis","Batis molitor","Present","del Hoyo et al., 2004-2011",47.5,56.38888889,8.888888889,NA
"117","Batis_soror","Batis_soror","Pale Batis","Present","Pale Batis","Batis soror","Present","del Hoyo et al., 2004-2011",46.38888889,54.30555556,7.916666667,NA
"118","Bias_musicus","Bias_musicus","Black-and-white Shrike-flycatcher","Present","Black-and-white Shrike-flycatcher","Bias musicus","Present","del Hoyo et al., 2004-2011",47.77777778,64.86111111,17.08333333,NA
"119","Bombycilla_garrulus",NA,NA,NA,"Bohemian Waxwing","Bombycilla garrulus","Present","Odom et al., 2014",48.47222222,45.27777778,-3.194444444,"Evidence for FS"
"120","Bombycilla_japonica",NA,NA,NA,"Japanese Waxwing","Bombycilla japonica","Songless","Odom et al., 2014",42.08333333,44.44444444,2.361111111,NA
"121","Bowdleria_punctata",NA,NA,NA,"New Zealand Fernbird","Bowdleria punctata","Present","Odom et al., 2014",44.72222222,43.33333333,-1.388888889,NA
"122","Bradypterus_bangwaensis",NA,NA,NA,"Bangwa Forest Warbler","Bradypterus bangwaensis","Present","Odom et al., 2014",42.91666667,41.38888889,-1.527777778,NA
"123","Bradypterus_graueri",NA,NA,NA,"Grauer's Swamp-warbler","Bradypterus graueri","Present","Odom et al., 2014",43.33333333,47.5,4.166666667,NA
"124","Buphagus_africanus",NA,NA,NA,"Yellow-billed Oxpecker","Buphagus africanus","Songless","Odom et al., 2014",44.72222222,43.75,-0.972222222,NA
"125","Buphagus_erythrorhynchus",NA,NA,NA,"Red-billed Oxpecker","Buphagus erythrorhynchus","Present","Odom et al., 2014",40.41666667,41.38888889,0.972222222,NA
"126","Cacicus_cela",NA,NA,NA,"Yellow-rumped Cacique","Cacicus cela","Absent","Odom et al., 2014",67.08333333,67.22222222,0.138888889,NA
"127","Cacicus_chrysopterus",NA,NA,NA,"Golden-winged Cacique","Cacicus chrysopterus","Present","Odom et al., 2014",64.44444444,64.44444444,0,NA
"128","Cacicus_haemorrhous",NA,NA,NA,"Red-rumped Cacique","Cacicus haemorrhous","Absent","Odom et al., 2014",66.94444444,66.80555556,-0.138888889,NA
"129","Cacicus_solitarius",NA,NA,NA,"Solitary Black Cacique","Cacicus solitarius","Present","Odom et al., 2014",65,63.61111111,-1.388888889,NA
"130","Cacicus_uropygialis",NA,NA,NA,"Scarlet-rumped Cacique","Cacicus uropygialis","Present","Odom et al., 2014",66.38888889,65.41666667,-0.972222222,NA
"131","Calamanthus_campestris","Calamanthus_campestris","Rufous Calamanthus","Present","Rufous Fieldwren","Calamanthus campestris","Present","del Hoyo et al., 2004-2011",43.05555556,42.91666667,-0.138888889,NA
"132","Calandrella_cinerea",NA,NA,NA,"Red-capped Lark","Calandrella cinerea","Absent","Odom et al., 2014",50.55555556,49.58333333,-0.972222222,NA
"133","Calcarius_mccownii",NA,NA,NA,"McCown's Longspur","Calcarius mccownii","Absent","Odom et al., 2014",40.83333333,53.47222222,12.63888889,NA
"134","Calicalicus_madagascariensis","Calicalicus_madagascariensis","Red-tailed Vanga","Absent","Red-tailed Vanga","Calicalicus madagascariensis","Absent","del Hoyo et al., 2004-2011",42.63888889,57.22222222,14.58333333,NA
"135","Calicalicus_rufocarpalis","Calicalicus_rufocarpalis","Red-shouldered Vanga","Absent","Red-shouldered Vanga","Calicalicus rufocarpalis","Absent","del Hoyo et al., 2004-2011",45.13888889,53.88888889,8.75,NA
"136","Callaeas_cinereus","Callaeas_cinerea","Kokako","Present","Kokako","Callaeas cinereus","Present","Odom et al., 2014",56.11111111,55.13888889,-0.972222222,NA
"137","Calocitta_colliei",NA,NA,NA,"Black-throated Magpie-jay","Calocitta colliei","Songless","del Hoyo et al., 2004-2011",58.05555556,61.11111111,3.055555556,NA
"138","Calyptophilus_frugivorus",NA,NA,NA,"Chat Tanager","Calyptophilus frugivorus","Present","Odom et al., 2014",53.47222222,50.69444444,-2.777777778,NA
"139","Calyptophilus_tertius",NA,NA,NA,"Western Chat-Tanager","Calyptophilus tertius","Present","Odom et al., 2014",54.72222222,54.86111111,0.138888889,NA
"140","Camaroptera_fasciolata",NA,NA,NA,"Barred Wren-warbler","Camaroptera fasciolata","Absent","Odom et al., 2014",46.94444444,43.88888889,-3.055555556,NA
"141","Camaroptera_undosa",NA,NA,NA,"Miombo Wren-warbler","Camaroptera undosa","Absent","Odom et al., 2014",47.08333333,45.55555556,-1.527777778,NA
"142","Campephaga_flava",NA,NA,NA,"Black Cuckooshrike","Campephaga flava","Songless","del Hoyo et al., 2004-2011",44.44444444,59.30555556,14.86111111,NA
"143","Campephaga_lobata",NA,NA,NA,"Western Wattled Cuckooshrike","Campephaga lobata","Songless","del Hoyo et al., 2004-2011",45.41666667,51.66666667,6.25,NA
"144","Campephaga_oriolina",NA,NA,NA,"Eastern Wattled Cuckooshrike","Campephaga oriolina","Songless","del Hoyo et al., 2004-2011",50.97222222,58.88888889,7.916666667,NA
"145","Campephaga_phoenicea","Campephaga_phoenicea","Red-shouldered Cuckoo-shrike","Present","Red-shouldered Cuckooshrike","Campephaga phoenicea","Present","del Hoyo et al., 2004-2011",39.58333333,52.08333333,12.5,NA
"146","Campochaera_sloetii","Campochaera_sloetii","Golden Cuckooshrike","Present","Golden Cuckooshrike","Campochaera sloetii","Present","del Hoyo et al., 2004-2011",43.75,55.13888889,11.38888889,NA
"147","Campylorhynchus_albobrunneus",NA,NA,NA,"White-headed Wren","Campylorhynchus albobrunneus","Present","Odom et al., 2014",56.80555556,54.44444444,-2.361111111,NA
"148","Campylorhynchus_chiapensis",NA,NA,NA,"Giant Wren","Campylorhynchus chiapensis","Present","Odom et al., 2014",53.88888889,54.30555556,0.416666667,NA
"149","Campylorhynchus_fasciatus",NA,NA,NA,"Fasciated Wren","Campylorhynchus fasciatus","Present","Odom et al., 2014",45.13888889,46.11111111,0.972222222,NA
"150","Campylorhynchus_griseus",NA,NA,NA,"Bicoloured Wren","Campylorhynchus griseus","Present","Odom et al., 2014",49.58333333,43.47222222,-6.111111111,NA
"151","Campylorhynchus_jocosus",NA,NA,NA,"Boucard's Wren","Campylorhynchus jocosus","Present","Odom et al., 2014",50.13888889,45.27777778,-4.861111111,NA
"152","Campylorhynchus_megalopterus",NA,NA,NA,"Grey-barred Wren","Campylorhynchus megalopterus","Present","Odom et al., 2014",44.58333333,49.16666667,4.583333333,NA
"153","Campylorhynchus_nuchalis",NA,NA,NA,"Stripe-backed Wren","Campylorhynchus nuchalis","Present","Odom et al., 2014",45.13888889,44.02777778,-1.111111111,NA
"154","Campylorhynchus_rufinucha",NA,NA,NA,"Rufous-naped Wren","Campylorhynchus rufinucha","Present","Odom et al., 2014",55,52.22222222,-2.777777778,NA
"155","Campylorhynchus_turdinus",NA,NA,NA,"Thrush-like Wren","Campylorhynchus turdinus","Present","Odom et al., 2014",47.22222222,46.80555556,-0.416666667,NA
"156","Campylorhynchus_yucatanicus",NA,NA,NA,"Yucatan Wren","Campylorhynchus yucatanicus","Present","Odom et al., 2014",47.77777778,50,2.222222222,NA
"157","Campylorhynchus_zonatus",NA,NA,NA,"Band-backed Wren","Campylorhynchus zonatus","Present","Odom et al., 2014",47.22222222,49.58333333,2.361111111,NA
"158","Cardinalis_cardinalis",NA,NA,NA,"Northern Cardinal","Cardinalis cardinalis","Present","Odom et al., 2014",44.72222222,67.63888889,22.91666667,NA
"159","Cardinalis_sinuatus",NA,NA,NA,"Pyrrhuloxia","Cardinalis sinuatus","Present","Odom et al., 2014",38.33333333,55.41666667,17.08333333,NA
"160","Carduelis_cannabina",NA,NA,NA,"Eurasian Linnet","Carduelis cannabina","Present","Odom et al., 2014",48.33333333,45.83333333,-2.5,"Evidence for FS"
"161","Carduelis_carduelis",NA,NA,NA,"European Goldfinch","Carduelis carduelis","Present","Odom et al., 2014",58.19444444,55.69444444,-2.5,"Evidence for FS"
"162","Carduelis_chloris",NA,NA,NA,"European Greenfinch","Carduelis chloris","Present","Odom et al., 2014",40,38.33333333,-1.666666667,"Evidence for FS"
"163","Carduelis_spinus",NA,NA,NA,"Eurasian Siskin","Carduelis spinus","Present","Odom et al., 2014",40.83333333,51.94444444,11.11111111,"Evidence for FS"
"164","Carduelis_tristis",NA,NA,NA,"American Goldfinch","Carduelis tristis","Absent","Odom et al., 2014",35.13888889,53.05555556,17.91666667,NA
"165","Carduelis_yemenensis",NA,NA,NA,"Yemen Linnet","Carduelis yemenensis","Absent","Odom et al., 2014",44.86111111,45,0.138888889,NA
"166","Carpodacus_erythrinus",NA,NA,NA,"Common Rosefinch","Carpodacus erythrinus","Absent","Odom et al., 2014",40.83333333,64.72222222,23.88888889,"Evidence for FS"
"167","Carpodacus_mexicanus",NA,NA,NA,"House Finch","Carpodacus mexicanus","Present","Odom et al., 2014",40.13888889,57.5,17.36111111,NA
"168","Carpodacus_purpureus",NA,NA,NA,"Purple Finch","Carpodacus purpureus","Present","Odom et al., 2014",40.13888889,63.47222222,23.33333333,NA
"169","Carpodacus_rubicilla",NA,NA,NA,"Great Rosefinch","Carpodacus rubicilla","Absent","Odom et al., 2014",40,61.25,21.25,"Evidence for FS"
"170","Caryothraustes_poliogaster",NA,NA,NA,"Black-faced Grosbeak","Caryothraustes poliogaster","Present","Odom et al., 2014",53.19444444,48.05555556,-5.138888889,NA
"171","Catharus_bicknelli",NA,NA,NA,"Bicknell's Thrush","Catharus bicknelli","Present","Odom et al., 2014",38.88888889,42.36111111,3.472222222,NA
"172","Catharus_frantzii",NA,NA,NA,"Ruddy-capped Nightingale-thrush","Catharus frantzii","Absent","Odom et al., 2014",40.83333333,40.13888889,-0.694444444,NA
"173","Catharus_fuscescens",NA,NA,NA,"Veery","Catharus fuscescens","Present","Odom et al., 2014",41.94444444,41.11111111,-0.833333333,NA
"174","Catharus_guttatus",NA,NA,NA,"Hermit Thrush","Catharus guttatus","Absent","Odom et al., 2014",43.88888889,43.88888889,0,NA
"175","Catharus_mexicanus",NA,NA,NA,"Black-headed Nightingale-thrush","Catharus mexicanus","Absent","Odom et al., 2014",42.36111111,47.63888889,5.277777778,NA
"176","Catharus_minimus",NA,NA,NA,"Grey-cheeked Thrush","Catharus minimus","Present","Odom et al., 2014",43.61111111,41.38888889,-2.222222222,NA
"177","Catharus_ustulatus",NA,NA,NA,"Swainson's Thrush","Catharus ustulatus","Absent","Odom et al., 2014",39.58333333,39.02777778,-0.555555556,NA
"178","Catherpes_mexicanus",NA,NA,NA,"Canyon Wren","Catherpes mexicanus","Present","Odom et al., 2014",45.97222222,43.61111111,-2.361111111,NA
"179","Cercomela_melanura",NA,NA,NA,"Blackstart","Cercomela melanura","Absent","Odom et al., 2014",47.36111111,44.44444444,-2.916666667,NA
"180","Certhia_americana",NA,NA,NA,"American Treecreeper","Certhia americana","Absent","Odom et al., 2014",46.11111111,44.30555556,-1.805555556,NA
"181","Certhia_brachydactyla",NA,NA,NA,"Short-toed Treecreeper","Certhia brachydactyla","Absent","Odom et al., 2014",44.58333333,47.22222222,2.638888889,NA
"182","Certhia_familiaris",NA,NA,NA,"Eurasian Treecreeper","Certhia familiaris","Absent","Odom et al., 2014",44.44444444,46.66666667,2.222222222,NA
"183","Certhilauda_albescens",NA,NA,NA,"Karoo Lark","Certhilauda albescens","Absent","Odom et al., 2014",46.80555556,48.88888889,2.083333333,NA
"184","Certhilauda_barlowi",NA,NA,NA,"Barlow's Lark","Certhilauda barlowi","Absent","Odom et al., 2014",46.52777778,44.30555556,-2.222222222,NA
"185","Certhilauda_burra",NA,NA,NA,"Red Lark","Certhilauda burra","Absent","Odom et al., 2014",45.69444444,43.05555556,-2.638888889,NA
"186","Certhilauda_chuana",NA,NA,NA,"Short-clawed Lark","Certhilauda chuana","Absent","Odom et al., 2014",41.25,42.36111111,1.111111111,NA
"187","Certhilauda_curvirostris",NA,NA,NA,"Cape Long-billed Lark","Certhilauda curvirostris","Absent","Odom et al., 2014",46.52777778,48.75,2.222222222,NA
"188","Certhilauda_erythrochlamys",NA,NA,NA,"Dune Lark","Certhilauda erythrochlamys","Absent","Odom et al., 2014",45.13888889,44.72222222,-0.416666667,NA
"189","Certhilauda_semitorquata",NA,NA,NA,"Eastern Long-billed Lark","Certhilauda semitorquata","Absent","Odom et al., 2014",40.41666667,41.38888889,0.972222222,NA
"190","Certhilauda_subcoronata",NA,NA,NA,"Karoo Long-billed Lark","Certhilauda subcoronata","Absent","Odom et al., 2014",42.77777778,41.38888889,-1.388888889,NA
"191","Certhionyx_niger","Sugomel_niger","Black Honeyeater","Absent","Black Honeyeater","Certhionyx niger","Absent","Odom et al., 2014",42.08333333,58.33333333,16.25,NA
"192","Certhionyx_pectoralis","Cissomela_pectoralis","Banded Honeyeater","Present","Banded Honeyeater","Certhionyx pectoralis","Present","Odom et al., 2014",54.72222222,57.91666667,3.194444444,NA
"193","Certhionyx_variegatus","Certhionyx_variegatus","Pied Honeyeater","Present","Pied Honeyeater","Certhionyx variegatus","Present","del Hoyo et al., 2004-2011",42.63888889,61.38888889,18.75,NA
"194","Cettia_cetti",NA,NA,NA,"Cetti's Warbler","Cettia cetti","Present","Odom et al., 2014",41.38888889,43.75,2.361111111,"Evidence for FS"
"195","Chaetops_aurantius","Chaetops_aurantius","Orange-breasted Rock-jumper","Present","Drakensberg Rockjumper","Chaetops aurantius","Present","del Hoyo et al., 2004-2011",53.61111111,54.72222222,1.111111111,NA
"196","Chaetops_frenatus",NA,NA,NA,"Cape Rock-jumper","Chaetops frenatus","Songless","del Hoyo et al., 2004-2011",36.80555556,53.47222222,16.66666667,NA
"197","Chamaea_fasciata",NA,NA,NA,"Wrentit","Chamaea fasciata","Present","Odom et al., 2014",43.61111111,42.5,-1.111111111,NA
"198","Chasiempis_sandwichensis","Chasiempis_sandwichensis","Elepaio","Absent","Elepaio","Chasiempis sandwichensis","Absent","del Hoyo et al., 2004-2011",44.30555556,46.25,1.944444444,NA
"199","Chersomanes_albofasciata",NA,NA,NA,"Spike-heeled Lark","Chersomanes albofasciata","Songless","Odom et al., 2014",42.5,40,-2.5,NA
"200","Chlamydera_lauterbachi","Chlamydera_lauterbachi","Yellow-breasted Bowerbird","Absent","Yellow-breasted Bowerbird","Chlamydera lauterbachi","Absent","del Hoyo et al., 2004-2011",42.91666667,43.33333333,0.416666667,NA
"201","Chlorophanes_spiza",NA,NA,NA,"Green Honeycreeper","Chlorophanes spiza","Absent","Odom et al., 2014",38.61111111,59.16666667,20.55555556,NA
"202","Chloropsis_flavipennis",NA,NA,NA,"Philippine Leafbird","Chloropsis flavipennis","Songless","Odom et al., 2014",43.33333333,43.61111111,0.277777778,NA
"203","Chloropsis_hardwickii",NA,NA,NA,"Orange-bellied Leafbird","Chloropsis hardwickii","Present","Odom et al., 2014",40.41666667,50.97222222,10.55555556,NA
"204","Chlorospingus_parvirostris",NA,NA,NA,"Yellow-whiskered Bush-tanager","Chlorospingus parvirostris","Songless","Odom et al., 2014",38.61111111,40.83333333,2.222222222,NA
"205","Chlorospingus_pileatus",NA,NA,NA,"Sooty-capped Bush-tanager","Chlorospingus pileatus","Absent","Odom et al., 2014",50.83333333,50.69444444,-0.138888889,NA
"206","Chlorospingus_semifuscus",NA,NA,NA,"Dusky Bush-tanager","Chlorospingus semifuscus","Absent","Odom et al., 2014",39.86111111,38.75,-1.111111111,NA
"207","Chlorospingus_tacarcunae",NA,NA,NA,"Tacarcuna Bush-tanager","Chlorospingus tacarcunae","Songless","Odom et al., 2014",42.22222222,38.61111111,-3.611111111,NA
"208","Chrysomus_icterocephalus",NA,NA,NA,"Yellow-hooded Blackbird","Chrysomus icterocephalus","Absent","Odom et al., 2014",44.72222222,63.61111111,18.88888889,NA
"209","Chrysomus_ruficapillus",NA,NA,NA,"Chestnut-capped Blackbird","Chrysomus ruficapillus","Absent","Odom et al., 2014",39.30555556,53.33333333,14.02777778,NA
"210","Chrysothlypis_chrysomelas",NA,NA,NA,"Black-and-yellow Tanager","Chrysothlypis chrysomelas","Songless","Odom et al., 2014",41.25,61.94444444,20.69444444,NA
"211","Chthonicola_sagittatus","Pyrrholaemus_sagittatus","Speckled Warbler","Present","Speckled Warbler","Chthonicola sagittatus","Present","Odom et al., 2014",41.94444444,39.16666667,-2.777777778,NA
"212","Cicinnurus_magnificus","Diphyllodes_magnificus","Magnificent Bird-of-paradise","Present","Magnificent Bird-of-paradise","Cicinnurus magnificus","Present","Odom et al., 2014",43.47222222,52.36111111,8.888888889,NA
"213","Cicinnurus_regius","Cicinnurus_regius","King Bird-of-paradise","Absent","King Bird-of-paradise","Cicinnurus regius","Absent","del Hoyo et al., 2004-2011",39.30555556,68.19444444,28.88888889,NA
"214","Cicinnurus_respublica","Diphyllodes_respublica","Wilson's Bird-of-paradise","Absent","Wilson's Bird-of-paradise","Cicinnurus respublica","Absent","Odom et al., 2014",48.33333333,61.52777778,13.19444444,NA
"215","Cincloramphus_mathewsi",NA,NA,NA,"Rufous Songlark","Cincloramphus mathewsi","Absent","Odom et al., 2014",43.05555556,41.52777778,-1.527777778,NA
"216","Cinclosoma_ajax","Cinclosoma_ajax","Painted Quail-thrush","Present","Painted Quail-thrush","Cinclosoma ajax","Present","del Hoyo et al., 2004-2011",41.11111111,52.36111111,11.25,NA
"217","Cinclosoma_castaneothorax","Cinclosoma_castaneothorax","Chestnut-breasted Quail-thrush","Absent","Chestnut-breasted Quail-thrush","Cinclosoma castaneothorax","Absent","del Hoyo et al., 2004-2011",45.97222222,54.16666667,8.194444444,NA
"218","Cinclosoma_cinnamomeum","Cinclosoma_cinnamomeum","Cinnamon Quail-thrush","Absent","Cinnamon Quail-thrush","Cinclosoma cinnamomeum","Absent","del Hoyo et al., 2004-2011",43.47222222,47.22222222,3.75,NA
"219","Cinclosoma_punctatum","Cinclosoma_punctatum","Spotted Quail-thrush","Absent","Spotted Quail-thrush","Cinclosoma punctatum","Absent","del Hoyo et al., 2004-2011",46.38888889,48.75,2.361111111,NA
"220","Cinclus_cinclus",NA,NA,NA,"White-throated Dipper","Cinclus cinclus","Present","Odom et al., 2014",42.08333333,44.86111111,2.777777778,"Evidence for FS"
"221","Cinclus_mexicanus",NA,NA,NA,"American Dipper","Cinclus mexicanus","Present","Odom et al., 2014",47.5,45.55555556,-1.944444444,NA
"222","Cinnycerthia_peruana",NA,NA,NA,"Peruvian Wren","Cinnycerthia peruana","Present","Odom et al., 2014",45.97222222,43.88888889,-2.083333333,NA
"223","Cinnycerthia_unirufa",NA,NA,NA,"Rufous Wren","Cinnycerthia unirufa","Present","Odom et al., 2014",42.63888889,40.97222222,-1.666666667,NA
"224","Cinnyricinclus_leucogaster",NA,NA,NA,"Violet-backed Starling","Cinnyricinclus leucogaster","Present","Odom et al., 2014",42.36111111,63.05555556,20.69444444,NA
"225","Cinnyricinclus_sharpii",NA,NA,NA,"Sharpe's Starling","Cinnyricinclus sharpii","Absent","Odom et al., 2014",55.41666667,53.33333333,-2.083333333,NA
"226","Cissa_chinensis",NA,NA,NA,"Green Magpie","Cissa chinensis","Songless","del Hoyo et al., 2004-2011",48.88888889,50.97222222,2.083333333,NA
"227","Cissa_hypoleuca",NA,NA,NA,"Yellow-breasted Magpie","Cissa hypoleuca","Songless","del Hoyo et al., 2004-2011",46.80555556,47.36111111,0.555555556,NA
"228","Cisticola_aberdare",NA,NA,NA,"Aberdare Cisticola","Cisticola aberdare","Absent","Odom et al., 2014",46.52777778,48.47222222,1.944444444,NA
"229","Cisticola_angusticauda",NA,NA,NA,"Tabora Cisticola","Cisticola angusticauda","Absent","Odom et al., 2014",49.30555556,50,0.694444444,NA
"230","Cisticola_anonymus",NA,NA,NA,"Chattering Cisticola","Cisticola anonymus","Absent","Odom et al., 2014",47.36111111,44.58333333,-2.777777778,NA
"231","Cisticola_aridulus",NA,NA,NA,"Desert Cisticola","Cisticola aridulus","Absent","Odom et al., 2014",42.36111111,48.75,6.388888889,NA
"232","Cisticola_ayresii",NA,NA,NA,"Wing-snapping Cisticola","Cisticola ayresii","Absent","Odom et al., 2014",49.30555556,48.75,-0.555555556,NA
"233","Cisticola_brachypterus",NA,NA,NA,"Siffling Cisticola","Cisticola brachypterus","Absent","Odom et al., 2014",47.63888889,45.13888889,-2.5,NA
"234","Cisticola_brunnescens",NA,NA,NA,"Pectoral-patch Cisticola","Cisticola brunnescens","Absent","Odom et al., 2014",42.08333333,47.5,5.416666667,NA
"235","Cisticola_bulliens",NA,NA,NA,"Bubbling Cisticola","Cisticola bulliens","Absent","Odom et al., 2014",40.41666667,42.36111111,1.944444444,NA
"236","Cisticola_cantans",NA,NA,NA,"Singing Cisticola","Cisticola cantans","Present","Odom et al., 2014",42.63888889,42.63888889,-7.11e-15,NA
"237","Cisticola_carruthersi",NA,NA,NA,"Carruthers's Cisticola","Cisticola carruthersi","Absent","Odom et al., 2014",49.72222222,49.02777778,-0.694444444,NA
"238","Cisticola_cherina",NA,NA,NA,"Madagascar Cisticola","Cisticola cherina","Absent","Odom et al., 2014",45,42.63888889,-2.361111111,NA
"239","Cisticola_chubbi",NA,NA,NA,"Chubb's Cisticola","Cisticola chubbi","Present","Odom et al., 2014",45.13888889,46.38888889,1.25,NA
"240","Cisticola_cinereolus",NA,NA,NA,"Ashy Cisticola","Cisticola cinereolus","Absent","Odom et al., 2014",45.13888889,42.77777778,-2.361111111,NA
"241","Cisticola_dambo",NA,NA,NA,"Black-tailed Cisticola","Cisticola dambo","Absent","Odom et al., 2014",47.36111111,43.88888889,-3.472222222,NA
"242","Cisticola_erythrops",NA,NA,NA,"Red-faced Cisticola","Cisticola erythrops","Present","Odom et al., 2014",41.66666667,41.52777778,-0.138888889,NA
"243","Cisticola_exilis",NA,NA,NA,"Golden-headed Cisticola","Cisticola exilis","Absent","Odom et al., 2014",45.83333333,47.36111111,1.527777778,NA
"244","Cisticola_eximius",NA,NA,NA,"Black-necked Cisticola","Cisticola eximius","Absent","Odom et al., 2014",49.02777778,46.66666667,-2.361111111,NA
"245","Cisticola_fulvicapilla",NA,NA,NA,"Piping Cisticola","Cisticola fulvicapilla","Absent","Odom et al., 2014",47.36111111,45.69444444,-1.666666667,NA
"246","Cisticola_galactotes",NA,NA,NA,"Winding Cisticola","Cisticola galactotes","Absent","Odom et al., 2014",47.36111111,48.47222222,1.111111111,NA
"247","Cisticola_guinea",NA,NA,NA,"Dorst's Cisticola","Cisticola guinea","Absent","Odom et al., 2014",48.61111111,48.19444444,-0.416666667,NA
"248","Cisticola_haesitatus",NA,NA,NA,"Island Cisticola","Cisticola haesitatus","Absent","Odom et al., 2014",49.16666667,51.38888889,2.222222222,NA
"249","Cisticola_hunteri",NA,NA,NA,"Hunter's Cisticola","Cisticola hunteri","Present","Odom et al., 2014",45.55555556,45.69444444,0.138888889,NA
"250","Cisticola_juncidis",NA,NA,NA,"Zitting Cisticola","Cisticola juncidis","Absent","Odom et al., 2014",44.86111111,45.55555556,0.694444444,NA
"251","Cisticola_lais",NA,NA,NA,"Wailing Cisticola","Cisticola lais","Absent","Odom et al., 2014",43.88888889,42.91666667,-0.972222222,NA
"252","Cisticola_lateralis",NA,NA,NA,"Whistling Cisticola","Cisticola lateralis","Absent","Odom et al., 2014",40.69444444,40.69444444,0,NA
"253","Cisticola_nanus",NA,NA,NA,"Tiny Cisticola","Cisticola nanus","Absent","Odom et al., 2014",50.69444444,47.36111111,-3.333333333,NA
"254","Cisticola_natalensis",NA,NA,NA,"Croaking Cisticola","Cisticola natalensis","Absent","Odom et al., 2014",47.5,45.69444444,-1.805555556,NA
"255","Cisticola_nigriloris",NA,NA,NA,"Black-lored Cisticola","Cisticola nigriloris","Present","Odom et al., 2014",41.94444444,46.38888889,4.444444444,NA
"256","Cisticola_njombe",NA,NA,NA,"Churring Cisticola","Cisticola njombe","Absent","Odom et al., 2014",42.91666667,43.05555556,0.138888889,NA
"257","Cisticola_pipiens",NA,NA,NA,"Chirping Cisticola","Cisticola pipiens","Songless","Odom et al., 2014",44.30555556,45.41666667,1.111111111,NA
"258","Cisticola_robustus",NA,NA,NA,"Stout Cisticola","Cisticola robustus","Absent","Odom et al., 2014",45.69444444,45.27777778,-0.416666667,NA
"259","Cisticola_ruficeps",NA,NA,NA,"Red-pate Cisticola","Cisticola ruficeps","Absent","Odom et al., 2014",46.38888889,45,-1.388888889,NA
"260","Cisticola_rufilatus",NA,NA,NA,"Tinkling Cisticola","Cisticola rufilatus","Absent","Odom et al., 2014",44.16666667,45.13888889,0.972222222,NA
"261","Cisticola_rufus",NA,NA,NA,"Rufous Cisticola","Cisticola rufus","Absent","Odom et al., 2014",45.27777778,41.80555556,-3.472222222,NA
"262","Cisticola_subruficapilla",NA,NA,NA,"Grey-backed Cisticola","Cisticola subruficapilla","Absent","Odom et al., 2014",41.94444444,44.16666667,2.222222222,NA
"263","Cisticola_textrix",NA,NA,NA,"Tink-tink Cisticola","Cisticola textrix","Absent","Odom et al., 2014",46.80555556,47.08333333,0.277777778,NA
"264","Cisticola_tinniens",NA,NA,NA,"Levaillant's Cisticola","Cisticola tinniens","Absent","Odom et al., 2014",43.19444444,45.69444444,2.5,NA
"265","Cisticola_troglodytes",NA,NA,NA,"Foxy Cisticola","Cisticola troglodytes","Absent","Odom et al., 2014",43.05555556,42.08333333,-0.972222222,NA
"266","Cisticola_woosnami",NA,NA,NA,"Trilling Cisticola","Cisticola woosnami","Absent","Odom et al., 2014",44.02777778,45.13888889,1.111111111,NA
"267","Cistothorus_apolinari",NA,NA,NA,"Apolinar's Wren","Cistothorus apolinari","Present","Odom et al., 2014",44.30555556,44.02777778,-0.277777778,NA
"268","Cistothorus_meridae",NA,NA,NA,"Merida Wren","Cistothorus meridae","Present","Odom et al., 2014",46.11111111,44.16666667,-1.944444444,NA
"269","Cistothorus_palustris",NA,NA,NA,"Marsh Wren","Cistothorus palustris","Absent","Odom et al., 2014",45.41666667,48.19444444,2.777777778,NA
"270","Cistothorus_platensis",NA,NA,NA,"Sedge Wren","Cistothorus platensis","Absent","Odom et al., 2014",42.22222222,43.33333333,1.111111111,NA
"271","Climacteris_affinis","Climacteris_affinis","White-browed Treecreeper","Present","White-browed Treecreeper","Climacteris affinis","Present","del Hoyo et al., 2004-2011",50.69444444,50,-0.694444444,NA
"272","Climacteris_melanurus","Climacteris_melanura","Black-tailed Treecreeper","Present","Black-tailed Treecreeper","Climacteris melanurus","Present","Odom et al., 2014",60.27777778,60.97222222,0.694444444,NA
"273","Climacteris_picumnus","Climacteris_picumnus","Brown Treecreeper","Present","Brown Treecreeper","Climacteris picumnus","Present","del Hoyo et al., 2004-2011",45,44.72222222,-0.277777778,NA
"274","Climacteris_rufus","Climacteris_rufa","Rufous Treecreeper","Present","Rufous Treecreeper","Climacteris rufus","Present","Odom et al., 2014",41.52777778,41.94444444,0.416666667,NA
"275","Clytorhynchus_nigrogularis","Clytorhynchus_nigrogularis","Black-throated Shrikebill","Absent","Black-throated Shrikebill","Clytorhynchus nigrogularis","Absent","del Hoyo et al., 2004-2011",37.36111111,52.36111111,15,NA
"276","Clytospiza_monteiri",NA,NA,NA,"Brown Twinspot","Clytospiza monteiri","Present","Odom et al., 2014",46.38888889,52.63888889,6.25,NA
"277","Cnemophilus_loriae","Cnemophilus_loriae","Loria's bird-of-paradise","Absent","Loria's Bird-of-paradise","Cnemophilus loriae","Absent","del Hoyo et al., 2004-2011",39.58333333,60.97222222,21.38888889,NA
"278","Coccothraustes_coccothraustes",NA,NA,NA,"Hawfinch","Coccothraustes coccothraustes","Present","Odom et al., 2014",48.47222222,47.08333333,-1.388888889,"Evidence for FS"
"279","Coccycolius_iris",NA,NA,NA,"Emerald Starling","Coccycolius iris","Songless","Odom et al., 2014",46.80555556,46.11111111,-0.694444444,NA
"280","Colluricincla_harmonica","Colluricincla_harmonica","Grey Shrike-thrush","Present","Grey Shrike-thrush","Colluricincla harmonica","Present","del Hoyo et al., 2004-2011",43.75,44.58333333,0.833333333,NA
"281","Colluricincla_umbrina",NA,NA,NA,"Sooty Shrike-thrush","Colluricincla umbrina","Songless","del Hoyo et al., 2004-2011",58.05555556,54.30555556,-3.75,NA
"282","Compsospiza_garleppi",NA,NA,NA,"Cochabamba Mountain-finch","Compsospiza garleppi","Absent","Odom et al., 2014",54.44444444,52.91666667,-1.527777778,NA
"283","Conopophila_albogularis","Conopophila_albogularis","Rufous-banded Honeyeater","Present","Rufous-banded Honeyeater","Conopophila albogularis","Present","del Hoyo et al., 2004-2011",51.38888889,48.88888889,-2.5,NA
"284","Conopophila_rufogularis","Conopophila_rufogularis","Rufous-throated Honeyeater","Present","Rufous-throated Honeyeater","Conopophila rufogularis","Present","del Hoyo et al., 2004-2011",42.77777778,42.63888889,-0.138888889,NA
"285","Conothraupis_mesoleuca",NA,NA,NA,"Cone-billed Tanager","Conothraupis mesoleuca","Absent","Odom et al., 2014",42.63888889,54.58333333,11.94444444,NA
"286","Conothraupis_speculigera",NA,NA,NA,"Black-and-white Tanager","Conothraupis speculigera","Absent","Odom et al., 2014",40.27777778,55.69444444,15.41666667,NA
"287","Copsychus_albospecularis",NA,NA,NA,"Madagascar Magpie-robin","Copsychus albospecularis","Present","Odom et al., 2014",45.13888889,58.33333333,13.19444444,NA
"288","Copsychus_malabaricus",NA,NA,NA,"White-rumped Shama","Copsychus malabaricus","Present","Odom et al., 2014",55.13888889,67.22222222,12.08333333,NA
"289","Copsychus_saularis",NA,NA,NA,"Oriental Magpie-robin","Copsychus saularis","Present","Odom et al., 2014",53.05555556,63.88888889,10.83333333,NA
"290","Copsychus_sechellarum",NA,NA,NA,"Seychelles Magpie-robin","Copsychus sechellarum","Present","Odom et al., 2014",62.36111111,60.55555556,-1.805555556,NA
"291","Coracina_boyeri","Coracina_boyeri","Boyer's Cuckooshrike","Present","Boyer's Cuckooshrike","Coracina boyeri","Present","del Hoyo et al., 2004-2011",52.63888889,52.22222222,-0.416666667,NA
"292","Coracina_lineata","Coracina_lineata","Yellow-eyed Cuckooshrike","Present","Yellow-eyed Cuckooshrike","Coracina lineata","Present","del Hoyo et al., 2004-2011",45.83333333,50.69444444,4.861111111,NA
"293","Coracina_maxima",NA,NA,NA,"Ground Cuckooshrike","Coracina maxima","Songless","del Hoyo et al., 2004-2011",51.11111111,49.44444444,-1.666666667,NA
"294","Coracina_melanoptera","Coracina_melanoptera","Black-headed Cuckooshrike","Absent","Black-headed Cuckooshrike","Coracina melanoptera","Absent","del Hoyo et al., 2004-2011",43.05555556,61.25,18.19444444,NA
"295","Coracina_montana","Coracina_montana","Black-bellied Cuckooshrike","Present","Black-bellied Cuckooshrike","Coracina montana","Present","del Hoyo et al., 2004-2011",54.58333333,63.61111111,9.027777778,NA
"296","Coracina_morio","Coracina_morio","Sulawesi Cicadabird","Absent","Sulawesi Cicadabird","Coracina morio","Absent","del Hoyo et al., 2004-2011",46.66666667,59.72222222,13.05555556,NA
"297","Coracina_newtoni","Coracina_newtoni","Reunion Cuckooshrike","Absent","Reunion Cuckooshrike","Coracina newtoni","Absent","del Hoyo et al., 2004-2011",42.08333333,50,7.916666667,NA
"298","Coracina_pectoralis","Coracina_pectoralis","White-breasted Cuckooshrike","Absent","White-breasted Cuckooshrike","Coracina pectoralis","Absent","del Hoyo et al., 2004-2011",48.75,50.69444444,1.944444444,NA
"299","Coracina_schistacea","Coracina_schistacea","Slaty Cuckooshrike","Present","Slaty Cuckooshrike","Coracina schistacea","Present","del Hoyo et al., 2004-2011",47.22222222,59.02777778,11.80555556,NA
"300","Coracina_schisticeps","Coracina_schisticeps","Grey-headed Cuckooshrike","Present","Grey-headed Cuckooshrike","Coracina schisticeps","Present","del Hoyo et al., 2004-2011",55.55555556,49.16666667,-6.388888889,NA
"301","Coracina_tenuirostris","Coracina_tenuirostris","Slender-billed Cicadabird","Present","Slender-billed Cicadabird","Coracina tenuirostris","Present","del Hoyo et al., 2004-2011",38.75,51.38888889,12.63888889,NA
"302","Coracina_typica","Coracina_typica","Mauritius Cuckooshrike","Present","Mauritius Cuckooshrike","Coracina typica","Present","del Hoyo et al., 2004-2011",54.16666667,52.5,-1.666666667,NA
"303","Cormobates_leucophaea","Cormobates_leucophaea","White-throated Treecreeper","Present","White-throated Treecreeper","Cormobates leucophaea","Present","del Hoyo et al., 2004-2011",48.47222222,54.44444444,5.972222222,NA
"304","Corvus_albicollis",NA,NA,NA,"White-necked Raven","Corvus albicollis","Songless","del Hoyo et al., 2004-2011",58.75,56.11111111,-2.638888889,NA
"305","Corvus_albus",NA,NA,NA,"Pied Crow","Corvus albus","Songless","del Hoyo et al., 2004-2011",58.33333333,60,1.666666667,NA
"306","Corvus_bennetti",NA,NA,NA,"Little Crow","Corvus bennetti","Songless","del Hoyo et al., 2004-2011",62.5,63.19444444,0.694444444,NA
"307","Corvus_brachyrhynchos",NA,NA,NA,"American Crow","Corvus brachyrhynchos","Songless","del Hoyo et al., 2004-2011",60.41666667,62.08333333,1.666666667,NA
"308","Corvus_capensis",NA,NA,NA,"Cape Crow","Corvus capensis","Songless","del Hoyo et al., 2004-2011",56.25,59.72222222,3.472222222,NA
"309","Corvus_caurinus",NA,NA,NA,"North-western Crow","Corvus caurinus","Songless","del Hoyo et al., 2004-2011",53.47222222,58.75,5.277777778,NA
"310","Corvus_corone","Corvus_corone","Carrion Crow","Present","Carrion Crow","Corvus corone","Present","del Hoyo et al., 2004-2011",62.5,61.11111111,-1.388888889,NA
"311","Corvus_coronoides","Corvus_coronoides","Australian Raven","Present","Australian Raven","Corvus coronoides","Present","del Hoyo et al., 2004-2011",62.5,61.25,-1.25,NA
"312","Corvus_crassirostris",NA,NA,NA,"Thick-billed Raven","Corvus crassirostris","Songless","del Hoyo et al., 2004-2011",61.80555556,63.05555556,1.25,NA
"313","Corvus_cryptoleucus",NA,NA,NA,"Chihuahuan Raven","Corvus cryptoleucus","Songless","del Hoyo et al., 2004-2011",63.05555556,59.58333333,-3.472222222,NA
"314","Corvus_dauuricus",NA,NA,NA,"Daurian Jackdaw","Corvus dauuricus","Songless","Odom et al., 2014",54.58333333,57.77777778,3.194444444,NA
"315","Corvus_enca",NA,NA,NA,"Slender-billed Crow","Corvus enca","Songless","del Hoyo et al., 2004-2011",59.16666667,55.55555556,-3.611111111,NA
"316","Corvus_florensis",NA,NA,NA,"Flores Crow","Corvus florensis","Songless","del Hoyo et al., 2004-2011",61.38888889,60.13888889,-1.25,NA
"317","Corvus_frugilegus","Corvus_frugilegus","Rook","Absent","Rook","Corvus frugilegus","Absent","del Hoyo et al., 2004-2011",58.05555556,56.38888889,-1.666666667,NA
"318","Corvus_fuscicapillus",NA,NA,NA,"Brown-headed Crow","Corvus fuscicapillus","Songless","del Hoyo et al., 2004-2011",54.02777778,50.13888889,-3.888888889,NA
"319","Corvus_hawaiiensis",NA,NA,NA,"Hawaiian Crow","Corvus hawaiiensis","Songless","del Hoyo et al., 2004-2011",60.27777778,59.58333333,-0.694444444,NA
"320","Corvus_imparatus",NA,NA,NA,"Tamaulipas Crow","Corvus imparatus","Songless","del Hoyo et al., 2004-2011",58.61111111,60.97222222,2.361111111,NA
"321","Corvus_jamaicensis",NA,NA,NA,"Jamaican Crow","Corvus jamaicensis","Songless","del Hoyo et al., 2004-2011",60.69444444,60.27777778,-0.416666667,NA
"322","Corvus_kubaryi",NA,NA,NA,"Mariana Crow","Corvus kubaryi","Songless","del Hoyo et al., 2004-2011",62.63888889,63.88888889,1.25,NA
"323","Corvus_macrorhynchos",NA,NA,NA,"Large-billed Crow","Corvus macrorhynchos","Songless","del Hoyo et al., 2004-2011",60.41666667,57.08333333,-3.333333333,NA
"324","Corvus_meeki",NA,NA,NA,"Bougainville Crow","Corvus meeki","Songless","del Hoyo et al., 2004-2011",64.86111111,60.41666667,-4.444444444,NA
"325","Corvus_mellori",NA,NA,NA,"Little Raven","Corvus mellori","Songless","del Hoyo et al., 2004-2011",64.44444444,60.55555556,-3.888888889,NA
"326","Corvus_monedula","Coloeus_monedula","Eurasian Jackdaw","Present","Eurasian Jackdaw","Corvus monedula","Present","Odom et al., 2014",57.22222222,54.86111111,-2.361111111,"Evidence for FS"
"327","Corvus_moneduloides",NA,NA,NA,"New Caledonian Crow","Corvus moneduloides","Songless","del Hoyo et al., 2004-2011",63.88888889,63.61111111,-0.277777778,NA
"328","Corvus_orru",NA,NA,NA,"Torresian Crow","Corvus orru","Songless","del Hoyo et al., 2004-2011",60.97222222,60.83333333,-0.138888889,NA
"329","Corvus_ossifragus",NA,NA,NA,"Fish Crow","Corvus ossifragus","Songless","del Hoyo et al., 2004-2011",60.83333333,60.55555556,-0.277777778,NA
"330","Corvus_palmarum",NA,NA,NA,"Palm Crow","Corvus palmarum","Songless","del Hoyo et al., 2004-2011",63.88888889,62.91666667,-0.972222222,NA
"331","Corvus_ruficollis",NA,NA,NA,"Brown-necked Raven","Corvus ruficollis","Songless","del Hoyo et al., 2004-2011",55.83333333,54.16666667,-1.666666667,NA
"332","Corvus_sinaloae",NA,NA,NA,"Sinaloa Crow","Corvus sinaloae","Songless","del Hoyo et al., 2004-2011",57.63888889,61.94444444,4.305555556,NA
"333","Corvus_splendens",NA,NA,NA,"House Crow","Corvus splendens","Songless","del Hoyo et al., 2004-2011",52.5,53.33333333,0.833333333,NA
"334","Corvus_tasmanicus",NA,NA,NA,"Forest Raven","Corvus tasmanicus","Songless","del Hoyo et al., 2004-2011",63.19444444,61.94444444,-1.25,NA
"335","Corvus_torquatus",NA,NA,NA,"Collared Crow","Corvus torquatus","Songless","del Hoyo et al., 2004-2011",63.05555556,58.88888889,-4.166666667,NA
"336","Corvus_tristis",NA,NA,NA,"Grey Crow","Corvus tristis","Songless","del Hoyo et al., 2004-2011",54.16666667,55.27777778,1.111111111,NA
"337","Corvus_typicus","Corvus_typicus","Piping Crow","Present","Piping Crow","Corvus typicus","Present","del Hoyo et al., 2004-2011",54.44444444,57.5,3.055555556,NA
"338","Corvus_validus",NA,NA,NA,"Long-billed Crow","Corvus validus","Songless","del Hoyo et al., 2004-2011",65.13888889,67.63888889,2.5,NA
"339","Corvus_woodfordi",NA,NA,NA,"White-billed Crow","Corvus woodfordi","Songless","del Hoyo et al., 2004-2011",60,60.55555556,0.555555556,NA
"340","Cossypha_caffra",NA,NA,NA,"Cape Robin-chat","Cossypha caffra","Present","Odom et al., 2014",47.5,45.83333333,-1.666666667,NA
"341","Cossypha_heuglini",NA,NA,NA,"White-browed Robin-chat","Cossypha heuglini","Present","Odom et al., 2014",58.05555556,57.77777778,-0.277777778,NA
"342","Cossypha_humeralis",NA,NA,NA,"White-throated Robin-chat","Cossypha humeralis","Present","Odom et al., 2014",53.19444444,49.30555556,-3.888888889,NA
"343","Cracticus_cassicus","Cracticus_cassicus","Hooded Butcherbird","Present","Hooded Butcherbird","Cracticus cassicus","Present","del Hoyo et al., 2004-2011",61.66666667,60.69444444,-0.972222222,NA
"344","Cracticus_mentalis","Cracticus_mentalis","Black-backed Butcherbird","Present","Black-backed Butcherbird","Cracticus mentalis","Present","del Hoyo et al., 2004-2011",55.55555556,56.66666667,1.111111111,NA
"345","Cracticus_nigrogularis","Cracticus_nigrogularis","Pied Butcherbird","Present","Pied Butcherbird","Cracticus nigrogularis","Present","del Hoyo et al., 2004-2011",60.83333333,60.97222222,0.138888889,NA
"346","Cracticus_quoyi","Cracticus_quoyi","Black Butcherbird","Present","Black Butcherbird","Cracticus quoyi","Present","del Hoyo et al., 2004-2011",64.16666667,63.61111111,-0.555555556,NA
"347","Cracticus_torquatus","Cracticus_torquatus","Grey Butcherbird","Present","Grey Butcherbird","Cracticus torquatus","Present","del Hoyo et al., 2004-2011",51.25,53.47222222,2.222222222,NA
"348","Creatophora_cinerea",NA,NA,NA,"Wattled Starling","Creatophora cinerea","Absent","Odom et al., 2014",51.11111111,63.05555556,11.94444444,NA
"349","Creurgops_dentatus",NA,NA,NA,"Slaty Tanager","Creurgops dentatus","Songless","Odom et al., 2014",40.97222222,47.5,6.527777778,NA
"350","Crypsirina_temia",NA,NA,NA,"Racket-tailed Treepie","Crypsirina temia","Songless","del Hoyo et al., 2004-2011",66.94444444,65.83333333,-1.111111111,NA
"351","Cryptospiza_shelleyi",NA,NA,NA,"Shelley's Crimson-wing","Cryptospiza shelleyi","Songless","Odom et al., 2014",39.44444444,49.72222222,10.27777778,NA
"352","Curaeus_forbesi",NA,NA,NA,"Forbes's Blackbird","Curaeus forbesi","Present","Odom et al., 2014",61.52777778,63.19444444,1.666666667,NA
"353","Cyanerpes_caeruleus",NA,NA,NA,"Purple Honeycreeper","Cyanerpes caeruleus","Songless","Odom et al., 2014",37.5,63.75,26.25,NA
"354","Cyanerpes_nitidus",NA,NA,NA,"Short-billed Honeycreeper","Cyanerpes nitidus","Songless","Odom et al., 2014",39.30555556,68.75,29.44444444,NA
"355","Cyanicterus_cyanicterus",NA,NA,NA,"Blue-backed Tanager","Cyanicterus cyanicterus","Present","Odom et al., 2014",53.19444444,64.72222222,11.52777778,NA
"356","Cyanocitta_cristata",NA,NA,NA,"Blue Jay","Cyanocitta cristata","Songless","del Hoyo et al., 2004-2011",61.94444444,59.58333333,-2.361111111,NA
"357","Cyanocitta_stelleri",NA,NA,NA,"Steller's Jay","Cyanocitta stelleri","Songless","del Hoyo et al., 2004-2011",60.83333333,60.97222222,0.138888889,NA
"358","Cyanocompsa_cyanoides",NA,NA,NA,"Blue-black Grosbeak","Cyanocompsa cyanoides","Present","Odom et al., 2014",40.69444444,68.33333333,27.63888889,NA
"359","Cyanocorax_affinis",NA,NA,NA,"Black-chested Jay","Cyanocorax affinis","Songless","del Hoyo et al., 2004-2011",62.22222222,63.61111111,1.388888889,NA
"360","Cyanocorax_cayanus",NA,NA,NA,"Cayenne Jay","Cyanocorax cayanus","Songless","del Hoyo et al., 2004-2011",65.27777778,63.61111111,-1.666666667,NA
"361","Cyanocorax_cyanomelas",NA,NA,NA,"Purplish Jay","Cyanocorax cyanomelas","Songless","del Hoyo et al., 2004-2011",68.75,67.22222222,-1.527777778,NA
"362","Cyanocorax_dickeyi",NA,NA,NA,"Tufted Jay","Cyanocorax dickeyi","Songless","del Hoyo et al., 2004-2011",64.16666667,62.63888889,-1.527777778,NA
"363","Cyanocorax_heilprini",NA,NA,NA,"Azure-naped Jay","Cyanocorax heilprini","Songless","del Hoyo et al., 2004-2011",66.38888889,65.55555556,-0.833333333,NA
"364","Cyanocorax_morio",NA,NA,NA,"Brown Jay","Cyanocorax morio","Songless","del Hoyo et al., 2004-2011",54.02777778,54.44444444,0.416666667,NA
"365","Cyanocorax_violaceus",NA,NA,NA,"Violaceous Jay","Cyanocorax violaceus","Songless","del Hoyo et al., 2004-2011",63.19444444,62.91666667,-0.277777778,NA
"366","Cyanocorax_yncas",NA,NA,NA,"Green Jay","Cyanocorax yncas","Songless","del Hoyo et al., 2004-2011",61.11111111,61.38888889,0.277777778,NA
"367","Cyanolanius_madagascarinus",NA,NA,NA,"Blue Vanga","Cyanolanius madagascarinus","Songless","del Hoyo et al., 2004-2011",58.61111111,59.72222222,1.111111111,NA
"368","Cyanolyca_argentigula",NA,NA,NA,"Silvery-throated Jay","Cyanolyca argentigula","Songless","del Hoyo et al., 2004-2011",61.66666667,61.11111111,-0.555555556,NA
"369","Cyanolyca_mirabilis",NA,NA,NA,"White-throated Jay","Cyanolyca mirabilis","Songless","del Hoyo et al., 2004-2011",60.97222222,61.25,0.277777778,NA
"370","Cyanolyca_pumilo",NA,NA,NA,"Black-throated Jay","Cyanolyca pumilo","Songless","del Hoyo et al., 2004-2011",69.02777778,67.91666667,-1.111111111,NA
"371","Cyanolyca_viridicyanus",NA,NA,NA,"White-collared Jay","Cyanolyca viridicyanus","Songless","Odom et al., 2014",62.91666667,62.91666667,0,NA
"372","Cyornis_banyumas",NA,NA,NA,"Hill Blue-flycatcher","Cyornis banyumas","Present","Odom et al., 2014",38.88888889,51.11111111,12.22222222,NA
"373","Cyornis_rufigastra",NA,NA,NA,"Mangrove Blue-flycatcher","Cyornis rufigastra","Present","Odom et al., 2014",52.77777778,59.58333333,6.805555556,NA
"374","Cyornis_tickelliae",NA,NA,NA,"Tickell's Blue-flycatcher","Cyornis tickelliae","Present","Odom et al., 2014",47.5,52.63888889,5.138888889,NA
"375","Cyphorhinus_arada",NA,NA,NA,"Musician Wren","Cyphorhinus arada","Present","Odom et al., 2014",47.77777778,48.88888889,1.111111111,NA
"376","Cyphorhinus_phaeocephalus",NA,NA,NA,"Song Wren","Cyphorhinus phaeocephalus","Present","Odom et al., 2014",59.30555556,57.08333333,-2.222222222,NA
"377","Cypsnagra_hirundinacea",NA,NA,NA,"White-rumped Tanager","Cypsnagra hirundinacea","Present","Odom et al., 2014",56.11111111,55,-1.111111111,NA
"378","Dacnis_hartlaubi",NA,NA,NA,"Turquoise Dacnis","Dacnis hartlaubi","Absent","Odom et al., 2014",38.05555556,57.5,19.44444444,NA
"379","Daphoenositta_miranda",NA,NA,NA,"Black Sittella","Daphoenositta miranda","Songless","del Hoyo et al., 2004-2011",59.86111111,61.80555556,1.944444444,NA
"380","Dasyornis_brachypterus","Dasyornis_brachypterus","Eastern Bristlebird","Present","Eastern Bristlebird","Dasyornis brachypterus","Present","del Hoyo et al., 2004-2011",46.80555556,47.36111111,0.555555556,NA
"381","Dasyornis_broadbenti","Dasyornis_broadbenti","Rufous Bristlebird","Present","Rufous Bristlebird","Dasyornis broadbenti","Present","del Hoyo et al., 2004-2011",45.27777778,45,-0.277777778,NA
"382","Dasyornis_longirostris","Dasyornis_longirostris","Western Bristlebird","Present","Western Bristlebird","Dasyornis longirostris","Present","del Hoyo et al., 2004-2011",43.33333333,42.36111111,-0.972222222,NA
"383","Delichon_nipalense",NA,NA,NA,"Nepal House-martin","Delichon nipalense","Songless","Odom et al., 2014",54.58333333,52.63888889,-1.944444444,NA
"384","Delichon_urbicum",NA,NA,NA,"Northern House-martin","Delichon urbicum","Present","Odom et al., 2014",54.58333333,52.91666667,-1.666666667,"Evidence for FS"
"385","Dendrocitta_occipitalis",NA,NA,NA,"Sunda Treepie","Dendrocitta occipitalis","Songless","del Hoyo et al., 2004-2011",52.91666667,53.33333333,0.416666667,NA
"386","Dendroica_petechia",NA,NA,NA,"Yellow Warbler","Dendroica petechia","Present","Odom et al., 2014",47.5,54.44444444,6.944444444,NA
"387","Dicaeum_aureolimbatum",NA,NA,NA,"Yellow-sided Flowerpecker","Dicaeum aureolimbatum","Songless","Odom et al., 2014",40.97222222,42.36111111,1.388888889,NA
"388","Dicaeum_hirundinaceum",NA,NA,NA,"Mistletoebird","Dicaeum hirundinaceum","Present","Odom et al., 2014",47.22222222,68.33333333,21.11111111,NA
"389","Dicrurus_adsimilis","Dicrurus_adsimilis","Fork-tailed Drongo","Present","Fork-tailed Drongo","Dicrurus adsimilis","Present","del Hoyo et al., 2004-2011",64.44444444,62.08333333,-2.361111111,NA
"390","Dicrurus_aldabranus","Dicrurus_aldabranus","Aldabra Drongo","Present","Aldabra Drongo","Dicrurus aldabranus","Present","del Hoyo et al., 2004-2011",60.41666667,57.77777778,-2.638888889,NA
"391","Dicrurus_annectans","Dicrurus_annectans","Crow-billed Drongo","Present","Crow-billed Drongo","Dicrurus annectans","Present","del Hoyo et al., 2004-2011",59.72222222,62.63888889,2.916666667,NA
"392","Dicrurus_atripennis","Dicrurus_atripennis","Shining Drongo","Present","Shining Drongo","Dicrurus atripennis","Present","del Hoyo et al., 2004-2011",62.5,58.61111111,-3.888888889,NA
"393","Dicrurus_balicassius","Dicrurus_balicassius","Balicassiao","Present","Balicassiao","Dicrurus balicassius","Present","del Hoyo et al., 2004-2011",62.5,66.66666667,4.166666667,NA
"394","Dicrurus_bracteatus","Dicrurus_bracteatus","Spangled Drongo","Present","Spangled Drongo","Dicrurus bracteatus","Present","del Hoyo et al., 2004-2011",63.88888889,63.33333333,-0.555555556,NA
"395","Dicrurus_fuscipennis","Dicrurus_fuscipennis","Comoro Drongo","Present","Grand Comoro Drongo","Dicrurus fuscipennis","Present","del Hoyo et al., 2004-2011",59.72222222,56.66666667,-3.055555556,NA
"396","Dicrurus_hottentottus",NA,NA,NA,"Hair-crested Drongo","Dicrurus hottentottus","Songless","del Hoyo et al., 2004-2011",58.61111111,59.02777778,0.416666667,NA
"397","Dicrurus_ludwigii","Dicrurus_ludwigii","Square-tailed Drongo","Present","Square-tailed Drongo","Dicrurus ludwigii","Present","del Hoyo et al., 2004-2011",51.38888889,65.13888889,13.75,NA
"398","Dicrurus_macrocercus","Dicrurus_macrocercus","Black Drongo","Present","Black Drongo","Dicrurus macrocercus","Present","del Hoyo et al., 2004-2011",59.02777778,60.69444444,1.666666667,NA
"399","Dicrurus_modestus","Dicrurus_modestus","Velvet-mantled Drongo","Present","Velvet-mantled Drongo","Dicrurus modestus","Present","del Hoyo et al., 2004-2011",60,56.80555556,-3.194444444,NA
"400","Dicrurus_montanus","Dicrurus_montanus","Sulawesi Drongo","Present","Sulawesi Drongo","Dicrurus montanus","Present","del Hoyo et al., 2004-2011",60.83333333,65.27777778,4.444444444,NA
"401","Dicrurus_paradiseus","Dicrurus_paradiseus","Greater Racket-tailed Drongo","Present","Greater Racket-tailed Drongo","Dicrurus paradiseus","Present","del Hoyo et al., 2004-2011",61.94444444,64.02777778,2.083333333,NA
"402","Dicrurus_waldenii","Dicrurus_waldenii","Mayotte Drongo","Present","Mayotte Drongo","Dicrurus waldenii","Present","del Hoyo et al., 2004-2011",58.05555556,62.08333333,4.027777778,NA
"403","Diglossa_brunneiventris",NA,NA,NA,"Black-throated Flowerpiercer","Diglossa brunneiventris","Present","Odom et al., 2014",62.63888889,61.25,-1.388888889,NA
"404","Diglossa_humeralis",NA,NA,NA,"Black Flowerpiercer","Diglossa humeralis","Present","Odom et al., 2014",62.22222222,60.97222222,-1.25,NA
"405","Diglossa_lafresnayii",NA,NA,NA,"Glossy Flowerpiercer","Diglossa lafresnayii","Present","Odom et al., 2014",60.83333333,59.16666667,-1.666666667,NA
"406","Dives_atroviolaceus",NA,NA,NA,"Cuban Blackbird","Dives atroviolaceus","Present","Odom et al., 2014",68.33333333,68.61111111,0.277777778,NA
"407","Dives_dives",NA,NA,NA,"Melodious Blackbird","Dives dives","Present","Odom et al., 2014",63.47222222,64.58333333,1.111111111,NA
"408","Dives_warszewiczi",NA,NA,NA,"Scrub Blackbird","Dives warszewiczi","Present","Odom et al., 2014",65.97222222,61.94444444,-4.027777778,NA
"409","Dolichonyx_oryzivorus",NA,NA,NA,"Bobolink","Dolichonyx oryzivorus","Absent","Odom et al., 2014",47.5,58.47222222,10.97222222,NA
"410","Dolospingus_fringilloides",NA,NA,NA,"White-naped Seedeater","Dolospingus fringilloides","Absent","Odom et al., 2014",38.75,58.05555556,19.30555556,NA
"411","Donacobius_atricapilla",NA,NA,NA,"Black-capped Donacobius","Donacobius atricapilla","Present","Odom et al., 2014",48.05555556,48.33333333,0.277777778,NA
"412","Donacospiza_albifrons",NA,NA,NA,"Long-tailed Reed-finch","Donacospiza albifrons","Present","Odom et al., 2014",39.72222222,38.75,-0.972222222,NA
"413","Dromaeocercus_brunneus",NA,NA,NA,"Brown Emu-tail","Dromaeocercus brunneus","Present","Odom et al., 2014",44.30555556,38.19444444,-6.111111111,NA
"414","Drymocichla_incana",NA,NA,NA,"Red-winged Grey Warbler","Drymocichla incana","Present","Odom et al., 2014",49.86111111,49.86111111,7.11e-15,NA
"415","Drymodes_brunneopygia","Drymodes_brunneopygia","Southern Scrub-Robin","Absent","Southern Scrub-robin","Drymodes brunneopygia","Absent","del Hoyo et al., 2004-2011",42.91666667,43.88888889,0.972222222,NA
"416","Dryoscopus_angolensis",NA,NA,NA,"Pink-footed Puffback","Dryoscopus angolensis","Songless","del Hoyo et al., 2004-2011",40.83333333,54.72222222,13.88888889,NA
"417","Dryoscopus_cubla","Dryoscopus_cubla","Black-backed Puffback","Present","Black-backed Puffback","Dryoscopus cubla","Present","del Hoyo et al., 2004-2011",47.91666667,53.61111111,5.694444444,NA
"418","Dryoscopus_gambensis",NA,NA,NA,"Northern Puffback","Dryoscopus gambensis","Songless","del Hoyo et al., 2004-2011",42.91666667,51.80555556,8.888888889,NA
"419","Dryoscopus_sabini","Dryoscopus_sabini","Large-billed Puffback","Present","Large-billed Puffback","Dryoscopus sabini","Present","del Hoyo et al., 2004-2011",43.05555556,55.83333333,12.77777778,NA
"420","Dulus_dominicus",NA,NA,NA,"Palmchat","Dulus dominicus","Songless","Odom et al., 2014",43.05555556,43.05555556,0,NA
"421","Dumetella_carolinensis",NA,NA,NA,"Grey Catbird","Dumetella carolinensis","Present","Odom et al., 2014",52.08333333,52.36111111,0.277777778,NA
"422","Emberiza_affinis",NA,NA,NA,"Brown-rumped Bunting","Emberiza affinis","Absent","Odom et al., 2014",53.61111111,49.58333333,-4.027777778,NA
"423","Emberiza_cabanisi",NA,NA,NA,"Cabanis's Bunting","Emberiza cabanisi","Absent","Odom et al., 2014",45.41666667,53.05555556,7.638888889,NA
"424","Emberiza_capensis",NA,NA,NA,"Cape Bunting","Emberiza capensis","Absent","Odom et al., 2014",48.05555556,46.80555556,-1.25,NA
"425","Emberiza_cia",NA,NA,NA,"Rock Bunting","Emberiza cia","Present","Odom et al., 2014",41.94444444,47.22222222,5.277777778,"Evidence for FS"
"426","Emberiza_cirlus",NA,NA,NA,"Cirl Bunting","Emberiza cirlus","Present","Odom et al., 2014",41.52777778,50.13888889,8.611111111,"Evidence for FS"
"427","Emberiza_citrinella",NA,NA,NA,"Yellowhammer","Emberiza citrinella","Present","Odom et al., 2014",42.77777778,48.05555556,5.277777778,"Evidence for FS"
"428","Emberiza_flaviventris",NA,NA,NA,"African Golden-breasted Bunting","Emberiza flaviventris","Absent","Odom et al., 2014",46.94444444,54.58333333,7.638888889,NA
"429","Emberiza_impetuani",NA,NA,NA,"Lark-like Bunting","Emberiza impetuani","Absent","Odom et al., 2014",42.77777778,38.75,-4.027777778,NA
"430","Emberiza_poliopleura",NA,NA,NA,"Somali Golden-breasted Bunting","Emberiza poliopleura","Absent","Odom et al., 2014",44.02777778,52.36111111,8.333333333,NA
"431","Emberiza_rustica",NA,NA,NA,"Rustic Bunting","Emberiza rustica","Present","Odom et al., 2014",40.83333333,49.02777778,8.194444444,"Evidence for FS"
"432","Emberiza_socotrana",NA,NA,NA,"Socotra Bunting","Emberiza socotrana","Absent","Odom et al., 2014",47.63888889,48.75,1.111111111,NA
"433","Emberiza_striolata",NA,NA,NA,"House Bunting","Emberiza striolata","Absent","Odom et al., 2014",35.41666667,45.27777778,9.861111111,NA
"434","Emberiza_tahapisi",NA,NA,NA,"Cinnamon-breasted Bunting","Emberiza tahapisi","Absent","Odom et al., 2014",44.16666667,61.25,17.08333333,NA
"435","Embernagra_longicauda",NA,NA,NA,"Pale-throated Pampa-finch","Embernagra longicauda","Present","Odom et al., 2014",50.69444444,51.11111111,0.416666667,NA
"436","Eminia_lepida",NA,NA,NA,"Grey-capped Warbler","Eminia lepida","Present","Odom et al., 2014",51.52777778,53.61111111,2.083333333,NA
"437","Enicurus_ruficapillus",NA,NA,NA,"Chestnut-naped Forktail","Enicurus ruficapillus","Songless","Odom et al., 2014",59.72222222,59.86111111,0.138888889,NA
"438","Enicurus_schistaceus",NA,NA,NA,"Slaty-backed Forktail","Enicurus schistaceus","Songless","Odom et al., 2014",52.77777778,53.05555556,0.277777778,NA
"439","Enodes_erythrophris",NA,NA,NA,"Fiery-browed Myna","Enodes erythrophris","Absent","Odom et al., 2014",57.36111111,52.36111111,-5,NA
"440","Entomyzon_cyanotis",NA,NA,NA,"Blue-faced Honeyeater","Entomyzon cyanotis","Songless","del Hoyo et al., 2004-2011",54.30555556,57.36111111,3.055555556,NA
"441","Eopsaltria_australis",NA,NA,NA,"Eastern Yellow Robin","Eopsaltria australis","Songless","del Hoyo et al., 2004-2011",52.91666667,55.69444444,2.777777778,NA
"442","Epimachus_albertisi","Drepanornis_albertisi","Black-billed Sicklebill","Absent","Black-billed Sicklebill","Epimachus albertisi","Absent","Odom et al., 2014",43.33333333,52.22222222,8.888888889,NA
"443","Epimachus_bruijnii","Drepanornis_bruijnii","Pale-billed Sicklebill","Absent","Pale-billed Sicklebill","Epimachus bruijnii","Absent","Odom et al., 2014",45.69444444,54.72222222,9.027777778,NA
"444","Epimachus_fastuosus","Epimachus_fastuosus","Black Sicklebill","Absent","Black Sicklebill","Epimachus fastuosus","Absent","del Hoyo et al., 2004-2011",50.41666667,71.25,20.83333333,NA
"445","Epimachus_meyeri","Epimachus_meyeri","Brown Sicklebill","Absent","Brown Sicklebill","Epimachus meyeri","Absent","del Hoyo et al., 2004-2011",55.41666667,63.61111111,8.194444444,NA
"446","Epthianura_crocea",NA,NA,NA,"Yellow Chat","Epthianura crocea","Songless","del Hoyo et al., 2004-2011",47.77777778,60.83333333,13.05555556,NA
"447","Eremalauda_dunni",NA,NA,NA,"Dunn's Lark","Eremalauda dunni","Absent","Odom et al., 2014",45.83333333,47.91666667,2.083333333,NA
"448","Eremalauda_starki",NA,NA,NA,"Stark's Lark","Eremalauda starki","Absent","Odom et al., 2014",44.86111111,43.88888889,-0.972222222,NA
"449","Eremophila_alpestris",NA,NA,NA,"Horned Lark","Eremophila alpestris","Present","Odom et al., 2014",47.5,50.69444444,3.194444444,"Evidence for FS"
"450","Eremopsaltria_mongolicus",NA,NA,NA,"Mongolian Finch","Eremopsaltria mongolicus","Absent","Odom et al., 2014",39.02777778,39.44444444,0.416666667,NA
"451","Eremopterix_australis",NA,NA,NA,"Black-eared Sparrow-lark","Eremopterix australis","Absent","Odom et al., 2014",40.55555556,68.33333333,27.77777778,NA
"452","Eremopterix_leucotis",NA,NA,NA,"Chestnut-backed Sparrow-lark","Eremopterix leucotis","Absent","Odom et al., 2014",42.22222222,69.02777778,26.80555556,NA
"453","Eremopterix_nigriceps",NA,NA,NA,"Black-crowned Sparrow-lark","Eremopterix nigriceps","Absent","Odom et al., 2014",45.13888889,61.94444444,16.80555556,"Evidence for FS"
"454","Eremopterix_signatus",NA,NA,NA,"Chestnut-headed Sparrow-lark","Eremopterix signatus","Absent","Odom et al., 2014",39.44444444,59.58333333,20.13888889,NA
"455","Eremopterix_verticalis",NA,NA,NA,"Grey-backed Sparrow-lark","Eremopterix verticalis","Absent","Odom et al., 2014",44.72222222,65,20.27777778,NA
"456","Erithacus_akahige",NA,NA,NA,"Japanese Robin","Erithacus akahige","Present","Odom et al., 2014",41.80555556,50.41666667,8.611111111,NA
"457","Erithacus_komadori",NA,NA,NA,"Ryukyu Robin","Erithacus komadori","Present","Odom et al., 2014",45.27777778,61.52777778,16.25,NA
"458","Erithacus_rubecula",NA,NA,NA,"European Robin","Erithacus rubecula","Present","Odom et al., 2014",47.5,46.94444444,-0.555555556,"Evidence for FS"
"459","Erythropygia_galactotes",NA,NA,NA,"Rufous-tailed Scrub-robin","Erythropygia galactotes","Absent","Odom et al., 2014",48.19444444,44.86111111,-3.333333333,"Evidence for FS"
"460","Erythropygia_hartlaubi",NA,NA,NA,"Brown-backed Scrub-robin","Erythropygia hartlaubi","Present","Odom et al., 2014",44.02777778,45.83333333,1.805555556,NA
"461","Erythropygia_quadrivirgata",NA,NA,NA,"Bearded Scrub-robin","Erythropygia quadrivirgata","Present","Odom et al., 2014",44.30555556,45.83333333,1.527777778,NA
"462","Erythropygia_signata",NA,NA,NA,"Brown Scrub-robin","Erythropygia signata","Present","Odom et al., 2014",46.11111111,43.61111111,-2.5,NA
"463","Erythrura_coloria",NA,NA,NA,"Red-eared Parrotfinch","Erythrura coloria","Songless","Odom et al., 2014",46.11111111,44.44444444,-1.666666667,NA
"464","Erythrura_kleinschmidti",NA,NA,NA,"Pink-billed Parrotfinch","Erythrura kleinschmidti","Songless","Odom et al., 2014",56.66666667,53.19444444,-3.472222222,NA
"465","Estrilda_atricapilla",NA,NA,NA,"Black-headed Waxbill","Estrilda atricapilla","Songless","Odom et al., 2014",56.38888889,52.91666667,-3.472222222,NA
"466","Estrilda_caerulescens",NA,NA,NA,"Lavender Waxbill","Estrilda caerulescens","Songless","Odom et al., 2014",51.52777778,54.16666667,2.638888889,NA
"467","Estrilda_erythronotos",NA,NA,NA,"Black-cheeked Waxbill","Estrilda erythronotos","Songless","Odom et al., 2014",44.86111111,49.72222222,4.861111111,NA
"468","Estrilda_perreini",NA,NA,NA,"Black-tailed Waxbill","Estrilda perreini","Absent","Odom et al., 2014",50.69444444,49.02777778,-1.666666667,NA
"469","Eumyias_albicaudatus",NA,NA,NA,"Nilgiri Flycatcher","Eumyias albicaudatus","Present","Odom et al., 2014",53.88888889,67.63888889,13.75,NA
"470","Euphagus_carolinus",NA,NA,NA,"Rusty Blackbird","Euphagus carolinus","Present","Odom et al., 2014",47.91666667,60.55555556,12.63888889,NA
"471","Euphagus_cyanocephalus",NA,NA,NA,"Brewer's Blackbird","Euphagus cyanocephalus","Present","Odom et al., 2014",39.02777778,62.91666667,23.88888889,NA
"472","Euphonia_chrysopasta",NA,NA,NA,"White-lored Euphonia","Euphonia chrysopasta","Absent","Odom et al., 2014",45.55555556,41.94444444,-3.611111111,NA
"473","Euphonia_hirundinacea",NA,NA,NA,"Yellow-throated Euphonia","Euphonia hirundinacea","Absent","Odom et al., 2014",41.94444444,59.86111111,17.91666667,NA
"474","Euphonia_rufiventris",NA,NA,NA,"Rufous-bellied Euphonia","Euphonia rufiventris","Present","Odom et al., 2014",40.83333333,72.08333333,31.25,NA
"475","Eurocephalus_anguitimens",NA,NA,NA,"White-crowned Shrike","Eurocephalus anguitimens","Songless","del Hoyo et al., 2004-2011",52.91666667,53.19444444,0.277777778,NA
"476","Euschistospiza_dybowskii",NA,NA,NA,"Dybowski's Twinspot","Euschistospiza dybowskii","Present","Odom et al., 2014",50.69444444,51.52777778,0.833333333,NA
"477","Eutrichomyias_rowleyi",NA,NA,NA,"Cerulean Paradise-flycatcher","Eutrichomyias rowleyi","Songless","del Hoyo et al., 2004-2011",57.5,59.30555556,1.805555556,NA
"478","Falculea_palliata","Falculea_palliata","Sickle-billed Vanga","Present","Sickle-billed Vanga","Falculea palliata","Present","del Hoyo et al., 2004-2011",56.52777778,56.94444444,0.416666667,NA
"479","Ferminia_cerverai",NA,NA,NA,"Zapata Wren","Ferminia cerverai","Present","Odom et al., 2014",43.88888889,46.38888889,2.5,NA
"480","Ficedula_narcissina",NA,NA,NA,"Narcissus Flycatcher","Ficedula narcissina","Present","Odom et al., 2014",37.91666667,58.88888889,20.97222222,NA
"481","Foudia_flavicans",NA,NA,NA,"Rodrigues Fody","Foudia flavicans","Present","Odom et al., 2014",42.91666667,65.69444444,22.77777778,NA
"482","Foudia_rubra",NA,NA,NA,"Mauritius Fody","Foudia rubra","Present","Odom et al., 2014",41.52777778,65.41666667,23.88888889,NA
"483","Foulehaio_carunculatus","Foulehaio_carunculata","Wattled Honeyeater","Present","Wattled Honeyeater","Foulehaio carunculatus","Present","Odom et al., 2014",40.83333333,41.25,0.416666667,NA
"484","Fringilla_coelebs",NA,NA,NA,"Eurasian Chaffinch","Fringilla coelebs","Present","Odom et al., 2014",38.88888889,46.66666667,7.777777778,"Evidence for FS"
"485","Galerida_cristata",NA,NA,NA,"Crested Lark","Galerida cristata","Absent","Odom et al., 2014",38.61111111,41.38888889,2.777777778,"Evidence for FS"
"486","Galerida_deva",NA,NA,NA,"Tawny Lark","Galerida deva","Absent","Odom et al., 2014",41.52777778,39.58333333,-1.944444444,NA
"487","Galerida_modesta",NA,NA,NA,"Sun Lark","Galerida modesta","Absent","Odom et al., 2014",45.55555556,45,-0.555555556,NA
"488","Galerida_theklae",NA,NA,NA,"Thekla Lark","Galerida theklae","Absent","Odom et al., 2014",43.75,42.63888889,-1.111111111,NA
"489","Garrulax_austeni",NA,NA,NA,"Brown-capped Laughingthrush","Garrulax austeni","Present","Odom et al., 2014",43.75,45.55555556,1.805555556,NA
"490","Garrulax_caerulatus",NA,NA,NA,"Grey-sided Laughingthrush","Garrulax caerulatus","Present","Odom et al., 2014",54.72222222,51.38888889,-3.333333333,NA
"491","Garrulax_calvus",NA,NA,NA,"Bare-headed Laughingthrush","Garrulax calvus","Present","Odom et al., 2014",52.36111111,53.19444444,0.833333333,NA
"492","Garrulax_canorus",NA,NA,NA,"Chinese Hwamei","Garrulax canorus","Absent","Odom et al., 2014",40.13888889,41.94444444,1.805555556,NA
"493","Garrulax_courtoisi",NA,NA,NA,"Blue-crowned Laughingthrush","Garrulax courtoisi","Songless","Odom et al., 2014",57.91666667,56.38888889,-1.527777778,NA
"494","Garrulax_elliotii",NA,NA,NA,"Elliot's Laughingthrush","Garrulax elliotii","Present","Odom et al., 2014",38.61111111,39.44444444,0.833333333,NA
"495","Garrulax_erythrocephalus",NA,NA,NA,"Chestnut-crowned Laughingthrush","Garrulax erythrocephalus","Present","Odom et al., 2014",50.41666667,50.55555556,0.138888889,NA
"496","Garrulax_galbanus",NA,NA,NA,"Yellow-throated Laughingthrush","Garrulax galbanus","Songless","Odom et al., 2014",51.52777778,50,-1.527777778,NA
"497","Garrulax_henrici",NA,NA,NA,"Brown-cheeked Laughingthrush","Garrulax henrici","Present","Odom et al., 2014",46.38888889,46.80555556,0.416666667,NA
"498","Garrulax_lineatus",NA,NA,NA,"Streaked Laughingthrush","Garrulax lineatus","Present","Odom et al., 2014",41.11111111,39.58333333,-1.527777778,NA
"499","Garrulax_lunulatus",NA,NA,NA,"Barred Laughingthrush","Garrulax lunulatus","Present","Odom et al., 2014",43.19444444,44.16666667,0.972222222,NA
"500","Garrulax_ocellatus",NA,NA,NA,"Spotted Laughingthrush","Garrulax ocellatus","Present","Odom et al., 2014",49.30555556,47.63888889,-1.666666667,NA
"501","Garrulax_rufifrons",NA,NA,NA,"Rufous-fronted Laughingthrush","Garrulax rufifrons","Songless","Odom et al., 2014",38.19444444,38.88888889,0.694444444,NA
"502","Garrulax_squamatus",NA,NA,NA,"Blue-winged Laughingthrush","Garrulax squamatus","Present","Odom et al., 2014",44.72222222,45.41666667,0.694444444,NA
"503","Garrulax_virgatus",NA,NA,NA,"Striped Laughingthrush","Garrulax virgatus","Present","Odom et al., 2014",44.30555556,44.58333333,0.277777778,NA
"504","Garrulax_yersini",NA,NA,NA,"Collared Laughingthrush","Garrulax yersini","Present","Odom et al., 2014",55.83333333,56.66666667,0.833333333,NA
"505","Garrulus_glandarius",NA,NA,NA,"Eurasian Jay","Garrulus glandarius","Present","del Hoyo et al., 2004-2011",40.13888889,42.63888889,2.5,"Evidence for FS"
"506","Garrulus_lidthi",NA,NA,NA,"Amami Jay","Garrulus lidthi","Songless","del Hoyo et al., 2004-2011",67.22222222,67.22222222,0,NA
"507","Geospiza_conirostris",NA,NA,NA,"Large Cactus-finch","Geospiza conirostris","Absent","Odom et al., 2014",56.38888889,66.11111111,9.722222222,NA
"508","Geospiza_difficilis",NA,NA,NA,"Sharp-beaked Ground-finch","Geospiza difficilis","Absent","Odom et al., 2014",49.16666667,61.66666667,12.5,NA
"509","Geospiza_fortis",NA,NA,NA,"Medium Ground-finch","Geospiza fortis","Absent","Odom et al., 2014",45.55555556,62.77777778,17.22222222,NA
"510","Geospiza_fuliginosa",NA,NA,NA,"Small Ground-finch","Geospiza fuliginosa","Absent","Odom et al., 2014",49.72222222,65.69444444,15.97222222,NA
"511","Geospiza_magnirostris",NA,NA,NA,"Large Ground-finch","Geospiza magnirostris","Absent","Odom et al., 2014",50,65.13888889,15.13888889,NA
"512","Geospiza_scandens",NA,NA,NA,"Common Cactus-finch","Geospiza scandens","Absent","Odom et al., 2014",47.36111111,63.05555556,15.69444444,NA
"513","Geothlypis_aequinoctialis",NA,NA,NA,"Masked Yellowthroat","Geothlypis aequinoctialis","Present","Odom et al., 2014",45.13888889,48.33333333,3.194444444,NA
"514","Gerygone_albofrontata","Gerygone_albofrontata","Chatham Islands Gerygone","Present","Chatham Gerygone","Gerygone albofrontata","Present","del Hoyo et al., 2004-2011",42.22222222,43.75,1.527777778,NA
"515","Gerygone_igata","Gerygone_igata","Grey Gerygone","Present","Grey Gerygone","Gerygone igata","Present","del Hoyo et al., 2004-2011",45.13888889,45.27777778,0.138888889,NA
"516","Gerygone_magnirostris","Gerygone_magnirostris","Large-billed Gerygone","Present","Large-billed Gerygone","Gerygone magnirostris","Present","del Hoyo et al., 2004-2011",43.19444444,44.86111111,1.666666667,NA
"517","Gerygone_mouki","Gerygone_mouki","Brown Gerygone","Present","Brown Gerygone","Gerygone mouki","Present","del Hoyo et al., 2004-2011",47.22222222,44.72222222,-2.5,NA
"518","Gerygone_olivacea","Gerygone_olivacea","White-throated Gerygone","Present","White-throated Gerygone","Gerygone olivacea","Present","del Hoyo et al., 2004-2011",46.38888889,46.52777778,0.138888889,NA
"519","Gerygone_palpebrosa","Gerygone_palpebrosa","Fairy Gerygone","Absent","Fairy Gerygone","Gerygone palpebrosa","Absent","del Hoyo et al., 2004-2011",42.63888889,53.33333333,10.69444444,NA
"520","Gerygone_tenebrosa","Gerygone_tenebrosa","Dusky Gerygone","Present","Dusky Gerygone","Gerygone tenebrosa","Present","del Hoyo et al., 2004-2011",45.55555556,43.61111111,-1.944444444,NA
"521","Glycichaera_fallax",NA,NA,NA,"Green-backed Honeyeater","Glycichaera fallax","Songless","del Hoyo et al., 2004-2011",42.5,43.47222222,0.972222222,NA
"522","Gnorimopsar_chopi",NA,NA,NA,"Chopi Blackbird","Gnorimopsar chopi","Present","Odom et al., 2014",60.55555556,57.63888889,-2.916666667,NA
"523","Grafisia_torquata",NA,NA,NA,"White-collared Starling","Grafisia torquata","Present","Odom et al., 2014",49.86111111,58.33333333,8.472222222,NA
"524","Grallina_bruijni",NA,NA,NA,"Torrent-lark","Grallina bruijni","Songless","del Hoyo et al., 2004-2011",55.41666667,58.75,3.333333333,NA
"525","Grallina_cyanoleuca","Grallina_cyanoleuca","Magpie-lark","Present","Magpie-lark","Grallina cyanoleuca","Present","del Hoyo et al., 2004-2011",56.25,60.97222222,4.722222222,NA
"526","Guadalcanaria_inexpectata",NA,NA,NA,"Guadalcanal Honeyeater","Guadalcanaria inexpectata","Songless","del Hoyo et al., 2004-2011",48.05555556,47.63888889,-0.416666667,NA
"527","Gubernatrix_cristata",NA,NA,NA,"Yellow Cardinal","Gubernatrix cristata","Absent","Odom et al., 2014",53.75,60.27777778,6.527777778,NA
"528","Gymnomystax_mexicanus",NA,NA,NA,"Oriole Blackbird","Gymnomystax mexicanus","Present","Odom et al., 2014",66.94444444,66.11111111,-0.833333333,NA
"529","Gymnomyza_viridis","Gymnomyza_viridis","Giant Honeyeater","Present","Giant Honeyeater","Gymnomyza viridis","Present","del Hoyo et al., 2004-2011",45.83333333,45.69444444,-0.138888889,NA
"530","Gymnorhina_tibicen","Gymnorhina_tibicen","Australian Magpie","Present","Australian Magpie","Gymnorhina tibicen","Present","del Hoyo et al., 2004-2011",58.47222222,62.36111111,3.888888889,NA
"531","Habia_gutturalis",NA,NA,NA,"Sooty Ant-tanager","Habia gutturalis","Absent","Odom et al., 2014",58.05555556,55.55555556,-2.5,NA
"532","Habia_rubica",NA,NA,NA,"Red-crowned Ant-tanager","Habia rubica","Absent","Odom et al., 2014",38.33333333,47.77777778,9.444444444,NA
"533","Heinrichia_calligyna",NA,NA,NA,"Great Shortwing","Heinrichia calligyna","Present","Odom et al., 2014",54.02777778,62.5,8.472222222,NA
"534","Heliolais_erythropterus",NA,NA,NA,"Red-winged Warbler","Heliolais erythropterus","Present","Odom et al., 2014",45.69444444,44.72222222,-0.972222222,NA
"535","Hemispingus_calophrys",NA,NA,NA,"Orange-browed Hemispingus","Hemispingus calophrys","Songless","Odom et al., 2014",52.91666667,53.33333333,0.416666667,NA
"536","Hemispingus_goeringi",NA,NA,NA,"Slaty-backed Hemispingus","Hemispingus goeringi","Present","Odom et al., 2014",62.77777778,59.72222222,-3.055555556,NA
"537","Hemispingus_xanthophthalmus",NA,NA,NA,"Drab Hemispingus","Hemispingus xanthophthalmus","Present","Odom et al., 2014",40.83333333,40.41666667,-0.416666667,NA
"538","Henicorhina_leucophrys",NA,NA,NA,"Grey-breasted Wood-wren","Henicorhina leucophrys","Present","Odom et al., 2014",42.36111111,44.02777778,1.666666667,NA
"539","Henicorhina_leucoptera",NA,NA,NA,"Bar-winged Wood-wren","Henicorhina leucoptera","Present","Odom et al., 2014",44.30555556,42.22222222,-2.083333333,NA
"540","Henicorhina_leucosticta",NA,NA,NA,"White-breasted Wood-wren","Henicorhina leucosticta","Present","Odom et al., 2014",46.38888889,48.47222222,2.083333333,NA
"541","Heteralocha_acutirostris","Heteralocha_acutirostris","Huia","Present",NA,NA,NA,NA,NA,NA,NA,NA
"542","Heteromirafra_ruddi",NA,NA,NA,"Rudd's Lark","Heteromirafra ruddi","Absent","Odom et al., 2014",46.52777778,48.75,2.222222222,NA
"543","Heteromirafra_sidamoensis",NA,NA,NA,"Liben Lark","Heteromirafra sidamoensis","Absent","Odom et al., 2014",44.72222222,45.13888889,0.416666667,NA
"544","Heteromyias_albispecularis","Heteromyias_albispecularis","Ashy Robin","Present","Grey-headed Robin","Heteromyias albispecularis","Present","del Hoyo et al., 2004-2011",52.77777778,53.75,0.972222222,NA
"545","Heterospingus_rubrifrons",NA,NA,NA,"Sulphur-rumped Tanager","Heterospingus rubrifrons","Songless","Odom et al., 2014",50.69444444,54.02777778,3.333333333,NA
"546","Hippolais_icterina",NA,NA,NA,"Icterine Warbler","Hippolais icterina","Present","Odom et al., 2014",37.77777778,37.22222222,-0.555555556,"Evidence for FS"
"547","Hippolais_polyglotta",NA,NA,NA,"Melodious Warbler","Hippolais polyglotta","Present","Odom et al., 2014",39.30555556,40.41666667,1.111111111,"Evidence for FS"
"548","Hirundo_leucosoma",NA,NA,NA,"Pied-winged Swallow","Hirundo leucosoma","Songless","Odom et al., 2014",51.80555556,53.19444444,1.388888889,NA
"549","Hirundo_spilodera",NA,NA,NA,"South African Swallow","Hirundo spilodera","Songless","Odom et al., 2014",40.97222222,40,-0.972222222,NA
"550","Hylacola_pyrrhopygia","Calamanthus_pyrrhopygius","Chestnut-rumped Hylacola","Present","Chestnut-rumped Heathwren","Hylacola pyrrhopygia","Present","Odom et al., 2014",39.58333333,40.83333333,1.25,NA
"551","Hylocichla_mustelina",NA,NA,NA,"Wood Thrush","Hylocichla mustelina","Absent","Odom et al., 2014",46.94444444,48.47222222,1.527777778,NA
"552","Hylophilus_amaurocephalus","Hylophilus_amaurocephalus","Grey-eyed Greenlet","Present","Grey-eyed Greenlet","Hylophilus amaurocephalus","Present","del Hoyo et al., 2004-2011",43.33333333,41.11111111,-2.222222222,NA
"553","Hylophilus_decurtatus","Hylophilus_decurtatus","Lesser Greenlet","Present","Lesser Greenlet","Hylophilus decurtatus","Present","del Hoyo et al., 2004-2011",45.27777778,47.08333333,1.805555556,NA
"554","Hylophilus_poicilotis","Hylophilus_poicilotis","Rufous-crowned Greenlet","Absent","Rufous-crowned Greenlet","Hylophilus poicilotis","Absent","del Hoyo et al., 2004-2011",41.11111111,41.80555556,0.694444444,NA
"555","Hylorchilus_navai",NA,NA,NA,"Nava's Wren","Hylorchilus navai","Present","Odom et al., 2014",45.97222222,49.30555556,3.333333333,NA
"556","Hylorchilus_sumichrasti",NA,NA,NA,"Sumichrast's Wren","Hylorchilus sumichrasti","Present","Odom et al., 2014",41.66666667,42.91666667,1.25,NA
"557","Hypargos_niveoguttatus",NA,NA,NA,"Peters's Twinspot","Hypargos niveoguttatus","Present","Odom et al., 2014",45.83333333,61.80555556,15.97222222,NA
"558","Hypergerus_atriceps",NA,NA,NA,"Oriole Warbler","Hypergerus atriceps","Present","Odom et al., 2014",61.38888889,61.11111111,-0.277777778,NA
"559","Hypocryptadius_cinnamomeus",NA,NA,NA,"Cinnamon Ibon","Hypocryptadius cinnamomeus","Songless","Odom et al., 2014",45.83333333,45.83333333,0,NA
"560","Hypsipetes_borbonicus",NA,NA,NA,"Olivaceous Bulbul","Hypsipetes borbonicus","Present","Odom et al., 2014",54.58333333,53.88888889,-0.694444444,NA
"561","Hypsipetes_leucocephalus",NA,NA,NA,"Asian Black Bulbul","Hypsipetes leucocephalus","Absent","Odom et al., 2014",53.88888889,52.5,-1.388888889,NA
"562","Hypsipetes_olivaceus",NA,NA,NA,"Mauritius Black Bulbul","Hypsipetes olivaceus","Present","Odom et al., 2014",47.77777778,51.25,3.472222222,NA
"563","Hypsipetes_thompsoni",NA,NA,NA,"White-headed Bulbul","Hypsipetes thompsoni","Present","Odom et al., 2014",54.44444444,54.86111111,0.416666667,NA
"564","Hypsipetes_virescens",NA,NA,NA,"Green-winged Bulbul","Hypsipetes virescens","Songless","Odom et al., 2014",44.58333333,45.41666667,0.833333333,NA
"565","Icterus_bullockii",NA,NA,NA,"Bullock's Oriole","Icterus bullockii","Present","Odom et al., 2014",41.66666667,61.25,19.58333333,NA
"566","Icterus_cayanensis",NA,NA,NA,"Epaulet Oriole","Icterus cayanensis","Present","Odom et al., 2014",62.91666667,62.63888889,-0.277777778,NA
"567","Icterus_chrysater",NA,NA,NA,"Yellow-backed Oriole","Icterus chrysater","Present","Odom et al., 2014",60.97222222,67.5,6.527777778,NA
"568","Icterus_croconotus",NA,NA,NA,"Orange-backed Troupial","Icterus croconotus","Present","Odom et al., 2014",63.47222222,62.63888889,-0.833333333,NA
"569","Icterus_cucullatus",NA,NA,NA,"Hooded Oriole","Icterus cucullatus","Present","Odom et al., 2014",49.44444444,62.77777778,13.33333333,NA
"570","Icterus_galbula",NA,NA,NA,"Baltimore Oriole","Icterus galbula","Present","Odom et al., 2014",45.27777778,61.94444444,16.66666667,NA
"571","Icterus_graduacauda",NA,NA,NA,"Audubon's Oriole","Icterus graduacauda","Present","Odom et al., 2014",60.13888889,62.5,2.361111111,NA
"572","Icterus_icterus",NA,NA,NA,"Venezuelan Troupial","Icterus icterus","Present","Odom et al., 2014",66.11111111,68.33333333,2.222222222,NA
"573","Icterus_jamacaii",NA,NA,NA,"Campo Troupial","Icterus jamacaii","Present","Odom et al., 2014",69.16666667,65.97222222,-3.194444444,NA
"574","Icterus_leucopteryx",NA,NA,NA,"Jamaican Oriole","Icterus leucopteryx","Present","Odom et al., 2014",53.33333333,51.80555556,-1.527777778,NA
"575","Icterus_mesomelas",NA,NA,NA,"Yellow-tailed Oriole","Icterus mesomelas","Present","Odom et al., 2014",67.63888889,66.38888889,-1.25,NA
"576","Icterus_oberi",NA,NA,NA,"Montserrat Oriole","Icterus oberi","Present","Odom et al., 2014",50.41666667,61.80555556,11.38888889,NA
"577","Icterus_parisorum",NA,NA,NA,"Scott's Oriole","Icterus parisorum","Present","Odom et al., 2014",55.13888889,63.19444444,8.055555556,NA
"578","Icterus_pectoralis",NA,NA,NA,"Spot-breasted Oriole","Icterus pectoralis","Present","Odom et al., 2014",67.5,66.52777778,-0.972222222,NA
"579","Icterus_pustulatus",NA,NA,NA,"Streak-backed Oriole","Icterus pustulatus","Present","Odom et al., 2014",58.61111111,61.25,2.638888889,NA
"580","Icterus_spurius",NA,NA,NA,"Orchard Oriole","Icterus spurius","Present","Odom et al., 2014",45.27777778,63.19444444,17.91666667,NA
"581","Illadopsis_puveli",NA,NA,NA,"Puvel's Illadopsis","Illadopsis puveli","Present","Odom et al., 2014",42.63888889,40.69444444,-1.944444444,NA
"582","Incaspiza_laeta",NA,NA,NA,"Buff-bridled Inca-finch","Incaspiza laeta","Songless","Odom et al., 2014",53.75,58.19444444,4.444444444,NA
"583","Iole_olivacea",NA,NA,NA,"Buff-vented Bulbul","Iole olivacea","Songless","Odom et al., 2014",38.47222222,39.72222222,1.25,NA
"584","Iole_propinqua",NA,NA,NA,"Grey-eyed Bulbul","Iole propinqua","Songless","Odom et al., 2014",39.86111111,41.11111111,1.25,NA
"585","Iole_virescens",NA,NA,NA,"Olive Bulbul","Iole virescens","Songless","Odom et al., 2014",42.08333333,41.25,-0.833333333,NA
"586","Irania_gutturalis",NA,NA,NA,"White-throated Robin","Irania gutturalis","Present","Odom et al., 2014",44.72222222,51.66666667,6.944444444,"Evidence for FS"
"587","Irena_puella",NA,NA,NA,"Asian Fairy-bluebird","Irena puella","Absent","Odom et al., 2014",58.47222222,62.36111111,3.888888889,NA
"588","Iridophanes_pulcherrimus",NA,NA,NA,"Golden-collared Honeycreeper","Iridophanes pulcherrimus","Songless","Odom et al., 2014",37.36111111,58.19444444,20.83333333,NA
"589","Iridosornis_jelskii",NA,NA,NA,"Golden-collared Tanager","Iridosornis jelskii","Songless","Odom et al., 2014",53.61111111,56.52777778,2.916666667,NA
"590","Iridosornis_rufivertex",NA,NA,NA,"Golden-crowned Tanager","Iridosornis rufivertex","Songless","Odom et al., 2014",59.58333333,56.38888889,-3.194444444,NA
"591","Kupeornis_chapini",NA,NA,NA,"Chapin's Mountain-babbler","Kupeornis chapini","Songless","Odom et al., 2014",44.30555556,47.91666667,3.611111111,NA
"592","Kupeornis_gilberti",NA,NA,NA,"White-throated Mountain-babbler","Kupeornis gilberti","Songless","Odom et al., 2014",49.30555556,48.88888889,-0.416666667,NA
"593","Kupeornis_rufocinctus",NA,NA,NA,"Red-collared Mountain-babbler","Kupeornis rufocinctus","Songless","Odom et al., 2014",51.80555556,50.97222222,-0.833333333,NA
"594","Lagonosticta_rubricata",NA,NA,NA,"African Firefinch","Lagonosticta rubricata","Absent","Odom et al., 2014",59.30555556,59.44444444,0.138888889,NA
"595","Lagonosticta_sanguinodorsalis",NA,NA,NA,"Rock Firefinch","Lagonosticta sanguinodorsalis","Songless","Odom et al., 2014",47.22222222,64.16666667,16.94444444,NA
"596","Lagonosticta_senegala",NA,NA,NA,"Red-billed Firefinch","Lagonosticta senegala","Absent","Odom et al., 2014",38.47222222,63.61111111,25.13888889,NA
"597","Lagonosticta_umbrinodorsalis",NA,NA,NA,"Chad Firefinch","Lagonosticta umbrinodorsalis","Songless","Odom et al., 2014",54.16666667,63.05555556,8.888888889,NA
"598","Lalage_atrovirens","Lalage_atrovirens","Black-browed Triller","Present","Black-browed Triller","Lalage atrovirens","Present","del Hoyo et al., 2004-2011",51.38888889,57.22222222,5.833333333,NA
"599","Lalage_leucomela","Lalage_leucomela","Varied Triller","Present","Varied Triller","Lalage leucomela","Present","del Hoyo et al., 2004-2011",45.69444444,55.69444444,10,NA
"600","Lalage_sueurii","Lalage_sueurii","White-shouldered Triller","Present","White-shouldered Triller","Lalage sueurii","Present","del Hoyo et al., 2004-2011",44.16666667,55.55555556,11.38888889,NA
"601","Lamprotornis_caudatus",NA,NA,NA,"Long-tailed Glossy-starling","Lamprotornis caudatus","Songless","Odom et al., 2014",55.97222222,58.05555556,2.083333333,NA
"602","Lamprotornis_purpuroptera",NA,NA,NA,"Rueppell's Glossy-starling","Lamprotornis purpuroptera","Present","Odom et al., 2014",55.69444444,56.52777778,0.833333333,NA
"603","Lamprotornis_superbus",NA,NA,NA,"Superb Starling","Lamprotornis superbus","Present","Odom et al., 2014",57.08333333,60,2.916666667,NA
"604","Laniarius_aethiopicus","Laniarius_aethiopicus","Tropical Boubou","Present","Ethiopian Boubou","Laniarius aethiopicus","Present","del Hoyo et al., 2004-2011",58.05555556,56.25,-1.805555556,NA
"605","Laniarius_atrococcineus","Laniarius_atrococcineus","Crimson-breasted Gonolek","Present","Crimson-breasted Gonolek","Laniarius atrococcineus","Present","del Hoyo et al., 2004-2011",67.08333333,66.38888889,-0.694444444,NA
"606","Laniarius_atroflavus","Laniarius_atroflavus","Yellow-breasted Boubou","Present","Yellow-breasted Boubou","Laniarius atroflavus","Present","del Hoyo et al., 2004-2011",57.36111111,54.86111111,-2.5,NA
"607","Laniarius_barbarus","Laniarius_barbarus","Common Gonolek","Present","Common Gonolek","Laniarius barbarus","Present","del Hoyo et al., 2004-2011",65.69444444,63.88888889,-1.805555556,NA
"608","Laniarius_bicolor","Laniarius_bicolor","Gabon Boubou","Present","Gabon Boubou","Laniarius bicolor","Present","del Hoyo et al., 2004-2011",57.63888889,58.05555556,0.416666667,NA
"609","Laniarius_erythrogaster","Laniarius_erythrogaster","Black-headed Gonolek","Present","Black-headed Gonolek","Laniarius erythrogaster","Present","del Hoyo et al., 2004-2011",65.41666667,61.52777778,-3.888888889,NA
"610","Laniarius_ferrugineus","Laniarius_ferrugineus","Southern Boubou","Present","Southern Boubou","Laniarius ferrugineus","Present","del Hoyo et al., 2004-2011",49.02777778,56.80555556,7.777777778,NA
"611","Laniarius_fuelleborni","Laniarius_fuelleborni","Fuelleborn's Boubou","Present","Fuelleborn's Boubou","Laniarius fuelleborni","Present","del Hoyo et al., 2004-2011",58.19444444,55.97222222,-2.222222222,NA
"612","Laniarius_funebris","Laniarius_funebris","Slate-colored Boubou","Present","Slate-coloured Boubou","Laniarius funebris","Present","del Hoyo et al., 2004-2011",57.91666667,59.72222222,1.805555556,NA
"613","Laniarius_leucorhynchus","Laniarius_leucorhynchus","Sooty Boubou","Present","Sooty Boubou","Laniarius leucorhynchus","Present","del Hoyo et al., 2004-2011",58.05555556,59.02777778,0.972222222,NA
"614","Laniarius_luehderi","Laniarius_luehderi","Luehder's Bushshrike","Present","Luehder's Bush-shrike","Laniarius luehderi","Present","del Hoyo et al., 2004-2011",40.41666667,39.72222222,-0.694444444,NA
"615","Laniarius_mufumbiri","Laniarius_mufumbiri","Papyrus Gonolek","Present","Papyrus Gonolek","Laniarius mufumbiri","Present","del Hoyo et al., 2004-2011",46.25,45,-1.25,NA
"616","Laniarius_poensis","Laniarius_poensis","Mountain Boubou","Present","Mountain Boubou","Laniarius poensis","Present","del Hoyo et al., 2004-2011",60.13888889,62.08333333,1.944444444,NA
"617","Laniarius_ruficeps","Laniarius_ruficeps","Red-naped Bushshrike","Present","Red-naped Bush-shrike","Laniarius ruficeps","Present","del Hoyo et al., 2004-2011",50.83333333,51.80555556,0.972222222,NA
"618","Laniarius_turatii","Laniarius_turatii","Turati's Boubou","Present","Turati's Boubou","Laniarius turatii","Present","del Hoyo et al., 2004-2011",52.36111111,55,2.638888889,NA
"619","Lanioturdus_torquatus","Lanioturdus_torquatus","Chatshrike","Present","Chatshrike","Lanioturdus torquatus","Present","del Hoyo et al., 2004-2011",56.94444444,58.19444444,1.25,NA
"620","Lanius_bucephalus","Lanius_bucephalus","Bull-headed Shrike","Absent","Bull-headed Shrike","Lanius bucephalus","Absent","del Hoyo et al., 2004-2011",48.33333333,48.05555556,-0.277777778,NA
"621","Lanius_cabanisi","Lanius_cabanisi","Long-tailed Fiscal","Present","Long-tailed Fiscal","Lanius cabanisi","Present","del Hoyo et al., 2004-2011",55.69444444,56.38888889,0.694444444,NA
"622","Lanius_collaris","Lanius_collaris","Common Fiscal","Present","Common Fiscal","Lanius collaris","Present","del Hoyo et al., 2004-2011",50.41666667,54.44444444,4.027777778,NA
"623","Lanius_collurio","Lanius_collurio","Red-backed Shrike","Absent","Red-backed Shrike","Lanius collurio","Absent","del Hoyo et al., 2004-2011",48.33333333,49.44444444,1.111111111,NA
"624","Lanius_cristatus","Lanius_cristatus","Brown Shrike","Absent","Brown Shrike","Lanius cristatus","Absent","del Hoyo et al., 2004-2011",46.52777778,43.19444444,-3.333333333,NA
"625","Lanius_excubitor","Lanius_excubitor","Northern Shrike","Present","Great Grey Shrike","Lanius excubitor","Present","del Hoyo et al., 2004-2011",50.83333333,47.77777778,-3.055555556,"Evidence for FS"
"626","Lanius_isabellinus","Lanius_isabellinus","Rufous-tailed Shrike","Absent","Rufous-tailed Shrike","Lanius isabellinus","Absent","del Hoyo et al., 2004-2011",42.22222222,39.16666667,-3.055555556,NA
"627","Lanius_ludovicianus","Lanius_ludovicianus","Loggerhead Shrike","Present","Loggerhead Shrike","Lanius ludovicianus","Present","del Hoyo et al., 2004-2011",49.86111111,51.52777778,1.666666667,NA
"628","Lanius_minor","Lanius_minor","Lesser Grey Shrike","Absent","Lesser Grey Shrike","Lanius minor","Absent","del Hoyo et al., 2004-2011",44.86111111,47.63888889,2.777777778,NA
"629","Lanius_nubicus","Lanius_nubicus","Masked Shrike","Absent","Masked Shrike","Lanius nubicus","Absent","del Hoyo et al., 2004-2011",55,55.83333333,0.833333333,NA
"630","Lanius_senator","Lanius_senator","Woodchat Shrike","Present","Woodchat Shrike","Lanius senator","Present","del Hoyo et al., 2004-2011",50.55555556,51.25,0.694444444,"Evidence for FS"
"631","Leptopoecile_elegans",NA,NA,NA,"Crested Tit-warbler","Leptopoecile elegans","Songless","Odom et al., 2014",44.16666667,48.19444444,4.027777778,NA
"632","Leptopoecile_sophiae",NA,NA,NA,"White-browed Tit-warbler","Leptopoecile sophiae","Absent","Odom et al., 2014",43.05555556,45.55555556,2.5,NA
"633","Leucopsar_rothschildi",NA,NA,NA,"Bali Starling","Leucopsar rothschildi","Present","Odom et al., 2014",57.63888889,55.13888889,-2.5,NA
"634","Leucosticte_atrata",NA,NA,NA,"Black Rosy-finch","Leucosticte atrata","Absent","Odom et al., 2014",47.63888889,58.61111111,10.97222222,NA
"635","Leucosticte_australis",NA,NA,NA,"Brown-capped Rosy-finch","Leucosticte australis","Absent","Odom et al., 2014",44.72222222,45.69444444,0.972222222,NA
"636","Leucosticte_tephrocotis",NA,NA,NA,"Gray-crowned Rosy-finch","Leucosticte tephrocotis","Present","Odom et al., 2014",47.77777778,44.86111111,-2.916666667,NA
"637","Lichenostomus_flavescens","Lichenostomus_flavescens","Yellow-tinted Honeyeater","Present","Yellow-tinted Honeyeater","Lichenostomus flavescens","Present","del Hoyo et al., 2004-2011",43.05555556,43.05555556,0,NA
"638","Lichenostomus_flavicollis","Lichenostomus_flavicollis","Yellow-throated Honeyeater","Present","Yellow-throated Honeyeater","Lichenostomus flavicollis","Present","del Hoyo et al., 2004-2011",40.41666667,44.72222222,4.305555556,NA
"639","Lichenostomus_flavus","Lichenostomus_flavus","Yellow Honeyeater","Present","Yellow Honeyeater","Lichenostomus flavus","Present","del Hoyo et al., 2004-2011",47.91666667,45.69444444,-2.222222222,NA
"640","Lichenostomus_plumulus","Lichenostomus_plumulus","Grey-fronted Honeyeater","Absent","Grey-fronted Honeyeater","Lichenostomus plumulus","Absent","del Hoyo et al., 2004-2011",41.11111111,43.47222222,2.361111111,NA
"641","Lichenostomus_unicolor","Lichenostomus_unicolor","White-gaped Honeyeater","Present","White-gaped Honeyeater","Lichenostomus unicolor","Present","del Hoyo et al., 2004-2011",40.69444444,42.22222222,1.527777778,NA
"642","Lichenostomus_versicolor","Lichenostomus_versicolor","Varied Honeyeater","Present","Varied Honeyeater","Lichenostomus versicolor","Present","del Hoyo et al., 2004-2011",41.38888889,38.33333333,-3.055555556,NA
"643","Lichenostomus_virescens","Lichenostomus_virescens","Singing Honeyeater","Absent","Singing Honeyeater","Lichenostomus virescens","Absent","del Hoyo et al., 2004-2011",45.69444444,43.47222222,-2.222222222,NA
"644","Lichmera_indistincta","Lichmera_indistincta","Brown Honeyeater","Present","Brown Honeyeater","Lichmera indistincta","Present","del Hoyo et al., 2004-2011",38.75,40.55555556,1.805555556,NA
"645","Lichmera_monticola",NA,NA,NA,"Seram Honeyeater","Lichmera monticola","Songless","del Hoyo et al., 2004-2011",43.47222222,45,1.527777778,NA
"646","Lioptilus_nigricapillus",NA,NA,NA,"Bush Blackcap","Lioptilus nigricapillus","Present","Odom et al., 2014",55.27777778,54.44444444,-0.833333333,NA
"647","Loboparadisea_sericea","Loboparadisea_sericea","Silken satinbird / Yellow-breasted bird-of-paradise","Absent","Yellow-breasted Bird-of-paradise","Loboparadisea sericea","Absent","del Hoyo et al., 2004-2011",40.27777778,43.75,3.472222222,NA
"648","Locustella_luscinioides",NA,NA,NA,"Savi's Warbler","Locustella luscinioides","Present","Odom et al., 2014",38.47222222,37.91666667,-0.555555556,"Evidence for FS"
"649","Locustella_naevia",NA,NA,NA,"Common Grasshopper-warbler","Locustella naevia","Present","Odom et al., 2014",39.72222222,40.69444444,0.972222222,"Evidence for FS"
"650","Lonchura_atricapilla",NA,NA,NA,"Chestnut Munia","Lonchura atricapilla","Present","Odom et al., 2014",62.36111111,59.44444444,-2.916666667,NA
"651","Lonchura_caniceps",NA,NA,NA,"Grey-headed Munia","Lonchura caniceps","Songless","Odom et al., 2014",50.27777778,49.86111111,-0.416666667,NA
"652","Lonchura_fuscans",NA,NA,NA,"Dusky Munia","Lonchura fuscans","Songless","Odom et al., 2014",54.02777778,55,0.972222222,NA
"653","Lonchura_hunsteini",NA,NA,NA,"Mottled Munia","Lonchura hunsteini","Songless","Odom et al., 2014",58.61111111,60.27777778,1.666666667,NA
"654","Lonchura_montana",NA,NA,NA,"Snow Mountain Munia","Lonchura montana","Songless","Odom et al., 2014",50.83333333,57.22222222,6.388888889,NA
"655","Lonchura_monticola",NA,NA,NA,"Alpine Munia","Lonchura monticola","Songless","Odom et al., 2014",54.86111111,56.52777778,1.666666667,NA
"656","Lonchura_spectabilis",NA,NA,NA,"Hooded Munia","Lonchura spectabilis","Absent","Odom et al., 2014",58.61111111,56.25,-2.361111111,NA
"657","Lonchura_striata",NA,NA,NA,"White-rumped Munia","Lonchura striata","Absent","Odom et al., 2014",56.11111111,54.58333333,-1.527777778,NA
"658","Lonchura_vana",NA,NA,NA,"Grey-banded Munia","Lonchura vana","Songless","Odom et al., 2014",47.63888889,49.72222222,2.083333333,NA
"659","Lophorina_superba","Lophorina_superba","Superb Bird-of-paradise","Absent","Superb Bird-of-paradise","Lophorina superba","Absent","del Hoyo et al., 2004-2011",54.16666667,65.83333333,11.66666667,NA
"660","Lophospingus_pusillus",NA,NA,NA,"Black-crested Finch","Lophospingus pusillus","Songless","Odom et al., 2014",45.41666667,56.94444444,11.52777778,NA
"661","Loxia_curvirostra",NA,NA,NA,"Red Crossbill","Loxia curvirostra","Present","Odom et al., 2014",38.88888889,55.97222222,17.08333333,"Evidence for FS"
"662","Loxia_leucoptera",NA,NA,NA,"White-winged Crossbill","Loxia leucoptera","Present","Odom et al., 2014",36.52777778,65.55555556,29.02777778,"Evidence for FS"
"663","Loxia_pytyopsittacus",NA,NA,NA,"Parrot Crossbill","Loxia pytyopsittacus","Present","Odom et al., 2014",40.27777778,57.63888889,17.36111111,"Evidence for FS"
"664","Loxia_scotica",NA,NA,NA,"Scottish Crossbill","Loxia scotica","Present","Odom et al., 2014",38.61111111,67.5,28.88888889,"Evidence for FS"
"665","Lullula_arborea",NA,NA,NA,"Wood Lark","Lullula arborea","Absent","Odom et al., 2014",43.47222222,40.13888889,-3.333333333,"Evidence for FS"
"666","Luscinia_brunnea",NA,NA,NA,"Indian Blue Robin","Luscinia brunnea","Absent","Odom et al., 2014",39.02777778,63.19444444,24.16666667,NA
"667","Luscinia_calliope",NA,NA,NA,"Siberian Rubythroat","Luscinia calliope","Present","Odom et al., 2014",44.58333333,51.52777778,6.944444444,"Evidence for FS"
"668","Luscinia_cyane",NA,NA,NA,"Siberian Blue Robin","Luscinia cyane","Present","Odom et al., 2014",41.38888889,61.66666667,20.27777778,NA
"669","Luscinia_luscinia",NA,NA,NA,"Thrush Nightingale","Luscinia luscinia","Present","Odom et al., 2014",42.63888889,42.63888889,0,"Evidence for FS"
"670","Luscinia_megarhynchos",NA,NA,NA,"Common Nightingale","Luscinia megarhynchos","Present","Odom et al., 2014",41.25,40.97222222,-0.277777778,"Evidence for FS"
"671","Luscinia_svecica",NA,NA,NA,"Bluethroat","Luscinia svecica","Present","Odom et al., 2014",49.72222222,58.19444444,8.472222222,"Evidence for FS"
"672","Macroagelaius_imthurni",NA,NA,NA,"Golden-tufted Grackle","Macroagelaius imthurni","Present","Odom et al., 2014",62.5,67.22222222,4.722222222,NA
"673","Macronous_bornensis",NA,NA,NA,"Bold-striped Tit-babbler","Macronous bornensis","Present","Odom et al., 2014",45.97222222,46.11111111,0.138888889,NA
"674","Macronous_flavicollis",NA,NA,NA,"Grey-cheeked Tit-babbler","Macronous flavicollis","Present","Odom et al., 2014",42.22222222,42.91666667,0.694444444,NA
"675","Macronous_ptilosus",NA,NA,NA,"Fluffy-backed Tit-babbler","Macronous ptilosus","Present","Odom et al., 2014",54.30555556,51.94444444,-2.361111111,NA
"676","Macrosphenus_concolor",NA,NA,NA,"Grey Longbill","Macrosphenus concolor","Present","Odom et al., 2014",34.30555556,39.44444444,5.138888889,NA
"677","Malacocincla_abbotti",NA,NA,NA,"Abbott's Babbler","Malacocincla abbotti","Present","Odom et al., 2014",43.75,45.41666667,1.666666667,NA
"678","Malacocincla_malaccensis",NA,NA,NA,"Short-tailed Babbler","Malacocincla malaccensis","Present","Odom et al., 2014",45.69444444,44.72222222,-0.972222222,NA
"679","Malaconotus_alius",NA,NA,NA,"Uluguru Bush-shrike","Malaconotus alius","Songless","del Hoyo et al., 2004-2011",48.75,51.80555556,3.055555556,NA
"680","Malaconotus_blanchoti","Malaconotus_blanchoti","Grey-headed Bushshrike","Present","Grey-headed Bush-shrike","Malaconotus blanchoti","Present","del Hoyo et al., 2004-2011",45.13888889,46.80555556,1.666666667,NA
"681","Malaconotus_lagdeni","Malaconotus_lagdeni","Lagden's Bushshrike","Present","Lagden's Bush-shrike","Malaconotus lagdeni","Present","del Hoyo et al., 2004-2011",49.58333333,51.80555556,2.222222222,NA
"682","Malacopteron_magnirostre",NA,NA,NA,"Moustached Babbler","Malacopteron magnirostre","Present","Odom et al., 2014",43.33333333,43.75,0.416666667,NA
"683","Malcorus_pectoralis",NA,NA,NA,"Rufous-eared Warbler","Malcorus pectoralis","Absent","Odom et al., 2014",49.86111111,48.33333333,-1.527777778,NA
"684","Malia_grata",NA,NA,NA,"Malia","Malia grata","Present","Odom et al., 2014",49.30555556,50.69444444,1.388888889,NA
"685","Malimbus_ballmanni",NA,NA,NA,"Gola Malimbe","Malimbus ballmanni","Present","Odom et al., 2014",61.80555556,63.61111111,1.805555556,NA
"686","Malimbus_cassini",NA,NA,NA,"Black-throated Malimbe","Malimbus cassini","Present","Odom et al., 2014",66.66666667,66.38888889,-0.277777778,NA
"687","Malimbus_ibadanensis",NA,NA,NA,"Ibadan Malimbe","Malimbus ibadanensis","Present","Odom et al., 2014",67.63888889,74.16666667,6.527777778,NA
"688","Malimbus_nitens",NA,NA,NA,"Gray's Malimbe","Malimbus nitens","Absent","Odom et al., 2014",68.88888889,67.36111111,-1.527777778,NA
"689","Malimbus_rubricollis",NA,NA,NA,"Red-headed Malimbe","Malimbus rubricollis","Present","Odom et al., 2014",71.66666667,71.94444444,0.277777778,NA
"690","Malurus_amabilis","Malurus_amabilis","Lovely Fairywren","Present","Lovely Fairywren","Malurus amabilis","Present","del Hoyo et al., 2004-2011",57.08333333,67.77777778,10.69444444,NA
"691","Malurus_coronatus","Malurus_coronatus","Purple-crowned Fairywren","Present","Purple-crowned Fairywren","Malurus coronatus","Present","del Hoyo et al., 2004-2011",48.33333333,55.13888889,6.805555556,NA
"692","Malurus_cyaneus","Malurus_cyaneus","Superb Fairywren","Present","Superb Fairywren","Malurus cyaneus","Present","del Hoyo et al., 2004-2011",44.44444444,68.75,24.30555556,NA
"693","Malurus_elegans","Malurus_elegans","Red-winged Fairywren","Present","Red-winged Fairywren","Malurus elegans","Present","del Hoyo et al., 2004-2011",49.02777778,67.5,18.47222222,NA
"694","Malurus_lamberti","Malurus_lamberti","Variegated Fairywren","Present","Variegated Fairywren","Malurus lamberti","Present","del Hoyo et al., 2004-2011",42.5,70,27.5,NA
"695","Malurus_leucopterus","Malurus_leucopterus","White-winged Fairywren","Present","White-winged Fairywren","Malurus leucopterus","Present","del Hoyo et al., 2004-2011",47.77777778,64.72222222,16.94444444,NA
"696","Malurus_melanocephalus","Malurus_melanocephalus","Red-backed Fairywren","Present","Red-backed Fairywren","Malurus melanocephalus","Present","del Hoyo et al., 2004-2011",46.38888889,64.44444444,18.05555556,NA
"697","Malurus_splendens","Malurus_splendens","Splendid Fairywren","Present","Splendid Fairywren","Malurus splendens","Present","del Hoyo et al., 2004-2011",43.19444444,70.55555556,27.36111111,NA
"698","Manorina_melanocephala","Manorina_melanocephala","Noisy Miner","Present","Noisy Miner","Manorina melanocephala","Present","del Hoyo et al., 2004-2011",52.08333333,52.5,0.416666667,NA
"699","Manorina_melanophrys",NA,NA,NA,"Bell Miner","Manorina melanophrys","Songless","del Hoyo et al., 2004-2011",39.30555556,37.91666667,-1.388888889,NA
"700","Manucodia_ater","Manucodia_atra","Glossy-mantled Manucode","Absent","Glossy-mantled Manucode","Manucodia ater","Absent","Odom et al., 2014",62.5,64.02777778,1.527777778,NA
"701","Manucodia_comrii","Manucodia_comrii","Curl-crested Manucode","Present","Curl-crested Manucode","Manucodia comrii","Present","del Hoyo et al., 2004-2011",66.11111111,70.27777778,4.166666667,NA
"702","Manucodia_keraudrenii","Phonygammus_keraudrenii","Trumpet Manucode","Absent","Trumpet Manucode","Manucodia keraudrenii","Absent","Odom et al., 2014",62.22222222,64.16666667,1.944444444,NA
"703","Megabyas_flammulatus","Megabyas_flammulatus","African Shrike-flycatcher","Present","African Shrike-flycatcher","Megabyas flammulatus","Songless","del Hoyo et al., 2004-2011",43.75,54.02777778,10.27777778,NA
"704","Melaenornis_ardesiacus",NA,NA,NA,"Yellow-eyed Black Flycatcher","Melaenornis ardesiacus","Songless","Odom et al., 2014",55,53.88888889,-1.111111111,NA
"705","Melaenornis_edolioides",NA,NA,NA,"Northern Black Flycatcher","Melaenornis edolioides","Present","Odom et al., 2014",64.16666667,67.36111111,3.194444444,NA
"706","Melampitta_gigantea",NA,NA,NA,"Greater Melampitta","Melampitta gigantea","Songless","del Hoyo et al., 2004-2011",62.22222222,62.77777778,0.555555556,NA
"707","Melampitta_lugubris","Melampitta_lugubris","Lesser Melampitta","Present","Lesser Melampitta","Melampitta lugubris","Present","del Hoyo et al., 2004-2011",64.16666667,61.66666667,-2.5,NA
"708","Melanocharis_arfakiana",NA,NA,NA,"Obscure Berrypecker","Melanocharis arfakiana","Songless","del Hoyo et al., 2004-2011",38.75,44.16666667,5.416666667,NA
"709","Melanodryas_cucullata","Melanodryas_cucullata","Hooded Robin","Absent","Hooded Robin","Melanodryas cucullata","Absent","del Hoyo et al., 2004-2011",52.22222222,61.94444444,9.722222222,NA
"710","Melidectes_belfordi","Melidectes_belfordi","Belford's Melidectes","Present","Belford's Melidectes","Melidectes belfordi","Present","del Hoyo et al., 2004-2011",59.44444444,58.05555556,-1.388888889,NA
"711","Melidectes_leucostephes",NA,NA,NA,"Vogelkop Melidectes","Melidectes leucostephes","Songless","del Hoyo et al., 2004-2011",58.33333333,61.94444444,3.611111111,NA
"712","Melidectes_nouhuysi",NA,NA,NA,"Short-bearded Melidectes","Melidectes nouhuysi","Songless","del Hoyo et al., 2004-2011",61.25,57.5,-3.75,NA
"713","Melidectes_ochromelas","Melidectes_ochromelas","Cinnamon-browed Melidectes","Present","Cinnamon-browed Melidectes","Melidectes ochromelas","Present","del Hoyo et al., 2004-2011",56.80555556,55.55555556,-1.25,NA
"714","Melidectes_rufocrissalis","Melidectes_rufocrissalis","Yellow-browed Melidectes","Present","Yellow-browed Melidectes","Melidectes rufocrissalis","Present","del Hoyo et al., 2004-2011",52.63888889,56.52777778,3.888888889,NA
"715","Melidectes_sclateri",NA,NA,NA,"San Cristobal Melidectes","Melidectes sclateri","Songless","del Hoyo et al., 2004-2011",44.16666667,45.55555556,1.388888889,NA
"716","Melilestes_megarhynchus",NA,NA,NA,"Long-billed Honeyeater","Melilestes megarhynchus","Songless","del Hoyo et al., 2004-2011",40.41666667,39.86111111,-0.555555556,NA
"717","Meliphaga_albonotata","Meliphaga_albonotata","Scrub Honeyeater","Absent","Scrub Honeyeater","Meliphaga albonotata","Absent","del Hoyo et al., 2004-2011",38.19444444,39.58333333,1.388888889,NA
"718","Meliphaga_analoga",NA,NA,NA,"Mimic Honeyeater","Meliphaga analoga","Songless","del Hoyo et al., 2004-2011",40.83333333,38.61111111,-2.222222222,NA
"719","Meliphaga_flavirictus",NA,NA,NA,"Yellow-gaped Honeyeater","Meliphaga flavirictus","Songless","del Hoyo et al., 2004-2011",39.30555556,40.69444444,1.388888889,NA
"720","Meliphaga_gracilis",NA,NA,NA,"Graceful Honeyeater","Meliphaga gracilis","Songless","del Hoyo et al., 2004-2011",40.69444444,39.72222222,-0.972222222,NA
"721","Meliphaga_lewinii",NA,NA,NA,"Lewin's Honeyeater","Meliphaga lewinii","Songless","del Hoyo et al., 2004-2011",44.72222222,45,0.277777778,NA
"722","Meliphaga_mimikae",NA,NA,NA,"Mottle-breasted Honeyeater","Meliphaga mimikae","Songless","del Hoyo et al., 2004-2011",40.41666667,39.44444444,-0.972222222,NA
"723","Meliphaga_montana",NA,NA,NA,"Forest Honeyeater","Meliphaga montana","Songless","del Hoyo et al., 2004-2011",41.80555556,41.25,-0.555555556,NA
"724","Meliphaga_notata",NA,NA,NA,"Yellow-spotted Honeyeater","Meliphaga notata","Songless","del Hoyo et al., 2004-2011",43.61111111,45,1.388888889,NA
"725","Meliphaga_orientalis",NA,NA,NA,"Hill-forest Honeyeater","Meliphaga orientalis","Songless","del Hoyo et al., 2004-2011",40.83333333,43.75,2.916666667,NA
"726","Meliphaga_reticulata",NA,NA,NA,"Streaky-breasted Honeyeater","Meliphaga reticulata","Songless","del Hoyo et al., 2004-2011",41.66666667,42.63888889,0.972222222,NA
"727","Melipotes_fumigatus",NA,NA,NA,"Smoky Honeyeater","Melipotes fumigatus","Songless","del Hoyo et al., 2004-2011",50.69444444,51.38888889,0.694444444,NA
"728","Melipotes_gymnops",NA,NA,NA,"Arfak Honeyeater","Melipotes gymnops","Songless","del Hoyo et al., 2004-2011",64.72222222,58.47222222,-6.25,NA
"729","Melithreptus_affinis",NA,NA,NA,"Black-headed Honeyeater","Melithreptus affinis","Songless","del Hoyo et al., 2004-2011",58.05555556,55,-3.055555556,NA
"730","Melithreptus_albogularis",NA,NA,NA,"White-throated Honeyeater","Melithreptus albogularis","Songless","del Hoyo et al., 2004-2011",52.5,51.25,-1.25,NA
"731","Melithreptus_brevirostris",NA,NA,NA,"Brown-headed Honeyeater","Melithreptus brevirostris","Songless","del Hoyo et al., 2004-2011",44.58333333,42.77777778,-1.805555556,NA
"732","Melithreptus_gularis","Melithreptus_gularis","Black-chinned Honeyeater","Present","Black-chinned Honeyeater","Melithreptus gularis","Present","del Hoyo et al., 2004-2011",53.33333333,51.66666667,-1.666666667,NA
"733","Melithreptus_lunatus",NA,NA,NA,"White-naped Honeyeater","Melithreptus lunatus","Songless","del Hoyo et al., 2004-2011",47.77777778,53.33333333,5.555555556,NA
"734","Melithreptus_validirostris",NA,NA,NA,"Strong-billed Honeyeater","Melithreptus validirostris","Songless","del Hoyo et al., 2004-2011",53.19444444,54.30555556,1.111111111,NA
"735","Melitograis_gilolensis",NA,NA,NA,"White-streaked Friarbird","Melitograis gilolensis","Songless","del Hoyo et al., 2004-2011",45.83333333,49.30555556,3.472222222,NA
"736","Menura_alberti","Menura_alberti","Albert's Lyrebird","Present","Albert's Lyrebird","Menura alberti","Present","del Hoyo et al., 2004-2011",46.25,43.19444444,-3.055555556,NA
"737","Menura_novaehollandiae","Menura_novaehollandiae","Superb Lyrebird","Present","Superb Lyrebird","Menura novaehollandiae","Present","del Hoyo et al., 2004-2011",49.16666667,45.41666667,-3.75,NA
"738","Metabolus_rugensis",NA,NA,NA,"Chuuk Monarch","Metabolus rugensis","Songless","del Hoyo et al., 2004-2011",68.33333333,60.13888889,-8.194444444,NA
"739","Microeca_flavigaster","Microeca_flavigaster","Lemon-bellied Flyrobin","Absent","Lemon-bellied Flyrobin","Microeca flavigaster","Absent","del Hoyo et al., 2004-2011",45.41666667,42.36111111,-3.055555556,NA
"740","Miliaria_calandra",NA,NA,NA,"Corn Bunting","Miliaria calandra","Absent","Odom et al., 2014",38.33333333,37.63888889,-0.694444444,"Evidence against FS"
"741","Mino_dumontii",NA,NA,NA,"Yellow-faced Myna","Mino dumontii","Songless","Odom et al., 2014",65.27777778,59.30555556,-5.972222222,NA
"742","Mirafra_africana",NA,NA,NA,"Rufous-naped Lark","Mirafra africana","Absent","Odom et al., 2014",47.91666667,42.36111111,-5.555555556,NA
"743","Mirafra_albicauda",NA,NA,NA,"White-tailed Lark","Mirafra albicauda","Absent","Odom et al., 2014",39.86111111,45.13888889,5.277777778,NA
"744","Mirafra_angolensis",NA,NA,NA,"Angola Lark","Mirafra angolensis","Absent","Odom et al., 2014",44.44444444,44.16666667,-0.277777778,NA
"745","Mirafra_cantillans",NA,NA,NA,"Singing Bushlark","Mirafra cantillans","Absent","Odom et al., 2014",40.83333333,42.63888889,1.805555556,NA
"746","Mirafra_cheniana",NA,NA,NA,"Melodious Lark","Mirafra cheniana","Absent","Odom et al., 2014",42.36111111,41.25,-1.111111111,NA
"747","Mirafra_collaris",NA,NA,NA,"Collared Lark","Mirafra collaris","Absent","Odom et al., 2014",49.86111111,47.22222222,-2.638888889,NA
"748","Mirafra_cordofanica",NA,NA,NA,"Kordofan Lark","Mirafra cordofanica","Absent","Odom et al., 2014",44.30555556,40.27777778,-4.027777778,NA
"749","Mirafra_hova",NA,NA,NA,"Madagascar Lark","Mirafra hova","Absent","Odom et al., 2014",44.16666667,47.77777778,3.611111111,NA
"750","Mirafra_passerina",NA,NA,NA,"Monotonous Lark","Mirafra passerina","Absent","Odom et al., 2014",42.22222222,43.05555556,0.833333333,NA
"751","Mirafra_rufa",NA,NA,NA,"Rusty Lark","Mirafra rufa","Absent","Odom et al., 2014",40.69444444,41.11111111,0.416666667,NA
"752","Mirafra_sabota",NA,NA,NA,"Sabota Lark","Mirafra sabota","Absent","Odom et al., 2014",42.5,42.5,0,NA
"753","Mirafra_williamsi",NA,NA,NA,"Williams's Lark","Mirafra williamsi","Absent","Odom et al., 2014",40.55555556,39.30555556,-1.25,NA
"754","Mohoua_albicilla","Mohoua_albicilla","Whitehead","Absent","Whitehead","Mohoua albicilla","Absent","del Hoyo et al., 2004-2011",50.83333333,51.66666667,0.833333333,NA
"755","Mohoua_novaeseelandiae","Finschia_novaeseelandiae","Pipipi (Brown Creeper)","Present","Pipipi","Mohoua novaeseelandiae","Present","Odom et al., 2014",45.13888889,42.36111111,-2.777777778,NA
"756","Mohoua_ochrocephala","Mohoua_ochrocephala","Yellowhead","Absent","Yellowhead","Mohoua ochrocephala","Absent","del Hoyo et al., 2004-2011",50,48.19444444,-1.805555556,NA
"757","Molothrus_armenti",NA,NA,NA,"Bronze-brown Cowbird","Molothrus armenti","Absent","Odom et al., 2014",63.75,64.44444444,0.694444444,NA
"758","Molothrus_ater",NA,NA,NA,"Brown-headed Cowbird","Molothrus ater","Absent","Odom et al., 2014",41.38888889,48.61111111,7.222222222,NA
"759","Molothrus_bonariensis",NA,NA,NA,"Shiny Cowbird","Molothrus bonariensis","Present","Odom et al., 2014",41.38888889,62.77777778,21.38888889,NA
"760","Molothrus_rufoaxillaris",NA,NA,NA,"Screaming Cowbird","Molothrus rufoaxillaris","Present","Odom et al., 2014",61.66666667,59.86111111,-1.805555556,NA
"761","Monarcha_chrysomela","Carterornis_chrysomela","Golden Monarch","Absent","Golden Monarch","Monarcha chrysomela","Absent","Odom et al., 2014",44.02777778,64.16666667,20.13888889,NA
"762","Monarcha_melanopsis","Monarcha_melanopsis","Black-faced Monarch","Absent","Black-faced Monarch","Monarcha melanopsis","Absent","del Hoyo et al., 2004-2011",52.08333333,53.88888889,1.805555556,NA
"763","Monarcha_trivirgatus","Monarcha_trivirgatus","Spectacled Monarch","Present","Spectacled Monarch","Monarcha trivirgatus","Present","del Hoyo et al., 2004-2011",52.63888889,50.69444444,-1.944444444,NA
"764","Monticola_cinclorhynchus",NA,NA,NA,"Blue-capped Rock-thrush","Monticola cinclorhynchus","Absent","Odom et al., 2014",40.41666667,70.41666667,30,NA
"765","Monticola_explorator",NA,NA,NA,"Sentinel Rock-thrush","Monticola explorator","Present","Odom et al., 2014",38.61111111,62.22222222,23.61111111,NA
"766","Monticola_rufiventris",NA,NA,NA,"Chestnut-bellied Rock-thrush","Monticola rufiventris","Absent","Odom et al., 2014",42.77777778,61.25,18.47222222,NA
"767","Monticola_rupestris",NA,NA,NA,"Cape Rock-thrush","Monticola rupestris","Present","Odom et al., 2014",42.77777778,54.16666667,11.38888889,NA
"768","Monticola_saxatilis",NA,NA,NA,"Rufous-tailed Rock-thrush","Monticola saxatilis","Present","Odom et al., 2014",41.11111111,64.72222222,23.61111111,"Evidence for FS"
"769","Monticola_solitarius",NA,NA,NA,"Blue Rock-thrush","Monticola solitarius","Present","Odom et al., 2014",44.58333333,59.30555556,14.72222222,"Evidence for FS"
"770","Montifringilla_davidiana",NA,NA,NA,"Small Snowfinch","Montifringilla davidiana","Songless","Odom et al., 2014",53.88888889,51.52777778,-2.361111111,NA
"771","Montifringilla_nivalis",NA,NA,NA,"White-winged Snowfinch","Montifringilla nivalis","Absent","Odom et al., 2014",44.58333333,53.88888889,9.305555556,"Evidence for FS"
"772","Montifringilla_ruficollis",NA,NA,NA,"Rufous-necked Snowfinch","Montifringilla ruficollis","Songless","Odom et al., 2014",45.27777778,44.16666667,-1.111111111,NA
"773","Motacilla_grandis",NA,NA,NA,"Japanese Wagtail","Motacilla grandis","Present","Odom et al., 2014",63.05555556,60.55555556,-2.5,NA
"774","Muscicapa_aquatica",NA,NA,NA,"Swamp Flycatcher","Muscicapa aquatica","Present","Odom et al., 2014",42.08333333,39.44444444,-2.638888889,NA
"775","Muscicapa_gambagae",NA,NA,NA,"Gambaga Flycatcher","Muscicapa gambagae","Songless","Odom et al., 2014",40.27777778,40.13888889,-0.138888889,NA
"776","Muscicapa_griseisticta",NA,NA,NA,"Grey-streaked Flycatcher","Muscicapa griseisticta","Absent","Odom et al., 2014",45.13888889,41.94444444,-3.194444444,NA
"777","Myadestes_melanops",NA,NA,NA,"Black-faced Solitaire","Myadestes melanops","Present","Odom et al., 2014",58.47222222,56.94444444,-1.527777778,NA
"778","Myadestes_obscurus",NA,NA,NA,"Omao","Myadestes obscurus","Present","Odom et al., 2014",47.5,47.63888889,0.138888889,NA
"779","Myadestes_palmeri",NA,NA,NA,"Puaiohi","Myadestes palmeri","Absent","Odom et al., 2014",43.61111111,43.47222222,-0.138888889,NA
"780","Myadestes_ralloides",NA,NA,NA,"Andean Solitaire","Myadestes ralloides","Present","Odom et al., 2014",49.16666667,47.5,-1.666666667,NA
"781","Myiagra_alecto","Myiagra_alecto","Shining Flycatcher","Present","Shining Flycatcher","Myiagra alecto","Present","del Hoyo et al., 2004-2011",58.88888889,63.61111111,4.722222222,NA
"782","Myiagra_cyanoleuca","Myiagra_cyanoleuca","Satin Flycatcher","Present","Satin Flycatcher","Myiagra cyanoleuca","Present","del Hoyo et al., 2004-2011",46.11111111,65.83333333,19.72222222,NA
"783","Myiagra_inquieta","Myiagra_inquieta","Restless Flycatcher","Present","Restless Flycatcher","Myiagra inquieta","Present","del Hoyo et al., 2004-2011",47.77777778,55,7.222222222,NA
"784","Myioborus_pictus",NA,NA,NA,"Painted Redstart","Myioborus pictus","Present","Odom et al., 2014",62.63888889,62.91666667,0.277777778,NA
"785","Myophonus_borneensis",NA,NA,NA,"Bornean Whistling-thrush","Myophonus borneensis","Songless","Odom et al., 2014",49.58333333,62.22222222,12.63888889,NA
"786","Myophonus_melanurus",NA,NA,NA,"Shiny Whistling-thrush","Myophonus melanurus","Songless","Odom et al., 2014",63.05555556,61.94444444,-1.111111111,NA
"787","Myrmecocichla_arnoti",NA,NA,NA,"White-headed Black-chat","Myrmecocichla arnoti","Present","Odom et al., 2014",60.41666667,63.75,3.333333333,NA
"788","Myrmecocichla_cinnamomeiventris",NA,NA,NA,"Mocking Cliff-chat","Myrmecocichla cinnamomeiventris","Present","Odom et al., 2014",53.47222222,65.55555556,12.08333333,NA
"789","Myrmecocichla_formicivora",NA,NA,NA,"Southern Anteater-chat","Myrmecocichla formicivora","Present","Odom et al., 2014",50.97222222,50.83333333,-0.138888889,NA
"790","Myrmecocichla_nigra",NA,NA,NA,"Sooty Chat","Myrmecocichla nigra","Present","Odom et al., 2014",66.38888889,69.16666667,2.777777778,NA
"791","Myzomela_caledonica","Myzomela_caledonica","New Caledonian Myzomela","Absent","New Caledonian Myzomela","Myzomela caledonica","Absent","del Hoyo et al., 2004-2011",42.22222222,67.91666667,25.69444444,NA
"792","Myzomela_chloroptera","Myzomela_chloroptera","Sulawesi Myzomela","Absent","Sulawesi Myzomela","Myzomela chloroptera","Absent","del Hoyo et al., 2004-2011",40.97222222,58.33333333,17.36111111,NA
"793","Myzomela_cruentata",NA,NA,NA,"Red Myzomela","Myzomela cruentata","Songless","del Hoyo et al., 2004-2011",40.41666667,63.05555556,22.63888889,NA
"794","Myzomela_erythrocephala","Myzomela_erythrocephala","Red-headed Myzomela","Absent","Red-headed Myzomela","Myzomela erythrocephala","Absent","del Hoyo et al., 2004-2011",40.83333333,62.08333333,21.25,NA
"795","Myzomela_erythromelas",NA,NA,NA,"Black-bellied Myzomela","Myzomela erythromelas","Songless","del Hoyo et al., 2004-2011",53.05555556,65.27777778,12.22222222,NA
"796","Myzomela_jugularis","Myzomela_jugularis","Orange-breasted Myzomela","Absent","Orange-breasted Myzomela","Myzomela jugularis","Absent","del Hoyo et al., 2004-2011",58.33333333,55.97222222,-2.361111111,NA
"797","Myzomela_kuehni",NA,NA,NA,"Crimson-hooded Myzomela","Myzomela kuehni","Songless","del Hoyo et al., 2004-2011",55.27777778,63.05555556,7.777777778,NA
"798","Myzomela_pulchella",NA,NA,NA,"Olive-yellow Myzomela","Myzomela pulchella","Songless","del Hoyo et al., 2004-2011",53.05555556,53.33333333,0.277777778,NA
"799","Myzomela_vulnerata",NA,NA,NA,"Red-rumped Myzomela","Myzomela vulnerata","Songless","del Hoyo et al., 2004-2011",65.97222222,65,-0.972222222,NA
"800","Myzornis_pyrrhoura",NA,NA,NA,"Fire-tailed Myzornis","Myzornis pyrrhoura","Songless","Odom et al., 2014",42.91666667,44.16666667,1.25,NA
"801","Nectarinia_afra",NA,NA,NA,"Greater Double-collared Sunbird","Nectarinia afra","Present","Odom et al., 2014",38.33333333,54.58333333,16.25,NA
"802","Nectarinia_amethystina",NA,NA,NA,"Amethyst Sunbird","Nectarinia amethystina","Present","Odom et al., 2014",40.41666667,61.38888889,20.97222222,NA
"803","Nectarinia_asiatica",NA,NA,NA,"Purple Sunbird","Nectarinia asiatica","Present","Odom et al., 2014",36.94444444,54.86111111,17.91666667,NA
"804","Nectarinia_bocagii",NA,NA,NA,"Bocage's Sunbird","Nectarinia bocagii","Songless","Odom et al., 2014",39.58333333,63.05555556,23.47222222,NA
"805","Nectarinia_chalybea",NA,NA,NA,"Southern Double-collared Sunbird","Nectarinia chalybea","Present","Odom et al., 2014",40.41666667,58.19444444,17.77777778,NA
"806","Nectarinia_coccinigaster",NA,NA,NA,"Splendid Sunbird","Nectarinia coccinigaster","Absent","Odom et al., 2014",40,60.27777778,20.27777778,NA
"807","Nectarinia_dussumieri",NA,NA,NA,"Seychelles Sunbird","Nectarinia dussumieri","Present","Odom et al., 2014",40.83333333,50.55555556,9.722222222,NA
"808","Nectarinia_kilimensis",NA,NA,NA,"Bronze Sunbird","Nectarinia kilimensis","Present","Odom et al., 2014",37.77777778,45.97222222,8.194444444,NA
"809","Nectarinia_lotenia",NA,NA,NA,"Long-billed Sunbird","Nectarinia lotenia","Present","Odom et al., 2014",39.30555556,61.25,21.94444444,NA
"810","Nectarinia_olivacea",NA,NA,NA,"Olive Sunbird","Nectarinia olivacea","Absent","Odom et al., 2014",40,40.55555556,0.555555556,NA
"811","Nectarinia_rubescens",NA,NA,NA,"Green-throated Sunbird","Nectarinia rubescens","Absent","Odom et al., 2014",39.86111111,58.75,18.88888889,NA
"812","Nectarinia_rufipennis",NA,NA,NA,"Rufous-winged Sunbird","Nectarinia rufipennis","Present","Odom et al., 2014",37.36111111,53.47222222,16.11111111,NA
"813","Nectarinia_talatala",NA,NA,NA,"White-breasted Sunbird","Nectarinia talatala","Present","Odom et al., 2014",40.41666667,50.27777778,9.861111111,NA
"814","Neochelidon_tibialis",NA,NA,NA,"White-thighed Swallow","Neochelidon tibialis","Songless","Odom et al., 2014",45.41666667,40.97222222,-4.444444444,NA
"815","Neomixis_tenella",NA,NA,NA,"Common Jery","Neomixis tenella","Absent","Odom et al., 2014",45,42.63888889,-2.361111111,NA
"816","Nesopsar_nigerrimus",NA,NA,NA,"Jamaican Blackbird","Nesopsar nigerrimus","Present","Odom et al., 2014",64.86111111,62.63888889,-2.222222222,NA
"817","Nesospiza_acunhae",NA,NA,NA,"Inaccessible Bunting","Nesospiza acunhae","Absent","Odom et al., 2014",38.19444444,40.97222222,2.777777778,NA
"818","Nilaus_afer","Nilaus_afer","Brubru","Present","Brubru","Nilaus afer","Present","del Hoyo et al., 2004-2011",50.13888889,52.77777778,2.638888889,NA
"819","Niltava_vivida",NA,NA,NA,"Vivid Niltava","Niltava vivida","Absent","Odom et al., 2014",44.58333333,58.75,14.16666667,NA
"820","Notiomystis_cincta","Notiomystis_cincta","Stitchbird","Absent","Stitchbird","Notiomystis cincta","Absent","del Hoyo et al., 2004-2011",40,62.22222222,22.22222222,NA
"821","Nucifraga_caryocatactes","Nucifraga_caryocatactes","Spotted Nutcracker","Absent","Spotted Nutcracker","Nucifraga caryocatactes","Absent","del Hoyo et al., 2004-2011",50.55555556,45.27777778,-5.277777778,NA
"822","Nucifraga_columbiana",NA,NA,NA,"Clark's Nutcracker","Nucifraga columbiana","Songless","del Hoyo et al., 2004-2011",53.47222222,50.27777778,-3.194444444,NA
"823","Oedistoma_pygmaeum",NA,NA,NA,"Pygmy Longbill","Oedistoma pygmaeum","Songless","Odom et al., 2014",42.63888889,41.52777778,-1.111111111,NA
"824","Oenanthe_albonigra",NA,NA,NA,"Hume's Wheatear","Oenanthe albonigra","Absent","Odom et al., 2014",61.94444444,66.25,4.305555556,"Evidence against FS"
"825","Oenanthe_bifasciata",NA,NA,NA,"Buff-streaked Chat","Oenanthe bifasciata","Present","Odom et al., 2014",43.05555556,60.27777778,17.22222222,NA
"826","Oenanthe_chrysopygia",NA,NA,NA,"Red-tailed Wheatear","Oenanthe chrysopygia","Present","Odom et al., 2014",43.61111111,42.91666667,-0.694444444,NA
"827","Oenanthe_deserti",NA,NA,NA,"Desert Wheatear","Oenanthe deserti","Present","Odom et al., 2014",41.66666667,50,8.333333333,"Evidence for FS"
"828","Oenanthe_finschii",NA,NA,NA,"Finsch's Wheatear","Oenanthe finschii","Present","Odom et al., 2014",43.88888889,58.88888889,15,"Evidence for FS"
"829","Oenanthe_hispanica",NA,NA,NA,"Black-eared Wheatear","Oenanthe hispanica","Present","Odom et al., 2014",45.55555556,46.38888889,0.833333333,"Evidence for FS"
"830","Oenanthe_isabellina",NA,NA,NA,"Isabelline Wheatear","Oenanthe isabellina","Present","Odom et al., 2014",40.41666667,39.30555556,-1.111111111,"Evidence for FS"
"831","Oenanthe_leucopyga",NA,NA,NA,"White-tailed Wheatear","Oenanthe leucopyga","Present","Odom et al., 2014",65.69444444,66.11111111,0.416666667,"Evidence for FS"
"832","Oenanthe_leucura",NA,NA,NA,"Black Wheatear","Oenanthe leucura","Present","Odom et al., 2014",60.97222222,70,9.027777778,"Evidence for FS"
"833","Oenanthe_lugens",NA,NA,NA,"Mourning Wheatear","Oenanthe lugens","Present","Odom et al., 2014",46.25,58.19444444,11.94444444,"Evidence for FS"
"834","Oenanthe_moesta",NA,NA,NA,"Red-rumped Wheatear","Oenanthe moesta","Present","Odom et al., 2014",42.08333333,58.33333333,16.25,"Evidence for FS"
"835","Oenanthe_monacha",NA,NA,NA,"Hooded Wheatear","Oenanthe monacha","Absent","Odom et al., 2014",41.11111111,59.58333333,18.47222222,"Evidence against FS"
"836","Oenanthe_monticola",NA,NA,NA,"Mountain Wheatear","Oenanthe monticola","Present","Odom et al., 2014",43.47222222,59.58333333,16.11111111,NA
"837","Oenanthe_oenanthe",NA,NA,NA,"Northern Wheatear","Oenanthe oenanthe","Present","Odom et al., 2014",41.25,44.86111111,3.611111111,"Evidence for FS"
"838","Oenanthe_pleschanka",NA,NA,NA,"Pied Wheatear","Oenanthe pleschanka","Present","Odom et al., 2014",40.41666667,55.69444444,15.27777778,"Evidence for FS"
"839","Oenanthe_xanthoprymna",NA,NA,NA,"Kurdish Wheatear","Oenanthe xanthoprymna","Present","Odom et al., 2014",43.61111111,54.86111111,11.25,"Evidence for FS"
"840","Onychognathus_blythii",NA,NA,NA,"Somali Starling","Onychognathus blythii","Songless","Odom et al., 2014",47.91666667,60.55555556,12.63888889,NA
"841","Onychognathus_frater",NA,NA,NA,"Socotra Starling","Onychognathus frater","Songless","Odom et al., 2014",61.38888889,58.47222222,-2.916666667,NA
"842","Onychognathus_morio",NA,NA,NA,"Red-winged Starling","Onychognathus morio","Present","Odom et al., 2014",51.25,58.33333333,7.083333333,NA
"843","Onychognathus_nabouroup",NA,NA,NA,"Pale-winged Starling","Onychognathus nabouroup","Absent","Odom et al., 2014",58.33333333,59.86111111,1.527777778,NA
"844","Onychognathus_salvadorii",NA,NA,NA,"Bristle-crowned Starling","Onychognathus salvadorii","Absent","Odom et al., 2014",65.13888889,63.05555556,-2.083333333,NA
"845","Oreocharis_arfaki",NA,NA,NA,"Tit Berrypecker","Oreocharis arfaki","Songless","del Hoyo et al., 2004-2011",45.55555556,61.25,15.69444444,NA
"846","Oreoica_gutturalis","Oreoica_gutturalis","Crested Bellbird","Present","Crested Bellbird","Oreoica gutturalis","Present","del Hoyo et al., 2004-2011",44.58333333,59.16666667,14.58333333,NA
"847","Oreolais_pulchra",NA,NA,NA,"Black-collared Apalis","Oreolais pulchra","Present","Odom et al., 2014",53.47222222,50.97222222,-2.5,NA
"848","Oreornis_chrysogenys",NA,NA,NA,"Orange-cheeked Honeyeater","Oreornis chrysogenys","Songless","del Hoyo et al., 2004-2011",38.33333333,36.38888889,-1.944444444,NA
"849","Origma_solitaria",NA,NA,NA,"Rockwarbler","Origma solitaria","Songless","del Hoyo et al., 2004-2011",46.66666667,40.27777778,-6.388888889,NA
"850","Oriolus_chinensis",NA,NA,NA,"Black-naped Oriole","Oriolus chinensis","Songless","del Hoyo et al., 2004-2011",58.61111111,55.13888889,-3.472222222,NA
"851","Oriolus_cruentus",NA,NA,NA,"Black-and-crimson Oriole","Oriolus cruentus","Songless","del Hoyo et al., 2004-2011",59.02777778,65.13888889,6.111111111,NA
"852","Oriolus_larvatus","Oriolus_larvatus","African Black-headed Oriole","Present","African Black-headed Oriole","Oriolus larvatus","Present","del Hoyo et al., 2004-2011",62.63888889,61.25,-1.388888889,NA
"853","Oriolus_melanotis","Oriolus_melanotis","Olive-brown Oriole","Present","Olive-brown Oriole","Oriolus melanotis","Present","del Hoyo et al., 2004-2011",41.25,41.80555556,0.555555556,NA
"854","Oriolus_nigripennis","Oriolus_nigripennis","Black-winged Oriole","Present","Black-winged Oriole","Oriolus nigripennis","Present","del Hoyo et al., 2004-2011",69.16666667,68.05555556,-1.111111111,NA
"855","Oriolus_oriolus","Oriolus_oriolus","Eurasian Golden-Oriole","Present","Eurasian Golden Oriole","Oriolus oriolus","Present","del Hoyo et al., 2004-2011",41.52777778,53.88888889,12.36111111,"Evidence for FS"
"856","Oriolus_percivali","Oriolus_percivali","Black-tailed Oriole","Present","Black-tailed Oriole","Oriolus percivali","Present","del Hoyo et al., 2004-2011",65.97222222,66.11111111,0.138888889,NA
"857","Oriolus_sagittatus","Oriolus_sagittatus","Olive-backed Oriole","Present","Olive-backed Oriole","Oriolus sagittatus","Present","del Hoyo et al., 2004-2011",43.19444444,40.13888889,-3.055555556,NA
"858","Oriolus_szalayi","Oriolus_szalayi","Brown Oriole","Present","Brown Oriole","Oriolus szalayi","Present","del Hoyo et al., 2004-2011",43.88888889,43.88888889,7.11e-15,NA
"859","Oriolus_xanthornus","Oriolus_xanthornus","Black-hooded Oriole","Absent","Black-hooded Oriole","Oriolus xanthornus","Absent","del Hoyo et al., 2004-2011",68.75,65.41666667,-3.333333333,NA
"860","Orthonyx_spaldingii","Orthonyx_spaldingii","Chowchilla","Present","Chowchilla","Orthonyx spaldingii","Present","del Hoyo et al., 2004-2011",59.16666667,54.86111111,-4.305555556,NA
"861","Orthonyx_temminckii","Orthonyx_temminckii","Logrunner","Present","Australian Logrunner","Orthonyx temminckii","Present","del Hoyo et al., 2004-2011",51.38888889,51.11111111,-0.277777778,NA
"862","Orthotomus_sericeus",NA,NA,NA,"Rufous-tailed Tailorbird","Orthotomus sericeus","Present","Odom et al., 2014",48.88888889,48.19444444,-0.694444444,NA
"863","Ortygospiza_atricollis",NA,NA,NA,"Quailfinch","Ortygospiza atricollis","Present","Odom et al., 2014",44.30555556,53.61111111,9.305555556,NA
"864","Ortygospiza_locustella",NA,NA,NA,"Locust Finch","Ortygospiza locustella","Songless","Odom et al., 2014",52.63888889,65,12.36111111,NA
"865","Oryzoborus_maximiliani",NA,NA,NA,"Great-billed Seed-finch","Oryzoborus maximiliani","Present","Odom et al., 2014",44.30555556,60.69444444,16.38888889,NA
"866","Oryzoborus_nuttingi",NA,NA,NA,"Nicaraguan Seed-finch","Oryzoborus nuttingi","Absent","Odom et al., 2014",46.11111111,63.75,17.63888889,NA
"867","Oxylabes_madagascariensis",NA,NA,NA,"White-throated Oxylabes","Oxylabes madagascariensis","Present","Odom et al., 2014",43.33333333,41.52777778,-1.805555556,NA
"868","Pachycephala_implicata","Pachycephala_implicata","Hooded Whistler","Present","Hooded Whistler","Pachycephala implicata","Present","del Hoyo et al., 2004-2011",53.75,54.86111111,1.111111111,NA
"869","Pachycephala_inornata","Pachycephala_inornata","Gilbert's Whistler","Present","Gilbert's Whistler","Pachycephala inornata","Present","del Hoyo et al., 2004-2011",45,44.30555556,-0.694444444,NA
"870","Pachycephala_lanioides","Pachycephala_lanioides","White-breasted Whistler","Present","White-breasted Whistler","Pachycephala lanioides","Present","del Hoyo et al., 2004-2011",38.88888889,55.83333333,16.94444444,NA
"871","Pachycephala_pectoralis","Pachycephala_pectoralis","Golden Whistler","Present","Golden Whistler","Pachycephala pectoralis","Present","del Hoyo et al., 2004-2011",37.22222222,60.27777778,23.05555556,NA
"872","Pachycephala_rufiventris","Pachycephala_rufiventris","Rufous Whistler","Present","Rufous Whistler","Pachycephala rufiventris","Present","del Hoyo et al., 2004-2011",38.88888889,51.66666667,12.77777778,NA
"873","Panurus_biarmicus",NA,NA,NA,"Bearded Parrotbill","Panurus biarmicus","Absent","Odom et al., 2014",50.97222222,51.25,0.277777778,NA
"874","Paradisaea_apoda","Paradisaea_apoda","Greater Bird-of-paradise","Absent","Greater Bird-of-paradise","Paradisaea apoda","Absent","del Hoyo et al., 2004-2011",50.55555556,56.52777778,5.972222222,NA
"875","Paradisaea_decora","Paradisaea_decora","Goldie's Bird-of-paradise","Absent","Goldie's Bird-of-paradise","Paradisaea decora","Absent","del Hoyo et al., 2004-2011",47.22222222,57.91666667,10.69444444,NA
"876","Paradisaea_guilielmi","Paradisaea_guilielmi","Emperor Bird-of-paradise","Absent","Emperor Bird-of-paradise","Paradisaea guilielmi","Absent","del Hoyo et al., 2004-2011",53.33333333,47.91666667,-5.416666667,NA
"877","Paradisaea_minor","Paradisaea_minor","Lesser Bird-of-paradise","Absent","Lesser Bird-of-paradise","Paradisaea minor","Absent","del Hoyo et al., 2004-2011",60.97222222,56.25,-4.722222222,NA
"878","Paradisaea_raggiana","Paradisaea_raggiana","Raggiana Bird-of-paradise","Absent","Raggiana Bird-of-paradise","Paradisaea raggiana","Absent","del Hoyo et al., 2004-2011",54.58333333,62.22222222,7.638888889,NA
"879","Paradisaea_rubra","Paradisaea_rubra","Red Bird-of-paradise","Absent","Red Bird-of-paradise","Paradisaea rubra","Absent","del Hoyo et al., 2004-2011",54.16666667,51.25,-2.916666667,NA
"880","Paradisaea_rudolphi","Paradisaea_rudolphi","Blue Bird-of-paradise","Absent","Blue Bird-of-paradise","Paradisaea rudolphi","Absent","del Hoyo et al., 2004-2011",63.33333333,67.63888889,4.305555556,NA
"881","Paradoxornis_flavirostris",NA,NA,NA,"Black-breasted Parrotbill","Paradoxornis flavirostris","Present","Odom et al., 2014",62.91666667,62.91666667,0,NA
"882","Paradoxornis_gularis",NA,NA,NA,"Grey-headed Parrotbill","Paradoxornis gularis","Present","Odom et al., 2014",47.91666667,53.75,5.833333333,NA
"883","Paradoxornis_margaritae",NA,NA,NA,"Black-headed Parrotbill","Paradoxornis margaritae","Present","Odom et al., 2014",57.22222222,55.41666667,-1.805555556,NA
"884","Paramythia_montium",NA,NA,NA,"Crested Berrypecker","Paramythia montium","Songless","del Hoyo et al., 2004-2011",60,59.72222222,-0.277777778,NA
"885","Pardalotus_punctatus","Pardalotus_punctatus","Spotted Pardalote","Present","Spotted Pardalote","Pardalotus punctatus","Present","del Hoyo et al., 2004-2011",39.58333333,40.55555556,0.972222222,NA
"886","Pardalotus_rubricatus","Pardalotus_rubricatus","Red-browed Pardalote","Present","Red-browed Pardalote","Pardalotus rubricatus","Present","del Hoyo et al., 2004-2011",46.11111111,46.52777778,0.416666667,NA
"887","Pardalotus_striatus","Pardalotus_striatus","Striated Pardalote","Present","Striated Pardalote","Pardalotus striatus","Present","del Hoyo et al., 2004-2011",53.05555556,52.5,-0.555555556,NA
"888","Parmoptila_rubrifrons",NA,NA,NA,"Red-fronted Antpecker","Parmoptila rubrifrons","Songless","Odom et al., 2014",47.5,45.13888889,-2.361111111,NA
"889","Parophasma_galinieri",NA,NA,NA,"Abyssinian Catbird","Parophasma galinieri","Present","Odom et al., 2014",50.41666667,49.58333333,-0.833333333,NA
"890","Parotia_carolae","Parotia_carolae","Carola's Parotia","Absent","Carola's Parotia","Parotia carolae","Absent","del Hoyo et al., 2004-2011",42.91666667,48.33333333,5.416666667,NA
"891","Parotia_sefilata","Parotia_sefilata","Western Parotia","Absent","Western Parotia","Parotia sefilata","Absent","del Hoyo et al., 2004-2011",51.52777778,60.55555556,9.027777778,NA
"892","Parus_ater",NA,NA,NA,"Coal Tit","Parus ater","Present","Odom et al., 2014",58.88888889,60.41666667,1.527777778,"Evidence for FS"
"893","Parus_caeruleus",NA,NA,NA,"Blue Tit","Parus caeruleus","Present","Odom et al., 2014",55.13888889,55.27777778,0.138888889,"Evidence for FS"
"894","Parus_carpi",NA,NA,NA,"Carp's Black Tit","Parus carpi","Songless","Odom et al., 2014",61.66666667,66.52777778,4.861111111,NA
"895","Parus_holsti",NA,NA,NA,"Yellow Tit","Parus holsti","Present","Odom et al., 2014",53.47222222,52.91666667,-0.555555556,NA
"896","Parus_major",NA,NA,NA,"Great Tit","Parus major","Present","Odom et al., 2014",59.44444444,57.08333333,-2.361111111,"Evidence for FS"
"897","Parus_montanus",NA,NA,NA,"Willow Tit","Parus montanus","Present","Odom et al., 2014",53.88888889,52.91666667,-0.972222222,"Evidence for FS"
"898","Parus_palustris",NA,NA,NA,"Marsh Tit","Parus palustris","Present","Odom et al., 2014",50.97222222,52.5,1.527777778,"Evidence for FS"
"899","Passer_flaveolus",NA,NA,NA,"Plain-backed Sparrow","Passer flaveolus","Songless","Odom et al., 2014",39.02777778,47.36111111,8.333333333,NA
"900","Passer_griseus",NA,NA,NA,"Northern Grey-headed Sparrow","Passer griseus","Absent","Odom et al., 2014",47.77777778,48.61111111,0.833333333,NA
"901","Passer_iagoensis",NA,NA,NA,"Iago Sparrow","Passer iagoensis","Absent","Odom et al., 2014",44.16666667,53.75,9.583333333,NA
"902","Passer_insularis",NA,NA,NA,"Socotra Sparrow","Passer insularis","Songless","Odom et al., 2014",44.02777778,54.72222222,10.69444444,NA
"903","Passer_luteus",NA,NA,NA,"Sudan Golden Sparrow","Passer luteus","Absent","Odom et al., 2014",40.97222222,60.83333333,19.86111111,NA
"904","Passer_melanurus",NA,NA,NA,"Cape Sparrow","Passer melanurus","Absent","Odom et al., 2014",50,63.33333333,13.33333333,NA
"905","Passer_montanus",NA,NA,NA,"Eurasian Tree Sparrow","Passer montanus","Absent","Odom et al., 2014",49.58333333,49.16666667,-0.416666667,NA
"906","Passerella_iliaca",NA,NA,NA,"Fox Sparrow","Passerella iliaca","Present","Odom et al., 2014",45.69444444,45.41666667,-0.277777778,NA
"907","Passerina_ciris",NA,NA,NA,"Painted Bunting","Passerina ciris","Absent","Odom et al., 2014",40.13888889,62.91666667,22.77777778,NA
"908","Passerina_cyanea",NA,NA,NA,"Indigo Bunting","Passerina cyanea","Absent","Odom et al., 2014",40.55555556,67.22222222,26.66666667,NA
"909","Pellorneum_albiventre",NA,NA,NA,"Spot-throated Babbler","Pellorneum albiventre","Present","Odom et al., 2014",39.86111111,41.11111111,1.25,NA
"910","Pellorneum_capistratum",NA,NA,NA,"Black-capped Babbler","Pellorneum capistratum","Present","Odom et al., 2014",47.22222222,50.13888889,2.916666667,NA
"911","Periporphyrus_erythromelas",NA,NA,NA,"Red-and-black Grosbeak","Periporphyrus erythromelas","Present","Odom et al., 2014",55.83333333,70,14.16666667,NA
"912","Perisoreus_canadensis","Perisoreus_canadensis","Grey Jay","Present","Grey Jay","Perisoreus canadensis","Present","del Hoyo et al., 2004-2011",53.61111111,53.47222222,-0.138888889,NA
"913","Perisoreus_internigrans",NA,NA,NA,"Sichuan Jay","Perisoreus internigrans","Songless","del Hoyo et al., 2004-2011",55.27777778,55,-0.277777778,NA
"914","Petrochelidon_rufocollaris",NA,NA,NA,"Chestnut-collared Swallow","Petrochelidon rufocollaris","Songless","Odom et al., 2014",45.41666667,46.80555556,1.388888889,NA
"915","Petroica_australis","Petroica_australis","New Zealand Robin","Present","New Zealand Robin","Petroica australis","Present","del Hoyo et al., 2004-2011",59.86111111,60.27777778,0.416666667,NA
"916","Petroica_goodenovii","Petroica_goodenovii","Red-capped Robin","Present","Red-capped Robin","Petroica goodenovii","Present","del Hoyo et al., 2004-2011",44.30555556,63.88888889,19.58333333,NA
"917","Petroica_macrocephala","Petroica_macrocephala","Tomtit","Present","Tomtit","Petroica macrocephala","Present","del Hoyo et al., 2004-2011",50.41666667,52.63888889,2.222222222,NA
"918","Petroica_multicolor","Petroica_boodang","Scarlet Robin","Present","Scarlet Robin","Petroica multicolor","Present","del Hoyo et al., 2004-2011",45.41666667,63.88888889,18.47222222,NA
"919","Petroica_phoenicea","Petroica_phoenicea","Flame Robin","Present","Flame Robin","Petroica phoenicea","Present","del Hoyo et al., 2004-2011",43.19444444,52.91666667,9.722222222,NA
"920","Petroica_rodinogaster","Petroica_rodinogaster","Pink Robin","Absent","Pink Robin","Petroica rodinogaster","Absent","del Hoyo et al., 2004-2011",43.19444444,59.44444444,16.25,NA
"921","Petroica_traversi","Petroica_traversi","Chatham Islands Robin","Absent","Black Robin","Petroica traversi","Absent","del Hoyo et al., 2004-2011",65.13888889,61.66666667,-3.472222222,NA
"922","Petronia_petronia",NA,NA,NA,"Rock Sparrow","Petronia petronia","Present","Odom et al., 2014",42.36111111,42.36111111,0,"Evidence for FS"
"923","Petronia_pyrgita",NA,NA,NA,"Yellow-spotted Petronia","Petronia pyrgita","Songless","Odom et al., 2014",45.13888889,44.30555556,-0.833333333,NA
"924","Phaenicophilus_poliocephalus",NA,NA,NA,"Grey-crowned Palm-tanager","Phaenicophilus poliocephalus","Absent","Odom et al., 2014",52.63888889,50.41666667,-2.222222222,NA
"925","Phaeothlypis_fulvicauda",NA,NA,NA,"Buff-rumped Warbler","Phaeothlypis fulvicauda","Present","Odom et al., 2014",49.16666667,43.33333333,-5.833333333,NA
"926","Phainoptila_melanoxantha",NA,NA,NA,"Black-and-yellow Silky-flycatcher","Phainoptila melanoxantha","Songless","Odom et al., 2014",54.58333333,62.22222222,7.638888889,NA
"927","Pheucticus_ludovicianus",NA,NA,NA,"Rose-breasted Grosbeak","Pheucticus ludovicianus","Present","Odom et al., 2014",46.25,62.22222222,15.97222222,NA
"928","Pheucticus_melanocephalus",NA,NA,NA,"Black-headed Grosbeak","Pheucticus melanocephalus","Present","Odom et al., 2014",45,59.86111111,14.86111111,NA
"929","Philemon_argenticeps","Philemon_argenticeps","Silver-crowned Friarbird","Absent","Silver-crowned Friarbird","Philemon argenticeps","Absent","del Hoyo et al., 2004-2011",51.52777778,51.38888889,-0.138888889,NA
"930","Philemon_brassi",NA,NA,NA,"Brass's Friarbird","Philemon brassi","Songless","del Hoyo et al., 2004-2011",42.36111111,44.72222222,2.361111111,NA
"931","Philemon_buceroides","Philemon_buceroides","Helmeted Friarbird","Present","Helmeted Friarbird","Philemon buceroides","Present","del Hoyo et al., 2004-2011",39.72222222,40.55555556,0.833333333,NA
"932","Philemon_cockerelli","Philemon_cockerelli","New Britain Friarbird","Present","New Britain Friarbird","Philemon cockerelli","Present","del Hoyo et al., 2004-2011",42.77777778,41.94444444,-0.833333333,NA
"933","Philemon_corniculatus","Philemon_corniculatus","Noisy Friarbird","Present","Noisy Friarbird","Philemon corniculatus","Present","del Hoyo et al., 2004-2011",50.13888889,50.13888889,-7.11e-15,NA
"934","Philemon_diemenensis",NA,NA,NA,"New Caledonian Friarbird","Philemon diemenensis","Songless","del Hoyo et al., 2004-2011",42.77777778,42.77777778,0,NA
"935","Philemon_moluccensis","Philemon_moluccensis","Black-faced Friarbird","Present","Black-faced Friarbird","Philemon moluccensis","Present","del Hoyo et al., 2004-2011",39.58333333,42.5,2.916666667,NA
"936","Philemon_plumigenis","Philemon_plumigenis","Tanimbar Friarbird","Present",NA,NA,NA,NA,NA,NA,NA,NA
"937","Philemon_subcorniculatus",NA,NA,NA,"Grey-necked Friarbird","Philemon subcorniculatus","Songless","del Hoyo et al., 2004-2011",42.5,41.25,-1.25,NA
"938","Philesturnus_carunculatus","Philesturnus_carunculatus","Saddleback","Present","Saddleback","Philesturnus carunculatus","Present","del Hoyo et al., 2004-2011",64.16666667,62.08333333,-2.083333333,NA
"939","Philetairus_socius",NA,NA,NA,"Sociable Weaver","Philetairus socius","Absent","Odom et al., 2014",46.80555556,47.91666667,1.111111111,NA
"940","Phoenicurus_ochruros",NA,NA,NA,"Black Redstart","Phoenicurus ochruros","Absent","Odom et al., 2014",41.80555556,63.33333333,21.52777778,"Evidence for FS"
"941","Phoenicurus_phoenicurus",NA,NA,NA,"Common Redstart","Phoenicurus phoenicurus","Absent","Odom et al., 2014",42.91666667,60.69444444,17.77777778,"Evidence for FS"
"942","Phragmacia_substriata",NA,NA,NA,"Namaqua Warbler","Phragmacia substriata","Present","Odom et al., 2014",45.27777778,45,-0.277777778,NA
"943","Phrygilus_dorsalis",NA,NA,NA,"Red-backed Sierra-finch","Phrygilus dorsalis","Songless","Odom et al., 2014",47.08333333,47.36111111,0.277777778,NA
"944","Phrygilus_erythronotus",NA,NA,NA,"White-throated Sierra-finch","Phrygilus erythronotus","Songless","Odom et al., 2014",51.80555556,50.27777778,-1.527777778,NA
"945","Phylidonyris_niger","Phylidonyris_nigra","White-cheeked Honeyeater","Absent","White-cheeked Honeyeater","Phylidonyris niger","Absent","Odom et al., 2014",53.88888889,57.77777778,3.888888889,NA
"946","Phylidonyris_novaehollandiae","Phylidonyris_novaehollandiae","New Holland Honeyeater","Absent","New Holland Honeyeater","Phylidonyris novaehollandiae","Absent","del Hoyo et al., 2004-2011",48.47222222,51.94444444,3.472222222,NA
"947","Phylidonyris_pyrrhopterus","Phylidonyris_pyrrhoptera","Crescent Honeyeater","Absent","Crescent Honeyeater","Phylidonyris pyrrhopterus","Absent","Odom et al., 2014",42.91666667,50.69444444,7.777777778,NA
"948","Phyllanthus_atripennis",NA,NA,NA,"Capuchin Babbler","Phyllanthus atripennis","Present","Odom et al., 2014",52.5,53.47222222,0.972222222,NA
"949","Phyllastrephus_baumanni",NA,NA,NA,"Baumann's Greenbul","Phyllastrephus baumanni","Songless","Odom et al., 2014",43.19444444,41.52777778,-1.666666667,NA
"950","Phyllastrephus_cerviniventris",NA,NA,NA,"Grey-olive Greenbul","Phyllastrephus cerviniventris","Songless","Odom et al., 2014",44.02777778,41.38888889,-2.638888889,NA
"951","Phyllastrephus_strepitans",NA,NA,NA,"Northern Brownbul","Phyllastrephus strepitans","Present","Odom et al., 2014",41.80555556,42.5,0.694444444,NA
"952","Phylloscopus_cebuensis",NA,NA,NA,"Lemon-throated Leaf-warbler","Phylloscopus cebuensis","Songless","Odom et al., 2014",41.25,44.72222222,3.472222222,NA
"953","Phylloscopus_collybita",NA,NA,NA,"Common Chiffchaff","Phylloscopus collybita","Present","Odom et al., 2014",41.80555556,43.61111111,1.805555556,"Evidence for FS"
"954","Phylloscopus_trivirgatus",NA,NA,NA,"Mountain Leaf-warbler","Phylloscopus trivirgatus","Songless","Odom et al., 2014",50,46.25,-3.75,NA
"955","Phylloscopus_trochiloides",NA,NA,NA,"Greenish Warbler","Phylloscopus trochiloides","Present","Odom et al., 2014",41.11111111,41.38888889,0.277777778,"Evidence for FS"
"956","Phylloscopus_trochilus",NA,NA,NA,"Willow Warbler","Phylloscopus trochilus","Present","Odom et al., 2014",39.86111111,39.72222222,-0.138888889,"Evidence for FS"
"957","Pica_pica","Pica_pica","Black-billed Magpie","Present","Black-billed Magpie","Pica pica","Present","del Hoyo et al., 2004-2011",66.52777778,60.97222222,-5.555555556,"Evidence for FS"
"958","Picathartes_gymnocephalus",NA,NA,NA,"White-necked Picathartes","Picathartes gymnocephalus","Songless","del Hoyo et al., 2004-2011",55.27777778,54.44444444,-0.833333333,NA
"959","Picathartes_oreas",NA,NA,NA,"Grey-necked Picathartes","Picathartes oreas","Songless","del Hoyo et al., 2004-2011",55.97222222,55.13888889,-0.833333333,NA
"960","Pinarocorys_erythropygia",NA,NA,NA,"Rufous-rumped Lark","Pinarocorys erythropygia","Absent","Odom et al., 2014",46.66666667,48.19444444,1.527777778,NA
"961","Pinarocorys_nigricans",NA,NA,NA,"Dusky Lark","Pinarocorys nigricans","Absent","Odom et al., 2014",44.58333333,50.55555556,5.972222222,NA
"962","Pinicola_enucleator",NA,NA,NA,"Pine Grosbeak","Pinicola enucleator","Present","Odom et al., 2014",38.75,64.44444444,25.69444444,"Evidence for FS"
"963","Pipilo_aberti",NA,NA,NA,"Abert's Towhee","Pipilo aberti","Present","Odom et al., 2014",41.94444444,41.80555556,-0.138888889,NA
"964","Pipilo_crissalis",NA,NA,NA,"California Towhee","Pipilo crissalis","Present","Odom et al., 2014",44.58333333,43.47222222,-1.111111111,NA
"965","Piranga_olivacea",NA,NA,NA,"Scarlet Tanager","Piranga olivacea","Present","Odom et al., 2014",38.75,68.33333333,29.58333333,NA
"966","Pitohui_cristatus","Pitohui_cristatus","Crested Pitohui","Present","Crested Pitohui","Pitohui cristatus","Present","del Hoyo et al., 2004-2011",41.38888889,41.80555556,0.416666667,NA
"967","Pitohui_ferrugineus",NA,NA,NA,"Rusty Pitohui","Pitohui ferrugineus","Songless","del Hoyo et al., 2004-2011",41.25,37.91666667,-3.333333333,NA
"968","Pitohui_incertus","Pitohui_incertus","White-bellied Pitohui","Present","White-bellied Pitohui","Pitohui incertus","Present","del Hoyo et al., 2004-2011",42.22222222,40.83333333,-1.388888889,NA
"969","Pitohui_kirhocephalus","Pitohui_kirhocephalus","Variable Pitohui","Present","Variable Pitohui","Pitohui kirhocephalus","Present","del Hoyo et al., 2004-2011",40.55555556,57.63888889,17.08333333,NA
"970","Pityriasis_gymnocephala",NA,NA,NA,"Bornean Bristlehead","Pityriasis gymnocephala","Present","del Hoyo et al., 2004-2011",59.16666667,60,0.833333333,NA
"971","Platysmurus_leucopterus",NA,NA,NA,"Black Magpie","Platysmurus leucopterus","Songless","del Hoyo et al., 2004-2011",70,69.30555556,-0.694444444,NA
"972","Platysteira_concreta","Platysteira_concreta","Yellow-bellied Wattle-eye","Absent","Yellow-bellied Wattle-eye","Platysteira concreta","Absent","del Hoyo et al., 2004-2011",54.02777778,46.11111111,-7.916666667,NA
"973","Platysteira_cyanea","Platysteira_cyanea","Brown-throated Wattle-eye","Present","Brown-throated Wattle-eye","Platysteira cyanea","Present","del Hoyo et al., 2004-2011",48.75,60.55555556,11.80555556,NA
"974","Platysteira_peltata","Platysteira_peltata","Black-throated Wattle-eye","Present","Black-throated Wattle-eye","Platysteira peltata","Present","del Hoyo et al., 2004-2011",67.5,59.30555556,-8.194444444,NA
"975","Platysteira_tonsa","Platysteira_tonsa","White-spotted Wattle-eye","Present","White-spotted Wattle-eye","Platysteira tonsa","Present","del Hoyo et al., 2004-2011",57.22222222,59.86111111,2.638888889,NA
"976","Plectorhyncha_lanceolata","Plectorhyncha_lanceolata","Striped Honeyeater","Present","Striped Honeyeater","Plectorhyncha lanceolata","Present","del Hoyo et al., 2004-2011",50.69444444,52.36111111,1.666666667,NA
"977","Plocepasser_mahali",NA,NA,NA,"White-browed Sparrow-weaver","Plocepasser mahali","Present","Odom et al., 2014",51.38888889,51.38888889,7.11e-15,NA
"978","Ploceus_aureonucha",NA,NA,NA,"Golden-naped Weaver","Ploceus aureonucha","Songless","Odom et al., 2014",53.19444444,58.88888889,5.694444444,NA
"979","Ploceus_bannermani",NA,NA,NA,"Bannerman's Weaver","Ploceus bannermani","Absent","Odom et al., 2014",67.5,67.63888889,0.138888889,NA
"980","Ploceus_benghalensis",NA,NA,NA,"Black-breasted Weaver","Ploceus benghalensis","Absent","Odom et al., 2014",42.22222222,61.52777778,19.30555556,NA
"981","Ploceus_bicolor",NA,NA,NA,"Forest Weaver","Ploceus bicolor","Present","Odom et al., 2014",59.44444444,55.69444444,-3.75,NA
"982","Ploceus_castanops",NA,NA,NA,"Northern Brown-throated Weaver","Ploceus castanops","Present","Odom et al., 2014",35.83333333,62.08333333,26.25,NA
"983","Ploceus_heuglini",NA,NA,NA,"Heuglin's Masked-weaver","Ploceus heuglini","Present","Odom et al., 2014",40.97222222,64.58333333,23.61111111,NA
"984","Ploceus_jacksoni",NA,NA,NA,"Golden-backed Weaver","Ploceus jacksoni","Present","Odom et al., 2014",40.27777778,65.69444444,25.41666667,NA
"985","Ploceus_manyar",NA,NA,NA,"Streaked Weaver","Ploceus manyar","Present","Odom et al., 2014",38.47222222,60.13888889,21.66666667,NA
"986","Ploceus_nelicourvi",NA,NA,NA,"Nelicourvi Weaver","Ploceus nelicourvi","Songless","Odom et al., 2014",50.41666667,58.61111111,8.194444444,NA
"987","Ploceus_nigerrimus",NA,NA,NA,"Vieillot's Black Weaver","Ploceus nigerrimus","Present","Odom et al., 2014",40.55555556,67.22222222,26.66666667,NA
"988","Ploceus_preussi",NA,NA,NA,"Preuss's Weaver","Ploceus preussi","Songless","Odom et al., 2014",62.22222222,55.27777778,-6.944444444,NA
"989","Ploceus_sakalava",NA,NA,NA,"Sakalava Weaver","Ploceus sakalava","Absent","Odom et al., 2014",44.58333333,57.77777778,13.19444444,NA
"990","Podoces_biddulphi",NA,NA,NA,"Xinjiang Ground-jay","Podoces biddulphi","Songless","del Hoyo et al., 2004-2011",46.80555556,45.13888889,-1.666666667,NA
"991","Podoces_hendersoni",NA,NA,NA,"Mongolian Ground-jay","Podoces hendersoni","Songless","del Hoyo et al., 2004-2011",44.58333333,43.61111111,-0.972222222,NA
"992","Podoces_panderi",NA,NA,NA,"Turkestan Ground-jay","Podoces panderi","Songless","del Hoyo et al., 2004-2011",51.52777778,52.5,0.972222222,NA
"993","Podoces_pleskei",NA,NA,NA,"Iranian Ground-jay","Podoces pleskei","Songless","del Hoyo et al., 2004-2011",43.33333333,43.19444444,-0.138888889,NA
"994","Poeoptera_lugubris",NA,NA,NA,"Narrow-tailed Starling","Poeoptera lugubris","Songless","Odom et al., 2014",57.5,63.19444444,5.694444444,NA
"995","Pogonocichla_stellata",NA,NA,NA,"White-starred Robin","Pogonocichla stellata","Present","Odom et al., 2014",53.88888889,52.36111111,-1.527777778,NA
"996","Pomarea_dimidiata","Pomarea_dimidiata","Rarotonga Monarch","Absent","Rarotonga Monarch","Pomarea dimidiata","Absent","del Hoyo et al., 2004-2011",46.94444444,55.69444444,8.75,NA
"997","Pomatorhinus_erythrocnemis",NA,NA,NA,"Black-necklaced Scimitar-babbler","Pomatorhinus erythrocnemis","Present","Odom et al., 2014",47.36111111,45.27777778,-2.083333333,NA
"998","Pomatorhinus_erythrogenys",NA,NA,NA,"Rusty-cheeked Scimitar-babbler","Pomatorhinus erythrogenys","Present","Odom et al., 2014",42.77777778,42.08333333,-0.694444444,NA
"999","Pomatorhinus_horsfieldii",NA,NA,NA,"Indian Scimitar-babbler","Pomatorhinus horsfieldii","Present","Odom et al., 2014",48.33333333,52.91666667,4.583333333,NA
"1000","Pomatorhinus_mcclellandi",NA,NA,NA,"Spot-breasted Scimitar-babbler","Pomatorhinus mcclellandi","Present","Odom et al., 2014",42.22222222,43.05555556,0.833333333,NA
"1001","Pomatorhinus_melanurus",NA,NA,NA,"Sri Lanka Scimitar-babbler","Pomatorhinus melanurus","Present","Odom et al., 2014",50.13888889,48.47222222,-1.666666667,NA
"1002","Pomatorhinus_schisticeps",NA,NA,NA,"White-browed Scimitar-babbler","Pomatorhinus schisticeps","Present","Odom et al., 2014",50.83333333,50.27777778,-0.555555556,NA
"1003","Pomatorhinus_swinhoei",NA,NA,NA,"Grey-sided Scimitar-babbler","Pomatorhinus swinhoei","Present","Odom et al., 2014",45.27777778,46.52777778,1.25,NA
"1004","Pomatostomus_isidorei",NA,NA,NA,"New Guinea Babbler","Pomatostomus isidorei","Songless","Odom et al., 2014",40.27777778,39.86111111,-0.416666667,NA
"1005","Pomatostomus_temporalis","Pomatostomus_temporalis","Grey-crowned Babbler","Present","Grey-crowned Babbler","Pomatostomus temporalis","Present","del Hoyo et al., 2004-2011",56.66666667,52.5,-4.166666667,NA
"1006","Prinia_bairdii",NA,NA,NA,"Banded Prinia","Prinia bairdii","Present","Odom et al., 2014",46.52777778,49.30555556,2.777777778,NA
"1007","Prinia_buchanani",NA,NA,NA,"Rufous-fronted Prinia","Prinia buchanani","Absent","Odom et al., 2014",50.13888889,48.75,-1.388888889,NA
"1008","Prinia_burnesii",NA,NA,NA,"Rufous-vented Prinia","Prinia burnesii","Present","Odom et al., 2014",47.91666667,45.97222222,-1.944444444,NA
"1009","Prinia_gracilis",NA,NA,NA,"Graceful Prinia","Prinia gracilis","Absent","Odom et al., 2014",45.97222222,45,-0.972222222,"Evidence against FS"
"1010","Prinia_hypoxantha",NA,NA,NA,"Saffron-breasted Prinia","Prinia hypoxantha","Present","Odom et al., 2014",42.08333333,40.27777778,-1.805555556,NA
"1011","Prinia_maculosa",NA,NA,NA,"Karoo Prinia","Prinia maculosa","Present","Odom et al., 2014",40.83333333,41.66666667,0.833333333,NA
"1012","Prinia_subflava",NA,NA,NA,"Tawny-flanked Prinia","Prinia subflava","Absent","Odom et al., 2014",45.55555556,42.08333333,-3.472222222,NA
"1013","Prionodura_newtoniana","Prionodura_newtoniana","Golden Bowerbird","Absent","Golden Bowerbird","Prionodura newtoniana","Absent","del Hoyo et al., 2004-2011",41.38888889,55.69444444,14.30555556,NA
"1014","Prionops_alberti","Prionops_alberti","Yellow-crested Helmetshrike","Present","Yellow-crested Helmet-shrike","Prionops alberti","Present","del Hoyo et al., 2004-2011",59.86111111,57.36111111,-2.5,NA
"1015","Prionops_caniceps","Prionops_caniceps","Chestnut-bellied Helmetshrike","Present","Chestnut-bellied Helmet-shrike","Prionops caniceps","Present","del Hoyo et al., 2004-2011",55,62.63888889,7.638888889,NA
"1016","Prionops_plumatus","Prionops_plumatus","White Helmetshrike","Present","White Helmet-shrike","Prionops plumatus","Present","del Hoyo et al., 2004-2011",52.5,52.91666667,0.416666667,NA
"1017","Prionops_retzii","Prionops_retzii","Retz's Helmetshrike","Present","Retz's Helmet-shrike","Prionops retzii","Present","del Hoyo et al., 2004-2011",62.5,61.80555556,-0.694444444,NA
"1018","Prionops_rufiventris","Prionops_rufiventris","Gabon Helmetshrike","Present","Rufous-bellied Helmetshrike","Prionops rufiventris","Present","del Hoyo et al., 2004-2011",56.11111111,53.75,-2.361111111,NA
"1019","Prionops_scopifrons","Prionops_scopifrons","Chestnut-fronted Helmetshrike","Present","Chestnut-fronted Helmet-shrike","Prionops scopifrons","Present","del Hoyo et al., 2004-2011",55.13888889,53.19444444,-1.944444444,NA
"1020","Progne_subis",NA,NA,NA,"Purple Martin","Progne subis","Present","Odom et al., 2014",49.72222222,64.58333333,14.86111111,NA
"1021","Prosthemadera_novaeseelandiae","Prosthemadera_novaeseelandiae","Tui","Present","Tui","Prosthemadera novaeseelandiae","Present","del Hoyo et al., 2004-2011",63.61111111,62.22222222,-1.388888889,NA
"1022","Prunella_collaris",NA,NA,NA,"Alpine Accentor","Prunella collaris","Present","Odom et al., 2014",45.83333333,45.55555556,-0.277777778,"Evidence for FS"
"1023","Prunella_himalayana",NA,NA,NA,"Rufous-streaked Accentor","Prunella himalayana","Absent","Odom et al., 2014",44.16666667,43.75,-0.416666667,NA
"1024","Prunella_modularis",NA,NA,NA,"Hedge Accentor","Prunella modularis","Present","Odom et al., 2014",47.22222222,42.63888889,-4.583333333,"Evidence for FS"
"1025","Prunella_rubeculoides",NA,NA,NA,"Robin Accentor","Prunella rubeculoides","Absent","Odom et al., 2014",42.08333333,43.61111111,1.527777778,NA
"1026","Psalidoprocne_albiceps",NA,NA,NA,"White-headed Saw-wing","Psalidoprocne albiceps","Songless","Odom et al., 2014",53.47222222,66.11111111,12.63888889,NA
"1027","Psalidoprocne_obscura",NA,NA,NA,"Fanti Saw-wing","Psalidoprocne obscura","Songless","Odom et al., 2014",63.61111111,64.02777778,0.416666667,NA
"1028","Psalidoprocne_pristoptera",NA,NA,NA,"Blue Saw-wing","Psalidoprocne pristoptera","Songless","Odom et al., 2014",60.97222222,61.25,0.277777778,NA
"1029","Psaltria_exilis",NA,NA,NA,"Pygmy Tit","Psaltria exilis","Songless","Odom et al., 2014",45,40.41666667,-4.583333333,NA
"1030","Psarocolius_angustifrons",NA,NA,NA,"Russet-backed Oropendola","Psarocolius angustifrons","Absent","Odom et al., 2014",37.91666667,39.02777778,1.111111111,NA
"1031","Psarocolius_atrovirens",NA,NA,NA,"Dusky-green Oropendola","Psarocolius atrovirens","Absent","Odom et al., 2014",43.75,40.97222222,-2.777777778,NA
"1032","Psarocolius_decumanus",NA,NA,NA,"Crested Oropendola","Psarocolius decumanus","Absent","Odom et al., 2014",63.88888889,63.47222222,-0.416666667,NA
"1033","Psarocolius_guatimozinus",NA,NA,NA,"Black Oropendola","Psarocolius guatimozinus","Absent","Odom et al., 2014",60.97222222,62.91666667,1.944444444,NA
"1034","Psarocolius_montezuma",NA,NA,NA,"Montezuma Oropendola","Psarocolius montezuma","Absent","Odom et al., 2014",59.44444444,67.36111111,7.916666667,NA
"1035","Psarocolius_viridis",NA,NA,NA,"Green Oropendola","Psarocolius viridis","Absent","Odom et al., 2014",44.30555556,42.5,-1.805555556,NA
"1036","Pseudoalcippe_abyssinica",NA,NA,NA,"African Hill Babbler","Pseudoalcippe abyssinica","Songless","Odom et al., 2014",45.55555556,43.88888889,-1.666666667,NA
"1037","Psophodes_cristatus","Psophodes_cristatus","Chirruping Wedgebill","Present","Chirruping Wedgebill","Psophodes cristatus","Present","del Hoyo et al., 2004-2011",44.02777778,42.5,-1.527777778,NA
"1038","Psophodes_nigrogularis","Psophodes_nigrogularis","Western Whipbird","Present","Western Whipbird","Psophodes nigrogularis","Present","del Hoyo et al., 2004-2011",47.36111111,47.5,0.138888889,NA
"1039","Psophodes_occidentalis","Psophodes_occidentalis","Chiming Wedgebill","Present","Chiming Wedgebill","Psophodes occidentalis","Present","del Hoyo et al., 2004-2011",44.16666667,42.22222222,-1.944444444,NA
"1040","Psophodes_olivaceus","Psophodes_olivaceus","Eastern Whipbird","Present","Eastern Whipbird","Psophodes olivaceus","Present","del Hoyo et al., 2004-2011",62.08333333,65.41666667,3.333333333,NA
"1041","Ptilocichla_leucogrammica",NA,NA,NA,"Bornean Wren-babbler","Ptilocichla leucogrammica","Present","Odom et al., 2014",46.11111111,44.58333333,-1.527777778,NA
"1042","Ptiloprora_guisei",NA,NA,NA,"Rufous-backed Honeyeater","Ptiloprora guisei","Songless","del Hoyo et al., 2004-2011",48.61111111,49.02777778,0.416666667,NA
"1043","Ptiloprora_meekiana",NA,NA,NA,"Olive-streaked Honeyeater","Ptiloprora meekiana","Songless","del Hoyo et al., 2004-2011",40.27777778,39.30555556,-0.972222222,NA
"1044","Ptiloprora_plumbea",NA,NA,NA,"Leaden Honeyeater","Ptiloprora plumbea","Songless","del Hoyo et al., 2004-2011",46.66666667,45.97222222,-0.694444444,NA
"1045","Ptiloris_victoriae","Ptiloris_victoriae","Victoria's Riflebird","Absent","Victoria's Riflebird","Ptiloris victoriae","Absent","del Hoyo et al., 2004-2011",43.19444444,66.80555556,23.61111111,NA
"1046","Ptilorrhoa_caerulescens","Ptilorrhoa_caerulescens","Blue Jewel-babbler","Absent","Blue Jewel-babbler","Ptilorrhoa caerulescens","Absent","del Hoyo et al., 2004-2011",62.77777778,64.02777778,1.25,NA
"1047","Pycnonotus_goiavier",NA,NA,NA,"Yellow-vented Bulbul","Pycnonotus goiavier","Present","Odom et al., 2014",48.88888889,47.63888889,-1.25,NA
"1048","Pycnonotus_nigricans",NA,NA,NA,"Black-fronted Bulbul","Pycnonotus nigricans","Present","Odom et al., 2014",51.11111111,49.58333333,-1.527777778,NA
"1049","Pycnoptilus_floccosus","Pycnoptilus_floccosus","Pilotbird","Present","Pilotbird","Pycnoptilus floccosus","Present","del Hoyo et al., 2004-2011",44.02777778,41.94444444,-2.083333333,NA
"1050","Pyrenestes_ostrinus",NA,NA,NA,"Black-bellied Seedcracker","Pyrenestes ostrinus","Present","Odom et al., 2014",58.19444444,73.33333333,15.13888889,NA
"1051","Pyrrhocorax_graculus","Pyrrhocorax_graculus","Yellow-billed Chough","Present","Yellow-billed Chough","Pyrrhocorax graculus","Present","del Hoyo et al., 2004-2011",61.38888889,61.25,-0.138888889,NA
"1052","Pyrrhocorax_pyrrhocorax","Pyrrhocorax_pyrrhocorax","Red-billed Chough","Present","Red-billed Chough","Pyrrhocorax pyrrhocorax","Present","del Hoyo et al., 2004-2011",63.75,62.36111111,-1.388888889,NA
"1053","Pyrrholaemus_brunneus","Pyrrholaemus_brunneus","Redthroat","Present","Redthroat","Pyrrholaemus brunneus","Present","del Hoyo et al., 2004-2011",47.91666667,38.75,-9.166666667,NA
"1054","Pyrrhula_leucogenis",NA,NA,NA,"White-cheeked Bullfinch","Pyrrhula leucogenis","Songless","Odom et al., 2014",50.41666667,50.69444444,0.277777778,NA
"1055","Pyrrhula_pyrrhula",NA,NA,NA,"Eurasian Bullfinch","Pyrrhula pyrrhula","Present","Odom et al., 2014",51.66666667,55,3.333333333,"Evidence for FS"
"1056","Pytilia_melba",NA,NA,NA,"Green-winged Pytilia","Pytilia melba","Present","Odom et al., 2014",51.38888889,58.33333333,6.944444444,NA
"1057","Quelea_quelea",NA,NA,NA,"Red-billed Quelea","Quelea quelea","Absent","Odom et al., 2014",41.80555556,55.97222222,14.16666667,NA
"1058","Quiscalus_lugubris",NA,NA,NA,"Carib Grackle","Quiscalus lugubris","Absent","Odom et al., 2014",48.75,61.11111111,12.36111111,NA
"1059","Quiscalus_major",NA,NA,NA,"Boat-tailed Grackle","Quiscalus major","Present","Odom et al., 2014",41.11111111,65.55555556,24.44444444,NA
"1060","Quiscalus_mexicanus",NA,NA,NA,"Great-tailed Grackle","Quiscalus mexicanus","Present","Odom et al., 2014",39.86111111,67.77777778,27.91666667,NA
"1061","Quiscalus_nicaraguensis",NA,NA,NA,"Nicaraguan Grackle","Quiscalus nicaraguensis","Absent","Odom et al., 2014",43.05555556,64.44444444,21.38888889,NA
"1062","Quiscalus_niger",NA,NA,NA,"Greater Antillean Grackle","Quiscalus niger","Present","Odom et al., 2014",60.41666667,66.11111111,5.694444444,NA
"1063","Quiscalus_quiscula",NA,NA,NA,"Common Grackle","Quiscalus quiscula","Absent","Odom et al., 2014",66.38888889,69.16666667,2.777777778,NA
"1064","Ramphocelus_costaricensis",NA,NA,NA,"Cherrie's Tanager","Ramphocelus costaricensis","Absent","Odom et al., 2014",46.11111111,65,18.88888889,NA
"1065","Ramphocelus_flammigerus",NA,NA,NA,"Flame-rumped Tanager","Ramphocelus flammigerus","Absent","Odom et al., 2014",45.97222222,63.33333333,17.36111111,NA
"1066","Ramphocelus_icteronotus",NA,NA,NA,"Lemon-rumped Tanager","Ramphocelus icteronotus","Absent","Odom et al., 2014",40.13888889,62.63888889,22.5,NA
"1067","Ramphocelus_passerinii",NA,NA,NA,"Scarlet-rumped Tanager","Ramphocelus passerinii","Absent","Odom et al., 2014",49.44444444,60.13888889,10.69444444,NA
"1068","Regulus_ignicapilla",NA,NA,NA,"Firecrest","Regulus ignicapilla","Absent","Odom et al., 2014",43.05555556,39.30555556,-3.75,"Evidence against FS"
"1069","Regulus_regulus",NA,NA,NA,"Goldcrest","Regulus regulus","Absent","Odom et al., 2014",46.94444444,45.13888889,-1.805555556,"Evidence for FS"
"1070","Regulus_satrapa",NA,NA,NA,"Golden-crowned Kinglet","Regulus satrapa","Absent","Odom et al., 2014",50.55555556,49.30555556,-1.25,NA
"1071","Remiz_coronatus",NA,NA,NA,"White-crowned Penduline-tit","Remiz coronatus","Songless","Odom et al., 2014",41.25,52.08333333,10.83333333,NA
"1072","Rhabdornis_grandis",NA,NA,NA,"Long-billed Rhabdornis","Rhabdornis grandis","Songless","Odom et al., 2014",42.77777778,42.08333333,-0.694444444,NA
"1073","Rhabdornis_inornatus",NA,NA,NA,"Stripe-breasted Rhabdornis","Rhabdornis inornatus","Songless","Odom et al., 2014",40.41666667,40.69444444,0.277777778,NA
"1074","Rhabdornis_mystacalis",NA,NA,NA,"Stripe-sided Rhabdornis","Rhabdornis mystacalis","Songless","Odom et al., 2014",44.58333333,51.94444444,7.361111111,NA
"1075","Rhamphocoris_clotbey",NA,NA,NA,"Thick-billed Lark","Rhamphocoris clotbey","Absent","Odom et al., 2014",41.80555556,45.55555556,3.75,NA
"1076","Rhinomyias_gularis",NA,NA,NA,"Eyebrowed Jungle-flycatcher","Rhinomyias gularis","Songless","Odom et al., 2014",43.47222222,43.88888889,0.416666667,NA
"1077","Rhipidura_albiscapa","Rhipidura_albiscapa","Grey Fantail","Present",NA,NA,NA,NA,NA,NA,NA,NA
"1078","Rhipidura_fuliginosa","Rhipidura_fuliginosa","New Zealand Fantail","Present","Grey Fantail","Rhipidura fuliginosa","Present","del Hoyo et al., 2004-2011",54.72222222,52.36111111,-2.361111111,NA
"1079","Rhipidura_leucophrys","Rhipidura_leucophrys","Willie-wagtail","Present","Willie-wagtail","Rhipidura leucophrys","Present","del Hoyo et al., 2004-2011",60.41666667,58.47222222,-1.944444444,NA
"1080","Rhodinocichla_rosea",NA,NA,NA,"Rosy Thrush-tanager","Rhodinocichla rosea","Present","Odom et al., 2014",56.25,55.13888889,-1.111111111,NA
"1081","Rhodopechys_sanguineus",NA,NA,NA,"Crimson-winged Finch","Rhodopechys sanguineus","Present","Odom et al., 2014",41.80555556,48.19444444,6.388888889,"Evidence for FS"
"1082","Rhodophoneus_cruentus","Rhodophoneus_cruentus","Rosy-patched Bushshrike","Present","Rosy-patched Bush-shrike","Rhodophoneus cruentus","Present","del Hoyo et al., 2004-2011",48.47222222,48.75,0.277777778,NA
"1083","Rhyacornis_bicolor",NA,NA,NA,"Luzon Water-redstart","Rhyacornis bicolor","Songless","Odom et al., 2014",62.77777778,59.58333333,-3.194444444,NA
"1084","Riparia_riparia",NA,NA,NA,"Sand Martin","Riparia riparia","Present","Odom et al., 2014",44.02777778,40.55555556,-3.472222222,"Evidence for FS"
"1085","Salpinctes_obsoletus",NA,NA,NA,"Rock Wren","Salpinctes obsoletus","Absent","Odom et al., 2014",41.25,41.11111111,-0.138888889,NA
"1086","Saltator_atriceps",NA,NA,NA,"Black-headed Saltator","Saltator atriceps","Present","Odom et al., 2014",51.66666667,54.02777778,2.361111111,NA
"1087","Saltator_maximus",NA,NA,NA,"Buff-throated Saltator","Saltator maximus","Present","Odom et al., 2014",44.86111111,43.47222222,-1.388888889,NA
"1088","Saxicola_dacotiae",NA,NA,NA,"Fuerteventura Stonechat","Saxicola dacotiae","Absent","Odom et al., 2014",40.55555556,54.30555556,13.75,"Evidence against FS"
"1089","Saxicola_gutturalis",NA,NA,NA,"White-bellied Bushchat","Saxicola gutturalis","Absent","Odom et al., 2014",42.63888889,58.47222222,15.83333333,NA
"1090","Saxicola_rubetra",NA,NA,NA,"Whinchat","Saxicola rubetra","Absent","Odom et al., 2014",46.11111111,43.33333333,-2.777777778,"Evidence against FS"
"1091","Saxicola_torquatus",NA,NA,NA,"Common Stonechat","Saxicola torquatus","Absent","Odom et al., 2014",52.63888889,61.52777778,8.888888889,NA
"1092","Scenopoeetes_dentirostris","Scenopoeetes_dentirostris","Tooth-billed Catbird","Absent","Tooth-billed Bowerbird","Scenopoeetes dentirostris","Absent","del Hoyo et al., 2004-2011",42.91666667,42.22222222,-0.694444444,NA
"1093","Scotocerca_inquieta",NA,NA,NA,"Streaked Scrub-warbler","Scotocerca inquieta","Absent","Odom et al., 2014",47.63888889,47.5,-0.138888889,"Evidence for FS"
"1094","Seiurus_aurocapilla",NA,NA,NA,"Ovenbird","Seiurus aurocapilla","Present","Odom et al., 2014",49.30555556,46.80555556,-2.5,NA
"1095","Seleucidis_melanoleucus","Seleucidis_melanoleuca","Twelve-wired Bird-of-paradise","Absent","Twelve-wired Bird-of-paradise","Seleucidis melanoleucus","Absent","Odom et al., 2014",55.97222222,65.83333333,9.861111111,NA
"1096","Semioptera_wallacii","Semioptera_wallacii","Standardwing Bird-of-paradise","Absent","Standardwing","Semioptera wallacii","Absent","del Hoyo et al., 2004-2011",41.11111111,44.44444444,3.333333333,NA
"1097","Sericornis_citreogularis","Sericornis_citreogularis","Yellow-throated Scrubwren","Present","Yellow-throated Scrubwren","Sericornis citreogularis","Present","del Hoyo et al., 2004-2011",44.16666667,47.77777778,3.611111111,NA
"1098","Sericornis_frontalis","Sericornis_frontalis","White-browed Scrubwren","Present","White-browed Scrubwren","Sericornis frontalis","Present","del Hoyo et al., 2004-2011",46.94444444,49.16666667,2.222222222,NA
"1099","Sericulus_chrysocephalus","Sericulus_chrysocephalus","Regent Bowerbird","Absent","Regent Bowerbird","Sericulus chrysocephalus","Absent","del Hoyo et al., 2004-2011",44.86111111,69.16666667,24.30555556,NA
"1100","Serinus_alario",NA,NA,NA,"Black-headed Canary","Serinus alario","Absent","Odom et al., 2014",41.25,61.38888889,20.13888889,NA
"1101","Serinus_albogularis",NA,NA,NA,"White-throated Canary","Serinus albogularis","Absent","Odom et al., 2014",46.25,43.05555556,-3.194444444,NA
"1102","Serinus_ankoberensis",NA,NA,NA,"Ankober Serin","Serinus ankoberensis","Absent","Odom et al., 2014",45.13888889,45.13888889,0,NA
"1103","Serinus_canaria",NA,NA,NA,"Island Canary","Serinus canaria","Present","Odom et al., 2014",39.16666667,44.58333333,5.416666667,"Evidence for FS"
"1104","Serinus_canicollis",NA,NA,NA,"Cape Canary","Serinus canicollis","Absent","Odom et al., 2014",42.08333333,44.72222222,2.638888889,NA
"1105","Serinus_flavigula",NA,NA,NA,"Yellow-throated Seedeater","Serinus flavigula","Absent","Odom et al., 2014",40.83333333,40.41666667,-0.416666667,NA
"1106","Serinus_flaviventris",NA,NA,NA,"Yellow Canary","Serinus flaviventris","Absent","Odom et al., 2014",45,46.11111111,1.111111111,NA
"1107","Serinus_flavivertex",NA,NA,NA,"Yellow-crowned Canary","Serinus flavivertex","Absent","Odom et al., 2014",44.44444444,44.58333333,0.138888889,NA
"1108","Serinus_pusillus",NA,NA,NA,"Fire-fronted Serin","Serinus pusillus","Present","Odom et al., 2014",55.13888889,59.44444444,4.305555556,"Evidence for FS"
"1109","Serinus_serinus",NA,NA,NA,"European Serin","Serinus serinus","Absent","Odom et al., 2014",37.91666667,50.13888889,12.22222222,"Evidence for FS"
"1110","Serinus_sulphuratus",NA,NA,NA,"Brimstone Canary","Serinus sulphuratus","Present","Odom et al., 2014",36.94444444,38.19444444,1.25,NA
"1111","Sialia_sialis",NA,NA,NA,"Eastern Bluebird","Sialia sialis","Present","Odom et al., 2014",46.25,56.25,10,NA
"1112","Sicalis_citrina",NA,NA,NA,"Stripe-tailed Yellow-finch","Sicalis citrina","Absent","Odom et al., 2014",38.19444444,56.66666667,18.47222222,NA
"1113","Sicalis_taczanowskii",NA,NA,NA,"Sulphur-throated Finch","Sicalis taczanowskii","Songless","Odom et al., 2014",42.63888889,39.30555556,-3.333333333,NA
"1114","Sitta_azurea",NA,NA,NA,"Blue Nuthatch","Sitta azurea","Songless","Odom et al., 2014",59.44444444,62.63888889,3.194444444,NA
"1115","Sitta_carolinensis",NA,NA,NA,"White-breasted Nuthatch","Sitta carolinensis","Absent","Odom et al., 2014",53.05555556,55.97222222,2.916666667,NA
"1116","Sitta_himalayensis",NA,NA,NA,"White-tailed Nuthatch","Sitta himalayensis","Absent","Odom et al., 2014",43.19444444,41.94444444,-1.25,NA
"1117","Sitta_leucopsis",NA,NA,NA,"White-cheeked Nuthatch","Sitta leucopsis","Absent","Odom et al., 2014",53.75,55.41666667,1.666666667,NA
"1118","Sitta_neumayer",NA,NA,NA,"Western Rock-nuthatch","Sitta neumayer","Present","Odom et al., 2014",53.75,49.02777778,-4.722222222,"Evidence for FS"
"1119","Sitta_pusilla",NA,NA,NA,"Brown-headed Nuthatch","Sitta pusilla","Absent","Odom et al., 2014",45,41.94444444,-3.055555556,NA
"1120","Sitta_pygmaea",NA,NA,NA,"Pygmy Nuthatch","Sitta pygmaea","Present","Odom et al., 2014",41.66666667,42.91666667,1.25,NA
"1121","Sitta_tephronota",NA,NA,NA,"Eastern Rock-nuthatch","Sitta tephronota","Present","Odom et al., 2014",48.61111111,50.83333333,2.222222222,"Evidence for FS"
"1122","Sitta_yunnanensis",NA,NA,NA,"Yunnan Nuthatch","Sitta yunnanensis","Songless","Odom et al., 2014",43.33333333,44.02777778,0.694444444,NA
"1123","Smicrornis_brevirostris","Smicrornis_brevirostris","Weebill","Present","Weebill","Smicrornis brevirostris","Present","del Hoyo et al., 2004-2011",40.97222222,42.22222222,1.25,NA
"1124","Speirops_brunneus",NA,NA,NA,"Fernando Po Speirops","Speirops brunneus","Songless","Odom et al., 2014",50.55555556,49.72222222,-0.833333333,NA
"1125","Spelaeornis_reptatus",NA,NA,NA,"Grey-bellied Wren-babbler","Spelaeornis reptatus","Present","Odom et al., 2014",43.33333333,40.55555556,-2.777777778,NA
"1126","Spermophaga_haematina",NA,NA,NA,"Western Bluebill","Spermophaga haematina","Present","Odom et al., 2014",60.83333333,70.55555556,9.722222222,NA
"1127","Sphenocichla_humei",NA,NA,NA,"Blackish-breasted Babbler","Sphenocichla humei","Present","Odom et al., 2014",49.16666667,48.19444444,-0.972222222,NA
"1128","Spiloptila_clamans",NA,NA,NA,"Cricket Longtail","Spiloptila clamans","Present","Odom et al., 2014",49.44444444,50.83333333,1.388888889,NA
"1129","Spindalis_dominicensis",NA,NA,NA,"Hispaniolan Spindalis","Spindalis dominicensis","Present","Odom et al., 2014",37.36111111,54.30555556,16.94444444,NA
"1130","Spizocorys_fringillaris",NA,NA,NA,"Botha's Lark","Spizocorys fringillaris","Absent","Odom et al., 2014",41.11111111,42.22222222,1.111111111,NA
"1131","Spizocorys_personata",NA,NA,NA,"Masked Lark","Spizocorys personata","Songless","Odom et al., 2014",43.47222222,42.91666667,-0.555555556,NA
"1132","Spizocorys_sclateri",NA,NA,NA,"Sclater's Lark","Spizocorys sclateri","Songless","Odom et al., 2014",39.44444444,41.11111111,1.666666667,NA
"1133","Sporophila_caerulescens",NA,NA,NA,"Double-collared Seedeater","Sporophila caerulescens","Present","Odom et al., 2014",37.77777778,54.72222222,16.94444444,NA
"1134","Sporophila_frontalis",NA,NA,NA,"Buffy-fronted Seedeater","Sporophila frontalis","Present","Odom et al., 2014",42.36111111,48.88888889,6.527777778,NA
"1135","Sporophila_luctuosa",NA,NA,NA,"Black-and-white Seedeater","Sporophila luctuosa","Present","Odom et al., 2014",38.61111111,60.55555556,21.94444444,NA
"1136","Sporophila_nigricollis",NA,NA,NA,"Yellow-bellied Seedeater","Sporophila nigricollis","Absent","Odom et al., 2014",40.55555556,58.05555556,17.5,NA
"1137","Sporophila_peruviana",NA,NA,NA,"Parrot-billed Seedeater","Sporophila peruviana","Absent","Odom et al., 2014",39.16666667,53.61111111,14.44444444,NA
"1138","Sporophila_plumbea",NA,NA,NA,"Plumbeous Seedeater","Sporophila plumbea","Present","Odom et al., 2014",39.44444444,50.83333333,11.38888889,NA
"1139","Spreo_bicolor",NA,NA,NA,"African Pied Starling","Spreo bicolor","Absent","Odom et al., 2014",58.19444444,58.33333333,0.138888889,NA
"1140","Stachyris_nigricollis",NA,NA,NA,"Black-throated Babbler","Stachyris nigricollis","Present","Odom et al., 2014",46.80555556,46.66666667,-0.138888889,NA
"1141","Stachyris_oglei",NA,NA,NA,"Snowy-throated Babbler","Stachyris oglei","Songless","Odom et al., 2014",49.86111111,50.13888889,0.277777778,NA
"1142","Stachyris_plateni",NA,NA,NA,"Mindanao Pygmy-babbler","Stachyris plateni","Songless","Odom et al., 2014",44.86111111,45.13888889,0.277777778,NA
"1143","Stachyris_thoracica",NA,NA,NA,"White-bibbed Babbler","Stachyris thoracica","Songless","Odom et al., 2014",53.05555556,53.75,0.694444444,NA
"1144","Stelgidopteryx_ruficollis",NA,NA,NA,"Southern Rough-winged Swallow","Stelgidopteryx ruficollis","Songless","Odom et al., 2014",41.11111111,38.61111111,-2.5,NA
"1145","Stelgidopteryx_serripennis",NA,NA,NA,"Northern Rough-winged Swallow","Stelgidopteryx serripennis","Songless","Odom et al., 2014",41.66666667,41.80555556,0.138888889,NA
"1146","Stephanophorus_diadematus",NA,NA,NA,"Diademed Tanager","Stephanophorus diadematus","Present","Odom et al., 2014",61.38888889,61.38888889,0,NA
"1147","Stiphrornis_erythrothorax",NA,NA,NA,"Forest Robin","Stiphrornis erythrothorax","Present","Odom et al., 2014",54.02777778,52.22222222,-1.805555556,NA
"1148","Stipiturus_ruficeps","Stipiturus_ruficeps","Rufous-crowned Emuwren","Absent","Rufous-crowned Emuwren","Stipiturus ruficeps","Absent","del Hoyo et al., 2004-2011",44.16666667,51.52777778,7.361111111,NA
"1149","Strepera_fuliginosa","Strepera_fuliginosa","Black Currawong","Present","Black Currawong","Strepera fuliginosa","Present","del Hoyo et al., 2004-2011",63.19444444,63.33333333,0.138888889,NA
"1150","Strepera_graculina","Strepera_graculina","Pied Currawong","Present","Pied Currawong","Strepera graculina","Present","del Hoyo et al., 2004-2011",64.86111111,61.38888889,-3.472222222,NA
"1151","Streptocitta_albertinae",NA,NA,NA,"Bare-eyed Myna","Streptocitta albertinae","Songless","Odom et al., 2014",59.02777778,58.75,-0.277777778,NA
"1152","Strophocincla_cachinnans",NA,NA,NA,"Black-chinned Laughingthrush","Strophocincla cachinnans","Present","Odom et al., 2014",54.02777778,52.22222222,-1.805555556,NA
"1153","Struthidea_cinerea",NA,NA,NA,"Apostlebird","Struthidea cinerea","Songless","del Hoyo et al., 2004-2011",49.86111111,49.86111111,0,NA
"1154","Sturnella_bellicosa",NA,NA,NA,"Peruvian Meadowlark","Sturnella bellicosa","Absent","Odom et al., 2014",52.36111111,61.94444444,9.583333333,NA
"1155","Sturnella_defilippii",NA,NA,NA,"Pampas Meadowlark","Sturnella defilippii","Absent","Odom et al., 2014",49.30555556,65.41666667,16.11111111,NA
"1156","Sturnella_loyca",NA,NA,NA,"Long-tailed Meadowlark","Sturnella loyca","Present","Odom et al., 2014",51.94444444,63.88888889,11.94444444,NA
"1157","Sturnella_magna",NA,NA,NA,"Eastern Meadowlark","Sturnella magna","Present","Odom et al., 2014",51.66666667,52.63888889,0.972222222,NA
"1158","Sturnella_militaris",NA,NA,NA,"Red-breasted Blackbird","Sturnella militaris","Absent","Odom et al., 2014",40.69444444,69.16666667,28.47222222,NA
"1159","Sturnus_cineraceus",NA,NA,NA,"White-cheeked Starling","Sturnus cineraceus","Songless","Odom et al., 2014",47.36111111,56.38888889,9.027777778,NA
"1160","Sturnus_contra",NA,NA,NA,"Asian Pied Starling","Sturnus contra","Present","Odom et al., 2014",57.08333333,54.58333333,-2.5,NA
"1161","Sturnus_nigricollis",NA,NA,NA,"Black-collared Starling","Sturnus nigricollis","Songless","Odom et al., 2014",57.22222222,58.47222222,1.25,NA
"1162","Sturnus_pagodarum",NA,NA,NA,"Brahminy Starling","Sturnus pagodarum","Present","Odom et al., 2014",45.69444444,45,-0.694444444,NA
"1163","Sturnus_roseus",NA,NA,NA,"Rosy Starling","Sturnus roseus","Present","Odom et al., 2014",61.94444444,57.91666667,-4.027777778,"Evidence for FS"
"1164","Sturnus_unicolor",NA,NA,NA,"Spotless Starling","Sturnus unicolor","Present","Odom et al., 2014",50.55555556,57.08333333,6.527777778,"Evidence for FS"
"1165","Sturnus_vulgaris",NA,NA,NA,"Common Starling","Sturnus vulgaris","Present","Odom et al., 2014",58.05555556,56.94444444,-1.111111111,"Evidence for FS"
"1166","Swynnertonia_swynnertoni",NA,NA,NA,"Swynnerton's Robin","Swynnertonia swynnertoni","Present","Odom et al., 2014",49.86111111,54.44444444,4.583333333,NA
"1167","Sylvia_atricapilla",NA,NA,NA,"Blackcap","Sylvia atricapilla","Present","Odom et al., 2014",45.13888889,50.41666667,5.277777778,"Evidence for FS"
"1168","Sylvia_borin",NA,NA,NA,"Garden Warbler","Sylvia borin","Present","Odom et al., 2014",41.38888889,39.58333333,-1.805555556,"Evidence for FS"
"1169","Sylvia_hortensis",NA,NA,NA,"Orphean Warbler","Sylvia hortensis","Present","Odom et al., 2014",45.69444444,49.58333333,3.888888889,"Evidence for FS"
"1170","Sylvia_leucomelaena",NA,NA,NA,"Arabian Warbler","Sylvia leucomelaena","Present","Odom et al., 2014",55.13888889,52.36111111,-2.777777778,"Evidence for FS"
"1171","Sylvia_nisoria",NA,NA,NA,"Barred Warbler","Sylvia nisoria","Present","Odom et al., 2014",46.66666667,47.77777778,1.111111111,"Evidence for FS"
"1172","Tachycineta_cyaneoviridis",NA,NA,NA,"Bahama Swallow","Tachycineta cyaneoviridis","Songless","Odom et al., 2014",53.33333333,54.30555556,0.972222222,NA
"1173","Tachycineta_euchrysea",NA,NA,NA,"Golden Swallow","Tachycineta euchrysea","Songless","Odom et al., 2014",48.47222222,52.08333333,3.611111111,NA
"1174","Tachycineta_stolzmanni",NA,NA,NA,"Tumbes Swallow","Tachycineta stolzmanni","Songless","Odom et al., 2014",52.91666667,49.30555556,-3.611111111,NA
"1175","Tachyphonus_delatrii",NA,NA,NA,"Tawny-crested Tanager","Tachyphonus delatrii","Songless","Odom et al., 2014",41.80555556,68.88888889,27.08333333,NA
"1176","Taeniopygia_guttata",NA,NA,NA,"Zebra Finch","Taeniopygia guttata","Absent","Odom et al., 2014",47.5,50.83333333,3.333333333,NA
"1177","Tangara_dowii",NA,NA,NA,"Spangle-cheeked Tanager","Tangara dowii","Songless","Odom et al., 2014",52.36111111,53.88888889,1.527777778,NA
"1178","Tangara_johannae",NA,NA,NA,"Blue-whiskered Tanager","Tangara johannae","Songless","Odom et al., 2014",52.77777778,50.55555556,-2.222222222,NA
"1179","Tangara_meyerdeschauenseei",NA,NA,NA,"Green-capped Tanager","Tangara meyerdeschauenseei","Songless","Odom et al., 2014",48.61111111,46.94444444,-1.666666667,NA
"1180","Tangara_palmeri",NA,NA,NA,"Grey-and-gold Tanager","Tangara palmeri","Songless","Odom et al., 2014",46.25,49.44444444,3.194444444,NA
"1181","Tangara_preciosa",NA,NA,NA,"Chestnut-backed Tanager","Tangara preciosa","Songless","Odom et al., 2014",53.33333333,50.27777778,-3.055555556,NA
"1182","Tangara_ruficervix",NA,NA,NA,"Golden-naped Tanager","Tangara ruficervix","Songless","Odom et al., 2014",57.5,59.16666667,1.666666667,NA
"1183","Tangara_rufigenis",NA,NA,NA,"Rufous-cheeked Tanager","Tangara rufigenis","Songless","Odom et al., 2014",52.91666667,52.5,-0.416666667,NA
"1184","Tarsiger_cyanurus",NA,NA,NA,"Orange-flanked Bush-robin","Tarsiger cyanurus","Present","Odom et al., 2014",41.52777778,56.66666667,15.13888889,NA
"1185","Tarsiger_johnstoniae",NA,NA,NA,"Collared Bush-robin","Tarsiger johnstoniae","Absent","Odom et al., 2014",42.08333333,54.44444444,12.36111111,NA
"1186","Tchagra_australis","Tchagra_australis","Brown-crowned Tchagra","Present","Brown-crowned Tchagra","Tchagra australis","Present","del Hoyo et al., 2004-2011",41.52777778,41.38888889,-0.138888889,NA
"1187","Tchagra_minutus","Bocagia_minuta","Marsh Tchagra","Present","Marsh Tchagra","Tchagra minutus","Present","Odom et al., 2014",45.83333333,53.05555556,7.222222222,NA
"1188","Tchagra_senegalus","Tchagra_senegala","Black-crowned Tchagra","Present","Black-crowned Tchagra","Tchagra senegalus","Present","Odom et al., 2014",50.55555556,52.63888889,2.083333333,NA
"1189","Tchagra_tchagra","Tchagra_tchagra","Southern Tchagra","Present","Southern Tchagra","Tchagra tchagra","Present","del Hoyo et al., 2004-2011",47.77777778,45.13888889,-2.638888889,NA
"1190","Telophorus_bocagei","Chlorophoneus_bocagei","Grey-green Bushshrike","Present","Grey-green Bush-shrike","Telophorus bocagei","Present","Odom et al., 2014",52.22222222,51.52777778,-0.694444444,NA
"1191","Telophorus_multicolor","Telophorus_multicolor","Many-colored Bushshrike","Present","Many-coloured Bush-shrike","Telophorus multicolor","Present","del Hoyo et al., 2004-2011",50.55555556,56.52777778,5.972222222,NA
"1192","Telophorus_nigrifrons","Chlorophoneus_nigrifrons","Black-fronted Bushshrike","Present","Black-fronted Bush-shrike","Telophorus nigrifrons","Present","Odom et al., 2014",56.94444444,55.69444444,-1.25,NA
"1193","Telophorus_olivaceus","Telophorus_olivaceus","Olive Bushshrike","Absent","Olive Bush-shrike","Telophorus olivaceus","Absent","del Hoyo et al., 2004-2011",43.61111111,44.58333333,0.972222222,NA
"1194","Telophorus_sulfureopectus","Chlorophoneus_sulfureopectus","Sulphur-breasted Bushshrike","Absent","Sulphur-breasted Bush-shrike","Telophorus sulfureopectus","Absent","Odom et al., 2014",48.75,51.25,2.5,NA
"1195","Telophorus_viridis","Telophorus_viridis","Perrin's Bushshrike","Present","Perrin's Bush-shrike","Telophorus viridis","Present","del Hoyo et al., 2004-2011",50.55555556,53.61111111,3.055555556,NA
"1196","Telophorus_zeylonus","Telophorus_zeylonus","Bokmakierie Bushshrike","Present","Bokmakierie Bush-shrike","Telophorus zeylonus","Present","del Hoyo et al., 2004-2011",48.75,48.47222222,-0.277777778,NA
"1197","Temnurus_temnurus","Temnurus_temnurus","Ratchet-tailed Treepie","Present","Ratchet-tailed Treepie","Temnurus temnurus","Present","del Hoyo et al., 2004-2011",63.61111111,65,1.388888889,NA
"1198","Terpsiphone_bourbonnensis","Terpsiphone_bourbonnensis","Mascarene Paradise-Flycatcher","Present","Mascarene Paradise-flycatcher","Terpsiphone bourbonnensis","Present","del Hoyo et al., 2004-2011",53.61111111,55.13888889,1.527777778,NA
"1199","Terpsiphone_corvina","Terpsiphone_corvina","Seychelles Paradise-Flycatcher","Present","Seychelles Paradise-flycatcher","Terpsiphone corvina","Present","del Hoyo et al., 2004-2011",58.19444444,65.13888889,6.944444444,NA
"1200","Terpsiphone_paradisi","Terpsiphone_paradisi","Asian Paradise-Flycatcher","Absent","Asian Paradise-flycatcher","Terpsiphone paradisi","Absent","del Hoyo et al., 2004-2011",53.61111111,57.91666667,4.305555556,NA
"1201","Terpsiphone_rufiventer","Terpsiphone_rufiventer","Black-headed Paradise-Flycatcher","Present","Black-headed Paradise-flycatcher","Terpsiphone rufiventer","Present","del Hoyo et al., 2004-2011",58.33333333,59.30555556,0.972222222,NA
"1202","Terpsiphone_viridis","Terpsiphone_viridis","African Paradise-Flycatcher","Absent","African Paradise-flycatcher","Terpsiphone viridis","Absent","del Hoyo et al., 2004-2011",58.47222222,64.02777778,5.555555556,NA
"1203","Tersina_viridis",NA,NA,NA,"Swallow Tanager","Tersina viridis","Absent","Odom et al., 2014",39.30555556,56.25,16.94444444,NA
"1204","Thraupis_episcopus",NA,NA,NA,"Blue-grey Tanager","Thraupis episcopus","Present","Odom et al., 2014",55.83333333,55.27777778,-0.555555556,NA
"1205","Thraupis_ornata",NA,NA,NA,"Golden-chevroned Tanager","Thraupis ornata","Absent","Odom et al., 2014",60.27777778,58.88888889,-1.388888889,NA
"1206","Thryomanes_bewickii",NA,NA,NA,"Bewick's Wren","Thryomanes bewickii","Absent","Odom et al., 2014",49.16666667,49.30555556,0.138888889,NA
"1207","Thryothorus_atrogularis",NA,NA,NA,"Black-throated Wren","Thryothorus atrogularis","Present","Odom et al., 2014",55.27777778,53.33333333,-1.944444444,NA
"1208","Thryothorus_coraya",NA,NA,NA,"Coraya Wren","Thryothorus coraya","Present","Odom et al., 2014",48.19444444,47.22222222,-0.972222222,NA
"1209","Thryothorus_eisenmanni",NA,NA,NA,"Inca Wren","Thryothorus eisenmanni","Present","Odom et al., 2014",41.66666667,45.97222222,4.305555556,NA
"1210","Thryothorus_euophrys",NA,NA,NA,"Plain-tailed Wren","Thryothorus euophrys","Present","Odom et al., 2014",44.16666667,46.11111111,1.944444444,NA
"1211","Thryothorus_fasciatoventris",NA,NA,NA,"Black-bellied Wren","Thryothorus fasciatoventris","Present","Odom et al., 2014",45.83333333,45.55555556,-0.277777778,NA
"1212","Thryothorus_felix",NA,NA,NA,"Happy Wren","Thryothorus felix","Present","Odom et al., 2014",46.52777778,45.97222222,-0.555555556,NA
"1213","Thryothorus_genibarbis",NA,NA,NA,"Moustached Wren","Thryothorus genibarbis","Present","Odom et al., 2014",42.91666667,41.25,-1.666666667,NA
"1214","Thryothorus_guarayanus",NA,NA,NA,"Fawn-breasted Wren","Thryothorus guarayanus","Present","Odom et al., 2014",39.44444444,37.5,-1.944444444,NA
"1215","Thryothorus_leucotis",NA,NA,NA,"Buff-breasted Wren","Thryothorus leucotis","Present","Odom et al., 2014",43.47222222,42.22222222,-1.25,NA
"1216","Thryothorus_longirostris",NA,NA,NA,"Long-billed Wren","Thryothorus longirostris","Present","Odom et al., 2014",42.77777778,40.69444444,-2.083333333,NA
"1217","Thryothorus_maculipectus",NA,NA,NA,"Spot-breasted Wren","Thryothorus maculipectus","Present","Odom et al., 2014",46.11111111,44.86111111,-1.25,NA
"1218","Thryothorus_modestus",NA,NA,NA,"Plain Wren","Thryothorus modestus","Present","Odom et al., 2014",46.11111111,43.88888889,-2.222222222,NA
"1219","Thryothorus_mystacalis",NA,NA,NA,"Whiskered Wren","Thryothorus mystacalis","Present","Odom et al., 2014",46.25,43.33333333,-2.916666667,NA
"1220","Thryothorus_nigricapillus",NA,NA,NA,"Bay Wren","Thryothorus nigricapillus","Present","Odom et al., 2014",56.80555556,55.69444444,-1.111111111,NA
"1221","Thryothorus_rufalbus",NA,NA,NA,"Rufous-and-white Wren","Thryothorus rufalbus","Present","Odom et al., 2014",43.88888889,46.25,2.361111111,NA
"1222","Thryothorus_rutilus",NA,NA,NA,"Rufous-breasted Wren","Thryothorus rutilus","Present","Odom et al., 2014",44.86111111,45,0.138888889,NA
"1223","Thryothorus_sclateri",NA,NA,NA,"Speckle-breasted Wren","Thryothorus sclateri","Present","Odom et al., 2014",43.05555556,42.36111111,-0.694444444,NA
"1224","Thryothorus_semibadius",NA,NA,NA,"Riverside Wren","Thryothorus semibadius","Present","Odom et al., 2014",44.72222222,44.86111111,0.138888889,NA
"1225","Thryothorus_sinaloa",NA,NA,NA,"Sinaloa Wren","Thryothorus sinaloa","Present","Odom et al., 2014",45.41666667,43.05555556,-2.361111111,NA
"1226","Thryothorus_spadix",NA,NA,NA,"Sooty-headed Wren","Thryothorus spadix","Present","Odom et al., 2014",50.27777778,48.19444444,-2.083333333,NA
"1227","Thryothorus_superciliaris",NA,NA,NA,"Superciliated Wren","Thryothorus superciliaris","Present","Odom et al., 2014",46.52777778,49.86111111,3.333333333,NA
"1228","Thryothorus_thoracicus",NA,NA,NA,"Stripe-breasted Wren","Thryothorus thoracicus","Present","Odom et al., 2014",46.94444444,47.77777778,0.833333333,NA
"1229","Tiaris_canorus",NA,NA,NA,"Cuban Grassquit","Tiaris canorus","Present","Odom et al., 2014",49.44444444,49.86111111,0.416666667,NA
"1230","Tichodroma_muraria",NA,NA,NA,"Wallcreeper","Tichodroma muraria","Present","Odom et al., 2014",51.66666667,57.36111111,5.694444444,"Evidence for FS"
"1231","Timeliopsis_fulvigula",NA,NA,NA,"Olive Straightbill","Timeliopsis fulvigula","Songless","del Hoyo et al., 2004-2011",42.91666667,42.08333333,-0.833333333,NA
"1232","Timeliopsis_griseigula",NA,NA,NA,"Tawny Straightbill","Timeliopsis griseigula","Songless","del Hoyo et al., 2004-2011",44.86111111,43.88888889,-0.972222222,NA
"1233","Torreornis_inexpectata",NA,NA,NA,"Cuban Sparrow","Torreornis inexpectata","Present","Odom et al., 2014",43.88888889,41.52777778,-2.361111111,NA
"1234","Toxostoma_lecontei",NA,NA,NA,"Le Conte's Thrasher","Toxostoma lecontei","Present","Odom et al., 2014",42.77777778,43.05555556,0.277777778,NA
"1235","Tregellasia_capito",NA,NA,NA,"Pale-yellow Robin","Tregellasia capito","Songless","del Hoyo et al., 2004-2011",52.5,50.83333333,-1.666666667,NA
"1236","Trichastoma_celebense",NA,NA,NA,"Sulawesi Babbler","Trichastoma celebense","Present","Odom et al., 2014",45.13888889,44.16666667,-0.972222222,NA
"1237","Troglodytes_aedon",NA,NA,NA,"House Wren","Troglodytes aedon","Present","Odom et al., 2014",41.94444444,41.52777778,-0.416666667,NA
"1238","Troglodytes_cobbi",NA,NA,NA,"Cobb's Wren","Troglodytes cobbi","Absent","Odom et al., 2014",40.27777778,39.72222222,-0.555555556,NA
"1239","Troglodytes_sissonii",NA,NA,NA,"Socorro Wren","Troglodytes sissonii","Present","Odom et al., 2014",40.83333333,43.88888889,3.055555556,NA
"1240","Troglodytes_troglodytes",NA,NA,NA,"Winter Wren","Troglodytes troglodytes","Absent","Odom et al., 2014",41.38888889,42.91666667,1.527777778,"Evidence for FS"
"1241","Turdinus_atrigularis",NA,NA,NA,"Black-throated Wren-babbler","Turdinus atrigularis","Present","Odom et al., 2014",49.16666667,49.44444444,0.277777778,NA
"1242","Turdoides_fulva",NA,NA,NA,"Fulvous Chatterer","Turdoides fulva","Songless","Odom et al., 2014",42.5,41.25,-1.25,NA
"1243","Turdoides_gymnogenys",NA,NA,NA,"Bare-cheeked Babbler","Turdoides gymnogenys","Present","Odom et al., 2014",50.27777778,51.25,0.972222222,NA
"1244","Turdoides_malcolmi",NA,NA,NA,"Large Grey Babbler","Turdoides malcolmi","Songless","Odom et al., 2014",39.16666667,38.19444444,-0.972222222,NA
"1245","Turdoides_melanops",NA,NA,NA,"Black-lored Babbler","Turdoides melanops","Present","Odom et al., 2014",42.22222222,42.22222222,0,NA
"1246","Turdoides_rubiginosa",NA,NA,NA,"Rufous Chatterer","Turdoides rubiginosa","Absent","Odom et al., 2014",38.88888889,38.19444444,-0.694444444,NA
"1247","Turdoides_sharpei",NA,NA,NA,"Sharpe's Pied-babbler","Turdoides sharpei","Present","Odom et al., 2014",37.22222222,39.16666667,1.944444444,NA
"1248","Turdoides_squamiceps",NA,NA,NA,"Arabian Babbler","Turdoides squamiceps","Absent","Odom et al., 2014",40.55555556,41.11111111,0.555555556,"Evidence for FS"
"1249","Turdoides_subrufa",NA,NA,NA,"Rufous Babbler","Turdoides subrufa","Songless","Odom et al., 2014",40.27777778,38.47222222,-1.805555556,NA
"1250","Turdoides_tenebrosa",NA,NA,NA,"Dusky Babbler","Turdoides tenebrosa","Songless","Odom et al., 2014",44.16666667,41.25,-2.916666667,NA
"1251","Turdus_grayi",NA,NA,NA,"Clay-coloured Thrush","Turdus grayi","Absent","Odom et al., 2014",42.77777778,44.30555556,1.527777778,NA
"1252","Turdus_iliacus",NA,NA,NA,"Redwing","Turdus iliacus","Absent","Odom et al., 2014",43.61111111,42.63888889,-0.972222222,NA
"1253","Turdus_merula",NA,NA,NA,"Eurasian Blackbird","Turdus merula","Absent","Odom et al., 2014",42.36111111,59.72222222,17.36111111,"Evidence for FS"
"1254","Turdus_migratorius",NA,NA,NA,"American Robin","Turdus migratorius","Present","Odom et al., 2014",43.33333333,53.05555556,9.722222222,NA
"1255","Turdus_naumanni",NA,NA,NA,"Dusky Thrush","Turdus naumanni","Absent","Odom et al., 2014",38.47222222,46.52777778,8.055555556,NA
"1256","Turdus_philomelos",NA,NA,NA,"Song Thrush","Turdus philomelos","Absent","Odom et al., 2014",38.19444444,43.19444444,5,"Evidence against FS"
"1257","Turdus_rubrocanus",NA,NA,NA,"Chestnut Thrush","Turdus rubrocanus","Absent","Odom et al., 2014",41.94444444,45.83333333,3.888888889,NA
"1258","Turdus_ruficollis",NA,NA,NA,"Dark-throated Thrush","Turdus ruficollis","Absent","Odom et al., 2014",38.88888889,55,16.11111111,NA
"1259","Turdus_torquatus",NA,NA,NA,"Ring Ouzel","Turdus torquatus","Absent","Odom et al., 2014",46.66666667,54.72222222,8.055555556,NA
"1260","Turdus_unicolor",NA,NA,NA,"Tickell's Thrush","Turdus unicolor","Absent","Odom et al., 2014",38.61111111,44.02777778,5.416666667,NA
"1261","Turdus_viscivorus",NA,NA,NA,"Mistle Thrush","Turdus viscivorus","Absent","Odom et al., 2014",43.19444444,45,1.805555556,NA
"1262","Uraeginthus_angolensis",NA,NA,NA,"Blue-breasted Cordonbleu","Uraeginthus angolensis","Present","Odom et al., 2014",48.33333333,48.33333333,-7.11e-15,NA
"1263","Uraeginthus_bengalus",NA,NA,NA,"Red-cheeked Cordonbleu","Uraeginthus bengalus","Present","Odom et al., 2014",46.38888889,48.75,2.361111111,NA
"1264","Uraeginthus_cyanocephalus",NA,NA,NA,"Blue-capped Cordonbleu","Uraeginthus cyanocephalus","Present","Odom et al., 2014",44.02777778,60.97222222,16.94444444,NA
"1265","Uraeginthus_granatinus",NA,NA,NA,"Common Grenadier","Uraeginthus granatinus","Present","Odom et al., 2014",45.97222222,63.05555556,17.08333333,NA
"1266","Uraeginthus_ianthinogaster",NA,NA,NA,"Purple Grenadier","Uraeginthus ianthinogaster","Present","Odom et al., 2014",49.58333333,59.86111111,10.27777778,NA
"1267","Urocissa_caerulea",NA,NA,NA,"Taiwan Magpie","Urocissa caerulea","Songless","del Hoyo et al., 2004-2011",61.66666667,60.27777778,-1.388888889,NA
"1268","Urocissa_erythrorhyncha",NA,NA,NA,"Blue Magpie","Urocissa erythrorhyncha","Songless","del Hoyo et al., 2004-2011",59.86111111,59.58333333,-0.277777778,NA
"1269","Urocissa_flavirostris",NA,NA,NA,"Gold-billed Magpie","Urocissa flavirostris","Songless","del Hoyo et al., 2004-2011",56.66666667,60.97222222,4.305555556,NA
"1270","Urocissa_whiteheadi",NA,NA,NA,"White-winged Magpie","Urocissa whiteheadi","Songless","del Hoyo et al., 2004-2011",62.77777778,60,-2.777777778,NA
"1271","Urolais_epichlorus",NA,NA,NA,"Green Longtail","Urolais epichlorus","Absent","Odom et al., 2014",43.33333333,40.55555556,-2.777777778,NA
"1272","Urolestes_melanoleucus",NA,NA,NA,"Magpie Shrike","Urolestes melanoleucus","Songless","Odom et al., 2014",68.19444444,67.5,-0.694444444,NA
"1273","Uropsila_leucogastra",NA,NA,NA,"White-bellied Wren","Uropsila leucogastra","Present","Odom et al., 2014",46.38888889,45.13888889,-1.25,NA
"1274","Vidua_camerunensis",NA,NA,NA,"Cameroon Indigobird","Vidua camerunensis","Absent","Odom et al., 2014",42.08333333,63.88888889,21.80555556,NA
"1275","Vidua_chalybeata",NA,NA,NA,"Village Indigobird","Vidua chalybeata","Present","Odom et al., 2014",44.30555556,64.44444444,20.13888889,NA
"1276","Vidua_codringtoni",NA,NA,NA,"Twinspot Indigobird","Vidua codringtoni","Absent","Odom et al., 2014",46.25,57.63888889,11.38888889,NA
"1277","Vidua_fischeri",NA,NA,NA,"Straw-tailed Whydah","Vidua fischeri","Absent","Odom et al., 2014",43.19444444,53.19444444,10,NA
"1278","Vidua_funerea",NA,NA,NA,"Variable Indigobird","Vidua funerea","Absent","Odom et al., 2014",43.61111111,63.75,20.13888889,NA
"1279","Vidua_larvaticola",NA,NA,NA,"Baka Indigobird","Vidua larvaticola","Absent","Odom et al., 2014",43.47222222,63.61111111,20.13888889,NA
"1280","Vidua_maryae",NA,NA,NA,"Jos Plateau Indigobird","Vidua maryae","Absent","Odom et al., 2014",39.58333333,58.47222222,18.88888889,NA
"1281","Vidua_nigeriae",NA,NA,NA,"Quailfinch Indigobird","Vidua nigeriae","Absent","Odom et al., 2014",45.13888889,60.83333333,15.69444444,NA
"1282","Vidua_paradisaea",NA,NA,NA,"Eastern Paradise-whydah","Vidua paradisaea","Absent","Odom et al., 2014",47.22222222,56.11111111,8.888888889,NA
"1283","Vidua_raricola",NA,NA,NA,"Jambandu Indigobird","Vidua raricola","Absent","Odom et al., 2014",43.05555556,65.41666667,22.36111111,NA
"1284","Vidua_regia",NA,NA,NA,"Queen Whydah","Vidua regia","Absent","Odom et al., 2014",41.38888889,46.52777778,5.138888889,NA
"1285","Vidua_wilsoni",NA,NA,NA,"Pale-winged Indigobird","Vidua wilsoni","Absent","Odom et al., 2014",48.33333333,65.13888889,16.80555556,NA
"1286","Vireo_atricapilla","Vireo_atricapillus","Black-capped Vireo","Absent","Black-capped Vireo","Vireo atricapilla","Absent","Odom et al., 2014",50.41666667,57.36111111,6.944444444,NA
"1287","Vireo_bellii","Vireo_bellii","Bell's Vireo","Present","Bell's Vireo","Vireo bellii","Present","del Hoyo et al., 2004-2011",43.05555556,42.08333333,-0.972222222,NA
"1288","Vireo_cassinii","Vireo_cassinii","Cassin's Vireo","Absent","Cassin's Vireo","Vireo cassinii","Absent","del Hoyo et al., 2004-2011",44.58333333,42.08333333,-2.5,NA
"1289","Vireo_gilvus","Vireo_gilvus","Eastern Warbling-Vireo","Present","Warbling Vireo","Vireo gilvus","Present","del Hoyo et al., 2004-2011",45,46.66666667,1.666666667,NA
"1290","Vireo_griseus","Vireo_griseus","White-eyed Vireo","Present","White-eyed Vireo","Vireo griseus","Present","del Hoyo et al., 2004-2011",40.55555556,43.88888889,3.333333333,NA
"1291","Vireo_olivaceus","Vireo_olivaceus","Red-eyed Vireo","Absent","Red-eyed Vireo","Vireo olivaceus","Absent","del Hoyo et al., 2004-2011",44.16666667,50.41666667,6.25,NA
"1292","Vireo_philadelphicus","Vireo_philadelphicus","Philadelphia Vireo","Absent","Philadelphia Vireo","Vireo philadelphicus","Absent","del Hoyo et al., 2004-2011",42.36111111,45.55555556,3.194444444,NA
"1293","Vireo_plumbeus","Vireo_plumbeus","Plumbeous Vireo","Absent","Plumbeous Vireo","Vireo plumbeus","Absent","del Hoyo et al., 2004-2011",47.63888889,52.36111111,4.722222222,NA
"1294","Vireo_solitarius","Vireo_solitarius","Blue-headed Vireo","Absent","Blue-headed Vireo","Vireo solitarius","Absent","del Hoyo et al., 2004-2011",46.52777778,46.66666667,0.138888889,NA
"1295","Vireo_vicinior","Vireo_vicinior","Grey Vireo","Present","Grey Vireo","Vireo vicinior","Present","del Hoyo et al., 2004-2011",50.69444444,50,-0.694444444,NA
"1296","Vireolanius_melitophrys","Vireolanius_melitophrys","Chestnut-sided Shrike-Vireo","Absent","Chestnut-sided Shrike-vireo","Vireolanius melitophrys","Absent","del Hoyo et al., 2004-2011",46.52777778,51.38888889,4.861111111,NA
"1297","Wilsonia_pusilla",NA,NA,NA,"Wilson's Warbler","Wilsonia pusilla","Present","Odom et al., 2014",49.58333333,50.97222222,1.388888889,NA
"1298","Woodfordia_lacertosa",NA,NA,NA,"Sanford's White-eye","Woodfordia lacertosa","Songless","Odom et al., 2014",40,42.08333333,2.083333333,NA
"1299","Xanthocephalus_xanthocephalus",NA,NA,NA,"Yellow-headed Blackbird","Xanthocephalus xanthocephalus","Present","Odom et al., 2014",45.27777778,57.63888889,12.36111111,NA
"1300","Xanthopsar_flavus",NA,NA,NA,"Saffron-cowled Blackbird","Xanthopsar flavus","Present","Odom et al., 2014",52.36111111,62.91666667,10.55555556,NA
"1301","Xanthotis_flaviventer","Xanthotis_flaviventer","Tawny-breasted Honeyeater","Present","Tawny-breasted Honeyeater","Xanthotis flaviventer","Present","del Hoyo et al., 2004-2011",41.11111111,42.63888889,1.527777778,NA
"1302","Xenicus_gilviventris",NA,NA,NA,"South Island Wren","Xenicus gilviventris","Absent","Odom et al., 2014",42.77777778,43.47222222,0.694444444,NA
"1303","Xenodacnis_parina",NA,NA,NA,"Tit-like Dacnis","Xenodacnis parina","Present","Odom et al., 2014",47.77777778,65.55555556,17.77777778,NA
"1304","Xenopirostris_damii","Xenopirostris_damii","Van Dam's Vanga","Present","Van Dam's Vanga","Xenopirostris damii","Present","del Hoyo et al., 2004-2011",56.80555556,57.5,0.694444444,NA
"1305","Xenopirostris_polleni","Xenopirostris_polleni","Pollen's Vanga","Present","Pollen's Vanga","Xenopirostris polleni","Present","del Hoyo et al., 2004-2011",55.13888889,60.41666667,5.277777778,NA
"1306","Yuhina_everetti",NA,NA,NA,"Chestnut-crested Yuhina","Yuhina everetti","Songless","Odom et al., 2014",49.58333333,52.36111111,2.777777778,NA
"1307","Zavattariornis_stresemanni","Zavattariornis_stresemanni","Stresemann's Bush-Crow","Present","Ethiopian Bush-crow","Zavattariornis stresemanni","Present","del Hoyo et al., 2004-2011",52.91666667,51.80555556,-1.111111111,NA
"1308","Zeledonia_coronata",NA,NA,NA,"Wrenthrush","Zeledonia coronata","Present","Odom et al., 2014",46.52777778,46.66666667,0.138888889,NA
"1309","Zoothera_dauma",NA,NA,NA,"Eurasian Scaly Thrush","Zoothera dauma","Present","Odom et al., 2014",47.08333333,44.16666667,-2.916666667,NA
"1310","Zoothera_pinicola",NA,NA,NA,"Aztec Thrush","Zoothera pinicola","Absent","Odom et al., 2014",44.72222222,55.13888889,10.41666667,NA
"1311","Zoothera_sibirica",NA,NA,NA,"Siberian Thrush","Zoothera sibirica","Present","Odom et al., 2014",45.55555556,51.80555556,6.25,NA
"1312","Zosterops_cinereus",NA,NA,NA,"Grey-brown White-eye","Zosterops cinereus","Songless","Odom et al., 2014",49.44444444,46.11111111,-3.333333333,NA
"1313","Zosterops_flavus",NA,NA,NA,"Javan White-eye","Zosterops flavus","Songless","Odom et al., 2014",52.5,50,-2.5,NA
"1314","Zosterops_fuscicapilla",NA,NA,NA,"Capped White-eye","Zosterops fuscicapilla","Songless","Odom et al., 2014",49.58333333,48.75,-0.833333333,NA
"1315","Zosterops_meyeni",NA,NA,NA,"Lowland White-eye","Zosterops meyeni","Absent","Odom et al., 2014",49.44444444,45.41666667,-4.027777778,NA
"1316","Zosterops_minutus",NA,NA,NA,"Small Lifu White-eye","Zosterops minutus","Songless","Odom et al., 2014",49.30555556,49.02777778,-0.277777778,NA
"1317","Zosterops_uropygialis",NA,NA,NA,"Golden-bellied White-eye","Zosterops uropygialis","Songless","Odom et al., 2014",44.44444444,47.5,3.055555556,NA
