FILE,FamilyBOW,GenusBOW,FemaleSong_Agg01,HighConfidence_Coop,Territory,Uncertainty.2,Communal,Uncertainty.1,Social.bond,Migration_AVONET,NF_Solo_Duet,Species notes,SPECIES,BirdtreeMatch,Filename,NumPotentiallyProblematicQuotes,NumPotentiallyProblematic Territory Quotes,Weak vs Strong territoriality (KTS April2025),Confidence weak vs strong (KTS April2025),Weak vs Strong territoriality (KTS May2025),Confidence weak vs strong (KTS May2025),KTS changed Weak/Strong May2025,KTS changed Confidence May2025,KTS reasoning/quotes,Nicole take a look at?,"Exclusive vs Not-exclusive territoriality (should be Strong = Exclusive and Weak=Grouped except for colonial and group defense species, which would become permissive)",Together assessment (Weak/Strong),Confidence together,Nicole+Kate notes,Nicole references,Interesting case
Terr2_FS_CB_Species\skylar_Eurasian Skylark.txt,Alaudidae,Alauda,1,0,2,A,0,A,2,2,1,,Eurasian Skylark,Alauda_arvensis,Eurasian Skylark_behavior_extraction.txt,4,1,Strong,HIGH,Strong,HIGH,FALSE,FALSE,"Territorial fights without serious injuries are common during breeding season. Intraspecific aggression; if male displays at another female, her mate will attack him vigorously. New arrivals trying to occupy vacated territories are subject to vigorous attacks by neighbors; birds will cross territories to join attack ( Delius 1963). Adults trying to feed offspring in another territory are usually attacked. Territory limits are ignored when birds unite to chase predators.; Territory defended by both sexes, more aggressively by male",3 - collaborative defense,Exclusive,Strong,High,"""Skylarks were censused at least twice per month between 05 00 and 12 00 GMT on all study areas from early March to late July using Common Birds Census methodology (Marchant et al. 1990). On each occasion the observer walked systematically across all parts of each field, recording the location of singing male skylarks and mated pairs. Where possible, the start and end-points of song flights, and details of territorial skirmishes between neighbouring males were also noted.""",https://www.jstor.org/stable/pdf/2405262,1 - interesting collaboration with neighbors for defense
Terr2_FS_CB_Species\wiltit1_Willow Tit.txt,Paridae,Poecile,1,0,2,A,0,A,3,1,NA,,Willow Tit,Parus_montanus,Willow Tit_behavior_extraction.txt,0,0,Strong,HIGH,Strong,HIGH,FALSE,FALSE,Territorial; partners remain together within or close to territory (within larger foraging territory) throughout year,,Exclusive,Strong,High,,,6 - worth putting in Terr level 3?
Terr2_FS_CB_Species\whcale1_White-chested Alethe.txt,Muscicapidae,Chamaetylas,1,0,2,B,0,A,3,1,NA,,White-chested Alethe,Alethe_fuelleborni,White-chested Alethe_behavior_extraction.txt,0,0,Strong,HIGH,Strong,HIGH,FALSE,FALSE,"Territorial individual is aggressive toward neighboring White-chested Alethe when army ants are present; during such encounters territory holder will attack and chase an intruder in short flights, and may call (rattles or subdued whistles and song) and bill-snap.",,Exclusive,Strong,High,,,
Terr2_FS_CB_Species\whtspa_White-throated Sparrow.txt,Passerellidae,Zonotrichia,1,0,2,A,0,A,2,3,1,,White-throated Sparrow,Zonotrichia_albicollis,White-throated Sparrow_behavior_extraction.txt,3,0,Strong,MEDIUM,Strong,Low,FALSE,TRUE,"Territorial during breeding season, as pairs or solitary individuals.; Although TS males appear less aggressive and sing much less than WS males, their territories and home ranges do not differ in size; Territorial strife involving song and chasing greatest early in the breeding season, especially by naïve territory holders (Tuttle 1993).; Interactions with neighbors decrease over time while response to strange intruders remains strong (Brooks and Falls 1975a). Territorial individuals chase intruders to or just beyond territory boundaries. ",,Exclusive,Strong,High,,,
Terr2_FS_CB_Species\grrwar1_Great Reed Warbler.txt,Acrocephalidae,Acrocephalus,1,0,2,B,0,A,1,3,1,,Great Reed Warbler,Acrocephalus_arundinaceus,Great Reed Warbler_behavior_extraction.txt,1,0,Strong,Low,Strong,Low,FALSE,FALSE,Territorial song shorter and quieter,,Exclusive,Strong,High,"Unpaired males normally produce extensive bouts of long songs when singing unchallenged in their territory. Should a rival male encroach upon a territory, then the resident male reacts immediately. He stops singing long songs and begins to approach the intruder. As the residentapproaches he sings only short songs. If the intruder persists, he is invariably chased out of the territory by the resident. ",https://www.sciencedirect.com/science/article/pii/S0003347283800281,
Terr2_FS_CB_Species\razsky1_Raso Skylark.txt,Alaudidae,Alauda,0,0,2,B,0,A,2,1,0,,Raso Skylark,Alauda_razae,Raso Skylark_behavior_extraction.txt,1,0,Strong,MEDIUM,Strong,MEDIUM,FALSE,FALSE,"Male closely guards mate.; Song-ﬂighting male rises vertically to c. 30 m, hovers, descends steeply, singing throughout, display lasting on average 2 minutes, maximum 15 minutes in sample of 150, longest by unpaired males (which defend a territory, once two territories)",,Exclusive,Strong,High,"""A high degree of mate guarding was apparent, particularly during nest building. Unpaired males often entered the territories of paired birds from which they were aggressively chased off. Paired males always won territorial fights, which closely resembled those of Skylarks. Unpaired males defended territories of around the same size as paired males but defended them less vigorously, often tolerating other unpaired males in close proximity.""",https://www.cambridge.org/core/journals/bird-conservation-international/article/status-ecology-behaviour-and-conservation-of-raso-lark-alauda-razae/CD2B783248CCF7F7415F053C49FAE9FD,
Terr2_FS_CB_Species\brosun1_Bronze Sunbird.txt,Nectariniidae,Nectarinia,1,0,2,B,0,A,3,1,1,,Bronze Sunbird,Nectarinia_kilimensis,Bronze Sunbird_behavior_extraction.txt,2,0,Strong,MEDIUM,Strong,MEDIUM,FALSE,FALSE,Defends territory from any intruding sunbirds and other bird species,,Exclusive,Strong,High,,,
Terr2_FS_CB_Species\indbun_Indigo Bunting.txt,Cardinalidae,Passerina,0,0,2,A,0,A,2,3,0,,Indigo Bunting,Passerina_cyanea,Indigo Bunting_behavior_extraction.txt,4,0,Strong,MEDIUM,Strong,MEDIUM,FALSE,FALSE,"Nonbreeding buntings are not territorial; in winter and in migration when feeding they remain at least 30-50 cm apart in flocks.; Certain males are individualistic in their song. However, bunting males on neighboring territories often have the same or nearly identical songs; buntings are not colonial breeders, male territory size is highly variable, no aggressive behavior is seen betwen females; Males sing from several song perches within their territory,",,Exclusive,Strong,High,"Indigo Buntings defend exclusive areas in which mating, nesting, and foraging all
occur within the defended boundary (type ""A"" territory, as defined by Nice
1941). Territorial males may attract no mates, practice short term, successive
or season-long monogamy, or be polygynous (Carey and Nolan 1979)","Fitzgerald (1989) ""Territoriality in indigo buntings: Do males and females respond to the same proximate factors?""",1
Terr2_FS_CB_Species\noifri1_Noisy Friarbird.txt,Meliphagidae,Philemon,1,0,2,B,1,A,3,1,NA,,Noisy Friarbird,Philemon_corniculatus,Noisy Friarbird_behavior_extraction.txt,2,0,Strong,MEDIUM,Strong,MEDIUM,FALSE,FALSE,"Often duets, described as antiphonal but some may be given in unison (but with birds starting and finishing independently). Song by male to defend nest-site or attract a female; and sings when defending feeding territories, often in duets, in response to intruders.",,Exclusive,Strong,High,,,
Terr2_FS_CB_Species\tribla_Tricolored Blackbird.txt,Icteridae,Agelaius,1,0,2,A,0,A,2,2,1,,Tricolored Blackbird,Agelaius_tricolor,Tricolored Blackbird_behavior_extraction.txt,4,2,Strong,MEDIUM,Strong,MEDIUM,FALSE,FALSE,"The relationship of territoriality to the breeding density of males and females is known only in a preliminary manner and female territoriality is unstudied.; breeds in colonies; The female constructs the nest within a small territory of the male; Intimidation display is used by males in territorial defense;  a territorial male may erect plumage while rushing intruders in flight; Males defend only the immediate nesting area. After a week of nest-building and egg-laying, males may cease territory defense",,Permissive,Strong,High,,,"colony breeding, immediate nest site defense"
Terr2_FS_CB_Species\cbslar1_Chestnut-backed Sparrow-Lark.txt,Alaudidae,Eremopterix,1,0,2,B,0,A,2,2,1,,Chestnut-backed Sparrow-Lark,Eremopterix_leucotis,Chestnut-backed Sparrow-Lark_behavior_extraction.txt,0,0,Strong,MEDIUM,Strong,MEDIUM,FALSE,FALSE,"pugnacious, chases off other males and even other species; Nests singly or in small groups, with inter-nests distance as little as 3 m",,Permissive,Strong,High,,,1
Terr2_FS_CB_Species\tawpip1_Tawny Pipit.txt,Motacillidae,Anthus,1,0,2,B,0,A,2,3,1,,Tawny Pipit,Anthus_campestris,Tawny Pipit_behavior_extraction.txt,2,1,Strong,MEDIUM,Strong,Low,FALSE,TRUE,Monogamous; territorial.; song in flight or from perch,,Exclusive,Strong,Low,,,
Terr2_FS_CB_Species\weowar2_Western Orphean Warbler.txt,Sylviidae,Curruca,1,0,2,A,0,A,2,3,1,,Western Orphean Warbler,Sylvia_hortensis,Western Orphean Warbler_behavior_extraction.txt,0,0,Strong,MEDIUM,Strong,Low,FALSE,TRUE,"Monogamous; territorial, with territory size typically 2–2·5 ha.; Migrant",,Exclusive,Strong,Low,,,
Terr2_FS_CB_Species\padwar1_Paddyfield Warbler.txt,Acrocephalidae,Acrocephalus,1,0,2,B,0,A,2,3,1,,Paddyfield Warbler,Acrocephalus_agricola,Paddyfield Warbler_behavior_extraction.txt,0,0,Strong,Low,Strong,Low,FALSE,FALSE,Migratory; Minimum territory size c. 50–70 m square,,Exclusive,Strong,Low,,,
Terr2_FS_CB_Species\sedwar1_Sedge Warbler.txt,Acrocephalidae,Acrocephalus,1,0,2,A,0,A,2,3,1,,Sedge Warbler,Acrocephalus_schoenobaenus,Sedge Warbler_behavior_extraction.txt,0,0,Strong,Low,Strong,Low,FALSE,FALSE,Breeding territory usually 0·1–0·2 ha.; migratory,,Exclusive,Strong,Low,,,
Terr2_FS_CB_Species\resbla1_Red-shouldered Blackbird.txt,Icteridae,Agelaius,1,0,2,A,1,A,2,2,2,,Red-shouldered Blackbird,Agelaius_assimilis,Red-shouldered Blackbird_behavior_extraction.txt,0,0,Strong,Low,Strong,Low,FALSE,FALSE,"Territorial, territories c. 700–900 m^2 in extent.; They also feed within their territories, and do not exit the territory to feed elsewhere from where they are nesting; apparently resident",,Exclusive,Strong,Low,,,1
Terr2_FS_CB_Species\grbcam1_Green-backed Camaroptera.txt,Cisticolidae,Camaroptera,0,0,2,A,0,A,3,1,0,,Green-backed Camaroptera,Camaroptera_brachyura,Green-backed Camaroptera_behavior_extraction.txt,4,0,Strong,Low,Strong,Low,FALSE,FALSE,"Mainly resident; some local dispersal.; Male advertises territory by singing from concealed perch in tree; in courtship, he leaps back and forth between two perches in a high arc, quivering his wings, giving loud clicking call continuously and displaying black mouth, may also pursue female rapidly within vegetation",,Exclusive,Strong,Low,,,
Terr2_FS_CB_Species\bawwar1_Barred Wren-Warbler.txt,Cisticolidae,Calamonastes,0,0,2,B,0,A,3,1,0,,Barred Wren-Warbler,Camaroptera_fasciolata,Barred Wren-Warbler_behavior_extraction.txt,1,0,Strong,Low,Strong,Low,FALSE,FALSE,"solitary, territorial, but resident",,Exclusive,Strong,Low,,,
Terr2_FS_CB_Species\ferlar2_Red Lark.txt,Alaudidae,Calendulauda,0,0,2,B,0,A,3,1,0,,Red Lark,Certhilauda_burra,Red Lark_behavior_extraction.txt,0,0,Strong,Low,Strong,Low,FALSE,FALSE,Resident; Territorial and monogamous; occurs in pairs and male sings throughout year.,,Exclusive,Strong,Low,,,
Terr2_FS_CB_Species\splsun2_Splendid Sunbird.txt,Nectariniidae,Cinnyris,0,0,2,B,0,A,3,1,0,,Splendid Sunbird,Nectarinia_coccinigaster,Splendid Sunbird_behavior_extraction.txt,0,0,Strong,Low,Strong,Low,FALSE,FALSE,"Territorial male sings from regular perches and performs courtship song flights before landing high up, to be joined on branch by female, latter holding tail depressed and wings drooped.",,Exclusive,Strong,Low,,,
Terr2_FS_CB_Species\bkewhe1_Western Black-eared Wheatear.txt,Muscicapidae,Oenanthe,1,0,2,B,0,A,2,3,1,,Western Black-eared Wheatear,Oenanthe_hispanica,Western Black-eared Wheatear_behavior_extraction.txt,0,0,Strong,Low,Strong,Low,FALSE,FALSE,"Migratory; Territory c. 1·7 ha in optimal habitat, sometimes as little as 1 ha; inter-nest distance usually at least 200 m, sometimes 80–100 m, in Israel once 60 m.",,Exclusive,Strong,Low,,,
Terr2_FS_CB_Species\duslar1_Dusky Lark.txt,Alaudidae,Pinarocorys,0,0,2,B,0,A,2,3,0,,Dusky Lark,Pinarocorys_nigricans,Dusky Lark_behavior_extraction.txt,0,0,Strong,Low,Strong,Low,FALSE,FALSE,migrates in small flocks; Singing male displays over territory of c. 2·5 ha.,,Exclusive,Strong,Low,,,
Terr2_FS_CB_Species\rufpri2_Rufous-fronted Prinia.txt,Cisticolidae,Prinia,0,0,2,B,0,A,3,1,0,,Rufous-fronted Prinia,Prinia_buchanani,Rufous-fronted Prinia_behavior_extraction.txt,3,0,Strong,Low,Strong,Low,FALSE,FALSE,"Presumably territorial, as with other prinias, and responds to playback of its song (AK)",,Exclusive,Strong,Low,responds to playback,,
Terr2_FS_CB_Species\firecr1_Common Firecrest.txt,Regulidae,Regulus,0,0,2,B,0,A,2,3,0,,Common Firecrest,Regulus_ignicapilla,Common Firecrest_behavior_extraction.txt,0,0,Strong,Low,Strong,Low,FALSE,FALSE,"Migratory; ""Territorial song""",,Exclusive,Strong,Low,,,
Terr2_FS_CB_Species\goldcr1_Goldcrest.txt,Regulidae,Regulus,1,0,2,B,0,A,2,3,1,,Goldcrest,Regulus_regulus,Goldcrest_behavior_extraction.txt,0,0,Strong,Low,Strong,Low,FALSE,FALSE,"Territorial song, migratory",,Exclusive,Strong,Low,,,
Terr2_FS_CB_Species\whinch1_Whinchat.txt,Muscicapidae,Saxicola,0,0,2,B,0,A,3,3,0,,Whinchat,Saxicola_rubetra,Whinchat_behavior_extraction.txt,1,0,Strong,Low,Strong,Low,FALSE,FALSE,"Migratory; Territory less than 1 ha, average 0·43 ha in Netherlands, at least 0·75 ha in W Germany; site-fidelity among adults high (of 54 breeding males, 47% returned to same area after one year, 15% for two years and 4% for three years, and almost half of all these reoccupied same territory)",,Exclusive,Strong,Low,,,
Terr2_FS_CB_Species\comcan_Island Canary.txt,Fringillidae,Serinus,1,0,2,B,0,A,2,1,1,,Island Canary,Serinus_canaria,Island Canary_behavior_extraction.txt,0,0,Strong,Low,Strong,Low,FALSE,FALSE,"Territorial male performs stiff-winged butterfly-like display-flight; Resident, with short-distance dispersal",,Exclusive,Strong,Low,,,
Terr2_FS_CB_Species\yeccan1_Yellow-crowned Canary.txt,Fringillidae,Serinus,0,0,2,B,0,A,3,1,0,,Yellow-crowned Canary,Serinus_flavivertex,Yellow-crowned Canary_behavior_extraction.txt,2,0,Strong,Low,Strong,Low,FALSE,FALSE,Solitary and territorial.; Resident,,Exclusive,Strong,Low,,,
Terr2_FS_CB_Species\pabsee1_Parrot-billed Seedeater.txt,Thraupidae,Sporophila,0,0,2,B,0,A,2,1,0,,Parrot-billed Seedeater,Sporophila_peruviana,Parrot-billed Seedeater_behavior_extraction.txt,0,0,Strong,Low,Strong,Low,FALSE,FALSE,"Becomes territorial after first rains, begins breeding 2–4 weeks after first important rains.; Generally sedentary, some local movements",,Exclusive,Strong,Low,,,
Terr2_FS_CB_Species\permea1_Peruvian Meadowlark.txt,Icteridae,Leistes,0,0,2,B,0,A,2,2,0,,Peruvian Meadowlark,Sturnella_bellicosa,Peruvian Meadowlark_behavior_extraction.txt,0,0,Strong,Low,Strong,Low,FALSE,FALSE,In the non-breeding season it can even be found in flocks. But in the breeding season they are territorial and display by rising up in the air and giving their strident and buzzy song; Apparently resident. Altitudinal movements probable in highlands.,,Exclusive,Strong,Low,,,
Terr2_FS_CB_Species\blackc1_Eurasian Blackcap.txt,Sylviidae,Sylvia,1,0,2,A,0,A,2,3,1,,Eurasian Blackcap,Sylvia_atricapilla,Eurasian Blackcap_behavior_extraction.txt,1,1,Strong,Low,Strong,Low,FALSE,FALSE,"Monogamous, with rare reports of bigamy and of single helpers at nest; territorial.; Fidelity to breeding grounds very high; no menton of defense or agonistic behavior",,Exclusive,Strong,Low,,,
Terr2_FS_CB_Species\garwar1_Garden Warbler.txt,Sylviidae,Sylvia,1,0,2,A,0,A,2,3,1,,Garden Warbler,Sylvia_borin,Garden Warbler_behavior_extraction.txt,1,0,Strong,Low,Strong,Low,FALSE,FALSE,"Mainly monogamous, occasional polygyny reported; solitary, territorial breeder.; migrant",,Exclusive,Strong,Low,,,
Terr2_FS_CB_Species\rinouz1_Ring Ouzel.txt,Turdidae,Turdus,0,0,2,B,0,A,2,3,0,,Ring Ouzel,Turdus_torquatus,Ring Ouzel_behavior_extraction.txt,1,0,Strong,Low,Strong,Low,FALSE,FALSE,"Migratory; Solitary nester, in many areas territories tend to be linearly distributed along watercourses; nests generally well spaced, in closest-packed situations 160–200 m apart",,Exclusive,Strong,Low,,,
Terr2_FS_CB_Species\ptpfin1_Pale-throated Pampa-Finch.txt,Thraupidae,Embernagra,1,0,2,B,0,A,2,1,1,,Pale-throated Pampa-Finch,Embernagra_longicauda,Pale-throated Pampa-Finch_behavior_extraction.txt,1,0,Strong,MEDIUM,Strong,MEDIUM,FALSE,FALSE,Pairs remain together throughout the year in the same territories,,Exclusive,Strong,Low,,,6 - worth putting in Terr level 3?
Terr2_FS_CB_Species\cogwar1_Common Grasshopper Warbler.txt,Locustellidae,Locustella,1,0,2,A,0,A,2,3,1,,Common Grasshopper Warbler,Locustella_naevia,Common Grasshopper Warbler_behavior_extraction.txt,0,0,Strong,MEDIUM,Strong,MEDIUM,FALSE,FALSE,"Solitary, territorial.; Territorial song",,Exclusive,Strong,Low,,,
Terr2_FS_CB_Species\runlar1_Rufous-naped Lark.txt,Alaudidae,Corypha,0,0,2,B,0,A,3,2,0,multiple subspecies,Rufous-naped Lark,Mirafra_africana,Rufous-naped Lark_behavior_extraction.txt,1,0,Strong,MEDIUM,Strong,MEDIUM,FALSE,FALSE,Pairs remain on their territories and males sing throughout the year.; Song undoubtedly has a territorial function,,Exclusive,Strong,Low,,,
,Alaudidae,Calendulauda,0,0,2,B,0,A,3,1,0,,Sabota Lark,Mirafra_sabota,Sabota Lark_behavior_extraction.txt,0,0,Strong,MEDIUM,Strong,MEDIUM,FALSE,FALSE,Monogamous and territorial. Male sings from high perch,,Exclusive,Strong,Low,,,
Terr2_FS_CB_Species\deswhe1_Desert Wheatear.txt,Muscicapidae,Oenanthe,1,0,2,B,0,A,2,2,1,,Desert Wheatear,Oenanthe_deserti,Desert Wheatear_behavior_extraction.txt,0,0,Strong,MEDIUM,Strong,MEDIUM,FALSE,FALSE,"Territories relatively large, c. 4 ha, with at least 100 m between nests, and usually not contiguous.; In confrontations and courtship, phrases may become longer and quieter",,Exclusive,Strong,Low,,,1
Terr2_FS_CB_Species\isawhe1_Isabelline Wheatear.txt,Muscicapidae,Oenanthe,1,0,2,B,0,A,2,3,1,,Isabelline Wheatear,Oenanthe_isabellina,Isabelline Wheatear_behavior_extraction.txt,3,0,Strong,MEDIUM,Strong,MEDIUM,FALSE,FALSE,"Subdued song or subsong in winter quarters, for territorial defence, often in hottest part of day, a random sequence of very high and fairly low whistles, clucks, bleats and wails.; Average territory size in SW Iran 2·2 ha (range 0·52–6·9 ha), in Russia 2·7 ha (1·1–6·4 ha), size increasing with age and number of mates (average for older bigamous males 3·2 ha)",,Exclusive,Strong,Low,,,
Terr2_FS_CB_Species\coatit2_Coal Tit.txt,Paridae,Periparus,1,0,2,A,0,A,3,1,NA,,Coal Tit,Parus_ater,Coal Tit_behavior_extraction.txt,3,0,Strong,MEDIUM,Strong,MEDIUM,FALSE,FALSE,"Territorial; Size of territory not well studied but possibly small, radius c. 100 m in optimum habitats.; resident/partial migrant",,Exclusive,Strong,Low,,,
Terr2_FS_CB_Species\blutit_Eurasian Blue Tit.txt,Paridae,Cyanistes,1,0,2,A,0,A,2,1,NA,,Eurasian Blue Tit,Parus_caeruleus,Eurasian Blue Tit_behavior_extraction.txt,0,0,Strong,MEDIUM,Strong,MEDIUM,FALSE,FALSE,"Winter flocks gradually reduced in size towards end of winter as pairs re-establish breeding territories.; All females mated to a polygamous male nest within a single territory, and the male feeds young in all nests; Partners usually remain close to breeding territory during nonbreeding season",,Exclusive,Strong,Low,,,1
Terr2_FS_CB_Species\foxspa_Fox Sparrow.txt,Passerellidae,Passerella,1,0,2,A,0,A,2,3,1,,Fox Sparrow,Passerella_iliaca,Fox Sparrow_behavior_extraction.txt,6,2,Strong,MEDIUM,Strong,MEDIUM,FALSE,FALSE,"Blacquiere ( Blacquiere 1979) observed 3 sets of chases, each between 2 birds, which he assumed were territorial males in a boundary dispute.; Territory size ranges from 0.25 to 1 ha in Newfoundland; Birds establish territories within 1 d of arrival on breeding grounds",,Exclusive,Strong,Low,,,
Terr2_FS_CB_Species\bcslar1_Black-crowned Sparrow-Lark.txt,Alaudidae,Eremopterix,1,0,2,B,0,A,2,2,1,,Black-crowned Sparrow-Lark,Eremopterix_nigriceps,Black-crowned Sparrow-Lark_behavior_extraction.txt,0,0,Strong,MEDIUM,Strong,MEDIUM,FALSE,FALSE,"Male (sometimes also female) performs aerial display over territory; male, and occasionally female, defend nest-site against other bird species and lizards, as well as conspecifics.; Monogamous; nests singly or in loose aggregations.",,Permissive,Strong,Low,,,
Terr2_FS_CB_Species\legshr2_Lesser Gray Shrike.txt,Laniidae,Lanius,0,0,2,B,0,A,3,3,0,,Lesser Gray Shrike,Lanius_minor,Lesser Gray Shrike_behavior_extraction.txt,4,2,Strong,MEDIUM,Strong,MEDIUM,FALSE,FALSE,"Monogamous; territorial, but breeds often in loose groups; ""Territorial calls""",,Permissive,Strong,Low,,,
Terr2_FS_CB_Species\masshr1_Masked Shrike.txt,Laniidae,Lanius,0,0,2,B,0,A,3,3,0,,Masked Shrike,Lanius_nubicus,Masked Shrike_behavior_extraction.txt,2,0,Strong,MEDIUM,Strong,MEDIUM,FALSE,FALSE,"Solitary, territorial breeder; sometimes loose concentrations locally in favourable habitats, and sometimes pairs quite close together, e.g. two nests 40 m apart in open downy oak (Quercus pubescens) forest in S Bulgaria; Territory appears to be small, under 1 ha to 5 ha; Defends very small (less than 0·5 ha) temporary (a few hours or days) territories at migration stopovers; in general, these held for shorter duration on spring migration than in autumn.",,Permissive,Strong,Low,,,
Terr2_FS_CB_Species\blueth_Bluethroat.txt,Muscicapidae,Luscinia,1,0,2,A,0,A,2,3,1,,Bluethroat,Luscinia_svecica,Bluethroat_behavior_extraction.txt,2,1,Strong,MEDIUM,Strong,MEDIUM,FALSE,FALSE,"migrant; Males will attack and chase each other during territory disputes; but degree of exclusion of other males is variable and uncertain, and there appears to be considerable overlap of territories in some areas; males are highly mobile and territory boundaries often diﬃcult to ascertain",,Permissive,Strong,Low,"""The results of this study clearly demonstrate that advertising bluethroat males respond to territorial intrusions of foreign males, as mimicked by a stuffed male and song playback, by increasing their song and song flight rates considerably . Hence, song and song flights in bluethroats would seem likely to play a role in territorial defence before pair formation has occurred. The results indicate that before pair formation male-male competition for best territories was taking place, as well as for a mate. However, those males which had already acquired a mate did not respond to song playbacks, indicating that they are either unwilling or unable to defend their territories after mating has occurred. As to the former possibility, during the nestling period territorial overlap between different pairs frequently occured during foraging flights, (Peiponen 1956), indicating that a male bluethroat may attach little value to the territory after he has mated. However, it is also clear that males may be constrained from singing during their mates' fertile period when trying to ensure their paternity with close mate guarding. Indeed, the rates of extra-pair paternity are high in this species""
""Territorial behavior was reported in the bluethroat, at least during the time when the birds claim the nesting territories. This type of behavior is likely to serve for the attraction of a breeding partner, rather than for the protection of food resources or the prevention of mating between the female and a stranger male, as was assumed earlier (Smiseth and Amundsen, 1995). However, considerable intraspecies (inter-populational) variation of the degree of territorial behavior and territory overlap (the inverse parameter) has been demonstrated. The structure can be (1) rigidly territorial, (2) rigidly territorial during a certain period, (3) flexibly territorial, or (4) non-territorial (Turcokova et al., 2011). Thus, population density itself can depend on the features of the social structure and have an ambiguous influence on habitat quality""","https://ornisfennica.journal.fi/article/view/133524
https://link.springer.com/article/10.1134/S106235901611011X",
Terr2_FS_CB_Species\rudlar1_Rudd's Lark.txt,Alaudidae,Heteromirafra,0,0,2,A,0,A,3,1,0,,Rudd's Lark,Heteromirafra_ruddi,Rudd's Lark_behavior_extraction.txt,0,0,Strong,Low,Strong,MEDIUM,FALSE,TRUE,"Monogamous; territorial, with adjacent nests at least 100 m apart.; Resident",,Exclusive,Strong,Medium,"Rudd’s Larks establishing territories at the start of the summerbreeding season selected grassland of lower than average height... Searches for birds took place between06:00 and 10:00, because observations of birds at siteswhere they were known to be present showed this to be theperiod of greatest territorial activity (i.e. aerial display). ",,
Terr2_FS_CB_Species\blacks1_Blackstart.txt,Muscicapidae,Oenanthe,0,0,2,B,0,A,3,1,0,,Blackstart,Cercomela_melanura,Blackstart_behavior_extraction.txt,2,0,Strong,Low,Strong,Low,FALSE,FALSE,"Territory (held all year) variably sized, usually 200 m between nests",,Exclusive,Strong,Medium,,,
Terr2_FS_CB_Species\sedwre_Grass Wren.txt,Troglodytidae,Cistothorus,0,0,2,B,0,A,3,2,0,,Grass Wren,Cistothorus_platensis,Grass Wren_behavior_extraction.txt,1,0,Strong,Low,Strong,Low,FALSE,FALSE,"Territory boundaries are fluid throughout nesting season, and male may shift his activity and defend new areas as season progresses.",,Exclusive,Strong,Medium,,,1
Terr2_FS_CB_Species\comfin1_Cochabamba Mountain Finch.txt,Thraupidae,Poospiza,0,0,2,B,0,A,3,1,0,,Cochabamba Mountain Finch,Compsospiza_garleppi,Cochabamba Mountain Finch_behavior_extraction.txt,0,0,Strong,Low,Strong,Low,FALSE,FALSE,"Sedentary; second song type less common, a series of whistles and intervening pauses, but covering much wider range of frequencies, more variable, and including broad-frequency buzzy note, this song eliciting strong aggressive response if played back to pairs.",,Exclusive,Strong,Medium,aggressive responses to playback ,,
Terr2_FS_CB_Species\carcha1_Cape Robin-Chat.txt,Muscicapidae,Dessonornis,1,0,2,B,0,A,3,1,1,,Cape Robin-Chat,Cossypha_caffra,Cape Robin-Chat_behavior_extraction.txt,0,0,Strong,Low,Strong,Low,FALSE,FALSE,"Territory in South Africa (maintained throughout year if not migratory) 0.05–0.75 ha, size varying with habitat; mainly resident",,Exclusive,Strong,Medium,"""defended breeding territory""",https://doi.org/10.2989/00306520409485452,
Terr2_FS_CB_Species\mouwhe1_Mountain Chat.txt,Muscicapidae,Myrmecocichla,1,0,2,A,0,A,3,1,1,,Mountain Chat,Oenanthe_monticola,Mountain Chat_behavior_extraction.txt,0,0,Strong,Low,Strong,Low,FALSE,FALSE,"Resident, but probably local nomadic movements in drier areas; Sings presumably for territorial defence and mate attraction, but song-like vocalisation can also be heard during disputes and chases, then including more squeaky and harsh notes",,Exclusive,Strong,Medium,,,
Terr2_FS_CB_Species\naswar_Nashville Warbler.txt,Parulidae,Leiothlypis,0,0,2,B,0,A,2,3,0,,Nashville Warbler,Vermivora_ruficapilla,Nashville Warbler_behavior_extraction.txt,5,3,Strong,Low,Strong,Low,FALSE,FALSE,"Males chase males on breeding grounds in New Hampshire just before mating (see Sexual Behavior, below). No such intraspecific chasing or other aggressive behaviors observed on breeding grounds during breeding and fledging stages; Breeding territory in East: 5–15 pairs/40.5 ha in Vermont",,Exclusive,Strong,Medium,,,"1 - low confidence because very little discussion of agonistic behaviors; sometimes called breeding ""grounds"" instead of ""territory"""
Terr2_FS_CB_Species\schbla1_Scarlet-headed Blackbird.txt,Icteridae,Amblyramphus,1,0,2,B,0,A,2,1,1,,Scarlet-headed Blackbird,Amblyramphus_holosericeus,Scarlet-headed Blackbird_behavior_extraction.txt,0,0,Strong,MEDIUM,Strong,MEDIUM,FALSE,FALSE,Solitary nester. Apparently monogamous and strongly territorial.,,Exclusive,Strong,Medium,,,
Terr2_FS_CB_Species\rucwar_Rufous-capped Warbler.txt,Parulidae,Basileuterus,1,0,2,B,0,A,3,1,1,,Rufous-capped Warbler,Basileuterus_rufifrons,Rufous-capped Warbler_behavior_extraction.txt,1,0,Strong,MEDIUM,Strong,MEDIUM,FALSE,FALSE,"Evidence from a playback study in the contact area with its sister species, the Chestnut-capped Warbler (B. delattrii), suggest song is used both to defend territories and attract mates, as males of both species responded more strongly to own species songs than to other species songs, and observations in the sympatric zone suggest the territories of these species overlap but they still mate assortatively",,Exclusive,Strong,Medium,,,
Terr2_FS_CB_Species\sobcac1_Solitary Black Cacique.txt,Icteridae,Cacicus,1,0,2,B,0,A,3,1,1,,Solitary Black Cacique,Cacicus_solitarius,Solitary Black Cacique_behavior_extraction.txt,0,0,Strong,MEDIUM,Strong,MEDIUM,FALSE,FALSE,"In territorial conflicts between pairs, all individuals may vocalize for periods of 30 minutes or more.; solitary nester; resident",,Exclusive,Strong,Medium,,,
Terr2_FS_CB_Species\laplon_Lapland Longspur.txt,Calcariidae,Calcarius,0,0,2,A,0,A,2,3,0,,Lapland Longspur,Calcarius_lapponicus,Lapland Longspur_behavior_extraction.txt,14,7,Strong,MEDIUM,Strong,MEDIUM,FALSE,FALSE,"Males establish territories before pairing with females and often before females return to breeding grounds. Males sing vigorously (Figure 5b) and perform Flight Song Displays (Figure 5k–n), apparently to attract females and defend territory against neighbors.; adults often forage near one another during breeding season, either off territory or on one male's territory, without aggression;  Male territorial defense wanes as all females in population begin incubation. Females do not defend territories or chase intruders, but rarely wander far from male territory.",,Exclusive,Strong,Medium,,,
Terr2_FS_CB_Species\purfin_Purple Finch.txt,Fringillidae,Haemorhous,1,0,2,A,0,A,3,2,1,,Purple Finch,Carpodacus_purpureus,Purple Finch_behavior_extraction.txt,5,1,Strong,MEDIUM,Strong,MEDIUM,FALSE,FALSE,"Available evidence indicates that males defend spatial territories, but definitive study is required. Males consistently sing near nest during breeding season; Establishment of breeding territories differs from that in House and Cassin's finches, which defend females rather than territories",,Exclusive,Strong,Medium,,,
Terr2_FS_CB_Species\rcnthr1_Ruddy-capped Nightingale-Thrush.txt,Turdidae,Catharus,0,0,2,B,0,A,3,1,0,,Ruddy-capped Nightingale-Thrush,Catharus_frantzii,Ruddy-capped Nightingale-Thrush_behavior_extraction.txt,0,0,Strong,MEDIUM,Strong,MEDIUM,FALSE,FALSE,"Males of this species maintain territories, at least during the breeding season, and signal their presence by singing (e.g. Raitt and Hardy 1970, Thurber et al. 1987)",,Exclusive,Strong,Medium,,,
Terr2_FS_CB_Species\klblar6_Karoo Long-billed Lark.txt,Alaudidae,Certhilauda,0,0,2,A,0,A,3,1,0,,Karoo Long-billed Lark,Certhilauda_subcoronata,Karoo Long-billed Lark_behavior_extraction.txt,2,1,Strong,MEDIUM,Strong,MEDIUM,FALSE,FALSE,"The species is presumed to be monogamous, and it is apparently a solitary, territorial nester; The species is reported to be territorial ( 1).; Chases between conspecifics often occur, presumably because the species occurs at relatively high densities; Nests solitarily",,Exclusive,Strong,Medium,,,
Terr2_FS_CB_Species\cetwar1_Cetti's Warbler.txt,Scotocercidae,Cettia,1,0,2,A,0,A,3,1,1,,Cetti's Warbler,Cettia_cetti,Cetti's Warbler_behavior_extraction.txt,2,0,Strong,MEDIUM,Strong,MEDIUM,FALSE,FALSE,territory (defended and maintained by male over consecutive years); partial migrant,,Exclusive,Strong,Medium,,,
Terr2_FS_CB_Species\yelwar_Yellow Warbler.txt,Parulidae,Setophaga,1,0,2,A,0,A,2,3,1,,Yellow Warbler,Dendroica_petechia,Yellow Warbler_behavior_extraction.txt,4,0,Strong,MEDIUM,Strong,MEDIUM,FALSE,FALSE,"On breeding grounds, Yellow Warblers defend multipurpose territories. Territory interactions are dynamic and continue throughout the breeding season; migratory",,Exclusive,Strong,Medium,,,
Terr2_FS_CB_Species\mistle1_Mistletoebird.txt,Dicaeidae,Dicaeum,1,0,2,A,0,A,2,2,1,,Mistletoebird,Dicaeum_hirundinaceum,Mistletoebird_behavior_extraction.txt,5,2,Strong,MEDIUM,Strong,MEDIUM,FALSE,FALSE,"Male defends territory of 13–25 ha.; territorial song by male, from high perch",,Exclusive,Strong,Medium,,,
Terr2_FS_CB_Species\whnsee1_White-naped Seedeater.txt,Thraupidae,Sporophila,0,0,2,C,0,B,2,1,0,,White-naped Seedeater,Dolospingus_fringilloides,White-naped Seedeater_behavior_extraction.txt,1,0,Strong,MEDIUM,Strong,MEDIUM,FALSE,FALSE,"Apparently territorial, see also Sounds and Vocal Behavior. Chases between males observed ; In one observation, males sang for several minutes from the same perch, before moving to another perch or pursuing conspecifics",,Exclusive,Strong,Medium,,,
Terr2_FS_CB_Species\brosic1_Brown Sicklebill.txt,Paradisaeidae,Epimachus,0,0,2,B,0,A,1,1,0,,Brown Sicklebill,Epimachus_meyeri,Brown Sicklebill_behavior_extraction.txt,0,0,Strong,MEDIUM,Strong,MEDIUM,FALSE,FALSE,"Adult male appears to forage within a home range from which it excludes other adult males, but permitting individuals in female-type plumage to feed there.",,Exclusive,Strong,Medium,,,
Terr2_FS_CB_Species\horlar_Horned Lark.txt,Alaudidae,Eremophila,1,0,2,B,0,A,2,3,1,,Horned Lark,Eremophila_alpestris,Horned Lark_behavior_extraction.txt,7,0,Strong,MEDIUM,Strong,MEDIUM,FALSE,FALSE,"Uniformly dispersed during the breeding season by territoriality. Territories are ""all purpose,"" used for courtship, nesting, and feeding. Late in the breeding season, neutral areas may also be used for feeding.; In winter, adults no longer territorial; form large flocks; If male dies, a neighboring male may extend his territory and mate with the female as well as his own",,Exclusive,Strong,Medium,,,1
Terr2_FS_CB_Species\hooori_Hooded Oriole.txt,Icteridae,Icterus,1,0,2,B,0,A,3,2,1,,Hooded Oriole,Icterus_cucullatus,Hooded Oriole_behavior_extraction.txt,9,3,Strong,MEDIUM,Strong,MEDIUM,FALSE,FALSE,"Territorial and courtship activities begin once both sexes have returned.; Male song presumably functions for mate attraction and/or territory defense but this has yet to be established.; Males usually aggressive toward one another early in breeding season. Behaviors include chasing, displays involving sleeked feathers and upward-pointing bill, and constant chatter.",,Exclusive,Strong,Medium,,,
Terr2_FS_CB_Species\comnig1_Common Nightingale.txt,Muscicapidae,Luscinia,1,0,2,A,0,A,2,3,1,,Common Nightingale,Luscinia_megarhynchos,Common Nightingale_behavior_extraction.txt,0,0,Strong,MEDIUM,Strong,MEDIUM,FALSE,FALSE,"Territory 0·13–1·9 ha. Strong breeding site-fidelity; Territorial in winter quarters, often singing from cover (usually in morning), Nov–Mar; record of 3–4 singing 10 m apart in same thicket in Togo suggests very small defended areas, but each may have been countersinging at corner of territory",,Exclusive,Strong,Medium,"The common nightingale and the thrush nightingale prefer the same dense shrubby habitats, mostly on moist sites (Cramp, 1988), and their territories are often in close proximity (Becker, 1995). Interspecific competition between these species can be inferred from spatially exclusive territories in sympatry. All males showed at least an interest in or, often, a stronger level of behavioural response to both conspecific and heterospecific playbacks. In other words, all individuals approached the dummy when exposed to the playback and ‘approach’ was also the behavioural category taking the highest proportion of time during the experiment (75% in the common nightingale and 85% in the thrush nightingale). Physical attacks on the dummy in response to the playback were also observed in both species. These attacks were more frequent among common nightingales (eight of 15 males attacked the dummy at least once) than thrush nightingales (five of 15 males).",https://www.sciencedirect.com/science/article/pii/S0003347215001165,
Terr2_FS_CB_Species\martit2_Marsh Tit.txt,Paridae,Poecile,1,0,2,A,0,A,3,1,NA,,Marsh Tit,Parus_palustris,Marsh Tit_behavior_extraction.txt,2,0,Strong,MEDIUM,Strong,MEDIUM,FALSE,FALSE,"Territory used for all breeding activities (pair formation dependent on male having established territory), occupied and defended throughout year (winter territory may be slightly larger in some parts of range); In non-breeding season, territory may be occupied by resident pair and 3–7 unrelated juveniles, which may pair up in spring and partition territory or establish adjacent one.",,Exclusive,Strong,Medium,,,
Terr2_FS_CB_Species\savspa_Savannah Sparrow.txt,Passerellidae,Passerculus,0,0,2,B,0,A,2,3,0,,Savannah Sparrow,Passerculus_sandwichensis,Savannah Sparrow_behavior_extraction.txt,2,0,Strong,MEDIUM,Strong,MEDIUM,FALSE,FALSE,"Territorial boundaries relatively fluid, and territories tend to enlarge as the breeding season progresses ; Area defended by male shifts to center around activities or nest site of mate or to incorporate new mate",,Exclusive,Strong,Medium,,,
Terr2_FS_CB_Species\flarob1_Flame Robin.txt,Petroicidae,Petroica,1,0,2,B,0,A,3,3,1,,Flame Robin,Petroica_phoenicea,Flame Robin_behavior_extraction.txt,1,0,Strong,MEDIUM,Strong,MEDIUM,FALSE,FALSE,Territorial during breeding; holds mutually exclusive territories against P. boodang.; migratory,,Exclusive,Strong,Medium,,https://search.informit.org/doi/epdf/10.3316/informit.354882014809274,1
Terr2_FS_CB_Species\amegfi_American Goldfinch.txt,Fringillidae,Spinus,0,0,2,A,0,A,2,1,0,,American Goldfinch,Carduelis_tristis,American Goldfinch_behavior_extraction.txt,2,0,Strong,Low,Strong,Low,FALSE,FALSE,"Disjunct song often heard between counter-singing males.; Song may serve to attract mates, advertise territory, and support territorial defense; Because role of territorial behavior in American Goldﬁnch is debatable (e.g. Stokes 1950, Middleton 1979), the territorial aspects of song need thorough study.; Territoriality of American Goldﬁnch debatable. Some suggest well deﬁned territories maintained, others suggest term has limited application. Problem of deﬁnition associated with extent of “defended” area, which may vary with type of nesting habitat and locality of studies",,Permissive,Strong,Medium,"The question of territoriality in the American Goldfinch is a controversial one. The possession of a territory is denied by Pitelka (1942) and Roberts (1942), those who agree on its occurrence differ in their analysis of its mani- festation (Walkinshaw, 1938; Drum, 1939; Batts, 1948; Stokes, 1950; Nickell, 1951; Sutton, 1959), and some refrain from taking a stand at all (Nice, 1939). In none of the papers mentioned above is the word ""territory"" used in the strict sense as a ""defended"" area. Perhaps this lack of consistency explains a portion of the controversy over territoriality in the goldfinch. If the ulti- mate criterion for territory-holding is overt defense, especially against mem- bers of the same species, then many of the descriptions of ""territory"" must be rejected as actually representing only the area most frequented by the birds in question.
Territoriality in the goldfinch does seem to exist to a limited extent, but its boundaries and methods of defense certainly render it a confusing phenome non at best. This is probably due to the extremely social nature of the spec and the tendency to forage in flocks throughout the nesting season. A disc sion of conflicts observed in breeding areas may aid in a partial understand- ing of this aspect of goldfinch behavior .... 
Since pair formation occurs while the birds are still in winter flocks, and since they usually forage in neutral areas which may be as far as ?/ mile from nest sites, the goldfinch territory functions mainly as a nesting area. The nests are fairly evenly spaced and, in the birds studied. were never less than 35 meters apart. This spacing is maintained by the males, each advertising and defending his territory by song flight. Occasional aggressive chases or actual fighting also occur within 5 meters of the nest. Linsdale (1957) has observed similar song flights and chases by male Lawrence's and Lesser goldfinches in the area immediately surrounding, the nest. The female American Goldfinch may chase other birds, but usually this occurs only when they approach the nest site during early stages of nesting. The lack of rigid territorial defense in goldfinches as compared with other fringillids may be a result of their tendency to feed in neutral areas some distance from the nest ....  
Both sexes exhibit territoriality to a limited extent, at least at the beginning of nesting. An area of about 10 meters in diameter around the nest site is defended against other members of the species by chasing and fighting by the male, with display flights account- ing for defense of an area about 30 meters in diameter surrounding the nest. The birds were found to range considerable distances from the nesting territories to forage. The female appears to be more often involved in conflicts with other species, apparently due to her increased aggressiveness during nesting combined with her isolation from other goldfinches.",https://www.jstor.org/stable/4159565,
Terr2_FS_CB_Species\seaspa_Seaside Sparrow.txt,Passerellidae,Ammospiza,1,0,2,B,0,A,2,2,1,,Seaside Sparrow,Ammodramus_maritimus,Seaside Sparrow_behavior_extraction.txt,2,0,Strong,MEDIUM,Strong,MEDIUM,FALSE,FALSE,"Seaside Sparrow is territorial, but often feeds at long distances from the defended space around its nest, a response to the wide separation of nesting and feeding areas in tidal zones",,Permissive,Strong,Medium,"Previous studies of the Seaside Sparrow have described territorial (Woolfenden 1956) and nonterritorial populations (Tomkins 1941). I compare neighboring populations of Seaside Sparrows having territories and grouped territories. Territories are large, all-purpose activity spaces in which the males defend an area around the nest. Both sexes feed in the defended area and in areas immediately adjacent to it. Birds nesting on grouped territories defend a small feeding area around the nest, but both sexes often forage on undefended common feeding grounds separated from the nest. The grouped territory form of social organization is probably intermediate between territorial and colonial organization (Lack 1968). ",https://esajournals.onlinelibrary.wiley.com/doi/abs/10.2307/1935147,
eurlin1_Eurasian Linnet.txt,Fringillidae,Linaria,1,0,2,A,0,A,2,1,1,,Eurasian Linnet,Carduelis_cannabina,Eurasian Linnet_behavior_extraction.txt,0,0,Strong,MEDIUM,Strong,MEDIUM,FALSE,FALSE,"Territorial; apparently defends nest and immediately surrounding area, which may include songposts; most foraging outside territory.; Solitary and semi-colonial",,Permissive,Strong,Medium,,,1
Terr2_FS_CB_Species\lalbun1_Lark-like Bunting.txt,Emberizidae,Emberiza,0,0,2,C,0,A,2,2,0,,Lark-like Bunting,Emberiza_impetuani,Lark-like Bunting_behavior_extraction.txt,0,0,Strong,MEDIUM,Strong,MEDIUM,FALSE,FALSE,"Territorial; male displays by singing from prominent perch, as well as in aerial display with slow, deep wingbeats.; Solitary, but nests often closely spaced (less than 20 m apart); Nomadic",,Permissive,Strong,Medium,,,
Terr2_FS_CB_Species\houbun2_Striolated Bunting.txt,Emberizidae,Emberiza,0,0,2,B,0,A,2,1,0,,Striolated Bunting,Emberiza_striolata,Striolated Bunting_behavior_extraction.txt,1,0,Strong,MEDIUM,Strong,MEDIUM,FALSE,FALSE,"Breeds singly; but occasionally in loose colonies with nests 10–30 m apart. Usually territorial; male advertises by singing from elevated perch, occasionally from ground.; resident, nomadic",,Permissive,Strong,Medium,,,colonial but actively territorial
Terr2_FS_CB_Species\yecbis_Yellow-crowned Bishop.txt,Ploceidae,Euplectes,0,0,2,B,0,A,2,1,0,,Yellow-crowned Bishop,Euplectes_afer,Yellow-crowned Bishop_behavior_extraction.txt,0,0,Strong,MEDIUM,Strong,MEDIUM,FALSE,FALSE,"Males territorial in small colonies, making fluffed flights at both rivals and females entering territory",,Permissive,Strong,Medium,,,"colonial, territorial"
Terr2_FS_CB_Species\labger1_Large-billed Gerygone.txt,Acanthizidae,Gerygone,1,0,2,B,0,A,3,1,1,,Large-billed Gerygone,Gerygone_magnirostris,Large-billed Gerygone_behavior_extraction.txt,4,2,Strong,MEDIUM,Strong,MEDIUM,FALSE,FALSE,"Solitary, but sometimes pairs close together (50 cm). Pair maintains territory.",,Permissive,Strong,Medium,,,
Terr2_FS_CB_Species\broger1_Brown Gerygone.txt,Acanthizidae,Gerygone,1,1,2,B,0,A,3,1,1,,Brown Gerygone,Gerygone_mouki,Brown Gerygone_behavior_extraction.txt,3,0,Z unclear,,Z unclear,,FALSE,FALSE,resident,cooperative,Permissive,Weak,Medium,"All the regular members except gerygones Gerygone
spp are monogamous and held territories. For reasons
which will become apparent, I consider that gerygones
are the nuclear species of the Small Insectivore Alliance.
So far only the Brown Gerygone G. mouki of Australia
has been shown as a cooperative breeder (Mackness 1976).",Bell 1982 V,
Terr2_FS_CB_Species\yelcan1_Yellow Canary.txt,Fringillidae,Crithagra,0,0,2,B,0,A,3,1,0,,Yellow Canary,Serinus_flaviventris,Yellow Canary_behavior_extraction.txt,0,0,Strong,Low,Z unclear,,TRUE,TRUE,"Solitary breeder; territorial; Resident and partial migrant, and nomadic in non-breeding season",territorial,Permissive,Weak,Medium,"""non-territorial Yellow Canary (Serinus flaviventris)"" (https://doi.org/10.2989/00306520409485452)",not helpful: https://journals.co.za/doi/pdf/10.10520/AJA0012723X_1520; not helpful: https://doi.org/10.1111/j.1095-8312.2007.00837.x ,
Terr2_FS_CB_Species\bawfly1_Black-and-white Shrike-flycatcher.txt,Vangidae,Bias,1,NA,2,B,0,B,3,2,1,,Black-and-white Shrike-flycatcher,Bias_musicus,Black-and-white Shrike-flycatcher_behavior_extraction.txt,0,0,Strong,HIGH,Strong,HIGH,FALSE,FALSE,"Highly territorial, aggressive towards other birds",,Exclusive,Strong,Medium,,,
Terr2_FS_CB_Species\comros_Common Rosefinch.txt,Fringillidae,Carpodacus,1,NA,2,A,0,A,2,3,1,,Common Rosefinch,Carpodacus_erythrinus,Common Rosefinch_behavior_extraction.txt,0,0,Strong,HIGH,Strong,HIGH,FALSE,FALSE,"defended by both sexes, mostly by male, defence gradually declining during fledging period; migratory",,Exclusive,Strong,Medium,,,
Terr2_FS_CB_Species\boboli_Bobolink.txt,Icteridae,Dolichonyx,0,NA,2,A,0,A,2,3,0,,Bobolink,Dolichonyx_oryzivorus,Bobolink_behavior_extraction.txt,9,1,Strong,HIGH,Strong,HIGH,FALSE,FALSE,"Territorial boundaries are easily determined by observing agonistic interactions.; Territory is vigorously defended until male begins feeding nestlings, when territorial maintenance abruptly ends",,Exclusive,Strong,Medium,,,
Terr2_FS_CB_Species\gryjay_Canada Jay.txt,Corvidae,Perisoreus,1,NA,2,A,0,A,3,1,1,,Canada Jay,Perisoreus_canadensis,Canada Jay_behavior_extraction.txt,1,0,Strong,HIGH,Strong,HIGH,FALSE,FALSE,Territories maintained by chasing intruders out as described above.,,Exclusive,Strong,Medium,,,
Terr2_FS_CB_Species\easblu_Eastern Bluebird.txt,Turdidae,Sialia,1,NA,2,A,0,A,2,2,1,,Eastern Bluebird,Sialia_sialis,Eastern Bluebird_behavior_extraction.txt,4,2,Strong,HIGH,Strong,HIGH,FALSE,FALSE,"Eastern bluebirds establish and maintain their territories by singing loudly, patrolling boundaries (both males and females), and directing aggressive defense at interlopers and potential interlopers",,Exclusive,Strong,Medium,,,
Terr2_FS_CB_Species\chispa_Chipping Sparrow.txt,Passerellidae,Spizella,0,NA,2,A,0,A,2,3,0,,Chipping Sparrow,Spizella_passerina,Chipping Sparrow_behavior_extraction.txt,4,2,Strong,HIGH,Strong,HIGH,FALSE,FALSE,"During breeding season, intolerant of conspecific intruders and nonfamily members on territory",,Exclusive,Strong,Medium,,,
Terr2_FS_CB_Species\kenwar_Kentucky Warbler.txt,Parulidae,Geothlypis,0,0,2,B,0,A,2,3,0,,Kentucky Warbler,Oporornis_formosus,Kentucky Warbler_behavior_extraction.txt,1,0,Strong,HIGH,Strong,HIGH,FALSE,FALSE,"Male and female adults are territorial on both breeding and wintering grounds, although males display more overt territorial behavior, especially during the first half of the breeding season.; On wintering grounds, males and females are highly sedentary and maintain territories or home ranges that they return to annually",,Exclusive,Strong,Medium,,,6 - worth putting in Terr level 3?
Terr2_FS_CB_Species\bewwre_Bewick's Wren.txt,Troglodytidae,Thryomanes,0,0,2,A,0,A,2,2,0,,Bewick's Wren,Thryomanes_bewickii,Bewick's Wren_behavior_extraction.txt,5,1,Strong,HIGH,Strong,HIGH,FALSE,FALSE,"In 3-yr study of a resident population in Oregon, banded males actively maintained breeding territories by song throughout the year and exhibited year-to-year tenacity to individual territories (number surviving year to year not given; Krieg 1971).; During the breeding season, male sings from many high perches in all parts of his territory. ; Territorial conflicts are vocal battles on boundaries, with male exhibiting strong reactions to other males",,Exclusive,Strong,High,,,6 - worth putting in Terr level 3?
Terr2_FS_CB_Species\redwat1_Red Wattlebird.txt,Meliphagidae,Anthochaera,1,0,2,B,1,A,3,2,2,,Red Wattlebird,Anthochaera_carunculata,Red Wattlebird_behavior_extraction.txt,0,0,Strong,HIGH,Strong,HIGH,FALSE,FALSE,"Often defends feeding territories, either solitarily or in pairs, from other nectarivorous birds.",,Exclusive,Strong,Medium,"Reported ""Territorial"": ""Location-Specific"", ""Repeated"", ""Aggression"", ""Dominance""",https://doi.org/10.1071/ZO9960297,
Terr2_FS_CB_Species\colsun2_Collared Sunbird.txt,Nectariniidae,Hedydipna,1,0,2,B,0,A,2,1,NA,,Collared Sunbird,Anthreptes_collaris,Collared Sunbird_behavior_extraction.txt,0,0,Strong,HIGH,Strong,HIGH,FALSE,FALSE,"Territorial males chase each other, while clicking wings;",,Exclusive,Strong,Medium,,,
Terr2_FS_CB_Species\yetpip1_Yellow-tufted Pipit.txt,Motacillidae,Anthus,0,0,2,B,0,A,2,1,0,,Yellow-tufted Pipit,Anthus_crenatus,Yellow-tufted Pipit_behavior_extraction.txt,4,2,Strong,HIGH,Strong,HIGH,FALSE,FALSE,"Males respond aggressively to the playback of conspecific calls.; individuals occupy large territories and generally occur sparssely in the landscape (see Demography). Asreported by several researchers, thespecies' aggressive res6 51 53ponse to playback is not surprising ( , , ). Males usually respond to playback by starting a song bout, and these have been reported to last as long as 40 minutes, much longer than the mean song bout of 7.8 minutes",,Exclusive,Strong,High,,,
Terr2_FS_CB_Species\reclar1_Red-capped Lark.txt,Alaudidae,Calandrella,0,0,2,B,0,A,2,2,0,,Red-capped Lark,Calandrella_cinerea,Red-capped Lark_behavior_extraction.txt,1,0,Strong,HIGH,Strong,HIGH,FALSE,FALSE,"Male vigorously proclaims territory with undulating aerial display like that of a pipit (Anthus), rising steeply up to 50 m from ground, then alternately fluttering and diving, singing almost continuously, for up to 10 minutes; sometimes resorts to fights on ground, with threat displays including crouched posture with fanned tail and raised, quivering wings; occasionally chases other species away from nest-site.",,Exclusive,Strong,High,,,
Terr2_FS_CB_Species\mcclon_Thick-billed Longspur.txt,Calcariidae,Rhynchophanes,0,0,2,B,0,A,2,3,0,,Thick-billed Longspur,Calcarius_mccownii,Thick-billed Longspur_behavior_extraction.txt,3,0,Strong,HIGH,Strong,HIGH,FALSE,FALSE,"Territories are discrete (i.e., non-overlapping) and are aggressively defended by males against conspecific males and sometimes other females (see Agonistic Behavior)",,Exclusive,Strong,High,,,
Terr2_FS_CB_Species\norcar_Northern Cardinal.txt,Cardinalidae,Cardinalis,1,0,2,A,0,A,3,1,1,,Northern Cardinal,Cardinalis_cardinalis,Northern Cardinal_behavior_extraction.txt,5,2,Strong,HIGH,Strong,HIGH,FALSE,FALSE,Defended territory sizes during breeding season range from 0.21 to 2.60 ha; Highly territorial during breeding season and in some populations outside of the breeding season,,Exclusive,Strong,High,,,
Terr2_FS_CB_Species\pyrrhu_Pyrrhuloxia.txt,Cardinalidae,Cardinalis,1,0,2,B,0,A,3,1,1,,Pyrrhuloxia,Cardinalis_sinuatus,Pyrrhuloxia_behavior_extraction.txt,0,0,Strong,HIGH,Strong,HIGH,FALSE,FALSE,"The social behavior of the Pyrrhuloxia changes between breeding and nonbreeding periods. In fall and winter, this species often forages in mixed-species flocks, hunting for seeds. In Texas and Arizona, flocks begin to break up in late February and early March, when males become aggressive, establish territories, and attract mates.",,Exclusive,Strong,High,,,
Terr2_FS_CB_Species\eurgol_European Goldfinch.txt,Fringillidae,Carduelis,1,0,2,A,0,A,2,1,1,,European Goldfinch,Carduelis_carduelis,European Goldfinch_behavior_extraction.txt,2,0,Strong,HIGH,Strong,HIGH,FALSE,FALSE,"Male sings inside and outside the breeding territory, most intense when the female is nest-building (including when escorting her on trips to collect material). Also sings during egg laying and incubation. Song thus serves to defend territory, and for mate attraction and rentention. Defends territory vigorously, and after a dispute, territory-owner returns to perch to sing or performs a Song flight",,Exclusive,Strong,High,,,
Terr2_FS_CB_Species\herthr_Hermit Thrush.txt,Turdidae,Catharus,0,0,2,B,0,A,2,3,0,,Hermit Thrush,Catharus_guttatus,Hermit Thrush_behavior_extraction.txt,6,4,Strong,HIGH,Strong,HIGH,FALSE,FALSE,Male arrives on breeding grounds before female and establishes and defends territory against conspecifics,,Exclusive,Strong,High,,,
Terr2_FS_CB_Species\shclar1_Short-clawed Lark.txt,Alaudidae,Certhilauda,0,0,2,A,0,A,3,1,0,,Short-clawed Lark,Certhilauda_chuana,Short-clawed Lark_behavior_extraction.txt,2,2,Strong,HIGH,Strong,HIGH,FALSE,FALSE,"Males defend territories ranging in size between c 4 and 10 ha, with territories generally being smaller in optimal habitat; males occupy and defend multi-purpose territories for feeding and breeding throughout the year and over successive years; Although females typically occupy a territory for only a single season, they also actively participate in activities associated with territorial defense.",,Exclusive,Strong,High,,,
Terr2_FS_CB_Species\y00415_Cape Long-billed Lark.txt,Alaudidae,Certhilauda,0,0,2,A,0,A,3,1,0,,Cape Long-billed Lark,Certhilauda_curvirostris,Cape Long-billed Lark_behavior_extraction.txt,2,1,Strong,HIGH,Strong,HIGH,FALSE,FALSE,Males defend non-overlapping territories,,Exclusive,Strong,High,,,
Terr2_FS_CB_Species\rufson1_Rufous Songlark.txt,Locustellidae,Cincloramphus,0,0,2,A,0,A,2,3,0,,Rufous Songlark,Cincloramphus_mathewsi,Rufous Songlark_behavior_extraction.txt,1,0,Strong,HIGH,Strong,HIGH,FALSE,FALSE,"Strongly polygamous, some males mating with three or more females, and quite pugnacious and persistent in chasing away other males that approach territories.",,Exclusive,Strong,High,,,1
Terr2_FS_CB_Species\amedip_American Dipper.txt,Cinclidae,Cinclus,1,0,2,A,0,A,3,1,1,,American Dipper,Cinclus_mexicanus,American Dipper_behavior_extraction.txt,3,0,Strong,HIGH,Strong,HIGH,FALSE,FALSE,"strongly territorial during the breeding period, seldom moving beyond territory borders",,Exclusive,Strong,Medium,,,
Terr2_FS_CB_Species\wiscis1_Wing-snapping Cisticola.txt,Cisticolidae,Cisticola,0,0,2,A,0,A,3,1,0,,Wing-snapping Cisticola,Cisticola_ayresii,Wing-snapping Cisticola_behavior_extraction.txt,2,0,Strong,HIGH,Strong,HIGH,FALSE,FALSE,"Territorial in breeding season, males undertake aggressive aerial chases, low over ground.",,Exclusive,Strong,Medium,"Cisticolas are generally solitary, territorial breeders, with the exception of C. exilis and C. juncidis (Zitting Cisticola); perhaps both C. aridulus (Desert Cisticola) and C. ayresii (Wing-snapping Cisticola), which might be polygamous at least some of the time (Ryan, 2006); and C. chiniana (Rattling Cisticola), where a coalition of males seems to hold and defend communal territories (Carlson, 1986). C",http://hdl.handle.net/11427/15462,
Terr2_FS_CB_Species\zitcis1_Zitting Cisticola.txt,Cisticolidae,Cisticola,0,0,2,B,0,A,2,3,0,,Zitting Cisticola,Cisticola_juncidis,Zitting Cisticola_behavior_extraction.txt,2,1,Strong,HIGH,Strong,HIGH,FALSE,FALSE,"Male territorial; flies 10–15 m above ground in dipping display flight, singing, for up to 5 minutes, each song note synchronized with a burst of wingbeats; in France males with larger territories spend more time in displaying and sing faster than do males with small territories",,Permissive,Weak,Low,"Cisticolas are generally solitary, territorial breeders, with the exception of C. exilis and C. juncidis (Zitting Cisticola); perhaps both C. aridulus (Desert Cisticola) and C. ayresii (Wing-snapping Cisticola), which might be polygamous at least some of the time (Ryan, 2006); and C. chiniana (Rattling Cisticola), where a coalition of males seems to hold and defend communal territories (Carlson, 1986). C",http://hdl.handle.net/11427/15462,
Terr2_FS_CB_Species\marwre_Marsh Wren.txt,Troglodytidae,Cistothorus,0,0,2,B,0,A,2,2,0,,Marsh Wren,Cistothorus_palustris,Marsh Wren_behavior_extraction.txt,4,4,Strong,HIGH,Strong,HIGH,FALSE,FALSE,"Most territorial defense occurs early in season, before egg-laying begins; males chase each other throug contested portions of territory and often sing vigorously during such encounters.",,Exclusive,Strong,High,,,
Terr2_FS_CB_Species\chswar_Chestnut-sided Warbler.txt,Parulidae,Setophaga,1,0,2,A,0,A,2,3,1,,Chestnut-sided Warbler,Dendroica_pensylvanica,Chestnut-sided Warbler_behavior_extraction.txt,2,0,Strong,HIGH,Strong,HIGH,FALSE,FALSE,Male establishes territory by continuous singing and aggression after arrival from winter grounds and before arrival of female.,,Exclusive,Strong,Medium,,,
Terr2_FS_CB_Species\capbun1_Cape Bunting.txt,Emberizidae,Emberiza,0,0,2,C,0,A,3,1,0,,Cape Bunting,Emberiza_capensis,Cape Bunting_behavior_extraction.txt,5,3,Strong,HIGH,Strong,HIGH,FALSE,FALSE,Song is used during courtship and territorial defense; Monogamous and territorial; nests solitarily,,Exclusive,Strong,Medium,,,
Terr2_FS_CB_Species\blbsic1_Black-billed Sicklebill.txt,Paradisaeidae,Drepanornis,0,0,2,B,0,A,1,1,0,,Black-billed Sicklebill,Epimachus_albertisi,Black-billed Sicklebill_behavior_extraction.txt,0,0,Strong,HIGH,Strong,HIGH,FALSE,FALSE,"Adult male territorial, occupying and defending large display/foraging all-purpose territory all year",,Exclusive,Strong,Medium,,,
Terr2_FS_CB_Species\pabsic1_Pale-billed Sicklebill.txt,Paradisaeidae,Drepanornis,0,0,2,B,0,A,1,1,0,,Pale-billed Sicklebill,Epimachus_bruijnii,Pale-billed Sicklebill_behavior_extraction.txt,0,0,Strong,HIGH,Strong,HIGH,FALSE,FALSE,"Adult male territorial, exclusively occupying and defending large area used for both display and foraging (some sharing of foraging range at least as part of mixed flocks); patrols territory daily, singing at different points and counter-singing and counter-displaying to neighbouring rival males",,Exclusive,Strong,High,,,
Terr2_FS_CB_Species\ryurob2_Ryukyu Robin.txt,Muscicapidae,Larvivora,1,0,2,B,0,A,3,1,1,,Ryukyu Robin,Erithacus_komadori,Ryukyu Robin_behavior_extraction.txt,0,0,Strong,HIGH,Strong,HIGH,FALSE,FALSE,Territorial; both sexes will defend territory,,Exclusive,Strong,High,,,
Terr2_FS_CB_Species\recwid3_Red-collared Widowbird.txt,Ploceidae,Euplectes,0,0,2,B,0,A,2,1,0,,Red-collared Widowbird,Euplectes_ardens,Red-collared Widowbird_behavior_extraction.txt,0,0,Strong,HIGH,Strong,HIGH,FALSE,FALSE,"Males with large red collars held larger territories and reacted more vigorously to models with large collars, but the collar is apparently not significant to females (male tail length is the main factor in female mate choice).",,Exclusive,Strong,Medium,,,
narfly2_Narcissus Flycatcher.txt,Muscicapidae,Ficedula,1,0,2,B,0,A,3,3,1,,Narcissus Flycatcher,Ficedula_narcissina,Narcissus Flycatcher_behavior_extraction.txt,1,0,Strong,HIGH,Strong,HIGH,FALSE,FALSE,"In experiments, playback of present species' song to Green-backed Flycatcher (F. elisae) and Ryukyu Flycatcher (F. owstoni), and the converse playback, resulted in no reaction from individuals (whereas playback of song to a conspecific produced aggressive displays).; Migratory",,Exclusive,Strong,Medium,,,
Terr2_FS_CB_Species\comyel_Common Yellowthroat.txt,Parulidae,Geothlypis,1,0,2,A,0,A,2,3,1,,Common Yellowthroat,Geothlypis_trichas,Common Yellowthroat_behavior_extraction.txt,17,7,Strong,HIGH,Strong,HIGH,FALSE,FALSE,"Males sing from several song perches in territory; Regular-volume Perch Songs are likely important in territory defense ( hison 1995), a conclusion further supported by the aggressive response of male yellowthroats to the playback of conspecific songs in their territories ( Wunderle 1978a).",,Exclusive,Strong,High,,,
Terr2_FS_CB_Species\rcatan1_Red-crowned Ant-Tanager.txt,Cardinalidae,Habia,0,0,2,A,0,A,3,1,0,,Red-crowned Ant-Tanager,Habia_rubica,Red-crowned Ant-Tanager_behavior_extraction.txt,0,0,Strong,HIGH,Strong,HIGH,FALSE,FALSE,Pair defends a breeding territory.; family-members may forage together along territorial boundaries when not breeding,,Exclusive,Strong,Medium,,,
Terr2_FS_CB_Species\woothr_Wood Thrush.txt,Turdidae,Hylocichla,0,0,2,A,0,A,2,3,0,,Wood Thrush,Hylocichla_mustelina,Wood Thrush_behavior_extraction.txt,3,0,Strong,HIGH,Strong,HIGH,FALSE,FALSE,"Males establish and defend the territories; most countersing during breeding season in response to conspecific song nearby, even after female is incubating, suggests territorial function; territorial males attack models of Wood Thrush if Wood Thrush song accompanies them but not if other songs are played;  Males, and occasionally females, respond agonistically to new conspecifics, models, and playbacks of songs and calls",,Exclusive,Strong,Medium,,,
Terr2_FS_CB_Species\audori_Audubon's Oriole.txt,Icteridae,Icterus,1,0,2,B,0,A,2,1,1,,Audubon's Oriole,Icterus_graduacauda,Audubon's Oriole_behavior_extraction.txt,8,2,Strong,HIGH,Strong,HIGH,FALSE,FALSE,"Interactions with conspecifics rare during May-Jul; only chasing observed, in which one bird flies at another. Presumed territorial interactions involve males and females singing to each other from perches near nests. Agonisticresponses toward intrudingconspecifics often involve rapid percchhanges (usually by short, flightless hops), accompanied by alarm calls.; Nests not found near each other, and birds in different pairs exchange songs, suggesting defense of some type of territory.",,Exclusive,Strong,Medium,,,1
Terr2_FS_CB_Species\monori1_Montserrat Oriole.txt,Icteridae,Icterus,1,0,2,B,0,A,3,1,1,,Montserrat Oriole,Icterus_oberi,Montserrat Oriole_behavior_extraction.txt,0,0,Strong,HIGH,Strong,HIGH,FALSE,FALSE,"Defends territory aggressively against conspecific intruders during the breeding season. Although birds are present in territories year-round, territories appear to be less important outside the main breeding season, and the territorial response can be much reduced or completely lacking.",,Exclusive,Strong,Medium,,,
Terr2_FS_CB_Species\daejun_Dark-eyed Junco.txt,Passerellidae,Junco,1,0,2,A,0,A,3,3,1,,Dark-eyed Junco,Junco_hyemalis,Dark-eyed Junco_behavior_extraction.txt,11,5,Strong,HIGH,Strong,HIGH,FALSE,FALSE,"Territorial intrusions (most common when territorial male's female is fertile) may lead to rapid aggressive chases, usually without physical contact.",,Exclusive,Strong,Medium,,,
Terr2_FS_CB_Species\norshr1_Great Gray Shrike.txt,Laniidae,Lanius,1,0,2,B,0,A,3,3,1,,Great Gray Shrike,Lanius_excubitor,Great Gray Shrike_behavior_extraction.txt,1,0,Strong,HIGH,Strong,HIGH,FALSE,FALSE,Strictly territorial breeder.,,Exclusive,Strong,Medium,,,
Terr2_FS_CB_Species\ruewar2_Rufous-eared Warbler.txt,Cisticolidae,Malcorus,0,0,2,B,0,A,3,1,0,,Rufous-eared Warbler,Malcorus_pectoralis,Rufous-eared Warbler_behavior_extraction.txt,1,0,Strong,HIGH,Strong,HIGH,FALSE,FALSE,"Male advertises territory by singing from low perch; when confronted by intruder, often clambers up through a bush to scan territory, then flies low and fast towards intruder",,Exclusive,Strong,Medium,,,
Terr2_FS_CB_Species\swaspa_Swamp Sparrow.txt,Passerellidae,Melospiza,0,0,2,B,0,A,2,3,0,,Swamp Sparrow,Melospiza_georgiana,Swamp Sparrow_behavior_extraction.txt,0,0,Strong,HIGH,Strong,HIGH,FALSE,FALSE,Territory boundaries generally well deﬁned by song-posts used by territorial males.,,Exclusive,Strong,Medium,,,
Terr2_FS_CB_Species\linspa_Lincoln's Sparrow.txt,Passerellidae,Melospiza,0,0,2,B,0,A,2,3,0,,Lincoln's Sparrow,Melospiza_lincolnii,Lincoln's Sparrow_behavior_extraction.txt,2,0,Strong,HIGH,Strong,HIGH,FALSE,FALSE,"When second broods are attempted, however, territorial behaviors (singing, agonistic interactions, mate-guarding) increase near the end of nesting, and territories are retained, even if a second clutch is not successfully initiated (EMA)",,Exclusive,Strong,Medium,,,
Terr2_FS_CB_Species\spemon1_Australian Spectacled Monarch.txt,Monarchidae,Symposiachrus,1,0,2,B,0,A,3,1,NA,,Australian Spectacled Monarch,Monarcha_trivirgatus,Australian Spectacled Monarch_behavior_extraction.txt,0,0,Strong,HIGH,Strong,HIGH,FALSE,FALSE,Territorial; male vigorously defends territory against rivals.,,Exclusive,Strong,Medium,,,
Terr2_FS_CB_Species\japwag1_Japanese Wagtail.txt,Motacillidae,Motacilla,1,0,2,B,0,A,2,1,1,,Japanese Wagtail,Motacilla_grandis,Japanese Wagtail_behavior_extraction.txt,1,0,Strong,HIGH,Strong,HIGH,FALSE,FALSE,"Normally solitary, and territorial, aggressive towards conspecifics and congeners",,Exclusive,Strong,Medium,,,
Terr2_FS_CB_Species\nigfin1_Inaccessible Island Finch.txt,Thraupidae,Nesospiza,0,0,2,B,0,B,3,1,0,,Inaccessible Island Finch,Nesospiza_acunhae,Inaccessible Island Finch_behavior_extraction.txt,1,0,Strong,HIGH,Strong,HIGH,FALSE,FALSE,"Territorial, both sexes repelling intruders.; Mostly resident",,Exclusive,Strong,Medium,,,1
Terr2_FS_CB_Species\humwhe2_Hume's Wheatear.txt,Muscicapidae,Oenanthe,0,0,2,B,0,A,2,2,0,,Hume's Wheatear,Oenanthe_albonigra,Hume's Wheatear_behavior_extraction.txt,2,0,Strong,HIGH,Strong,HIGH,FALSE,FALSE,"On wintering grounds both sexes defend individual territories.; Defends year-round territory against congeners and similar birds, interspecific boundaries excluding O. finschii and and O. chrysopygia",,Exclusive,Strong,High,,,1
mouwhe2_Mourning Wheatear.txt,Muscicapidae,Oenanthe,1,0,2,B,0,A,2,1,1,,Mourning Wheatear,Oenanthe_lugens,Mourning Wheatear_behavior_extraction.txt,0,0,Strong,HIGH,Strong,HIGH,FALSE,FALSE,"In territorial disputes can become continuous, with much mimicry; Subsong, commonly in Oct–Feb but also in territorial disputes",,Exclusive,Strong,Medium,,,
Terr2_FS_CB_Species\norwhe_Northern Wheatear.txt,Muscicapidae,Oenanthe,1,0,2,B,0,A,2,3,1,,Northern Wheatear,Oenanthe_oenanthe,Northern Wheatear_behavior_extraction.txt,10,2,Strong,HIGH,Strong,HIGH,FALSE,FALSE,"Conspecific males are highly aggressive to one another; females interact less frequently. A paired male may help his mate repel an invading female, but she does not help expel males; Fights usually start over territorial disputes when an intruder persists after threats have been made",,Exclusive,Strong,High,,,
Terr2_FS_CB_Species\mouwar_Mourning Warbler.txt,Parulidae,Geothlypis,0,0,2,B,0,A,2,3,0,,Mourning Warbler,Oporornis_philadelphia,Mourning Warbler_behavior_extraction.txt,4,0,Strong,HIGH,Strong,HIGH,FALSE,FALSE,"Estimates of breeding territory size; Family groups remain in close contact around nesting territory for 3 wk after fledging; Only males sing. Song presumably advertises territorial and sexual status; migratory; Territorial encounters usually involve males only, females rarely. Wing-flipping and tail-flipping displays, chasing and chip notes are used during conflicts between conspecific males. Deserves further study.",,Exclusive,Strong,Medium,,,1
eugori2_Eurasian Golden Oriole.txt,Oriolidae,Oriolus,1,0,2,A,0,A,3,3,1,,Eurasian Golden Oriole,Oriolus_oriolus,Eurasian Golden Oriole_behavior_extraction.txt,1,0,Strong,HIGH,Strong,HIGH,FALSE,FALSE,"After arriving on territory, male starts singing and chases away intruders, including conspecifics and potential mammalian and avian predators",,Exclusive,Strong,Medium,,,
Terr2_FS_CB_Species\bkcchi_Black-capped Chickadee.txt,Paridae,Poecile,1,0,2,A,0,A,3,1,NA,,Black-capped Chickadee,Parus_atricapillus,Black-capped Chickadee_behavior_extraction.txt,9,2,Strong,HIGH,Strong,HIGH,FALSE,FALSE,Individuals ending the winter as members of high-ranked pairs usually obtain breeding territories within their winter flock range. Lower-ranked birds may be driven away in the spring due to territorial behavior of higher-ranked pairs,,Exclusive,Strong,Medium,,,
Terr2_FS_CB_Species\gretit1_Great Tit.txt,Paridae,Parus,1,0,2,A,0,A,2,1,1,,Great Tit,Parus_major,Great Tit_behavior_extraction.txt,10,4,Strong,HIGH,Strong,HIGH,FALSE,FALSE,"In Western Europe, it is territorial only during the breeding season. Territories are formed within several weeks of the breakup of winter foraging flocks. Older birds reestablish the same territories. Territory boundaries are strongest during nest building, and decline during incubation. In Israel, the Great Tit is territorial year-round",,Exclusive,Strong,Medium,,,
Terr2_FS_CB_Species\lazbun_Lazuli Bunting.txt,Cardinalidae,Passerina,0,0,2,A,0,A,2,3,0,,Lazuli Bunting,Passerina_amoena,Lazuli Bunting_behavior_extraction.txt,4,0,Strong,HIGH,Strong,HIGH,FALSE,FALSE,"Establishes and maintains territory by counter-singing, chasing, and threat-posturing with neighboring and ""floater"" males; Female also defends territory, chases intruding females, and produces Chip and Cheet calls in response to tape-recorded female Chip Calls.",,Exclusive,Strong,Medium,,,
Terr2_FS_CB_Species\paibun_Painted Bunting.txt,Cardinalidae,Passerina,0,0,2,B,0,A,2,3,0,,Painted Bunting,Passerina_ciris,Painted Bunting_behavior_extraction.txt,1,0,Strong,HIGH,Strong,HIGH,FALSE,FALSE,Vigorously defends territories and chases trespassing males,,Exclusive,Strong,High,,,
Terr2_FS_CB_Species\recrob1_Red-capped Robin.txt,Petroicidae,Petroica,1,0,2,A,0,A,3,1,1,,Red-capped Robin,Petroica_goodenovii,Red-capped Robin_behavior_extraction.txt,1,0,Strong,HIGH,Strong,HIGH,FALSE,FALSE,"Territory defended throughout year if pair sedentary; where not sedentary, male occupies territory soon after arrival at breeding grounds",,Exclusive,Strong,Medium,,,
Terr2_FS_CB_Species\robgro_Rose-breasted Grosbeak.txt,Cardinalidae,Pheucticus,1,0,2,B,0,A,3,3,1,,Rose-breasted Grosbeak,Pheucticus_ludovicianus,Rose-breasted Grosbeak_behavior_extraction.txt,8,2,Strong,HIGH,Strong,HIGH,FALSE,FALSE,Species is territorial; delayed plumage maturation of males suggests individuals may sometimes be limited in access to territories.; Attacks rarely physical; most encounters involve chasing and fleeing. Seventy-seven percent of 266 intraspecific territorial interactions were attacks without display; Resident female drives out new females approaching resident male ; Song is most important display in establishing and maintaining a territory,,Exclusive,Strong,Medium,,,
Terr2_FS_CB_Species\bkhgro_Black-headed Grosbeak.txt,Cardinalidae,Pheucticus,1,0,2,A,0,A,3,3,1,,Black-headed Grosbeak,Pheucticus_melanocephalus,Black-headed Grosbeak_behavior_extraction.txt,0,0,Strong,HIGH,Strong,HIGH,FALSE,FALSE,Highly territorial. Males defend rather stable boundaries against all male intruders,,Exclusive,Strong,Medium,,,
Terr2_FS_CB_Species\comred2_Common Redstart.txt,Muscicapidae,Phoenicurus,1,0,2,A,0,A,2,3,1,,Common Redstart,Phoenicurus_phoenicurus,Common Redstart_behavior_extraction.txt,8,2,Strong,HIGH,Strong,HIGH,FALSE,FALSE,Pairs maintain intraspecific territories during the breeding season,,Exclusive,Strong,Medium,,,
Terr2_FS_CB_Species\nehhon2_New Holland Honeyeater.txt,Meliphagidae,Phylidonyris,0,0,2,A,0,A,3,2,0,,New Holland Honeyeater,Phylidonyris_novaehollandiae,New Holland Honeyeater_behavior_extraction.txt,1,0,Strong,HIGH,Strong,HIGH,FALSE,FALSE,"Singletons or (especially when breeding) pairs defend feeding territory, either throughout year (but with variation in intensity and duration of defence) or only for short periods, by attacking and chasing intruders, also displacing other birds, and occasionally fighting; small groups also seen to defend territory; territorial behaviour and social organization vary with abundance of conspecifics and other nectarivores in avian community (e.g. small honeyeaters usually readily driven off, but larger Anthochaera wattlebirds and Glossopsitta lorikeets difficult to evict)",,Exclusive,Strong,Medium,,https://doi.org/10.1071/ZO9960297,
Terr2_FS_CB_Species\comchi1_Common Chiffchaff.txt,Phylloscopidae,Phylloscopus,1,0,2,B,0,A,2,3,1,,Common Chiffchaff,Phylloscopus_collybita,Common Chiffchaff_behavior_extraction.txt,5,2,Strong,HIGH,Strong,HIGH,FALSE,FALSE,Territory advertised and fiercely defended by male from tops of prominent perches; boundary disputes common,,Exclusive,Strong,Medium,,,
Terr2_FS_CB_Species\grewar3_Greenish Warbler.txt,Phylloscopidae,Phylloscopus,1,0,2,B,0,A,2,3,1,,Greenish Warbler,Phylloscopus_trochiloides,Greenish Warbler_behavior_extraction.txt,1,0,Strong,HIGH,Strong,HIGH,FALSE,FALSE,"Territorial; nesting territory defended by male mainly by continued calling and agitated wing-flicking, also by chasing intruder; Establishes and defends feeding territory in wintering area.",,Exclusive,Strong,Medium,,,1
Terr2_FS_CB_Species\wlwwar_Willow Warbler.txt,Phylloscopidae,Phylloscopus,1,0,2,B,0,A,2,3,1,,Willow Warbler,Phylloscopus_trochilus,Willow Warbler_behavior_extraction.txt,0,0,Strong,HIGH,Strong,HIGH,FALSE,FALSE,"Territory defended aggressively, and fights frequent, particularly in areas of high population density; boundary disputes may continue up to stage of hatching of eggs",,Exclusive,Strong,Medium,,,
Terr2_FS_CB_Species\pingro_Pine Grosbeak.txt,Fringillidae,Pinicola,1,0,2,A,0,A,3,2,1,,Pine Grosbeak,Pinicola_enucleator,Pine Grosbeak_behavior_extraction.txt,9,0,Strong,HIGH,Strong,HIGH,FALSE,FALSE,Strongly territorial in breeding season. Males appear to defend territories of about 400 m diameter by singing from tops of conifers.,,Exclusive,Strong,Medium,,,
Terr2_FS_CB_Species\eastow_Eastern Towhee.txt,Passerellidae,Pipilo,1,0,2,A,0,A,3,2,1,,Eastern Towhee,Pipilo_erythrophthalmus,Eastern Towhee_behavior_extraction.txt,10,2,Strong,HIGH,Strong,HIGH,FALSE,FALSE,"Territorial behavior may regularize dispersion of territories within habitats; Largely solitary, or associates in pairs on territories during the breeding season; Functions as a threat in male-male boundary disputes, or as pre-attack signal when an intruder is discovered in the territory.",,Exclusive,Strong,Medium,,,
Terr2_FS_CB_Species\spotow_Spotted Towhee.txt,Passerellidae,Pipilo,1,0,2,A,0,A,3,2,1,,Spotted Towhee,Pipilo_maculatus,Spotted Towhee_behavior_extraction.txt,2,0,Strong,HIGH,Strong,HIGH,FALSE,FALSE,"Territoriality is seasonal, even in resident population studied in central, coastal California (19, J. Davis in 71). During fall and winter in this population, no evidence of territorial behavior; birds were quiet and little aggression was noted. Territoriality became apparent in Feb as males localized their activities, sang persistently, and chased away intruding males.",,Exclusive,Strong,Medium,,,
Terr2_FS_CB_Species\scatan_Scarlet Tanager.txt,Cardinalidae,Piranga,1,0,2,B,1,A,2,3,2,,Scarlet Tanager,Piranga_olivacea,Scarlet Tanager_behavior_extraction.txt,4,0,Strong,HIGH,Strong,HIGH,FALSE,FALSE,"migrant; Scarlet Tanager is monogamous and aggressively territorial throughout its range, seldom occurring in high densities",,Exclusive,Strong,Medium,,,
Terr2_FS_CB_Species\snobun_Snow Bunting.txt,Calcariidae,Plectrophenax,1,0,2,A,0,A,2,3,1,,Snow Bunting,Plectrophenax_nivalis,Snow Bunting_behavior_extraction.txt,3,0,Strong,HIGH,Strong,HIGH,FALSE,FALSE,"low fidelity to breeding site; mostly migratory; Songs are given to attract females and apparently to advertise territoriality to other males; responses are evoked from neighboring males especially when they are given on a neighbor's territory, where they usually induce attack",,Exclusive,Strong,Medium,,,1
Terr2_FS_CB_Species\blfbul1_Black-fronted Bulbul.txt,Pycnonotidae,Pycnonotus,1,0,2,B,0,A,3,1,1,,Black-fronted Bulbul,Pycnonotus_nigricans,Black-fronted Bulbul_behavior_extraction.txt,0,0,Strong,HIGH,Strong,HIGH,FALSE,FALSE,"Solitary nester, adjacent pairs at least 50–100 m apart; territorial during breeding season",,Exclusive,Strong,Low,,,
Terr2_FS_CB_Species\amered_American Redstart.txt,Parulidae,Setophaga,1,0,2,A,0,A,2,3,1,,American Redstart,Setophaga_ruticilla,American Redstart_behavior_extraction.txt,2,0,Strong,HIGH,Strong,HIGH,FALSE,FALSE,"Individuals of both sexes use variety of vocalizations, aerial displays, postures, and combinations thereof to defend territorial boundaries in summer (see Agonistic Behavior)",,Exclusive,Strong,Medium,,,
Terr2_FS_CB_Species\clcspa_Clay-colored Sparrow.txt,Passerellidae,Spizella,0,0,2,B,0,A,2,3,0,,Clay-colored Sparrow,Spizella_pallida,Clay-colored Sparrow_behavior_extraction.txt,10,0,Strong,HIGH,Strong,HIGH,FALSE,FALSE,"This is one of the few grassland species to forage off its breeding territory, so defended territories can be very small.; migrant; Male advertises territory by singing from perch 0.5–3 m above ground; Males sing also in territorial disputes; Overt aggression displayed among males during territory establishment, otherwise generally absent",,Exclusive,Strong,Medium,,,
Terr2_FS_CB_Species\fiespa_Field Sparrow.txt,Passerellidae,Spizella,0,0,2,B,0,A,2,2,0,,Field Sparrow,Spizella_pusilla,Field Sparrow_behavior_extraction.txt,6,2,Strong,HIGH,Strong,HIGH,FALSE,FALSE,"206 banded males defended territory on the site for all or part of a breeding season; males chase conspecific males that enter their territories; occasionally involving midair contact, grappling with beak and legs, and tumbling to the ground",,Exclusive,Strong,Medium,,,
Terr2_FS_CB_Species\easmea_Eastern Meadowlark.txt,Icteridae,Sturnella,1,0,2,B,0,A,2,2,1,,Eastern Meadowlark,Sturnella_magna,Eastern Meadowlark_behavior_extraction.txt,3,0,Strong,HIGH,Strong,HIGH,FALSE,FALSE,"Males alone establish and defend territories, for up to 4 wk prior to arrival of females and until ﬂedging of ﬁnal brood. Defense is most intense preceding incubation of ﬁrst clutch, with secondary peaks preceding subsequent nesting attempts.",,Exclusive,Strong,Medium,,,
Terr2_FS_CB_Species\wesmea_Western Meadowlark.txt,Icteridae,Sturnella,0,0,2,B,0,A,2,2,0,,Western Meadowlark,Sturnella_neglecta,Western Meadowlark_behavior_extraction.txt,2,0,Strong,HIGH,Strong,HIGH,FALSE,FALSE,"Males have multipurpose territories within which they gather food, mate, and rear young, and which they defend against intruding meadowlarks.",,Exclusive,Strong,Medium,,,
Terr2_FS_CB_Species\wallcr1_Wallcreeper.txt,Tichodromidae,Tichodroma,1,0,2,B,0,A,2,2,1,,Wallcreeper,Tichodroma_muraria,Wallcreeper_behavior_extraction.txt,1,1,Strong,HIGH,Strong,HIGH,FALSE,FALSE,"defends individual feeding territories in winter ; Outside breeding period, song (given by both sexes) apparently serves mainly to advertise territory;  Both sexes sing, female mainly on winter territory; male probably in main to attract a female, but also to proclaim territory, and when disturbed around the nest; solitary and territorial breeder",,Exclusive,Strong,Medium,,,1 - territorial female song in winter
Terr2_FS_CB_Species\houwre5_Cobb's Wren.txt,Troglodytidae,Troglodytes,0,0,2,B,0,A,3,1,0,,Cobb's Wren,Troglodytes_cobbi,Cobb's Wren_behavior_extraction.txt,0,0,Strong,HIGH,Strong,HIGH,FALSE,FALSE,"Strongly territorial during breeding, faithful to territory from year to year.; sedentary",,Exclusive,Strong,Medium,,,
Terr2_FS_CB_Species\redwin_Redwing.txt,Turdidae,Turdus,0,0,2,B,0,A,2,3,0,,Redwing,Turdus_iliacus,Redwing_behavior_extraction.txt,1,0,Strong,HIGH,Strong,HIGH,FALSE,FALSE,"Territory defense; when rival appears, resident approaches and sings louder until the intruder withdraws (20).",,Exclusive,Strong,Medium,,,
Terr2_FS_CB_Species\misthr1_Mistle Thrush.txt,Turdidae,Turdus,0,0,2,B,0,A,3,1,0,,Mistle Thrush,Turdus_viscivorus,Mistle Thrush_behavior_extraction.txt,0,0,Strong,HIGH,Strong,HIGH,FALSE,FALSE,"Strongly territorial, nest territory generally fairly small",,Exclusive,Strong,Medium,,,
Terr2_FS_CB_Species\tenwar_Tennessee Warbler.txt,Parulidae,Leiothlypis,0,0,2,B,0,A,2,3,0,,Tennessee Warbler,Vermivora_peregrina,Tennessee Warbler_behavior_extraction.txt,2,2,Strong,HIGH,Strong,HIGH,FALSE,FALSE,"Frequent countersinging between males on adjacent breeding territories in n. Ontario ; Chasing and fighting reported on wintering grounds where individuals defend nectar source or attempt to gain access to defended nectar source; Little information, but territorial during breeding season, as suggested by repeated observations of singing males during territory-mapping censuses",,Exclusive,Strong,Medium,,,
Terr2_FS_CB_Species\iiwi_Iiwi.txt,Fringillidae,Drepanis,1,0,2,A,0,A,3,1,1,,Iiwi,Vestiaria_coccinea,Iiwi_behavior_extraction.txt,2,2,Strong,HIGH,Strong,HIGH,FALSE,FALSE,"Both sexes defend small territory around nest during breeding season, size of which depends on available singing perches nearby; Nesting territories are generally defended by the male, which intruder comes close to the nest",,Exclusive,Strong,Medium,,,
Terr2_FS_CB_Species\bkcvir1_Black-capped Vireo.txt,Vireonidae,Vireo,0,0,2,B,0,A,2,3,0,,Black-capped Vireo,Vireo_atricapilla,Black-capped Vireo_behavior_extraction.txt,0,0,Strong,HIGH,Strong,HIGH,FALSE,FALSE,"Males maintain territories primarily by monitoring their boundaries, using song, agonistic displays, and physical contact (see Agonistic Behavior above)",,Exclusive,Strong,Medium,,,
Terr2_FS_CB_Species\belvir_Bell's Vireo.txt,Vireonidae,Vireo,1,0,2,B,0,A,2,3,1,,Bell's Vireo,Vireo_bellii,Bell's Vireo_behavior_extraction.txt,1,0,Strong,HIGH,Strong,HIGH,FALSE,FALSE,Males establish breeding territories through disputes with neighboring males involving physical contact and high-intensity singing,,Exclusive,Strong,Medium,,,
Terr2_FS_CB_Species\reevir1_Red-eyed Vireo.txt,Vireonidae,Vireo,0,0,2,A,0,A,2,3,0,,Red-eyed Vireo,Vireo_olivaceus,Red-eyed Vireo_behavior_extraction.txt,11,2,Strong,HIGH,Strong,HIGH,FALSE,FALSE,"During breeding period, male defends territory against other males.; Male establishes and maintains territory by singing from treetops around territory periphery ( 7). Intruding males met with threat postures, supplanting, chases, pecking, and grappling",,Exclusive,Strong,High,,,
Terr2_FS_CB_Species\phivir_Philadelphia Vireo.txt,Vireonidae,Vireo,0,0,2,B,0,A,2,3,0,,Philadelphia Vireo,Vireo_philadelphicus,Philadelphia Vireo_behavior_extraction.txt,0,0,Strong,HIGH,Strong,HIGH,FALSE,FALSE,"Defends all-purpose breeding territories for feeding and nesting against conspecifics and, occasionally, heterospecifics.; migratory",,Exclusive,Strong,Medium,,,
Terr2_FS_CB_Species\plsvir_Plumbeous Vireo.txt,Vireonidae,Vireo,0,0,2,B,0,A,2,3,0,,Plumbeous Vireo,Vireo_plumbeus,Plumbeous Vireo_behavior_extraction.txt,4,1,Strong,HIGH,Strong,HIGH,FALSE,FALSE,Males defend breeding territories against other males,,Exclusive,Strong,Medium,,,
Terr2_FS_CB_Species\yehbla_Yellow-headed Blackbird.txt,Icteridae,Xanthocephalus,1,0,2,A,0,A,2,2,1,,Yellow-headed Blackbird,Xanthocephalus_xanthocephalus,Yellow-headed Blackbird_behavior_extraction.txt,2,0,Strong,HIGH,Strong,HIGH,FALSE,FALSE,"Males establish territories that are defended against other males. Breeding is characterized as being in grouped territories, when most of the food resources are obtained within the territory, or loosely colonial, when most food resources are obtained outside the territory.; Females maintain 'territories' within a small area surrounding their nest site but do not respect the territorial boundaries of males",,Permissive,Strong,Medium,,,
Terr2_FS_CB_Species\whcspa_White-crowned Sparrow.txt,Passerellidae,Zonotrichia,1,0,2,A,0,A,2,3,1,,White-crowned Sparrow,Zonotrichia_leucophrys,White-crowned Sparrow_behavior_extraction.txt,3,0,Strong,HIGH,Strong,HIGH,FALSE,FALSE,"Territories are established by males, which arrive at the same time as females ; Male singing is effective in territorial defense, mate attraction, and reproductive stimulation of the female, playing a role in ovarian ; Female singing is relatively uncommon. It has been observed during contest over use of space, including breeding territory defense in association with the male, in cases of female subdivision of the territory of a polygynously mated male, and in defensive dominance at a bird feeder in winter growth and nest construction",,Exclusive,Strong,Medium,,,1
Terr2_FS_CB_Species\finwhe1_Finsch's Wheatear.txt,Muscicapidae,Oenanthe,1,0,2,B,0,A,2,3,1,,Finsch's Wheatear,Oenanthe_finschii,Finsch's Wheatear_behavior_extraction.txt,0,0,Strong,Low,Strong,Low,FALSE,FALSE,"Territory fairly large, in one area average 2·9 ha with diameter 100–230 m, but density usually low and boundaries not contiguous.; migration variable; most territoriality seems to be studied in wintering range: ""Finsch’s Wheatear, Oenathe finschii, is a widespread winter visitor in Jordan, primarily in arid – semi arid hilly areas with a mean annual rainfall of 100–300 mm... Territory size variations were not sex-related although females were apparently excluded from more productive habitats by dominant males.""  https://doi.org/10.1080/09397140.2012.10648961","2 - mentions territories, not how defended",Exclusive,Strong,Medium,"""At Tang-i-Shul in 1971, where O. finschii bred quite commonly, some adults, mostly males, lingered on their breeding territories until the beginning of September (table 8)."" ""In S. W. Iran in winter male and female O. finschii defend separate territories."" Generally of this group of wheatears: ""grey and black and white plumage in wheatears probably has survival value in... facilitating territorial defence and mate selection. ",https://ora.ox.ac.uk/objects/uuid:5edb17bd-4762-4acb-a4b9-8b933997d4ef,
Terr2_FS_CB_Species\cypwhe1_Cyprus Wheatear.txt,Muscicapidae,Oenanthe,1,0,2,B,0,A,2,3,1,,Cyprus Wheatear,Oenanthe_cypriaca,Cyprus Wheatear_behavior_extraction.txt,0,0,Strong,Low,Strong,Low,FALSE,FALSE,"Migratory; One territory 3·3 ha, with core 0·6 ha.; call described for high-intensity aggressive contexts","4 - aggression, not specifically territorial aggression",Exclusive,Strong,Medium,"""During 2009, a pilot study identified a study area an monitored and mapped territories, but without colourringing of birds. In subsequent years 2010–2012, individuals were colour-ringed when they were actively defending a territory and locations of territories were plotted on maps; 45–69 territories with at least one individual of the pair colour-ringed were intensively monitored annually to record details of breeding.""",https://link.springer.com/article/10.1007/s10336-015-1322-2,
Terr2_FS_CB_Species\ruwsun2_Rufous-winged Sunbird.txt,Nectariniidae,Cinnyris,1,0,2,C,0,A,3,1,NA,,Rufous-winged Sunbird,Nectarinia_rufipennis,Rufous-winged Sunbird_behavior_extraction.txt,0,0,Strong,Low,Strong,Low,FALSE,FALSE,"Pairs have been observed aggressively defending clumps of flowering plants against conspecifics, as well as Olive Sunbird",4 - defends food,Exclusive,Strong,Medium,"""In January–February 2012 pairs were observed aggressively defending clumps
of flowering plants against other Rufous-winged, Olive, and Collared sunbirds. The
areas defended were usually centered on a forest glade or tree-fall gap and probably
contained breeding territories. At one such site at 1700 m in the northernmost part of
Uzungwa Scarp forest, a pair of Rufous-winged sunbirds with two juveniles were
observed over a two-day period. The forest glade was about 1000 m2 and was mostly
overgrown with dense 2–3 m Psychotria sp.""",https://www.ajol.info/index.php/scopus/article/view/139734,feeding area defense
Terr2_FS_CB_Species\rucwar4_Chestnut-capped Warbler.txt,Parulidae,Basileuterus,1,0,2,B,0,A,3,1,1,"Basileuterus_delattri - Has been split from Rufous-capped warbler, but not recognized in BirdTree",Chestnut-capped Warbler,Basileuterus_rufifrons,Chestnut-capped Warbler_behavior_extraction.txt,0,0,Strong,Low,Strong,Low,FALSE,FALSE,"Sedentary; Evidence from a playback study in the area of sympatry with its sister species, the Rufous-capped Warbler (B. rufifrons), suggest song is used both to defend territories and attract mates, as males of both species responded more strongly to the song of their own species than to other species songs",5 - sedentary but playback responses; could be year-round?,Exclusive,Strong,Medium,"Observations in the sympatric zone also suggest that B. r. delattrii and B. r. rufifrons territories overlap between subspecies, but that the warblers still mate assortatively (Demko et al. 2019). ; For unbanded pairs, we verified the identity of the territory holder based on position, and by comparing recordings of the unique song types used by males during each trial; each male has an individually distinct repertoire and pairs are highly territorial prior to and during the breeding season (Demko & Mennill, 2019). ",https://doi.org/10.1016/j.anbehav.2019.08.021,
Terr2_FS_CB_Species\ashcis1_Ashy Cisticola.txt,Cisticolidae,Cisticola,0,NA,2,C,0,A,3,1,0,,Ashy Cisticola,Cisticola_cinereolus,Ashy Cisticola_behavior_extraction.txt,2,0,Strong,Low,Strong,Low,FALSE,FALSE,"terriorial; Male song, from top of bush or small tree up to 3 m tall",,Exclusive,Strong,Low,"Cisticolas are generally solitary, territorial breeders, with the exception of C. exilis and C. juncidis (Zitting Cisticola); perhaps both C. aridulus (Desert Cisticola) and C. ayresii (Wing-snapping Cisticola), which might be polygamous at least some of the time (Ryan, 2006); and C. chiniana (Rattling Cisticola), where a coalition of males seems to hold and defend communal territories (Carlson, 1986). C",http://hdl.handle.net/11427/15462,
Terr2_FS_CB_Species\rebshr1_Red-backed Shrike.txt,Laniidae,Lanius,0,NA,2,A,0,A,3,3,0,,Red-backed Shrike,Lanius_collurio,Red-backed Shrike_behavior_extraction.txt,2,0,Strong,Low,Strong,Low,FALSE,FALSE,"Male gives ""tschok"" call for marking territory and simultaneously attracting females; Male song (without territorial function) during display a soft warble; migratory",,Exclusive,Strong,Low,,,
Terr2_FS_CB_Species\eurtre1_Eurasian Treecreeper.txt,Certhiidae,Certhia,0,0,2,A,0,A,2,1,0,,Eurasian Treecreeper,Certhia_familiaris,Eurasian Treecreeper_behavior_extraction.txt,3,1,Strong,Low,Strong,Low,FALSE,FALSE,"Breeding pair occupies home range, and area around nest apparently defended as a nesting territory by male, usually with song (mixed singers defend against both conspecifics and C. brachydactyla).",,Exclusive,Strong,Low,,,
Terr2_FS_CB_Species\sifcis1_Siffling Cisticola.txt,Cisticolidae,Cisticola,0,0,2,B,0,A,3,1,0,,Siffling Cisticola,Cisticola_brachypterus,Siffling Cisticola_behavior_extraction.txt,1,0,Strong,Low,Strong,Low,FALSE,FALSE,"Probably monogamous; solitary, territorial.; site fidelity, sing from perch, mostly resident",,Exclusive,Strong,Low,"Cisticolas are generally solitary, territorial breeders, with the exception of C. exilis and C. juncidis (Zitting Cisticola); perhaps both C. aridulus (Desert Cisticola) and C. ayresii (Wing-snapping Cisticola), which might be polygamous at least some of the time (Ryan, 2006); and C. chiniana (Rattling Cisticola), where a coalition of males seems to hold and defend communal territories (Carlson, 1986). C",http://hdl.handle.net/11427/15462,
Terr2_FS_CB_Species\waicis2_Lynes's Cisticola.txt,Cisticolidae,Cisticola,0,0,2,B,0,A,3,1,0,"Cisticola_distinctus - now considered sister species of Wailing Cisticola, but not recognized in BirdTree",Lynes's Cisticola,Cisticola_lais,Lynes's Cisticola_behavior_extraction.txt,0,0,Strong,Low,Strong,Low,FALSE,FALSE,"Little known; presumably mostly resident; Territorial.; Male sings from top of bush or shrub (unlike many cisticolas, apparently lacks preferred song posts)",,Exclusive,Strong,Low,"Cisticolas are generally solitary, territorial breeders, with the exception of C. exilis and C. juncidis (Zitting Cisticola); perhaps both C. aridulus (Desert Cisticola) and C. ayresii (Wing-snapping Cisticola), which might be polygamous at least some of the time (Ryan, 2006); and C. chiniana (Rattling Cisticola), where a coalition of males seems to hold and defend communal territories (Carlson, 1986). C",http://hdl.handle.net/11427/15462,
Terr2_FS_CB_Species\foxcis1_Foxy Cisticola.txt,Cisticolidae,Cisticola,0,0,2,B,0,A,3,1,0,,Foxy Cisticola,Cisticola_troglodytes,Foxy Cisticola_behavior_extraction.txt,0,0,Strong,Low,Strong,Low,FALSE,FALSE,"Probably monogamous; solitary, territorial.; Presumably mostly resident; Male sings from top of bush or tree",,Exclusive,Strong,Low,"Cisticolas are generally solitary, territorial breeders, with the exception of C. exilis and C. juncidis (Zitting Cisticola); perhaps both C. aridulus (Desert Cisticola) and C. ayresii (Wing-snapping Cisticola), which might be polygamous at least some of the time (Ryan, 2006); and C. chiniana (Rattling Cisticola), where a coalition of males seems to hold and defend communal territories (Carlson, 1986). C",http://hdl.handle.net/11427/15462,
Terr2_FS_CB_Species\afrsto1_African Stonechat.txt,Muscicapidae,Saxicola,0,0,2,A,0,A,3,2,0,,African Stonechat,Saxicola_torquatus,African Stonechat_behavior_extraction.txt,0,0,Weak,Low,Weak,Low,FALSE,FALSE,"song male-male interactions, partial migrant",Apr2025,Exclusive,Strong,Medium,"Two subspecies, in Europe and Africa, both territorial and show aggressive reactions to simulated territorial intrusions The European Stonechats are migratory and defend territories on both their breeding grounds and their wintering habitat
(Gwinner et al. 1994). They breed two or three times a season
and have a mean clutch size of five eggs. In contrast, African
Stonechats live in more or less stable environments, are
nonmigratory and occupy the same territory all year","https://onlinelibrary.wiley.com/doi/abs/10.1111/j.1474-919X.1995.tb03262.x
https://link.springer.com/article/10.1186/s12862-017-0944-9",
Terr2_FS_CB_Species\mamrob1_Madagascar Magpie-Robin.txt,Muscicapidae,Copsychus,1,0,2,B,0,A,3,1,1,,Madagascar Magpie-Robin,Copsychus_albospecularis,Madagascar Magpie-Robin_behavior_extraction.txt,2,0,Weak,Low,Weak,Low,FALSE,FALSE,"Apparently sedentary; site fidelity during breeding season; ""Usually in pairs (22) or alone (23). Sometimes joins mixed-species foraging flocks (19, 23, 24), but only for the duration that these pass through the Copsychus territory (25).""",5 - sedentary only,Exclusive,Strong,Medium,"Males show a significant response to playback, increasing their apparency and exhibiting a number of
territorial behaviours. Males increase their proximity to the playback speaker, initially moving within
5 m in order to seek out the source of the song before moving to a nearby high perch. The number of
flights increases as the bird searches for the perceived intruder. Tail flicks increase and are a visual
signal directed at the perceived intruder. A significant increase in the number of song phrases
vocalised per minute represents an audio-communication signal, in this case for the purpose of
defending and marking territory. ""Territorial response to bioacoustic playback in Copsychus albospecularis, Madagascar magpie-robin, in Kirindy Forest""",https://tropical-biology.org/wp-content/uploads/2021/03/BettsMakumaWuAtuo2011.pdf,
Terr2_FS_CB_Species\resvan1_Red-shouldered Vanga.txt,Vangidae,Calicalicus,0,NA,2,C,0,A,3,1,0,,Red-shouldered Vanga,Calicalicus_rufocarpalis,Red-shouldered Vanga_behavior_extraction.txt,1,0,Strong,MEDIUM,Strong,MEDIUM,FALSE,FALSE,"exhibits territorial behavior, responding actively to audio playback (Schulenberg et al. 2007)",,Exclusive,Strong,Medium,,,
Terr2_FS_CB_Species\blared1_Black Redstart.txt,Muscicapidae,Phoenicurus,0,NA,2,A,0,A,3,2,0,,Black Redstart,Phoenicurus_ochruros,Black Redstart_behavior_extraction.txt,1,0,Strong,MEDIUM,Strong,MEDIUM,FALSE,FALSE,...more aggressive territorial contexts…,,Exclusive,Strong,Medium,,,
Terr2_FS_CB_Species\ovenbi1_Ovenbird.txt,Parulidae,Seiurus,1,NA,2,A,0,A,2,3,1,,Ovenbird,Seiurus_aurocapilla,Ovenbird_behavior_extraction.txt,1,0,Strong,MEDIUM,Strong,MEDIUM,FALSE,FALSE,"Ovenbirds defend and maintain territories primarily through song. Singing is frequent and aggressive during the establishment period, but declines after pairs have formed; Ovenbirds are thought to be territorial on the wintering grounds; full migrant",,Exclusive,Strong,Medium,,,
Terr2_FS_CB_Species\ltrfin1_Long-tailed Reed Finch.txt,Thraupidae,Donacospiza,1,0,2,B,0,A,2,2,1,,Long-tailed Reed Finch,Donacospiza_albifrons,Long-tailed Reed Finch_behavior_extraction.txt,1,0,Strong,Low,Strong,MEDIUM,FALSE,TRUE,"When particularly excited during territorial defence (as is often the case during playback experiments), both adults respond with a chattering and jumbled duet song.; sedentary",,Exclusive,Strong,Medium,,,
Terr2_FS_CB_Species\brebla_Brewer's Blackbird.txt,Icteridae,Euphagus,1,0,2,B,0,A,2,2,1,,Brewer's Blackbird,Euphagus_cyanocephalus,Brewer's Blackbird_behavior_extraction.txt,10,2,Strong,Low,Strong,MEDIUM,FALSE,TRUE,small feeding territories defended by paired adults ; song functions in courtship and in male-male agonistic settings,,Exclusive,Strong,Medium,,,
Terr2_FS_CB_Species\yelbis1_Yellow Bishop.txt,Ploceidae,Euplectes,0,0,2,B,0,A,2,1,0,,Yellow Bishop,Euplectes_capensis,Yellow Bishop_behavior_extraction.txt,0,0,Strong,Low,Strong,MEDIUM,FALSE,TRUE,"Often solitary, and never truly colonial; may defend territory against congeners, as well as conspecifics",,Exclusive,Strong,Low,,,
Terr2_FS_CB_Species\chiger2_Chatham Islands Gerygone.txt,Acanthizidae,Gerygone,1,0,2,B,0,A,3,1,1,,Chatham Islands Gerygone,Gerygone_albofrontata,Chatham Islands Gerygone_behavior_extraction.txt,0,0,Strong,Low,Strong,MEDIUM,FALSE,TRUE,"Song, serving territorial function and given only by male (mostly in breeding season); sedentary",,Exclusive,Strong,Low,,,
whtger1_White-throated Gerygone.txt,Acanthizidae,Gerygone,1,0,2,C,1,A,3,1,NA,,White-throated Gerygone,Gerygone_olivacea,White-throated Gerygone_behavior_extraction.txt,0,0,Strong,Low,Strong,MEDIUM,FALSE,TRUE,"Resident over much of range in Australia, but most S breeders seemingly move N, returning in Aug–Nov, males arriving first; Song serves territorial and advertising function",,Exclusive,Strong,Low,,,
Terr2_FS_CB_Species\eurnut3_Northern Nutcracker.txt,Corvidae,Nucifraga,0,0,2,B,1,A,3,2,0,,Northern Nutcracker,Nucifraga_caryocatactes,Northern Nutcracker_behavior_extraction.txt,2,0,Strong,MEDIUM,Strong,MEDIUM,FALSE,FALSE,"The territory is kept for life and inhabited year round, and it is used for food storage, copulation, nest-site selection, and nest building.; but also described as resident in other locations",,Exclusive,Strong,Medium,,,6 - worth putting in Terr level 3?
Terr2_FS_CB_Species\whbnut_White-breasted Nuthatch.txt,Sittidae,Sitta,0,0,2,A,0,A,3,1,0,,White-breasted Nuthatch,Sitta_carolinensis,White-breasted Nuthatch_behavior_extraction.txt,0,0,Strong,MEDIUM,Strong,MEDIUM,FALSE,FALSE,"Socially monogamous, pairs remain together from the time they establish a territory until one of the partners disappears. No separations reported ; Live in pairs, generally in same territory year round; Territory typically 10–15 ha in wooded places and about 20 ha in semi-wooded sites",,Exclusive,Strong,Low,,,6 - worth putting in Terr level 3?
Terr2_FS_CB_Species\buhvir_Blue-headed Vireo.txt,Vireonidae,Vireo,0,0,2,B,0,A,2,3,0,,Blue-headed Vireo,Vireo_solitarius,Blue-headed Vireo_behavior_extraction.txt,8,0,Strong,Low,Strong,MEDIUM,FALSE,TRUE,"pairs typically well-spaced, migratory; some evidence suggests at least mild winter territoriality: Most songful of vireos wintering in Central America (A. Skutch in Bent 1950); typically seen alone, never in groups of their own kind",,Exclusive,Strong,Low,,,winter quarters territoriality
Terr2_FS_CB_Species\orbsun2_Orange-breasted Sunbird.txt,Nectariniidae,Anthobaphes,0,0,2,B,0,A,3,1,0,,Orange-breasted Sunbird,Nectarinia_violacea,Orange-breasted Sunbird_behavior_extraction.txt,1,0,Strong,MEDIUM,Strong,MEDIUM,FALSE,FALSE,"Territorial display by male, from protea or Erica bush, includes wing-stretching to reveal pectoral tufts and tail-jerking; males chasing one another give ""ke-ke-ke"" call",,Exclusive,Strong,Medium,"""During the fall and winter months (Feb-
ruary-August), males establish a territory in
which the female builds a tightly woven, well-
insulated, domed nest, usually less than 1 m above
ground (Skead 1967)""",https://doi.org/10.2307/1369392,
Terr2_FS_CB_Species\tui1_Tui.txt,Meliphagidae,Prosthemadera,1,0,2,A,1,A,3,1,2,,Tui,Prosthemadera_novaeseelandiae,Tui_behavior_extraction.txt,0,0,Strong,MEDIUM,Strong,MEDIUM,FALSE,FALSE,"Defends feeding territories.; Apparently resident, but described also as partly migratory",,Exclusive,Strong,Medium,"Reported ""Territorial"": ""Location-Specific"", ""Repeated"", ""Aggression"", ""Dominance""",https://doi.org/10.1071/ZO9960297,feeding area defense
grwpyt1_Green-winged Pytilia.txt,Estrildidae,Pytilia,1,0,2,A,0,A,3,1,1,,Green-winged Pytilia,Pytilia_melba,Green-winged Pytilia_behavior_extraction.txt,0,0,Strong,MEDIUM,Strong,MEDIUM,FALSE,FALSE,Territorial; pairs have mutually exclusive breeding territories.; Resident; some local seasonal movements,,Exclusive,Strong,Medium,,,
Terr2_FS_CB_Species\gockin_Golden-crowned Kinglet.txt,Regulidae,Regulus,0,0,2,B,0,A,2,3,0,,Golden-crowned Kinglet,Regulus_satrapa,Golden-crowned Kinglet_behavior_extraction.txt,3,0,Strong,MEDIUM,Strong,MEDIUM,FALSE,FALSE,"Territory established by male through song and pursuit of intruders. Intruding males are driven off throughout the nesting cycle. After second brood of nestlings fledge, male tolerates other male intruders.",,Exclusive,Strong,Medium,,,
Terr2_FS_CB_Species\dickci_Dickcissel.txt,Cardinalidae,Spiza,0,0,2,A,0,A,2,3,0,,Dickcissel,Spiza_americana,Dickcissel_behavior_extraction.txt,0,0,Strong,MEDIUM,Strong,MEDIUM,FALSE,FALSE,"When breeding territories are being established and females begin arriving, males spend up to 70% of the day singing, and singing continues to occupy 50–60% of a male's time during the rest of the breeding season.; resource-defense polygyny; migratory",,Exclusive,Strong,Low,,,1
Terr2_FS_CB_Species\yebsee1_Yellow-bellied Seedeater.txt,Thraupidae,Sporophila,0,0,2,B,0,A,2,1,0,,Yellow-bellied Seedeater,Sporophila_nigricollis,Yellow-bellied Seedeater_behavior_extraction.txt,1,0,Strong,MEDIUM,Strong,MEDIUM,FALSE,FALSE,During the breeding season males hold territories and sing perches on the tops of shrubs and trees.; Resident and nomadic,,Exclusive,Strong,Medium,,,
Terr2_FS_CB_Species\aspfly1_Indian Paradise-Flycatcher.txt,Monarchidae,Terpsiphone,0,0,2,A,0,A,2,2,0,,Indian Paradise-Flycatcher,Terpsiphone_paradisi,Indian Paradise-Flycatcher_behavior_extraction.txt,0,0,Strong,MEDIUM,Strong,MEDIUM,FALSE,FALSE,"Monogamous; territorial, male very intolerant of intruders.; Most populations resident",,Exclusive,Strong,Medium,,,
Terr2_FS_CB_Species\sibrob_Siberian Blue Robin.txt,Muscicapidae,Larvivora,1,0,2,B,0,A,2,3,1,,Siberian Blue Robin,Luscinia_cyane,Siberian Blue Robin_behavior_extraction.txt,1,0,Z unclear,,Z unclear,,FALSE,FALSE,"Territory in Japan averages 1 ha in deciduous forest, 0·5 ha in coniferous forest.; Migrant","2 - mentions territories, not how defended",Exclusive,Strong,Low,"""A total of 14 males settled in the study area. Six males established territories almost simultaneously at Kawamata forest and later eight held territories successively at Utsukushi-mori forest. These males sang vigorously throughout the breeding season""",https://www.jstage.jst.go.jp/article/jyio1952/32/2/32_2_86/_pdf,
Terr2_FS_CB_Species\rubhon2_Rufous-banded Honeyeater.txt,Meliphagidae,Conopophila,1,0,2,B,1,A,3,1,NA,,Rufous-banded Honeyeater,Conopophila_albogularis,Rufous-banded Honeyeater_behavior_extraction.txt,3,0,Z unclear,,Z unclear,,FALSE,FALSE,"Usually forages singly or in twos (mostly pairs in territories); resident; adults appeared sedentary, but young possibly non-territorial floaters for months or years","2 - mentions territories, not how defended",Exclusive,Strong,Low,"""Nearly twenty pairs of this species were colour-banded on the Casuarina campus of the Northern Territory University, where they occupied territories of 0.15–0.47 ha all year-round, indicating a density of up to 12 birds ha-1.""","https://www.publish.csiro.au/wr/WR97070 
https://www.publish.csiro.au/zo/ZO9960297",
Terr2_FS_CB_Species\grhlar1_Greater Hoopoe-Lark.txt,Alaudidae,Alaemon,1,0,2,B,0,A,3,1,1,,Greater Hoopoe-Lark,Alaemon_alaudipes,Greater Hoopoe-Lark_behavior_extraction.txt,0,0,Weak,Low,Z unclear,,TRUE,TRUE,Usually sedentary; territorial throughout year.,5 - sedentary but also year-round territorial? --> maybe Strong or year-round strong?,Exclusive,Strong,Low,"It is resident, staying in its territory year-round, although with
some individuals leaving their territories during dry years... Display flight (URN: urn:nbn:se:uu:diva-508993 - B.S. project paper); extremely low densities (IMPACT: International Journal of Research in Applied,
Natural and Social Sciences (IMPACT: IJRANSS)
ISSN(E): 2321-8851; ISSN(P): 2347-4580
Vol. 2, Issue 5, May 2014, 131-142); ""We located nests in the study area by following territorial birds back to them noting the nests' GPS coordinates. Using this strategy, Hoopoe Lark nests are difficult to miss, because parents cannot afford to leave them unattended and exposed to the sun for long... Sex was distinguished on the basis of plumage in combination with male singing and display behavior... nest predation can vary significantly from year to year in Mahazat as-Sayd. In 2001, most nests did not survive to fledging, whereas in 1998, most nests did produce fledglings, and many territories housed complete Hoopoe Lark families after the breeding season. In addition, the daily survival rate of artificial nests during 2001 was 0.598 (Table 1), but an identical experiment in 1999 yielded a higher daily survival rate of 0.903 ± 0.014 (SE, n = 50; BIT, unpubl. data). These observations suggest that the predator assemblage and abundance differ among years, providing a temporally variable selective force that does not uniformly favor one type of nest site over others. ""; ""After a wet winter with 127 mm of rain, a locust
plague in spring and summer 1998 resulted in large
numbers of successful breeding pairs. During the following 2 years, Mahazat had very little rain and, despite some
nest-building activity of a few pairs that responded to a
late local rain, none reared young. In 1999 and 2000,
despite not breeding, pairs of larks in Mahazat defended
territories with a meanSD size of 0.410.18 km2
(N=9), at least during our presence from March to
August. Pairs remain together throughout most of the
day, mutually calling while foraging or resting in shade"" (doi:10.1006/anbe.2001.)",https://academic.oup.com/condor/article/110/1/116/5152320,
Terr2_FS_CB_Species\cbrthr1_Chestnut-bellied Rock-Thrush.txt,Muscicapidae,Monticola,0,0,2,B,0,A,3,1,0,,Chestnut-bellied Rock-Thrush,Monticola_rufiventris,Chestnut-bellied Rock-Thrush_behavior_extraction.txt,0,0,Weak,Low,Z unclear,,TRUE,TRUE,sedentary,5 - sedentary only,Exclusive,Strong,Low,"""This species is not listed in Table 1 as no evidence of breeding was obtained.
However, three pairs of Chestnut-bellied Rock Thrushes appeared to be holding territories along a 3.5-km length of road on Doi Inthanon between 2000-2300 m and were
seen on several occasions during 18-19 April and 16-28 May. They were usually
perched either on newly-installed electric wires or in the tops of trees at the forest edge.
The male of one pair was recorded singing both from a perch and in flight.""  (""NOTES ON BREEDING BIRDS IN NORTH- WEST THAILAND"" Phillip Round 1982)",,
Terr2_FS_CB_Species\carthr1_Cape Rock-Thrush.txt,Muscicapidae,Monticola,1,0,2,B,0,A,3,1,1,,Cape Rock-Thrush,Monticola_rupestris,Cape Rock-Thrush_behavior_extraction.txt,1,0,Weak,Low,Z unclear,,TRUE,TRUE,Mainly sedentary,5 - sedentary only,Exclusive,Strong,Medium,"""Aggressively territorial; adjacent pairs of birds chase each other in fast, swooping flight"" (from Birds of Africa, which cites C.J. Vernon in Ginn et al 1989)","The Birds of Africa Vol V, page 1-2; Title        The Birds of Africa: Volume V
Illustrated by        Martin Woodcock, Ian Willis
Contributors        Emil K. Urban, C. Hilary Fry, Stuart Keith
Publisher        Bloomsbury Publishing, 2020
ISBN        1472986555, 9781472986559",
Terr2_FS_CB_Species\shifly1_Shining Flycatcher.txt,Monarchidae,Myiagra,1,0,2,B,0,A,3,1,1,,Shining Flycatcher,Myiagra_alecto,Shining Flycatcher_behavior_extraction.txt,1,0,Weak,Low,Z unclear,,TRUE,TRUE,Sedentary,5 - sedentary only,Exclusive,Strong,Low,"Shining Flycatcher Myiagra alecto. Pairs held territories scat-
tered along the river, under the rainforest canopy. The birds
perched near the ground, often over water, and hawked for
insects just above the water surface. (https://www.birdlife.org.au/afo/index.php/afo/article/download/1333/1863)","not helpful: BELL, H.L. 1983. A bird community of lowland rainforest in New Guinea. 5. Mixed-species feeding flocks. Emu 82: 256–275. https://doi.org/10.1071/MU9820256s; also can't find: Finch, B.W. (1981). Simulated communal display of the Shining Flycatcher Myiagra alecto. New Guinea Bird Soc. Newsl. 181-182: 31.",
Terr2_FS_CB_Species\bansun1_Banded Sunbird.txt,Nectariniidae,Anthreptes,0,0,2,B,0,A,3,1,0,,Banded Sunbird,Anthreptes_rubritorques,Banded Sunbird_behavior_extraction.txt,0,0,Z unclear,,Z unclear,,FALSE,FALSE,"flocks, breeding season song from perch",behavior described,Exclusive,Strong,Low,"In September
2006 the species was very active and probably
breeding: we observed several males singing from
treetops and engaging in territorial behaviour.","""Observations of threatened birds in the East Usambara Mountains, Tanzania"" Luca Borghesioa et al
",
Terr2_FS_CB_Species\andsol1_Andean Solitaire.txt,Turdidae,Myadestes,1,0,2,B,0,A,2,2,1,,Andean Solitaire,Myadestes_ralloides,Andean Solitaire_behavior_extraction.txt,1,0,Z unclear,,Z unclear,,FALSE,FALSE,Singing males (not necessarily breeding) often as little as 50 m apart,behavior described,Exclusive,Strong,Medium,"""However, we also
document strong song discrimination between many
populations that are known to differ in song but that have
not been previously considered to represent distinct species—for example, Andean Solitaire (Myadestes ralloides) populations north and south of the Maranon Gap ˜
in Peru.""","""Description of playback experiment: We recorded multiple behavioral
responses to playback for each treatment. Here, we focus
only on closest approach to the speaker (in meters), a
reliable indicator of behavioral response to playback
(Martin and Martin 2001, Jankowski et al. 2010, Freeman
and Montgomery 2016, Freeman et al. 2016). At the
beginning of each treatment, territory owners were within
hearing distance and out of sight (i.e. .15 m distant from
the speaker) or, more uncommonly, visible .15 m distant
from the speaker."" DOI: 10.1642/AUK-17-63.1 ",
Terr2_FS_CB_Species\dunlar5_Dune Lark.txt,Alaudidae,Calendulauda,0,0,2,A,0,A,3,1,0,,Dune Lark,Certhilauda_erythrochlamys,Dune Lark_behavior_extraction.txt,0,0,Strong,Low,Z unclear,,TRUE,TRUE,"resident, sedentary; The species is monogamous and territorial, with nests being sited solitarily.",May2025 - territorial + solitary?,Exclusive,Strong,Medium,"Somewhat larger in size than females but similar in appearance, males defend territories throughout the year, up to 10 ha. Dune Larks reportedly breed from November to April (Boyer 1988), but during the study, most individuals attempted to breed during the months of December to March. During the breeding season, males sing from elevated perches, or during their aerial display.  (https://doi.org/10.1046/j.1365-2435.2001.00512.x)",https://doi.org/10.1080/00306525.1988.9633924 (not yet accessed),
Terr2_FS_CB_Species\cobtan2_Cone-billed Tanager.txt,Thraupidae,Conothraupis,0,0,2,D,0,D,3,1,0,,Cone-billed Tanager,Conothraupis_mesoleuca,Cone-billed Tanager_behavior_extraction.txt,2,0,Strong,Low,Z unclear,,TRUE,TRUE,Apparently territorial,territorial,Exclusive,Strong,Medium,"The Cone-billed Tanager is apparently territorial and solitary or monogamous, as all sightings that we made were of pairs or single males (n . 60, considering repeated sightings in the same places). Males respond strongly and quickly to playback, flying repeatedly over the playback source, suggesting territorial defence. Females also respond to playback, but do not approach as closely as males. The Cone-billed Tanager was never seen by us to join monospecific or mixed species flocks, as is common among many tanagers in the Cerrado region (Isler and Isler 1987)",https://www.cambridge.org/core/journals/bird-conservation-international/article/new-population-of-the-conebilled-tanager-conothraupis-mesoleuca-with-information-on-the-biology-behaviour-and-type-locality-of-the-species/F5C91136E311863F07586A9777CAB751,
Terr2_FS_CB_Species\ausrav1_Australian Raven.txt,Corvidae,Corvus,1,0,2,B,0,A,3,1,1,,Australian Raven,Corvus_coronoides,Australian Raven_behavior_extraction.txt,0,0,Z unclear,,Z unclear,,FALSE,FALSE,"sedentary, solitary, well-dispersed pairs",territorial,Exclusive,Strong,Low,"Calls are varied and a ""vocabulary"" for C. coronoides is given; each species has a characteristic territorial advertisement call. Both C. coronoides and C. mellovi form long-lasting pair bonds; probably the other species do so as well. Adults of C, coronoides, C. orru, and C. tasmanicus maintain territories all the year round; immatures and non-breeding adults live in nomadic flocks. ",https://doi.org/10.1071/CWR9730025,
Terr2_FS_CB_Species\tibfly3_Tickell's Blue Flycatcher.txt,Muscicapidae,Cyornis,1,0,2,C,1,A,3,1,NA,,Tickell's Blue Flycatcher,Cyornis_tickelliae,Tickell's Blue Flycatcher_behavior_extraction.txt,0,0,Strong,Low,Z unclear,,TRUE,TRUE,"Territorial, resident",territorial,Exclusive,Strong,Medium,highly territorial and relatively abundant insectivorous species,https://link.springer.com/content/pdf/10.1186/s40462-024-00484-8.pdf,
Terr2_FS_CB_Species\crbdro1_Crow-billed Drongo.txt,Dicruridae,Dicrurus,1,0,2,A,1,A,3,3,2,,Crow-billed Drongo,Dicrurus_annectans,Crow-billed Drongo_behavior_extraction.txt,2,2,Z unclear,,Z unclear,,FALSE,FALSE,"migrant;  incubation by female; male remains nearby in calling distance, for defence of eggs and young; no other information",territorial,Exclusive,Strong,Medium,"It is a territorial and aggressive bird, especially during the breeding season,",https://smujo.id/bw/article/view/15817,
Terr2_FS_CB_Species\comcha_Common Chaffinch.txt,Fringillidae,Fringilla,1,0,2,A,0,A,3,2,1,,Common Chaffinch,Fringilla_coelebs,Common Chaffinch_behavior_extraction.txt,1,0,Strong,Low,Z unclear,,TRUE,TRUE,"Solitary nester, territorial.; variable migration",territorial,Exclusive,Strong,Medium,"There are two types of defended area in the Chaffinch, territory, which is large, fixed in space, and defended only in the spring and summer, and individual distance (see Hediger 19-50), which is small, moves with the individual, and is defended throughout the year",https://onlinelibrary.wiley.com/doi/abs/10.1111/j.1474-919X.1956.tb01435.x,
Terr2_FS_CB_Species\thelar1_Thekla's Lark.txt,Alaudidae,Galerida,0,0,2,B,0,A,2,1,0,,Thekla's Lark,Galerida_theklae,Thekla's Lark_behavior_extraction.txt,1,0,Strong,Low,Z unclear,,TRUE,TRUE,Resident. Sedentary in most of range; Territorial,territorial,Exclusive,Strong,Medium,"""The neighbours engaging territorial disputes share the acoustic features of neighbour calls (Appendix S1), a behavioural matching that is common in species that learn their vocal repertoire after natal dispersal."" 
""Six behavioural variables were noted as indices of aggressive response: the closest distance approached to the speaker and the latency to the closest approach, the latency to call and call bout duration, the latency to sing and song bout duration. Because territorial mates often approached the speaker together while only one vocalized, times and distances refer to the vocalizing individual and the mate that approached the speaker.""  
The existence of interspecific competition between G. cristata and G. theklae has been suggested using a variety of phenotypic and acoustic clues. In particular morphological shifts were observed where they established secondary contact (Guillaumet et al., 2008a), and both larks responded to congeneric territorial calls with an aggressive response as intense as when responding to the intrusion of a conspecific, which also suggested that competition is symmetric (Laiolo, 2013).",https://besjournals.onlinelibrary.wiley.com/doi/pdfdirect/10.1111/j.1365-2656.2011.01946.x,
Terr2_FS_CB_Species\buhshr1_Bull-headed Shrike.txt,Laniidae,Lanius,0,0,2,B,0,A,3,3,0,,Bull-headed Shrike,Lanius_bucephalus,Bull-headed Shrike_behavior_extraction.txt,1,0,Strong,Low,Z unclear,,TRUE,TRUE,Monogamous; territorial,territorial,Exclusive,Strong,Medium,"""The Bull-headed Shrike, which is now common on Minami-daito Island, has been found to establish breeding territories mainly in sugarcane Saccharum spp. fields, and build open-cup nests in hedgerow trees in the agricultural landscape... The size of territories largely corresponds to the size of home ranges in the Bull-headed Shrike, because breeding pairs exclude other individuals from their home ranges""",https://www.jstage.jst.go.jp/article/osj/16/1/16_79/_article/-char/ja/,
Terr2_FS_CB_Species\savwar1_Savi's Warbler.txt,Locustellidae,Locustella,1,0,2,B,0,A,2,3,1,,Savi's Warbler,Locustella_luscinioides,Savi's Warbler_behavior_extraction.txt,1,0,Strong,Low,Z unclear,,TRUE,TRUE,"Usually monogamous; solitary, territorial.; migratory",territorial,Exclusive,Strong,Medium,"""Savi's Warblers are sexually monomorphic migratory birds that winter in sub-Saharan Africa, north of the tropical forest range (Bub and Dorsch 1988, Glutz von Blotzheim and Bauer 1991). They arrive at their breed- ing sites in Switzerland from late March to late April (Aebischer and Antoniazza 1995). Breeders occupy low- land swamps and flooded lands, nesting preferably in sedge tussocks mixed with reeds Phragmites australis, cattail Typha or fen-sedges Cladium mariscus (Cramp and Brooks 1992, Glutz von Blotzheim and Bauer 1991). Males occupy nesting territories within a few days after arrival, and defend them against intruders""",https://www.jstor.org/stable/3677143,
Terr2_FS_CB_Species\woolar1_Wood Lark.txt,Alaudidae,Lullula,1,0,2,A,0,A,2,2,1,,Wood Lark,Lullula_arborea,Wood Lark_behavior_extraction.txt,1,0,Strong,Low,Z unclear,,TRUE,TRUE,Resident; Solitary and territorial,territorial,Exclusive,Strong,Low,"""To study the fine-scale habitat selection by Woodlarks, we mapped the territories of ten singing males within our study area (Bibby et al. 1992). We focused only on singing males because of time constraints, and aimed to determine home range and foraging habitat use in detail. Five two-hour visits took place in each of the areas where a singing male had been located. These five visits were spread over the breeding season, from 12 April to 9 June 2005. Territory mapping was restricted to days without marked rainfall or wind and during the period of peak vocal activity (four hours after sunrise, around 06:00–10:00). Geographical locations were recorded using a global positioning system. Behaviour (singing or foraging) and position (e.g. on the ground, on top of tree, height) were recorded for each location. Each individual was observed in a number of different locations ranging from 12 to 29 (Table 1 ). Territory boundaries were built using convex polygons (Fig. 1 ). As there was little or no overlap between neighbouring territories, locations were easily associated with an individual male.""",https://doi.org/10.1080/00063657.2010.532861,
Terr2_FS_CB_Species\caclar1_Cape Clapper Lark.txt,Alaudidae,Corypha,0,0,2,A,0,A,3,1,0,,Cape Clapper Lark,Mirafra_apiata,Cape Clapper Lark_behavior_extraction.txt,0,0,Strong,Low,Z unclear,,TRUE,TRUE,Probably monogamous; territorial.; resident,territorial,Exclusive,Strong,Low,"We recorded Clapper Lark displays at two sites in the Western Cape, South Africa: 8km south of Darling on the west coast (33°28’S,18°23’E) and in Bontebok National Park on the Agulhas Plain (34°05’S, 20°28’E). Two different subspecies of Clapper Lark occur at these sites, with M. a. apiata at Darling and M. a. marjoriae at Bontebok Park (Quickelberge 1970). At each site, 10 males were recorded for at least 10 displays, usually in the same display bout. Males were identified by their territories; where there was any doubt that more than one male was involved, or that the same male was recorded as two different individuals, these data were discarded..... Display are 15–30s apart, although occasionally a male displays 2–3 times before landing, with intervals between successive displays as little as 4s. The height climbed during each display was estimated to be 5–8m. In protracted aerial displays, males circle up to 50m above their territories, repeating their clapping displays every 4–8s. Such displaying may continue for up to 10min. ",,
Terr2_FS_CB_Species\blfmon1_Black-faced Monarch.txt,Monarchidae,Monarcha,0,0,2,A,0,A,3,3,0,,Black-faced Monarch,Monarcha_melanopsis,Black-faced Monarch_behavior_extraction.txt,1,0,Strong,Low,Z unclear,,TRUE,TRUE,"Territorial., partial migrant",territorial,Exclusive,Strong,Low,"All the regular members except gerygones Gerygone
spp are monogamous and held territories. ",Bell 1982 V,
Terr2_FS_CB_Species\burthr_Blue Rock-Thrush.txt,Muscicapidae,Monticola,1,0,2,B,0,A,3,2,1,,Blue Rock-Thrush,Monticola_solitarius,Blue Rock-Thrush_behavior_extraction.txt,1,0,Z unclear,,Z unclear,,FALSE,FALSE,"partial migrant; """"Territory size not particularly large: in one case 2·5 ha, in another only 1 ha (but latter also contained 0·5 ha of vertical rock).""""",territorial,Exclusive,Strong,Medium,"""Field method and data analyses: Blue rock thrush is a territorial species where males define singing areas (Cramp et al. 1992) and in our study area the species occurs as breeder (nesting sites observed but not censused; Marini et al. 2014). Therefore, we carried out a mapping method (Bibby et al. 2000, Sutherland 2006) aimed to census all the singing males present in the breeding period in our study area"" 
""Further, the following observations support the view that territorial adjustments existed between the chats and the Blue Rock-thrush. (1) On 27 October the White-rumped Chat was heard in song near the extremes of the Blue Rock-thrush's territory, and later a grappling encounter and pursuit took place'with the latter as intruder. (2) On many subsequent occasions the White-rumped Chat was seen to be "" interested "" in the movements of the Blue Rock-thrush on the edges of the latter's territory. (3) All song recorded from both species took place near the edges of their respective territories...""","https://www.researchgate.net/profile/Corrado-Battisti-4/publication/378433912_Edge_preference_of_a_synanthropic_species_along_a_rural-urban_gradient_the_case_of_Blue_rock_trush_Monticola_solitarius/links/65d8ea53adc608480ae7c4bc/Edge-preference-of-a-synanthropic-species-along-a-rural-urban-gradient-the-case-of-Blue-rock-trush-Monticola-solitarius.pdf 
https://onlinelibrary.wiley.com/doi/pdf/10.1111/j.1474-919X.1951.tb05443.x",
Terr2_FS_CB_Species\sdcsun3_Southern Double-collared Sunbird.txt,Nectariniidae,Cinnyris,1,0,2,A,0,A,3,1,NA,,Southern Double-collared Sunbird,Nectarinia_chalybea,Southern Double-collared Sunbird_behavior_extraction.txt,0,0,Strong,Low,Z unclear,,TRUE,TRUE,"Territorial, partial migrant",territorial,Exclusive,Strong,Medium,"""...defended breeding territories.""",https://www.tandfonline.com/doi/pdf/10.2989/00306520409485452,
Terr2_FS_CB_Species\jambla1_Jamaican Blackbird.txt,Icteridae,Nesopsar,1,0,2,B,0,B,3,2,1,,Jamaican Blackbird,Nesopsar_nigerrimus,Jamaican Blackbird_behavior_extraction.txt,0,0,Strong,MEDIUM,Z unclear,,TRUE,TRUE,"Territorial, solitary breeder; Resident",territorial,Exclusive,Strong,Low,"""Jamaican Blackbird has become a monogamous holder of a large territory , where male and female take equal part in provisioning the young . The male begins his day with erratic flights near the nest , flights that on predator-infested continents might draw hostile attention to it."" also describes territory advertisement with song","Orioles, Blackbirds, and Their Kin: A Natural History, Alexander F. Skutch (2021)",
Terr2_FS_CB_Species\olbori1_Olive-backed Oriole.txt,Oriolidae,Oriolus,1,0,2,B,0,A,3,2,1,,Olive-backed Oriole,Oriolus_sagittatus,Olive-backed Oriole_behavior_extraction.txt,1,0,Strong,Low,Z unclear,,TRUE,TRUE,"Territorial, sings regularly throughout year.; locally nomadic",territorial,Exclusive,Strong,Low,"The male was the dominant songster and was always heard at first light. When territory was first selected the song was loud and long. (Crouch, 1970 journal: South Australian Ornithologist)",can't access: https://search.informit.org/doi/abs/10.3316/informit.815425904341552 ,
Terr2_FS_CB_Species\blcpri1_Black-chested Prinia.txt,Cisticolidae,Prinia,0,0,2,B,0,A,3,1,0,,Black-chested Prinia,Prinia_flavicans,Black-chested Prinia_behavior_extraction.txt,2,0,Strong,Low,Z unclear,,TRUE,TRUE,"Solitary, territorial but resident",territorial,Exclusive,Strong,Medium,"...territorial behaviour (males
being much more responsive to calls and the only to
produce the 'plipliphpli.. .' territorial song)",https://doi.org/10.1111/j.1474-919X.1999.tb04270.x,
Terr2_FS_CB_Species\capbul1_Cape Bulbul.txt,Pycnonotidae,Pycnonotus,0,0,2,A,0,A,3,1,0,,Cape Bulbul,Pycnonotus_capensis,Cape Bulbul_behavior_extraction.txt,1,0,Strong,Low,Z unclear,,TRUE,TRUE,"Solitary, territorial neste; mainly sedentary",territorial,Exclusive,Strong,Low,"Although there were definite song perches ln each area,
these were not defend ed as wel l as one would expect if the
birds were defending the area . Thus there are two records
where neighbouring males were caught perching on song
perches by the reside nt male and challenged. In the one
instance the resident bird was calling 20 metres away from
his favourite perch ; when it saw t he intruder it flew up
immediately and lande d f i ve metres from the perch. After a
minute the stranger left , without pursuit by t h e resident male
which returned to i t s perch 20 metres away. The second
incident was where a strange bird flying through the study
area settled inciden t a l ly on the song perch. The resident
male flew to a perch near t h e strange bird, called the
challenge note and p a rtially f anned its tail in threat. The
strange bird flew on witho u t further delay and the resident
did not pursue it.","Liversidge (1970) PhD thesis ""THE ECOLOGICAL LIFE HISTORY
OF THE CAPE BULBUL""",
Terr2_FS_CB_Species\lotmea1_Long-tailed Meadowlark.txt,Icteridae,Leistes,1,0,2,B,0,A,2,2,1,,Long-tailed Meadowlark,Sturnella_loyca,Long-tailed Meadowlark_behavior_extraction.txt,0,0,Strong,MEDIUM,Z unclear,,TRUE,TRUE,"Solitary breeder, nesting in pairs; pairs rather scattered and territorial in Sierra de San Luis (subspecies obscurus); apparently resident",territorial,Exclusive,Strong,Medium,"S. loyca males were found in small numbers at many sites, and pairs were
often isolated. They use trees, poles, and fences for song perches, and are
believed to require such perches (Short, 1968; Gochfeld, 1975). On the pampas
such perches are found mainly along roads, and loyca territories tend to be
linear, with disputes occurring mainly at the ends. The population was sparse
and encounters between male loyca were infrequent. ","Gochfeld 1979 (Interspecific Territoriality in Red-Breasted Meadowlarks
and a Method for Estimating the Mutuality
of Their Participation)",
Terr2_FS_CB_Species\eurbla_Eurasian Blackbird.txt,Turdidae,Turdus,0,0,2,A,0,A,3,1,0,,Eurasian Blackbird,Turdus_merula,Eurasian Blackbird_behavior_extraction.txt,1,0,Strong,MEDIUM,Z unclear,,TRUE,TRUE,"Solitary, but nests sometimes as close as 10 m where population density very high; territorial.",territorial,Exclusive,Strong,Medium,"Old males maintain their territories all the year round, and their mates usually stay with them. Young males begin to take up territories in their first autumn, but most do not become well established until February or March. Young females show preferences for particular areas, which they defend against other females, and may associate with the owning males, but the definitive pairs for the breeding season are not usually formed until early spring.
3
There are frequent minor changes in territories during the breeding season, and in addition territorial activity fluctuates with each nest-cycle, defence being strictest when a new nest is being started.",https://doi.org/10.1111/j.1474-919X.1956.tb01428.x,
Terr2_FS_CB_Species\viewax1_Violet-eared Waxbill.txt,Estrildidae,Granatina,1,0,2,B,1,A,3,1,2,,Violet-eared Waxbill,Uraeginthus_granatinus,Violet-eared Waxbill_behavior_extraction.txt,0,0,Strong,Low,Z unclear,,TRUE,TRUE,Territorial; Resident,territorial,Exclusive,Strong,Medium,"Of the five species in the Uraeginthus genus,
only the violet-eared waxbill (U. granatina) and the closely related purple grena-
dier (U. ianthinogaster) aggressively maintain exclusive breeding territories (these
species are assigned to Granatina by Sorenson et al., 2004). ",doi: 10.3389/fnana.2011.00013,
Terr2_FS_CB_Species\purgre2_Purple Grenadier.txt,Estrildidae,Granatina,1,0,2,A,1,A,3,1,2,,Purple Grenadier,Uraeginthus_ianthinogaster,Purple Grenadier_behavior_extraction.txt,0,0,Strong,Low,Z unclear,,TRUE,TRUE,"Territorial, resident",territorial,Exclusive,Strong,Medium,"Of the five species in the Uraeginthus genus,
only the violet-eared waxbill (U. granatina) and the closely related purple grena-
dier (U. ianthinogaster) aggressively maintain exclusive breeding territories (these
species are assigned to Granatina by Sorenson et al., 2004). ",doi: 10.3389/fnana.2011.00013,
Terr2_FS_CB_Species\pepcis1_Pectoral-patch Cisticola.txt,Cisticolidae,Cisticola,0,NA,2,B,0,A,3,1,0,,Pectoral-patch Cisticola,Cisticola_brunnescens,Pectoral-patch Cisticola_behavior_extraction.txt,2,0,Strong,Low,Z unclear,,TRUE,TRUE,"Probably monogamous; solitary, territorial.; presumably mostly resident",,Exclusive,Strong,Low,"Cisticolas are generally solitary, territorial breeders, with the exception of C. exilis and C. juncidis (Zitting Cisticola); perhaps both C. aridulus (Desert Cisticola) and C. ayresii (Wing-snapping Cisticola), which might be polygamous at least some of the time (Ryan, 2006); and C. chiniana (Rattling Cisticola), where a coalition of males seems to hold and defend communal territories (Carlson, 1986).",https://open.uct.ac.za/items/d5644c7b-f4a8-4e30-a518-b6562c628ba3,
Terr2_FS_CB_Species\bbrwar1_Black-browed Reed Warbler.txt,Acrocephalidae,Acrocephalus,0,0,2,B,0,A,2,3,0,,Black-browed Reed Warbler,Acrocephalus_bistrigiceps,Black-browed Reed Warbler_behavior_extraction.txt,0,0,Z unclear,,Z unclear,,FALSE,FALSE,full migrant,,Exclusive,Strong,Low,"Warblers were caught with mist nets, and then banded and individually marked with
a combination of color rings. A total of six males established their territories in the
study area. All of these males were captured and marked immediately after their
arrival. Seven breeding females were also captured and marked within their mate's
territory. However, we failed to capture three females nesting in the area.
Observations were made 3 to 4 days per week from late May to late August. The
behavior of the males was observed at distances of 10 to 20m with binoculars (9X)
and a telescope (20X). Territories were plotted on maps by joining the points at which
aggressive encounters (including songs) occurred. Once a warbler's nest had been
located, we checked its contents regularly to determine clutch size and breeding
success. ",https://www.jstage.jst.go.jp/article/jjo1986/45/2/45_2_109/_pdf,
Terr2_FS_CB_Species\blrwar1_Blyth's Reed Warbler.txt,Acrocephalidae,Acrocephalus,1,0,2,B,0,A,2,3,1,,Blyth's Reed Warbler,Acrocephalus_dumetorum,Blyth's Reed Warbler_behavior_extraction.txt,0,0,Z unclear,,Z unclear,,FALSE,FALSE,migrant,,Exclusive,Strong,Low,"The territory of the species is quite small and the male defends it only during the beginning of the breeding season. In every case polygyny was successive and polyterritorial [each nest with different female was in a diffeent territory]; normally the diameter of the territory is only 15-30 metres.
",https://www.jstor.org/stable/23734151,
Terr2_FS_CB_Species\marwar3_Marsh Warbler.txt,Acrocephalidae,Acrocephalus,1,0,2,A,0,A,3,3,1,,Marsh Warbler,Acrocephalus_palustris,Marsh Warbler_behavior_extraction.txt,0,0,Z unclear,,Z unclear,,FALSE,FALSE,full migrant,,Exclusive,Strong,Medium,"Song and territorial defence had a short duration on the breeding grounds, peaking during the period of mate acquisition and mate-guarding. Some males later showed polyterritorial behaviour.",https://doi.org/10.1111/j.1474-919X.1989.tb02788.x,
Terr2_FS_CB_Species\banhon1_Banded Honeyeater.txt,Meliphagidae,Cissomela,1,0,2,A,1,A,3,1,NA,,Banded Honeyeater,Certhionyx_pectoralis,Banded Honeyeater_behavior_extraction.txt,0,0,Z unclear,,Z unclear,,FALSE,FALSE,nomadic/dispersive,,Exclusive,Strong,High,"Reported ""Territorial"": ""Location-Specific"", ""Repeated"", ""Aggression"", ""Dominance""",Longmore 1991 via https://doi.org/10.1071/ZO9960297,
Terr2_FS_CB_Species\carcis1_Carruthers's Cisticola.txt,Cisticolidae,Cisticola,0,0,2,B,0,A,3,1,0,,Carruthers's Cisticola,Cisticola_carruthersi,Carruthers's Cisticola_behavior_extraction.txt,0,0,Strong,Low,Z unclear,,TRUE,TRUE,"solitary, territorial",,Exclusive,Strong,Low,"Cisticolas are generally solitary, territorial breeders, with the exception of C. exilis and C. juncidis (Zitting Cisticola); perhaps both C. aridulus (Desert Cisticola) and C. ayresii (Wing-snapping Cisticola), which might be polygamous at least some of the time (Ryan, 2006); and C. chiniana (Rattling Cisticola), where a coalition of males seems to hold and defend communal territories (Carlson, 1986).",https://open.uct.ac.za/items/d5644c7b-f4a8-4e30-a518-b6562c628ba3,
Terr2_FS_CB_Species\clscis1_Dambo Cisticola.txt,Cisticolidae,Cisticola,0,0,2,B,0,A,3,1,0,,Dambo Cisticola,Cisticola_dambo,Dambo Cisticola_behavior_extraction.txt,1,0,Strong,Low,Z unclear,,TRUE,TRUE,"Probably monogamous; solitary, territorial.; little info",,Exclusive,Strong,Low,"Cisticolas are generally solitary, territorial breeders, with the exception of C. exilis and C. juncidis (Zitting Cisticola); perhaps both C. aridulus (Desert Cisticola) and C. ayresii (Wing-snapping Cisticola), which might be polygamous at least some of the time (Ryan, 2006); and C. chiniana (Rattling Cisticola), where a coalition of males seems to hold and defend communal territories (Carlson, 1986).",https://open.uct.ac.za/items/d5644c7b-f4a8-4e30-a518-b6562c628ba3,
Terr2_FS_CB_Species\blncis1_Black-backed Cisticola.txt,Cisticolidae,Cisticola,0,0,2,B,0,A,3,1,0,,Black-backed Cisticola,Cisticola_eximius,Black-backed Cisticola_behavior_extraction.txt,3,0,Strong,Low,Z unclear,,TRUE,TRUE,"solitary, territorial; little known about movements",,Exclusive,Strong,Low,"Cisticolas are generally solitary, territorial breeders, with the exception of C. exilis and C. juncidis (Zitting Cisticola); perhaps both C. aridulus (Desert Cisticola) and C. ayresii (Wing-snapping Cisticola), which might be polygamous at least some of the time (Ryan, 2006); and C. chiniana (Rattling Cisticola), where a coalition of males seems to hold and defend communal territories (Carlson, 1986).",https://open.uct.ac.za/items/d5644c7b-f4a8-4e30-a518-b6562c628ba3,
Terr2_FS_CB_Species\dorcis1_Dorst's Cisticola.txt,Cisticolidae,Cisticola,0,0,2,B,0,A,3,1,0,,Dorst's Cisticola,Cisticola_guinea,Dorst's Cisticola_behavior_extraction.txt,1,0,Z unclear,,Z unclear,,FALSE,FALSE,Presumably monogamous; territorial.; data deficient,,Exclusive,Strong,Low,"Cisticolas are generally solitary, territorial breeders, with the exception of C. exilis and C. juncidis (Zitting Cisticola); perhaps both C. aridulus (Desert Cisticola) and C. ayresii (Wing-snapping Cisticola), which might be polygamous at least some of the time (Ryan, 2006); and C. chiniana (Rattling Cisticola), where a coalition of males seems to hold and defend communal territories (Carlson, 1986).",https://open.uct.ac.za/items/d5644c7b-f4a8-4e30-a518-b6562c628ba3,
Terr2_FS_CB_Species\whicis1_Whistling Cisticola.txt,Cisticolidae,Cisticola,0,0,2,B,0,A,3,1,0,,Whistling Cisticola,Cisticola_lateralis,Whistling Cisticola_behavior_extraction.txt,1,0,Strong,Low,Z unclear,,TRUE,TRUE,"Probably monogamous; solitary, territorial.; presumably mostly resident",,Exclusive,Strong,Low,"Cisticolas are generally solitary, territorial breeders, with the exception of C. exilis and C. juncidis (Zitting Cisticola); perhaps both C. aridulus (Desert Cisticola) and C. ayresii (Wing-snapping Cisticola), which might be polygamous at least some of the time (Ryan, 2006); and C. chiniana (Rattling Cisticola), where a coalition of males seems to hold and defend communal territories (Carlson, 1986).",https://open.uct.ac.za/items/d5644c7b-f4a8-4e30-a518-b6562c628ba3,
Terr2_FS_CB_Species\tincis3_Tiny Cisticola.txt,Cisticolidae,Cisticola,0,0,2,B,0,A,3,1,0,,Tiny Cisticola,Cisticola_nanus,Tiny Cisticola_behavior_extraction.txt,1,0,Strong,Low,Z unclear,,TRUE,TRUE,"Probably monogamous; solitary, territorial.; probably mostly resident",,Exclusive,Strong,Low,"Cisticolas are generally solitary, territorial breeders, with the exception of C. exilis and C. juncidis (Zitting Cisticola); perhaps both C. aridulus (Desert Cisticola) and C. ayresii (Wing-snapping Cisticola), which might be polygamous at least some of the time (Ryan, 2006); and C. chiniana (Rattling Cisticola), where a coalition of males seems to hold and defend communal territories (Carlson, 1986).",https://open.uct.ac.za/items/d5644c7b-f4a8-4e30-a518-b6562c628ba3,
Terr2_FS_CB_Species\chucis2_Churring Cisticola.txt,Cisticolidae,Cisticola,0,0,2,B,1,A,3,1,0,,Churring Cisticola,Cisticola_njombe,Churring Cisticola_behavior_extraction.txt,1,0,Strong,Low,Z unclear,,TRUE,TRUE,"solitary, territorial.; presumably mostly resident",,Exclusive,Strong,Low,"Cisticolas are generally solitary, territorial breeders, with the exception of C. exilis and C. juncidis (Zitting Cisticola); perhaps both C. aridulus (Desert Cisticola) and C. ayresii (Wing-snapping Cisticola), which might be polygamous at least some of the time (Ryan, 2006); and C. chiniana (Rattling Cisticola), where a coalition of males seems to hold and defend communal territories (Carlson, 1986).",https://open.uct.ac.za/items/d5644c7b-f4a8-4e30-a518-b6562c628ba3,
Terr2_FS_CB_Species\repcis1_Red-pate Cisticola.txt,Cisticolidae,Cisticola,0,0,2,B,0,A,3,1,0,,Red-pate Cisticola,Cisticola_ruficeps,Red-pate Cisticola_behavior_extraction.txt,1,0,Strong,Low,Z unclear,,TRUE,TRUE,"Probably monogamous; solitary, territorial",,Exclusive,Strong,Low,"Cisticolas are generally solitary, territorial breeders, with the exception of C. exilis and C. juncidis (Zitting Cisticola); perhaps both C. aridulus (Desert Cisticola) and C. ayresii (Wing-snapping Cisticola), which might be polygamous at least some of the time (Ryan, 2006); and C. chiniana (Rattling Cisticola), where a coalition of males seems to hold and defend communal territories (Carlson, 1986).",https://open.uct.ac.za/items/d5644c7b-f4a8-4e30-a518-b6562c628ba3,
Terr2_FS_CB_Species\rufcis1_Rufous Cisticola.txt,Cisticolidae,Cisticola,0,0,2,B,0,A,3,1,0,,Rufous Cisticola,Cisticola_rufus,Rufous Cisticola_behavior_extraction.txt,1,0,Strong,Low,Z unclear,,TRUE,TRUE,"Probably monogamous; solitary, territorial.",,Exclusive,Strong,Low,"Cisticolas are generally solitary, territorial breeders, with the exception of C. exilis and C. juncidis (Zitting Cisticola); perhaps both C. aridulus (Desert Cisticola) and C. ayresii (Wing-snapping Cisticola), which might be polygamous at least some of the time (Ryan, 2006); and C. chiniana (Rattling Cisticola), where a coalition of males seems to hold and defend communal territories (Carlson, 1986).",https://open.uct.ac.za/items/d5644c7b-f4a8-4e30-a518-b6562c628ba3,
Terr2_FS_CB_Species\rehcis2_Gray-backed Cisticola.txt,Cisticolidae,Cisticola,0,0,2,A,0,A,2,1,0,,Gray-backed Cisticola,Cisticola_subruficapilla,Gray-backed Cisticola_behavior_extraction.txt,2,1,Strong,Low,Z unclear,,TRUE,TRUE,"Solitary, territorial; no other information",,Exclusive,Strong,Low,"Cisticolas are generally solitary, territorial breeders, with the exception of C. exilis and C. juncidis (Zitting Cisticola); perhaps both C. aridulus (Desert Cisticola) and C. ayresii (Wing-snapping Cisticola), which might be polygamous at least some of the time (Ryan, 2006); and C. chiniana (Rattling Cisticola), where a coalition of males seems to hold and defend communal territories (Carlson, 1986).",https://open.uct.ac.za/items/d5644c7b-f4a8-4e30-a518-b6562c628ba3,
Terr2_FS_CB_Species\clocis1_Cloud Cisticola.txt,Cisticolidae,Cisticola,0,0,2,A,0,A,3,1,0,,Cloud Cisticola,Cisticola_textrix,Cloud Cisticola_behavior_extraction.txt,2,0,Strong,Low,Z unclear,,TRUE,TRUE,"Probably monogamous; solitary, territorial.",,Exclusive,Strong,Low,"Cisticolas are generally solitary, territorial breeders, with the exception of C. exilis and C. juncidis (Zitting Cisticola); perhaps both C. aridulus (Desert Cisticola) and C. ayresii (Wing-snapping Cisticola), which might be polygamous at least some of the time (Ryan, 2006); and C. chiniana (Rattling Cisticola), where a coalition of males seems to hold and defend communal territories (Carlson, 1986).",https://open.uct.ac.za/items/d5644c7b-f4a8-4e30-a518-b6562c628ba3,
Terr2_FS_CB_Species\cirbun1_Cirl Bunting.txt,Emberizidae,Emberiza,1,0,2,A,0,A,2,2,1,,Cirl Bunting,Emberiza_cirlus,Cirl Bunting_behavior_extraction.txt,1,0,Z unclear,,Z unclear,,FALSE,FALSE,partial migrant,,Exclusive,Strong,Medium,"Following a survey of each of the 127 tetrads (2×2 km squares) in Devon known to have contained breeding cirl buntings during the years 1977–1985, habitat composition was measured in 26 cirl bunting territories and 44 control areas in south Devon in 1990. The nest site of each territory was marked on a 1:25,000 Ordnance Survey map, and a circle with a diameter representing 200 m on the ground was drawn around this. This distance was chosen as best representing the area around the nest vigorously defended by the male ",https://doi.org/10.1016/S0006-3207(02)00069-1,
Terr2_FS_CB_Species\yellow2_Yellowhammer.txt,Emberizidae,Emberiza,1,0,2,A,0,A,2,2,1,,Yellowhammer,Emberiza_citrinella,Yellowhammer_behavior_extraction.txt,1,0,Z unclear,,Z unclear,,FALSE,FALSE,mixed migratory strategies,,Exclusive,Strong,High,"Yellowhammers often have territories close to farmland, and have also frequently been seen foraging in farmland. Thus, the function of territories in their cases may be more related to nest site selection than it is in many other birds that have typical all-purpose territories where most food is collected within the territory boundaries.  .... In those parts of the study area where territories of the two species were close together, males of each species were repeatedly seensinging close to each other for long periods without conflict. Interspecific aggression was seen only about ten times during five years of field work, and in at least two of those cases Ortolan Buntings were chasing larger Yellowhammers. On the other hand, intraspecific aggression was observed numerous times in both species, and two males of the same species were never seen singing close together without aggressive behaviours being recorded (e. g. fighting and alarm calling). ",https://link.springer.com/article/10.1007/BF02465517,
Terr2_FS_CB_Species\shbgrf3_Sharp-beaked Ground-Finch.txt,Thraupidae,Geospiza,0,0,2,B,0,A,2,1,0,,Sharp-beaked Ground-Finch,Geospiza_difficilis,Sharp-beaked Ground-Finch_behavior_extraction.txt,0,0,Z unclear,,Z unclear,,FALSE,FALSE,Resident,,Exclusive,Strong,Medium,"""Males of all six species are usually sedentary, monogamous, and tend to retain the same territory and mate in successive breeding seasons"" (fg=G. fuliginosa, ft=G. fortis, rag= G. magnirostris, sc = G. seandens, df= G. difficilis, con = G. conirostris) Results of playback experiments: ""Males reacted equally strongly to different conspecific song types (A and B), but responded significantly more strongly to local conspecific song than to either heterospecific song or foreign dialect""",https://www.sciencedirect.com/science/article/abs/pii/S0003347285801433,
Terr2_FS_CB_Species\smgfin1_Small Ground-Finch.txt,Thraupidae,Geospiza,0,0,2,B,0,A,2,1,0,,Small Ground-Finch,Geospiza_fuliginosa,Small Ground-Finch_behavior_extraction.txt,0,0,Z unclear,,Z unclear,,FALSE,FALSE,Largely resident,,Exclusive,Strong,Medium,"""Males of all six species are usually sedentary, monogamous, and tend to retain the same territory and mate in successive breeding seasons"" (fg=G. fuliginosa, ft=G. fortis, rag= G. magnirostris, sc = G. seandens, df= G. difficilis, con = G. conirostris) Results of playback experiments: ""Males reacted equally strongly to different conspecific song types (A and B), but responded significantly more strongly to local conspecific song than to either heterospecific song or foreign dialect""",https://www.sciencedirect.com/science/article/abs/pii/S0003347285801433,
lagfin1_Large Ground-Finch.txt,Thraupidae,Geospiza,0,0,2,A,0,A,2,1,0,,Large Ground-Finch,Geospiza_magnirostris,Large Ground-Finch_behavior_extraction.txt,0,0,Z unclear,,Z unclear,,FALSE,FALSE,Resident,,Exclusive,Strong,Medium,"""Males of all six species are usually sedentary, monogamous, and tend to retain the same territory and mate in successive breeding seasons"" (fg=G. fuliginosa, ft=G. fortis, rag= G. magnirostris, sc = G. seandens, df= G. difficilis, con = G. conirostris) Results of playback experiments: ""Males reacted equally strongly to different conspecific song types (A and B), but responded significantly more strongly to local conspecific song than to either heterospecific song or foreign dialect""",https://www.sciencedirect.com/science/article/abs/pii/S0003347285801433,
Terr2_FS_CB_Species\monlar2_Monotonous Lark.txt,Alaudidae,Mirafra,0,0,2,B,0,A,3,1,0,,Monotonous Lark,Mirafra_passerina,Monotonous Lark_behavior_extraction.txt,0,0,Z unclear,,Z unclear,,FALSE,FALSE,"Nomadic; territory c. 2 ha, but as little as 0·5 ha in some areas",,Exclusive,Strong,Medium,"Males establish territories through almost continuous singing, regular short display flights and the chasing of rival males throughout the day and night. These demanding activity levels lead to weaker or perhaps inexperienced males vacating their territories which, in turn, are occupied by fitter neighbouring males",https://journals.uct.ac.za/index.php/BO/article/view/127/168,
Terr2_FS_CB_Species\whchon2_White-cheeked Honeyeater.txt,Meliphagidae,Phylidonyris,0,0,2,A,0,A,3,2,0,,White-cheeked Honeyeater,Phylidonyris_niger,White-cheeked Honeyeater_behavior_extraction.txt,0,0,Z unclear,,Z unclear,,FALSE,FALSE,"Apparently largely resident, with at least some movements",,Exclusive,Strong,Medium,"Reported ""Territorial"": ""Location-Specific"", ""Repeated"", ""Aggression"", ""Dominance""","Armstrong 1990, Longmore 1991, etc via https://doi.org/10.1071/ZO9960297",
Terr2_FS_CB_Species\eurmag1_Eurasian Magpie.txt,Corvidae,Pica,1,0,2,A,0,A,3,1,1,,Eurasian Magpie,Pica_pica,Eurasian Magpie_behavior_extraction.txt,1,0,Z unclear,,Z unclear,,FALSE,FALSE,essentially resident,,Exclusive,Strong,Medium,"""The territory of the Magpie is nearly circular, the nest being at the centre. The size of some territories within the study area has been measured, averaging 0.06 km2"" "" Aggression between neighbour territorial Magpies or between those with and without territories occurs most often during February to April."" ",https://www.jstor.org/stable/3676195,
Terr2_FS_CB_Species\rewbla_Red-winged Blackbird.txt,Icteridae,Agelaius,1,0,2,A,0,A,2,3,1,,Red-winged Blackbird,Agelaius_phoeniceus,Red-winged Blackbird_behavior_extraction.txt,2,0,Strong,HIGH,Strong,HIGH,FALSE,FALSE,"Males establish and defend territories with clearly delineated boundaries during the breeding season, but boundaries may shift within a breeding season",,Exclusive,Strong,Medium,,,
Terr2_FS_CB_Species\waicis1_Wailing Cisticola.txt,Cisticolidae,Cisticola,0,0,2,B,0,A,3,1,0,,Wailing Cisticola,Cisticola_lais,Wailing Cisticola_behavior_extraction.txt,1,0,Strong,MEDIUM,Strong,MEDIUM,FALSE,FALSE,Territorial.; presumably mostly resident; sings from songpost,,Exclusive,Strong,Low,"Cisticolas are generally solitary, territorial breeders, with the exception of C. exilis and C. juncidis (Zitting Cisticola); perhaps both C. aridulus (Desert Cisticola) and C. ayresii (Wing-snapping Cisticola), which might be polygamous at least some of the time (Ryan, 2006); and C. chiniana (Rattling Cisticola), where a coalition of males seems to hold and defend communal territories (Carlson, 1986). C",http://hdl.handle.net/11427/15462,
Terr2_FS_CB_Species\grycis1_Tinkling Cisticola.txt,Cisticolidae,Cisticola,0,0,2,B,0,A,3,1,0,,Tinkling Cisticola,Cisticola_rufilatus,Tinkling Cisticola_behavior_extraction.txt,0,0,Strong,MEDIUM,Strong,MEDIUM,FALSE,FALSE,"Probably monogamous; solitary, territorial in breeding season and possibly throughout year.; Male advertises territory by singing from top of small tree or bush; if disturbed, he gives a churring alarm to warn female, and she moves away, typically unseen.",,Exclusive,Strong,Low,"Cisticolas are generally solitary, territorial breeders, with the exception of C. exilis and C. juncidis (Zitting Cisticola); perhaps both C. aridulus (Desert Cisticola) and C. ayresii (Wing-snapping Cisticola), which might be polygamous at least some of the time (Ryan, 2006); and C. chiniana (Rattling Cisticola), where a coalition of males seems to hold and defend communal territories (Carlson, 1986). C",http://hdl.handle.net/11427/15462,
Terr2_FS_CB_Species\swyrob1_Swynnerton's Robin.txt,Muscicapidae,Swynnertonia,1,0,2,B,0,A,3,1,1,,Swynnerton's Robin,Swynnertonia_swynnertoni,Swynnerton's Robin_behavior_extraction.txt,1,0,Strong,MEDIUM,Strong,MEDIUM,FALSE,FALSE,"Evidence from ringed birds in Bvumba Highlands (Zimbabwe) suggested high site fidelity with territories frequently used by the same pair for up to 8 yr; monogamous, territorial, and solitary breeder",,Exclusive,Strong,Low,,,
Terr2_FS_CB_Species\winwre4_Eurasian Wren.txt,Troglodytidae,Troglodytes,0,0,2,B,0,A,2,3,0,,Eurasian Wren,Troglodytes_troglodytes,Eurasian Wren_behavior_extraction.txt,0,0,Strong,MEDIUM,Strong,MEDIUM,FALSE,FALSE,"Territorial males exposed to song playback shortly after dawn increased their song output before sunrise one day after the simulated intrusion, which indicates that dawn singing functions in territory defence (6); variable migration",,Exclusive,Strong,Medium,"Male wrens are highly territorial, sing discrete and loud songs at a high rate with clear silent between-song intervals during their breeding season, and often occur at high densities. Eurasian wren singing is also readily triggered by playback of conspecific songs, while already active birds typically persist with high vocal activity in response to such a simulated territorial intruder",https://www.sciencedirect.com/science/article/pii/S0376635713002453,
Terr2_FS_CB_Species\sonthr1_Song Thrush.txt,Turdidae,Turdus,0,0,2,B,0,A,3,3,0,,Song Thrush,Turdus_philomelos,Song Thrush_behavior_extraction.txt,2,0,Strong,MEDIUM,Strong,MEDIUM,FALSE,FALSE,"Territory size variable with habitat, as little as 0·2 ha but generally 0·4–0·6 ha in suburban mature gardens but 1·5–6 ha in woodland in Finland and France.; song louder and more intense during counter-singing with rival male; song output over year has distinct phases, including extended one at end of breeding, possibly for repertoire-learning by offspring or territorial marking for subsequent season.; Migratory",,Exclusive,Strong,Medium,,,
Terr2_FS_CB_Species\casvir_Cassin's Vireo.txt,Vireonidae,Vireo,0,0,2,B,0,A,2,3,0,,Cassin's Vireo,Vireo_cassinii,Cassin's Vireo_behavior_extraction.txt,1,0,Strong,MEDIUM,Strong,MEDIUM,FALSE,FALSE,Males defend territories against other males.,,Exclusive,Strong,Medium,,,
Terr2_FS_CB_Species\warvir_Warbling Vireo.txt,Vireonidae,Vireo,1,0,2,B,0,A,2,3,1,,Warbling Vireo,Vireo_gilvus,Warbling Vireo_behavior_extraction.txt,11,0,Strong,MEDIUM,Strong,MEDIUM,FALSE,FALSE,"Few intense territorial interactions. Male usually arrives on breeding grounds before female and begins singing immediately. Territories established and defended by male song, chasing of intruders and patrolling of territory boundaries. Primary ter-ritorial defense is exchange of song",,Exclusive,Strong,Medium,,,
Terr2_FS_CB_Species\wlswar_Wilson's Warbler.txt,Parulidae,Cardellina,1,0,2,B,0,A,2,3,1,,Wilson's Warbler,Wilsonia_pusilla,Wilson's Warbler_behavior_extraction.txt,6,1,Strong,MEDIUM,Strong,MEDIUM,FALSE,FALSE,"no essential changes in boundaries of 17 territories during breeding season, although neighboring males frequently intrude on territory;  Once a male sings persistently on its territory, ownership usually not disputed by other males (aside from occasional border disputes). Males respond to song playback with intense calling and singing, often pursuing playback to territory boundary",,Exclusive,Strong,Medium,,,
afpfly1_African Paradise-Flycatcher.txt,Monarchidae,Terpsiphone,0,0,2,A,0,A,3,1,0,,African Paradise-Flycatcher,Terpsiphone_viridis,African Paradise-Flycatcher_behavior_extraction.txt,1,0,Strong,HIGH,Strong,HIGH,FALSE,FALSE,"territory defended all year by (singing) male, sometimes several nests in close proximity to each other and defended communally",3 - communal defense,Permissive,Strong,Medium,,,
Terr2_FS_CB_Species\rbbwea1_Red-billed Buffalo-Weaver.txt,Ploceidae,Bubalornis,0,1,2,A,0,A,3,1,0,,Red-billed Buffalo-Weaver,Bubalornis_niger,Red-billed Buffalo-Weaver_behavior_extraction.txt,0,0,Strong,HIGH,Strong,HIGH,FALSE,FALSE,"Colonial; dominant male at each nest mass controls most of the chambers and defends site against other males; sometimes two males form a coalition, both individuals building and defending nest.","Apr2025 - coalition; defense, but not exclusive",Permissive,Strong,Medium,permissive because cooperative and colonial,,1 - coalition
Terr2_FS_CB_Species\strgra2_Striated Grasswren.txt,Maluridae,Amytornis,1,1,2,A,0,A,3,1,1,,Striated Grasswren,Amytornis_striatus,Striated Grasswren_behavior_extraction.txt,4,0,Strong,HIGH,Strong,HIGH,FALSE,FALSE,"Both sexes sing, with frequent observations of females joining males in territorial songs in the early morning.; Highly territorial",,Permissive,Strong,Medium,permissive because cooperative,,1
Terr2_FS_CB_Species\soatan1_Sooty Ant-Tanager.txt,Cardinalidae,Driophlox,0,1,2,B,0,A,3,1,0,,Sooty Ant-Tanager,Habia_gutturalis,Sooty Ant-Tanager_behavior_extraction.txt,0,0,Strong,HIGH,Strong,HIGH,FALSE,FALSE,"Individuals move in family groups within a home territory; ant-tanagers avoid trespassing even when foraging at army-ant swarms.; playbacks trials in Antioquia (northern Central Andes of Colombia) and also reported by Willis ( 2) elicited active responses, such as singing, calling, and flying back and forth",,Permissive,Strong,Medium,permissive because cooperative,,
Terr2_FS_CB_Species\yesbla1_Yellow-shouldered Blackbird.txt,Icteridae,Agelaius,1,0,2,A,0,A,2,1,1,,Yellow-shouldered Blackbird,Agelaius_xanthomus,Yellow-shouldered Blackbird_behavior_extraction.txt,0,0,Strong,HIGH,Strong,HIGH,FALSE,FALSE,"By supplanting, chasing and displaying the male Yellow-shoulder defends a small area, usually 3-5 m in radius around the nest; The female is rarely involved in territorial aggression, and then only when a intruder is immediately at the nest",,Permissive,Strong,Medium,,,
Terr2_FS_CB_Species\veery_Veery.txt,Turdidae,Catharus,1,0,2,B,0,A,2,3,1,,Veery,Catharus_fuscescens,Veery_behavior_extraction.txt,7,2,Strong,HIGH,Strong,HIGH,FALSE,FALSE,"Males defend territories against conspecifics in part by chasing intruders; In Hudson Valley, occasionally build nests within 15–20 m of each other within large, overlapping territories (K. Schmidt, personal communication). Clustering of nests has been observed in Delaware and New Hampshire (Harding 1925) as well and is thought to be a function of female kin (tolerant of one another) pairing with male kin (tolerant of one another; Halley 2016). Despite some females clustering nests, others have been observed showing agonistic behavior toward on another (chasing, bill snapping; CMH).",,Permissive,Strong,Medium,,,interesting cases of tolerance of other pairs near territory suspected to be females' kin; some cooperation
Terr2_FS_CB_Species\cibbun1_Cinnamon-breasted Bunting.txt,Emberizidae,Emberiza,0,0,2,C,0,A,3,2,0,,Cinnamon-breasted Bunting,Emberiza_tahapisi,Cinnamon-breasted Bunting_behavior_extraction.txt,1,0,Strong,HIGH,Strong,HIGH,FALSE,FALSE,Territorial; male sings from prominent perch; partial migrant; but neighbouring nests may be only 20–30 m apart in areas of high density,,Permissive,Strong,Medium,,,
Terr2_FS_CB_Species\easwah1_Eastern Wattled-Honeyeater.txt,Meliphagidae,Foulehaio,1,0,2,B,1,A,3,1,NA,,Eastern Wattled-Honeyeater,Foulehaio_carunculatus,Eastern Wattled-Honeyeater_behavior_extraction.txt,2,0,Strong,Low,Strong,Low,FALSE,FALSE,"Territorial when breeding, driving larger species away from nest vicinity and physically attacking smaller birds (including Myzomela cardinalis); ""probably resident""","4 - Describes defense against other species, not conspecifics",Permissive,Strong,Low,"In the Wattled Honeyeater, a highly vocal species that nests year-round (H.B.F., pers. obs.; Banks 1984), seasonal variation in detection may be influenced primarily by gregarious concentration to exploit specific resources rather than by breeding behavior (Collins and Briffa 1982, Collins et al. 1983). For example, Wattled Honeyeaters showed a high peak in abundance at four stations in December and January (Figure 4).",https://muse.jhu.edu/article/50917/pdf,
Terr2_FS_CB_Species\thrnig1_Thrush Nightingale.txt,Muscicapidae,Luscinia,1,0,2,B,0,A,2,3,1,,Thrush Nightingale,Luscinia_luscinia,Thrush Nightingale_behavior_extraction.txt,0,0,Strong,Low,Strong,Low,FALSE,FALSE,"Migratory, Territorial in winter quarters;  in confrontations song assumes strangled quality; ""territorial alarm""",4 - winter quarters,Permissive,Strong,Low,"We found that only a fraction of the males was territorial in their East African winter quarters and that this was related to the stage of their song development. Individuals with full song were territorial towards other full songsters, but not towards birds that sang plastic song (i.e. an earlier stage of song development). Plastic singers were not territorial towards full songsters and often settled closely to territorial males... Territorial aggression in this species typically involves approaching rival males and counter-singing [44,45]. When territorial interactions escalate, chases and physical fights can be observed. ",https://doi.org/10.1098/rspb.2023.0496,winter quarters territoriality
Terr2_FS_CB_Species\whiteh1_Whitehead.txt,Mohouidae,Mohoua,0,1,2,B,0,A,3,1,0,,Whitehead,Mohoua_albicilla,Whitehead_behavior_extraction.txt,1,0,Strong,MEDIUM,Strong,Low,FALSE,TRUE,Territorial when breeding; resident,,Permissive,Strong,Low,"Pōpokotea Mohoua albicilla at high density on Te Hauturuo-Toi / Little Barrier I. (henceforth Hauturu) bred in small
cooperative groups of two to eight individuals in territories as
small as 1.3 ha, although year-round home ranges for males and
females were 3.8–14.1 ha (Higgins & Peter 2002). In autumn
and winter, after breeding, groups have larger home ranges,
with a variable flock size up to 30 birds ",https://www.jstor.org/stable/pdf/48697169.pdf,1
Terr2_FS_CB_Species\gowwar_Golden-winged Warbler.txt,Parulidae,Vermivora,0,0,2,B,0,A,2,3,0,,Golden-winged warbler,Vermivora_chrysoptera,Golden-winged Warbler_behavior_extraction.txt,0,0,Strong,MEDIUM,Strong,Low,FALSE,TRUE,"migratory, Territories can overlap to some degree, but such boundaries often remain in dispute.",,Permissive,Strong,Medium,"Golden-winged warblers require early-successional habitats for breeding and usually nest in loose colonies of up to 10 pairs (Confer and Knapp 1981, Confer 1992, Klaus and Buehler 2001). Males establish exclusive territories, with boundaries often defined by an edge or row of trees (Ficken and Ficken 1968, Will 1986, Confer 1992)",https://www.jstor.org/stable/3784457,
canwar_Canada Warbler.txt,Parulidae,Cardellina,0,0,2,B,0,A,2,3,0,,Canada Warbler,Wilsonia_canadensis,Canada Warbler_behavior_extraction.txt,1,0,Strong,MEDIUM,Strong,Low,FALSE,TRUE,"Territories can overlap to some degree, but such boundaries often remain in dispute.; Flocks are likely territorial.",,Permissive,Strong,Medium,,,
Terr2_FS_CB_Species\sinhon1_Singing Honeyeater.txt,Meliphagidae,Gavicalis,0,1,2,C,0,A,3,1,0,,Singing Honeyeater,Lichenostomus_virescens,Singing Honeyeater_behavior_extraction.txt,1,0,Weak,Low,Weak,Low,FALSE,FALSE,"Resident, usually with some local movements or fluctuation in numbers at specific locations. At some sites where apparently sedentary there is constant or large turnover of individuals","""large turnover""?",Permissive,Strong,Medium,"""A territory is defended physically and vocally, defense often being centered around nectar sources."" ""Honeyeaters are renowned for following the seasonal changes in
flowering plants (Ford 1979, Hopper 1981). During the flowering
season, territorial boundaries are often ignored and large numbers of birds can be seen together due to the over-abundance of an energy-rich food source-hence the large number of Singing
Honeyeaters at the Kellerberrin study site where flowering plants
were common. Once flowering has finished, the birds once again
become territorial and disperse to be able to forage efficiently""","https://sora.unm.edu/sites/default/files/journals/auk/v111n01/p0178-p0184.pdf
https://researchportal.murdoch.edu.au/esploro/outputs/graduate/Niche-breadths-of-island-and-mainland/991005540766307891",
Terr2_FS_CB_Species\pammea1_Pampas Meadowlark.txt,Icteridae,Leistes,0,0,2,B,0,B,2,2,0,,Pampas Meadowlark,Sturnella_defilippii,Pampas Meadowlark_behavior_extraction.txt,1,0,Weak,Low,Weak,Low,FALSE,FALSE,"Male defends rather small territory, mean inter-nest distance in one study 23 cm.; Breeds in ""reproductive groups"" or dispersed colonies, nests more clumped than those of L. loyca; colonies contain 2–66 displaying males in Argentina, 3–25 in Uruguay.",1 - colonial but actively territorial,Permissive,Strong,Medium,"""Pampas Meadowlarks are gregarious, even during the breeding season, which typically extends from October to December. Males’ territories are small and tightly packed in areas of suitable habitat, forming what we call reproductive groups.""
""During the breeding season (October–December) birds nest gregariously and males defend small territories (Gochfeld, 1979a)."" ""Contrasting with the highly territorial display on the breeding grounds, food is usually obtained off territory (Gochfeld, 1979).""","https://sora.unm.edu/sites/default/files/SAB_019_1999%20P250-257_The%20Decline%20of%20the%20Pampas%20Meadowlark%20Difficulties%20of%20Applying%20the%20Iucn%20Criteria%20to%20Neotropical%20Grassland%20Birds_Turaro%2C%20Gabelli.pdf  
https://www.cambridge.org/core/services/aop-cambridge-core/content/view/5CC7D6856C52DB587A49C96078A3D824/S0030605304000304a.pdf/range-contraction-in-the-pampas-meadowlark-sturnella-defilippii-in-the-southern-pampas-grasslands-of-argentina.pdf ;   https://doi.org/10.1016/S0006-3207(03)00103-4",colonial but actively territorial
Terr2_FS_CB_Species\rebbla1_Red-breasted Meadowlark.txt,Icteridae,Leistes,0,0,2,A,0,A,2,2,0,,Red-breasted Meadowlark,Sturnella_militaris,Red-breasted Meadowlark_behavior_extraction.txt,0,0,Weak,Low,Weak,Low,FALSE,FALSE,Resident; May breed in loose colonies,1 - colonial-weak example,Permissive,Strong,Medium,"Males and females of militaris spent much of their time together, often foraging on the ground within one meter of each other. The females often joined theirmates both physically and vocally when they flew to defend their territory against a neighboring male or a decoy. ..... Territory plays a prominent role in the life of meadowlarks, although unanticipated variation in the nature of their territoriality was found. For militaris I found a linear distribution of territories on the pampas, although in other habitats they assumed a more or less polygonal or circular shape. The utilized space was oten much greater than the defended area, and if one excludes primary song, I occasionally had days when no territorial defense was apparent. Although the territories approximate type A (mating, nesting, feeding), the birds in some cases make long forays beyond the limits of their defended area. Birds did not feed with territories of another pair. Territories of defilippii were often small ( 1 hectare) compared with militaris ( 2 hectares), and were usually regularly arranged over tthe grasslands. They would be considered type B territories in many cases since much food for nestlings was obtained off the territory. I found that bellicosa territories were similar to those of defilippii. Territories of militaris and defilippii overlapped extensively.  
Territories of ]?. militaris are Nearly Type A, except that birds frequently make long forays beyond the limits of their defended area. They utilize elevated perches to defend territories, and therefore a large part of the boundary between two territories is apparently ignored with encounters occurring mainly along fences where two territories abut. 
Judging from the occurrence of many territories in one field and none in nearby fields of similar vegetation, it seems proper to treat this species as loosely colonial.",https://www.proquest.com/docview/302788313/fulltextPDF/1A42C588C7D04CF2PQ/1?accountid=14816&sourcetype=Dissertations%20&%20Theses,
Terr2_FS_CB_Species\crehon2_Crescent Honeyeater.txt,Meliphagidae,Phylidonyris,0,0,2,B,0,A,3,1,0,,Crescent Honeyeater,Phylidonyris_pyrrhopterus,Crescent Honeyeater_behavior_extraction.txt,0,0,Weak,Low,Weak,Low,FALSE,FALSE,Breeds in simple territorial pair or in semi-colonial cluster.; resident or partial migrant,1 - territorial or semi-colonial?,Permissive,Strong,Medium,"""Breeding males held well-defined territories. Females, although generally restricting their activities to within their mate’s territory, visited other males’ territories more frequently than did their mates and did so close to the time of egg laying. Males aggressively chased intruding males, but appeared to permit intrusions by non-mate females."" 
""The male’s defence both of the nest and of the feeding resources within a single contiguous boundary was similar to that reported for congeneric New Holland Honeyeaters occupying similar forested habitats (McFarland 1986). However, Crescent Honeyeater territories were more clumped, forming a loose colony. Unfortunately, we do not have sufficient data to determine whether territorial boundaries were as intensely defended and defined in the non-breeding season as in the breeding season. Nevertheless, males clearly remained in the same locations within the site throughout the year""",https://doi.org/10.1046/j.1442-9993.1999.00990.x,1
redbis_Southern Red Bishop.txt,Ploceidae,Euplectes,0,0,2,B,0,A,2,1,0,,Southern Red Bishop,Euplectes_orix,Southern Red Bishop_behavior_extraction.txt,1,1,Weak,Low,Weak,Low,FALSE,FALSE,"Mating system highly polygynous, up to seven females nesting on a male territory at one time, and one male having up to 18 social mates in single breeding season;  Often in dense colonies of several hundred birds in reedbeds, with territories as small as 3 m^2",1 - unclear how territorial given coloniality,Permissive,Strong,Medium,"""Males in breeding plumage establish and defend small territories of a few square metres in colonies located in reedbeds or bullrush stands around water, where they construct several nests during a breeding season to which they try to attract females. When a female enters a territory, the male performs courtship displays until the female either fles off or permits copulation. Most of the males are polygynous, mating with several females within a single breeding season."" 
""The breeding colony was located in the vegetation at a small dam (approximately 250 m2) comprised of bullrushes (Typha capensis) and common reeds (Phragmites australis). In the colony, all territorial males had the conspicuous orange scarlet and black breeding plumage. During the four breeding seasons 32, 41, 33 and 36 of such males in breeding plumage held territories; 24 (75%), 36 (87.8%), 31 (93.9%) and 33 (91.7 %) of these males, respectively, were marked with legbands and could be identified individually. On average, 43% of these territorial males were observed during consecutive breeding seasons. Throughout the breeding season, additional males in breeding plumage visited the colony but did not succeed in establishing a territory.""",https://link.springer.com/article/10.1007/s002650050634,unclear how territorial given coloniality
Terr2_FS_CB_Species\corbun1_Corn Bunting.txt,Emberizidae,Emberiza,0,0,2,A,0,A,2,2,0,,Corn Bunting,Miliaria_calandra,Corn Bunting_behavior_extraction.txt,0,0,Weak,Low,Weak,Low,FALSE,FALSE,"partial migrant; males having up to as many as 18 females in territory; Sociable, may form flocks of several hundreds, occasionally more than 1000 individuals, outside breeding season in some parts of range","2 - generally well-documented species, little to suggest active defense",Permissive,Strong,Medium,"""The cycle of the Corn Bunting can be divided into a non-territorial season of flock living and a territorial season during which males defend territories""
 ""The entire parental investment of the male is territorial defence and copulation""
 ""The Corn Bunting starts territorial behaviour in high quality territores in winter. The large size dimorphism is suggested as a result of social dominance in winter flocks. Early occupation of territories may be a necessary cost in order to obtain the best territory. Territories were aggregated and high quality territories were situated in distribution centres near each other. These territories were small, and still they probably held a large amount of resources"" 
--- 
""The experiments were conducted at the time when males vigorously defended territories and were involved in the first breeding attempt""","https://www.jstor.org/stable/pdf/3676010.pdf
https://link.springer.com/content/pdf/10.1007/s10164-006-0010-3.pdf",1
Terr2_FS_CB_Species\clcrob_Clay-colored Thrush.txt,Turdidae,Turdus,0,0,2,B,0,A,3,1,0,,Clay-colored Thrush,Turdus_grayi,Clay-colored Thrush_behavior_extraction.txt,2,0,Strong,Low,Weak,Low,TRUE,FALSE,"Clay-colored Thrush is quite aggressive in immediate vicinity on nest, but evidently does not defend large territories.; resident",,Permissive,Strong,Medium,Permissive because only immediate nest area,,immediate vicinity
Terr2_FS_CB_Species\bcrfin_Brown-capped Rosy-Finch.txt,Fringillidae,Leucosticte,0,0,2,B,0,A,2,3,0,,Brown-capped Rosy-Finch,Leucosticte_australis,Brown-capped Rosy-Finch_behavior_extraction.txt,5,1,Strong,MEDIUM,Strong,MEDIUM,FALSE,FALSE,"males primarily defend a floating territory around their mates, rather than around a fixed piece of alpine real estate; Both sexes, however, may defend nest site from con-specifics; defended areas extend up to 10–20 m from nests (PH, DLP, KBH), but sometimes pairs may nest within 2 m of each other without fighting",1 - both sexes defend; different radiuses of defense vs tolerated neighbors,Permissive,Strong,Medium,"""Breeding territory.-Fighting between males in the vicinity of a female indicated a territory without topographic reference centering around the female as described by Twining (1938: 246-247) and French (1959b: 161-162). Conder (1949: 651-653), in a general paper, has referred to this type of territory as a mated-female territory. This activity diminished as the nesting season progressed.""
 Typically a “mated-female territory” (Johnson 1965c) on alpine breeding grounds; prior to and during nesting, a defended area often centers around female (PH, DLP, KBH, REJ). Both sexes, however, may defend nest site from con-specifics; defended areas extend up to 10–20 m from nests (PH, DLP, KBH),","https://www.jstor.org/stable/4082932
 ",both sexes defend; different radiuses of defense vs tolerated neighbors
Terr2_FS_CB_Species\capsug1_Cape Sugarbird.txt,Promeropidae,Promerops,1,0,2,B,0,A,3,2,1,,Cape Sugarbird,Promerops_cafer,Cape Sugarbird_behavior_extraction.txt,0,0,Strong,MEDIUM,Strong,MEDIUM,FALSE,FALSE,"Loosely colonial nester, but strongly territorial.; Territory small, 0·2–0·4 ha.",1 - colonial but actively territorial,Permissive,Strong,Medium,"Breeding male Sugarbirds are territorial and defend resources for themselves, their mates and their offspring (Skead 1967; Seiler and Prs-Jones 1989). Sugarbirds, however, move awayfrom their breeding territories in search of food during the dry summer season and return to the same breeding sites each autumn and males re-establish territories on their return (Craig and Hulley 1994; Henderson 2000). ",https://www.tandfonline.com/doi/pdf/10.1071/MU01071,colonial but actively territorial
Terr2_FS_CB_Species\alpacc1_Alpine Accentor.txt,Prunellidae,Prunella,1,1,2,A,0,A,2,2,1,,Alpine Accentor,Prunella_collaris,Alpine Accentor_behavior_extraction.txt,0,0,Strong,MEDIUM,Strong,MEDIUM,FALSE,FALSE,3–5 males which co-operated in defending group territory,3 - collective defense,Permissive,Strong,Medium,"""These results suggest that the primary breeding unit of Alpine Accentors is a group consisting of five to ten members who share a group territory which contains all the resources necessary for living and breeding""",https://onlinelibrary.wiley.com/doi/pdf/10.1111/j.1474-919X.1995.tb03256.x,collective defense
Terr2_FS_CB_Species\rufcha2_Rufous Chatterer.txt,Leiothrichidae,Argya,0,1,3,A,1,A,3,1,0,,Rufous Chatterer,Turdoides_rubiginosa,Rufous Chatterer_behavior_extraction.txt,2,0,Strong,MEDIUM,Strong,MEDIUM,FALSE,FALSE,"Lives in territorial group, occupying relatively large area (so that groups rarely near one another); co-operative breeder.","3 - territorial, cooperative breeder, communal signalling and defense, but no female song",Permissive,Strong,Low,Permissive because cooperative,,"group defense;  territorial, cooperative breeder, communal signalling and defense, but no female song"
Terr2_FS_CB_Species\ratcis1_Rattling Cisticola.txt,Cisticolidae,Cisticola,0,1,2,B,0,A,3,1,0,,Rattling Cisticola,Cisticola_chiniana,Rattling Cisticola_behavior_extraction.txt,2,0,Strong,MEDIUM,Strong,MEDIUM,FALSE,FALSE,"Territorial in breeding season, and probably all year in Kenya, where most territories held by groups of 3–5 birds (occasionally more in areas with denser vegetation, up to three males and five females in some groups); Average annual survival of territory-holding males in Kenya 70% for ""alpha"" males and 68% for ""beta"" males.",,Permissive,Strong,High,"Cisticolas are generally solitary, territorial breeders, with the exception of C. exilis and C. juncidis (Zitting Cisticola); perhaps both C. aridulus (Desert Cisticola) and C. ayresii (Wing-snapping Cisticola), which might be polygamous at least some of the time (Ryan, 2006); and C. chiniana (Rattling Cisticola), where a coalition of males seems to hold and defend communal territories (Carlson, 1986). C",http://hdl.handle.net/11427/15462,1
Terr2_FS_CB_Species\seysun2_Seychelles Sunbird.txt,Nectariniidae,Cinnyris,1,1,2,A,0,A,3,1,NA,,Seychelles Sunbird,Nectarinia_dussumieri,Seychelles Sunbird_behavior_extraction.txt,1,0,Strong,MEDIUM,Strong,MEDIUM,FALSE,FALSE,Territory defended throughout year.,,Permissive,Strong,Medium,Permissive because cooperative,,1
Terr2_FS_CB_Species\barwar1_Barred Warbler.txt,Sylviidae,Curruca,1,0,2,A,0,A,2,3,1,,Barred Warbler,Sylvia_nisoria,Barred Warbler_behavior_extraction.txt,0,0,Strong,MEDIUM,Strong,MEDIUM,FALSE,FALSE,"Territorial, but nests often clustered; migratory; ""area defended""",,Permissive,Strong,Medium,,,
Terr2_FS_CB_Species\reghon1_Regent Honeyeater.txt,Meliphagidae,Anthochaera,NA,0,NA,NA,NA,NA,NA,2,NA,,Regent Honeyeater,Xanthomyza_phrygia,Regent Honeyeater_behavior_extraction.txt,0,0,Weak,MEDIUM,Weak,MEDIUM,FALSE,FALSE,"Often defends temporary feeding territories; Solitary or in small loose colonies or groupings; regularly colonial in Capertee Valley, possibly because population density greater than elsewhere.",,Permissive,Strong,Medium,"Reported ""Territorial"": ""Location-Specific"", ""Repeated"", ""Aggression"", ""Dominance""",https://doi.org/10.1071/ZO9960297,1
Terr2_FS_CB_Species\thbgra1_Western Grasswren.txt,Maluridae,Amytornis,0,1,2,B,0,B,3,1,0,,Western Grasswren,Amytornis_textilis,Western Grasswren_behavior_extraction.txt,1,0,Weak,Low,Z unclear,,TRUE,TRUE,"Sedentary, remaining on territory throughout year","2 - ""remaining"" not ""defending"" - other sedentary ones have been considered weak, originally had this as ""weak""",Permissive,Strong,Medium,""" Western Grasswrens maintained territories in pairs, with occasional cooperative breeding facilitated by adult offspring of either sex who delayed dispersal."" ""All adult individuals were seen to participate in territory defence, including singing and physically engaging with neighbouring groups""",https://doi.org/10.1080/01584197.2022.2125407,1
Terr2_FS_CB_Species\tabhon1_Tawny-breasted Honeyeater.txt,Meliphagidae,Xanthotis,1,0,2,C,1,A,3,1,NA,,Tawny-breasted Honeyeater,Xanthotis_flaviventer,Tawny-breasted Honeyeater_behavior_extraction.txt,1,0,Z unclear,,Z unclear,,FALSE,FALSE,"Can be aggressive towards conspecifics, also aggressive to other species; Usually singly, less often in twos (probably pairs) or, occasionally, in small parties of up to eight individuals, some of which family parties of adults and young -- only described in context of foraging",4 - aggression not specific to territory defense,Permissive,Strong,Medium,,,
Terr2_FS_CB_Species\rewsta1_Red-winged Starling.txt,Sturnidae,Onychognathus,1,0,2,A,0,A,3,1,1,,Red-winged Starling,Onychognathus_morio,Red-winged Starling_behavior_extraction.txt,0,0,Z unclear,,Z unclear,,FALSE,FALSE,"Aggressive around nest-site, attacking both humans and domestic animals, and other bird species; mainly resident,with nomadic flocks; some nest-sites occupied for more than 35 years",4 - nest-site aggression only mentioned as defense against other species/predators,Permissive,Strong,Medium,"In the Cape the Redwinged Starling population consists of two parts: resident pairs and roving flocks. Pairs are territorial, usually roosting all year at the nest....It is successfully defended against strange pairs, but not against flocks, which ignore pairs except during copulation. Other creatures (human beings, dogs, etc.) are boldly attacked near the nest, mainly during breeding but also at other times.",https://doi.org/10.1111/j.1474-919X.1955.tb01926.x,nest-site aggression only mentioned as defense against other species/predators
Terr2_FS_CB_Species\soocha1_Sooty Chat.txt,Muscicapidae,Myrmecocichla,1,1,2,A,0,A,3,1,1,,Sooty Chat,Myrmecocichla_nigra,Sooty Chat_behavior_extraction.txt,0,0,Weak,Low,Z unclear,,TRUE,TRUE,Sedentary,5 - sedentary only,Permissive,Strong,Low,"Although most members of the thrush family appearto roost in trees and bushes, Uganda Black Chats Myrmecocichla nigra sleep in pairs intunnels in the earth, when they are not breeding (Van Someren 1956 : 295). ; ""Territorial, but territory not large and centred to be on nest site... Displaying male performs undulating and fluttering song-flight with rapid wingbeats from tops of bushes or termite mounds.""","https://doi.org/10.1111/j.1474-919X.1961.tb02420.x; Robins and Chats (Clement, 2015)",
Terr2_FS_CB_Species\blabul1_Black Bulbul.txt,Pycnonotidae,Hypsipetes,0,0,2,B,0,A,2,3,0,,Black Bulbul,Hypsipetes_leucocephalus,Black Bulbul_behavior_extraction.txt,0,0,Z unclear,,Z unclear,,FALSE,FALSE,gregarious in non-breeding; male sings continuously near nest in breeding,behavior described,Permissive,Strong,Medium,"""The first
individuals would arrive single or in a group of up to 20
birds in mid-March. In Lungtenphu, the birds would
initially group together, singing and calling. At night, they
moved to a communal roost in the forest. In the second
half of April, territorial fights took place and the bulbuls
would disperse. Nest building and breeding started at the
end of April... The first brood remained in
the territory while the second brood was being raised, but
we did not observe them helping to raise their siblings;
instead, they would join their younger siblings in begging"" (""A review of the breeding birds of Bhutan"", Feijen and Feijen 2008)",http://dspace.cvasu.ac.bd/bitstream/123456789/2074/3/final.production%20report.pdf,
Terr2_FS_CB_Species\bicthr_Bicknell's Thrush.txt,Turdidae,Catharus,1,1,2,A,0,A,1,3,1,,Bicknell's Thrush,Catharus_bicknelli,Bicknell's Thrush_behavior_extraction.txt,0,0,Z unclear,,Z unclear,,FALSE,FALSE,female-defense polygynandry,cooperative,Permissive,Strong,Medium,Birds at both sites displayed agonistic behaviors toward conspecifics and toward playback of conspecific vocalizations. Exclusive territoriality was the predominant winter social system,https://doi.org/10.1525/auk.2010.09160,1
Terr2_FS_CB_Species\stocis1_Stout Cisticola.txt,Cisticolidae,Cisticola,0,1,2,B,0,A,3,1,0,,Stout Cisticola,Cisticola_robustus,Stout Cisticola_behavior_extraction.txt,1,0,Z unclear,,Z unclear,,FALSE,FALSE,"Solitary, sometimes cooperative; Presumably mostly resident",cooperative,Permissive,Strong,Low,"Cisticolas are generally solitary, territorial breeders, with the exception of C. exilis and C. juncidis (Zitting Cisticola); perhaps both C. aridulus (Desert Cisticola) and C. ayresii (Wing-snapping Cisticola), which might be polygamous at least some of the time (Ryan, 2006); and C. chiniana (Rattling Cisticola), where a coalition of males seems to hold and defend communal territories (Carlson, 1986).",https://open.uct.ac.za/items/d5644c7b-f4a8-4e30-a518-b6562c628ba3,1
Terr2_FS_CB_Species\megfin1_Medium Ground-Finch.txt,Thraupidae,Geospiza,0,1,2,A,0,A,2,1,0,,Medium Ground-Finch,Geospiza_fortis,Medium Ground-Finch_behavior_extraction.txt,0,0,Z unclear,,Z unclear,,FALSE,FALSE,Resident; some upslope movement during non-breeding season.,cooperative,Permissive,Strong,Medium,"Female JP4645 traveled to the communal roosting area at night during the egg-laying stage, but remained on the nesting territory during the incubation stage (Figure A9). The incubating female LF1234 also remained on the putative nesting territory during the night (Figure A9), suggesting that the use of the communal roost is contingent upon the nesting status. (https://doi.org/10.1002/ece3.8768); 
""If they survived the dry season, males generally retained territories in the same general area of the island each year, with borders shifting as other birds died or moved.  ...G. fortis and scandens territories overlap broadly, with little indication from field observations of interspecific territoriality (Fig. 6). However, scandens did displace any Geospiza (except the larger G. magnirostris) encountered in their territory, particularly at Opuntia feeding sites or near their nests. As a result fortis territories rarely included the space around scandens nests, whereas scandens territories often included the space around fortis nests (Fig. 6). The use of the territory can be quite thorough. Outside the breeding season, fortis foraged extensively off their territories, while scandens remained on or near their territories much more of the time... A female that changed mates between clutches in 1978 often re-paired with a male having a territory close to that of her first mate. Occasionally young from the first brood flew into the female's new territory and were fed by her; they often begged from the female's new mate, but on all occasions these males ignored them. Attempts by the original male to enter the neighbor's territory were inevitably repelled...  After the young fledged they remained on the territory of the first female's new mate, but were ignored by him... G. fortis is a small, opportunistic breeder, with a large clutch size, an occasionally large but variable population size, a broad diet, and a seasonally varying pattern of territory occupation.  "" (https://doi.org/10.1111/j.1095-8312.1984.tb01679.x) 
""The responses by black and partially black fortis territory owners differed significantly. Black males, experienced or not, chased every fortis male intruder, whereas partially black males chased only one of 17 intruders."" (Grant 1990 https://doi.org/10.1093/beheco/1.2.161)",,
Terr2_FS_CB_Species\blchon2_Black-chinned Honeyeater.txt,Meliphagidae,Melithreptus,1,1,2,B,1,A,3,1,2,,Black-chinned Honeyeater,Melithreptus_gularis,Black-chinned Honeyeater_behavior_extraction.txt,2,0,Z unclear,,Z unclear,,FALSE,FALSE,"Often breeds co-operatively, but also solitarily",cooperative,Permissive,Strong,Medium,"The Black-chinned Honeyeater has a mean weight of 21 g
(range 18–22.5 g, n = 7 males, 2 females), a total length of
15.5 cm, and a short, slightly down-curved bill (Higgins et al.
2001). It is a gregarious species that forms tight social groups
that range from a pair to five individuals, and is sedentary
(defends territories during the breeding season and stays within
the study area over the study period) within the study area.",https://doi.org/10.1071/MU07035,1
Terr2_FS_CB_Species\whbcha2_Arnot's Chat.txt,Muscicapidae,Myrmecocichla,1,1,2,B,0,A,3,1,NA,,Arnot's Chat,Myrmecocichla_arnoti,Arnot's Chat_behavior_extraction.txt,0,0,Z unclear,,Z unclear,,FALSE,FALSE,Considered to be monogamous and territorial,cooperative,Permissive,Strong,Medium,"Two transects of 6 km long in the vicinity of Punda Maria were conducted during the
breeding season when birds remain within exclusive territories and are most likely to
respond to taped calls. ",https://doi.org/10.1017/S0959270900003026,
Terr2_FS_CB_Species\strhon1_Striped Honeyeater.txt,Meliphagidae,Plectorhyncha,1,1,2,B,1,A,3,1,2,,Striped Honeyeater,Plectorhyncha_lanceolata,Striped Honeyeater_behavior_extraction.txt,2,0,Z unclear,,Z unclear,,FALSE,FALSE,"Usually nests solitarily; Appears to be resident over most of range; Claims that species is nomadic or partly nomadic based solely on apparently erratic occurrence, and with no data on movements; Usually seen singly or in twos; sometimes gregarious",cooperative,Permissive,Strong,Medium,"Reported ""Territorial"": ""Location-Specific"", ""Repeated"", ""Aggression"", ""Dominance""",Longmore 1991 via https://doi.org/10.1071/ZO9960297,
Terr2_FS_CB_Species\caisto1_Fuerteventura Stonechat.txt,Muscicapidae,Saxicola,0,1,2,B,0,A,3,1,0,,Fuerteventura Stonechat,Saxicola_dacotiae,Fuerteventura Stonechat_behavior_extraction.txt,1,0,Z unclear,,Z unclear,,FALSE,FALSE,Apparently sedentary.,cooperative,Permissive,Strong,Low,"""Chat territories were predominantly in stony ground with boulders and exposed bedrock and very little soil or sand"" 
""Fieldwork was conducted between mid-February and mid-March 2008 to coincide with the peak of reproduction for this species (Illera and Diaz 2006). This timing exploits the greater detectability of Fuerteventura Stonechats, when birds are tied to territories and parents search intensively for insects to feed their chicks.""","https://onlinelibrary.wiley.com/doi/abs/10.1111/j.1474-919X.1987.tb08236.x 
https://doi.org/10.1017/S0959270908008289",
Terr2_FS_CB_Species\abecis1_Aberdare Cisticola.txt,Cisticolidae,Cisticola,0,1,2,B,0,A,3,1,0,,Aberdare Cisticola,Cisticola_aberdare,Aberdare Cisticola_behavior_extraction.txt,1,0,Strong,Low,Z unclear,,TRUE,TRUE,"territorial, resident",cooperative,Permissive,Strong,Low,"Cisticolas are generally solitary, territorial breeders, with the exception of C. exilis and C. juncidis (Zitting Cisticola); perhaps both C. aridulus (Desert Cisticola) and C. ayresii (Wing-snapping Cisticola), which might be polygamous at least some of the time (Ryan, 2006); and C. chiniana (Rattling Cisticola), where a coalition of males seems to hold and defend communal territories (Carlson, 1986).",,
Terr2_FS_CB_Species\yellow3_Yellowhead.txt,Mohouidae,Mohoua,0,1,2,B,0,A,3,1,0,,Yellowhead,Mohoua_ochrocephala,Yellowhead_behavior_extraction.txt,0,0,Strong,Low,Z unclear,,TRUE,TRUE,"Breed as monogamous pair, usually with one helper. Territorial while breeding",cooperative,Permissive,Strong,Medium,"""Male song seems to have a strong role in territorial defence: it is often used by males in obvious territorial conflict, or males calling loudly from the tops of trees.... By early October, all the birds in my study area at Knobs Flat had joined groups and become sedentary. Each group had a territory. The composition of groups varied: most contained a pair, but one had a lone adult male. Others included a primary pair and secondary birds that were either adult or immature birds. Two of the 63 groups studied had more than one breeding pair in the group"" ""Most territory defence was passive, with primary and secondary males singing for long periods from song-posts within their territory. Occasionally however, males from adjacent territories would have more active territorial interactions that I dubbed ""singing duels"". During singing duels males hopped around within a few centimetres of each other and sang very loudly. ""  
""Many pairs also held similar territories in successive years: two pairs held roughly the same territories for four breeding seasons in a row and three males held roughly the same territories for five breeding seasons in a row",https://openaccess.wgtn.ac.nz/articles/thesis/The_Breeding_Biology_and_Habitat_Relationships_of_the_Yellowhead/16934722,coop
Terr2_FS_CB_Species\blagra1_Black Grasswren.txt,Maluridae,Amytornis,1,1,2,B,0,B,3,1,1,,Black Grasswren,Amytornis_housei,Black Grasswren_behavior_extraction.txt,0,0,Weak,Low,Z unclear,,TRUE,TRUE,Sedentary,cooperative,Permissive,Strong,Medium,"""Territorial disputes between two or occasionally up to four pairs were often observed, and birds reacted
quickly during the day to playback calls.""",https://museum.wa.gov.au/sites/default/files/FIRST%20DESCRIPTION%20OF%20THE%20NEST%20AND%20EGGS%20OF%20THE%20BLACK%20GRASSWREN%20AMYTORNIS%20HOUSEI%20(MILLIGAN)%20WITH%20NOTES%20ON%20BREEDING.pdf,
Terr2_FS_CB_Species\whrmun_White-rumped Munia.txt,Estrildidae,Lonchura,0,0,2,A,0,A,3,1,0,,White-rumped Munia,Lonchura_striata,White-rumped Munia_behavior_extraction.txt,0,0,Z unclear,,Z unclear,,FALSE,FALSE,Adults defend area of only c. 1 m around nest,,Permissive,Strong,Medium,Permissive because only immediate nest area,,
Terr2_FS_CB_Species\bhpfly1_Black-headed Paradise-Flycatcher.txt,Monarchidae,Terpsiphone,1,0,2,B,0,A,3,1,1,,Black-headed Paradise-Flycatcher,Terpsiphone_rufiventer,Black-headed Paradise-Flycatcher_behavior_extraction.txt,1,0,Strong,MEDIUM,Strong,MEDIUM,FALSE,FALSE,"Territorial, but nests often clustered; migratory; ""area defended""",,Permissive,Strong,Medium,,,
Terr2_FS_CB_Species\eurwar1_Common Reed Warbler.txt,Acrocephalidae,Acrocephalus,1,0,2,A,0,A,2,3,1,Acrocephalus_scirpaceus,Common Reed Warbler,Acrocephalus_scirpaceus,Common Reed Warbler_behavior_extraction.txt,3,2,Weak,Low,Weak,Low,FALSE,FALSE,"Eurasian; loosely colonial breeder; Territory size is generally small (300-400m^2), becoming smaller as additional individuals arrive on the breeding grounds, and not much defended after pairing.; In Eurasian populations, males sing to demarcate territories or attract mates, whereas females are known to sing when the nest is approached, or to support the male during territorial disputes; sing from song posts",,Permissive,Strong,Medium,,,"1 - african vs eurasian subspecies slightly different, well-studied"
Terr2_FS_CB_Species\hawfin_Hawfinch.txt,Fringillidae,Coccothraustes,1,0,2,A,0,A,3,2,1,,Hawfinch,Coccothraustes_coccothraustes,Hawfinch_behavior_extraction.txt,2,1,Strong,MEDIUM,Strong,MEDIUM,FALSE,FALSE,Solitary pairs defend area of up to 2000 m2 around nest; those in groups defend only area immediately around nest.,1 - density-based area of defense,Permissive,Strong,Low,"""In a symposium on territory, the majority of the contributions must concern species which have positive patterns of territorial behaviour. In the case of the Hawfinch, which I have studied for some twenty years, the available information is chiefly of a negative character. Nevertheless territory does play a limited role in the breeding behaviour of this unusual bird. """,https://doi.org/10.1111/j.1474-919X.1956.tb01434.x,1 - density-based area of defense
Terr2_FS_CB_Species\broman1_Bronze Mannikin.txt,Estrildidae,Spermestes,0,0,2,A,0,A,3,1,0,,Bronze Mannikin,Lonchura_cucullata,Bronze Mannikin_behavior_extraction.txt,0,0,Weak,MEDIUM,Weak,MEDIUM,FALSE,FALSE,Defended territory extends only c. 1 m around nest; small colony,1 - colony but defends small area within colony,Permissive,Strong,Medium,"""The completed nest is hotly defended against all intruders. The latter may be permitted to sit within inches of the entrance without being molested, but, if they should stand in front of the entrance, peer into the nest hole, or attempt to enter, then a savage onslaught will develop and the offender may be pursued and attacked for some time and some distance away from the nest. It is remarkable how an aggressor in this and various other situa- tions can keep track of its quarry as the latter moves about amongst a dense group of other individuals. If the escapee attempts to make itself incon- spicuous by huddling with a group of other birds, it is nevertheless soon spotted and charged at and the chase begins again.
 Territorial defence in this species, then, does not consist of the protecting of a large well defined area, but of a small region in and immediately in front of the nest. Anyone but the mate is attacked there, but, away from this region, there may still, as described above, be a considerable show of aggression. The latter, however, is always a ""personal"" and not a spatial dispute. In this way the colony can nest in dense groups, a number of nests occurring together in the same bush""",https://www.jstor.org/stable/4532873,colony
Terr2_FS_CB_Species\bkrfin_Black Rosy-Finch.txt,Fringillidae,Leucosticte,0,0,2,B,0,A,2,3,0,,Black Rosy-Finch,Leucosticte_atrata,Black Rosy-Finch_behavior_extraction.txt,6,0,Weak,MEDIUM,Weak,MEDIUM,FALSE,FALSE,"male primarily defends a floating territory around his mate, rather than around a fixed piece of alpine real estate",,Permissive,Strong,Medium,,,1
Terr2_FS_CB_Species\gcrfin_Gray-crowned Rosy-Finch.txt,Fringillidae,Leucosticte,1,0,2,B,0,A,2,3,1,,Gray-crowned Rosy-Finch,Leucosticte_tephrocotis,Gray-crowned Rosy-Finch_behavior_extraction.txt,3,0,Weak,MEDIUM,Weak,MEDIUM,FALSE,FALSE,Little territoriality other than defense of immediate nest site and floating territory centered on female.,,Permissive,Strong,Medium,,,1
Terr2_FS_CB_Species\whwsno1_White-winged Snowfinch.txt,Passeridae,Montifringilla,1,0,2,B,0,A,2,2,1,,White-winged Snowfinch,Montifringilla_nivalis,White-winged Snowfinch_behavior_extraction.txt,0,0,Weak,MEDIUM,Weak,MEDIUM,FALSE,FALSE,"Usually breeds in small loose colonies of 2–6 pairs, also solitarily; defends small territory.; Mainly resident",,Permissive,Strong,Medium,,,
rebque1_Red-billed Quelea.txt,Ploceidae,Quelea,0,0,2,A,0,A,2,2,0,,Red-billed Quelea,Quelea_quelea,Red-billed Quelea_behavior_extraction.txt,0,0,Weak,MEDIUM,Weak,MEDIUM,FALSE,FALSE,"Territory restricted to nest-site, where male sings with raised and fluttering wings.; Typically breeds in vast colonies",,Permissive,Strong,Medium,,,1
Terr2_FS_CB_Species\sibrub_Siberian Rubythroat.txt,Muscicapidae,Calliope,1,0,2,B,0,A,2,3,1,,Siberian Rubythroat,Luscinia_calliope,Siberian Rubythroat_behavior_extraction.txt,3,0,Strong,Low,Strong,Low,FALSE,FALSE,Males hold winter territories.; Migrant,4 - winter territory only,unclear,Strong,Medium,,,"only winter territory mentioned, calls ""in mild (probably territorial) agitation"""
Terr2_FS_CB_Species\tildac1_Tit-like Dacnis.txt,Thraupidae,Xenodacnis,1,0,2,B,1,A,3,1,2,,Tit-like Dacnis,Xenodacnis_parina,Tit-like Dacnis_behavior_extraction.txt,0,0,Strong,MEDIUM,Strong,MEDIUM,FALSE,FALSE,"Occurs in pairs and in small chattering groups, sometimes in remarkably high densities of a dozen or more per hectare in Peru, individuals aggressively attempting to defend tiny territories.; Apparently territorial, at least when breeding, defending linear space of c. 100 m.",,unclear,Strong,Medium,,,
Terr2_FS_CB_Species\whtgra1_White-throated Grasswren.txt,Maluridae,Amytornis,1,1,2,B,0,B,3,1,1,,White-throated Grasswren,Amytornis_woodwardi,White-throated Grasswren_behavior_extraction.txt,0,0,Weak,Low,Z unclear,,TRUE,TRUE,Sedentary,cooperative,Permissive,Strong,Low,"""Territories averaging 10 ha were held by pairs and larger groups during the breeding season, providing evidence of cooperative breeding""",https://www.publish.csiro.au/mu/MU9920039,
Terr2_FS_CB_Species\soccis1_Socotra Cisticola.txt,Cisticolidae,Cisticola,0,0,2,B,0,A,3,1,0,,Socotra Cisticola,Cisticola_haesitatus,Socotra Cisticola_behavior_extraction.txt,1,0,Strong,Low,Z unclear,,TRUE,TRUE,Probably monogamous and territorial; solitary.; resident,,Exclusive,unclear,Low,Cisticola juncidis is often considered conspecific with C. haesitatus and the subspecific identity of populations in south New Guinea is uncertain.,https://open.uct.ac.za/items/d5644c7b-f4a8-4e30-a518-b6562c628ba3,
Terr2_FS_CB_Species\fifser1_Fire-fronted Serin.txt,Fringillidae,Serinus,1,0,2,B,0,A,2,2,1,,Fire-fronted Serin,Serinus_pusillus,Fire-fronted Serin_behavior_extraction.txt,0,0,Strong,MEDIUM,Weak,Low,TRUE,TRUE,"Territorial.; Solitary and semi-colonial, with nests 4–5 m apart.; altitudinal migrant",,Permissive,unclear,Medium,,,
Terr2_FS_CB_Species\botlar1_Botha's Lark.txt,Alaudidae,Spizocorys,0,0,2,B,0,A,2,1,0,,Botha's Lark,Spizocorys_fringillaris,Botha's Lark_behavior_extraction.txt,1,0,Weak,MEDIUM,Weak,MEDIUM,FALSE,FALSE,"Resident; nests solitarily, although inter-nest distance sometimes less than 50 m",,Permissive,unclear,Medium,,,
Terr2_FS_CB_Species\eyrgra1_Eyrean Grasswren.txt,Maluridae,Amytornis,1,1,2,B,0,B,3,1,1,,Eyrean Grasswren,Amytornis_goyderi,Eyrean Grasswren_behavior_extraction.txt,0,0,Weak,Low,Z unclear,,TRUE,TRUE,sedentary,5 - sedentary only,Permissive,unclear,Low,"All grasswren species that have been studied occupy discrete, year-round territories up to 15 ha, depending on the taxon (Rowley & Russell 1997; Black & Gower 2017), though dispersal beyond these areas is thought to be possible (e.g. Black et al. 2015). Although no detailed studies have been made of Eyrean Grasswren home ranges, Schodde (1982) contended that they are less than a hectare when breeding. In this study, locations where Eyrean Grasswrens were seen <200 m apart were considered a single occupied site, based on our observations of pairs in the field with adjacent territories. (https://afo.birdlife.org.au/afo/index.php/afo/article/view/2279/2302)",Can't find: Grasswrens: Australian outback identities. Black and Gower (2017),
blfgro1_Black-faced Grosbeak.txt,Cardinalidae,Caryothraustes,1,1,2,B,0,A,3,1,1,,Black-faced Grosbeak,Caryothraustes_poliogaster,Black-faced Grosbeak_behavior_extraction.txt,0,0,Z unclear,,Z unclear,,FALSE,FALSE,"There are no data on territorial defense, maintenance, or fidelity, or for territory or home range size, for Black-faced Grosbeak.; but also flocks",cooperative,Permissive,unclear,Low,,,
Terr2_FS_CB_Species\forbla1_Forbes's Blackbird.txt,Icteridae,Anumara,1,1,2,B,0,A,2,1,1,,Forbes's Blackbird,Curaeus_forbesi,Forbes's Blackbird_behavior_extraction.txt,0,0,Z unclear,,Z unclear,,FALSE,FALSE,Probably resident,cooperative,Permissive,unclear,Low,,,
Terr2_FS_CB_Species\robacc1_Robin Accentor.txt,Prunellidae,Prunella,0,1,2,B,0,A,2,2,0,,Robin Accentor,Prunella_rubeculoides,Robin Accentor_behavior_extraction.txt,1,0,Z unclear,,Z unclear,,FALSE,FALSE,Collective display involving multiple males; Resident,cooperative,Permissive,unclear,Low,,,1 - Collective display involving multiple males; not noted whether territorial display
Terr2_FS_CB_Species\yebbul3_Yellow-browed Bulbul.txt,Pycnonotidae,Acritillas,NA,1,NA,NA,NA,NA,NA,1,NA,,Yellow-browed Bulbul,Iole_indica,Yellow-browed Bulbul_behavior_extraction.txt,3,0,Z unclear,,Z unclear,,FALSE,FALSE,Resident.,,Permissive,unclear,Low,permissive because cooperative,,
Terr2_FS_CB_Species\newsun2_Newton's Sunbird.txt,Nectariniidae,Anabathmis,NA,1,NA,NA,NA,NA,NA,1,NA,,Newton's Sunbird,Nectarinia_newtonii,Newton's Sunbird_behavior_extraction.txt,1,0,Z unclear,,Z unclear,,FALSE,FALSE,Possibly some altitudinal movement,,Permissive,unclear,Low,permissive because cooperative,,
Terr2_FS_CB_Species\bkffri2_Tanimbar Friarbird.txt,Meliphagidae,Philemon,1,0,2,B,1,A,3,1,NA,Philemon_plumigenus not in BirdTree; sister species Buru Friarbird,Tanimbar Friarbird,Philemon_moluccensis,Tanimbar Friarbird_behavior_extraction.txt,0,0,Strong,Low,Strong,Low,FALSE,FALSE,"Occurs singly and in twos (possibly pairs), mainly in middle to upper levels of habitats; noisy, aggressive and conspicuous.","4 - aggression, not specifically territorial aggression",unclear,unclear,NA,,Not helpful:  https://www.jstor.org/stable/pdf/2096810.pdf?casa_token=kBu4HFWz4PkAAAAA:75vp-3VdkkfZAvheLD-9iThYx62NgwZF0_0ktB7YGnKcYcz6WWb1WC44gGjK6K9GxlBwlNnXDCXosU4GrEYg87B65_7fBC1ttFnDneqRAj58281ZX_bO,
Terr2_FS_CB_Species\miowrw2_Miombo Wren-Warbler.txt,Cisticolidae,Calamonastes,0,0,2,B,0,A,3,1,0,,Miombo Wren-Warbler,Camaroptera_undosa,Miombo Wren-Warbler_behavior_extraction.txt,0,0,Weak,Low,Weak,Low,FALSE,FALSE,"Probably monogamous; solitary, territorial.; presumably resident","2 - combination of ""solitary"" ""territorial""?",unclear,unclear,NA,[couldn't find much],,
Terr2_FS_CB_Species\orblea1_Orange-bellied Leafbird.txt,Chloropseidae,Chloropsis,1,0,2,B,0,A,3,3,1,,Orange-bellied Leafbird,Chloropsis_hardwickii,Orange-bellied Leafbird_behavior_extraction.txt,7,2,Strong,MEDIUM,Strong,MEDIUM,FALSE,FALSE,"Orange-bellied Leafbird can be aggressive while defending foraging territories. Individuals and pairs often chase away smaller birds such as white-eyes (Zosterops spp.) visiting flowers for nectar, as evident in southern China; Sings from open treetop perches","4 - defends foraging territory, only describes heterospecific defense",unclear,unclear,NA,[couldn't find hardly any mentions of it even],,1 - defends foraging territory
Terr2_FS_CB_Species\wespar1_Western Parotia.txt,Paradisaeidae,Parotia,0,0,2,B,0,A,1,1,0,,Western Parotia,Parotia_sefilata,Western Parotia_behavior_extraction.txt,8,1,Z unclear,,Z unclear,,FALSE,FALSE,"Polygynous, with presumed promiscuous males seasonally maintaining terrestrial courts, but not known if solitary or in exploded lek; female builds and attends nest alone.",4 - defending lek grounds?,unclear,unclear,NA,"Males construct and maintain small terrestrial territories, or display courts, used exclusively for courtship. Courts range in area from about 1.0 to 5.0 m2. Display courts were cleared of leaf litter and forest debris except for a thick mat of dark grayish brown rootlet-like epiphytic fungi placed on the court by the court owner... Lek structure is dispersed: courts appear solitary but are within auditory range of
one another. All courts within the studied leks were not located, therefore, nearest
neighbor distances were not calculated... At times, other males visit the area around the court, but are
aggressively excluded from the court floor by the territory owner (Frith and Beehler
1998). """,,defending lek grounds?
Terr2_FS_CB_Species\timori1_Timor Oriole.txt,Oriolidae,Oriolus,1,0,2,C,0,A,3,1,1,,Timor Oriole,Oriolus_melanotis,Timor Oriole_behavior_extraction.txt,0,0,Weak,Low,Z unclear,,TRUE,TRUE,Sedentary,5 - sedentary only,unclear,unclear,NA,"No information on diet, although birds have been observed converging on fruiting Ficus fig trees. Forages alone or in pairs, sometimes in flocks of up to ten (perhaps only at rich food resources), from midstory to canopy. (BOW)",,
Terr2_FS_CB_Species\broori1_Brown Oriole.txt,Oriolidae,Oriolus,1,0,2,B,1,A,3,1,NA,,Brown Oriole,Oriolus_szalayi,Brown Oriole_behavior_extraction.txt,2,0,Weak,Low,Z unclear,,TRUE,TRUE,Sedentary,5 - sedentary only,unclear,unclear,NA,"Aside from the typically gregarious pigeons and parrots, movement in groups
of more than two was noted only for Gerygone chloronota, Mino dumontii,
Oriolus szalayi, Gymnocorvus tristis, Diphyllodes magnificus, Paradisaea
apoda, Oedistoma pygmaeum, and Zosterops minor. With the exceptions of
Mino dumontii and Oedistoma pygmaeum these species were infrequent users
of feeding trees. (https://www.jstor.org/stable/4159922); ""territorial species that do not participate in mixedspecies flocks (Brown Oriole (Oriolus szalayi)"" (https://doi.org/10.1071/MU11026)","Can't access, but Clapp, G.E. (1986). Second recorded instance of the Brown Oriole Oriolus szalayi nesting in the same tree as the Helmeted Friarbird Philemon buceroides. Muruk 1(1): 17-25.",
Terr2_FS_CB_Species\timbus1_Timor Bushchat.txt,Muscicapidae,Saxicola,0,0,2,B,0,A,3,1,0,,Timor Bushchat,Saxicola_gutturalis,Timor Bushchat_behavior_extraction.txt,0,0,Weak,Low,Z unclear,,TRUE,TRUE,Sedentary,5 - sedentary only,unclear,unclear,NA,,,
Terr2_FS_CB_Species\paebla2_Pale-eyed Blackbird.txt,Icteridae,Agelasticus,1,0,2,A,1,A,3,1,2,,Pale-eyed Blackbird,Agelasticus_xanthophthalmus,Pale-eyed Blackbird_behavior_extraction.txt,1,0,Z unclear,,Z unclear,,FALSE,FALSE,Resident; Scant data indicate monogamy and solitary breeding,behavior described,unclear,unclear,NA,"The habitat patches in which the Pale-eyed Blackbird breeds
 are typically no larger than the territory of a single
 pair or, at most, a few pairs. Therefore, retention of a
 monogamous, territorial system is expected",https://www.jstor.org/stable/1370329,
Terr2_FS_CB_Species\asfblu1_Asian Fairy-bluebird.txt,Irenidae,Irena,0,0,2,B,0,A,2,1,0,,Asian Fairy-bluebird,Irena_puella,Asian Fairy-bluebird_behavior_extraction.txt,2,2,Z unclear,,Z unclear,,FALSE,FALSE,Sings or calls from a perch within the canopy of trees in forest.,behavior described,unclear,unclear,NA,,,
Terr2_FS_CB_Species\bcrthr1_Blue-capped Rock-Thrush.txt,Muscicapidae,Monticola,0,0,2,B,0,A,3,3,0,,Blue-capped Rock-Thrush,Monticola_cinclorhynchus,Blue-capped Rock-Thrush_behavior_extraction.txt,3,2,Z unclear,,Z unclear,,FALSE,FALSE,sings from open treetop;,behavior described,unclear,unclear,NA,,,
Terr2_FS_CB_Species\cobrob1_Collared Bush-Robin.txt,Muscicapidae,Tarsiger,0,0,2,B,0,A,2,1,0,,Collared Bush-Robin,Tarsiger_johnstoniae,Collared Bush-Robin_behavior_extraction.txt,1,0,Z unclear,,Z unclear,,FALSE,FALSE,partial migrant; Both male and female will give a continuous and prolonged alarm call when threats are detected near the nest or young,behavior described,unclear,unclear,NA,little info,,
Terr2_FS_CB_Species\ticthr1_Tickell's Thrush.txt,Turdidae,Turdus,0,0,2,B,0,A,3,1,0,,Tickell's Thrush,Turdus_unicolor,Tickell's Thrush_behavior_extraction.txt,0,0,Z unclear,,Z unclear,,FALSE,FALSE,"partial migrant, sings from elevated perch",behavior described,unclear,unclear,NA,little info,,
Terr2_FS_CB_Species\litspi1_Little Spiderhunter.txt,Nectariniidae,Arachnothera,1,0,2,B,0,A,3,1,1,,Little Spiderhunter,Arachnothera_longirostra,Little Spiderhunter_behavior_extraction.txt,1,0,Z unclear,,Z unclear,,FALSE,FALSE,"partial migrant, little info; Antiphonal singing occurs, presumably by pair-members",duet?,unclear,unclear,NA,,,
Terr2_FS_CB_Species\buspip1_Bush Pipit.txt,Motacillidae,Anthus,0,0,2,B,0,A,2,1,0,,Bush Pipit,Anthus_caffer,Bush Pipit_behavior_extraction.txt,3,0,Z unclear,,Z unclear,,FALSE,FALSE,Usually solitary or in pairs; occasionally in small loose flocks outside breeding season,loose flocks,unclear,unclear,NA,,,
Terr2_FS_CB_Species\deslar1_Desert Lark.txt,Alaudidae,Ammomanes,0,0,2,B,0,A,2,2,0,,Desert Lark,Ammomanes_deserti,Desert Lark_behavior_extraction.txt,1,0,Strong,Low,Z unclear,,TRUE,TRUE,Resident. Mainly sedentary; territorial,territorial,unclear,unclear,NA,,,
Terr2_FS_CB_Species\afrpip1_African Pipit.txt,Motacillidae,Anthus,NA,0,2,B,0,A,2,3,NA,,African Pipit,Anthus_richardi,African Pipit_behavior_extraction.txt,0,0,Z unclear,,Z unclear,,FALSE,FALSE,"territorial, partial migrant",territorial,unclear,unclear,NA,,,
Terr2_FS_CB_Species\sthbrf2_White-browed Brushfinch.txt,Passerellidae,Arremon,1,0,2,B,0,A,3,1,1,,White-browed Brushfinch,Arremon_torquatus,White-browed Brushfinch_behavior_extraction.txt,0,0,Z unclear,,Z unclear,,FALSE,FALSE,"White-browed Brushﬁnch presumably is territorial, but there are no data on territorial defense, maintenance, or ﬁdelity, or for territory or home range size, for this species",territorial,unclear,unclear,NA,,,
Terr2_FS_CB_Species\blasic1_Black Sicklebill.txt,Paradisaeidae,Epimachus,0,0,2,A,0,A,1,1,0,,Black Sicklebill,Epimachus_fastuosus,Black Sicklebill_behavior_extraction.txt,2,0,Z unclear,,Z unclear,,FALSE,FALSE,"Each adult male frequents home range with singing/display perches typically high in forest, rarely to ground level."""" (Breeding)",territorial,unclear,unclear,NA,,,
Terr2_FS_CB_Species\dunlar1_Dunn's Lark.txt,Alaudidae,Eremalauda,0,0,2,B,0,A,2,1,0,,Dunn's Lark,Eremalauda_dunni,Dunn's Lark_behavior_extraction.txt,0,0,Strong,Low,Z unclear,,TRUE,TRUE,"Nests solitarily and pairs are territorial; Essentially resident, but some nomadic movements almost certainly occur",territorial,unclear,unclear,NA,,,
Terr2_FS_CB_Species\tawlar1_Tawny Lark.txt,Alaudidae,Galerida,0,0,2,B,0,A,2,1,0,,Tawny Lark,Galerida_deva,Tawny Lark_behavior_extraction.txt,0,0,Weak,Low,Z unclear,,TRUE,TRUE,Sedentary,territorial,unclear,unclear,NA,,,
Terr2_FS_CB_Species\lablar1_Large-billed Lark.txt,Alaudidae,Galerida,0,0,2,B,0,A,2,1,0,,Large-billed Lark,Galerida_magnirostris,Large-billed Lark_behavior_extraction.txt,0,0,Strong,Low,Z unclear,,TRUE,TRUE,"Monogamous and territorial; pair-members remain together throughout year in most areas; Largely resident; has been suggested that it undertakes some altitudinal movements in E of range, moving down from higher elevations in winter",territorial,unclear,unclear,NA,,,
Terr2_FS_CB_Species\spbori_Spot-breasted Oriole.txt,Icteridae,Icterus,1,0,2,B,0,A,3,1,1,,Spot-breasted Oriole,Icterus_pectoralis,Spot-breasted Oriole_behavior_extraction.txt,1,0,Strong,Low,Z unclear,,TRUE,TRUE,Monogamous; territorial.; Apparently resident,territorial,unclear,unclear,NA,,,
Terr2_FS_CB_Species\nobfly1_Northern Black-Flycatcher.txt,Muscicapidae,Melaenornis,1,0,2,C,1,B,3,1,2,,Northern Black-Flycatcher,Melaenornis_edolioides,Northern Black-Flycatcher_behavior_extraction.txt,1,0,Strong,Low,Z unclear,,TRUE,TRUE,Moves seasonally with the rains; Monogamous; territorial.,territorial,unclear,unclear,NA,,,
Terr2_FS_CB_Species\gysfly1_Gray-streaked Flycatcher.txt,Muscicapidae,Muscicapa,0,0,2,B,0,A,2,3,0,,Gray-streaked Flycatcher,Muscicapa_griseisticta,Gray-streaked Flycatcher_behavior_extraction.txt,0,0,Strong,Low,Z unclear,,TRUE,TRUE,"Solitary, territorial.",territorial,unclear,unclear,NA,,,
orbmyz1_Sulphur-breasted Myzomela.txt,Meliphagidae,Myzomela,0,0,2,B,0,A,3,2,0,,Sulphur-breasted Myzomela,Myzomela_jugularis,Sulphur-breasted Myzomela_behavior_extraction.txt,1,0,Weak,Low,Z unclear,,TRUE,TRUE,Mostly sedentary; sings from songpost,territorial,unclear,unclear,NA,"A typical behavioural trait displayed by both Orange-breasted myzomela and Wattled honeyeater is fighting. This habitual aggressive behaviour (Ford, 2001) depicts intraand inter-species competition for resources. Statistical analysis indicates no significant difference between the foraging behaviour of both honeyeater species from the two sites (p > 0.05). ",https://doi.org/10.20944/preprints202208.0149.v1,
nisfin1_Nicaraguan Seed-Finch.txt,Thraupidae,Sporophila,0,0,2,B,0,A,2,2,0,,Nicaraguan Seed-Finch,Oryzoborus_nuttingi,Nicaraguan Seed-Finch_behavior_extraction.txt,0,0,Z unclear,,Z unclear,,FALSE,FALSE,"Nicaraguan Seed-Finch presumably is territorial, but there are no data on territorial defense, maintenance, or fidelity, or for territory or home range size, for this species",territorial,unclear,unclear,NA,"Often found in pairs, but in the nonbreeding season will join mixed-species seedeater flocks to forage.
[little info in field guide: Chavarría-Duriaux, Liliana, et al. Birds of Nicaragua : A Field Guide, Cornell University Press, 2018. ProQuest Ebook Central, http://ebookcentral.proquest.com/lib/vand/detail.action?docID=5352652.
Created from vand on 2025-05-07 15:18:31.]",not helpful: https://doi.org/10.11646/zootaxa.4442.4.4,
Terr2_FS_CB_Species\rurlar1_Rufous-rumped Lark.txt,Alaudidae,Pinarocorys,0,0,2,B,0,A,2,1,0,,Rufous-rumped Lark,Pinarocorys_erythropygia,Rufous-rumped Lark_behavior_extraction.txt,0,0,Strong,Low,Z unclear,,TRUE,TRUE,Probably monogamous; territorial.; migrant,territorial,unclear,unclear,NA,,[didn't find much],
Terr2_FS_CB_Species\yetser1_Yellow-throated Serin.txt,Fringillidae,Crithagra,0,0,2,B,0,A,3,1,0,,Yellow-throated Serin,Serinus_flavigula,Yellow-throated Serin_behavior_extraction.txt,0,0,Weak,Low,Z unclear,,TRUE,TRUE,Sedentary,territorial,unclear,unclear,NA,,not helpful: https://doi.org/10.1111/j.1095-8312.2007.00837.x ,
Terr2_FS_CB_Species\procan1_Protea Canary.txt,Fringillidae,Crithagra,0,0,2,B,0,A,3,1,0,,Protea Canary,Serinus_leucopterus,Protea Canary_behavior_extraction.txt,0,0,Weak,Low,Z unclear,,TRUE,TRUE,Resident; Monogamous. Solitary nester.,territorial,unclear,unclear,NA,,not helpful: https://doi.org/10.1111/j.1095-8312.2007.00837.x ,
Terr2_FS_CB_Species\dusgra1_Dusky Grasswren.txt,Maluridae,Amytornis,1,NA,2,B,0,B,3,1,1,,Dusky Grasswren,Amytornis_purnelli,Dusky Grasswren_behavior_extraction.txt,0,0,Z unclear,,Z unclear,,FALSE,FALSE,little info,,unclear,unclear,NA,,,
Terr2_FS_CB_Species\ruthon1_Rufous-throated Honeyeater.txt,Meliphagidae,Conopophila,1,NA,2,B,1,A,3,1,NA,,Rufous-throated Honeyeater,Conopophila_rufogularis,Rufous-throated Honeyeater_behavior_extraction.txt,0,0,Z unclear,,Z unclear,,FALSE,FALSE,little info,,unclear,unclear,NA,,,
Terr2_FS_CB_Species\cocfin3_Common Cactus-Finch.txt,Thraupidae,Geospiza,0,NA,2,B,0,A,2,1,0,,Common Cactus-Finch,Geospiza_scandens,Common Cactus-Finch_behavior_extraction.txt,1,0,Z unclear,,Z unclear,,FALSE,FALSE,resident,,unclear,unclear,NA,,,
Terr2_FS_CB_Species\stitch1_Stitchbird.txt,Notiomystidae,Notiomystis,0,NA,2,B,0,A,3,1,0,,Stitchbird,Notiomystis_cincta,Stitchbird_behavior_extraction.txt,0,0,Z unclear,,Z unclear,,FALSE,FALSE,"Individuals move widely within home ranges, up to several kilometres daily, to exploit seasonally available nectar or fruit.; but sedentary",,unclear,unclear,NA,,,
Terr2_FS_CB_Species\obfgle2_Ochre-breasted Foliage-gleaner.txt,Furnariidae,Anabacerthia,NA,NA,NA,NA,NA,NA,NA,NA,NA,,Ochre-breasted Foliage-gleaner,Philydor_lichtensteini,Ochre-breasted Foliage-gleaner_behavior_extraction.txt,0,0,Z unclear,,Z unclear,,FALSE,FALSE,Resident,,unclear,unclear,NA,,,
Terr2_FS_CB_Species\himacc1_Altai Accentor.txt,Prunellidae,Prunella,0,NA,2,B,0,A,2,2,0,,Altai Accentor,Prunella_himalayana,Altai Accentor_behavior_extraction.txt,0,0,Z unclear,,Z unclear,,FALSE,FALSE,"Some aggression among males and among females recorded, but no information on territoriality",,unclear,unclear,NA,,,
Terr2_FS_CB_Species\elesun1_Elegant Sunbird.txt,Nectariniidae,Aethopyga,0,0,2,B,0,A,3,1,0,,Elegant Sunbird,Aethopyga_duyvenbodei,Elegant Sunbird_behavior_extraction.txt,0,0,Z unclear,,Z unclear,,FALSE,FALSE,little info,,unclear,unclear,NA,,,
Terr2_FS_CB_Species\cutthr1_Cut-throat.txt,Estrildidae,Amadina,1,0,2,B,0,A,2,1,1,,Cut-throat,Amadina_fasciata,Cut-throat_behavior_extraction.txt,0,0,Z unclear,,Z unclear,,FALSE,FALSE,"Mostly resident, with some wandering",,unclear,unclear,NA,,,
Terr2_FS_CB_Species\redava_Red Avadavat.txt,Estrildidae,Amandava,1,0,2,A,0,A,3,1,1,,Red Avadavat,Amandava_amandava,Red Avadavat_behavior_extraction.txt,0,0,Z unclear,,Z unclear,,FALSE,FALSE,little info,,unclear,unclear,NA,,,
Terr2_FS_CB_Species\zebwax2_Zebra Waxbill.txt,Estrildidae,Amandava,1,0,2,B,0,A,3,1,1,,Zebra Waxbill,Amandava_subflava,Zebra Waxbill_behavior_extraction.txt,2,0,Z unclear,,Z unclear,,FALSE,FALSE,mainly resident,,unclear,unclear,NA,,,
Terr2_FS_CB_Species\batlar1_Bar-tailed Lark.txt,Alaudidae,Ammomanes,0,0,2,B,0,A,2,2,0,,Bar-tailed Lark,Ammomanes_cinctura,Bar-tailed Lark_behavior_extraction.txt,1,0,Z unclear,,Z unclear,,FALSE,FALSE,resident,,unclear,unclear,NA,,,
Terr2_FS_CB_Species\oripip1_Paddyfield Pipit.txt,Motacillidae,Anthus,0,0,2,B,0,A,2,1,0,,Paddyfield Pipit,Anthus_rufulus,Paddyfield Pipit_behavior_extraction.txt,1,0,Z unclear,,Z unclear,,FALSE,FALSE,Resident; some local and altitudinal movements,,unclear,unclear,NA,,,
Terr2_FS_CB_Species\ritast1_Ribbon-tailed Astrapia.txt,Paradisaeidae,Astrapia,0,0,2,B,0,A,1,1,0,,Ribbon-tailed Astrapia,Astrapia_mayeri,Ribbon-tailed Astrapia_behavior_extraction.txt,0,0,Z unclear,,Z unclear,,FALSE,FALSE,presumed resident,,unclear,unclear,NA,,,
Terr2_FS_CB_Species\splast1_Splendid Astrapia.txt,Paradisaeidae,Astrapia,1,0,2,B,0,A,1,1,1,,Splendid Astrapia,Astrapia_splendidissima,Splendid Astrapia_behavior_extraction.txt,0,0,Z unclear,,Z unclear,,FALSE,FALSE,presumed resident,,unclear,unclear,NA,,,
Terr2_FS_CB_Species\retvan1_Red-tailed Vanga.txt,Vangidae,Calicalicus,0,0,2,B,0,A,3,1,0,,Red-tailed Vanga,Calicalicus_madagascariensis,Red-tailed Vanga_behavior_extraction.txt,0,0,Z unclear,,Z unclear,,FALSE,FALSE,little info,,unclear,unclear,NA,,,
Terr2_FS_CB_Species\rescus1_Red-shouldered Cuckooshrike.txt,Campephagidae,Campephaga,1,0,2,B,1,A,3,1,NA,,Red-shouldered Cuckooshrike,Campephaga_phoenicea,Red-shouldered Cuckooshrike_behavior_extraction.txt,3,0,Z unclear,,Z unclear,,FALSE,FALSE,little info,,unclear,unclear,NA,,,
gycthr_Gray-cheeked Thrush.txt,Turdidae,Catharus,1,0,2,B,0,A,2,3,1,,Gray-cheeked Thrush,Catharus_minimus,Gray-cheeked Thrush_behavior_extraction.txt,3,0,Z unclear,,Z unclear,,FALSE,FALSE,Migratory,,unclear,unclear,NA,,,
Terr2_FS_CB_Species\shttre1_Short-toed Treecreeper.txt,Certhiidae,Certhia,0,0,2,B,0,A,2,1,0,,Short-toed Treecreeper,Certhia_brachydactyla,Short-toed Treecreeper_behavior_extraction.txt,1,0,Z unclear,,Z unclear,,FALSE,FALSE,Resident,,unclear,unclear,NA,,,
Terr2_FS_CB_Species\elblar1_Eastern Long-billed Lark.txt,Alaudidae,Certhilauda,0,0,2,B,0,A,3,1,0,,Eastern Long-billed Lark,Certhilauda_semitorquata,Eastern Long-billed Lark_behavior_extraction.txt,2,0,Z unclear,,Z unclear,,FALSE,FALSE,Apparently resident,,unclear,unclear,NA,,,
Terr2_FS_CB_Species\piehon1_Pied Honeyeater.txt,Meliphagidae,Certhionyx,1,0,2,B,0,A,3,2,1,,Pied Honeyeater,Certhionyx_variegatus,Pied Honeyeater_behavior_extraction.txt,1,0,Z unclear,,Z unclear,,FALSE,FALSE,"(Movement) Largely erratic, with no obvious pattern in most areas.",,unclear,unclear,NA,,,
Terr2_FS_CB_Species\vibsta2_Violet-backed Starling.txt,Sturnidae,Cinnyricinclus,1,0,2,A,0,A,3,3,1,,Violet-backed Starling,Cinnyricinclus_leucogaster,Violet-backed Starling_behavior_extraction.txt,0,0,Z unclear,,Z unclear,,FALSE,FALSE,"Migratory in many regions, some populations apparently resident.",,unclear,unclear,NA,,,
Terr2_FS_CB_Species\shasta2_Sharpe's Starling.txt,Sturnidae,Pholia,0,0,2,B,0,A,2,2,0,,Sharpe's Starling,Cinnyricinclus_sharpii,Sharpe's Starling_behavior_extraction.txt,0,0,Z unclear,,Z unclear,,FALSE,FALSE,"Presumed resident, but local movements likely.",,unclear,unclear,NA,,,
Terr2_FS_CB_Species\brotwi1_Brown Twinspot.txt,Estrildidae,Clytospiza,1,0,2,C,0,C,3,1,1,,Brown Twinspot,Clytospiza_monteiri,Brown Twinspot_behavior_extraction.txt,0,0,Z unclear,,Z unclear,,FALSE,FALSE,resident,,unclear,unclear,NA,,,
Terr2_FS_CB_Species\bkhcus1_Black-headed Cuckooshrike.txt,Campephagidae,Lalage,0,0,2,B,0,A,3,1,0,,Black-headed Cuckooshrike,Coracina_melanoptera,Black-headed Cuckooshrike_behavior_extraction.txt,1,0,Z unclear,,Z unclear,,FALSE,FALSE,little info,,unclear,unclear,NA,,,
Terr2_FS_CB_Species\sulcus2_Sulawesi Cicadabird.txt,Campephagidae,Edolisoma,0,0,2,C,0,A,3,1,0,,Sulawesi Cicadabird,Coracina_morio,Sulawesi Cicadabird_behavior_extraction.txt,1,1,Z unclear,,Z unclear,,FALSE,FALSE,little info,,unclear,unclear,NA,,,
Terr2_FS_CB_Species\slacus1_Slaty Cuckooshrike.txt,Campephagidae,Coracina,1,0,2,C,0,B,3,1,1,,Slaty Cuckooshrike,Coracina_schistacea,Slaty Cuckooshrike_behavior_extraction.txt,0,0,Z unclear,,Z unclear,,FALSE,FALSE,little info,,unclear,unclear,NA,,,
Terr2_FS_CB_Species\cicada1_Sahul Cicadabird.txt,Campephagidae,Edolisoma,1,0,2,B,0,A,3,1,1,,Sahul Cicadabird,Coracina_tenuirostris,Sahul Cicadabird_behavior_extraction.txt,0,0,Z unclear,,Z unclear,,FALSE,FALSE,little info,,unclear,unclear,NA,,,
Terr2_FS_CB_Species\chrcha1_Chorister Robin-Chat.txt,Muscicapidae,Cossypha,0,0,2,C,0,B,3,1,0,,Chorister Robin-Chat,Cossypha_dichroa,Chorister Robin-Chat_behavior_extraction.txt,0,0,Z unclear,,Z unclear,,FALSE,FALSE,partial migrant,,unclear,unclear,NA,,,
Terr2_FS_CB_Species\blbtan2_Blue-backed Tanager.txt,Thraupidae,Cyanicterus,1,0,2,B,1,A,3,1,NA,,Blue-backed Tanager,Cyanicterus_cyanicterus,Blue-backed Tanager_behavior_extraction.txt,0,0,Z unclear,,Z unclear,,FALSE,FALSE,resident,,unclear,unclear,NA,,,
Terr2_FS_CB_Species\bubgro1_Blue-black Grosbeak.txt,Cardinalidae,Cyanoloxia,1,0,2,B,0,A,3,1,1,,Blue-black Grosbeak,Cyanocompsa_cyanoides,Blue-black Grosbeak_behavior_extraction.txt,0,0,Z unclear,,Z unclear,,FALSE,FALSE,"resident, Blue-black Grosbeak is solitary or in pairs, little info",,unclear,unclear,NA,,,
Terr2_FS_CB_Species\rubpep1_Rufous-browed Peppershrike.txt,Vireonidae,Cyclarhis,1,0,2,A,0,A,3,1,1,,Rufous-browed Peppershrike,Cyclarhis_gujanensis,Rufous-browed Peppershrike_behavior_extraction.txt,0,0,Z unclear,,Z unclear,,FALSE,FALSE,little info,,unclear,unclear,NA,,,
Terr2_FS_CB_Species\hibfly3_Javan Blue Flycatcher.txt,Muscicapidae,Cyornis,1,0,2,B,1,A,3,1,NA,,Javan Blue Flycatcher,Cyornis_banyumas,Javan Blue Flycatcher_behavior_extraction.txt,0,0,Z unclear,,Z unclear,,FALSE,FALSE,presumably resident and sedentary,,unclear,unclear,NA,,,
Terr2_FS_CB_Species\brrbun1_Brown-rumped Bunting.txt,Emberizidae,Emberiza,0,0,2,C,0,A,3,1,0,,Brown-rumped Bunting,Emberiza_affinis,Brown-rumped Bunting_behavior_extraction.txt,0,0,Z unclear,,Z unclear,,FALSE,FALSE,little info,,unclear,unclear,NA,,,
Terr2_FS_CB_Species\cabbun1_Cabanis's Bunting.txt,Emberizidae,Emberiza,0,0,2,C,0,A,3,1,0,,Cabanis's Bunting,Emberiza_cabanisi,Cabanis's Bunting_behavior_extraction.txt,0,0,Z unclear,,Z unclear,,FALSE,FALSE,"Solitary nester, largely resident",,unclear,unclear,NA,,,
Terr2_FS_CB_Species\rocbun1_Rock Bunting.txt,Emberizidae,Emberiza,1,0,2,A,0,A,2,2,1,,Rock Bunting,Emberiza_cia,Rock Bunting_behavior_extraction.txt,1,0,Z unclear,,Z unclear,,FALSE,FALSE,little info,,unclear,unclear,NA,,,
Terr2_FS_CB_Species\sombun1_Somali Bunting.txt,Emberizidae,Emberiza,0,0,2,C,0,A,3,1,0,,Somali Bunting,Emberiza_poliopleura,Somali Bunting_behavior_extraction.txt,1,0,Z unclear,,Z unclear,,FALSE,FALSE,little info,,unclear,unclear,NA,,,
Terr2_FS_CB_Species\rusbun_Rustic Bunting.txt,Emberizidae,Emberiza,1,0,2,B,0,A,2,3,1,,Rustic Bunting,Emberiza_rustica,Rustic Bunting_behavior_extraction.txt,0,0,Z unclear,,Z unclear,,FALSE,FALSE,migratory,,unclear,unclear,NA,,,
fibmyn1_Fiery-browed Myna.txt,Sturnidae,Enodes,0,0,2,B,0,A,3,1,0,,Fiery-browed Myna,Enodes_erythrophris,Fiery-browed Myna_behavior_extraction.txt,0,0,Z unclear,,Z unclear,,FALSE,FALSE,little info,,unclear,unclear,NA,,,
Terr2_FS_CB_Species\chhspl1_Chestnut-headed Sparrow-Lark.txt,Alaudidae,Eremopterix,0,0,2,B,0,A,2,2,0,,Chestnut-headed Sparrow-Lark,Eremopterix_signatus,Chestnut-headed Sparrow-Lark_behavior_extraction.txt,0,0,Z unclear,,Z unclear,,FALSE,FALSE,Resident/locally nomadic,,unclear,unclear,NA,,,
Terr2_FS_CB_Species\bltwax1_Black-tailed Waxbill.txt,Estrildidae,Glaucestrilda,0,0,2,C,0,B,3,1,0,,Black-tailed Waxbill,Estrilda_perreini,Black-tailed Waxbill_behavior_extraction.txt,0,0,Z unclear,,Z unclear,,FALSE,FALSE,resident,,unclear,unclear,NA,,,
Terr2_FS_CB_Species\nilfly2_Nilgiri Flycatcher.txt,Muscicapidae,Eumyias,1,0,2,C,0,A,3,1,1,,Nilgiri Flycatcher,Eumyias_albicaudatus,Nilgiri Flycatcher_behavior_extraction.txt,0,0,Z unclear,,Z unclear,,FALSE,FALSE,Resident,,unclear,unclear,NA,,,
Terr2_FS_CB_Species\gobeup1_Golden-bellied Euphonia.txt,Fringillidae,Euphonia,0,0,2,B,0,A,3,1,0,,Golden-bellied Euphonia,Euphonia_chrysopasta,Golden-bellied Euphonia_behavior_extraction.txt,1,0,Z unclear,,Z unclear,,FALSE,FALSE,Resident,,unclear,unclear,NA,,,
Terr2_FS_CB_Species\yeteup1_Yellow-throated Euphonia.txt,Fringillidae,Euphonia,0,0,2,B,0,A,3,1,0,,Yellow-throated Euphonia,Euphonia_hirundinacea,Yellow-throated Euphonia_behavior_extraction.txt,0,0,Z unclear,,Z unclear,,FALSE,FALSE,"Considered to be resident; There are no published information on territorial defense, maintenance, or fidelity, or on territory or home range size for Yellow-throated Euphonia. It is described as wandering ""over wide areas in search of food"" (Isler and Isler 1987), although it is not clear if this refers to a daily or a seasonal pattern.",,unclear,unclear,NA,,,
Terr2_FS_CB_Species\rubeup1_Rufous-bellied Euphonia.txt,Fringillidae,Euphonia,1,0,2,B,0,A,3,1,1,,Rufous-bellied Euphonia,Euphonia_rufiventris,Rufous-bellied Euphonia_behavior_extraction.txt,1,0,Z unclear,,Z unclear,,FALSE,FALSE,Resident,,unclear,unclear,NA,,,
Terr2_FS_CB_Species\dybtwi1_Dybowski's Twinspot.txt,Estrildidae,Euschistospiza,1,0,2,C,0,B,3,1,1,,Dybowski's Twinspot,Euschistospiza_dybowskii,Dybowski's Twinspot_behavior_extraction.txt,1,0,Z unclear,,Z unclear,,FALSE,FALSE,Resident,,unclear,unclear,NA,,,
Terr2_FS_CB_Species\sunlar1_Sun Lark.txt,Alaudidae,Galerida,0,0,2,B,0,A,2,1,0,,Sun Lark,Galerida_modesta,Sun Lark_behavior_extraction.txt,0,0,Z unclear,,Z unclear,,FALSE,FALSE,"Resident in some areas; elsewhere, subject to more or less regular movements linked to seasonal rains",,unclear,unclear,NA,,,
Terr2_FS_CB_Species\masyel2_Masked Yellowthroat.txt,Parulidae,Geothlypis,1,0,2,B,0,A,3,1,1,,Masked Yellowthroat,Geothlypis_aequinoctialis,Masked Yellowthroat_behavior_extraction.txt,1,0,Z unclear,,Z unclear,,FALSE,FALSE,little info,,unclear,unclear,NA,,,
Terr2_FS_CB_Species\gryger1_Gray Gerygone.txt,Acanthizidae,Gerygone,1,0,2,B,0,A,3,1,1,,Gray Gerygone,Gerygone_igata,Gray Gerygone_behavior_extraction.txt,0,0,Z unclear,,Z unclear,,FALSE,FALSE,"Mostly resident, with some wandering",,unclear,unclear,NA,,,
faiger1_Fairy Gerygone.txt,Acanthizidae,Gerygone,0,0,2,B,0,A,3,1,0,,Fairy Gerygone,Gerygone_palpebrosa,Fairy Gerygone_behavior_extraction.txt,3,0,Z unclear,,Z unclear,,FALSE,FALSE,little info,,unclear,unclear,NA,,,
Terr2_FS_CB_Species\dusger1_Dusky Gerygone.txt,Acanthizidae,Gerygone,1,0,2,B,0,A,3,1,1,,Dusky Gerygone,Gerygone_tenebrosa,Dusky Gerygone_behavior_extraction.txt,0,0,Z unclear,,Z unclear,,FALSE,FALSE,little info,,unclear,unclear,NA,,,
Terr2_FS_CB_Species\whcsta2_White-collared Starling.txt,Sturnidae,Grafisia,1,0,2,C,0,A,2,1,1,,White-collared Starling,Grafisia_torquata,White-collared Starling_behavior_extraction.txt,0,0,Z unclear,,Z unclear,,FALSE,FALSE,Possible seasonal movements,,unclear,unclear,NA,,,
Terr2_FS_CB_Species\yelcar1_Yellow Cardinal.txt,Thraupidae,Gubernatrix,0,0,2,B,0,A,3,1,0,,Yellow Cardinal,Gubernatrix_cristata,Yellow Cardinal_behavior_extraction.txt,1,0,Z unclear,,Z unclear,,FALSE,FALSE,Resident,,unclear,unclear,NA,,,
Terr2_FS_CB_Species\chagih1_Yellow-billed Giant-Honeyeater.txt,Meliphagidae,Gymnomyza,1,0,2,B,1,A,3,1,NA,,Yellow-billed Giant-Honeyeater,Gymnomyza_viridis,Yellow-billed Giant-Honeyeater_behavior_extraction.txt,1,0,Z unclear,,Z unclear,,FALSE,FALSE,apparently resident,,unclear,unclear,NA,,,
Terr2_FS_CB_Species\drahem1_Drab Hemispingus.txt,Thraupidae,Pseudospingus,1,0,2,B,1,A,3,1,2,,Drab Hemispingus,Hemispingus_xanthophthalmus,Drab Hemispingus_behavior_extraction.txt,0,0,Z unclear,,Z unclear,,FALSE,FALSE,Apparently residen; little info,,unclear,unclear,NA,,,
Terr2_FS_CB_Species\ictwar1_Icterine Warbler.txt,Acrocephalidae,Hippolais,1,0,2,B,0,A,2,3,1,,Icterine Warbler,Hippolais_icterina,Icterine Warbler_behavior_extraction.txt,3,2,Z unclear,,Z unclear,,FALSE,FALSE,little info,,unclear,unclear,NA,,,
Terr2_FS_CB_Species\melwar1_Melodious Warbler.txt,Acrocephalidae,Hippolais,1,0,2,B,0,A,2,3,1,,Melodious Warbler,Hippolais_polyglotta,Melodious Warbler_behavior_extraction.txt,4,1,Z unclear,,Z unclear,,FALSE,FALSE,little info,,unclear,unclear,NA,,,
Terr2_FS_CB_Species\gyegre1_Gray-eyed Greenlet.txt,Vireonidae,Hylophilus,1,0,2,A,0,A,3,1,1,,Gray-eyed Greenlet,Hylophilus_amaurocephalus,Gray-eyed Greenlet_behavior_extraction.txt,0,0,Z unclear,,Z unclear,,FALSE,FALSE,Apparently sedentary.,,unclear,unclear,NA,,,
Terr2_FS_CB_Species\lesgre1_Lesser Greenlet.txt,Vireonidae,Pachysylvia,1,0,2,A,0,A,3,1,1,,Lesser Greenlet,Hylophilus_decurtatus,Lesser Greenlet_behavior_extraction.txt,0,0,Z unclear,,Z unclear,,FALSE,FALSE,Apparently sedentary,,unclear,unclear,NA,,,
Terr2_FS_CB_Species\rucgre1_Rufous-crowned Greenlet.txt,Vireonidae,Hylophilus,0,0,2,A,0,A,3,1,0,,Rufous-crowned Greenlet,Hylophilus_poicilotis,Rufous-crowned Greenlet_behavior_extraction.txt,0,0,Z unclear,,Z unclear,,FALSE,FALSE,little info,,unclear,unclear,NA,,,
Terr2_FS_CB_Species\pettwi1_Red-throated Twinspot.txt,Estrildidae,Hypargos,1,0,2,B,0,A,3,1,1,,Red-throated Twinspot,Hypargos_niveoguttatus,Red-throated Twinspot_behavior_extraction.txt,0,0,Z unclear,,Z unclear,,FALSE,FALSE,Resident,,unclear,unclear,NA,,,
Terr2_FS_CB_Species\epaori1_Epaulet Oriole.txt,Icteridae,Icterus,1,0,2,B,0,A,3,1,1,,Epaulet Oriole,Icterus_cayanensis,Epaulet Oriole_behavior_extraction.txt,0,0,Z unclear,,Z unclear,,FALSE,FALSE,Apparently sedentary,,unclear,unclear,NA,,,
Terr2_FS_CB_Species\yebori1_Yellow-backed Oriole.txt,Icteridae,Icterus,1,0,2,B,0,A,3,1,1,,Yellow-backed Oriole,Icterus_chrysater,Yellow-backed Oriole_behavior_extraction.txt,0,0,Z unclear,,Z unclear,,FALSE,FALSE,Appears resident; possibly some elevational movement by highland populations,,unclear,unclear,NA,,,
Terr2_FS_CB_Species\scoori_Scott's Oriole.txt,Icteridae,Icterus,1,0,2,B,0,A,3,2,1,,Scott's Oriole,Icterus_parisorum,Scott's Oriole_behavior_extraction.txt,3,0,Z unclear,,Z unclear,,FALSE,FALSE,partial migrant,,unclear,unclear,NA,,,
Terr2_FS_CB_Species\blbtri1_Black-browed Triller.txt,Campephagidae,Lalage,1,0,2,C,1,A,3,1,2,,Black-browed Triller,Lalage_atrovirens,Black-browed Triller_behavior_extraction.txt,0,0,Z unclear,,Z unclear,,FALSE,FALSE,little info,,unclear,unclear,NA,,,
Terr2_FS_CB_Species\whwtri2_White-shouldered Triller.txt,Campephagidae,Lalage,1,0,2,B,0,A,3,1,1,,White-shouldered Triller,Lalage_sueurii,White-shouldered Triller_behavior_extraction.txt,1,1,Z unclear,,Z unclear,,FALSE,FALSE,little info,,unclear,unclear,NA,,,
Terr2_FS_CB_Species\brnshr_Brown Shrike.txt,Laniidae,Lanius,0,0,2,B,0,A,3,3,0,,Brown Shrike,Lanius_cristatus,Brown Shrike_behavior_extraction.txt,0,0,Z unclear,,Z unclear,,FALSE,FALSE,"partial migrant, little info",,unclear,unclear,NA,,,
Terr2_FS_CB_Species\balmyn1_Bali Myna.txt,Sturnidae,Leucopsar,1,0,2,B,1,A,3,1,1,,Bali Myna,Leucopsar_rothschildi,Bali Myna_behavior_extraction.txt,1,0,Z unclear,,Z unclear,,FALSE,FALSE,resident,,unclear,unclear,NA,,,
Terr2_FS_CB_Species\busbla1_Bush Blackcap.txt,Sylviidae,Sylvia,1,0,2,B,0,A,3,2,1,,Bush Blackcap,Lioptilus_nigricapillus,Bush Blackcap_behavior_extraction.txt,1,0,Z unclear,,Z unclear,,FALSE,FALSE,little info,,unclear,unclear,NA,,,
Terr2_FS_CB_Species\grbtwi1_Green-backed Twinspot.txt,Estrildidae,Mandingoa,0,0,2,B,0,A,2,1,0,,Green-backed Twinspot,Mandingoa_nitidula,Green-backed Twinspot_behavior_extraction.txt,0,0,Z unclear,,Z unclear,,FALSE,FALSE,Chiefly resident. Some altitudinal movements,,unclear,unclear,NA,,,
Terr2_FS_CB_Species\cucman1_Curl-crested Manucode.txt,Paradisaeidae,Manucodia,1,0,2,B,0,A,2,1,1,,Curl-crested Manucode,Manucodia_comrii,Curl-crested Manucode_behavior_extraction.txt,0,0,Z unclear,,Z unclear,,FALSE,FALSE,little info,,unclear,unclear,NA,,,
Terr2_FS_CB_Species\scrhon1_Scrub Honeyeater.txt,Meliphagidae,Meliphaga,0,0,2,B,0,A,3,1,0,,Scrub Honeyeater,Meliphaga_albonotata,Scrub Honeyeater_behavior_extraction.txt,1,1,Z unclear,,Z unclear,,FALSE,FALSE,little info,,unclear,unclear,NA,,,
Terr2_FS_CB_Species\whtlar1_White-tailed Lark.txt,Alaudidae,Mirafra,0,0,2,B,0,A,3,1,0,,White-tailed Lark,Mirafra_albicauda,White-tailed Lark_behavior_extraction.txt,1,0,Z unclear,,Z unclear,,FALSE,FALSE,little info,,unclear,unclear,NA,,,
Terr2_FS_CB_Species\anglar1_Angola Lark.txt,Alaudidae,Amirafra,0,0,2,B,0,A,3,1,0,,Angola Lark,Mirafra_angolensis,Angola Lark_behavior_extraction.txt,1,0,Z unclear,,Z unclear,,FALSE,FALSE,probably resident,,unclear,unclear,NA,,,
Terr2_FS_CB_Species\latlar1_Melodious Lark.txt,Alaudidae,Mirafra,0,0,2,B,0,A,3,1,0,,Melodious Lark,Mirafra_cheniana,Melodious Lark_behavior_extraction.txt,1,0,Z unclear,,Z unclear,,FALSE,FALSE,"Apparently largely resident, but seasonal fluctuations in numbers may indicate some movement",,unclear,unclear,NA,,,
Terr2_FS_CB_Species\collar1_Collared Lark.txt,Alaudidae,Amirafra,0,0,2,B,0,A,3,1,0,,Collared Lark,Mirafra_collaris,Collared Lark_behavior_extraction.txt,0,0,Z unclear,,Z unclear,,FALSE,FALSE,presumably resident; little info,,unclear,unclear,NA,,,
Terr2_FS_CB_Species\korlar1_Kordofan Lark.txt,Alaudidae,Mirafra,0,0,2,C,0,A,3,1,0,,Kordofan Lark,Mirafra_cordofanica,Kordofan Lark_behavior_extraction.txt,0,0,Z unclear,,Z unclear,,FALSE,FALSE,little info,,unclear,unclear,NA,,,
Terr2_FS_CB_Species\ruslar1_Rusty Lark.txt,Alaudidae,Calendulauda,0,0,2,B,0,A,3,1,0,,Rusty Lark,Mirafra_rufa,Rusty Lark_behavior_extraction.txt,1,0,Z unclear,,Z unclear,,FALSE,FALSE,little info,,unclear,unclear,NA,,,
Terr2_FS_CB_Species\willar1_Williams's Lark.txt,Alaudidae,Mirafra,0,0,2,C,0,A,3,1,0,,Williams's Lark,Mirafra_williamsi,Williams's Lark_behavior_extraction.txt,0,0,Z unclear,,Z unclear,,FALSE,FALSE,Probably resident,,unclear,unclear,NA,,,
Terr2_FS_CB_Species\satfly1_Satin Flycatcher.txt,Monarchidae,Myiagra,1,0,2,B,0,A,3,3,1,,Satin Flycatcher,Myiagra_cyanoleuca,Satin Flycatcher_behavior_extraction.txt,3,0,Z unclear,,Z unclear,,FALSE,FALSE,Migratory,,unclear,unclear,NA,,,
Terr2_FS_CB_Species\resfly1_Restless Flycatcher.txt,Monarchidae,Myiagra,1,0,2,A,0,A,3,2,1,,Restless Flycatcher,Myiagra_inquieta,Restless Flycatcher_behavior_extraction.txt,0,0,Z unclear,,Z unclear,,FALSE,FALSE,little info,,unclear,unclear,NA,,,
Terr2_FS_CB_Species\necmyz1_New Caledonian Myzomela.txt,Meliphagidae,Myzomela,0,0,2,B,0,A,2,1,0,,New Caledonian Myzomela,Myzomela_caledonica,New Caledonian Myzomela_behavior_extraction.txt,1,0,Z unclear,,Z unclear,,FALSE,FALSE,apparently resident,,unclear,unclear,NA,,,
Terr2_FS_CB_Species\sulmyz1_Sulawesi Myzomela.txt,Meliphagidae,Myzomela,0,0,2,C,0,A,2,1,0,,Sulawesi Myzomela,Myzomela_chloroptera,Sulawesi Myzomela_behavior_extraction.txt,1,0,Z unclear,,Z unclear,,FALSE,FALSE,little info,,unclear,unclear,NA,,,
Terr2_FS_CB_Species\rehmyz1_Red-headed Myzomela.txt,Meliphagidae,Myzomela,0,0,2,B,0,A,2,1,0,,Red-headed Myzomela,Myzomela_erythrocephala,Red-headed Myzomela_behavior_extraction.txt,2,0,Z unclear,,Z unclear,,FALSE,FALSE,little info,,unclear,unclear,NA,,,
Terr2_FS_CB_Species\gdcsun2_Greater Double-collared Sunbird.txt,Nectariniidae,Cinnyris,1,0,2,B,0,A,3,1,NA,,Greater Double-collared Sunbird,Nectarinia_afra,Greater Double-collared Sunbird_behavior_extraction.txt,0,0,Z unclear,,Z unclear,,FALSE,FALSE,"partial migrant, little info",,unclear,unclear,NA,,,
Terr2_FS_CB_Species\amesun2_Amethyst Sunbird.txt,Nectariniidae,Chalcomitra,1,0,2,B,0,A,2,2,2,,Amethyst Sunbird,Nectarinia_amethystina,Amethyst Sunbird_behavior_extraction.txt,3,0,Z unclear,,Z unclear,,FALSE,FALSE,primarily resident,,unclear,unclear,NA,,,
Terr2_FS_CB_Species\pursun4_Purple Sunbird.txt,Nectariniidae,Cinnyris,1,0,2,B,0,A,3,1,NA,,Purple Sunbird,Nectarinia_asiatica,Purple Sunbird_behavior_extraction.txt,2,0,Z unclear,,Z unclear,,FALSE,FALSE,Mostly resident,,unclear,unclear,NA,,,
Terr2_FS_CB_Species\prisun2_Principe Sunbird.txt,Nectariniidae,Anabathmis,NA,0,NA,NA,NA,NA,NA,1,NA,,Principe Sunbird,Nectarinia_hartlaubii,Principe Sunbird_behavior_extraction.txt,2,0,Z unclear,,Z unclear,,FALSE,FALSE,Resident,,unclear,unclear,NA,,,
Terr2_FS_CB_Species\lobsun2_Loten's Sunbird.txt,Nectariniidae,Cinnyris,1,0,2,B,0,A,3,1,NA,,Loten's Sunbird,Nectarinia_lotenia,Loten's Sunbird_behavior_extraction.txt,1,0,Z unclear,,Z unclear,,FALSE,FALSE,little info,,unclear,unclear,NA,,,
Terr2_FS_CB_Species\gntsun1_Green-throated Sunbird.txt,Nectariniidae,Chalcomitra,0,0,2,B,0,A,1,1,0,,Green-throated Sunbird,Nectarinia_rubescens,Green-throated Sunbird_behavior_extraction.txt,1,0,Z unclear,,Z unclear,,FALSE,FALSE,Probably sedentary,,unclear,unclear,NA,,,
Terr2_FS_CB_Species\whbsun2_White-bellied Sunbird.txt,Nectariniidae,Cinnyris,1,0,2,B,0,A,3,1,NA,,White-bellied Sunbird,Nectarinia_talatala,White-bellied Sunbird_behavior_extraction.txt,1,0,Z unclear,,Z unclear,,FALSE,FALSE,little info,,unclear,unclear,NA,,,
Terr2_FS_CB_Species\comjer1_Common Jery.txt,Cisticolidae,Neomixis,0,0,2,A,0,A,3,1,0,,Common Jery,Neomixis_tenella,Common Jery_behavior_extraction.txt,1,0,Z unclear,,Z unclear,,FALSE,FALSE,little info,,unclear,unclear,NA,,,
Terr2_FS_CB_Species\vivnil3_Taiwan Vivid Niltava.txt,Muscicapidae,Niltava,0,0,2,B,0,A,2,3,0,,Taiwan Vivid Niltava,Niltava_vivida,Taiwan Vivid Niltava_behavior_extraction.txt,0,0,Z unclear,,Z unclear,,FALSE,FALSE,This population is essentially resident,,unclear,unclear,NA,,,
Terr2_FS_CB_Species\retwhe3_Kurdish Wheatear.txt,Muscicapidae,Oenanthe,1,0,2,B,0,A,2,3,1,,Kurdish Wheatear,Oenanthe_xanthoprymna,Kurdish Wheatear_behavior_extraction.txt,0,0,Z unclear,,Z unclear,,FALSE,FALSE,little info,,unclear,unclear,NA,,,
Terr2_FS_CB_Species\brcsta1_Bristle-crowned Starling.txt,Sturnidae,Onychognathus,0,0,2,B,0,A,3,1,0,,Bristle-crowned Starling,Onychognathus_salvadorii,Bristle-crowned Starling_behavior_extraction.txt,0,0,Z unclear,,Z unclear,,FALSE,FALSE,little info,,unclear,unclear,NA,,,
Terr2_FS_CB_Species\quailf1_Quailfinch.txt,Estrildidae,Ortygospiza,1,0,2,A,0,A,3,1,1,,Quailfinch,Ortygospiza_atricollis,Quailfinch_behavior_extraction.txt,0,0,Z unclear,,Z unclear,,FALSE,FALSE,"Resident, some short-distance movement",,unclear,unclear,NA,,,
Terr2_FS_CB_Species\gbsfin1_Great-billed Seed-Finch.txt,Thraupidae,Sporophila,1,0,2,B,0,A,2,2,1,,Great-billed Seed-Finch,Oryzoborus_maximiliani,Great-billed Seed-Finch_behavior_extraction.txt,0,0,Z unclear,,Z unclear,,FALSE,FALSE,Resident,,unclear,unclear,NA,,,
Terr2_FS_CB_Species\yeltit2_Taiwan Yellow Tit.txt,Paridae,Machlolophus,1,0,2,B,0,A,3,1,1,,Taiwan Yellow Tit,Parus_holsti,Taiwan Yellow Tit_behavior_extraction.txt,1,0,Z unclear,,Z unclear,,FALSE,FALSE,"Resident, with some short-distance movements undertaken.",,unclear,unclear,NA,,,
Terr2_FS_CB_Species\rabgro1_Red-and-black Grosbeak.txt,Cardinalidae,Periporphyrus,1,0,2,B,0,A,3,1,1,,Red-and-black Grosbeak,Periporphyrus_erythromelas,Red-and-black Grosbeak_behavior_extraction.txt,0,0,Z unclear,,Z unclear,,FALSE,FALSE,little info,,unclear,unclear,NA,,,
Terr2_FS_CB_Species\pinrob1_Pink Robin.txt,Petroicidae,Petroica,0,0,2,B,0,A,2,2,0,,Pink Robin,Petroica_rodinogaster,Pink Robin_behavior_extraction.txt,1,0,Z unclear,,Z unclear,,FALSE,FALSE,"Resident, migratory and dispersive.",,unclear,unclear,NA,,,
Terr2_FS_CB_Species\gcptan1_Gray-crowned Palm-Tanager.txt,Phaenicophilidae,Phaenicophilus,0,0,2,B,0,A,3,1,0,,Gray-crowned Palm-Tanager,Phaenicophilus_poliocephalus,Gray-crowned Palm-Tanager_behavior_extraction.txt,0,0,Z unclear,,Z unclear,,FALSE,FALSE,little info,,unclear,unclear,NA,,,
Terr2_FS_CB_Species\sicfri1_Silver-crowned Friarbird.txt,Meliphagidae,Philemon,0,0,2,B,1,A,3,2,0,,Silver-crowned Friarbird,Philemon_argenticeps,Silver-crowned Friarbird_behavior_extraction.txt,0,0,Z unclear,,Z unclear,,FALSE,FALSE,"Apparently resident, or partly so, combined with at least local movements.",,unclear,unclear,NA,,,
Terr2_FS_CB_Species\helfri1_Helmeted Friarbird.txt,Meliphagidae,Philemon,1,0,2,B,1,A,3,1,2,,Helmeted Friarbird,Philemon_buceroides,Helmeted Friarbird_behavior_extraction.txt,1,0,Z unclear,,Z unclear,,FALSE,FALSE,"Apparently resident throughout much of range, with some local movements (hence claims of nomadism)",,unclear,unclear,NA,,,
Terr2_FS_CB_Species\nebfri1_New Britain Friarbird.txt,Meliphagidae,Philemon,1,0,2,C,1,A,3,1,NA,,New Britain Friarbird,Philemon_cockerelli,New Britain Friarbird_behavior_extraction.txt,0,0,Z unclear,,Z unclear,,FALSE,FALSE,little info,,unclear,unclear,NA,,,
Terr2_FS_CB_Species\bkffri1_Buru Friarbird.txt,Meliphagidae,Philemon,1,0,2,B,1,A,3,1,NA,Drop this one instead of Tanimbar Friarbird?,Buru Friarbird,Philemon_moluccensis,Buru Friarbird_behavior_extraction.txt,1,0,Z unclear,,Z unclear,,FALSE,FALSE,little info,,unclear,unclear,NA,,,
yevbul1_Yellow-vented Bulbul.txt,Pycnonotidae,Pycnonotus,1,0,2,B,0,A,3,1,1,,Yellow-vented Bulbul,Pycnonotus_goiavier,Yellow-vented Bulbul_behavior_extraction.txt,1,0,Z unclear,,Z unclear,,FALSE,FALSE,"Resident, subject to some dispersive movements.",,unclear,unclear,NA,,,
Terr2_FS_CB_Species\blbsee1_Black-bellied Seedcracker.txt,Estrildidae,Pyrenestes,1,0,2,B,0,C,3,1,1,,Black-bellied Seedcracker,Pyrenestes_ostrinus,Black-bellied Seedcracker_behavior_extraction.txt,0,0,Z unclear,,Z unclear,,FALSE,FALSE,resident,,unclear,unclear,NA,,,
Terr2_FS_CB_Species\eurbul_Eurasian Bullfinch.txt,Fringillidae,Pyrrhula,1,0,2,A,0,A,3,1,1,,Eurasian Bullfinch,Pyrrhula_pyrrhula,Eurasian Bullfinch_behavior_extraction.txt,0,0,Z unclear,,Z unclear,,FALSE,FALSE,variable migration,,unclear,unclear,NA,,,
Terr2_FS_CB_Species\flrtan1_Flame-rumped Tanager.txt,Thraupidae,Ramphocelus,0,0,2,B,0,A,3,1,0,,Flame-rumped Tanager,Ramphocelus_flammigerus,Flame-rumped Tanager_behavior_extraction.txt,0,0,Z unclear,,Z unclear,,FALSE,FALSE,Resident over most of range,,unclear,unclear,NA,,,
Terr2_FS_CB_Species\thblar1_Thick-billed Lark.txt,Alaudidae,Ramphocoris,0,0,2,B,0,A,2,2,0,,Thick-billed Lark,Rhamphocoris_clotbey,Thick-billed Lark_behavior_extraction.txt,0,0,Z unclear,,Z unclear,,FALSE,FALSE,"Resident; mostly nomadic in non-breeding season, normally in small parties",,unclear,unclear,NA,,,
Terr2_FS_CB_Species\ankser2_Ankober Serin.txt,Fringillidae,Crithagra,0,0,2,C,0,A,3,1,0,,Ankober Serin,Serinus_ankoberensis,Ankober Serin_behavior_extraction.txt,2,0,Z unclear,,Z unclear,,FALSE,FALSE,"resident, flocks, several males sing together",,unclear,unclear,NA,,,
Terr2_FS_CB_Species\styfin1_Stripe-tailed Yellow-Finch.txt,Thraupidae,Sicalis,0,0,2,B,0,A,2,2,0,,Stripe-tailed Yellow-Finch,Sicalis_citrina,Stripe-tailed Yellow-Finch_behavior_extraction.txt,1,0,Z unclear,,Z unclear,,FALSE,FALSE,little info,,unclear,unclear,NA,,,
whtnut1_White-tailed Nuthatch.txt,Sittidae,Sitta,0,0,2,B,0,A,3,1,0,,White-tailed Nuthatch,Sitta_himalayensis,White-tailed Nuthatch_behavior_extraction.txt,4,0,Z unclear,,Z unclear,,FALSE,FALSE,"Resident, with seasonal altitudinal movements.",,unclear,unclear,NA,,,
hisspi_Hispaniolan Spindalis.txt,Spindalidae,Spindalis,1,0,2,B,0,B,3,1,1,,Hispaniolan Spindalis,Spindalis_dominicensis,Hispaniolan Spindalis_behavior_extraction.txt,1,0,Z unclear,,Z unclear,,FALSE,FALSE,Resident. Local movements in response to changing fruit supplies.,,unclear,unclear,NA,,,
Terr2_FS_CB_Species\docsee1_Double-collared Seedeater.txt,Thraupidae,Sporophila,1,0,2,B,0,A,2,2,1,,Double-collared Seedeater,Sporophila_caerulescens,Double-collared Seedeater_behavior_extraction.txt,0,0,Z unclear,,Z unclear,,FALSE,FALSE,little info,,unclear,unclear,NA,,,
Terr2_FS_CB_Species\bufsee1_Buffy-fronted Seedeater.txt,Thraupidae,Sporophila,1,0,2,A,0,A,2,2,1,,Buffy-fronted Seedeater,Sporophila_frontalis,Buffy-fronted Seedeater_behavior_extraction.txt,3,0,Z unclear,,Z unclear,,FALSE,FALSE,little info,,unclear,unclear,NA,,,
Terr2_FS_CB_Species\plusee1_Plumbeous Seedeater.txt,Thraupidae,Sporophila,1,0,2,A,0,A,2,2,1,,Plumbeous Seedeater,Sporophila_plumbea,Plumbeous Seedeater_behavior_extraction.txt,0,0,Z unclear,,Z unclear,,FALSE,FALSE,little info,,unclear,unclear,NA,,,
Terr2_FS_CB_Species\diatan1_Diademed Tanager.txt,Thraupidae,Stephanophorus,1,0,2,B,0,B,3,2,1,,Diademed Tanager,Stephanophorus_diadematus,Diademed Tanager_behavior_extraction.txt,0,0,Z unclear,,Z unclear,,FALSE,FALSE,little info,,unclear,unclear,NA,,,
Terr2_FS_CB_Species\lilmea2_Chihuahuan Meadowlark.txt,Icteridae,Sturnella,1,0,2,B,0,A,2,2,1,Split from Eastern Meadowlark in 2022 - Sturnella lilianae not present in BirdTree,Chihuahuan Meadowlark,Sturnella_magna,Chihuahuan Meadowlark_behavior_extraction.txt,8,4,Z unclear,,Z unclear,,FALSE,FALSE,"not well studied, all based on related meadowlarks",,unclear,unclear,NA,,,
Terr2_FS_CB_Species\refblu1_Red-flanked Bluetail.txt,Muscicapidae,Tarsiger,1,0,2,B,0,A,2,3,1,,Red-flanked Bluetail,Tarsiger_cyanurus,Red-flanked Bluetail_behavior_extraction.txt,0,0,Z unclear,,Z unclear,,FALSE,FALSE,migratory in most of range,,unclear,unclear,NA,,,
Terr2_FS_CB_Species\dusthr1_Naumann's Thrush.txt,Turdidae,Turdus,0,0,2,B,0,A,2,3,0,,Naumann's Thrush,Turdus_naumanni,Naumann's Thrush_behavior_extraction.txt,1,0,Z unclear,,Z unclear,,FALSE,FALSE,Migratory,,unclear,unclear,NA,,,
Terr2_FS_CB_Species\chethr1_Chestnut Thrush.txt,Turdidae,Turdus,0,0,2,B,0,A,3,1,0,,Chestnut Thrush,Turdus_rubrocanus,Chestnut Thrush_behavior_extraction.txt,2,0,Z unclear,,Z unclear,,FALSE,FALSE,"partial migrant, little info",,unclear,unclear,NA,,,
Terr2_FS_CB_Species\retthr1_Red-throated Thrush.txt,Turdidae,Turdus,0,0,2,B,0,A,2,3,0,,Red-throated Thrush,Turdus_ruficollis,Red-throated Thrush_behavior_extraction.txt,4,0,Z unclear,,Z unclear,,FALSE,FALSE,migratory,,unclear,unclear,NA,,,
Terr2_FS_CB_Species\bubcor1_Southern Cordonbleu.txt,Estrildidae,Uraeginthus,1,0,2,B,0,B,3,1,1,,Southern Cordonbleu,Uraeginthus_angolensis,Southern Cordonbleu_behavior_extraction.txt,0,0,Z unclear,,Z unclear,,FALSE,FALSE,Resident; some local movements.,,unclear,unclear,NA,,,
Terr2_FS_CB_Species\reccor_Red-cheeked Cordonbleu.txt,Estrildidae,Uraeginthus,1,0,2,A,0,A,3,1,1,,Red-cheeked Cordonbleu,Uraeginthus_bengalus,Red-cheeked Cordonbleu_behavior_extraction.txt,0,0,Z unclear,,Z unclear,,FALSE,FALSE,Resident,,unclear,unclear,NA,,,
Terr2_FS_CB_Species\blccor1_Blue-capped Cordonbleu.txt,Estrildidae,Uraeginthus,1,0,2,B,0,B,3,1,1,,Blue-capped Cordonbleu,Uraeginthus_cyanocephalus,Blue-capped Cordonbleu_behavior_extraction.txt,0,0,Z unclear,,Z unclear,,FALSE,FALSE,resident,,unclear,unclear,NA,,,
Terr2_FS_CB_Species\grnlon1_Green Longtail.txt,Cisticolidae,Urolais,0,0,2,B,0,A,3,1,0,,Green Longtail,Urolais_epichlorus,Green Longtail_behavior_extraction.txt,1,0,Z unclear,,Z unclear,,FALSE,FALSE,Presumably mostly resident,,unclear,unclear,NA,,,
Terr2_FS_CB_Species\cssvir1_Chestnut-sided Shrike-Vireo.txt,Vireonidae,Vireolanius,0,0,2,B,0,A,3,1,0,,Chestnut-sided Shrike-Vireo,Vireolanius_melitophrys,Chestnut-sided Shrike-Vireo_behavior_extraction.txt,1,0,Z unclear,,Z unclear,,FALSE,FALSE,little info,,unclear,unclear,NA,,,
Terr2_FS_CB_Species\scathr8_Scaly Thrush.txt,Turdidae,Zoothera,1,0,2,B,0,A,2,3,1,,Scaly Thrush,Zoothera_dauma,Scaly Thrush_behavior_extraction.txt,3,0,Z unclear,,Z unclear,,FALSE,FALSE,"partial migrant, little info",,unclear,unclear,NA,,,
Terr2_FS_CB_Species\aztthr_Aztec Thrush.txt,Turdidae,Ridgwayia,0,0,2,C,0,A,2,1,0,,Aztec Thrush,Zoothera_pinicola,Aztec Thrush_behavior_extraction.txt,3,0,Z unclear,,Z unclear,,FALSE,FALSE,little info,,unclear,unclear,NA,,,
Terr2_FS_CB_Species\sibthr1_Siberian Thrush.txt,Turdidae,Geokichla,1,0,2,B,0,A,2,3,1,,Siberian Thrush,Zoothera_sibirica,Siberian Thrush_behavior_extraction.txt,1,0,Z unclear,,Z unclear,,FALSE,FALSE,migratory,,unclear,unclear,NA,,,
Terr2_FS_CB_Species\loweye2_Lowland White-eye.txt,Zosteropidae,Zosterops,0,0,2,B,0,A,3,1,0,,Lowland White-eye,Zosterops_meyeni,Lowland White-eye_behavior_extraction.txt,1,0,Z unclear,,Z unclear,,FALSE,FALSE,little info,,unclear,unclear,NA,,,
Terr2_FS_CB_Species\madlar1_Madagascar Lark.txt,Alaudidae,Eremopterix,0,0,2,B,0,A,3,1,0,,Madagascar Lark,Mirafra_hova,Madagascar Lark_behavior_extraction.txt,1,0,Weak,Low,Weak,Low,FALSE,FALSE,Advertises territory; resident,2 - advertise vs defend,unclear,unclear,NA,"""They are often found in small groups in open areas. They run along the ground in search of insects and seeds. They are easy birds to observe. They are often seen along roadsides. Early in the morning, they soar to heights of 50 to 100 meters and sing while circling."" [translated from French]",https://www.biodiversitylibrary.org/item/296849#page/188/mode/1up,
Terr2_FS_CB_Species\rehfin1_Red-headed Finch.txt,Estrildidae,Amadina,0,0,2,B,0,A,2,2,0,,Red-headed Finch,Amadina_erythrocephala,Red-headed Finch_behavior_extraction.txt,1,0,Weak,Low,Weak,Low,FALSE,FALSE,"Gregarious, foraging in small groups",,unclear,unclear,NA,,,
chemun_Chestnut Munia.txt,Estrildidae,Lonchura,1,NA,2,B,0,A,3,1,1,,Chestnut Munia,Lonchura_atricapilla,Chestnut Munia_behavior_extraction.txt,1,0,Weak,MEDIUM,Weak,MEDIUM,FALSE,FALSE,"Forages socially, even during breeding season; sometimes in very large flocks; resident or partial migrant",,unclear,unclear,NA,,,
Terr2_FS_CB_Species\carpar1_Carola's Parotia.txt,Paradisaeidae,Parotia,0,0,2,B,0,A,1,1,0,,Carola's Parotia,Parotia_carolae,Carola's Parotia_behavior_extraction.txt,0,0,Weak,MEDIUM,Weak,MEDIUM,FALSE,FALSE,"Duetting by males common; presumed resident; Polygynous, promiscuous males seasonally maintaining terrestrial courts, dispersed to form exploded leks; female builds and attends nest alone",lek,unclear,unclear,NA,,,1
Terr2_FS_CB_Species\moupip1_Mountain Pipit.txt,Motacillidae,Anthus,0,0,2,B,0,A,2,3,0,,Mountain Pipit,Anthus_hoeschi,Mountain Pipit_behavior_extraction.txt,2,0,Strong,Low,Strong,Low,FALSE,FALSE,Monogamous; territorial.; Migratory,,unclear,unclear,NA,litte information available,,
Terr2_FS_CB_Species\strpip1_Striped Pipit.txt,Motacillidae,Anthus,0,0,2,B,0,A,2,1,0,,Striped Pipit,Anthus_lineiventris,Striped Pipit_behavior_extraction.txt,0,0,Strong,Low,Strong,Low,FALSE,FALSE,Monogamous; territorial.; resident and migratory,,unclear,unclear,NA,litte information available,,
Terr2_FS_CB_Species\gohcis1_Golden-headed Cisticola.txt,Cisticolidae,Cisticola,0,0,2,A,0,A,1,1,0,,Golden-headed Cisticola,Cisticola_exilis,Golden-headed Cisticola_behavior_extraction.txt,0,0,Strong,HIGH,Strong,HIGH,FALSE,FALSE,"male defends territory of 0·2–1·4 ha and attracts up to 14 females; solitary, territorial",,Permissive,Weak,Medium,"Cisticolas are generally solitary, territorial breeders, with the exception of C. exilis and C. juncidis (Zitting Cisticola); perhaps both C. aridulus (Desert Cisticola) and C. ayresii (Wing-snapping Cisticola), which might be polygamous at least some of the time (Ryan, 2006); and C. chiniana (Rattling Cisticola), where a coalition of males seems to hold and defend communal territories (Carlson, 1986). C",http://hdl.handle.net/11427/15462,
Terr2_FS_CB_Species\smilon_Smith's Longspur.txt,Calcariidae,Calcarius,1,1,2,B,0,A,2,3,1,,Smith's Longspur,Calcarius_pictus,Smith's Longspur_behavior_extraction.txt,4,1,Weak,HIGH,Weak,HIGH,FALSE,FALSE,"Low breeding densities, lack of territorial behavior by either sex, and large overlap in home ranges suggests population size is not limited by lack of space for additional birds entering the breeding population",,Permissive,Weak,High,,,
Terr2_FS_CB_Species\eurwar1_Common Reed Warbler.txt,Acrocephalidae,Acrocephalus,NA,1,2,A,0,A,2,3,1,Acrocephalus_baeticatus,Common Reed Warbler,Acrocephalus_baeticatus,Common Reed Warbler_behavior_extraction.txt,3,2,Weak,Low,Weak,Low,FALSE,FALSE,"African - significant helper presence; in some areas the species may form neighborhood groups comprising several pairs. Nests usually solitary, but occasionally sited <50m apart.; Song usually delivered from concealment",,Permissive,Weak,Medium,,,"changed cooperative breeding from 0 to 1 2025-04-29 Did not previously have this species separated from Eurasian Common Reed Warbler; - african vs eurasian subspecies slightly different, well-studied"
Terr2_FS_CB_Species\lottit1_Long-tailed Tit.txt,Aegithalidae,Aegithalos,1,1,2,A,0,A,2,1,1,,Long-tailed Tit,Aegithalos_caudatus,Long-tailed Tit_behavior_extraction.txt,1,0,Weak,MEDIUM,Weak,MEDIUM,FALSE,FALSE,"Each pair sets up loosely defended territory within area occupied by male's winter flock, but continues to roost with other flock-members until nest so far advanced that it can be used for roosting (usually when dome complete); this ""song"" given by both sexes, especially during aggressive encounters with conspecifics",,Permissive,Weak,Medium,,,
Terr2_FS_CB_Species\chobla1_Chopi Blackbird.txt,Icteridae,Gnorimopsar,1,1,2,B,1,A,3,1,1,,Chopi Blackbird,Gnorimopsar_chopi,Chopi Blackbird_behavior_extraction.txt,0,0,Weak,MEDIUM,Weak,MEDIUM,FALSE,FALSE,Breeds solitarily or in small colonies of up to seven or so pairs; resident,,Permissive,Weak,Medium,,,1
Terr2_FS_CB_Species\gobbun1_Golden-breasted Bunting.txt,Emberizidae,Emberiza,0,0,2,C,0,A,3,1,0,,Golden-breasted Bunting,Emberiza_flaviventris,Golden-breasted Bunting_behavior_extraction.txt,1,0,Weak,HIGH,Weak,HIGH,FALSE,FALSE,"Breeds singly. Territorial, but moderately tolerant of other birds entering territory","1 - ""territorial but moderately tolerant""",Permissive,Weak,Medium,"""Unobtrusive and rather tame""",https://books.google.com/books?id=Dua2kyICmxoC&pg=PA331&dq=Emberiza+flaviventris&hl=en&newbks=1&newbks_redir=0&sa=X&ved=2ahUKEwji_uTagIWNAxXpCnkGHYKRPBkQ6AF6BAgGEAM#v=onepage&q=Emberiza%20flaviventris&f=false,1
Terr2_FS_CB_Species\tasbla_Tawny-shouldered Blackbird.txt,Icteridae,Agelaius,1,0,2,A,1,A,2,1,NA,,Tawny-shouldered Blackbird,Agelaius_humeralis,Tawny-shouldered Blackbird_behavior_extraction.txt,0,0,Weak,HIGH,Weak,HIGH,FALSE,FALSE,"Non-territorial, defends only a small area around nest.",,Permissive,Weak,Medium,,,
Terr2_FS_CB_Species\sstspa_Saltmarsh Sparrow.txt,Passerellidae,Ammospiza,0,0,2,B,0,A,1,3,0,,Saltmarsh Sparrow,Ammodramus_caudacutus,Saltmarsh Sparrow_behavior_extraction.txt,0,0,Weak,HIGH,Weak,HIGH,FALSE,FALSE,Saltmarsh Sparrow occupies large home ranges without space defense,,Permissive,Weak,Medium,,,
Terr2_FS_CB_Species\eurgre1_European Greenfinch.txt,Fringillidae,Chloris,1,0,2,A,0,A,3,1,1,,European Greenfinch,Carduelis_chloris,European Greenfinch_behavior_extraction.txt,0,0,Weak,HIGH,Weak,HIGH,FALSE,FALSE,"Solitary or loosely colonial, up to 1·5 m between nests; non-territorial.",,Permissive,Weak,Medium,,,1
Terr2_FS_CB_Species\eursis_Eurasian Siskin.txt,Fringillidae,Spinus,1,0,2,B,0,A,2,1,1,,Eurasian Siskin,Carduelis_spinus,Eurasian Siskin_behavior_extraction.txt,0,0,Weak,HIGH,Weak,HIGH,FALSE,FALSE,"Solitary, also loosely colonial in groups of up to 20 pairs; territory used only for breeding, only weakly defended for short period during nest-building, majority of feeding done outside territory.",,Permissive,Weak,Medium,,,1
Terr2_FS_CB_Species\houfin_House Finch.txt,Fringillidae,Haemorhous,1,0,2,A,0,A,3,2,1,,House Finch,Carpodacus_mexicanus,House Finch_behavior_extraction.txt,2,0,Weak,HIGH,Weak,HIGH,FALSE,FALSE,No defended resources other than a mate (both sexes) and the immediate nest site.,,Permissive,Weak,Medium,,,1
Terr2_FS_CB_Species\rtrthr1_Rufous-tailed Rock-Thrush.txt,Muscicapidae,Monticola,1,0,2,B,0,A,2,3,1,,Rufous-tailed Rock-Thrush,Monticola_saxatilis,Rufous-tailed Rock-Thrush_behavior_extraction.txt,1,0,Weak,HIGH,Weak,HIGH,FALSE,FALSE,"The territoriality of the species can be described as ""soft"" (40 36, ): territorial males ""accept"" the presence of other males on their territories without violent reaction",,Permissive,Weak,Medium,,,
Terr2_FS_CB_Species\eurser1_European Serin.txt,Fringillidae,Serinus,0,0,2,A,0,A,2,2,0,,European Serin,Serinus_serinus,European Serin_behavior_extraction.txt,0,0,Weak,HIGH,Weak,HIGH,FALSE,FALSE,"Territory (used for courtship, nesting and feeding) c. 1 ha, boundary not well defended and display-flights frequently stray into adjoining territory.",,Permissive,Weak,Medium,,,1
Terr2_FS_CB_Species\fisfly1_Fiscal Flycatcher.txt,Muscicapidae,Sigelus,0,0,2,A,0,A,3,1,0,,Fiscal Flycatcher,Sigelus_silens,Fiscal Flycatcher_behavior_extraction.txt,0,0,Weak,HIGH,Weak,HIGH,FALSE,FALSE,Monogamous; solitary nester; territorial but not strongly so.,,Permissive,Weak,Medium,,,
Terr2_FS_CB_Species\unibla2_Unicolored Blackbird.txt,Icteridae,Agelasticus,1,0,2,B,0,A,2,1,1,,Unicolored Blackbird,Agelasticus_cyanopus,Unicolored Blackbird_behavior_extraction.txt,1,0,Weak,Low,Weak,Low,FALSE,FALSE,Breeds solitarily or in small colonies of up to 20–30 nests in marshes or flooded grasslands; resident,,Permissive,Weak,Medium,,,
Terr2_FS_CB_Species\plbpip1_Plain-backed Pipit.txt,Motacillidae,Anthus,0,0,2,B,0,A,2,1,0,,Plain-backed Pipit,Anthus_leucophrys,Plain-backed Pipit_behavior_extraction.txt,0,0,Weak,Low,Weak,Low,FALSE,FALSE,"Monogamous; territorial, but sometimes several pairs nest close together.; some populations believed to be sedentary, with others making altitudinal or nomadic movements.",,Permissive,Weak,Medium,,,
Terr2_FS_CB_Species\maswoo1_Masked Woodswallow.txt,Artamidae,Artamus,1,0,2,B,0,A,3,1,1,,Masked Woodswallow,Artamus_personatus,Masked Woodswallow_behavior_extraction.txt,0,0,Weak,Low,Weak,Low,FALSE,FALSE,"Nests solitarily, also in loose colony with nests 10 m apart; Highly nomadic",,Permissive,Weak,Medium,,,
Terr2_FS_CB_Species\blahon1_Black Honeyeater.txt,Meliphagidae,Sugomel,0,0,2,B,0,A,2,3,0,,Black Honeyeater,Certhionyx_niger,Black Honeyeater_behavior_extraction.txt,1,0,Weak,Low,Weak,Low,FALSE,FALSE,"Often in loose groups or colonies, partial migrant",,Permissive,Weak,Medium,,,
Terr2_FS_CB_Species\monfin2_Mongolian Finch.txt,Fringillidae,Bucanetes,0,0,2,B,0,A,2,2,0,,Mongolian Finch,Eremopsaltria_mongolicus,Mongolian Finch_behavior_extraction.txt,0,0,Weak,Low,Weak,Low,FALSE,FALSE,"Monogamous. Solitary and semi-colonial.; Resident, altitudinal migrant and partial migrant.",,Permissive,Weak,Medium,,,
Terr2_FS_CB_Species\rusbla_Rusty Blackbird.txt,Icteridae,Euphagus,1,0,2,B,0,A,2,3,1,,Rusty Blackbird,Euphagus_carolinus,Rusty Blackbird_behavior_extraction.txt,1,0,Weak,Low,Weak,Low,FALSE,FALSE,Loosely colonial (Orians 1985). Nests never observed closer than 0.4 km; migratory,,Permissive,Weak,Medium,,,1
Terr2_FS_CB_Species\rebfir2_Red-billed Firefinch.txt,Estrildidae,Lagonosticta,0,0,2,A,0,A,3,1,0,,Red-billed Firefinch,Lagonosticta_senegala,Red-billed Firefinch_behavior_extraction.txt,0,0,Weak,Low,Weak,Low,FALSE,FALSE,Breeding pairs usually well apart; sometimes several pairs in a grass roof.; resident,,Permissive,Weak,Medium,,,
Terr2_FS_CB_Species\hoomun1_Hooded Munia.txt,Estrildidae,Lonchura,0,0,2,B,0,A,3,1,0,,Hooded Munia,Lonchura_spectabilis,Hooded Munia_behavior_extraction.txt,0,0,Weak,Low,Weak,Low,FALSE,FALSE,Resident; locally nomadic.; has nested in colonies,,Permissive,Weak,Medium,,,
Terr2_FS_CB_Species\piewhe1_Pied Wheatear.txt,Muscicapidae,Oenanthe,1,0,2,B,0,A,2,3,1,,Pied Wheatear,Oenanthe_pleschanka,Pied Wheatear_behavior_extraction.txt,1,0,Weak,Low,Weak,Low,FALSE,FALSE,"Territories often relatively small, especially in high-density areas, some only 0·3 ha, and in Ukraine no more than 40–60 m across, although nests and pairs generally 100 m apart; often loose colonies of 2–4 pairs, each with territory of 1–3 ha (average c. 2 ha), in Tuva (C Siberia) mean distance between nests 126 m, minimum 40 m.""; migratory",,Permissive,Weak,Medium,,,colonial
Terr2_FS_CB_Species\rocpet1_Rock Sparrow.txt,Passeridae,Petronia,1,0,2,A,0,A,2,1,1,,Rock Sparrow,Petronia_petronia,Rock Sparrow_behavior_extraction.txt,0,0,Weak,Low,Weak,Low,FALSE,FALSE,Breeding In loose colonies and isolated pairs,,Permissive,Weak,Medium,,,
Terr2_FS_CB_Species\brican1_Brimstone Canary.txt,Fringillidae,Crithagra,1,0,2,C,0,A,3,1,NA,,Brimstone Canary,Serinus_sulphuratus,Brimstone Canary_behavior_extraction.txt,0,0,Weak,Low,Weak,Low,FALSE,FALSE,Solitary or in loosely associated groups. Territorial.Resident,,Permissive,Weak,Low,,,
Terr2_FS_CB_Species\descis1_Desert Cisticola.txt,Cisticolidae,Cisticola,0,0,2,B,0,A,3,1,0,,Desert Cisticola,Cisticola_aridulus,Desert Cisticola_behavior_extraction.txt,1,0,Strong,Low,Weak,Low,TRUE,FALSE,"Territorial; nests singly or in loose clusters, with nests only 20 m apart; resident/partial migrant",,Permissive,Weak,Low,"Cisticolas are generally solitary, territorial breeders, with the exception of C. exilis and C. juncidis (Zitting Cisticola); perhaps both C. aridulus (Desert Cisticola) and C. ayresii (Wing-snapping Cisticola), which might be polygamous at least some of the time (Ryan, 2006); and C. chiniana (Rattling Cisticola), where a coalition of males seems to hold and defend communal territories (Carlson, 1986). C",http://hdl.handle.net/11427/15462,
Terr2_FS_CB_Species\socbun1_Socotra Bunting.txt,Emberizidae,Emberiza,0,0,2,C,0,A,3,1,0,,Socotra Bunting,Emberiza_socotrana,Socotra Bunting_behavior_extraction.txt,1,0,Weak,MEDIUM,Weak,MEDIUM,FALSE,FALSE,"Singing males are clustered, and pairs are often close together during breeding season, suggesting that breeding is semi-colonial.; resident",1 - colonial-weak example,Permissive,Weak,Low,"""low density, and patchy distribution within apparently suitable habitat""",http://www.socotraproject.org/userfiles/files/Socotra%20Bunting%20Sandgrouse.pdf,
Terr2_FS_CB_Species\redpol1_Redpoll.txt,Fringillidae,Acanthis,0,NA,2,B,0,A,3,2,0,several subspecies,Redpoll,Carduelis_flammea,Redpoll_behavior_extraction.txt,10,1,Weak,MEDIUM,Weak,MEDIUM,FALSE,FALSE,"Not generally territorial but poorly documented, and males observed chasing other males from nest sites; several nests may be built in small clump of bushes; during nonbreeding season, males dominant to females (ranking from high male to low male to high female to low female); as breeding season approaches, females become more aggressive toward certain males and then finally pair with one of them ( 188). After pairing, females become dominant.; solitary or loosely colonial;  Noted as having no truly territorial behavior,"" and no territorial fighting observed, even though nests sometimes placed close together ( 25), but better described as weakly territorial, defending limited area around nest, more at particular stages of breeding cycle than others",,Permissive,Weak,Medium,,,
Terr2_FS_CB_Species\retwhe2_Persian Wheatear.txt,Muscicapidae,Oenanthe,1,NA,2,B,0,A,2,3,1,,Persian Wheatear,Oenanthe_chrysopygia,Persian Wheatear_behavior_extraction.txt,3,0,Weak,MEDIUM,Weak,MEDIUM,FALSE,FALSE,"Territory 0·5–3 ha, usually 1·2–1·8 ha, but territories overlap by up to 100 m.",,Permissive,Weak,Medium,,,
whtwhe1_White-crowned Wheatear.txt,Muscicapidae,Oenanthe,1,NA,2,B,0,A,3,1,1,,White-crowned Wheatear,Oenanthe_leucopyga,White-crowned Wheatear_behavior_extraction.txt,2,0,Weak,MEDIUM,Weak,MEDIUM,FALSE,FALSE,Sedentary; also local migrant; Sometimes forms loose colonies,,Permissive,Weak,Medium,,,
Terr2_FS_CB_Species\y00599_Scarlet-rumped Tanager.txt,Thraupidae,Ramphocelus,0,0,2,B,0,A,3,1,0,,Scarlet-rumped Tanager,Ramphocelus_passerinii,Scarlet-rumped Tanager_behavior_extraction.txt,0,0,Weak,MEDIUM,Weak,MEDIUM,FALSE,FALSE,Scarlet-rumped Tanager is not known to maintain or defend territories; Scarlet-rumped Tanagers very rarely fight among themselves. Disputes between females over nests and nest sites are limited to posturing with open bills,,Permissive,Weak,Medium,,,no territory?
Terr2_FS_CB_Species\gowcac1_Golden-winged Cacique.txt,Icteridae,Cacicus,1,0,2,B,1,A,3,1,2,,Golden-winged Cacique,Cacicus_chrysopterus,Golden-winged Cacique_behavior_extraction.txt,0,0,Weak,MEDIUM,Weak,MEDIUM,FALSE,FALSE,Male commonly displays and sings around nest-site.; sedentary,,Permissive,Weak,Medium,,,
Terr2_FS_CB_Species\yemlin1_Yemen Linnet.txt,Fringillidae,Linaria,0,0,2,B,0,A,2,1,0,,Yemen Linnet,Carduelis_yemenensis,Yemen Linnet_behavior_extraction.txt,0,0,Weak,MEDIUM,Weak,MEDIUM,FALSE,FALSE,Has been suggested that nesting is loosely colonial,,Permissive,Weak,Medium,,,1 - social heirarchy - females dominant during breeding season
Terr2_FS_CB_Species\casfin_Cassin's Finch.txt,Fringillidae,Haemorhous,1,0,2,A,0,A,3,1,1,,Cassin's Finch,Carpodacus_cassinii,Cassin's Finch_behavior_extraction.txt,3,0,Weak,MEDIUM,Weak,MEDIUM,FALSE,FALSE,"Defended area depends on location of female and is largest at time of nest completion/clutch initiation; Once incubation has started, male will tolerate nest construction by another pair a few meters from the established nest",,Permissive,Weak,Medium,,,1
Terr2_FS_CB_Species\greros1_Great Rosefinch.txt,Fringillidae,Carpodacus,1,0,2,B,0,A,2,1,1,,Great Rosefinch,Carpodacus_rubicilla,Great Rosefinch_behavior_extraction.txt,1,0,Weak,MEDIUM,Weak,MEDIUM,FALSE,FALSE,"Apparently, territory very large or species non-territorial.",,Permissive,Weak,Medium,,,1
Terr2_FS_CB_Species\casoro2_Casqued Cacique.txt,Icteridae,Cacicus,NA,0,1,B,0,A,1,1,NA,,Casqued Cacique,Clypicterus_oseryi,Casqued Cacique_behavior_extraction.txt,1,0,Weak,MEDIUM,Weak,MEDIUM,FALSE,FALSE,"Colonies of 14–25 nests, located along small rivers; breeding activities highly synchronized; male parental role is mostly that of nest-guarding and defence of colony against monkeys, toucans (Ramphastidae) and other predators; resident",,Permissive,Weak,Medium,,,1
Terr2_FS_CB_Species\beslar1_Black-eared Sparrow-Lark.txt,Alaudidae,Eremopterix,0,0,2,B,0,A,2,3,0,,Black-eared Sparrow-Lark,Eremopterix_australis,Black-eared Sparrow-Lark_behavior_extraction.txt,0,0,Weak,MEDIUM,Weak,MEDIUM,FALSE,FALSE,"Nests singly, normally in small pockets with conspecifics (sometimes within 20 m of another pair)",,Permissive,Weak,Medium,,,
Terr2_FS_CB_Species\afffin_African Firefinch.txt,Estrildidae,Lagonosticta,0,0,2,B,0,A,3,1,0,,African Firefinch,Lagonosticta_rubricata,African Firefinch_behavior_extraction.txt,0,0,Weak,MEDIUM,Weak,MEDIUM,FALSE,FALSE,"not territorial, resident",,Permissive,Weak,Medium,,,
Terr2_FS_CB_Species\wbtwar1_White-browed Tit-Warbler.txt,Aegithalidae,Leptopoecile,0,0,2,B,0,A,3,1,0,,White-browed Tit-Warbler,Leptopoecile_sophiae,White-browed Tit-Warbler_behavior_extraction.txt,2,0,Weak,MEDIUM,Weak,MEDIUM,FALSE,FALSE,"No territorial song; Records of several nests in close proximity (sometimes two or three side by side), leading to suggestions of possible colonial breeding, but extra nests may be used as overnight roosts.; in some areas mainly resident; Some winter dispersal reported",,Permissive,Weak,Medium,,,
Terr2_FS_CB_Species\glmman2_Glossy-mantled Manucode.txt,Paradisaeidae,Manucodia,0,0,2,B,0,A,3,1,0,,Glossy-mantled Manucode,Manucodia_ater,Glossy-mantled Manucode_behavior_extraction.txt,0,0,Weak,MEDIUM,Weak,MEDIUM,FALSE,FALSE,Apparently non-territorial.,,Permissive,Weak,Medium,,,
Terr2_FS_CB_Species\truman1_Trumpet Manucode.txt,Paradisaeidae,Phonygammus,0,0,2,B,0,A,3,1,0,,Trumpet Manucode,Manucodia_keraudrenii,Trumpet Manucode_behavior_extraction.txt,0,0,Weak,MEDIUM,Weak,MEDIUM,FALSE,FALSE,Non-territorial.; presumed resident,,Permissive,Weak,Medium,,,1
Terr2_FS_CB_Species\blawhe1_Black Wheatear.txt,Muscicapidae,Oenanthe,1,0,2,B,0,A,3,2,1,,Black Wheatear,Oenanthe_leucura,Black Wheatear_behavior_extraction.txt,1,0,Weak,MEDIUM,Weak,MEDIUM,FALSE,FALSE,"Territories apparently large but overlapping, largely sedentary",,Permissive,Weak,Medium,,,
Terr2_FS_CB_Species\bearee1_Bearded Reedling.txt,Panuridae,Panurus,0,0,2,A,0,A,3,2,0,,Bearded Reedling,Panurus_biarmicus,Bearded Reedling_behavior_extraction.txt,2,0,Weak,MEDIUM,Weak,MEDIUM,FALSE,FALSE,"fairly sedentary, ""colonies""",,Permissive,Weak,Medium,,,
Terr2_FS_CB_Species\crwfin2_Crimson-winged Finch.txt,Fringillidae,Rhodopechys,1,0,2,B,0,A,2,2,1,,Crimson-winged Finch,Rhodopechys_sanguineus,Crimson-winged Finch_behavior_extraction.txt,3,1,Weak,MEDIUM,Weak,MEDIUM,FALSE,FALSE,"Pairs that nest in close proximity to one another perfectly tolerate each other, but may chase off other conspecifics; Territories used for nesting are apparently used only for that purpose, with little evidence of defense or demarcation; Sometimes solitary, sometimes loosely colonial",,Permissive,Weak,Medium,,,1
Terr2_FS_CB_Species\bkhcan2_Black-headed Canary.txt,Fringillidae,Serinus,0,0,2,B,0,A,3,1,0,,Black-headed Canary,Serinus_alario,Black-headed Canary_behavior_extraction.txt,0,0,Weak,MEDIUM,Weak,MEDIUM,FALSE,FALSE,"Resident, ""Loosely colonial.",,Permissive,Weak,Medium,,,
Terr2_FS_CB_Species\capcan1_Cape Canary.txt,Fringillidae,Serinus,0,0,2,B,0,A,3,1,0,,Cape Canary,Serinus_canicollis,Cape Canary_behavior_extraction.txt,0,0,Weak,MEDIUM,Weak,MEDIUM,FALSE,FALSE,Colonial or semi-colonial nester,,Permissive,Weak,Medium,,,
Terr2_FS_CB_Species\sthsee2_Streaky-headed Seedeater.txt,Fringillidae,Crithagra,0,0,2,B,0,A,3,1,0,,Streaky-headed Seedeater,Serinus_gularis,Streaky-headed Seedeater_behavior_extraction.txt,3,0,Weak,MEDIUM,Weak,MEDIUM,FALSE,FALSE,"Resident and partial migrant; Solitary or loosely colonial, with several pairs in close proximity.",,Permissive,Weak,Medium,,,
Terr2_FS_CB_Species\piblar1_Pink-billed Lark.txt,Alaudidae,Spizocorys,0,0,2,B,0,A,2,1,0,,Pink-billed Lark,Spizocorys_conirostris,Pink-billed Lark_behavior_extraction.txt,0,0,Weak,MEDIUM,Weak,MEDIUM,FALSE,FALSE,"Nomadic in arid W, following rain events with other granivorous species. Largely resident or subject to local movements elsewhere in range. Localized population in NE assumed to be entirely sedentary; Monogamous; nests solitarily, when conditions favourable also in loose aggregations",,Permissive,Weak,Medium,"The species does not appear to defend permanent territories as they form flocks in the non-breeding season. The species is apparently monogamous and nests solitary although breeding may take place in loose aggregations with some nests fairly closely spaced (Maclean 1970b).... According to the literature, Pink-billed Larks have a display song described as
“short, whistled elements” (De Juana et al. 2004), contact, alarm and flight calls
(Maclean 1970a; 1993). This study is the first to analyse these vocalizations and also
report on previously unrecorded nestling, aggressive, ground and territorial calls. ",http://hdl.handle.net/10386/1121,
Terr2_FS_CB_Species\zebfin2_Zebra Finch.txt,Estrildidae,Taeniopygia,0,0,2,A,0,A,3,2,0,,Zebra Finch,Taeniopygia_guttata,Zebra Finch_behavior_extraction.txt,0,0,Weak,MEDIUM,Weak,MEDIUM,FALSE,FALSE,Colonial,,Permissive,Weak,Medium,,,
Terr2_FS_CB_Species\whtcan1_White-throated Canary.txt,Fringillidae,Crithagra,0,0,2,B,0,A,3,1,0,,White-throated Canary,Serinus_albogularis,White-throated Canary_behavior_extraction.txt,0,0,Z unclear,,Z unclear,,FALSE,FALSE,Resident and partially nomadic; song from prominent perch; Monogamous. Solitary; up to three active nests within 40 m.,behavior described,Permissive,Weak,Medium,"Most species (except for Crithagra
albogularis, C. flaviventris and Colius colius) nested within
well-defined territories, which were mapped across the
study area each year on the basis of nest locations and
resighting observations",doi: 10.1111/jav.00454,
Terr2_FS_CB_Species\bawsee1_Black-and-white Seedeater.txt,Thraupidae,Sporophila,1,0,2,B,0,A,2,2,1,,Black-and-white Seedeater,Sporophila_luctuosa,Black-and-white Seedeater_behavior_extraction.txt,0,0,Z unclear,,Z unclear,,FALSE,FALSE,Partial migrant; loosely colonial in venezuela,behavior described,Permissive,Weak,Medium,"""I found Black-and-white Seedeaters to be concentrated in loose colonies, or breeding aggregations, where appropriate habitat (patches or clearings with grass and dense scrub) was present. Black-and-white Seedeater males sang from elevated perches in these habitat patches, creating a cacophony of blackbirdlike, high-pitched song.""",https://sora.unm.edu/sites/default/files/journals/on/v016n03/p0387-p0396.pdf,
Terr2_FS_CB_Species\eurjay1_Eurasian Jay.txt,Corvidae,Garrulus,1,0,2,A,0,A,3,2,1,,Eurasian Jay,Garrulus_glandarius,Eurasian Jay_behavior_extraction.txt,10,6,Z unclear,,Z unclear,,FALSE,FALSE,"many subspecies, surprisingly little information on breeding/territory/behavior",common,Permissive,Weak,Medium,"Spring territorial behaviour and habitat selection of the Jay Garrulus glandarius were investigated in two study areas in the Maremma Natural Park (Central Italy). Seven birds in 1990 and seven in 1991 were trapped and subsequently radio-tracked. Incremental area plots and the analysis of auto-overlap showed that most of the Jays did not have fixed home ranges, and that these overlapped greatly. Furthermore, many untagged Jays were seen inside the home ranges of the tagged ones and one pair of Jays successfully reproduced in 1991 inside other Jays' home ranges. No aggressive interactions were observed. These data seem to suggest that the Jays in Maremma do not show territorial behaviour.""",https://www.jstor.org/stable/3677064,
Terr2_FS_CB_Species\soacha1_Southern Anteater-Chat.txt,Muscicapidae,Myrmecocichla,1,1,2,B,0,A,3,1,1,,Southern Anteater-Chat,Myrmecocichla_formicivora,Southern Anteater-Chat_behavior_extraction.txt,0,0,Z unclear,,Z unclear,,FALSE,FALSE,"resident, large turnover of individuals",cooperative,Permissive,Weak,Medium,"""Territorial, but territory not well defined and pair usually occupy home range that is usually shared with other pairs when feeding young.""","Robins and Chats by Peter Clement (2015) ISBN-10 ‏ : ‎ 0713639636
ISBN-13 ‏ : ‎ 978-0713639636",
Terr2_FS_CB_Species\oribla1_Oriole Blackbird.txt,Icteridae,Gymnomystax,1,0,2,B,0,A,3,1,1,,Oriole Blackbird,Gymnomystax_mexicanus,Oriole Blackbird_behavior_extraction.txt,1,0,Weak,Low,Z unclear,,TRUE,TRUE,Solitary breeder.; Apparently resident; Found in pairs and in flocks of up to 80 individuals,territorial,Permissive,Weak,Medium,"""When traspassing Oriole·Blackbirds perched near the nest tree, the parents protested mildly or not at aII. This species is at most weakly territorial.""
Anecdote: This nest was situated on the flyway between the Oriole·Blackbirds' roost in the south and the foraging 01' breeding areas of a number of them farther to the north. Morning and evening, they would pass over the pasture; and IJometimes, especially in the morning, they would interrupt their journey to rest briefly in the trees near the palm where the nest was hidden. Usually lhe parents seemed not to object to thes,e visits, but sometimes they were mildly antagonistic toward the travellers. Thus at 0648 on 14 luly, when 10 hJackbirds perched for a short while near the nest, then continued northward,the resident pair did not protest. Half an hour la ter, two more Oriole·Black· hirds, travelling in the same direction, alighted in a dead tree near the nest, just as the female parent was about to feed the nestlings. She at once flew to the intruders from the palm tree, whae the male did so from a neighboring tree. The parents ""sang"" with puffed out plumage and seemcd somewhat annoyed, but they did not try to chase the trespassers, who after a minute or two resumed their journey. This exceedingly mild demonstration was the strongest manifestation of territorial exclusiveness that I witnessed.",https://bibliotecadigital.exactas.uba.ar/download/hornero/hornero_v010_n04_p379.pdf,
Terr2_FS_CB_Species\hoowhe1_Hooded Wheatear.txt,Muscicapidae,Oenanthe,0,0,2,B,0,A,3,1,0,,Hooded Wheatear,Oenanthe_monacha,Hooded Wheatear_behavior_extraction.txt,0,0,Weak,Low,Z unclear,,TRUE,TRUE,"Sedentary, but some wandering in winter, particularly by females.; Territory (or, at least, home range) judged as much as 1 km_ in Iran",territorial,Permissive,Weak,Medium,"Direct observations were carried out at three territories after one or more birds were located and observed holding territory or lengthily feeding at a site... Individuals sharing the same territory (Table 1) were widely spaced, ie feeding solitarily, keeping a distance of over 100 m between them. When disturbed by an
observer or for other reasons the wheatears changed their foraging area by flying a considerable distance away. Each bird apparently covered an area of up to 1–2 km² per foraging
session (morning or afternoon), with considerable overlap between individual feeding
areas within the same territory. ","Khoury and Forschler (2008) ""Habitats and foraging of Hooded Wheatears
Oenanthe monacha in Jordan""",
Terr2_FS_CB_Species\brohon1_Brown Honeyeater.txt,Meliphagidae,Lichmera,1,0,2,B,1,B,3,1,NA,,Brown Honeyeater,Lichmera_indistincta,Brown Honeyeater_behavior_extraction.txt,2,0,Z unclear,,Z unclear,,FALSE,FALSE,resident/nomadic,,Permissive,Weak,Medium,"""Individual honeyeaters showed few obvious signs of territoriality, even in the breeding season (spring), and could rarely be followed for more than 5-6 min. Consequently, times for all flight or perching activity during each observation period throughout the day were pooled, regardless of the individuals involved.""",https://onlinelibrary.wiley.com/doi/pdf/10.1111/j.1442-9993.1983.tb01598.x,
,,,0,0,2,A,0,A,2,1,0,,Brown Creeper,Certhia_americana,,,,,,,,,,"It is territorial during the breeding season, but in winter often joins mixed-species foraging flocks and roosts communally with other Brown Creepers... Male will fly from perch to perch during territorial singing... Intraspecific encounters during the breeding season usually involve intense singing bouts, especially during territory establishment (Davis 1978a)... Males with smaller territories tended to engage in more vocal defense. In one instance, 2 males sang back and forth 53 times in <10 min; countersang at adjoining territory borders",,Exclusive,Strong,High,,,
,,,0,0,2,A,0,A,3,1,0,Calendulauda erythrochlamys in BOW,Barlow's (Dune) Lark (subspecies),Certhilauda_barlowi,,,,,,,,,,,,Exclusive,Strong,Low,based on Dune Lark classification,,
,,,0,0,2,B,0,A,2,2,0,,Stark's Lark,Eremalauda_starki,,,,,,,,,,"Monogamous; nests singly, but often at fairly high densities when conditions favourable. Male performs protracted aerial display, rising steeply 50–100 m and singing continuously while circling or flying slowly into wind, usually ending by dropping straight down to ground, often to chase another bird... when nest approached, parents flutter erratically over intruder, calling and sometimes snapping the wings, frequently landing and taking off again, if intruder persists they may feign injury by fluttering away along ground... “tree” call when nest approached by intruder",,Exclusive,Strong,Medium,,,
,,,0,0,2,A,0,A,3,1,0,,Española Ground-Finch,Geospiza_conirostris,,,,,,,,,,Little info,,unclear,unclear,NA,,,
,,,0,0,2,B,0,A,3,1,0,"Heteromirafra archeri, Liben Lark in BOW",Sidamo (Liben) Lark,Heteromirafra_sidamoensis,,,,,,,,,,little known,,unclear,unclear,NA,,,
,,,0,0,2,B,0,A,3,3,0,,Isabelline Shrike,Lanius_isabellinus,,,,,,,,,,"Male territorial calls described as “zea-zea”, but in presence of mate change to “ko-ick”, and “zautzat…zautzat” and “tzautzat… tzautzat”, respectively... In Gansu, overall breeding success was estimated at > 68%, with most failures apparently due to intraspecific competition with neighbouring pairs destroying nest-sites",,Exclusive,Strong,Low,,,
,,,1,0,2,A,0,A,2,3,1,,Northern Mockingbird,Mimus_polyglottos,,,,,,,,,,"Chases of conspecific territorial intruders is common, especially during the breeding season. In northern portions of the range, where breeding and nonbreeding territories are often different, such chases are more frequent early in territorial establishment during both spring and fall.",,Exclusive,Strong,Medium,,,
,,,0,0,2,B,0,A,2,1,0,"Called Mirafra javanica in BOW, ",Singing Bushlark,Mirafra_cantillans,,,,,,,,,,little info,,unclear,unclear,NA,,,
,,,1,0,2,A,0,A,3,1,1,,Black-billed Magpie,Pica_hudsonia,,,,,,,,,,"Treetop-Sitting is a behavior that denotes ownership of space. It might not look like a territorial display, but it is equivalent to song in other songbirds (Birkhead 1991). An individual simply sits in top of tree for extended periods of time, with white flanks fluffed so that dark wings are hidden. Black ends and white middle make this bird highly visible; this behavior allows it to advertise its presence inexpensively and overlook its own and its neighbor's territories. Marked variability of nest spacing and defense in this species (Birkhead 1991). Nests can be well spaced or approach coloniality when food is available and disturbance is low (Stone and Trost 1991b); e.g., within 0.3 km of slaughterhouse in Montana, there were consistently 8–10 active nests (Silloway 1900a). Factors leading to high nest densities include limited nesting habitat and variable or abundant food resources.

Variability in nest spacing is correlated with flexible social organization. In North America, magpies defend only nest tree and in some areas are almost as colonial as Yellow-billed Magpies. In Europe, Black-billeds are much more evenly spaced, and maintain traditional, year-round territories (Birkhead 1991). In Spain, however, nests are more aggregated, and individuals forage outside of territory (Cramp and Perrins 1994a), similar to North American populations.",,Permissive,Strong,Medium,,,
,,,0,0,2,B,0,A,3,1,0,doesn't have own page in BOW,Cherrie's (Scarlet-rumped) Tanager,Ramphocelus_costaricensis,,,,,,,,,,"It forms loose flocks and does not defend territories... They also roost in compact groups of up to a dozen individuals (9). They also rarely show aggression to the close proximity of other birds, and will travel in mixed-species flocks",,Permissive,Weak,Medium,,,
,,,0,0,2,B,0,A,3,1,0,doesn't have own page in BOW,Lemon-rumped (Flame-rumped) Tanager,Ramphocelus_icteronotus,,,,,,,,,,little info,,unclear,unclear,NA,,,
,,,1,0,2,A,0,A,3,2,1,,LeConte's Thrasher,Toxostoma_lecontei,,,,,,,,,,"Male song (including Alternate Song) used in courtship and pair-bonding and in territorial and mate defense; function of female song unclear... Intraspecific encounters between unmated adults of same sex result at least in some chasing and fleeing at any season (see Spacing). Fighting with physical contact is mostly seen from December through February. Based on 2,000 hours of observations of marked birds at Maricopa, California, resident pairs defended territory against conspecific intruders of same sex. Using broadcasts of territorial song with either stuffed thrasher and/or mirrors, male stood on head of live mount and repeatedly pecked at base of skull, or male aggressively attacked image in mirror with feet and bill. Usual response to most encounters is for intruder to flee, usually by flight (8).",,Exclusive,Strong,Medium,,,
,,,1,0,2,A,0,A,2,3,1,,American Robin,Turdus_migratorius,,,,,,,,,,"Males are aggressive to keep other males away from their mates rather than to gain control of resources needed by females in order to attract them (192)... When foraging on earthworms, robins vigorously contest worm-stealing by conspecifics with sharp vocalizations and leaps into the air (206); individuals with large worms will also charge nearby conspecifics, aggressively driving them away, presumably to anticipate an attempt at stealing... Territories established and maintained by males using a combination of song and aggressive displays... Degree of territoriality may also vary with population density; as density increases territoriality may decrease. In Illinois little territorial behavior was observed and robins did not respond to playbacks or decoys (209). ",,Permissive,Strong,Medium,,,
,,,1,1,2,B,0,A,3,1,1,,Stresemann's Bush-Crow,Zavattariornis_stresemanni,,,,,,,,,,"Solitary or semi-colonial nester; 3–5 pairs nesting within 30–100 m of each other, whereas other nests are more distantly scattered (significance of this variation unclear). An additional individual or, rarely, 2–4 more may join in (or be loosely associated) with nest construction and/or help with feeding of young, but such helpers may not be tied exclusively to one nest as have been seen to fly from one nest to another.",,Permissive,Weak,Medium,,,