"","DiscreteTrait","ContinuousTrait","Pval","ERRate","ERloglik","ERace","ARDRate0","ARDRate1","ARDloglik","ARDace","k2","convergence","simmapnumber","phylanovaP"
"1","CoopBreed","Syll.song.final",5.54653652265898e-05,0.0905802244334238,-285.572260063705,1.30085031006518,9.05802244334238e-06,0.927507514677028,-277.446504948958,1.30089081982524,3,"Optimization has converged.",1,"not evaluated"
"2","CoopBreed","Syll.song.final",0.291972966671217,0.0905802244334238,-285.572260063705,1.30085031006518,0.0989393013304937,9.05802244334238e-06,-285.01700933008,1.30084973795584,3,"Optimization has converged.",2,"not evaluated"
"3","CoopBreed","Syll.song.final",0.284267959262263,0.0905802244334238,-285.572260063705,1.30085031006518,0.0988493438562221,9.05802244334238e-06,-284.998974201309,1.30084730016376,3,"Optimization has converged.",3,"not evaluated"
"4","CoopBreed","Syll.song.final",0.238837893315632,0.0905802244334238,-285.572260063705,1.30085031006518,0.0987461200792241,9.05802244334238e-06,-284.878540048482,1.3008503805633,3,"Optimization has converged.",4,"not evaluated"
"5","CoopBreed","Syll.song.final",0.0854836737758825,0.0905802244334238,-285.572260063705,1.30085031006518,0.0254444376928503,0.737725754756731,-284.093544681007,1.32456456036813,3,"Optimization has converged.",5,"not evaluated"
"6","CoopBreed","Syll.song.final",0.287628762357023,0.0905802244334238,-285.572260063705,1.30085031006518,0.0988893551006912,9.05802244334238e-06,-285.006916362832,1.3008525920482,3,"Optimization may not have converged.  Consider increasing maxit.",6,"not evaluated"
"7","CoopBreed","Syll.song.final",0.0014656440229192,0.0905802244334238,-285.572260063705,1.30085031006518,9.05802244334238e-06,0.96748425498859,-280.511602621045,1.30089718316106,3,"Optimization has converged.",7,"not evaluated"
"8","CoopBreed","Syll.song.final",0.438494566036477,0.0905802244334238,-285.572260063705,1.30085031006518,0.0989681903282341,9.05802244334238e-06,-285.272150676669,1.30085358550487,3,"Optimization has converged.",8,"not evaluated"
"9","CoopBreed","Syll.song.final",0.055088490827164,0.0905802244334238,-285.572260063705,1.30085031006518,0.0115601610042278,0.890853629954972,-283.732557340288,1.31518490275375,3,"Optimization has converged.",9,"not evaluated"
"10","CoopBreed","Syll.song.final",0.102698367030456,0.0905802244334238,-285.572260063705,1.30085031006518,0.0980044373576561,9.05802244334238e-06,-284.240694319442,1.30084954375306,3,"Optimization has converged.",10,"not evaluated"
"11","CoopBreed","Syll.song.final",0.0424412680611557,0.0905802244334238,-285.572260063705,1.30085031006518,0.00992809514872354,0.899653258783095,-283.51350039856,1.30081205773561,3,"Optimization has converged.",11,"not evaluated"
"12","CoopBreed","Syll.song.final",0.00164959020471377,0.0905802244334238,-285.572260063705,1.30085031006518,9.05802244334238e-06,0.947769280741956,-280.620478203616,1.30091825839733,3,"Optimization has converged.",12,"not evaluated"
"13","CoopBreed","Syll.song.final",0.187357326738887,0.0905802244334238,-285.572260063705,1.30085031006518,0.0985873921610029,9.05802244334238e-06,-284.703121706965,1.30084967101515,3,"Optimization has converged.",13,"not evaluated"
"14","CoopBreed","Syll.song.final",0.0115367172322552,0.0905802244334238,-285.572260063705,1.30085031006518,0.04390540330107,0.524890814367602,-282.381904303202,1.30085204653198,3,"Optimization has converged.",14,"not evaluated"
"15","CoopBreed","Syll.song.final",1.97164189452257e-05,0.0905802244334238,-285.572260063705,1.30085031006518,9.05802244334238e-06,0.926006583266831,-276.464014179231,1.35844119847805,3,"Optimization has converged.",15,"not evaluated"
"16","CoopBreed","Syll.song.final",0.296500337199172,0.0905802244334238,-285.572260063705,1.30085031006518,0.0988668181446496,9.0580224433312e-06,-285.027325791932,1.30084906447876,3,"Optimization has converged.",16,"not evaluated"
"17","CoopBreed","Syll.song.final",0.00258726590189484,0.0905802244334238,-285.572260063705,1.30085031006518,0.0205843444005103,0.767594654859943,-281.033344058515,1.30084918372802,3,"Optimization may not have converged.  Consider increasing maxit.",17,"not evaluated"
"18","CoopBreed","Syll.song.final",0.0050000487697443,0.0905802244334238,-285.572260063705,1.30085031006518,9.05802244334238e-06,0.972960512282625,-281.632549595103,1.30083005983248,3,"Optimization has converged.",18,"not evaluated"
"19","CoopBreed","Syll.song.final",8.60418585723389e-05,0.0905802244334238,-285.572260063705,1.30085031006518,9.05802244334238e-06,0.940953735774242,-277.861923724667,1.30083814753306,3,"Optimization has converged.",19,"not evaluated"
"20","CoopBreed","Syll.song.final",5.98261652392282e-08,0.0905802244334238,-285.572260063705,1.30085031006518,9.05802244334238e-06,0.840743041082971,-270.887745676932,1.30079884383554,3,"Optimization has converged.",20,"not evaluated"
"21","CoopBreed","Syll.song.final",0.555800518220148,0.0905802244334238,-285.572260063705,1.30085031006518,0.0993893523834835,9.05802244334238e-06,-285.398746213272,1.30084934945804,3,"Optimization has converged.",21,"not evaluated"
"22","CoopBreed","Syll.song.final",0.0776753795515835,0.0905802244334238,-285.572260063705,1.30085031006518,9.05802244334238e-06,0.982350243016614,-284.015818812526,1.30082497177427,3,"Optimization has converged.",22,"not evaluated"
"23","CoopBreed","Syll.song.final",0.708190354445963,0.0905802244334238,-285.572260063705,1.30085031006518,0.0705614011415525,0.291023335291249,-285.502214458902,1.30082465830233,3,"Optimization has converged.",23,"not evaluated"
"24","CoopBreed","Syll.song.final",0.00178396073452332,0.0905802244334238,-285.572260063705,1.30085031006518,9.05802244334238e-06,0.968596824804633,-280.692497954989,1.30080574768613,3,"Optimization has converged.",24,"not evaluated"
"25","CoopBreed","Syll.song.final",0.235323604086254,0.0905802244334238,-285.572260063705,1.30085031006518,0.0986402899325238,9.05802244334238e-06,-284.868064335057,1.30084979255067,3,"Optimization has converged.",25,"not evaluated"
"26","CoopBreed","Syll.song.final",0.840251295812046,0.0905802244334238,-285.572260063705,1.30085031006518,0.0994707604746353,9.05802244334238e-06,-285.551944417585,1.30085202905641,3,"Optimization has converged.",26,"not evaluated"
"27","CoopBreed","Syll.song.final",0.384426886609073,0.0905802244334238,-285.572260063705,1.30085031006518,0.0990432462249682,9.05802244334238e-06,-285.194011374266,1.30084748406859,3,"Optimization has converged.",27,"not evaluated"
"28","CoopBreed","Syll.song.final",0.0083175538563056,0.0905802244334238,-285.572260063705,1.30085031006518,9.05802244334238e-06,0.99248137098738,-282.090363746048,1.3008608293903,3,"Optimization has converged.",28,"not evaluated"
"29","CoopBreed","Syll.song.final",0.168098833407971,0.0905802244334238,-285.572260063705,1.30085031006518,0.0987463354121946,9.05802244334238e-06,-284.622351695116,1.30085109095878,3,"Optimization has converged.",29,"not evaluated"
"30","CoopBreed","Syll.song.final",0.615674273036063,0.0905802244334238,-285.572260063705,1.30085031006518,0.0994917133592649,9.05802244334238e-06,-285.446262882257,1.30084937964457,3,"Optimization has converged.",30,"not evaluated"
"31","CoopBreed","Syll.song.final",0.344097970976761,0.0905802244334238,-285.572260063705,1.30085031006518,0.0990760588837256,9.05802244334238e-06,-285.124708176984,1.30083681480883,3,"Optimization has converged.",31,"not evaluated"
"32","CoopBreed","Syll.song.final",0.213939307679413,0.0905802244334238,-285.572260063705,1.30085031006518,0.0988841416822542,9.05802244334238e-06,-284.799976608274,1.30085166319352,3,"Optimization has converged.",32,"not evaluated"
"33","CoopBreed","Syll.song.final",0.290546240953002,0.0905802244334238,-285.572260063705,1.30085031006518,0.0987856611613507,9.05802244334238e-06,-285.013715815877,1.30085140560491,3,"Optimization has converged.",33,"not evaluated"
"34","CoopBreed","Syll.song.final",0.284079946257498,0.0905802244334238,-285.572260063705,1.30085031006518,0.0989562134707956,9.05802244334238e-06,-284.998526379387,1.30085367602138,3,"Optimization has converged.",34,"not evaluated"
"35","CoopBreed","Syll.song.final",0.257906202084714,0.0905802244334238,-285.572260063705,1.30085031006518,0.0390006780429751,0.602887568760301,-284.932279335881,1.30083419128164,3,"Optimization has converged.",35,"not evaluated"
"36","CoopBreed","Syll.song.final",0.00287916906355927,0.0905802244334238,-285.572260063705,1.30085031006518,9.05802244334238e-06,0.970882481218383,-281.131009704496,1.30087638306394,3,"Optimization has converged.",36,"not evaluated"
"37","CoopBreed","Syll.song.final",0.119718927637334,0.0905802244334238,-285.572260063705,1.30085031006518,0.098196676536624,9.05802244334238e-06,-284.361762961138,1.3008510736784,3,"Optimization has converged.",37,"not evaluated"
"38","CoopBreed","Syll.song.final",0.79955462825364,0.0905802244334238,-285.572260063705,1.30085031006518,0.0994396016546582,9.05802244334238e-06,-285.540021481577,1.30084837105764,3,"Optimization has converged.",38,"not evaluated"
"39","CoopBreed","Syll.song.final",0.0491350346803708,0.0905802244334238,-285.572260063705,1.30085031006518,0.0211194033774634,0.79982627212996,-283.636893164623,1.30091012539722,3,"Optimization has converged.",39,"not evaluated"
"40","CoopBreed","Syll.song.final",0.0422394245603829,0.0905802244334238,-285.572260063705,1.30085031006518,9.05802244334238e-06,0.995092814519545,-283.509467769779,1.30080634317986,3,"Optimization has converged.",40,"not evaluated"
"41","CoopBreed","Syll.song.final",0.348851824540379,0.0905802244334238,-285.572260063705,1.30085031006518,0.0990706574733022,9.05802244334238e-06,-285.133445425386,1.30083765252108,3,"Optimization has converged.",41,"not evaluated"
"42","CoopBreed","Syll.song.final",0.0142739614451847,0.0905802244334238,-285.572260063705,1.30085031006518,0.0279346041561467,0.706948654970134,-282.570289729074,1.3008205639815,3,"Optimization may not have converged.  Consider increasing maxit.",42,"not evaluated"
"43","CoopBreed","Syll.song.final",4.93337309463514e-07,0.0905802244334238,-285.572260063705,1.30085031006518,9.05802244334238e-06,0.873196419300271,-272.92741235277,1.30077926629792,3,"Optimization has converged.",43,"not evaluated"
"44","CoopBreed","Syll.song.final",0.194953364112766,0.0905802244334238,-285.572260063705,1.30085031006518,0.0427086842556426,0.581500314067086,-284.732368845538,1.30084870610022,3,"Optimization has converged.",44,"not evaluated"
"45","CoopBreed","Syll.song.final",0.00124384075362269,0.0905802244334238,-285.572260063705,1.30085031006518,9.05802244334238e-06,0.953268659032704,-280.360229510331,1.30084747371843,3,"Optimization has converged.",45,"not evaluated"
"46","CoopBreed","Syll.song.final",0.441415609517383,0.0905802244334238,-285.572260063705,1.30085031006518,0.0993383393881707,9.05802244334238e-06,-285.275960241656,1.30084801711407,3,"Optimization has converged.",46,"not evaluated"
"47","CoopBreed","Syll.song.final",0.0852225748361613,0.0905802244334238,-285.572260063705,1.30085031006518,0.0977414428594571,9.05802244334238e-06,-284.091071598651,1.3008498844896,3,"Optimization has converged.",47,"not evaluated"
"48","CoopBreed","Syll.song.final",0.539495826764759,0.0905802244334238,-285.572260063705,1.30085031006518,0.0992124868234536,9.05802244334238e-06,-285.384022569526,1.30085042330604,3,"Optimization has converged.",48,"not evaluated"
"49","CoopBreed","Syll.song.final",0.142114286564765,0.0905802244334238,-285.572260063705,1.30085031006518,0.0984365721548978,9.05802244334238e-06,-284.494802449075,1.30085166076101,3,"Optimization has converged.",49,"not evaluated"
"50","CoopBreed","Syll.song.final",0.760105844984404,0.0905802244334238,-285.572260063705,1.30085031006518,0.080994024388633,0.187261281618287,-285.525643256999,1.29893213679711,3,"Optimization has converged.",50,"not evaluated"
"51","CoopBreed","Syll.song.final",0.807761018968991,0.0905802244334238,-285.572260063705,1.30085031006518,0.0995136699429499,9.05802244334238e-06,-285.54265885406,1.30084973096844,3,"Optimization has converged.",51,"not evaluated"
"52","CoopBreed","Syll.song.final",0.00395041168414104,0.0905802244334238,-285.572260063705,1.30085031006518,0.0198415968825022,0.758360077910646,-281.419025551746,1.30108589087847,3,"Optimization has converged.",52,"not evaluated"
"53","CoopBreed","Syll.song.final",0.450565734755946,0.0905802244334238,-285.572260063705,1.30085031006518,0.0992098936500368,9.05802244334238e-06,-285.287645916623,1.30084640512892,3,"Optimization has converged.",53,"not evaluated"
"54","CoopBreed","Syll.song.final",0.466276448800339,0.0905802244334238,-285.572260063705,1.30085031006518,0.0659936101109004,0.336067873916712,-285.306866888289,1.30085144035964,3,"Optimization has converged.",54,"not evaluated"
"55","CoopBreed","Syll.song.final",0.0358524343896318,0.0905802244334238,-285.572260063705,1.30085031006518,0.0168325092785713,0.821713826594091,-283.37020522114,1.30087049668381,3,"Optimization has converged.",55,"not evaluated"
"56","CoopBreed","Syll.song.final",0.0464806613200155,0.0905802244334238,-285.572260063705,1.30085031006518,0.0537095221130582,0.456428209729509,-283.590215472113,1.29064790423337,3,"Optimization has converged.",56,"not evaluated"
"57","CoopBreed","Syll.song.final",0.623647187083105,0.0905802244334238,-285.572260063705,1.30085031006518,0.0995302109676766,9.05802244334238e-06,-285.451872743088,1.3008493246997,3,"Optimization has converged.",57,"not evaluated"
"58","CoopBreed","Syll.song.final",0.000588801902546887,0.0905802244334238,-285.572260063705,1.30085031006518,9.05802244334238e-06,0.954459617173349,-279.666734641997,1.30084187104814,3,"Optimization has converged.",58,"not evaluated"
"59","CoopBreed","Syll.song.final",4.49979037790128e-06,0.0905802244334238,-285.572260063705,1.30085031006518,9.05802244334238e-06,0.899552146076341,-275.052653595137,1.30083037831389,3,"Optimization has converged.",59,"not evaluated"
"60","CoopBreed","Syll.song.final",0.000197167777065311,0.0905802244334238,-285.572260063705,1.30085031006518,9.05802244334238e-06,0.939917817858885,-278.64331798667,1.30093505744163,3,"Optimization has converged.",60,"not evaluated"
"61","CoopBreed","Syll.song.final",0.000175134637779064,0.0905802244334238,-285.572260063705,1.30085031006518,9.05802244334238e-06,0.952728831141122,-278.531926275396,1.30084069181896,3,"Optimization has converged.",61,"not evaluated"
"62","CoopBreed","Syll.song.final",0.115110538469987,0.0905802244334238,-285.572260063705,1.30085031006518,0.0456779569289283,0.53838623376828,-284.330951290941,1.30092000131851,3,"Optimization has converged.",62,"not evaluated"
"63","CoopBreed","Syll.song.final",0.0799229766975392,0.0905802244334238,-285.572260063705,1.30085031006518,0.0977487370011031,9.05802244334238e-06,-284.039026403846,1.3008500723056,3,"Optimization has converged.",63,"not evaluated"
"64","CoopBreed","Syll.song.final",0.0310460601930211,0.0905802244334238,-285.572260063705,1.30085031006518,9.05802244334238e-06,0.996780033255497,-283.247053097782,1.30100443900214,3,"Optimization has converged.",64,"not evaluated"
"65","CoopBreed","Syll.song.final",0.154614541497929,0.0905802244334238,-285.572260063705,1.30085031006518,0.049236225700603,0.491814821064057,-284.559198323579,1.30083757888278,3,"Optimization has converged.",65,"not evaluated"
"66","CoopBreed","Syll.song.final",0.384235988479408,0.0905802244334238,-285.572260063705,1.30085031006518,0.0988772082133688,9.05802244334238e-06,-285.19370750287,1.30075900170569,3,"Optimization has converged.",66,"not evaluated"
"67","CoopBreed","Syll.song.final",0.208969634359074,0.0905802244334238,-285.572260063705,1.30085031006518,0.0985586135595242,9.05802244334238e-06,-284.782984912522,1.30085012521398,3,"Optimization has converged.",67,"not evaluated"
"68","CoopBreed","Syll.song.final",0.00210886717186775,0.0905802244334238,-285.572260063705,1.30085031006518,0.028037673205488,0.678692822395247,-280.846119741588,1.30086247862965,3,"Optimization has converged.",68,"not evaluated"
"69","CoopBreed","Syll.song.final",0.0570852660345586,0.0905802244334238,-285.572260063705,1.30085031006518,9.05802244334238e-06,0.993777971737542,-283.762207502167,1.30078821217458,3,"Optimization has converged.",69,"not evaluated"
"70","CoopBreed","Syll.song.final",0.611297776958607,0.0905802244334238,-285.572260063705,1.30085031006518,0.0996143429538969,9.05802244334238e-06,-285.44311534494,1.30085043728702,3,"Optimization has converged.",70,"not evaluated"
"71","CoopBreed","Syll.song.final",0.140575845515636,0.0905802244334238,-285.572260063705,1.30085031006518,0.0982970734189327,9.05802244334238e-06,-284.486437869058,1.3008514666646,3,"Optimization has converged.",71,"not evaluated"
"72","CoopBreed","Syll.song.final",0.355143217507282,0.0905802244334238,-285.572260063705,1.30085031006518,0.0989218781309045,9.05802244334238e-06,-285.144762761516,1.30091521770718,3,"Optimization has converged.",72,"not evaluated"
"73","CoopBreed","Syll.song.final",0.170679957499266,0.0905802244334238,-285.572260063705,1.30085031006518,0.0984819395406191,9.0580224433312e-06,-284.633779586645,1.30084897270218,3,"Optimization has converged.",73,"not evaluated"
"74","CoopBreed","Syll.song.final",0.471245973660754,0.0905802244334238,-285.572260063705,1.30085031006518,0.0993431390078145,9.05802244334238e-06,-285.312733620671,1.30085137421867,3,"Optimization has converged.",74,"not evaluated"
"75","CoopBreed","Syll.song.final",0.738233712085618,0.0905802244334238,-285.572260063705,1.30085031006518,0.0993961870308319,9.05802244334238e-06,-285.516417488409,1.30084953841424,3,"Optimization has converged.",75,"not evaluated"
"76","CoopBreed","Syll.song.final",0.0240603447190038,0.0905802244334238,-285.572260063705,1.30085031006518,9.05802244334238e-06,0.96876847881853,-283.027121435917,1.30085972627169,3,"Optimization has converged.",76,"not evaluated"
"77","CoopBreed","Syll.song.final",0.000178092721641938,0.0905802244334238,-285.572260063705,1.30085031006518,9.05802244334238e-06,0.944744236184981,-278.547676682095,1.30086288532449,3,"Optimization has converged.",77,"not evaluated"
"78","CoopBreed","Syll.song.final",0.623443730216227,0.0905802244334238,-285.572260063705,1.30085031006518,0.0995875612231497,9.05802244334238e-06,-285.451731561151,1.30085041016248,3,"Optimization has converged.",78,"not evaluated"
"79","CoopBreed","Syll.song.final",0.000108417353523734,0.0905802244334238,-285.572260063705,1.30085031006518,9.05802244334238e-06,0.919088257761656,-278.080179448939,1.30082564856896,3,"Optimization has converged.",79,"not evaluated"
"80","CoopBreed","Syll.song.final",0.136476365606196,0.0905802244334238,-285.572260063705,1.30085031006518,0.0982039792780785,9.05802244334238e-06,-284.463637343401,1.30085008033524,3,"Optimization has converged.",80,"not evaluated"
"81","CoopBreed","Syll.song.final",0.140433977117719,0.0905802244334238,-285.572260063705,1.30085031006518,0.0373020797962571,0.629862368371193,-284.485661348838,1.30082691762901,3,"Optimization has converged.",81,"not evaluated"
"82","CoopBreed","Syll.song.final",8.3389442685442e-05,0.0905802244334238,-285.572260063705,1.30085031006518,9.05802244334238e-06,0.907306175540749,-277.832334531306,1.30084058059443,3,"Optimization has converged.",82,"not evaluated"
"83","CoopBreed","Syll.song.final",0.0170469500876153,0.0905802244334238,-285.572260063705,1.30085031006518,0.0179556270234732,0.806098812906618,-282.726493237535,1.30087776419777,3,"Optimization has converged.",83,"not evaluated"
"84","CoopBreed","Syll.song.final",0.45668364770287,0.0905802244334238,-285.572260063705,1.30085031006518,0.099344318017629,9.05802244334238e-06,-285.295254847161,1.3008467085529,3,"Optimization has converged.",84,"not evaluated"
"85","CoopBreed","Syll.song.final",0.372963505042576,0.0905802244334238,-285.572260063705,1.30085031006518,0.0988888572744988,9.05802244334238e-06,-285.175376584512,1.30084799433888,3,"Optimization has converged.",85,"not evaluated"
"86","CoopBreed","Syll.song.final",0.625466373213755,0.0905802244334238,-285.572260063705,1.30085031006518,0.0992593640235904,9.05802244334238e-06,-285.453130549349,1.30084902782712,3,"Optimization has converged.",86,"not evaluated"
"87","CoopBreed","Syll.song.final",0.0504644814239542,0.0905802244334238,-285.572260063705,1.30085031006518,9.05802244334238e-06,0.996077891834883,-283.659280894255,1.30085885837455,3,"Optimization has converged.",87,"not evaluated"
"88","CoopBreed","Syll.song.final",0.0313405048095496,0.0905802244334238,-285.572260063705,1.30085031006518,9.05802244334238e-06,0.991743472838106,-283.255153275746,1.30086775104614,3,"Optimization has converged.",88,"not evaluated"
"89","CoopBreed","Syll.song.final",0.385149603405391,0.0905802244334238,-285.572260063705,1.30085031006518,0.0990865297250688,9.05802244334238e-06,-285.195159854707,1.30060644144011,3,"Optimization has converged.",89,"not evaluated"
"90","CoopBreed","Syll.song.final",0.0878505786785482,0.0905802244334238,-285.572260063705,1.30085031006518,0.0979199741734389,9.05802244334238e-06,-284.115597500503,1.3008503994937,3,"Optimization has converged.",90,"not evaluated"
"91","CoopBreed","Syll.song.final",0.000131997013186272,0.0905802244334238,-285.572260063705,1.30085031006518,9.05802244334238e-06,0.918277957181865,-278.265732964257,1.30084327316663,3,"Optimization has converged.",91,"not evaluated"
"92","CoopBreed","Syll.song.final",7.52884255106718e-05,0.0905802244334238,-285.572260063705,1.30085031006518,9.05802244334238e-06,0.927384675323208,-277.735723430854,1.30081041452508,3,"Optimization has converged.",92,"not evaluated"
"93","CoopBreed","Syll.song.final",0.885877867977383,0.0905802244334238,-285.572260063705,1.30085031006518,0.0843650370864636,0.152618067328727,-285.561960768806,1.30084667770626,3,"Optimization has converged.",93,"not evaluated"
"94","CoopBreed","Syll.song.final",0.510045959516991,0.0905802244334238,-285.572260063705,1.30085031006518,0.099616064061616,9.05802244334238e-06,-285.355273656111,1.30085172696485,3,"Optimization has converged.",94,"not evaluated"
"95","CoopBreed","Syll.song.final",0.551100682203549,0.0905802244334238,-285.572260063705,1.30085031006518,0.0592458302095579,0.402636854838282,-285.394585549996,1.30084637752957,3,"Optimization has converged.",95,"not evaluated"
"96","CoopBreed","Syll.song.final",0.357787424772832,0.0905802244334238,-285.572260063705,1.30085031006518,0.0990794082875634,9.05802244334508e-06,-285.149437831162,1.30085033989964,3,"Optimization may not have converged.  Consider increasing maxit.",96,"not evaluated"
"97","CoopBreed","Syll.song.final",0.482596444262357,0.0905802244334238,-285.572260063705,1.30085031006518,0.0992653509963709,9.05802244334238e-06,-285.325764936712,1.30085044151032,3,"Optimization has converged.",97,"not evaluated"
"98","CoopBreed","Syll.song.final",0.999631290797747,0.0905802244334238,-285.572260063705,1.30085031006518,0.0905845522754958,0.0905787326533626,-285.572259956933,1.30085031006518,3,"Optimization has converged.",98,"not evaluated"
"99","CoopBreed","Syll.song.final",0.0388935474420015,0.0905802244334238,-285.572260063705,1.30085031006518,0.0112194058591754,0.906774754189697,-283.439504514189,1.30086605068457,3,"Optimization has converged.",99,"not evaluated"
"100","CoopBreed","Syll.song.final",0.0012949476092282,0.0905802244334238,-285.572260063705,1.30085031006518,9.05802244334238e-06,0.971905605067826,-280.397403164089,1.30084663011424,3,"Optimization has converged.",100,"not evaluated"
"101","CoopBreed","Syll.song.final",0.0141657817086358,0.0905802244334238,-285.572260063705,1.30085031006518,0.0437644424391167,0.530833147497136,-282.563577570569,1.30128353357912,3,"Optimization has converged.",101,"not evaluated"
"102","CoopBreed","Syll.song.final",0.148890500417541,0.0905802244334238,-285.572260063705,1.30085031006518,0.0982553576454821,9.05802244334238e-06,-284.530469461603,1.30085160586305,3,"Optimization has converged.",102,"not evaluated"
"103","CoopBreed","Syll.song.final",0.073136608530405,0.0905802244334238,-285.572260063705,1.30085031006518,0.0976565050676257,9.05802244334238e-06,-283.966668811621,1.30084950886032,3,"Optimization may not have converged.  Consider increasing maxit.",103,"not evaluated"
"104","CoopBreed","Syll.song.final",0.0934347748065067,0.0905802244334238,-285.572260063705,1.30085031006518,0.0979913744904336,9.05802244334238e-06,-284.165171294253,1.30084986462335,3,"Optimization has converged.",104,"not evaluated"
"105","CoopBreed","Syll.song.final",0.046421920115123,0.0905802244334238,-285.572260063705,1.30085031006518,0.0973610898929139,9.05802244334238e-06,-283.589150949345,1.30085092884,3,"Optimization has converged.",105,"not evaluated"
"106","CoopBreed","Syll.song.final",0.145086452686254,0.0905802244334238,-285.572260063705,1.30085031006518,0.0984461621913576,9.05802244334238e-06,-284.510677580226,1.30084926202599,3,"Optimization has converged.",106,"not evaluated"
"107","CoopBreed","Syll.song.final",0.000183658015728068,0.0905802244334238,-285.572260063705,1.30085031006518,9.05802244334238e-06,0.93392631580343,-278.576607698233,1.30084930854738,3,"Optimization has converged.",107,"not evaluated"
"108","CoopBreed","Syll.song.final",0.224390476101165,0.0905802244334238,-285.572260063705,1.30085031006518,0.0987735744967873,9.05802244334238e-06,-284.834225239171,1.30084849662791,3,"Optimization has converged.",108,"not evaluated"
"109","CoopBreed","Syll.song.final",0.220541681070115,0.0905802244334238,-285.572260063705,1.30085031006518,0.0987421650391025,9.05802244334238e-06,-284.821838508144,1.30085116408997,3,"Optimization has converged.",109,"not evaluated"
"110","CoopBreed","Syll.song.final",0.135290988993137,0.0905802244334238,-285.572260063705,1.30085031006518,0.0980403858824165,9.05802244334238e-06,-284.456901200471,1.30085020511392,3,"Optimization has converged.",110,"not evaluated"
"111","CoopBreed","Syll.song.final",0.167080060191917,0.0905802244334238,-285.572260063705,1.30085031006518,0.098371154307529,9.05802244334238e-06,-284.617785599745,1.30084913975383,3,"Optimization has converged.",111,"not evaluated"
"112","CoopBreed","Syll.song.final",0.533416448437156,0.0905802244334238,-285.572260063705,1.30085031006518,0.0991391998596778,9.05802244334238e-06,-285.378320608137,1.30085055802825,3,"Optimization has converged.",112,"not evaluated"
"113","CoopBreed","Syll.song.final",3.1412739975505e-05,0.0905802244334238,-285.572260063705,1.30085031006518,9.05802244334238e-06,0.931169130757162,-276.907078511391,1.3008490102847,3,"Optimization has converged.",113,"not evaluated"
"114","CoopBreed","Syll.song.final",0.235858319679678,0.0905802244334238,-285.572260063705,1.30085031006518,0.0577396699896668,0.426266652881072,-284.869670447985,1.30084903598446,3,"Optimization has converged.",114,"not evaluated"
"115","CoopBreed","Syll.song.final",0.352802806460475,0.0905802244334238,-285.572260063705,1.30085031006518,0.098915638958738,9.0580224433312e-06,-285.140584872859,1.30080131902275,3,"Optimization has converged.",115,"not evaluated"
"116","CoopBreed","Syll.song.final",0.351856768084068,0.0905802244334238,-285.572260063705,1.30085031006518,0.0990855898512308,9.05802244334238e-06,-285.13888533008,1.30085014123318,3,"Optimization has converged.",116,"not evaluated"
"117","CoopBreed","Syll.song.final",0.00153575314913176,0.0905802244334238,-285.572260063705,1.30085031006518,9.05802244334238e-06,0.970310957894149,-280.554650728618,1.37263878197622,3,"Optimization has converged.",117,"not evaluated"
"118","CoopBreed","Syll.song.final",0.000185484764407354,0.0905802244334238,-285.572260063705,1.30085031006518,9.05802244334238e-06,0.937246801025207,-278.585911799834,1.30085547531089,3,"Optimization has converged.",118,"not evaluated"
"119","CoopBreed","Syll.song.final",0.880413709456345,0.0905802244334238,-285.572260063705,1.30085031006518,0.0859675072114472,0.1366012584121,-285.560943246935,1.30084647911571,3,"Optimization has converged.",119,"not evaluated"
"120","CoopBreed","Syll.song.final",0.341383414403981,0.0905802244334238,-285.572260063705,1.30085031006518,0.0988968666351689,9.05802244334238e-06,-285.119645435804,1.30087714592463,3,"Optimization has converged.",120,"not evaluated"
"121","CoopBreed","Syll.song.final",0.0964644006552244,0.0905802244334238,-285.572260063705,1.30085031006518,0.0979718969247067,9.05802244334238e-06,-284.190736981232,1.30084994737362,3,"Optimization has converged.",121,"not evaluated"
"122","CoopBreed","Syll.song.final",0.205174181034075,0.0905802244334238,-285.572260063705,1.30085031006518,0.0173292769485331,0.811790469376503,-284.769682499014,1.30085128142113,3,"Optimization has converged.",122,"not evaluated"
"123","CoopBreed","Syll.song.final",0.0465549265304288,0.0905802244334238,-285.572260063705,1.30085031006518,0.0187861240026445,0.805791316922838,-283.591559296763,1.3008150799413,3,"Optimization has converged.",123,"not evaluated"
"124","CoopBreed","Syll.song.final",0.420707578730923,0.0905802244334238,-285.572260063705,1.30085031006518,0.0989198591226934,9.05802244334238e-06,-285.248091152188,1.30085064614046,3,"Optimization has converged.",124,"not evaluated"
"125","CoopBreed","Syll.song.final",0.13494882106172,0.0905802244334238,-285.572260063705,1.30085031006518,0.0229050471728619,0.754143918869333,-284.454944470623,1.30087571214887,3,"Optimization has converged.",125,"not evaluated"
"126","CoopBreed","Syll.song.final",0.13324074192148,0.0905802244334238,-285.572260063705,1.30085031006518,9.05802244334238e-06,0.987081132635975,-284.445092912336,1.30089204216494,3,"Optimization has converged.",126,"not evaluated"
"127","CoopBreed","Syll.song.final",0.395548335891809,0.0905802244334238,-285.572260063705,1.30085031006518,0.0989715567437564,9.05802244334238e-06,-285.211351242361,1.3008369071519,3,"Optimization has converged.",127,"not evaluated"
"128","CoopBreed","Syll.song.final",0.171024816057099,0.0905802244334238,-285.572260063705,1.30085031006518,0.0987052039416863,9.05802244334238e-06,-284.635291413561,1.30085035231473,3,"Optimization has converged.",128,"not evaluated"
"129","CoopBreed","Syll.song.final",0.939577383428745,0.0905802244334238,-285.572260063705,1.30085031006518,0.0866995731901238,0.129549982131939,-285.56938716437,1.3009473885323,3,"Optimization has converged.",129,"not evaluated"
"130","CoopBreed","Syll.song.final",0.300066729014176,0.0905802244334238,-285.572260063705,1.30085031006518,0.0990297762006249,9.05802244334238e-06,-285.035311268378,1.30085376394727,3,"Optimization has converged.",130,"not evaluated"
"131","CoopBreed","Syll.song.final",0.000858851291141933,0.0905802244334238,-285.572260063705,1.30085031006518,9.05802244334238e-06,0.962870316088897,-280.017493719589,1.30083011538404,3,"Optimization has converged.",131,"not evaluated"
"132","CoopBreed","Syll.song.final",0.497716981652253,0.0905802244334238,-285.572260063705,1.30085031006518,0.0992463083418002,9.05802244334238e-06,-285.342359553959,1.30085726459189,3,"Optimization has converged.",132,"not evaluated"
"133","CoopBreed","Syll.song.final",7.15953570933842e-05,0.0905802244334238,-285.572260063705,1.30085031006518,9.05802244334238e-06,0.931609735075929,-277.688153773109,1.30086837290458,3,"Optimization has converged.",133,"not evaluated"
"134","CoopBreed","Syll.song.final",4.0603448533038e-08,0.0905802244334238,-285.572260063705,1.30085031006518,9.05802244334238e-06,0.851410566870418,-270.5120529893,1.3008293040285,3,"Optimization has converged.",134,"not evaluated"
"135","CoopBreed","Syll.song.final",0.25419726427081,0.0905802244334238,-285.572260063705,1.30085031006518,0.0987358881476699,9.05802244334238e-06,-284.922216376471,1.30084875405968,3,"Optimization has converged.",135,"not evaluated"
"136","CoopBreed","Syll.song.final",0.345413671258422,0.0905802244334238,-285.572260063705,1.30085031006518,0.0987933002433455,9.05802244334238e-06,-285.12714263415,1.30081846969753,3,"Optimization has converged.",136,"not evaluated"
"137","CoopBreed","Syll.song.final",5.10038464289729e-05,0.0905802244334238,-285.572260063705,1.30085031006518,9.05802244334238e-06,0.937454431317618,-277.367045769419,1.30083965624289,3,"Optimization has converged.",137,"not evaluated"
"138","CoopBreed","Syll.song.final",5.52947381052007e-05,0.0905802244334238,-285.572260063705,1.30085031006518,9.05802244334238e-06,0.932358376942933,-277.443586190918,1.30085982857084,3,"Optimization has converged.",138,"not evaluated"
"139","CoopBreed","Syll.song.final",0.654378429028974,0.0905802244334238,-285.572260063705,1.30085031006518,0.0737970139343198,0.265128195743101,-285.472047819409,1.30084224921062,3,"Optimization has converged.",139,"not evaluated"
"140","CoopBreed","Syll.song.final",0.0663066169980537,0.0905802244334238,-285.572260063705,1.30085031006518,0.0246629241131787,0.735426639688857,-283.886178194628,1.27961035101714,3,"Optimization may not have converged.  Consider increasing maxit.",140,"not evaluated"
"141","CoopBreed","Syll.song.final",0.422687576020748,0.0905802244334238,-285.572260063705,1.30085031006518,0.0992669386614692,9.05802244334238e-06,-285.250844660061,1.30085044823297,3,"Optimization has converged.",141,"not evaluated"
"142","CoopBreed","Syll.song.final",0.576030844299243,0.0905802244334238,-285.572260063705,1.30085031006518,0.0993465202302048,9.05802244334238e-06,-285.415912341797,1.30084933781477,3,"Optimization has converged.",142,"not evaluated"
"143","CoopBreed","Syll.song.final",0.0731900595759037,0.0905802244334238,-285.572260063705,1.30085031006518,9.05802244334238e-06,1.00825456223115,-283.967266504164,1.30086481657248,3,"Optimization has converged.",143,"not evaluated"
"144","CoopBreed","Syll.song.final",0.116654775135397,0.0905802244334238,-285.572260063705,1.30085031006518,0.0982434465521241,9.05802244334238e-06,-284.341425593927,1.30085053986239,3,"Optimization has converged.",144,"not evaluated"
"145","CoopBreed","Syll.song.final",0.00309444912979177,0.0905802244334238,-285.572260063705,1.30085031006518,9.05802244334238e-06,0.960824606602341,-281.196797142952,1.30086871484361,3,"Optimization has converged.",145,"not evaluated"
"146","CoopBreed","Syll.song.final",9.38551981924904e-07,0.0905802244334238,-285.572260063705,1.30085031006518,9.05802244334238e-06,0.894818953344308,-273.547146575047,1.30080740632991,3,"Optimization has converged.",146,"not evaluated"
"147","CoopBreed","Syll.song.final",0.122490462298581,0.0905802244334238,-285.572260063705,1.30085031006518,0.0983685888973498,9.05802244334238e-06,-284.379668018993,1.30084980434996,3,"Optimization has converged.",147,"not evaluated"
"148","CoopBreed","Syll.song.final",0.564466643589185,0.0905802244334238,-285.572260063705,1.30085031006518,0.0993874810754547,9.05802244334238e-06,-285.406245451788,1.30083917062993,3,"Optimization has converged.",148,"not evaluated"
"149","CoopBreed","Syll.song.final",0.999270633379849,0.0905802244334238,-285.572260063705,1.30085031006518,0.0905886535954579,0.0905761473881733,-285.572259645892,1.30085031006518,3,"Optimization has converged.",149,"not evaluated"
"150","CoopBreed","Syll.song.final",0.30873025505578,0.0905802244334238,-285.572260063705,1.30085031006518,0.0990611441870655,9.05802244334238e-06,-285.054210081759,1.30085479379596,3,"Optimization has converged.",150,"not evaluated"
"151","CoopBreed","Syll.song.final",0.560208649509867,0.0905802244334238,-285.572260063705,1.30085031006518,0.0995606358441342,9.05802244334238e-06,-285.402588519634,1.30084928010144,3,"Optimization has converged.",151,"not evaluated"
"152","CoopBreed","Syll.song.final",0.144289758634541,0.0905802244334238,-285.572260063705,1.30085031006518,0.0983231071235498,9.05802244334238e-06,-284.506458388745,1.30084998510797,3,"Optimization has converged.",152,"not evaluated"
"153","CoopBreed","Syll.song.final",0.484179655917614,0.0905802244334238,-285.572260063705,1.30085031006518,0.0994602404801543,9.05802244334238e-06,-285.327542798472,1.30084293643806,3,"Optimization has converged.",153,"not evaluated"
"154","CoopBreed","Syll.song.final",0.199921166794588,0.0905802244334238,-285.572260063705,1.30085031006518,0.0986567912382152,9.05802244334238e-06,-284.750784955341,1.30085041743941,3,"Optimization has converged.",154,"not evaluated"
"155","CoopBreed","Syll.song.final",0.00158193893132938,0.0905802244334238,-285.572260063705,1.30085031006518,9.05802244334238e-06,0.960451805402891,-280.58193542594,1.301074398202,3,"Optimization has converged.",155,"not evaluated"
"156","CoopBreed","Syll.song.final",1.3791307066778e-06,0.0905802244334238,-285.572260063705,1.30085031006518,9.05802244334238e-06,0.90458763851216,-273.917481849619,1.30081792974533,3,"Optimization has converged.",156,"not evaluated"
"157","CoopBreed","Syll.song.final",0.00519233601329394,0.0905802244334238,-285.572260063705,1.30085031006518,0.00287778365017019,0.950589776057543,-281.66665912899,1.30082074849433,3,"Optimization has converged.",157,"not evaluated"
"158","CoopBreed","Syll.song.final",0.807028638255673,0.0905802244334238,-285.572260063705,1.30085031006518,0.0730743020814077,0.266748189469717,-285.542428330507,1.30083986528536,3,"Optimization has converged.",158,"not evaluated"
"159","CoopBreed","Syll.song.final",0.025588331549538,0.0905802244334238,-285.572260063705,1.30085031006518,0.0150343195751646,0.841983295987128,-283.080448210247,1.3008898218236,3,"Optimization has converged.",159,"not evaluated"
"160","CoopBreed","Syll.song.final",0.495835309519697,0.0905802244334238,-285.572260063705,1.30085031006518,0.0990957666915246,9.05802244334238e-06,-285.340340621757,1.30085196710383,3,"Optimization has converged.",160,"not evaluated"
"161","CoopBreed","Syll.song.final",0.000406696516622494,0.0905802244334238,-285.572260063705,1.30085031006518,9.05802244334238e-06,0.950824512390254,-279.32167340525,1.3009025158473,3,"Optimization has converged.",161,"not evaluated"
"162","CoopBreed","Syll.song.final",0.358337060332446,0.0905802244334238,-285.572260063705,1.30085031006518,0.0989126924076139,9.05802244334238e-06,-285.150403659677,1.30083301990554,3,"Optimization has converged.",162,"not evaluated"
"163","CoopBreed","Syll.song.final",0.287469481502928,0.0905802244334238,-285.572260063705,1.30085031006518,0.0539644271225418,0.458293733461061,-285.006542619589,1.30085959602549,3,"Optimization has converged.",163,"not evaluated"
"164","CoopBreed","Syll.song.final",0.00012769402304944,0.0905802244334238,-285.572260063705,1.30085031006518,9.05802244334238e-06,0.943565364653183,-278.234500186731,1.30084879666221,3,"Optimization has converged.",164,"not evaluated"
"165","CoopBreed","Syll.song.final",0.185823393113272,0.0905802244334238,-285.572260063705,1.30085031006518,0.0985325995754583,9.05802244334238e-06,-284.697047882965,1.30085043716252,3,"Optimization has converged.",165,"not evaluated"
"166","CoopBreed","Syll.song.final",0.0388034557173542,0.0905802244334238,-285.572260063705,1.30085031006518,0.0972187388610256,9.05802244334238e-06,-283.437534350466,1.30085044800649,3,"Optimization has converged.",166,"not evaluated"
"167","CoopBreed","Syll.song.final",0.24808034719967,0.0905802244334238,-285.572260063705,1.30085031006518,0.0988071305538316,9.05802244334238e-06,-284.905219134708,1.30085063462264,3,"Optimization has converged.",167,"not evaluated"
"168","CoopBreed","Syll.song.final",0.507692813832519,0.0905802244334238,-285.572260063705,1.30085031006518,0.0995401702108109,9.05802244334238e-06,-285.352850345161,1.30085084457493,3,"Optimization has converged.",168,"not evaluated"
"169","CoopBreed","Syll.song.final",0.090963295822675,0.0905802244334238,-285.572260063705,1.30085031006518,0.0981537071279754,9.05802244334238e-06,-284.14363866907,1.30084874485915,3,"Optimization has converged.",169,"not evaluated"
"170","CoopBreed","Syll.song.final",0.207161148229381,0.0905802244334238,-285.572260063705,1.30085031006518,0.0987084868541442,9.05802244334238e-06,-284.776682402873,1.30085147048381,3,"Optimization has converged.",170,"not evaluated"
"171","CoopBreed","Syll.song.final",0.116945315628936,0.0905802244334238,-285.572260063705,1.30085031006518,0.0983870117047191,9.05802244334238e-06,-284.343379165297,1.30084973022282,3,"Optimization has converged.",171,"not evaluated"
"172","CoopBreed","Syll.song.final",2.45100402586236e-05,0.0905802244334238,-285.572260063705,1.30085031006518,9.05802244334238e-06,0.913678779794764,-276.671162866441,1.30085918083586,3,"Optimization has converged.",172,"not evaluated"
"173","CoopBreed","Syll.song.final",0.16690465422972,0.0905802244334238,-285.572260063705,1.30085031006518,0.0984229363758377,9.05802244334238e-06,-284.616996220703,1.30085064586079,3,"Optimization has converged.",173,"not evaluated"
"174","CoopBreed","Syll.song.final",0.0156725132795712,0.0905802244334238,-285.572260063705,1.30085031006518,0.0448964661750031,0.527148258165893,-282.652635484063,1.30088389678174,3,"Optimization has converged.",174,"not evaluated"
"175","CoopBreed","Syll.song.final",0.939438451404161,0.0905802244334238,-285.572260063705,1.30085031006518,0.0866809613577966,0.130852008746914,-285.569373912168,1.30090243251001,3,"Optimization has converged.",175,"not evaluated"
"176","CoopBreed","Syll.song.final",0.312731425113439,0.0905802244334238,-285.572260063705,1.30085031006518,0.0988885498898843,9.0580224433312e-06,-285.062707617105,1.30084890260621,3,"Optimization has converged.",176,"not evaluated"
"177","CoopBreed","Syll.song.final",0.293446405941145,0.0905802244334238,-285.572260063705,1.30085031006518,0.0989948853486271,9.0580224433312e-06,-285.020389178035,1.30084915902972,3,"Optimization has converged.",177,"not evaluated"
"178","CoopBreed","Syll.song.final",0.217727579103921,0.0905802244334238,-285.572260063705,1.30085031006518,0.0986850020064199,9.05802244334238e-06,-284.812617078215,1.30085285090165,3,"Optimization has converged.",178,"not evaluated"
"179","CoopBreed","Syll.song.final",0.327328109206436,0.0905802244334238,-285.572260063705,1.30085031006518,0.0990240142069854,9.05802244334238e-06,-285.092540261026,1.30085466107789,3,"Optimization has converged.",179,"not evaluated"
"180","CoopBreed","Syll.song.final",0.117670013516388,0.0905802244334238,-285.572260063705,1.30085031006518,0.0981215420465769,9.05802244334238e-06,-284.348228700165,1.3008495072501,3,"Optimization has converged.",180,"not evaluated"
"181","CoopBreed","Syll.song.final",0.408899177953766,0.0905802244334238,-285.572260063705,1.30085031006518,0.0993654532305026,9.05802244334238e-06,-285.231260496012,1.30080859621356,3,"Optimization has converged.",181,"not evaluated"
"182","CoopBreed","Syll.song.final",0.372671705029366,0.0905802244334238,-285.572260063705,1.30085031006518,0.0991442321879743,9.05802244334238e-06,-285.174891749585,1.30084985588151,3,"Optimization has converged.",182,"not evaluated"
"183","CoopBreed","Syll.song.final",0.288696318960054,0.0905802244334238,-285.572260063705,1.30085031006518,0.0989821009529431,9.05802244334238e-06,-285.009414546809,1.30085159984343,3,"Optimization has converged.",183,"not evaluated"
"184","CoopBreed","Syll.song.final",6.89946847099312e-05,0.0905802244334238,-285.572260063705,1.30085031006518,9.05802244334238e-06,0.93212249463865,-277.65314974931,1.30087437210647,3,"Optimization has converged.",184,"not evaluated"
"185","CoopBreed","Syll.song.final",0.256736174344201,0.0905802244334238,-285.572260063705,1.30085031006518,9.05802244334238e-06,1.00652540172355,-284.929124232577,1.30082024389606,3,"Optimization has converged.",185,"not evaluated"
"186","CoopBreed","Syll.song.final",0.00652929666225586,0.0905802244334238,-285.572260063705,1.30085031006518,9.05802244334238e-06,0.982106996514864,-281.873212296324,1.30080813939028,3,"Optimization has converged.",186,"not evaluated"
"187","CoopBreed","Syll.song.final",0.675925611747399,0.0905802244334238,-285.572260063705,1.30085031006518,0.0790045250738432,0.20734483789613,-285.484885768264,1.30084885764772,3,"Optimization has converged.",187,"not evaluated"
"188","CoopBreed","Syll.song.final",0.680377706349759,0.0905802244334238,-285.572260063705,1.30085031006518,0.0631350755193134,0.365775782868058,-285.4874095812,1.30082302516792,3,"Optimization has converged.",188,"not evaluated"
"189","CoopBreed","Syll.song.final",1.95927595795798e-08,0.0905802244334238,-285.572260063705,1.30085031006518,9.05802244334238e-06,0.851741542452481,-269.805007677698,1.30080726518214,3,"Optimization has converged.",189,"not evaluated"
"190","CoopBreed","Syll.song.final",0.016790504925401,0.0905802244334238,-285.572260063705,1.30085031006518,0.0176726950471747,0.803157537895661,-282.713189886091,1.30108962280955,3,"Optimization has converged.",190,"not evaluated"
"191","CoopBreed","Syll.song.final",0.0926280352481318,0.0905802244334238,-285.572260063705,1.30085031006518,0.0977678411415139,9.05802244334238e-06,-284.158211349218,1.30085095872133,3,"Optimization has converged.",191,"not evaluated"
"192","CoopBreed","Syll.song.final",0.253889237030402,0.0905802244334238,-285.572260063705,1.30085031006518,0.098956872166537,9.05802244334238e-06,-284.921372517627,1.30085207650073,3,"Optimization has converged.",192,"not evaluated"
"193","CoopBreed","Syll.song.final",0.8318080040945,0.0905802244334238,-285.572260063705,1.30085031006518,0.0994677140132231,9.05802244334238e-06,-285.549706728146,1.30084893092887,3,"Optimization has converged.",193,"not evaluated"
"194","CoopBreed","Syll.song.final",0.65307431049864,0.0905802244334238,-285.572260063705,1.30085031006518,0.0994754514624902,9.05802244334238e-06,-285.471236996931,1.30088065502601,3,"Optimization has converged.",194,"not evaluated"
"195","CoopBreed","Syll.song.final",0.0359308731175316,0.0905802244334238,-285.572260063705,1.30085031006518,0.0552023035625309,0.427473376583505,-283.372068865831,1.3008541038975,3,"Optimization has converged.",195,"not evaluated"
"196","CoopBreed","Syll.song.final",0.24587835349654,0.0905802244334238,-285.572260063705,1.30085031006518,0.0987067983341988,9.05802244334238e-06,-284.898974217547,1.30084972094816,3,"Optimization has converged.",196,"not evaluated"
"197","CoopBreed","Syll.song.final",0.0838070018399487,0.0905802244334238,-285.572260063705,1.30085031006518,0.00739657620503051,0.931148622698925,-284.077519341502,1.30450886278593,3,"Optimization has converged.",197,"not evaluated"
"198","CoopBreed","Syll.song.final",0.429432480429518,0.0905802244334238,-285.572260063705,1.30085031006518,0.0993474727138643,9.05802244334238e-06,-285.260081144027,1.30083290235597,3,"Optimization has converged.",198,"not evaluated"
"199","CoopBreed","Syll.song.final",0.396021178574794,0.0905802244334238,-285.572260063705,1.30085031006518,0.0546887294817369,0.452167280655912,-285.21207294292,1.30086490404429,3,"Optimization has converged.",199,"not evaluated"
"200","CoopBreed","Syll.song.final",0.386821269587076,0.0905802244334238,-285.572260063705,1.30085031006518,0.0990713726097692,9.05802244334238e-06,-285.197804620192,1.30079108620852,3,"Optimization has converged.",200,"not evaluated"
"201","CoopBreed","Syll.song.final",0.313544904703076,0.0905802244334238,-285.572260063705,1.30085031006518,0.0991872287222075,9.05802244334238e-06,-285.06441792943,1.30084689494184,3,"Optimization has converged.",201,"not evaluated"
"202","CoopBreed","Syll.song.final",0.28255109669591,0.0905802244334238,-285.572260063705,1.30085031006518,0.0988797933905853,9.05802244334238e-06,-284.994870873561,1.30084989157808,3,"Optimization has converged.",202,"not evaluated"
"203","CoopBreed","Syll.song.final",0.000150397385543957,0.0905802244334238,-285.572260063705,1.30085031006518,9.05802244334238e-06,0.927593074608616,-278.388647089925,1.30088277823757,3,"Optimization has converged.",203,"not evaluated"
"204","CoopBreed","Syll.song.final",0.0176652096776294,0.0905802244334238,-285.572260063705,1.30085031006518,9.05802244334238e-06,0.992573471602847,-282.757735416583,1.30084750919728,3,"Optimization has converged.",204,"not evaluated"
"205","CoopBreed","Syll.song.final",0.167754320720313,0.0905802244334238,-285.572260063705,1.30085031006518,0.0984814827252772,9.05802244334238e-06,-284.620811160768,1.30085050556976,3,"Optimization has converged.",205,"not evaluated"
"206","CoopBreed","Syll.song.final",0.0699550566572567,0.0905802244334238,-285.572260063705,1.30085031006518,0.0977352063067156,9.05802244334238e-06,-283.930222799463,1.30085047884773,3,"Optimization has converged.",206,"not evaluated"
"207","CoopBreed","Syll.song.final",9.85293451807301e-05,0.0905802244334238,-285.572260063705,1.30085031006518,9.05802244334238e-06,0.960279119988882,-277.989920797129,1.30084952061152,3,"Optimization has converged.",207,"not evaluated"
"208","CoopBreed","Syll.song.final",0.366455829705211,0.0905802244334238,-285.572260063705,1.30085031006518,0.099140018750229,9.05802244334238e-06,-285.164436337507,1.30073167695169,3,"Optimization has converged.",208,"not evaluated"
"209","CoopBreed","Syll.song.final",0.0767005239049606,0.0905802244334238,-285.572260063705,1.30085031006518,9.05802244334238e-06,1.01047000849645,-284.005527204055,1.30085601919669,3,"Optimization has converged.",209,"not evaluated"
"210","CoopBreed","Syll.song.final",0.10213143014062,0.0905802244334238,-285.572260063705,1.30085031006518,0.0980646633057443,9.05802244334238e-06,-284.23628981433,1.30085077779958,3,"Optimization has converged.",210,"not evaluated"
"211","CoopBreed","Syll.song.final",0.00322626219290566,0.0905802244334238,-285.572260063705,1.30085031006518,9.05802244334238e-06,0.957645489428338,-281.234820405199,1.30083647523374,3,"Optimization has converged.",211,"not evaluated"
"212","CoopBreed","Syll.song.final",0.0735339207682203,0.0905802244334238,-285.572260063705,1.30085031006518,0.0471879988530638,0.511806692189789,-283.971100415391,1.30084177311831,3,"Optimization has converged.",212,"not evaluated"
"213","CoopBreed","Syll.song.final",0.00734499805468074,0.0905802244334238,-285.572260063705,1.30085031006518,0.00542318952158181,0.925412319826219,-281.978959507127,1.30089916644636,3,"Optimization has converged.",213,"not evaluated"
"214","CoopBreed","Syll.song.final",0.518749031666478,0.0905802244334238,-285.572260063705,1.30085031006518,0.0991955281761304,9.05802244334238e-06,-285.364070191698,1.30085185587026,3,"Optimization has converged.",214,"not evaluated"
"215","CoopBreed","Syll.song.final",0.942579637038067,0.0905802244334238,-285.572260063705,1.30085031006518,0.0932882778585651,0.0627182623277248,-285.569666048408,1.30084633742646,3,"Optimization has converged.",215,"not evaluated"
"216","CoopBreed","Syll.song.final",0.458114990303388,0.0905802244334238,-285.572260063705,1.30085031006518,0.0992237650726114,9.0580224433312e-06,-285.297011929846,1.30085164903602,3,"Optimization has converged.",216,"not evaluated"
"217","CoopBreed","Syll.song.final",4.57640187958312e-06,0.0905802244334238,-285.572260063705,1.30085031006518,9.05802244334238e-06,0.891396037588166,-275.068826631617,1.30084702826795,3,"Optimization has converged.",217,"not evaluated"
"218","CoopBreed","Syll.song.final",0.312787284340898,0.0905802244334238,-285.572260063705,1.30085031006518,0.0987518688390001,9.05802244334238e-06,-285.06282524478,1.3008510973265,3,"Optimization has converged.",218,"not evaluated"
"219","CoopBreed","Syll.song.final",0.104518817554095,0.0905802244334238,-285.572260063705,1.30085031006518,0.00738270598686758,0.935399076832475,-284.254659446737,1.30088720978088,3,"Optimization may not have converged.  Consider increasing maxit.",219,"not evaluated"
"220","CoopBreed","Syll.song.final",0.0164125880631431,0.0905802244334238,-285.572260063705,1.30085031006518,9.05802244334238e-06,0.989701621732778,-282.693198144915,1.30083196366058,3,"Optimization has converged.",220,"not evaluated"
"221","CoopBreed","Syll.song.final",0.317183588709175,0.0905802244334238,-285.572260063705,1.30085031006518,0.0991141484081708,9.05802244334238e-06,-285.071997733523,1.30085402077866,3,"Optimization has converged.",221,"not evaluated"
"222","CoopBreed","Syll.song.final",0.628641801146988,0.0905802244334238,-285.572260063705,1.30085031006518,0.099475767910392,9.05802244334238e-06,-285.455306524674,1.30084946102272,3,"Optimization has converged.",222,"not evaluated"
"223","CoopBreed","Syll.song.final",0.62779530292075,0.0905802244334238,-285.572260063705,1.30085031006518,0.0992644413807779,9.05802244334238e-06,-285.454728880243,1.30085006659195,3,"Optimization has converged.",223,"not evaluated"
"224","CoopBreed","Syll.song.final",0.0662329502565522,0.0905802244334238,-285.572260063705,1.30085031006518,0.050547434557045,0.475354744908397,-283.88526239687,1.30086336523658,3,"Optimization has converged.",224,"not evaluated"
"225","CoopBreed","Syll.song.final",0.757816580777925,0.0905802244334238,-285.572260063705,1.30085031006518,0.0993368464799245,9.05802244334238e-06,-285.524720428219,1.3008482060775,3,"Optimization has converged.",225,"not evaluated"
"226","CoopBreed","Syll.song.final",0.00183034406751489,0.0905802244334238,-285.572260063705,1.30085031006518,0.00960238692014372,0.856234997595407,-280.716088038737,1.29304014443617,3,"Optimization has converged.",226,"not evaluated"
"227","CoopBreed","Syll.song.final",0.0016292778492674,0.0905802244334238,-285.572260063705,1.30085031006518,9.05802244334238e-06,0.964043680998095,-280.609076484995,1.30080672616809,3,"Optimization has converged.",227,"not evaluated"
"228","CoopBreed","Syll.song.final",0.388856701814744,0.0905802244334238,-285.572260063705,1.30085031006518,0.099165986109236,9.05802244334238e-06,-285.201002999977,1.30085791074741,3,"Optimization has converged.",228,"not evaluated"
"229","CoopBreed","Syll.song.final",0.31523323640779,0.0905802244334238,-285.572260063705,1.30085031006518,0.0990231486586581,9.05802244334238e-06,-285.067949157065,1.30084698681469,3,"Optimization has converged.",229,"not evaluated"
"230","CoopBreed","Syll.song.final",0.00110049279671419,0.0905802244334238,-285.572260063705,1.30085031006518,9.05802244334238e-06,0.95276353335133,-280.247078353707,1.30081873063271,3,"Optimization has converged.",230,"not evaluated"
"231","CoopBreed","Syll.song.final",0.141749829273305,0.0905802244334238,-285.572260063705,1.30085031006518,0.0356240282137083,0.638220676653934,-284.492830106543,1.30073696146341,3,"Optimization has converged.",231,"not evaluated"
"232","CoopBreed","Syll.song.final",0.787409027827349,0.0905802244334238,-285.572260063705,1.30085031006518,0.0994799906298595,9.05802244334238e-06,-285.535897316637,1.30085492240096,3,"Optimization has converged.",232,"not evaluated"
"233","CoopBreed","Syll.song.final",0.00248749194372178,0.0905802244334238,-285.572260063705,1.30085031006518,9.05802244334238e-06,0.960715684320128,-280.997374560242,1.30083218641741,3,"Optimization has converged.",233,"not evaluated"
"234","CoopBreed","Syll.song.final",0.172773744255146,0.0905802244334238,-285.572260063705,1.30085031006518,0.0235873218770472,0.768799985916399,-284.642905001597,1.30086005412219,3,"Optimization has converged.",234,"not evaluated"
"235","CoopBreed","Syll.song.final",0.429280876718187,0.0905802244334238,-285.572260063705,1.30085031006518,0.0991934033601564,9.05802244334238e-06,-285.259875942758,1.30083077657499,3,"Optimization has converged.",235,"not evaluated"
"236","CoopBreed","Syll.song.final",0.00716580293294605,0.0905802244334238,-285.572260063705,1.30085031006518,0.0190901769948556,0.798523701666911,-281.956794473251,1.30096240238283,3,"Optimization has converged.",236,"not evaluated"
"237","CoopBreed","Syll.song.final",0.0225614494562014,0.0905802244334238,-285.572260063705,1.30085031006518,9.05802244334238e-06,1.00493710372517,-282.97128062815,1.30080295024931,3,"Optimization has converged.",237,"not evaluated"
"238","CoopBreed","Syll.song.final",0.346308185277689,0.0905802244334238,-285.572260063705,1.30085031006518,0.0987778491693235,9.05802244334238e-06,-285.12879061015,1.3008601309738,3,"Optimization has converged.",238,"not evaluated"
"239","CoopBreed","Syll.song.final",7.7606706892786e-07,0.0905802244334238,-285.572260063705,1.30085031006518,9.05802244334238e-06,0.876752491670748,-273.364078336362,1.30085505735935,3,"Optimization has converged.",239,"not evaluated"
"240","CoopBreed","Syll.song.final",0.172026470670446,0.0905802244334238,-285.572260063705,1.30085031006518,0.098330075200919,9.05802244334238e-06,-284.639662791891,1.30085006382243,3,"Optimization has converged.",240,"not evaluated"
"241","CoopBreed","Syll.song.final",0.346671856532442,0.0905802244334238,-285.572260063705,1.30085031006518,0.0991278191326196,9.05802244334238e-06,-285.129458959028,1.30085207101903,3,"Optimization has converged.",241,"not evaluated"
"242","CoopBreed","Syll.song.final",0.1250723793483,0.0905802244334238,-285.572260063705,1.30085031006518,0.0411604056005712,0.569812593418065,-284.395948431796,1.30090837305622,3,"Optimization has converged.",242,"not evaluated"
"243","CoopBreed","Syll.song.final",0.50342701410213,0.0905802244334238,-285.572260063705,1.30085031006518,0.0655937861236091,0.341208886995191,-285.348407753774,1.30506114493425,3,"Optimization has converged.",243,"not evaluated"
"244","CoopBreed","Syll.song.final",0.000947557920455709,0.0905802244334238,-285.572260063705,1.30085031006518,9.05802244334238e-06,0.945547178134903,-280.108593454337,1.30083421642777,3,"Optimization has converged.",244,"not evaluated"
"245","CoopBreed","Syll.song.final",0.000163034690682172,0.0905802244334238,-285.572260063705,1.30085031006518,0.00103905372854224,0.922680150644075,-278.464582437979,1.30081932007419,3,"Optimization has converged.",245,"not evaluated"
"246","CoopBreed","Syll.song.final",1.89932881633988e-05,0.0905802244334238,-285.572260063705,1.30085031006518,9.05802244334238e-06,0.90089123524146,-276.428426804462,1.30083105997369,3,"Optimization has converged.",246,"not evaluated"
"247","CoopBreed","Syll.song.final",0.577903641362998,0.0905802244334238,-285.572260063705,1.30085031006518,0.0994200725360826,9.05802244334238e-06,-285.41744206791,1.3008493208162,3,"Optimization has converged.",247,"not evaluated"
"248","CoopBreed","Syll.song.final",0.0307370668505712,0.0905802244334238,-285.572260063705,1.30085031006518,9.05802244334238e-06,0.998124913552797,-283.23846607586,1.30083415485564,3,"Optimization has converged.",248,"not evaluated"
"249","CoopBreed","Syll.song.final",0.0523168180151124,0.0905802244334238,-285.572260063705,1.30085031006518,0.0380259593251193,0.608112482434814,-283.689455796339,1.30089648060763,3,"Optimization has converged.",249,"not evaluated"
"250","CoopBreed","Syll.song.final",0.48527198135005,0.0905802244334238,-285.572260063705,1.30085031006518,0.0623355355137419,0.370957396505646,-285.328763840481,1.30084955093139,3,"Optimization has converged.",250,"not evaluated"
"251","CoopBreed","Syll.song.final",0.138755726096224,0.0905802244334238,-285.572260063705,1.30085031006518,0.0980896330888064,9.0580224433312e-06,-284.476408013457,1.30084978558083,3,"Optimization has converged.",251,"not evaluated"
"252","CoopBreed","Syll.song.final",0.000141519628641618,0.0905802244334238,-285.572260063705,1.30085031006518,9.05802244334238e-06,0.930278953305917,-278.331355682245,1.3008954989422,3,"Optimization has converged.",252,"not evaluated"
"253","CoopBreed","Syll.song.final",0.322127804733722,0.0905802244334238,-285.572260063705,1.30085031006518,0.0992092931246386,9.05802244334238e-06,-285.082116247623,1.30086669573155,3,"Optimization has converged.",253,"not evaluated"
"254","CoopBreed","Syll.song.final",0.665953824398164,0.0905802244334238,-285.572260063705,1.30085031006518,0.071379266116037,0.288443916698645,-285.479074267299,1.30085366724446,3,"Optimization has converged.",254,"not evaluated"
"255","CoopBreed","Syll.song.final",0.00172993517356237,0.0905802244334238,-285.572260063705,1.30085031006518,0.0102779939427127,0.85198711631686,-280.664224617804,1.30085378993001,3,"Optimization may not have converged.  Consider increasing maxit.",255,"not evaluated"
"256","CoopBreed","Syll.song.final",3.95319281691661e-05,0.0905802244334238,-285.572260063705,1.30085031006518,9.05802244334238e-06,0.915900412522749,-277.125394550138,1.30084532289619,3,"Optimization has converged.",256,"not evaluated"
"257","CoopBreed","Syll.song.final",0.308548615581348,0.0905802244334238,-285.572260063705,1.30085031006518,0.0989105993196835,9.05802244334238e-06,-285.053820926158,1.30084767043534,3,"Optimization has converged.",257,"not evaluated"
"258","CoopBreed","Syll.song.final",3.41348888608549e-06,0.0905802244334238,-285.572260063705,1.30085031006518,9.05802244334238e-06,0.888369810027932,-274.78782886728,1.30084360591667,3,"Optimization has converged.",258,"not evaluated"
"259","CoopBreed","Syll.song.final",0.120225898101423,0.0905802244334238,-285.572260063705,1.30085031006518,0.09830654647153,9.05802244334238e-06,-284.365072256954,1.30085127475419,3,"Optimization has converged.",259,"not evaluated"
"260","CoopBreed","Syll.song.final",0.254188869135412,0.0905802244334238,-285.572260063705,1.30085031006518,0.0987473252807479,9.05802244334238e-06,-284.92219339419,1.30085133285818,3,"Optimization has converged.",260,"not evaluated"
"261","CoopBreed","Syll.song.final",0.189811293201343,0.0905802244334238,-285.572260063705,1.30085031006518,0.0985477956530607,9.05802244334238e-06,-284.712719213519,1.30085009335006,3,"Optimization has converged.",261,"not evaluated"
"262","CoopBreed","Syll.song.final",0.248793229016696,0.0905802244334238,-285.572260063705,1.30085031006518,0.0987975116212156,9.05802244334238e-06,-284.907226367659,1.30084857617629,3,"Optimization has converged.",262,"not evaluated"
"263","CoopBreed","Syll.song.final",0.0834552393757364,0.0905802244334238,-285.572260063705,1.30085031006518,0.0126534720359768,0.874444678924672,-284.074113287951,1.30086218026787,3,"Optimization has converged.",263,"not evaluated"
"264","CoopBreed","Syll.song.final",0.0116830213495294,0.0905802244334238,-285.572260063705,1.30085031006518,9.05802244334238e-06,0.974293502762698,-282.393085620127,1.30088756308565,3,"Optimization has converged.",264,"not evaluated"
"265","CoopBreed","Syll.song.final",0.822426838595124,0.0905802244334238,-285.572260063705,1.30085031006518,0.0833267512910903,0.161640943899442,-285.547076836567,1.30082054856551,3,"Optimization has converged.",265,"not evaluated"
"266","CoopBreed","Syll.song.final",0.00395039471545747,0.0905802244334238,-285.572260063705,1.30085031006518,0.0226872886297028,0.732256899899917,-281.419021651032,1.30084978777362,3,"Optimization has converged.",266,"not evaluated"
"267","CoopBreed","Syll.song.final",0.0616792648285813,0.0905802244334238,-285.572260063705,1.30085031006518,0.0445093567361688,0.53957184471366,-283.826437539217,1.30084247982406,3,"Optimization has converged.",267,"not evaluated"
"268","CoopBreed","Syll.song.final",0.59535887266219,0.0905802244334238,-285.572260063705,1.30085031006518,0.0993281477227849,9.05802244334238e-06,-285.431233654392,1.30085073680943,3,"Optimization has converged.",268,"not evaluated"
"269","CoopBreed","Syll.song.final",0.802969304108402,0.0905802244334238,-285.572260063705,1.30085031006518,0.0984974086573401,0.0101492196620859,-285.541133410653,1.30084779492174,3,"Optimization has converged.",269,"not evaluated"
"270","CoopBreed","Syll.song.final",0.508534825623159,0.0905802244334238,-285.572260063705,1.30085031006518,0.0995322557825616,9.05802244334238e-06,-285.353719685416,1.30084627868596,3,"Optimization has converged.",270,"not evaluated"
"271","CoopBreed","Syll.song.final",0.433695304675875,0.0905802244334238,-285.572260063705,1.30085031006518,0.0682077101553479,0.316115296224961,-285.265806479171,1.30085065111629,3,"Optimization has converged.",271,"not evaluated"
"272","CoopBreed","Syll.song.final",0.396786045911228,0.0905802244334238,-285.572260063705,1.30085031006518,0.0993000672676358,9.05802244334238e-06,-285.213237733525,1.30085543011714,3,"Optimization has converged.",272,"not evaluated"
"273","CoopBreed","Syll.song.final",2.45807526096191e-06,0.0905802244334238,-285.572260063705,1.30085031006518,9.05802244334238e-06,0.90819666811315,-274.472782477041,1.30087566874114,3,"Optimization has converged.",273,"not evaluated"
"274","CoopBreed","Syll.song.final",0.878271238225709,0.0905802244334238,-285.572260063705,1.30085031006518,0.0834815078839071,0.16302246258973,-285.560530903371,1.30084865838678,3,"Optimization has converged.",274,"not evaluated"
"275","CoopBreed","Syll.song.final",0.00131439813980215,0.0905802244334238,-285.572260063705,1.30085031006518,0.00216758817320993,0.969701981499029,-280.41116215477,1.30083639868279,3,"Optimization has converged.",275,"not evaluated"
"276","CoopBreed","Syll.song.final",0.00513240946524916,0.0905802244334238,-285.572260063705,1.30085031006518,9.05802244334238e-06,0.970563310197906,-281.656168879339,1.30079194915341,3,"Optimization has converged.",276,"not evaluated"
"277","CoopBreed","Syll.song.final",0.217774204505751,0.0905802244334238,-285.572260063705,1.30085031006518,0.0987084178275046,9.05802244334238e-06,-284.81277101968,1.30084864667345,3,"Optimization has converged.",277,"not evaluated"
"278","CoopBreed","Syll.song.final",0.317151692526202,0.0905802244334238,-285.572260063705,1.30085031006518,0.0988528177316033,9.05802244334238e-06,-285.071931785413,1.30085086005293,3,"Optimization has converged.",278,"not evaluated"
"279","CoopBreed","Syll.song.final",0.405272945764175,0.0905802244334238,-285.572260063705,1.30085031006518,0.0990718832727694,9.05802244334238e-06,-285.225947552284,1.3008417849933,3,"Optimization has converged.",279,"not evaluated"
"280","CoopBreed","Syll.song.final",0.149609969627073,0.0905802244334238,-285.572260063705,1.30085031006518,0.0983674488909322,9.05802244334238e-06,-284.534148530842,1.30085022876264,3,"Optimization may not have converged.  Consider increasing maxit.",280,"not evaluated"
"281","CoopBreed","Syll.song.final",0.168638392622749,0.0905802244334238,-285.572260063705,1.30085031006518,0.036908582596001,0.620064992387389,-284.624757149439,1.30083382990764,3,"Optimization has converged.",281,"not evaluated"
"282","CoopBreed","Syll.song.final",0.202037509708811,0.0905802244334238,-285.572260063705,1.30085031006518,0.0985034343067041,9.05802244334238e-06,-284.758467950072,1.30085093307785,3,"Optimization has converged.",282,"not evaluated"
"283","CoopBreed","Syll.song.final",0.187222221888764,0.0905802244334238,-285.572260063705,1.30085031006518,0.0987432503879577,9.05802244334238e-06,-284.702589066079,1.30084898938641,3,"Optimization has converged.",283,"not evaluated"
"284","CoopBreed","Syll.song.final",0.0737521361698934,0.0905802244334238,-285.572260063705,1.30085031006518,0.00487990477184073,0.957026406809354,-283.973523461761,1.27658342843926,3,"Optimization has converged.",284,"not evaluated"
"285","CoopBreed","Syll.song.final",0.627180745720585,0.0905802244334238,-285.572260063705,1.30085031006518,0.0996486942352266,9.05802244334238e-06,-285.454308409168,1.3008499193678,3,"Optimization may not have converged.  Consider increasing maxit.",285,"not evaluated"
"286","CoopBreed","Syll.song.final",0.388364466583659,0.0905802244334238,-285.572260063705,1.30085031006518,0.0993810534281636,9.05802244334238e-06,-285.200231718833,1.30092282052796,3,"Optimization has converged.",286,"not evaluated"
"287","CoopBreed","Syll.song.final",0.154981534285252,0.0905802244334238,-285.572260063705,1.30085031006518,0.098459089720228,9.05802244334238e-06,-284.560998990168,1.30084840864201,3,"Optimization has converged.",287,"not evaluated"
"288","CoopBreed","Syll.song.final",0.00573212763601958,0.0905802244334238,-285.572260063705,1.30085031006518,9.05802244334238e-06,0.98362000113221,-281.755939087228,1.30086854582615,3,"Optimization has converged.",288,"not evaluated"
"289","CoopBreed","Syll.song.final",0.0112816204545817,0.0905802244334238,-285.572260063705,1.30085031006518,9.05802244334238e-06,0.984794033412383,-282.362055790381,1.30069011230639,3,"Optimization has converged.",289,"not evaluated"
"290","CoopBreed","Syll.song.final",0.0551464821776485,0.0905802244334238,-285.572260063705,1.30085031006518,0.0975218120425998,9.05802244334238e-06,-283.733434426886,1.3008504342414,3,"Optimization has converged.",290,"not evaluated"
"291","CoopBreed","Syll.song.final",0.404867742960527,0.0905802244334238,-285.572260063705,1.30085031006518,0.0622941373539158,0.376104842470061,-285.225349553543,1.3008350915667,3,"Optimization has converged.",291,"not evaluated"
"292","CoopBreed","Syll.song.final",0.186282268290558,0.0905802244334238,-285.572260063705,1.30085031006518,0.0987783720131345,9.05802244334238e-06,-284.698870954285,1.30085105557557,3,"Optimization has converged.",292,"not evaluated"
"293","CoopBreed","Syll.song.final",0.00601069802221669,0.0905802244334238,-285.572260063705,1.30085031006518,0.0290105321330998,0.667827597498021,-281.798713804393,1.30083949814664,3,"Optimization has converged.",293,"not evaluated"
"294","CoopBreed","Syll.song.final",0.117303167282228,0.0905802244334238,-285.572260063705,1.30085031006518,0.0981377237158699,9.05802244334238e-06,-284.345777975439,1.30084961972321,3,"Optimization has converged.",294,"not evaluated"
"295","CoopBreed","Syll.song.final",0.160273435670351,0.0905802244334238,-285.572260063705,1.30085031006518,0.0983443343497559,9.05802244334238e-06,-284.586437907818,1.30085086828722,3,"Optimization has converged.",295,"not evaluated"
"296","CoopBreed","Syll.song.final",0.466824728158313,0.0905802244334238,-285.572260063705,1.30085031006518,0.0992622254034359,9.05802244334238e-06,-285.307519074756,1.30084858693197,3,"Optimization has converged.",296,"not evaluated"
"297","CoopBreed","Syll.song.final",0.104912294904522,0.0905802244334238,-285.572260063705,1.30085031006518,0.0981103687590597,9.05802244334238e-06,-284.257642898784,1.3008504527861,3,"Optimization has converged.",297,"not evaluated"
"298","CoopBreed","Syll.song.final",0.14296860710688,0.0905802244334238,-285.572260063705,1.30085031006518,0.0984807273565038,9.05802244334238e-06,-284.499403589853,1.30085187007735,3,"Optimization has converged.",298,"not evaluated"
"299","CoopBreed","Syll.song.final",0.231847501893567,0.0905802244334238,-285.572260063705,1.30085031006518,0.0988585716033361,9.05802244334238e-06,-284.857514491397,1.30084923166525,3,"Optimization may not have converged.  Consider increasing maxit.",299,"not evaluated"
"300","CoopBreed","Syll.song.final",0.146413740638126,0.0905802244334238,-285.572260063705,1.30085031006518,0.0984833018315502,9.05802244334238e-06,-284.517649077295,1.30085005138463,3,"Optimization has converged.",300,"not evaluated"
"301","CoopBreed","Syll.song.final",0.0236235225031516,0.0905802244334238,-285.572260063705,1.30085031006518,9.05802244334238e-06,0.97960183345411,-283.011228793749,1.30127731755492,3,"Optimization has converged.",301,"not evaluated"
"302","CoopBreed","Syll.song.final",0.932091802937789,0.0905802244334238,-285.572260063705,1.30085031006518,0.0866659892263946,0.129407807995487,-285.568629408931,1.30085068877315,3,"Optimization may not have converged.  Consider increasing maxit.",302,"not evaluated"
"303","CoopBreed","Syll.song.final",0.272912558438949,0.0905802244334238,-285.572260063705,1.30085031006518,0.0603291660093355,0.383612912952602,-284.971235626203,1.29177701051283,3,"Optimization has converged.",303,"not evaluated"
"304","CoopBreed","Syll.song.final",0.563160018273448,0.0905802244334238,-285.572260063705,1.30085031006518,0.0993463940962736,9.05802244334238e-06,-285.405128925228,1.30085177864082,3,"Optimization has converged.",304,"not evaluated"
"305","CoopBreed","Syll.song.final",0.468741447434399,0.0905802244334238,-285.572260063705,1.30085031006518,0.0991120568419995,9.05802244334238e-06,-285.309789420702,1.30085966707427,3,"Optimization has converged.",305,"not evaluated"
"306","CoopBreed","Syll.song.final",0.00163652288937772,0.0905802244334238,-285.572260063705,1.30085031006518,9.05802244334238e-06,0.949393103071647,-280.613159704877,1.30085752001867,3,"Optimization has converged.",306,"not evaluated"
"307","CoopBreed","Syll.song.final",0.761458952176671,0.0905802244334238,-285.572260063705,1.30085031006518,0.099564055240937,9.05802244334238e-06,-285.526184062599,1.30085045561035,3,"Optimization has converged.",307,"not evaluated"
"308","CoopBreed","Syll.song.final",0.0691561687141893,0.0905802244334238,-285.572260063705,1.30085031006518,9.05802244334238e-06,0.977244058011465,-283.920792020898,1.3009228755521,3,"Optimization has converged.",308,"not evaluated"
"309","CoopBreed","Syll.song.final",5.44259939659371e-05,0.0905802244334238,-285.572260063705,1.30085031006518,9.05802244334238e-06,0.929245061210066,-277.428583528212,1.30082012913131,3,"Optimization has converged.",309,"not evaluated"
"310","CoopBreed","Syll.song.final",0.390888135467792,0.0905802244334238,-285.572260063705,1.30085031006518,0.0989313801084047,9.05802244334238e-06,-285.204171338744,1.30093143721414,3,"Optimization has converged.",310,"not evaluated"
"311","CoopBreed","Syll.song.final",0.182628750259475,0.0905802244334238,-285.572260063705,1.30085031006518,0.0988804710842926,9.05802244334238e-06,-284.684209236109,1.30084914228158,3,"Optimization has converged.",311,"not evaluated"
"312","CoopBreed","Syll.song.final",0.0631175252230831,0.0905802244334238,-285.572260063705,1.30085031006518,0.0974999292856362,9.05802244334238e-06,-283.845504098566,1.300849099158,3,"Optimization has converged.",312,"not evaluated"
"313","CoopBreed","Syll.song.final",0.0455602763915672,0.0905802244334238,-285.572260063705,1.30085031006518,0.00521996711864087,0.955603106744724,-283.573370820654,1.33535519238008,3,"Optimization has converged.",313,"not evaluated"
"314","CoopBreed","Syll.song.final",0.212319880364433,0.0905802244334238,-285.572260063705,1.30085031006518,0.0989502343225939,9.05802244334238e-06,-284.794491539036,1.30084979675606,3,"Optimization has converged.",314,"not evaluated"
"315","CoopBreed","Syll.song.final",0.000100426923844193,0.0905802244334238,-285.572260063705,1.30085031006518,9.05802244334238e-06,0.947849154179963,-278.007928954448,1.30085095648397,3,"Optimization has converged.",315,"not evaluated"
"316","CoopBreed","Syll.song.final",0.104123348263078,0.0905802244334238,-285.572260063705,1.30085031006518,0.0980597492568466,9.05802244334238e-06,-284.251648467845,1.30085029131283,3,"Optimization has converged.",316,"not evaluated"
"317","CoopBreed","Syll.song.final",0.381629828501813,0.0905802244334238,-285.572260063705,1.30085031006518,0.0988759698656012,9.05802244334238e-06,-285.189537485548,1.30092867483165,3,"Optimization has converged.",317,"not evaluated"
"318","CoopBreed","Syll.song.final",0.111990243767303,0.0905802244334238,-285.572260063705,1.30085031006518,0.0979374455987359,9.05802244334238e-06,-284.309305669082,1.30084962510266,3,"Optimization may not have converged.  Consider increasing maxit.",318,"not evaluated"
"319","CoopBreed","Syll.song.final",0.46536328887597,0.0905802244334238,-285.572260063705,1.30085031006518,0.0653280538139673,0.341136444011104,-285.305777941608,1.30085331526003,3,"Optimization has converged.",319,"not evaluated"
"320","CoopBreed","Syll.song.final",0.148613726815348,0.0905802244334238,-285.572260063705,1.30085031006518,0.0982903318914779,9.05802244334238e-06,-284.529048801665,1.30085207526419,3,"Optimization has converged.",320,"not evaluated"
"321","CoopBreed","Syll.song.final",0.784464700114248,0.0905802244334238,-285.572260063705,1.30085031006518,0.0968188319257307,0.0286626795536835,-285.534857446908,1.30083971538515,3,"Optimization has converged.",321,"not evaluated"
"322","CoopBreed","Syll.song.final",0.222117619288112,0.0905802244334238,-285.572260063705,1.30085031006518,0.0985770367693654,9.05802244334238e-06,-284.826941458221,1.30085014050834,3,"Optimization has converged.",322,"not evaluated"
"323","CoopBreed","Syll.song.final",0.227731314117669,0.0905802244334238,-285.572260063705,1.30085031006518,0.0987692154653276,9.05802244334238e-06,-284.844772463199,1.30085076967214,3,"Optimization has converged.",323,"not evaluated"
"324","CoopBreed","Syll.song.final",0.440483509192801,0.0905802244334238,-285.572260063705,1.30085031006518,0.0993782329410618,9.05802244334238e-06,-285.274748832571,1.30084950888121,3,"Optimization has converged.",324,"not evaluated"
"325","CoopBreed","Syll.song.final",0.0184585177578888,0.0905802244334238,-285.572260063705,1.30085031006518,9.05802244334238e-06,0.985597619522966,-282.79620957139,1.30103709458008,3,"Optimization has converged.",325,"not evaluated"
"326","CoopBreed","Syll.song.final",0.140044677070316,0.0905802244334238,-285.572260063705,1.30085031006518,0.09853879166864,9.05802244334238e-06,-284.483525971859,1.30085124699528,3,"Optimization has converged.",326,"not evaluated"
"327","CoopBreed","Syll.song.final",6.67618017972833e-05,0.0905802244334238,-285.572260063705,1.30085031006518,9.05802244334238e-06,0.936925027859421,-277.622020325342,1.30083207034202,3,"Optimization has converged.",327,"not evaluated"
"328","CoopBreed","Syll.song.final",0.389969945096501,0.0905802244334238,-285.572260063705,1.30085031006518,0.0992177312440235,9.05802244334238e-06,-285.202742201424,1.3008642148349,3,"Optimization has converged.",328,"not evaluated"
"329","CoopBreed","Syll.song.final",0.189760397874037,0.0905802244334238,-285.572260063705,1.30085031006518,0.0986441004580861,9.05802244334238e-06,-284.712521631319,1.30085092207313,3,"Optimization has converged.",329,"not evaluated"
"330","CoopBreed","Syll.song.final",0.74886972550826,0.0905802244334238,-285.572260063705,1.30085031006518,0.0995531696439541,9.05802244334238e-06,-285.521018430271,1.30084795673376,3,"Optimization has converged.",330,"not evaluated"
"331","CoopBreed","Syll.song.final",1.74305026887521e-06,0.0905802244334238,-285.572260063705,1.30085031006518,9.05802244334238e-06,0.906156543464322,-274.142616330339,1.30082432179313,3,"Optimization has converged.",331,"not evaluated"
"332","CoopBreed","Syll.song.final",0.999504083594478,0.0905802244334238,-285.572260063705,1.30085031006518,0.0905859120221536,0.0905779245784694,-285.57225987055,1.30085031006518,3,"Optimization has converged.",332,"not evaluated"
"333","CoopBreed","Syll.song.final",0.000348658389706049,0.0905802244334238,-285.572260063705,1.30085031006518,9.05802244334238e-06,0.95350064474722,-279.177746495066,1.30085205383796,3,"Optimization has converged.",333,"not evaluated"
"334","CoopBreed","Syll.song.final",0.770722209876666,0.0905802244334238,-285.572260063705,1.30085031006518,0.0781594428807142,0.217304068979202,-285.529794240937,1.30085667912726,3,"Optimization has converged.",334,"not evaluated"
"335","CoopBreed","Syll.song.final",0.859059505419904,0.0905802244334238,-285.572260063705,1.30085031006518,0.0830104389174724,0.165664291420629,-285.556494244203,1.30081689277062,3,"Optimization has converged.",335,"not evaluated"
"336","CoopBreed","Syll.song.final",0.190379470394917,0.0905802244334238,-285.572260063705,1.30085031006518,0.098685578605962,9.05802244334238e-06,-284.714920766964,1.30084912447001,3,"Optimization has converged.",336,"not evaluated"
"337","CoopBreed","Syll.song.final",0.00287690167969144,0.0905802244334238,-285.572260063705,1.30085031006518,0.00587949825482907,0.915123234756827,-281.130290525696,1.30071093345164,3,"Optimization has converged.",337,"not evaluated"
"338","CoopBreed","Syll.song.final",0.563065593565387,0.0905802244334238,-285.572260063705,1.30085031006518,0.0990255868948358,9.05802244334238e-06,-285.40504804479,1.30084967042284,3,"Optimization has converged.",338,"not evaluated"
"339","CoopBreed","Syll.song.final",0.887101188963528,0.0905802244334238,-285.572260063705,1.30085031006518,0.0871482906795136,0.125782846129216,-285.56218187154,1.30084926621767,3,"Optimization has converged.",339,"not evaluated"
"340","CoopBreed","Syll.song.final",0.0119831408683513,0.0905802244334238,-285.572260063705,1.30085031006518,0.0176834264605109,0.79750857010906,-282.415579148626,1.30073692359864,3,"Optimization has converged.",340,"not evaluated"
"341","CoopBreed","Syll.song.final",0.109106146735311,0.0905802244334238,-285.572260063705,1.30085031006518,0.0983364585744877,9.05802244334238e-06,-284.288699640213,1.30085165763157,3,"Optimization has converged.",341,"not evaluated"
"342","CoopBreed","Syll.song.final",0.000817176824846262,0.0905802244334238,-285.572260063705,1.30085031006518,0.0123514116096937,0.830814047460932,-279.971356174986,1.30083728394067,3,"Optimization has converged.",342,"not evaluated"
"343","CoopBreed","Syll.song.final",0.48534076007736,0.0905802244334238,-285.572260063705,1.30085031006518,0.0993941909767701,9.05802244334238e-06,-285.328840571925,1.30082044503957,3,"Optimization has converged.",343,"not evaluated"
"344","CoopBreed","Syll.song.final",0.0431379045752395,0.0905802244334238,-285.572260063705,1.30085031006518,9.05802244334238e-06,0.992352301034874,-283.527265205419,1.30088931406297,3,"Optimization has converged.",344,"not evaluated"
"345","CoopBreed","Syll.song.final",8.73628287124427e-08,0.0905802244334238,-285.572260063705,1.30085031006518,9.05802244334238e-06,0.858512904770846,-271.254477833981,1.3009475261013,3,"Optimization has converged.",345,"not evaluated"
"346","CoopBreed","Syll.song.final",0.170675622218689,0.0905802244334238,-285.572260063705,1.30085031006518,0.0563181254268744,0.429129274864352,-284.633760558871,1.30083538484233,3,"Optimization has converged.",346,"not evaluated"
"347","CoopBreed","Syll.song.final",0.524231667328678,0.0905802244334238,-285.572260063705,1.30085031006518,0.0993312346611785,9.05802244334238e-06,-285.369480011709,1.30084779296328,3,"Optimization has converged.",347,"not evaluated"
"348","CoopBreed","Syll.song.final",0.615798450190391,0.0905802244334238,-285.572260063705,1.30085031006518,0.0994886702855635,9.05802244334238e-06,-285.446351479729,1.30085101037987,3,"Optimization has converged.",348,"not evaluated"
"349","CoopBreed","Syll.song.final",0.23504360020611,0.0905802244334238,-285.572260063705,1.30085031006518,0.098732590274755,9.05802244334238e-06,-284.867221530518,1.30085052286204,3,"Optimization has converged.",349,"not evaluated"
"350","CoopBreed","Syll.song.final",0.379085362264354,0.0905802244334238,-285.572260063705,1.30085031006518,0.0990610953724358,9.05802244334238e-06,-285.185427116453,1.30016391153181,3,"Optimization has converged.",350,"not evaluated"
"351","CoopBreed","Syll.song.final",0.173932947921443,0.0905802244334238,-285.572260063705,1.30085031006518,0.0986183276686429,9.05802244334238e-06,-284.647902677366,1.30084989952957,3,"Optimization has converged.",351,"not evaluated"
"352","CoopBreed","Syll.song.final",0.020533564230128,0.0905802244334238,-285.572260063705,1.30085031006518,0.029289712570715,0.693925988459491,-282.889283510396,1.3008622027685,3,"Optimization has converged.",352,"not evaluated"
"353","CoopBreed","Syll.song.final",4.77173215334297e-05,0.0905802244334238,-285.572260063705,1.30085031006518,9.05802244334238e-06,0.910990223037694,-277.303906610658,1.30085332179362,3,"Optimization has converged.",353,"not evaluated"
"354","CoopBreed","Syll.song.final",0.0135820143631425,0.0905802244334238,-285.572260063705,1.30085031006518,0.0334495692106819,0.647015121835144,-282.52642175196,1.30085527358872,3,"Optimization has converged.",354,"not evaluated"
"355","CoopBreed","Syll.song.final",0.268976834783234,0.0905802244334238,-285.572260063705,1.30085031006518,0.098966555327102,9.05802244334238e-06,-284.961281316473,1.3008502914179,3,"Optimization has converged.",355,"not evaluated"
"356","CoopBreed","Syll.song.final",0.192806274401522,0.0905802244334238,-285.572260063705,1.30085031006518,0.0986286486748642,9.05802244334238e-06,-284.724238540373,1.30085063997207,3,"Optimization has converged.",356,"not evaluated"
"357","CoopBreed","Syll.song.final",0.130861111257782,0.0905802244334238,-285.572260063705,1.30085031006518,0.0982291427706233,9.05802244334238e-06,-284.431130349126,1.3008504152564,3,"Optimization has converged.",357,"not evaluated"
"358","CoopBreed","Syll.song.final",0.308819603736369,0.0905802244334238,-285.572260063705,1.30085031006518,0.0988209465968136,9.05802244334238e-06,-285.054401398737,1.3008456771009,3,"Optimization has converged.",358,"not evaluated"
"359","CoopBreed","Syll.song.final",0.37671926879422,0.0905802244334238,-285.572260063705,1.30085031006518,0.0990202687512454,9.05802244334238e-06,-285.181569818116,1.30095818152506,3,"Optimization has converged.",359,"not evaluated"
"360","CoopBreed","Syll.song.final",0.181789375226226,0.0905802244334238,-285.572260063705,1.30085031006518,0.0127957185840561,0.86694499976878,-284.68079271575,1.30067094119279,3,"Optimization has converged.",360,"not evaluated"
"361","CoopBreed","Syll.song.final",0.279097821354126,0.0905802244334238,-285.572260063705,1.30085031006518,0.0988143333183931,9.05802244334238e-06,-284.98652121484,1.30084939187643,3,"Optimization has converged.",361,"not evaluated"
"362","CoopBreed","Syll.song.final",3.21156312168847e-05,0.0905802244334238,-285.572260063705,1.30085031006518,9.05802244334238e-06,0.952351576537327,-276.928104387802,1.30083789765222,3,"Optimization has converged.",362,"not evaluated"
"363","CoopBreed","Syll.song.final",0.0179521250921628,0.0905802244334238,-285.572260063705,1.30085031006518,0.00536418522913113,0.93255917604924,-282.77185259353,1.33519322055738,3,"Optimization has converged.",363,"not evaluated"
"364","CoopBreed","Syll.song.final",0.276814338247957,0.0905802244334238,-285.572260063705,1.30085031006518,0.0989196287848383,9.05802244334238e-06,-284.980928097075,1.30085537326231,3,"Optimization has converged.",364,"not evaluated"
"365","CoopBreed","Syll.song.final",0.0109459867419789,0.0905802244334238,-285.572260063705,1.30085031006518,9.05802244334238e-06,0.970838410686754,-282.335227436293,1.27208990482973,3,"Optimization has converged.",365,"not evaluated"
"366","CoopBreed","Syll.song.final",0.163691718245082,0.0905802244334238,-285.572260063705,1.30085031006518,0.0984692817483018,9.05802244334238e-06,-284.602366817259,1.30085049788435,3,"Optimization has converged.",366,"not evaluated"
"367","CoopBreed","Syll.song.final",0.473982833283467,0.0905802244334238,-285.572260063705,1.30085031006518,0.0647585040307884,0.351174128467448,-285.315922189141,1.30085031415305,3,"Optimization has converged.",367,"not evaluated"
"368","CoopBreed","Syll.song.final",0.241967735805553,0.0905802244334238,-285.572260063705,1.30085031006518,0.0988465676880547,9.05802244334238e-06,-284.88771343526,1.30085002556443,3,"Optimization may not have converged.  Consider increasing maxit.",368,"not evaluated"
"369","CoopBreed","Syll.song.final",0.000448943670107617,0.0905802244334238,-285.572260063705,1.30085031006518,9.05802244334238e-06,0.953998842986368,-279.413951657636,1.30079257113601,3,"Optimization has converged.",369,"not evaluated"
"370","CoopBreed","Syll.song.final",0.292931236449902,0.0905802244334238,-285.572260063705,1.30085031006518,0.0289054115147548,0.704636862129824,-285.01920992742,1.30084942930155,3,"Optimization has converged.",370,"not evaluated"
"371","CoopBreed","Syll.song.final",0.406357659056509,0.0905802244334238,-285.572260063705,1.30085031006518,0.0988374262075923,9.05802244334238e-06,-285.227544083222,1.30085152953633,3,"Optimization has converged.",371,"not evaluated"
"372","CoopBreed","Syll.song.final",0.0121160707761639,0.0905802244334238,-285.572260063705,1.30085031006518,9.05802244334238e-06,0.970280538516987,-282.42535781586,1.30084827939125,3,"Optimization has converged.",372,"not evaluated"
"373","CoopBreed","Syll.song.final",0.267941991078798,0.0905802244334238,-285.572260063705,1.30085031006518,0.0988490709919055,9.05802244334238e-06,-284.958633720209,1.30084929263338,3,"Optimization has converged.",373,"not evaluated"
"374","CoopBreed","Syll.song.final",0.0231521613961565,0.0905802244334238,-285.572260063705,1.30085031006518,0.0347710834762966,0.630834643714857,-282.993733996485,1.28159820275411,3,"Optimization has converged.",374,"not evaluated"
"375","CoopBreed","Syll.song.final",0.0243112495350023,0.0905802244334238,-285.572260063705,1.30085031006518,0.0485663659087227,0.498339130434387,-283.036115171949,1.31179607733748,3,"Optimization has converged.",375,"not evaluated"
"376","CoopBreed","Syll.song.final",0.0797922331463464,0.0905802244334238,-285.572260063705,1.30085031006518,0.0978224143501848,9.05802244334238e-06,-284.037695773605,1.30085090227524,3,"Optimization has converged.",376,"not evaluated"
"377","CoopBreed","Syll.song.final",0.0185987339670932,0.0905802244334238,-285.572260063705,1.30085031006518,0.0328013175984198,0.647389235980572,-282.802831917993,1.29890155478995,3,"Optimization has converged.",377,"not evaluated"
"378","CoopBreed","Syll.song.final",0.0983835850681545,0.0905802244334238,-285.572260063705,1.30085031006518,0.0254703364482322,0.729309613162486,-284.206483647351,1.33332416920397,3,"Optimization has converged.",378,"not evaluated"
"379","CoopBreed","Syll.song.final",0.247075556800714,0.0905802244334238,-285.572260063705,1.30085031006518,0.0358799262500289,0.645854787811442,-284.902377965142,1.30085766173263,3,"Optimization has converged.",379,"not evaluated"
"380","CoopBreed","Syll.song.final",0.380596723649405,0.0905802244334238,-285.572260063705,1.30085031006518,0.0993742252604844,9.05802244334238e-06,-285.187873275158,1.30053146088327,3,"Optimization has converged.",380,"not evaluated"
"381","CoopBreed","Syll.song.final",0.0111191233380598,0.0905802244334238,-285.572260063705,1.30085031006518,9.05802244334238e-06,0.968631052085911,-282.349170621598,1.30086892412518,3,"Optimization has converged.",381,"not evaluated"
"382","CoopBreed","Syll.song.final",0.00147221952110468,0.0905802244334238,-285.572260063705,1.30085031006518,9.05802244334238e-06,0.964901810756364,-280.515727754577,1.30081787786001,3,"Optimization has converged.",382,"not evaluated"
"383","CoopBreed","Syll.song.final",0.0219463473436519,0.0905802244334238,-285.572260063705,1.30085031006518,9.05802244334238e-06,0.979114053206507,-282.947243268551,1.300859502461,3,"Optimization has converged.",383,"not evaluated"
"384","CoopBreed","Syll.song.final",0.00270549529217835,0.0905802244334238,-285.572260063705,1.30085031006518,9.05802244334238e-06,0.964518397930378,-281.074186956102,1.30085292706446,3,"Optimization has converged.",384,"not evaluated"
"385","CoopBreed","Syll.song.final",0.240732471829684,0.0905802244334238,-285.572260063705,1.30085031006518,0.0602387425817332,0.394825737068304,-284.884110277711,1.30085385496718,3,"Optimization has converged.",385,"not evaluated"
"386","CoopBreed","Syll.song.final",0.710064366411103,0.0905802244334238,-285.572260063705,1.30085031006518,0.0996586860728057,9.05802244334238e-06,-285.503153729376,1.30077097693502,3,"Optimization has converged.",386,"not evaluated"
"387","CoopBreed","Syll.song.final",0.303629318543968,0.0905802244334238,-285.572260063705,1.30085031006518,0.0989440736391378,9.05802244334238e-06,-285.0431671455,1.30085200408182,3,"Optimization has converged.",387,"not evaluated"
"388","CoopBreed","Syll.song.final",0.0589130603478638,0.0905802244334238,-285.572260063705,1.30085031006518,0.0335218559691544,0.65417769019306,-283.788398820033,1.30066847292922,3,"Optimization has converged.",388,"not evaluated"
"389","CoopBreed","Syll.song.final",0.972345404145522,0.0905802244334238,-285.572260063705,1.30085031006518,0.088926226059489,0.107560053473899,-285.571659168863,1.30084909021869,3,"Optimization has converged.",389,"not evaluated"
"390","CoopBreed","Syll.song.final",0.161916963329396,0.0905802244334238,-285.572260063705,1.30085031006518,0.0985392989338317,9.05802244334238e-06,-284.594144483875,1.30084952325855,3,"Optimization has converged.",390,"not evaluated"
"391","CoopBreed","Syll.song.final",0.608183122217443,0.0905802244334238,-285.572260063705,1.30085031006518,0.0996381957347082,9.05802244334238e-06,-285.440845490878,1.30084873714309,3,"Optimization has converged.",391,"not evaluated"
"392","CoopBreed","Syll.song.final",0.437243248231059,0.0905802244334238,-285.572260063705,1.30085031006518,0.0992263128059802,9.05802244334238e-06,-285.270506802938,1.30085483950081,3,"Optimization has converged.",392,"not evaluated"
"393","CoopBreed","Syll.song.final",0.294421780805074,0.0905802244334238,-285.572260063705,1.30085031006518,0.0988708979739072,9.05802244334238e-06,-285.022614627426,1.30085076313287,3,"Optimization has converged.",393,"not evaluated"
"394","CoopBreed","Syll.song.final",0.333975847600905,0.0905802244334238,-285.572260063705,1.30085031006518,0.0987561065206068,9.05802244334238e-06,-285.105550128131,1.30085284862829,3,"Optimization has converged.",394,"not evaluated"
"395","CoopBreed","Syll.song.final",0.311771921700967,0.0905802244334238,-285.572260063705,1.30085031006518,0.0990440708449617,9.05802244334238e-06,-285.060682817829,1.30084821698749,3,"Optimization has converged.",395,"not evaluated"
"396","CoopBreed","Syll.song.final",0.661001142195557,0.0905802244334238,-285.572260063705,1.30085031006518,0.0695703889957918,0.301123328926602,-285.476105186827,1.30085239132219,3,"Optimization has converged.",396,"not evaluated"
"397","CoopBreed","Syll.song.final",0.168155471478602,0.0905802244334238,-285.572260063705,1.30085031006518,0.098353862601085,9.05802244334238e-06,-284.622604613485,1.30084954386406,3,"Optimization has converged.",397,"not evaluated"
"398","CoopBreed","Syll.song.final",0.0500820293954855,0.0905802244334238,-285.572260063705,1.30085031006518,0.00648446886712438,0.918918863959178,-283.652904896431,1.30094227573899,3,"Optimization has converged.",398,"not evaluated"
"399","CoopBreed","Syll.song.final",0.377794636421342,0.0905802244334238,-285.572260063705,1.30085031006518,0.0990432322204969,9.05802244334238e-06,-285.183327141992,1.30076345518037,3,"Optimization has converged.",399,"not evaluated"
"400","CoopBreed","Syll.song.final",0.600267763393531,0.0905802244334238,-285.572260063705,1.30085031006518,0.0994215858997644,9.05802244334238e-06,-285.434963944765,1.30085032946532,3,"Optimization has converged.",400,"not evaluated"
"401","CoopBreed","Syll.song.final",0.0316238586124733,0.0905802244334238,-285.572260063705,1.30085031006518,9.05802244334238e-06,1.01913585255206,-283.262873740816,1.30088802917029,3,"Optimization has converged.",401,"not evaluated"
"402","CoopBreed","Syll.song.final",0.285860665324689,0.0905802244334238,-285.572260063705,1.30085031006518,0.0562436664246472,0.434132080068757,-285.002752814582,1.30088236577472,3,"Optimization has converged.",402,"not evaluated"
"403","CoopBreed","Syll.song.final",0.289040740184048,0.0905802244334238,-285.572260063705,1.30085031006518,0.098858136061717,9.05802244334238e-06,-285.010218018486,1.30084971308507,3,"Optimization has converged.",403,"not evaluated"
"404","CoopBreed","Syll.song.final",0.0909733956953955,0.0905802244334238,-285.572260063705,1.30085031006518,0.0981086818404875,9.05802244334238e-06,-284.143727951423,1.3008499151175,3,"Optimization has converged.",404,"not evaluated"
"405","CoopBreed","Syll.song.final",0.92388209613185,0.0905802244334238,-285.572260063705,1.30085031006518,0.0961763756621211,0.0340112845099782,-285.567695657905,1.30085028508181,3,"Optimization has converged.",405,"not evaluated"
"406","CoopBreed","Syll.song.final",0.879243591924287,0.0905802244334238,-285.572260063705,1.30085031006518,0.0988363172702869,0.00764212126146416,-285.560718979704,1.30081940807176,3,"Optimization has converged.",406,"not evaluated"
"407","CoopBreed","Syll.song.final",0.321712642448184,0.0905802244334238,-285.572260063705,1.30085031006518,0.0989324892938329,9.05802244334238e-06,-285.081274483447,1.30086497387595,3,"Optimization has converged.",407,"not evaluated"
"408","CoopBreed","Syll.song.final",0.00610157198826383,0.0905802244334238,-285.572260063705,1.30085031006518,9.05802244334238e-06,0.990106496134255,-281.812231127473,1.300875984242,3,"Optimization has converged.",408,"not evaluated"
"409","CoopBreed","Syll.song.final",0.0729450313903913,0.0905802244334238,-285.572260063705,1.30085031006518,0.0491643535637992,0.501543516497595,-283.964522728838,1.30084091549898,3,"Optimization has converged.",409,"not evaluated"
"410","CoopBreed","Syll.song.final",0.0850960508763442,0.0905802244334238,-285.572260063705,1.30085031006518,0.0227111027765114,0.772568464260029,-284.089870237142,1.30096026871216,3,"Optimization has converged.",410,"not evaluated"
"411","CoopBreed","Syll.song.final",0.0751685653382831,0.0905802244334238,-285.572260063705,1.30085031006518,0.0980759314591842,9.05802244334238e-06,-283.989066611526,1.30085098651234,3,"Optimization has converged.",411,"not evaluated"
"412","CoopBreed","Syll.song.final",0.672851238927334,0.0905802244334238,-285.572260063705,1.30085031006518,0.0994974027519541,9.05802244334238e-06,-285.483117559726,1.30085365768128,3,"Optimization has converged.",412,"not evaluated"
"413","CoopBreed","Syll.song.final",0.000923519742964041,0.0905802244334238,-285.572260063705,1.30085031006518,9.05802244334238e-06,0.960198264570259,-280.084787344444,1.30084340936888,3,"Optimization has converged.",413,"not evaluated"
"414","CoopBreed","Syll.song.final",0.00374423726773709,0.0905802244334238,-285.572260063705,1.30085031006518,9.05802244334238e-06,0.976600569833535,-281.37032667669,1.3008455275532,3,"Optimization has converged.",414,"not evaluated"
"415","CoopBreed","Syll.song.final",0.374841406487718,0.0905802244334238,-285.572260063705,1.30085031006518,0.0992039186971142,9.05802244334238e-06,-285.178484115865,1.30083620220289,3,"Optimization has converged.",415,"not evaluated"
"416","CoopBreed","Syll.song.final",1.07116922163886e-06,0.0905802244334238,-285.572260063705,1.30085031006518,9.05802244334238e-06,0.889087545839164,-273.674368913918,1.30084754740345,3,"Optimization has converged.",416,"not evaluated"
"417","CoopBreed","Syll.song.final",0.574218516704065,0.0905802244334238,-285.572260063705,1.30085031006518,0.0488802459964201,0.507535792987713,-285.414422595112,1.30083238643447,3,"Optimization has converged.",417,"not evaluated"
"418","CoopBreed","Syll.song.final",0.555490150659306,0.0905802244334238,-285.572260063705,1.30085031006518,0.0992042413079428,9.05802244334238e-06,-285.398473501305,1.30085014603666,3,"Optimization has converged.",418,"not evaluated"
"419","CoopBreed","Syll.song.final",0.787780724951648,0.0905802244334238,-285.572260063705,1.30085031006518,0.0721432390873442,0.272575719320319,-285.536027473538,1.29865339064451,3,"Optimization has converged.",419,"not evaluated"
"420","CoopBreed","Syll.song.final",0.471996944699117,0.0905802244334238,-285.572260063705,1.30085031006518,0.0993014891693362,9.05802244334238e-06,-285.313611513293,1.30084591961394,3,"Optimization has converged.",420,"not evaluated"
"421","CoopBreed","Syll.song.final",0.00014409589267218,0.0905802244334238,-285.572260063705,1.30085031006518,9.05802244334238e-06,0.919728502179592,-278.348345794383,1.30086904750057,3,"Optimization has converged.",421,"not evaluated"
"422","CoopBreed","Syll.song.final",0.509227060673348,0.0905802244334238,-285.572260063705,1.30085031006518,0.0993107201596499,9.05802244334238e-06,-285.354432531582,1.30084381740598,3,"Optimization has converged.",422,"not evaluated"
"423","CoopBreed","Syll.song.final",0.455750162792631,0.0905802244334238,-285.572260063705,1.30085031006518,0.099069425100355,9.05802244334238e-06,-285.294104237339,1.30085083793005,3,"Optimization has converged.",423,"not evaluated"
"424","CoopBreed","Syll.song.final",0.00323247476461234,0.0905802244334238,-285.572260063705,1.30085031006518,0.0194037945609237,0.770126497597195,-281.236573335246,1.30085975156935,3,"Optimization has converged.",424,"not evaluated"
"425","CoopBreed","Syll.song.final",0.925304391171043,0.0905802244334238,-285.572260063705,1.30085031006518,0.0876521532345598,0.120256079431456,-285.567865135947,1.30084973216448,3,"Optimization has converged.",425,"not evaluated"
"426","CoopBreed","Syll.song.final",0.0023723275187115,0.0905802244334238,-285.572260063705,1.30085031006518,9.05802244334238e-06,0.975907310206547,-280.953989889876,1.34258720397912,3,"Optimization has converged.",426,"not evaluated"
"427","CoopBreed","Syll.song.final",0.0731659765721653,0.0905802244334238,-285.572260063705,1.30085031006518,9.05802244334238e-06,0.995094685347762,-283.966997264675,1.30083331973523,3,"Optimization has converged.",427,"not evaluated"
"428","CoopBreed","Syll.song.final",0.273381290192001,0.0905802244334238,-285.572260063705,1.30085031006518,0.098938988346824,9.05802244334238e-06,-284.972409171672,1.30085296930771,3,"Optimization has converged.",428,"not evaluated"
"429","CoopBreed","Syll.song.final",0.94766657618712,0.0905802244334238,-285.572260063705,1.30085031006518,0.087551938660278,0.1210254032674,-285.570105934824,1.30084534796892,3,"Optimization has converged.",429,"not evaluated"
"430","CoopBreed","Syll.song.final",0.16128325043554,0.0905802244334238,-285.572260063705,1.30085031006518,0.0983016217876835,9.05802244334238e-06,-284.59118358419,1.30085047676388,3,"Optimization has converged.",430,"not evaluated"
"431","CoopBreed","Syll.song.final",0.102035090336207,0.0905802244334238,-285.572260063705,1.30085031006518,0.0161394259441973,0.832900911512418,-284.235538697121,1.30085117509943,3,"Optimization has converged.",431,"not evaluated"
"432","CoopBreed","Syll.song.final",0.374817008580944,0.0905802244334238,-285.572260063705,1.30085031006518,0.0990532238853723,9.05802244334238e-06,-285.178443882473,1.30091595953396,3,"Optimization has converged.",432,"not evaluated"
"433","CoopBreed","Syll.song.final",0.429115525598457,0.0905802244334238,-285.572260063705,1.30085031006518,0.0994194593830765,9.05802244334238e-06,-285.25965200894,1.30067099548331,3,"Optimization has converged.",433,"not evaluated"
"434","CoopBreed","Syll.song.final",0.333350218904346,0.0905802244334238,-285.572260063705,1.30085031006518,0.0991208964205389,9.05802244334238e-06,-285.104340509743,1.30084887648343,3,"Optimization has converged.",434,"not evaluated"
"435","CoopBreed","Syll.song.final",3.43038704986751e-07,0.0905802244334238,-285.572260063705,1.30085031006518,9.05802244334238e-06,0.881783359344662,-272.576833253816,1.30084983836701,3,"Optimization has converged.",435,"not evaluated"
"436","CoopBreed","Syll.song.final",0.655569639042062,0.0905802244334238,-285.572260063705,1.30085031006518,0.0992310455545897,9.05802244334238e-06,-285.472785017467,1.30085006569917,3,"Optimization has converged.",436,"not evaluated"
"437","CoopBreed","Syll.song.final",0.368271038049109,0.0905802244334238,-285.572260063705,1.30085031006518,0.0991504361915485,9.05802244334238e-06,-285.167515000731,1.3008496346127,3,"Optimization has converged.",437,"not evaluated"
"438","CoopBreed","Syll.song.final",0.249982450816126,0.0905802244334238,-285.572260063705,1.30085031006518,0.0987472873106761,9.05802244334238e-06,-284.91055917901,1.30084869710704,3,"Optimization has converged.",438,"not evaluated"
"439","CoopBreed","Syll.song.final",0.489539370191328,0.0905802244334238,-285.572260063705,1.30085031006518,0.0991360735066665,9.05802244334238e-06,-285.333490785816,1.30084869600093,3,"Optimization has converged.",439,"not evaluated"
"440","CoopBreed","Syll.song.final",0.37579942869237,0.0905802244334238,-285.572260063705,1.30085031006518,0.0480942756201762,0.505036926858057,-285.18006104359,1.30086640482082,3,"Optimization may not have converged.  Consider increasing maxit.",440,"not evaluated"
"441","CoopBreed","Syll.song.final",0.34751788890623,0.0905802244334238,-285.572260063705,1.30085031006518,0.098901959418013,9.05802244334238e-06,-285.131010111656,1.30085389135074,3,"Optimization has converged.",441,"not evaluated"
"442","CoopBreed","Syll.song.final",0.357010822678958,0.0905802244334238,-285.572260063705,1.30085031006518,0.0990001888654791,9.05802244334238e-06,-285.148069694043,1.30084232687339,3,"Optimization has converged.",442,"not evaluated"
"443","CoopBreed","Syll.song.final",0.752973348043357,0.0905802244334238,-285.572260063705,1.30085031006518,0.0994453308885607,9.05802244334238e-06,-285.522735347538,1.30085033069723,3,"Optimization has converged.",443,"not evaluated"
"444","CoopBreed","Syll.song.final",0.0332248026344254,0.0905802244334238,-285.572260063705,1.30085031006518,0.0123346363011932,0.873168823740242,-283.305181183632,1.30085269410814,3,"Optimization has converged.",444,"not evaluated"
"445","CoopBreed","Syll.song.final",0.199388975764974,0.0905802244334238,-285.572260063705,1.30085031006518,0.0985649770067248,9.05802244334238e-06,-284.748837885364,1.30084932332638,3,"Optimization has converged.",445,"not evaluated"
"446","CoopBreed","Syll.song.final",0.298997120631058,0.0905802244334238,-285.572260063705,1.30085031006518,0.0989610806246324,9.05802244334238e-06,-285.03292917978,1.30085052346385,3,"Optimization has converged.",446,"not evaluated"
"447","CoopBreed","Syll.song.final",5.40337751551153e-06,0.0905802244334238,-285.572260063705,1.30085031006518,9.05802244334238e-06,0.912398384512298,-275.227907149142,1.30082675727115,3,"Optimization has converged.",447,"not evaluated"
"448","CoopBreed","Syll.song.final",0.20429750109702,0.0905802244334238,-285.572260063705,1.30085031006518,0.0988480425359605,9.05802244334238e-06,-284.766568553876,1.30085142119397,3,"Optimization has converged.",448,"not evaluated"
"449","CoopBreed","Syll.song.final",0.00357656884657172,0.0905802244334238,-285.572260063705,1.30085031006518,9.05802244334238e-06,0.955467187288227,-281.328667855691,1.30088535670539,3,"Optimization has converged.",449,"not evaluated"
"450","CoopBreed","Syll.song.final",0.133366694816072,0.0905802244334238,-285.572260063705,1.30085031006518,0.098317761748055,9.05802244334238e-06,-284.445824170051,1.30085090444669,3,"Optimization has converged.",450,"not evaluated"
"451","CoopBreed","Syll.song.final",0.379217692237813,0.0905802244334238,-285.572260063705,1.30085031006518,0.0992637119721415,9.05802244334238e-06,-285.185641843817,1.30075471635973,3,"Optimization has converged.",451,"not evaluated"
"452","CoopBreed","Syll.song.final",0.323956243972716,0.0905802244334238,-285.572260063705,1.30085031006518,0.0987854255894079,9.05802244334238e-06,-285.085806551474,1.30084984891407,3,"Optimization has converged.",452,"not evaluated"
"453","CoopBreed","Syll.song.final",0.595878437923156,0.0905802244334238,-285.572260063705,1.30085031006518,0.0778459746691364,0.216979884762125,-285.431631504262,1.30085230408186,3,"Optimization has converged.",453,"not evaluated"
"454","CoopBreed","Syll.song.final",0.0338672769911812,0.0905802244334238,-285.572260063705,1.30085031006518,0.0969306242675497,9.05802244334238e-06,-283.321564153618,1.30085154663605,3,"Optimization has converged.",454,"not evaluated"
"455","CoopBreed","Syll.song.final",0.166343337124134,0.0905802244334238,-285.572260063705,1.30085031006518,0.0985261647391666,9.05802244334238e-06,-284.614463729543,1.30084945665879,3,"Optimization has converged.",455,"not evaluated"
"456","CoopBreed","Syll.song.final",0.640185818305492,0.0905802244334238,-285.572260063705,1.30085031006518,0.0995178104340255,9.05802244334238e-06,-285.463010449772,1.30084859479866,3,"Optimization may not have converged.  Consider increasing maxit.",456,"not evaluated"
"457","CoopBreed","Syll.song.final",0.606100687923587,0.0905802244334238,-285.572260063705,1.30085031006518,0.0993212570977341,9.05802244334238e-06,-285.439313935501,1.30085247813053,3,"Optimization has converged.",457,"not evaluated"
"458","CoopBreed","Syll.song.final",0.345257308184336,0.0905802244334238,-285.572260063705,1.30085031006518,0.0989044100379473,9.05802244334238e-06,-285.126853970864,1.30084895392087,3,"Optimization has converged.",458,"not evaluated"
"459","CoopBreed","Syll.song.final",0.433434571275062,0.0905802244334238,-285.572260063705,1.30085031006518,9.05802244334238e-06,1.0148093940545,-285.265458747935,1.3008158105841,3,"Optimization has converged.",459,"not evaluated"
"460","CoopBreed","Syll.song.final",0.0610979984218288,0.0905802244334238,-285.572260063705,1.30085031006518,9.05802244334238e-06,1.01101110038198,-283.818597127816,1.30093655961689,3,"Optimization has converged.",460,"not evaluated"
"461","CoopBreed","Syll.song.final",0.239446951159544,0.0905802244334238,-285.572260063705,1.30085031006518,0.0988021594957102,9.05802244334238e-06,-284.880336571002,1.30085136391598,3,"Optimization has converged.",461,"not evaluated"
"462","CoopBreed","Syll.song.final",0.435801240036422,0.0905802244334238,-285.572260063705,1.30085031006518,0.0992897000189324,9.05802244334238e-06,-285.268603470407,1.30086544680402,3,"Optimization has converged.",462,"not evaluated"
"463","CoopBreed","Syll.song.final",0.141024889334805,0.0905802244334238,-285.572260063705,1.30085031006518,0.0984410369157734,9.05802244334238e-06,-284.488889931591,1.30085111385162,3,"Optimization has converged.",463,"not evaluated"
"464","CoopBreed","Syll.song.final",0.0116543142882945,0.0905802244334238,-285.572260063705,1.30085031006518,0.00991209533377928,0.881724676610103,-282.390903055499,1.30084911000159,3,"Optimization has converged.",464,"not evaluated"
"465","CoopBreed","Syll.song.final",0.163094573924092,0.0905802244334238,-285.572260063705,1.30085031006518,0.0982341240590561,9.0580224433312e-06,-284.599611690554,1.30085120822734,3,"Optimization has converged.",465,"not evaluated"
"466","CoopBreed","Syll.song.final",0.00812062587647242,0.0905802244334238,-285.572260063705,1.30085031006518,9.05802244334238e-06,0.963607883015112,-282.068921456787,1.30083757413408,3,"Optimization has converged.",466,"not evaluated"
"467","CoopBreed","Syll.song.final",0.817700822016069,0.0905802244334238,-285.572260063705,1.30085031006518,0.0995109138518817,9.05802244334238e-06,-285.545694214398,1.30084802018185,3,"Optimization has converged.",467,"not evaluated"
"468","CoopBreed","Syll.song.final",0.0716633525975041,0.0905802244334238,-285.572260063705,1.30085031006518,9.05802244334238e-06,0.979042010197339,-283.950007771385,1.30086008229225,3,"Optimization has converged.",468,"not evaluated"
"469","CoopBreed","Syll.song.final",0.249146604574642,0.0905802244334238,-285.572260063705,1.30085031006518,0.0987718062517444,9.05802244334238e-06,-284.90821874329,1.30085104535346,3,"Optimization has converged.",469,"not evaluated"
"470","CoopBreed","Syll.song.final",0.952942916170363,0.0905802244334238,-285.572260063705,1.30085031006518,0.0887730380075063,0.108328721286046,-285.570518882751,1.30085288989686,3,"Optimization has converged.",470,"not evaluated"
"471","CoopBreed","Syll.song.final",0.130005011239653,0.0905802244334238,-285.572260063705,1.30085031006518,0.0979588224160314,9.05802244334238e-06,-284.426037720681,1.30085047006403,3,"Optimization has converged.",471,"not evaluated"
"472","CoopBreed","Syll.song.final",0.284964064161631,0.0905802244334238,-285.572260063705,1.30085031006518,0.0988637752406146,9.05802244334238e-06,-285.000628968616,1.30084674682603,3,"Optimization has converged.",472,"not evaluated"
"473","CoopBreed","Syll.song.final",0.590320318150638,0.0905802244334238,-285.572260063705,1.30085031006518,0.0517100442099811,0.489094748797014,-285.42733790933,1.28948103020671,3,"Optimization has converged.",473,"not evaluated"
"474","CoopBreed","Syll.song.final",0.52686738518914,0.0905802244334238,-285.572260063705,1.30085031006518,0.0994374422259698,9.05802244334238e-06,-285.372045174815,1.30085545369854,3,"Optimization has converged.",474,"not evaluated"
"475","CoopBreed","Syll.song.final",0.222367718934612,0.0905802244334238,-285.572260063705,1.30085031006518,0.0987017570514245,9.05802244334238e-06,-284.827747308385,1.300851728535,3,"Optimization has converged.",475,"not evaluated"
"476","CoopBreed","Syll.song.final",0.117985221958625,0.0905802244334238,-285.572260063705,1.30085031006518,9.05802244334238e-06,1.00001747216741,-284.350327721576,1.3008141616886,3,"Optimization has converged.",476,"not evaluated"
"477","CoopBreed","Syll.song.final",0.000149987458476928,0.0905802244334238,-285.572260063705,1.30085031006518,9.05802244334238e-06,0.936804140927467,-278.386077563256,1.30086021998249,3,"Optimization has converged.",477,"not evaluated"
"478","CoopBreed","Syll.song.final",0.608086950783116,0.0905802244334238,-285.572260063705,1.30085031006518,0.0995227612386769,9.05802244334238e-06,-285.440775007137,1.3008511296905,3,"Optimization has converged.",478,"not evaluated"
"479","CoopBreed","Syll.song.final",0.000553351408971787,0.0905802244334238,-285.572260063705,1.30085031006518,9.05802244334238e-06,0.952424328984711,-279.608910599702,1.3008415019514,3,"Optimization has converged.",479,"not evaluated"
"480","CoopBreed","Syll.song.final",0.0447927558258092,0.0905802244334238,-285.572260063705,1.30085031006518,0.0439858258489472,0.545486671817297,-283.559047406811,1.30088701487303,3,"Optimization has converged.",480,"not evaluated"
"481","CoopBreed","Syll.song.final",0.386780134496513,0.0905802244334238,-285.572260063705,1.30085031006518,0.0991672467954917,9.05802244334238e-06,-285.197739735193,1.3006615937431,3,"Optimization has converged.",481,"not evaluated"
"482","CoopBreed","Syll.song.final",0.484618997302362,0.0905802244334238,-285.572260063705,1.30085031006518,0.0989429365361027,9.05802244334238e-06,-285.328034457062,1.30085081965359,3,"Optimization has converged.",482,"not evaluated"
"483","CoopBreed","Syll.song.final",0.00991371077552271,0.0905802244334238,-285.572260063705,1.30085031006518,9.05802244334238e-06,0.979542543829659,-282.247091884817,1.30088028549631,3,"Optimization has converged.",483,"not evaluated"
"484","CoopBreed","Syll.song.final",0.449293504892017,0.0905802244334238,-285.572260063705,1.30085031006518,0.0994033578872391,9.05802244334238e-06,-285.286043287639,1.30075809600244,3,"Optimization has converged.",484,"not evaluated"
"485","CoopBreed","Syll.song.final",0.555887258617553,0.0905802244334238,-285.572260063705,1.30085031006518,0.0613350102579126,0.386568585707847,-285.39882237825,1.3008519863645,3,"Optimization has converged.",485,"not evaluated"
"486","CoopBreed","Syll.song.final",0.177000476506772,0.0905802244334238,-285.572260063705,1.30085031006518,0.0235689721968008,0.746904662114904,-284.660944799269,1.30086705417474,3,"Optimization may not have converged.  Consider increasing maxit.",486,"not evaluated"
"487","CoopBreed","Syll.song.final",0.451966040567167,0.0905802244334238,-285.572260063705,1.30085031006518,0.0991501897286639,9.05802244334238e-06,-285.289401734801,1.30085268221654,3,"Optimization has converged.",487,"not evaluated"
"488","CoopBreed","Syll.song.final",0.0969608446238245,0.0905802244334238,-285.572260063705,1.30085031006518,0.098056676689848,9.05802244334238e-06,-284.194842773551,1.30085099895568,3,"Optimization has converged.",488,"not evaluated"
"489","CoopBreed","Syll.song.final",0.717719582388591,0.0905802244334238,-285.572260063705,1.30085031006518,0.0994819673812779,9.05802244334238e-06,-285.506915977377,1.30085010464728,3,"Optimization has converged.",489,"not evaluated"
"490","CoopBreed","Syll.song.final",0.773780220401114,0.0905802244334238,-285.572260063705,1.30085031006518,0.0993547472842097,9.05802244334238e-06,-285.53095098271,1.30084863932258,3,"Optimization has converged.",490,"not evaluated"
"491","CoopBreed","Syll.song.final",0.635895506418419,0.0905802244334238,-285.572260063705,1.30085031006518,0.0994195171341068,9.05802244334238e-06,-285.460184830325,1.30085137561504,3,"Optimization has converged.",491,"not evaluated"
"492","CoopBreed","Syll.song.final",1.5359040313989e-06,0.0905802244334238,-285.572260063705,1.30085031006518,9.05802244334238e-06,0.870668751028502,-274.021007141337,1.30090995492476,3,"Optimization has converged.",492,"not evaluated"
"493","CoopBreed","Syll.song.final",0.00970148458909872,0.0905802244334238,-285.572260063705,1.30085031006518,9.05802244334238e-06,0.978511216772076,-282.227808208049,1.30087496794078,3,"Optimization has converged.",493,"not evaluated"
"494","CoopBreed","Syll.song.final",0.00208997486078872,0.0905802244334238,-285.572260063705,1.30085031006518,0.0166368580930228,0.778833298051281,-280.837866393317,1.30079848901669,3,"Optimization has converged.",494,"not evaluated"
"495","CoopBreed","Syll.song.final",0.532668732502314,0.0905802244334238,-285.572260063705,1.30085031006518,0.0994067816436307,9.05802244334238e-06,-285.377611157598,1.30085066798574,3,"Optimization has converged.",495,"not evaluated"
"496","CoopBreed","Syll.song.final",5.03752560503362e-05,0.0905802244334238,-285.572260063705,1.30085031006518,9.05802244334238e-06,0.92348535814457,-277.35529214451,1.30088936637106,3,"Optimization has converged.",496,"not evaluated"
"497","CoopBreed","Syll.song.final",0.106551126929045,0.0905802244334238,-285.572260063705,1.30085031006518,0.0981748154843116,9.05802244334238e-06,-284.269938398609,1.30084994573994,3,"Optimization has converged.",497,"not evaluated"
"498","CoopBreed","Syll.song.final",0.229229157092613,0.0905802244334238,-285.572260063705,1.30085031006518,0.0989018534423503,9.05802244334238e-06,-284.849441042294,1.30084895599549,3,"Optimization may not have converged.  Consider increasing maxit.",498,"not evaluated"
"499","CoopBreed","Syll.song.final",0.0109336639721363,0.0905802244334238,-285.572260063705,1.30085031006518,9.05802244334238e-06,0.986821645852515,-282.334226438476,1.30093072321109,3,"Optimization has converged.",499,"not evaluated"
"500","CoopBreed","Syll.song.final",0.15683870220482,0.0905802244334238,-285.572260063705,1.30085031006518,0.0985740292980483,9.05802244334238e-06,-284.570037638606,1.30084905359494,3,"Optimization has converged.",500,"not evaluated"
