"","DiscreteTrait","ContinuousTrait","Pval","ERRate","ERloglik","ERace","ARDRate0","ARDRate1","ARDloglik","ARDace","k2","convergence","simmapnumber","phylanovaP"
"1","CoopBreed","Interval.final",0.17758148304335,0.0477891583414541,-168.168865513098,1.01736759219771,0.0494571884606229,4.77891583414541e-06,-167.259991138112,1.01736448877869,3,"Optimization has converged.",1,0.528
"2","CoopBreed","Interval.final",0.0058850191818194,0.0477891583414541,-168.168865513098,1.01736759219771,0.0358852310618843,0.238244707752644,-164.376277113394,1.03843111819639,3,"Optimization has converged.",2,0.528
"3","CoopBreed","Interval.final",0.0569850078038992,0.0477891583414541,-168.168865513098,1.01736759219771,0.0365039231662663,0.271045448816924,-166.357350634416,1.01735667272804,3,"Optimization has converged.",3,0.528
"4","CoopBreed","Interval.final",0.394653724826773,0.0477891583414541,-168.168865513098,1.01736759219771,0.0501241248711585,4.77891583414541e-06,-167.806587838199,1.01736320936574,3,"Optimization has converged.",4,0.528
"5","CoopBreed","Interval.final",0.512762391402078,0.0477891583414541,-168.168865513098,1.01736759219771,0.0495190641228613,4.77891583414541e-06,-167.954652607601,1.01737353576591,3,"Optimization has converged.",5,0.528
"6","CoopBreed","Interval.final",0.236983641479232,0.0477891583414541,-168.168865513098,1.01736759219771,0.0425797446931105,0.144799777212766,-167.469641640049,1.01728906855512,3,"Optimization has converged.",6,0.528
"7","CoopBreed","Interval.final",0.000489977100673561,0.0477891583414541,-168.168865513098,1.01736759219771,0.0334401200703039,0.300717395113119,-162.092151252346,1.0166074667346,3,"Optimization has converged.",7,0.528
"8","CoopBreed","Interval.final",0.165431053782261,0.0477891583414541,-168.168865513098,1.01736759219771,0.0375673809544847,0.226273125520655,-167.206932300129,1.01736365581055,3,"Optimization has converged.",8,0.528
"9","CoopBreed","Interval.final",0.00164992276049013,0.0477891583414541,-168.168865513098,1.01736759219771,0.0357333328518815,0.227571391451499,-163.217269137403,1.01718732287739,3,"Optimization has converged.",9,0.528
"10","CoopBreed","Interval.final",0.132754637306023,0.0477891583414541,-168.168865513098,1.01736759219771,0.0492965543405813,4.77891583414541e-06,-167.038868874414,1.01736545267208,3,"Optimization has converged.",10,0.528
"11","CoopBreed","Interval.final",0.229469521109136,0.0477891583414541,-168.168865513098,1.01736759219771,0.0495323868962061,4.77891583414541e-06,-167.446792255763,1.01736710787595,3,"Optimization has converged.",11,0.528
"12","CoopBreed","Interval.final",0.00110131328679764,0.0477891583414541,-168.168865513098,1.01736759219771,0.0334423007584911,0.250589747252734,-162.844373008701,1.007242942351,3,"Optimization has converged.",12,0.528
"13","CoopBreed","Interval.final",0.52105614492306,0.0477891583414541,-168.168865513098,1.01736759219771,0.0420327319663037,0.191856557251256,-167.962964364288,1.01738284397551,3,"Optimization has converged.",13,0.528
"14","CoopBreed","Interval.final",0.000643284478131694,0.0477891583414541,-168.168865513098,1.01736759219771,0.0184632990967442,0.689295281292639,-162.345687849242,1.11387846995351,3,"Optimization has converged.",14,0.528
"15","CoopBreed","Interval.final",0.920352113724896,0.0477891583414541,-168.168865513098,1.01736759219771,0.048363660511148,0.0345780681759656,-168.163866494058,1.01736283334174,3,"Optimization has converged.",15,0.528
"16","CoopBreed","Interval.final",0.00464136804270737,0.0477891583414541,-168.168865513098,1.01736759219771,0.0317154018290006,0.309253582279761,-164.161798845486,0.960496331147944,3,"Optimization has converged.",16,0.528
"17","CoopBreed","Interval.final",0.0199017793388794,0.0477891583414541,-168.168865513098,1.01736759219771,0.0376143530250255,0.219259529392492,-165.458620752218,0.973190445550304,3,"Optimization has converged.",17,0.528
"18","CoopBreed","Interval.final",0.13700328321874,0.0477891583414541,-168.168865513098,1.01736759219771,0.0341234458376478,0.334215122506311,-167.063216107172,0.942719344143448,3,"Optimization has converged.",18,0.528
"19","CoopBreed","Interval.final",0.238250513138145,0.0477891583414541,-168.168865513098,1.01736759219771,0.0495191124168559,4.77891583414541e-06,-167.473407640694,1.017364250137,3,"Optimization has converged.",19,0.528
"20","CoopBreed","Interval.final",0.0519847354407329,0.0477891583414541,-168.168865513098,1.01736759219771,0.0345900335632584,0.325534757385926,-166.280735534938,1.01737712081886,3,"Optimization has converged.",20,0.528
"21","CoopBreed","Interval.final",0.067524153365562,0.0477891583414541,-168.168865513098,1.01736759219771,0.0358439825775796,0.299051439091239,-166.497764096586,1.01735768439156,3,"Optimization has converged.",21,0.528
"22","CoopBreed","Interval.final",0.55165562809896,0.0477891583414541,-168.168865513098,1.01736759219771,0.0425284658082368,0.169957588803044,-167.991685755414,1.01736967815727,3,"Optimization has converged.",22,0.528
"23","CoopBreed","Interval.final",4.9352846899719e-05,0.0477891583414541,-168.168865513098,1.01736759219771,0.0313288066179498,0.296368442467908,-159.932461513013,1.01735221369498,3,"Optimization has converged.",23,0.528
"24","CoopBreed","Interval.final",0.0992115806058862,0.0477891583414541,-168.168865513098,1.01736759219771,0.0384247825018817,0.226776673559207,-166.809779539209,1.01745724352426,3,"Optimization has converged.",24,0.528
"25","CoopBreed","Interval.final",0.023385865656472,0.0477891583414541,-168.168865513098,1.01736759219771,0.0237560926271326,0.524380149876296,-165.599059194478,1.01734600209074,3,"Optimization has converged.",25,0.528
"26","CoopBreed","Interval.final",0.206454971876493,0.0477891583414541,-168.168865513098,1.01736759219771,0.049404126220014,4.77891583414541e-06,-167.370809173497,1.01736920146835,3,"Optimization has converged.",26,0.528
"27","CoopBreed","Interval.final",0.403067156579971,0.0477891583414541,-168.168865513098,1.01736759219771,0.0435179712110078,0.143283041722118,-167.81928709794,1.00901904914965,3,"Optimization has converged.",27,0.528
"28","CoopBreed","Interval.final",0.999010669179075,0.0477891583414541,-168.168865513098,1.01736759219771,0.0477971390734106,0.0477867550138127,-168.168864744369,1.01736759218918,3,"Optimization has converged.",28,0.528
"29","CoopBreed","Interval.final",0.123443531087922,0.0477891583414541,-168.168865513098,1.01736759219771,0.0367716544575465,0.267843135928252,-166.982327063475,1.01737298242384,3,"Optimization has converged.",29,0.528
"30","CoopBreed","Interval.final",0.882968391105552,0.0477891583414541,-168.168865513098,1.01736759219771,0.0488837490372336,0.0275283645454087,-168.158030517075,1.01738773187381,3,"Optimization has converged.",30,0.528
"31","CoopBreed","Interval.final",0.326642873494115,0.0477891583414541,-168.168865513098,1.01736759219771,0.0498969593756751,4.77891583414541e-06,-167.687784731054,1.01736422864761,3,"Optimization has converged.",31,0.528
"32","CoopBreed","Interval.final",0.0969663575018389,0.0477891583414541,-168.168865513098,1.01736759219771,0.0395647828661906,0.221479667022699,-166.791493687961,1.01752886275176,3,"Optimization has converged.",32,0.528
"33","CoopBreed","Interval.final",0.394020448140344,0.0477891583414541,-168.168865513098,1.01736759219771,0.0496355302957541,4.77891583414541e-06,-167.805616151469,1.01737111570916,3,"Optimization has converged.",33,0.528
"34","CoopBreed","Interval.final",0.696031305173189,0.0477891583414541,-168.168865513098,1.01736759219771,0.0503314460857155,4.77891583414541e-06,-168.092548771901,1.01738479737315,3,"Optimization has converged.",34,0.528
"35","CoopBreed","Interval.final",0.204328371588305,0.0477891583414541,-168.168865513098,1.01736759219771,0.0494237080628218,4.77891583414541e-06,-167.363283921965,1.01736881977815,3,"Optimization has converged.",35,0.528
"36","CoopBreed","Interval.final",0.0347796567074517,0.0477891583414541,-168.168865513098,1.01736759219771,0.0370921102535679,0.278484750366309,-165.940885381589,0.937360148947458,3,"Optimization may not have converged.  Consider increasing maxit.",36,0.528
"37","CoopBreed","Interval.final",0.941629094145339,0.0477891583414541,-168.168865513098,1.01736759219771,0.0481892056735908,0.0404989577945999,-168.1661847488,1.01736797405227,3,"Optimization has converged.",37,0.528
"38","CoopBreed","Interval.final",0.389970208085362,0.0477891583414541,-168.168865513098,1.01736759219771,0.0499183919818491,4.77891583414541e-06,-167.799348060841,1.01736985898489,3,"Optimization has converged.",38,0.528
"39","CoopBreed","Interval.final",0.0642769766301857,0.0477891583414541,-168.168865513098,1.01736759219771,0.0389946304147667,0.217294647570933,-166.457145932684,1.01769712285458,3,"Optimization has converged.",39,0.528
"40","CoopBreed","Interval.final",0.0355959192571609,0.0477891583414541,-168.168865513098,1.01736759219771,0.0328801680503423,0.344368771523401,-165.960686139257,1.01736380265738,3,"Optimization has converged.",40,0.528
"41","CoopBreed","Interval.final",0.0223512080773981,0.0477891583414541,-168.168865513098,1.01736759219771,0.0335880595508696,0.325623664914224,-165.559747329636,1.01737500169634,3,"Optimization has converged.",41,0.528
"42","CoopBreed","Interval.final",0.00391091305874309,0.0477891583414541,-168.168865513098,1.01736759219771,0.0332636651350455,0.297724792398782,-164.006504690595,1.01735792443812,3,"Optimization has converged.",42,0.528
"43","CoopBreed","Interval.final",0.00348545475354663,0.0477891583414541,-168.168865513098,1.01736759219771,0.031128916585935,0.388885377688663,-163.901794198081,1.01734266418337,3,"Optimization has converged.",43,0.528
"44","CoopBreed","Interval.final",0.0983448087250591,0.0477891583414541,-168.168865513098,1.01736759219771,0.0419440245840083,0.150327953298906,-166.802774268173,1.01745931719558,3,"Optimization has converged.",44,0.528
"45","CoopBreed","Interval.final",0.291244175173025,0.0477891583414541,-168.168865513098,1.01736759219771,0.0497897095189806,4.77891583414541e-06,-167.611934978411,1.01736877724184,3,"Optimization has converged.",45,0.528
"46","CoopBreed","Interval.final",0.000175445539910892,0.0477891583414541,-168.168865513098,1.01736759219771,0.0243491807139909,0.443505682572878,-161.130199683904,0.961173478467598,3,"Optimization has converged.",46,0.528
"47","CoopBreed","Interval.final",0.329386665216813,0.0477891583414541,-168.168865513098,1.01736759219771,0.0494986212623128,4.77891583414541e-06,-167.693211679701,1.01736993943945,3,"Optimization has converged.",47,0.528
"48","CoopBreed","Interval.final",4.86042668155394e-05,0.0477891583414541,-168.168865513098,1.01736759219771,0.0335100307065101,0.264603974404133,-159.917972470042,1.01737411973352,3,"Optimization has converged.",48,0.528
"49","CoopBreed","Interval.final",0.502910615600093,0.0477891583414541,-168.168865513098,1.01736759219771,0.0449166649801934,0.105559180967544,-167.944471028833,1.0173667652885,3,"Optimization has converged.",49,0.528
"50","CoopBreed","Interval.final",0.0517180900128029,0.0477891583414541,-168.168865513098,1.01736759219771,0.0359468093618448,0.267065943894921,-166.276433138908,1.01737875860801,3,"Optimization has converged.",50,0.528
"51","CoopBreed","Interval.final",0.365051485878601,0.0477891583414541,-168.168865513098,1.01736759219771,0.0419581576031067,0.177550016531619,-167.758645400668,1.01736912741283,3,"Optimization has converged.",51,0.528
"52","CoopBreed","Interval.final",0.846875130010228,0.0477891583414541,-168.168865513098,1.01736759219771,0.0461212298231157,0.0818027441467252,-168.150220346357,1.01736821628392,3,"Optimization may not have converged.  Consider increasing maxit.",52,0.528
"53","CoopBreed","Interval.final",0.0777723850776623,0.0477891583414541,-168.168865513098,1.01736759219771,0.0374419247449432,0.257352423601783,-166.613440744505,1.01733834170933,3,"Optimization may not have converged.  Consider increasing maxit.",53,0.528
"54","CoopBreed","Interval.final",0.15941094842869,0.0477891583414541,-168.168865513098,1.01736759219771,0.041521826723693,0.184293577736656,-167.178963000306,1.0172936321529,3,"Optimization has converged.",54,0.528
"55","CoopBreed","Interval.final",0.205901343881944,0.0477891583414541,-168.168865513098,1.01736759219771,0.0493455775415291,4.77891583414541e-06,-167.368858926407,1.01737023116053,3,"Optimization has converged.",55,0.528
"56","CoopBreed","Interval.final",0.620361072592444,0.0477891583414541,-168.168865513098,1.01736759219771,0.0497456673339378,4.77891583414541e-06,-168.046185309816,1.01730481954403,3,"Optimization has converged.",56,0.528
"57","CoopBreed","Interval.final",0.000752269874034179,0.0477891583414541,-168.168865513098,1.01736759219771,0.028877346173333,0.382739054146236,-162.491141690253,1.01732659621912,3,"Optimization may not have converged.  Consider increasing maxit.",57,0.528
"58","CoopBreed","Interval.final",0.000150625841112851,0.0477891583414541,-168.168865513098,1.01736759219771,0.034766945768382,0.205594102167336,-160.986681498053,1.01738752814865,3,"Optimization has converged.",58,0.528
"59","CoopBreed","Interval.final",0.608085764616954,0.0477891583414541,-168.168865513098,1.01736759219771,0.0459943969035989,0.0814515322636424,-168.037379587044,1.01736755047253,3,"Optimization has converged.",59,0.528
"60","CoopBreed","Interval.final",0.737814746259715,0.0477891583414541,-168.168865513098,1.01736759219771,0.0500652505460112,4.77891583414541e-06,-168.112837204677,1.01737014605199,3,"Optimization has converged.",60,0.528
"61","CoopBreed","Interval.final",0.763257244852526,0.0477891583414541,-168.168865513098,1.01736759219771,0.0459986215777026,0.0860349672412341,-168.123502918737,1.01736806356099,3,"Optimization has converged.",61,0.528
"62","CoopBreed","Interval.final",0.0598717708224777,0.0477891583414541,-168.168865513098,1.01736759219771,0.0384793810702296,0.209345636514804,-166.398398962883,1.01770656244848,3,"Optimization has converged.",62,0.528
"63","CoopBreed","Interval.final",0.287693859498948,0.0477891583414541,-168.168865513098,1.01736759219771,0.0372272876985126,0.293764407793752,-167.603674483141,1.01734175471618,3,"Optimization has converged.",63,0.528
"64","CoopBreed","Interval.final",0.272062134796668,0.0477891583414541,-168.168865513098,1.01736759219771,0.0496346024904541,4.77891583414541e-06,-167.565705442045,1.01736635382188,3,"Optimization has converged.",64,0.528
"65","CoopBreed","Interval.final",0.0680711896650088,0.0477891583414541,-168.168865513098,1.01736759219771,0.0400121743683575,0.189692976280661,-166.504401042604,1.01735981596282,3,"Optimization has converged.",65,0.528
"66","CoopBreed","Interval.final",0.27904823589492,0.0477891583414541,-168.168865513098,1.01736759219771,0.0494902215886844,4.77891583414541e-06,-167.583005823576,1.01736713590643,3,"Optimization has converged.",66,0.528
"67","CoopBreed","Interval.final",0.486776832155478,0.0477891583414541,-168.168865513098,1.01736759219771,0.0497345328301034,4.77891583414541e-06,-167.927044043541,1.01736682638737,3,"Optimization has converged.",67,0.528
"68","CoopBreed","Interval.final",0.000896173508772861,0.0477891583414541,-168.168865513098,1.01736759219771,0.0338093323675541,0.263885847959245,-162.653536703652,1.01744510500193,3,"Optimization has converged.",68,0.528
"69","CoopBreed","Interval.final",1.16306848620531e-05,0.0477891583414541,-168.168865513098,1.01736759219771,0.021625507474667,0.499012523497915,-158.557391667915,1.01737043962841,3,"Optimization may not have converged.  Consider increasing maxit.",69,0.528
"70","CoopBreed","Interval.final",0.374366068675008,0.0477891583414541,-168.168865513098,1.01736759219771,0.0500386061256863,4.77891583414541e-06,-167.774305046956,1.01736170927866,3,"Optimization has converged.",70,0.528
"71","CoopBreed","Interval.final",0.00240540496045013,0.0477891583414541,-168.168865513098,1.01736759219771,0.0379905225381038,0.203073966169014,-163.563271314002,1.01759055147644,3,"Optimization has converged.",71,0.528
"72","CoopBreed","Interval.final",0.00122920635303064,0.0477891583414541,-168.168865513098,1.01736759219771,0.029237107217681,0.382299311300964,-162.945905272412,1.04419859255174,3,"Optimization has converged.",72,0.528
"73","CoopBreed","Interval.final",0.224309780409992,0.0477891583414541,-168.168865513098,1.01736759219771,0.0496842180862256,4.77891583414541e-06,-167.430573600568,1.01736834267567,3,"Optimization has converged.",73,0.528
"74","CoopBreed","Interval.final",0.00045435814739512,0.0477891583414541,-168.168865513098,1.01736759219771,0.0330203017621703,0.321780821825802,-162.021745097567,0.96650968193723,3,"Optimization has converged.",74,0.528
"75","CoopBreed","Interval.final",0.0295280979659605,0.0477891583414541,-168.168865513098,1.01736759219771,0.0324423104204522,0.356240471821546,-165.800586679717,0.893538815139889,3,"Optimization has converged.",75,0.528
"76","CoopBreed","Interval.final",0.410931052319326,0.0477891583414541,-168.168865513098,1.01736759219771,0.0499016924259584,4.77891583414541e-06,-167.83081281606,1.01736784625826,3,"Optimization has converged.",76,0.528
"77","CoopBreed","Interval.final",0.102863095186831,0.0477891583414541,-168.168865513098,1.01736759219771,0.0292924884895313,0.473684761331332,-166.838574547802,1.01735840190872,3,"Optimization has converged.",77,0.528
"78","CoopBreed","Interval.final",0.0485690183534616,0.0477891583414541,-168.168865513098,1.01736759219771,0.0399840680564638,0.183280458437878,-166.223772063532,1.01731263829683,3,"Optimization has converged.",78,0.528
"79","CoopBreed","Interval.final",0.798473136099175,0.0477891583414541,-168.168865513098,1.01736759219771,0.0501563680456521,4.77891583414541e-06,-168.136270430313,1.01735275747825,3,"Optimization has converged.",79,0.528
"80","CoopBreed","Interval.final",0.15671336176022,0.0477891583414541,-168.168865513098,1.01736759219771,0.049446805000491,4.77891583414541e-06,-167.166036903025,1.01736398654248,3,"Optimization has converged.",80,0.528
"81","CoopBreed","Interval.final",0.13933604207767,0.0477891583414541,-168.168865513098,1.01736759219771,0.0419535302290011,0.15722300816199,-167.076227278293,1.03456827822872,3,"Optimization has converged.",81,0.528
"82","CoopBreed","Interval.final",0.0726363010445028,0.0477891583414541,-168.168865513098,1.01736759219771,0.038574149368261,0.204592681454649,-166.557656968174,1.01737325292265,3,"Optimization may not have converged.  Consider increasing maxit.",82,0.528
"83","CoopBreed","Interval.final",0.204727446657405,0.0477891583414541,-168.168865513098,1.01736759219771,0.0494401023101354,4.77891583414541e-06,-167.364703124181,1.01736795477137,3,"Optimization has converged.",83,0.528
"84","CoopBreed","Interval.final",5.09526249497526e-05,0.0477891583414541,-168.168865513098,1.01736759219771,0.0302516738358623,0.308288308187401,-159.962698925625,1.01674687155958,3,"Optimization has converged.",84,0.528
"85","CoopBreed","Interval.final",0.00367701493305075,0.0477891583414541,-168.168865513098,1.01736759219771,0.0390848277842666,0.172136229843647,-163.950462459912,1.01735808419162,3,"Optimization may not have converged.  Consider increasing maxit.",85,0.528
"86","CoopBreed","Interval.final",0.182228034025186,0.0477891583414541,-168.168865513098,1.01736759219771,0.0496074687625474,4.77891583414541e-06,-167.279185918595,1.0173644172585,3,"Optimization has converged.",86,0.528
"87","CoopBreed","Interval.final",0.148847777126753,0.0477891583414541,-168.168865513098,1.01736759219771,0.0493762499499365,4.77891583414541e-06,-167.126855810092,1.01736303104983,3,"Optimization has converged.",87,0.528
"88","CoopBreed","Interval.final",0.467818319721688,0.0477891583414541,-168.168865513098,1.01736759219771,0.0497922252373134,4.77891583414541e-06,-167.905303293002,1.01736709808318,3,"Optimization has converged.",88,0.528
"89","CoopBreed","Interval.final",0.00238508743571939,0.0477891583414541,-168.168865513098,1.01736759219771,0.0283526275829954,0.45160987240172,-163.555506331709,1.01735742958948,3,"Optimization has converged.",89,0.528
"90","CoopBreed","Interval.final",0.697056336928054,0.0477891583414541,-168.168865513098,1.01736759219771,0.0458134702597231,0.084311309576685,-168.093089373704,1.01736758397862,3,"Optimization has converged.",90,0.528
"91","CoopBreed","Interval.final",0.15105168572516,0.0477891583414541,-168.168865513098,1.01736759219771,0.0374589026454861,0.269847190180907,-167.138066485358,1.01736827542821,3,"Optimization has converged.",91,0.528
"92","CoopBreed","Interval.final",0.155501988084823,0.0477891583414541,-168.168865513098,1.01736759219771,0.0406144327307874,0.190251782417008,-167.160149788815,1.01729203005506,3,"Optimization has converged.",92,0.528
"93","CoopBreed","Interval.final",0.372979096102794,0.0477891583414541,-168.168865513098,1.01736759219771,0.0427670168178458,0.156286574630477,-167.772007924003,1.02462695950705,3,"Optimization has converged.",93,0.528
"94","CoopBreed","Interval.final",0.00132023625231846,0.0477891583414541,-168.168865513098,1.01736759219771,0.0325371199778718,0.303452840729357,-163.011857199386,1.11800607064232,3,"Optimization has converged.",94,0.528
"95","CoopBreed","Interval.final",0.00534964025532489,0.0477891583414541,-168.168865513098,1.01736759219771,0.0253490906323159,0.567061318917687,-164.290224462687,1.16975295189786,3,"Optimization has converged.",95,0.528
"96","CoopBreed","Interval.final",0.000511016606209406,0.0477891583414541,-168.168865513098,1.01736759219771,0.0287469797272849,0.365379251329281,-162.131350864919,0.908493346277036,3,"Optimization has converged.",96,0.528
"97","CoopBreed","Interval.final",0.00201709140017548,0.0477891583414541,-168.168865513098,1.01736759219771,0.0247953507217788,0.520812692848083,-163.401906908958,1.08368410216225,3,"Optimization has converged.",97,0.528
"98","CoopBreed","Interval.final",0.880477897016758,0.0477891583414541,-168.168865513098,1.01736759219771,0.049235996314163,0.0170291226157192,-168.157560933545,1.01751788348689,3,"Optimization has converged.",98,0.528
"99","CoopBreed","Interval.final",0.000229773243620142,0.0477891583414541,-168.168865513098,1.01736759219771,0.0278140314350246,0.384756128807434,-161.383636249658,1.09108403993587,3,"Optimization has converged.",99,0.528
"100","CoopBreed","Interval.final",0.0331143512083176,0.0477891583414541,-168.168865513098,1.01736759219771,0.0373204560670083,0.256230992622996,-165.898936832524,1.01743399558185,3,"Optimization may not have converged.  Consider increasing maxit.",100,0.528
"101","CoopBreed","Interval.final",0.894234096617066,0.0477891583414541,-168.168865513098,1.01736759219771,0.0492991009914939,0.0191299636141537,-168.160027859045,1.01736242052603,3,"Optimization has converged.",101,0.528
"102","CoopBreed","Interval.final",0.769970067954974,0.0477891583414541,-168.168865513098,1.01736759219771,0.0459149149800367,0.0882032824413573,-168.126112525106,1.01737180323887,3,"Optimization has converged.",102,0.528
"103","CoopBreed","Interval.final",0.856640852897421,0.0477891583414541,-168.168865513098,1.01736759219771,0.0486992500597454,0.0278087257480382,-168.152547967169,1.01735527744636,3,"Optimization has converged.",103,0.528
"104","CoopBreed","Interval.final",0.000333443853752571,0.0477891583414541,-168.168865513098,1.01736759219771,0.0279669650472332,0.402954945583994,-161.732609861869,1.11222886027604,3,"Optimization has converged.",104,0.528
"105","CoopBreed","Interval.final",0.00650443329559494,0.0477891583414541,-168.168865513098,1.01736759219771,0.0297900054056142,0.44806511044829,-164.466386107751,1.01736490529445,3,"Optimization has converged.",105,0.528
"106","CoopBreed","Interval.final",9.61279769107217e-06,0.0477891583414541,-168.168865513098,1.01736759219771,0.0255981100978433,0.392060056293185,-158.375434723045,1.01727521952925,3,"Optimization has converged.",106,0.528
"107","CoopBreed","Interval.final",0.429871707193032,0.0477891583414541,-168.168865513098,1.01736759219771,0.0499074923980037,4.77891583414541e-06,-167.857280485335,1.01737665021728,3,"Optimization may not have converged.  Consider increasing maxit.",107,0.528
"108","CoopBreed","Interval.final",0.0288066590338025,0.0477891583414541,-168.168865513098,1.01736759219771,0.0369352704657323,0.29168089721666,-165.779300161727,1.01742065744126,3,"Optimization has converged.",108,0.528
"109","CoopBreed","Interval.final",0.0671549141810236,0.0477891583414541,-168.168865513098,1.01736759219771,0.0388144927918228,0.228241759621389,-166.493251709058,1.01655298192273,3,"Optimization has converged.",109,0.528
"110","CoopBreed","Interval.final",3.88871336893041e-05,0.0477891583414541,-168.168865513098,1.01736759219771,0.0237212668312028,0.504681578979691,-159.706391686113,1.01734643924597,3,"Optimization has converged.",110,0.528
"111","CoopBreed","Interval.final",0.000463450813321661,0.0477891583414541,-168.168865513098,1.01736759219771,0.0363747935279166,0.185412155200698,-162.040234102835,1.01732599295747,3,"Optimization may not have converged.  Consider increasing maxit.",111,0.528
"112","CoopBreed","Interval.final",7.99837934964924e-05,0.0477891583414541,-168.168865513098,1.01736759219771,0.031027882304082,0.309242826594589,-160.389527980902,1.01757922489121,3,"Optimization has converged.",112,0.528
"113","CoopBreed","Interval.final",0.643455900581231,0.0477891583414541,-168.168865513098,1.01736759219771,0.0447360141141783,0.110456806811854,-168.061740128112,1.03094115051517,3,"Optimization may not have converged.  Consider increasing maxit.",113,0.528
"114","CoopBreed","Interval.final",0.0118470432981864,0.0477891583414541,-168.168865513098,1.01736759219771,0.036768364895498,0.214924370553677,-165.002056813433,1.01733947306781,3,"Optimization has converged.",114,0.528
"115","CoopBreed","Interval.final",0.000934452148590759,0.0477891583414541,-168.168865513098,1.01736759219771,0.0341182856077096,0.242093458735914,-162.692296392441,1.01717400713665,3,"Optimization has converged.",115,0.528
"116","CoopBreed","Interval.final",1.03886074880788e-05,0.0477891583414541,-168.168865513098,1.01736759219771,0.0231530721531896,0.485539897320723,-158.44956565064,0.969435755224496,3,"Optimization has converged.",116,0.528
"117","CoopBreed","Interval.final",0.0732801698754028,0.0477891583414541,-168.168865513098,1.01736759219771,0.0367876951220004,0.264503531121809,-166.564878512368,1.07831680590127,3,"Optimization may not have converged.  Consider increasing maxit.",117,0.528
"118","CoopBreed","Interval.final",0.00211794822494163,0.0477891583414541,-168.168865513098,1.01736759219771,0.0262993653071359,0.430877876104943,-163.446665720173,1.01732570600784,3,"Optimization has converged.",118,0.528
"119","CoopBreed","Interval.final",0.273518826720625,0.0477891583414541,-168.168865513098,1.01736759219771,0.0497549608772463,4.77891583414541e-06,-167.569358487395,1.01736719785159,3,"Optimization has converged.",119,0.528
"120","CoopBreed","Interval.final",0.00530270505405579,0.0477891583414541,-168.168865513098,1.01736759219771,0.0384631250083075,0.177230536573529,-164.282265890267,1.04493356618271,3,"Optimization has converged.",120,0.528
"121","CoopBreed","Interval.final",0.165239081236129,0.0477891583414541,-168.168865513098,1.01736759219771,0.0355764173405963,0.32861061590353,-167.206058449644,1.08370991292306,3,"Optimization has converged.",121,0.528
"122","CoopBreed","Interval.final",0.0578921052885817,0.0477891583414541,-168.168865513098,1.01736759219771,0.0396422897883224,0.187917189344506,-166.3704827618,1.01737255854333,3,"Optimization has converged.",122,0.528
"123","CoopBreed","Interval.final",3.56176606103305e-05,0.0477891583414541,-168.168865513098,1.01736759219771,0.0253845917613093,0.442381010809494,-159.62301647316,0.975648256814869,3,"Optimization has converged.",123,0.528
"124","CoopBreed","Interval.final",0.111158247873179,0.0477891583414541,-168.168865513098,1.01736759219771,0.0392651430050829,0.209604743404442,-166.900027214505,0.950294463086933,3,"Optimization has converged.",124,0.528
"125","CoopBreed","Interval.final",0.334668281518524,0.0477891583414541,-168.168865513098,1.01736759219771,0.0499710080150693,4.77891583414541e-06,-167.703490835958,1.01736519686888,3,"Optimization has converged.",125,0.528
"126","CoopBreed","Interval.final",0.0525285858037298,0.0477891583414541,-168.168865513098,1.01736759219771,0.0403087226221413,0.192856829798769,-166.289438784086,1.06942210340655,3,"Optimization has converged.",126,0.528
"127","CoopBreed","Interval.final",0.00668149767847359,0.0477891583414541,-168.168865513098,1.01736759219771,0.0354341419347511,0.271221087553522,-164.490537987373,1.06245737673152,3,"Optimization has converged.",127,0.528
"128","CoopBreed","Interval.final",0.045516454239629,0.0477891583414541,-168.168865513098,1.01736759219771,0.0376670460605955,0.222227974540905,-166.169165328246,1.01746478828236,3,"Optimization has converged.",128,0.528
"129","CoopBreed","Interval.final",0.692158359554872,0.0477891583414541,-168.168865513098,1.01736759219771,0.044508955589733,0.113530592428557,-168.09048613799,1.01736530692741,3,"Optimization has converged.",129,0.528
"130","CoopBreed","Interval.final",0.022446855120531,0.0477891583414541,-168.168865513098,1.01736759219771,0.0353098464503416,0.245694637135101,-165.563459756732,1.02095140120516,3,"Optimization has converged.",130,0.528
"131","CoopBreed","Interval.final",5.21849081581225e-05,0.0477891583414541,-168.168865513098,1.01736759219771,0.026718308059383,0.367983698237096,-159.985346426651,0.979087416423131,3,"Optimization has converged.",131,0.528
"132","CoopBreed","Interval.final",0.01175495790161,0.0477891583414541,-168.168865513098,1.01736759219771,0.0352386949109751,0.29509185280713,-164.995136227261,1.01739048770318,3,"Optimization has converged.",132,0.528
"133","CoopBreed","Interval.final",0.120814206394422,0.0477891583414541,-168.168865513098,1.01736759219771,0.0348516065125149,0.324828600348682,-166.965498627576,0.972990071303647,3,"Optimization has converged.",133,0.528
"134","CoopBreed","Interval.final",0.950661855936698,0.0477891583414541,-168.168865513098,1.01736759219771,0.048261320085503,0.0385645283065096,-168.166951214843,1.01738468415115,3,"Optimization has converged.",134,0.528
"135","CoopBreed","Interval.final",4.84695794294069e-05,0.0477891583414541,-168.168865513098,1.01736759219771,0.0252884719193556,0.445292064245736,-159.915341745436,1.13715957885909,3,"Optimization may not have converged.  Consider increasing maxit.",135,0.528
"136","CoopBreed","Interval.final",0.0253291827959184,0.0477891583414541,-168.168865513098,1.01736759219771,0.0358868363060336,0.292472964709262,-165.668246098825,1.01735679859223,3,"Optimization has converged.",136,0.528
"137","CoopBreed","Interval.final",0.244579131100673,0.0477891583414541,-168.168865513098,1.01736759219771,0.0495815076127565,4.77891583414541e-06,-167.491862884828,1.01736703650801,3,"Optimization has converged.",137,0.528
"138","CoopBreed","Interval.final",0.399390365609846,0.0477891583414541,-168.168865513098,1.01736759219771,0.0498263190029283,4.77891583414541e-06,-167.813785008019,1.01737826233415,3,"Optimization has converged.",138,0.528
"139","CoopBreed","Interval.final",0.222530820729202,0.0477891583414541,-168.168865513098,1.01736759219771,0.0494088100011606,4.77891583414541e-06,-167.424877706583,1.01736483642142,3,"Optimization has converged.",139,0.528
"140","CoopBreed","Interval.final",0.0228236322908566,0.0477891583414541,-168.168865513098,1.01736759219771,0.0375413700605747,0.238304964614673,-165.577926136315,1.01735164949147,3,"Optimization has converged.",140,0.528
"141","CoopBreed","Interval.final",0.352478895512449,0.0477891583414541,-168.168865513098,1.01736759219771,0.0500493546632427,4.77891583414541e-06,-167.736609122319,1.01736899724648,3,"Optimization has converged.",141,0.528
"142","CoopBreed","Interval.final",0.0527773276505636,0.0477891583414541,-168.168865513098,1.01736759219771,0.0338035873821254,0.362026890876304,-166.293387673026,1.01736415542645,3,"Optimization has converged.",142,0.528
"143","CoopBreed","Interval.final",0.799724044435435,0.0477891583414541,-168.168865513098,1.01736759219771,0.0495261682332607,0.00841989642441985,-168.136682587892,1.02072107955278,3,"Optimization has converged.",143,0.528
"144","CoopBreed","Interval.final",0.0116655835096608,0.0477891583414541,-168.168865513098,1.01736759219771,0.0303331261218397,0.388535799884512,-164.988365948109,1.01736587746624,3,"Optimization has converged.",144,0.528
"145","CoopBreed","Interval.final",0.61859253871128,0.0477891583414541,-168.168865513098,1.01736759219771,0.043539698238614,0.128430893059722,-168.044940156493,1.04579366975376,3,"Optimization has converged.",145,0.528
"146","CoopBreed","Interval.final",0.287595774768664,0.0477891583414541,-168.168865513098,1.01736759219771,0.0500988093876786,4.77891583414541e-06,-167.603444430378,1.01736844726909,3,"Optimization has converged.",146,0.528
"147","CoopBreed","Interval.final",1.15562396041961e-06,0.0477891583414541,-168.168865513098,1.01736759219771,0.020590748357707,0.47595841834595,-156.344002784758,0.979054063454445,3,"Optimization has converged.",147,0.528
"148","CoopBreed","Interval.final",3.21246837786204e-05,0.0477891583414541,-168.168865513098,1.01736759219771,0.0304352671346435,0.331111433958654,-159.524977603128,1.06795769377269,3,"Optimization has converged.",148,0.528
"149","CoopBreed","Interval.final",0.00152449503708014,0.0477891583414541,-168.168865513098,1.01736759219771,0.0329394165711937,0.306957296507695,-163.144479355521,1.01752997483652,3,"Optimization has converged.",149,0.528
"150","CoopBreed","Interval.final",0.177064866421536,0.0477891583414541,-168.168865513098,1.01736759219771,0.0415579923898979,0.150691238344459,-167.257821214893,1.03141886345708,3,"Optimization has converged.",150,0.528
"151","CoopBreed","Interval.final",0.468002877726918,0.0477891583414541,-168.168865513098,1.01736759219771,0.0376524800046726,0.2828219158236,-167.905521805118,0.998018796704881,3,"Optimization has converged.",151,0.528
"152","CoopBreed","Interval.final",0.00118786945978396,0.0477891583414541,-168.168865513098,1.01736759219771,0.0317156084349122,0.339290618829488,-162.91430656056,1.00351370070024,3,"Optimization may not have converged.  Consider increasing maxit.",152,0.528
"153","CoopBreed","Interval.final",0.142560463766646,0.0477891583414541,-168.168865513098,1.01736759219771,0.0401457724286728,0.184704435366683,-167.093814757873,0.996703818185494,3,"Optimization has converged.",153,0.528
"154","CoopBreed","Interval.final",0.195500599843646,0.0477891583414541,-168.168865513098,1.01736759219771,0.0495075784629196,4.77891583414541e-06,-167.331029752729,1.01736856981816,3,"Optimization has converged.",154,0.528
"155","CoopBreed","Interval.final",0.0278013991097489,0.0477891583414541,-168.168865513098,1.01736759219771,0.0364260085896841,0.239721762092714,-165.74869507758,1.01786399568585,3,"Optimization has converged.",155,0.528
"156","CoopBreed","Interval.final",0.121925519068949,0.0477891583414541,-168.168865513098,1.01736759219771,0.0395167187628324,0.211984472297246,-166.972660413714,1.01760037345189,3,"Optimization has converged.",156,0.528
"157","CoopBreed","Interval.final",0.642057316863219,0.0477891583414541,-168.168865513098,1.01736759219771,0.0457076003527697,0.0898664593402959,-168.06083471918,1.01736782168498,3,"Optimization may not have converged.  Consider increasing maxit.",157,0.528
"158","CoopBreed","Interval.final",0.452402331473134,0.0477891583414541,-168.168865513098,1.01736759219771,0.043672075805037,0.132237060410466,-167.886552504269,1.03907473567525,3,"Optimization has converged.",158,0.528
"159","CoopBreed","Interval.final",0.652324086421735,0.0477891583414541,-168.168865513098,1.01736759219771,0.0457919942424477,0.0951296330110375,-168.067374222026,1.01737256284009,3,"Optimization has converged.",159,0.528
"160","CoopBreed","Interval.final",0.000454097734209179,0.0477891583414541,-168.168865513098,1.01736759219771,0.0343211132331078,0.243302029042651,-162.021210090077,1.01733233244996,3,"Optimization has converged.",160,0.528
"161","CoopBreed","Interval.final",0.225320931444864,0.0477891583414541,-168.168865513098,1.01736759219771,0.0421858083499677,0.149712337788354,-167.433787035825,1.01728385966547,3,"Optimization has converged.",161,0.528
"162","CoopBreed","Interval.final",0.81154784385865,0.0477891583414541,-168.168865513098,1.01736759219771,0.0501640565193902,4.77891583414541e-06,-168.140441155126,1.01743083766225,3,"Optimization has converged.",162,0.528
"163","CoopBreed","Interval.final",0.411059760081601,0.0477891583414541,-168.168865513098,1.01736759219771,0.0497852531584678,4.77891583414541e-06,-167.83099876178,1.01736637666069,3,"Optimization has converged.",163,0.528
"164","CoopBreed","Interval.final",0.479452984370186,0.0477891583414541,-168.168865513098,1.01736759219771,0.0498678762518452,4.77891583414541e-06,-167.918811868874,1.01738258212806,3,"Optimization has converged.",164,0.528
"165","CoopBreed","Interval.final",0.00184270252963864,0.0477891583414541,-168.168865513098,1.01736759219771,0.0293873750951654,0.385991578104001,-163.318876688266,1.0173645756562,3,"Optimization has converged.",165,0.528
"166","CoopBreed","Interval.final",0.364520822648318,0.0477891583414541,-168.168865513098,1.01736759219771,0.0499972246235985,4.77891583414541e-06,-167.757736541918,1.01736328673726,3,"Optimization has converged.",166,0.528
"167","CoopBreed","Interval.final",0.630553559991103,0.0477891583414541,-168.168865513098,1.01736759219771,0.0500182327332653,4.77891583414541e-06,-168.053210093571,1.01734524739548,3,"Optimization has converged.",167,0.528
"168","CoopBreed","Interval.final",0.853016143447183,0.0477891583414541,-168.168865513098,1.01736759219771,0.0494602840608805,0.0119488771786731,-168.151702761194,1.01735643695128,3,"Optimization has converged.",168,0.528
"169","CoopBreed","Interval.final",0.00268111765418409,0.0477891583414541,-168.168865513098,1.01736759219771,0.0335853695368998,0.28620802068361,-163.662521326248,1.01736952262214,3,"Optimization has converged.",169,0.528
"170","CoopBreed","Interval.final",0.00645064149336975,0.0477891583414541,-168.168865513098,1.01736759219771,0.034357358130636,0.260647458524844,-164.458915713439,0.996432251010458,3,"Optimization has converged.",170,0.528
"171","CoopBreed","Interval.final",0.00309710280563241,0.0477891583414541,-168.168865513098,1.01736759219771,0.0331870257028467,0.273154575594633,-163.794184193299,1.00181396340493,3,"Optimization may not have converged.  Consider increasing maxit.",171,0.528
"172","CoopBreed","Interval.final",0.0152188428816692,0.0477891583414541,-168.168865513098,1.01736759219771,0.0385556641131143,0.181193770622137,-165.223387890946,1.01742380820403,3,"Optimization has converged.",172,0.528
"173","CoopBreed","Interval.final",0.00191817991141376,0.0477891583414541,-168.168865513098,1.01736759219771,0.0365059145057897,0.202574858294731,-163.355750741701,1.01724676380598,3,"Optimization has converged.",173,0.528
"174","CoopBreed","Interval.final",0.210257402866416,0.0477891583414541,-168.168865513098,1.01736759219771,0.0378674714190119,0.248642229272625,-167.384038975901,1.01736721584998,3,"Optimization has converged.",174,0.528
"175","CoopBreed","Interval.final",0.00234488146794111,0.0477891583414541,-168.168865513098,1.01736759219771,0.0313124701949026,0.363912812632079,-163.53994054291,1.02674546195934,3,"Optimization has converged.",175,0.528
"176","CoopBreed","Interval.final",0.0467613976006318,0.0477891583414541,-168.168865513098,1.01736759219771,0.0327186116023066,0.338452135762932,-166.191888985778,1.01738219725714,3,"Optimization has converged.",176,0.528
"177","CoopBreed","Interval.final",0.430746329121047,0.0477891583414541,-168.168865513098,1.01736759219771,0.0500038834338683,4.77891583414541e-06,-167.858460358206,1.01736921192186,3,"Optimization has converged.",177,0.528
"178","CoopBreed","Interval.final",0.128852841697081,0.0477891583414541,-168.168865513098,1.01736759219771,0.049003789524474,4.77891583414541e-06,-167.015730008352,1.01736368649354,3,"Optimization has converged.",178,0.528
"179","CoopBreed","Interval.final",0.00838784653894735,0.0477891583414541,-168.168865513098,1.01736759219771,0.039348854882796,0.193074336292331,-164.694497381548,1.01738900691027,3,"Optimization has converged.",179,0.528
"180","CoopBreed","Interval.final",0.00241306837318823,0.0477891583414541,-168.168865513098,1.01736759219771,0.0357588044172682,0.242570711498697,-163.566182856008,1.01733204539237,3,"Optimization has converged.",180,0.528
"181","CoopBreed","Interval.final",0.136167903008867,0.0477891583414541,-168.168865513098,1.01736759219771,0.049269499996831,4.77891583414541e-06,-167.058496214028,1.01737444234493,3,"Optimization has converged.",181,0.528
"182","CoopBreed","Interval.final",0.520762940567815,0.0477891583414541,-168.168865513098,1.01736759219771,0.043531471351177,0.135867366368571,-167.962674488341,1.01737881965991,3,"Optimization has converged.",182,0.528
"183","CoopBreed","Interval.final",0.0379783631767294,0.0477891583414541,-168.168865513098,1.01736759219771,0.0406283311884389,0.167169258858203,-166.015870039508,1.01743421115772,3,"Optimization has converged.",183,0.528
"184","CoopBreed","Interval.final",0.293774266748245,0.0477891583414541,-168.168865513098,1.01736759219771,0.0498696297576963,4.77891583414541e-06,-167.617743740735,1.01737104617172,3,"Optimization may not have converged.  Consider increasing maxit.",184,0.528
"185","CoopBreed","Interval.final",0.0126036310739957,0.0477891583414541,-168.168865513098,1.01736759219771,0.0334255434389955,0.336381019313715,-165.056909373083,0.97652052768282,3,"Optimization has converged.",185,0.528
"186","CoopBreed","Interval.final",0.178840792196642,0.0477891583414541,-168.168865513098,1.01736759219771,0.039406779977383,0.225394820471576,-167.265250168817,1.0173706164817,3,"Optimization has converged.",186,0.528
"187","CoopBreed","Interval.final",0.281784337544787,0.0477891583414541,-168.168865513098,1.01736759219771,0.0497777491690314,4.77891583414541e-06,-167.589633552427,1.01737330957578,3,"Optimization may not have converged.  Consider increasing maxit.",187,0.528
"188","CoopBreed","Interval.final",0.193873206734265,0.0477891583414541,-168.168865513098,1.01736759219771,0.0495556392724796,4.77891583414541e-06,-167.32489726069,1.01736871524503,3,"Optimization has converged.",188,0.528
"189","CoopBreed","Interval.final",0.0103905518234886,0.0477891583414541,-168.168865513098,1.01736759219771,0.0370935482842625,0.228890860844078,-164.88552478282,1.01736795777867,3,"Optimization has converged.",189,0.528
"190","CoopBreed","Interval.final",0.0878059313659239,0.0477891583414541,-168.168865513098,1.01736759219771,0.0381065093656038,0.242008437416293,-166.711792944252,1.01735983509425,3,"Optimization has converged.",190,0.528
"191","CoopBreed","Interval.final",0.52413585250301,0.0477891583414541,-168.168865513098,1.01736759219771,0.0422898246835549,0.157576090956065,-167.965991778916,1.01737049530025,3,"Optimization has converged.",191,0.528
"192","CoopBreed","Interval.final",0.243465472564508,0.0477891583414541,-168.168865513098,1.01736759219771,0.0492296934421182,4.77891583414541e-06,-167.488657727777,1.01736828919378,3,"Optimization has converged.",192,0.528
"193","CoopBreed","Interval.final",0.903370193297321,0.0477891583414541,-168.168865513098,1.01736759219771,0.0472392266543073,0.0583192453075832,-168.161495916359,1.01736819265392,3,"Optimization has converged.",193,0.528
"194","CoopBreed","Interval.final",0.843701027527932,0.0477891583414541,-168.168865513098,1.01736759219771,0.0465505407806852,0.0707803393825127,-168.149429151743,1.0173674351114,3,"Optimization has converged.",194,0.528
"195","CoopBreed","Interval.final",0.194625555540057,0.0477891583414541,-168.168865513098,1.01736759219771,0.0497747368721812,4.77891583414541e-06,-167.327739785554,1.01737003857664,3,"Optimization has converged.",195,0.528
"196","CoopBreed","Interval.final",0.00243544743922596,0.0477891583414541,-168.168865513098,1.01736759219771,0.0294414199156633,0.403465572419792,-163.574631877076,1.05835676883671,3,"Optimization has converged.",196,0.528
"197","CoopBreed","Interval.final",0.161705999386154,0.0477891583414541,-168.168865513098,1.01736759219771,0.038900232282638,0.245561461473054,-167.189765715156,1.01736586720587,3,"Optimization has converged.",197,0.528
"198","CoopBreed","Interval.final",0.422320621419769,0.0477891583414541,-168.168865513098,1.01736759219771,0.0432470771247939,0.125523029136168,-167.846941257065,1.02825556834544,3,"Optimization has converged.",198,0.528
"199","CoopBreed","Interval.final",0.00403882692968318,0.0477891583414541,-168.168865513098,1.01736759219771,0.0359991292928478,0.233843423483381,-164.035727612552,1.01727671263893,3,"Optimization has converged.",199,0.528
"200","CoopBreed","Interval.final",0.00360529581335388,0.0477891583414541,-168.168865513098,1.01736759219771,0.0350741108201021,0.237597885191589,-163.9325499741,1.01740821100818,3,"Optimization has converged.",200,0.528
"201","CoopBreed","Interval.final",0.773412394822745,0.0477891583414541,-168.168865513098,1.01736759219771,0.0461887771478713,0.082855883838268,-168.127418211503,1.0173523669297,3,"Optimization has converged.",201,0.528
"202","CoopBreed","Interval.final",0.063001134810567,0.0477891583414541,-168.168865513098,1.01736759219771,0.0409525914593374,0.163672801233518,-166.440583896478,1.01757586755684,3,"Optimization may not have converged.  Consider increasing maxit.",202,0.528
"203","CoopBreed","Interval.final",0.038269835001024,0.0477891583414541,-168.168865513098,1.01736759219771,0.0345571607161505,0.297834242597621,-166.022371128301,1.0334691519469,3,"Optimization has converged.",203,0.528
"204","CoopBreed","Interval.final",0.0817122868987925,0.0477891583414541,-168.168865513098,1.01736759219771,0.0346584359321409,0.322001466386327,-166.653610099096,1.01735180516455,3,"Optimization has converged.",204,0.528
"205","CoopBreed","Interval.final",0.201136682624467,0.0477891583414541,-168.168865513098,1.01736759219771,0.0493128831674989,4.77891583414541e-06,-167.351814733636,1.01737003323433,3,"Optimization has converged.",205,0.528
"206","CoopBreed","Interval.final",8.13291671821132e-07,0.0477891583414541,-168.168865513098,1.01736759219771,0.0248050274966919,0.384424530095764,-156.005810686798,1.017379201264,3,"Optimization has converged.",206,0.528
"207","CoopBreed","Interval.final",0.61787325803348,0.0477891583414541,-168.168865513098,1.01736759219771,0.0450926451876346,0.0981524292557581,-168.044431494962,1.01736772940844,3,"Optimization has converged.",207,0.528
"208","CoopBreed","Interval.final",3.27599970063488e-07,0.0477891583414541,-168.168865513098,1.01736759219771,0.0175579274126731,0.630500355382146,-155.128984838006,1.01751530492189,3,"Optimization has converged.",208,0.528
"209","CoopBreed","Interval.final",0.0030012175557132,0.0477891583414541,-168.168865513098,1.01736759219771,0.0373772608772001,0.217724297110715,-163.765501487245,1.01737511445156,3,"Optimization has converged.",209,0.528
"210","CoopBreed","Interval.final",0.783894613933957,0.0477891583414541,-168.168865513098,1.01736759219771,0.0461506960471263,0.0868658188676371,-168.131259734134,1.01736692575202,3,"Optimization has converged.",210,0.528
"211","CoopBreed","Interval.final",0.263034474905609,0.0477891583414541,-168.168865513098,1.01736759219771,0.0494032072708275,4.77891583414541e-06,-167.542507790155,1.01737035931462,3,"Optimization has converged.",211,0.528
"212","CoopBreed","Interval.final",0.51570055438301,0.0477891583414541,-168.168865513098,1.01736759219771,0.0499013421620765,4.77891583414541e-06,-167.957623898065,1.01735544862029,3,"Optimization has converged.",212,0.528
"213","CoopBreed","Interval.final",0.00727811757234221,0.0477891583414541,-168.168865513098,1.01736759219771,0.0304667493033178,0.402452802820162,-164.567357660103,1.09146730856711,3,"Optimization has converged.",213,0.528
"214","CoopBreed","Interval.final",0.00388959409106402,0.0477891583414541,-168.168865513098,1.01736759219771,0.0327443336745782,0.31228210857336,-164.001539815676,1.01739938658341,3,"Optimization has converged.",214,0.528
"215","CoopBreed","Interval.final",0.000918654442027876,0.0477891583414541,-168.168865513098,1.01736759219771,0.03280833748148,0.30032369268956,-162.676498285432,1.05559363042933,3,"Optimization has converged.",215,0.528
"216","CoopBreed","Interval.final",0.14314605628499,0.0477891583414541,-168.168865513098,1.01736759219771,0.0408186758375568,0.190340577531158,-167.096960853745,1.01719401666827,3,"Optimization has converged.",216,0.528
"217","CoopBreed","Interval.final",0.141783178477243,0.0477891583414541,-168.168865513098,1.01736759219771,0.0490166587742813,4.77891583414541e-06,-167.089616269476,1.01736486480979,3,"Optimization has converged.",217,0.528
"218","CoopBreed","Interval.final",0.000721435064120448,0.0477891583414541,-168.168865513098,1.01736759219771,0.0308509256808378,0.339107904831858,-162.452267786094,0.981722160475991,3,"Optimization has converged.",218,0.528
"219","CoopBreed","Interval.final",7.89115868655944e-07,0.0477891583414541,-168.168865513098,1.01736759219771,0.0237881968337024,0.420230934323423,-155.976745108836,1.01743982955237,3,"Optimization may not have converged.  Consider increasing maxit.",219,0.528
"220","CoopBreed","Interval.final",0.00245151412884802,0.0477891583414541,-168.168865513098,1.01736759219771,0.0352417850182247,0.250652349744285,-163.580649271242,0.980574855438179,3,"Optimization has converged.",220,0.528
"221","CoopBreed","Interval.final",0.939002527742896,0.0477891583414541,-168.168865513098,1.01736759219771,0.0485955471290845,0.0300416830881684,-168.165937581343,1.02090836785299,3,"Optimization has converged.",221,0.528
"222","CoopBreed","Interval.final",0.147183853505898,0.0477891583414541,-168.168865513098,1.01736759219771,0.0423368357396331,0.144253238781298,-167.118266903199,1.01736716225724,3,"Optimization has converged.",222,0.528
"223","CoopBreed","Interval.final",0.434561331775001,0.0477891583414541,-168.168865513098,1.01736759219771,0.0500187951656514,4.77891583414541e-06,-167.863564639701,1.01736819211525,3,"Optimization has converged.",223,0.528
"224","CoopBreed","Interval.final",0.00267561082691793,0.0477891583414541,-168.168865513098,1.01736759219771,0.0342172973201775,0.263618796826448,-163.660642346127,0.984168151657244,3,"Optimization has converged.",224,0.528
"225","CoopBreed","Interval.final",0.000281230241780165,0.0477891583414541,-168.168865513098,1.01736759219771,0.0277230724652569,0.418077964315861,-161.573143917118,1.01737089640573,3,"Optimization has converged.",225,0.528
"226","CoopBreed","Interval.final",0.899352477930048,0.0477891583414541,-168.168865513098,1.01736759219771,0.0485916720804362,0.0321118379807696,-168.160866997529,1.01730669639246,3,"Optimization has converged.",226,0.528
"227","CoopBreed","Interval.final",0.362377623939136,0.0477891583414541,-168.168865513098,1.01736759219771,0.0400074124042884,0.189913367014239,-167.754047200988,1.01736946915595,3,"Optimization has converged.",227,0.528
"228","CoopBreed","Interval.final",0.0960364952363381,0.0477891583414541,-168.168865513098,1.01736759219771,0.035728910287973,0.338381401149781,-166.78378496217,1.01736819125581,3,"Optimization has converged.",228,0.528
"229","CoopBreed","Interval.final",0.374500582432794,0.0477891583414541,-168.168865513098,1.01736759219771,0.0499899701095962,4.77891583414541e-06,-167.774527196013,1.01737056792819,3,"Optimization has converged.",229,0.528
"230","CoopBreed","Interval.final",0.308755173596254,0.0477891583414541,-168.168865513098,1.01736759219771,0.0397172623625034,0.207804099081458,-167.650868894964,0.983742390616391,3,"Optimization has converged.",230,0.528
"231","CoopBreed","Interval.final",0.519305549305512,0.0477891583414541,-168.168865513098,1.01736759219771,0.0500616549460297,4.77891583414541e-06,-167.961229360888,1.01735826639307,3,"Optimization has converged.",231,0.528
"232","CoopBreed","Interval.final",0.00013218427848732,0.0477891583414541,-168.168865513098,1.01736759219771,0.0294730372475036,0.358114625345859,-160.863674277454,1.01752012476082,3,"Optimization has converged.",232,0.528
"233","CoopBreed","Interval.final",0.95301452690649,0.0477891583414541,-168.168865513098,1.01736759219771,0.0482821864739421,0.0372780386221898,-168.167129633648,1.01736561110963,3,"Optimization has converged.",233,0.528
"234","CoopBreed","Interval.final",0.314332611118489,0.0477891583414541,-168.168865513098,1.01736759219771,0.0497267624804715,4.77891583414541e-06,-167.662673990171,1.01736805326774,3,"Optimization has converged.",234,0.528
"235","CoopBreed","Interval.final",0.123505553352191,0.0477891583414541,-168.168865513098,1.01736759219771,0.0363665897314511,0.260956300949999,-166.982719211034,1.01741131274111,3,"Optimization has converged.",235,0.528
"236","CoopBreed","Interval.final",0.117970736453075,0.0477891583414541,-168.168865513098,1.01736759219771,0.0354378067641788,0.292651933684513,-166.946836845724,1.01734461479189,3,"Optimization has converged.",236,0.528
"237","CoopBreed","Interval.final",0.478834972951583,0.0477891583414541,-168.168865513098,1.01736759219771,0.0497088277435615,4.77891583414541e-06,-167.918107754509,1.01738735387472,3,"Optimization has converged.",237,0.528
"238","CoopBreed","Interval.final",0.00701237063821273,0.0477891583414541,-168.168865513098,1.01736759219771,0.0305371325201652,0.398403181691949,-164.533966730441,1.09464047741793,3,"Optimization has converged.",238,0.528
"239","CoopBreed","Interval.final",0.0987667571004249,0.0477891583414541,-168.168865513098,1.01736759219771,0.0366688737478816,0.285543787663022,-166.806192844984,1.01735831864441,3,"Optimization has converged.",239,0.528
"240","CoopBreed","Interval.final",0.382867566032198,0.0477891583414541,-168.168865513098,1.01736759219771,0.0497110577539635,4.77891583414541e-06,-167.78812840842,1.0173710339358,3,"Optimization has converged.",240,0.528
"241","CoopBreed","Interval.final",0.994809487127247,0.0477891583414541,-168.168865513098,1.01736759219771,0.0477692775604694,0.048450309006202,-168.168844353055,1.01753564047868,3,"Optimization has converged.",241,0.528
"242","CoopBreed","Interval.final",0.00725323691576431,0.0477891583414541,-168.168865513098,1.01736759219771,0.0383572952881927,0.190309881613622,-164.564284723404,1.01747862474231,3,"Optimization has converged.",242,0.528
"243","CoopBreed","Interval.final",0.932995325299196,0.0477891583414541,-168.168865513098,1.01736759219771,0.0486127732851246,0.0325916031548316,-168.165331054197,1.01735579783716,3,"Optimization has converged.",243,0.528
"244","CoopBreed","Interval.final",0.371949953423887,0.0477891583414541,-168.168865513098,1.01736759219771,0.0405846691075162,0.203975953983969,-167.770295701389,1.01735847375563,3,"Optimization has converged.",244,0.528
"245","CoopBreed","Interval.final",0.00554361047214982,0.0477891583414541,-168.168865513098,1.01736759219771,0.0379147257269379,0.195257204169847,-164.322376905867,1.01746300423855,3,"Optimization may not have converged.  Consider increasing maxit.",245,0.528
"246","CoopBreed","Interval.final",0.0383758886376832,0.0477891583414541,-168.168865513098,1.01736759219771,0.0375276284444144,0.246108440868621,-166.024723716936,1.01711961484739,3,"Optimization has converged.",246,0.528
"247","CoopBreed","Interval.final",0.276779518369554,0.0477891583414541,-168.168865513098,1.01736759219771,0.0498037027126247,4.77891583414541e-06,-167.577447810228,1.01736810759163,3,"Optimization has converged.",247,0.528
"248","CoopBreed","Interval.final",0.00342578878940462,0.0477891583414541,-168.168865513098,1.01736759219771,0.0348015093286236,0.237348899790958,-163.886078323602,1.01736084880865,3,"Optimization has converged.",248,0.528
"249","CoopBreed","Interval.final",0.0164589044713821,0.0477891583414541,-168.168865513098,1.01736759219771,0.0339350691967392,0.289329787307141,-165.292279105712,1.02343974110456,3,"Optimization has converged.",249,0.528
"250","CoopBreed","Interval.final",0.000782428081481235,0.0477891583414541,-168.168865513098,1.01736759219771,0.0358743659805363,0.239116241414904,-162.527635506381,1.01727059113901,3,"Optimization has converged.",250,0.528
"251","CoopBreed","Interval.final",0.0051309524593023,0.0477891583414541,-168.168865513098,1.01736759219771,0.0293145062706159,0.415576711260399,-164.252517725405,0.923396245785363,3,"Optimization has converged.",251,0.528
"252","CoopBreed","Interval.final",0.000318444224845424,0.0477891583414541,-168.168865513098,1.01736759219771,0.0316130959293645,0.302723906210122,-161.689533158024,1.01732709989874,3,"Optimization has converged.",252,0.528
"253","CoopBreed","Interval.final",0.659276931993801,0.0477891583414541,-168.168865513098,1.01736759219771,0.0503625871700843,4.77891583414541e-06,-168.07166395492,1.01722181607455,3,"Optimization has converged.",253,0.528
"254","CoopBreed","Interval.final",0.117248988133162,0.0477891583414541,-168.168865513098,1.01736759219771,0.0490166790679756,4.77891583414541e-06,-166.942020762064,1.01736416617618,3,"Optimization has converged.",254,0.528
"255","CoopBreed","Interval.final",0.998430854531206,0.0477891583414541,-168.168865513098,1.01736759219771,0.0478217238828053,0.0477461590395301,-168.168863579274,1.01736759170995,3,"Optimization has converged.",255,0.528
"256","CoopBreed","Interval.final",0.355576678823875,0.0477891583414541,-168.168865513098,1.01736759219771,0.0502257157373628,4.77891583414541e-06,-167.742137853206,1.01737381573585,3,"Optimization has converged.",256,0.528
"257","CoopBreed","Interval.final",0.432064886694109,0.0477891583414541,-168.168865513098,1.01736759219771,0.050159490226806,4.77891583414541e-06,-167.860232259931,1.01734559889658,3,"Optimization has converged.",257,0.528
"258","CoopBreed","Interval.final",0.468635677567476,0.0477891583414541,-168.168865513098,1.01736759219771,0.043036969834203,0.144295186099836,-167.906269974941,1.01737263545249,3,"Optimization has converged.",258,0.528
"259","CoopBreed","Interval.final",0.175370303224608,0.0477891583414541,-168.168865513098,1.01736759219771,0.0372794689079183,0.265805029178505,-167.250652015351,1.01736825929028,3,"Optimization has converged.",259,0.528
"260","CoopBreed","Interval.final",0.00541264405750755,0.0477891583414541,-168.168865513098,1.01736759219771,0.0378717471114883,0.196172955717721,-164.300796517724,1.01727990078341,3,"Optimization has converged.",260,0.528
"261","CoopBreed","Interval.final",0.197823134335259,0.0477891583414541,-168.168865513098,1.01736759219771,0.0497559510990308,4.77891583414541e-06,-167.339678987084,1.01736791296266,3,"Optimization has converged.",261,0.528
"262","CoopBreed","Interval.final",0.935093284747138,0.0477891583414541,-168.168865513098,1.01736759219771,0.04811171726517,0.0412673155843412,-168.165549403838,1.01736661277855,3,"Optimization has converged.",262,0.528
"263","CoopBreed","Interval.final",0.416139360190923,0.0477891583414541,-168.168865513098,1.01736759219771,0.0500815223177302,4.77891583414541e-06,-167.838269403245,1.01736683775054,3,"Optimization may not have converged.  Consider increasing maxit.",263,0.528
"264","CoopBreed","Interval.final",4.68777403120418e-05,0.0477891583414541,-168.168865513098,1.01736759219771,0.024558495924199,0.398525128373674,-159.883680769463,1.01748768785473,3,"Optimization has converged.",264,0.528
"265","CoopBreed","Interval.final",0.16050011091845,0.0477891583414541,-168.168865513098,1.01736759219771,0.0494092049859725,4.77891583414541e-06,-167.184111589603,1.01736665192641,3,"Optimization has converged.",265,0.528
"266","CoopBreed","Interval.final",0.589228933164154,0.0477891583414541,-168.168865513098,1.01736759219771,0.0502541825127076,4.77891583414541e-06,-168.023090490684,1.0172893351024,3,"Optimization has converged.",266,0.528
"267","CoopBreed","Interval.final",0.000939005259469542,0.0477891583414541,-168.168865513098,1.01736759219771,0.0291956866679156,0.347288511556007,-162.696799513492,1.05167441040794,3,"Optimization has converged.",267,0.528
"268","CoopBreed","Interval.final",0.341755251989063,0.0477891583414541,-168.168865513098,1.01736759219771,0.049718360386975,4.77891583414541e-06,-167.716947579111,1.01736552688706,3,"Optimization has converged.",268,0.528
"269","CoopBreed","Interval.final",0.122137237474061,0.0477891583414541,-168.168865513098,1.01736759219771,0.042301143333563,0.155362250178017,-166.974016614352,1.01729871281662,3,"Optimization has converged.",269,0.528
"270","CoopBreed","Interval.final",0.00276179843631833,0.0477891583414541,-168.168865513098,1.01736759219771,0.0292200129473895,0.42290465795563,-163.68960983318,1.01727522255683,3,"Optimization has converged.",270,0.528
"271","CoopBreed","Interval.final",0.06746741706183,0.0477891583414541,-168.168865513098,1.01736759219771,0.0288103597951902,0.432275769979889,-166.497072452596,1.14382850320502,3,"Optimization has converged.",271,0.528
"272","CoopBreed","Interval.final",3.81540516589249e-05,0.0477891583414541,-168.168865513098,1.01736759219771,0.0331871787588903,0.215974750027309,-159.688327036728,1.01689499495075,3,"Optimization has converged.",272,0.528
"273","CoopBreed","Interval.final",0.50199708403078,0.0477891583414541,-168.168865513098,1.01736759219771,0.0500490779581544,4.77891583414541e-06,-167.943509569286,1.01743234272834,3,"Optimization has converged.",273,0.528
"274","CoopBreed","Interval.final",0.0133111395919911,0.0477891583414541,-168.168865513098,1.01736759219771,0.0352974660726612,0.310969880611069,-165.105224781872,1.01723064677253,3,"Optimization has converged.",274,0.528
"275","CoopBreed","Interval.final",0.051481482492663,0.0477891583414541,-168.168865513098,1.01736759219771,0.0332310197274805,0.323262734749472,-166.272595717662,1.01742170400618,3,"Optimization may not have converged.  Consider increasing maxit.",275,0.528
"276","CoopBreed","Interval.final",0.500752561163691,0.0477891583414541,-168.168865513098,1.01736759219771,0.0441352525689829,0.123777797580565,-167.94219494863,1.0172941774273,3,"Optimization has converged.",276,0.528
"277","CoopBreed","Interval.final",0.493225740297896,0.0477891583414541,-168.168865513098,1.01736759219771,0.050222246928323,4.77891583414541e-06,-167.93412469878,1.01738163835646,3,"Optimization has converged.",277,0.528
"278","CoopBreed","Interval.final",0.00869269348810417,0.0477891583414541,-168.168865513098,1.01736759219771,0.0350126729776982,0.26339440674393,-164.726415553616,1.01737020484564,3,"Optimization has converged.",278,0.528
"279","CoopBreed","Interval.final",0.312020787625737,0.0477891583414541,-168.168865513098,1.01736759219771,0.0495933494394461,4.77891583414541e-06,-167.657814218199,1.01736873616735,3,"Optimization has converged.",279,0.528
"280","CoopBreed","Interval.final",0.890035063003959,0.0477891583414541,-168.168865513098,1.01736759219771,0.0466448666147629,0.0726622795469901,-168.159307621305,1.01736697147513,3,"Optimization has converged.",280,0.528
"281","CoopBreed","Interval.final",0.00132847987592521,0.0477891583414541,-168.168865513098,1.01736759219771,0.0330771684499703,0.311846583289112,-163.01760078857,1.09521152406467,3,"Optimization has converged.",281,0.528
"282","CoopBreed","Interval.final",1.32238186040795e-05,0.0477891583414541,-168.168865513098,1.01736759219771,0.0268620309011402,0.40365986791208,-158.679893044805,1.0616071969866,3,"Optimization has converged.",282,0.528
"283","CoopBreed","Interval.final",9.62546013742518e-05,0.0477891583414541,-168.168865513098,1.01736759219771,0.0293771414909088,0.308658352185937,-160.564473057046,1.01803390192217,3,"Optimization has converged.",283,0.528
"284","CoopBreed","Interval.final",0.226583660960815,0.0477891583414541,-168.168865513098,1.01736759219771,0.0358558391583431,0.318424322683092,-167.437775773467,1.01738267188863,3,"Optimization has converged.",284,0.528
"285","CoopBreed","Interval.final",0.0235925097021152,0.0477891583414541,-168.168865513098,1.01736759219771,0.0395027940512833,0.188690186804649,-165.60669435844,1.0173266937069,3,"Optimization has converged.",285,0.528
"286","CoopBreed","Interval.final",0.0979151688859217,0.0477891583414541,-168.168865513098,1.01736759219771,0.0350691405569213,0.303517483402247,-166.799276894929,1.06882444341948,3,"Optimization has converged.",286,0.528
"287","CoopBreed","Interval.final",0.000162876329826112,0.0477891583414541,-168.168865513098,1.01736759219771,0.0299970926230374,0.341261356951528,-161.060273512435,1.05802403360982,3,"Optimization has converged.",287,0.528
"288","CoopBreed","Interval.final",0.819780938175334,0.0477891583414541,-168.168865513098,1.01736759219771,0.0490191015185381,0.0226804082324127,-168.142913001483,1.01734662944993,3,"Optimization has converged.",288,0.528
"289","CoopBreed","Interval.final",0.187403031122175,0.0477891583414541,-168.168865513098,1.01736759219771,0.0498203203086235,4.77891583414541e-06,-167.299907241398,1.01736718307873,3,"Optimization has converged.",289,0.528
"290","CoopBreed","Interval.final",0.885536620143923,0.0477891583414541,-168.168865513098,1.01736759219771,0.0492169263514286,0.015474978589208,-168.158504104368,1.01735017612607,3,"Optimization has converged.",290,0.528
"291","CoopBreed","Interval.final",0.0330972112927602,0.0477891583414541,-168.168865513098,1.01736759219771,0.035725253943698,0.277454460627695,-165.898493709177,1.01735884128286,3,"Optimization has converged.",291,0.528
"292","CoopBreed","Interval.final",0.348372730746218,0.0477891583414541,-168.168865513098,1.01736759219771,0.0402998179114542,0.209009218244781,-167.729177669663,1.01737084399752,3,"Optimization has converged.",292,0.528
"293","CoopBreed","Interval.final",0.13649921624474,0.0477891583414541,-168.168865513098,1.01736759219771,0.0411400840147134,0.182259143544413,-167.060372001918,1.01735121995513,3,"Optimization has converged.",293,0.528
"294","CoopBreed","Interval.final",1.53870012334338e-06,0.0477891583414541,-168.168865513098,1.01736759219771,0.0248400722167062,0.441817432156067,-156.619361189363,1.01737692863977,3,"Optimization has converged.",294,0.528
"295","CoopBreed","Interval.final",0.0270858385957543,0.0477891583414541,-168.168865513098,1.01736759219771,0.034626745944176,0.29624626142912,-165.726199950398,1.04140606686579,3,"Optimization has converged.",295,0.528
"296","CoopBreed","Interval.final",0.192021304187953,0.0477891583414541,-168.168865513098,1.01736759219771,0.0500554613093494,4.77891583414541e-06,-167.31784512486,1.01736723375402,3,"Optimization has converged.",296,0.528
"297","CoopBreed","Interval.final",0.849327301535509,0.0477891583414541,-168.168865513098,1.01736759219771,0.0461199276252773,0.082785536782685,-168.150819918688,1.01736759219772,3,"Optimization has converged.",297,0.528
"298","CoopBreed","Interval.final",0.000618901020830502,0.0477891583414541,-168.168865513098,1.01736759219771,0.027503452737734,0.422394288555567,-162.309740122497,1.01730150401628,3,"Optimization has converged.",298,0.528
"299","CoopBreed","Interval.final",0.180813454806257,0.0477891583414541,-168.168865513098,1.01736759219771,0.0390407986646071,0.208939018983529,-167.273402821282,1.01736807013589,3,"Optimization has converged.",299,0.528
"300","CoopBreed","Interval.final",0.10315606930659,0.0477891583414541,-168.168865513098,1.01736759219771,0.0350700035342414,0.286507431266568,-166.840836271455,1.01737495991779,3,"Optimization has converged.",300,0.528
"301","CoopBreed","Interval.final",0.304751461673347,0.0477891583414541,-168.168865513098,1.01736759219771,0.0494487854655859,4.77891583414541e-06,-167.642222421887,1.01736652497955,3,"Optimization has converged.",301,0.528
"302","CoopBreed","Interval.final",0.231405757391013,0.0477891583414541,-168.168865513098,1.01736759219771,0.049457141133555,4.77891583414541e-06,-167.452765589,1.01736657924229,3,"Optimization may not have converged.  Consider increasing maxit.",302,0.528
"303","CoopBreed","Interval.final",0.756088986688343,0.0477891583414541,-168.168865513098,1.01736759219771,0.0452992222205782,0.09990547376817,-168.120622902602,1.01822364679521,3,"Optimization has converged.",303,0.528
"304","CoopBreed","Interval.final",0.0119122158674986,0.0477891583414541,-168.168865513098,1.01736759219771,0.0299665521427488,0.364860045019926,-165.006921495255,1.01737248823969,3,"Optimization has converged.",304,0.528
"305","CoopBreed","Interval.final",0.23784218208508,0.0477891583414541,-168.168865513098,1.01736759219771,0.0496374125922422,4.77891583414541e-06,-167.472196462123,1.01736994702922,3,"Optimization has converged.",305,0.528
"306","CoopBreed","Interval.final",0.00970496299597774,0.0477891583414541,-168.168865513098,1.01736759219771,0.0371836231660715,0.233579305626122,-164.824733189927,1.01735626025987,3,"Optimization has converged.",306,0.528
"307","CoopBreed","Interval.final",0.761138725756464,0.0477891583414541,-168.168865513098,1.01736759219771,0.046219198928111,0.0826542855533639,-168.122661836277,1.017367126809,3,"Optimization has converged.",307,0.528
"308","CoopBreed","Interval.final",0.695033806001744,0.0477891583414541,-168.168865513098,1.01736759219771,0.0499147750417473,4.77891583414541e-06,-168.092020563286,1.01737253504729,3,"Optimization has converged.",308,0.528
"309","CoopBreed","Interval.final",0.00318197134523864,0.0477891583414541,-168.168865513098,1.01736759219771,0.0282975431996621,0.416327402223524,-163.81882851912,1.01735676769435,3,"Optimization has converged.",309,0.528
"310","CoopBreed","Interval.final",0.987813723053505,0.0477891583414541,-168.168865513098,1.01736759219771,0.0477194309436085,0.0496075814117618,-168.168748868202,1.01752218645786,3,"Optimization has converged.",310,0.528
"311","CoopBreed","Interval.final",0.654473646265906,0.0477891583414541,-168.168865513098,1.01736759219771,0.0498884802648019,4.77891583414541e-06,-168.068712315515,1.01726742442382,3,"Optimization has converged.",311,0.528
"312","CoopBreed","Interval.final",0.125863295612738,0.0477891583414541,-168.168865513098,1.01736759219771,0.0492913074313726,4.77891583414541e-06,-166.997466471881,1.01736314123818,3,"Optimization has converged.",312,0.528
"313","CoopBreed","Interval.final",0.0332782222420352,0.0477891583414541,-168.168865513098,1.01736759219771,0.0364938435996714,0.303808152450624,-165.903161385045,1.01734611430742,3,"Optimization has converged.",313,0.528
"314","CoopBreed","Interval.final",0.438565858210284,0.0477891583414541,-168.168865513098,1.01736759219771,0.049949218713689,4.77891583414541e-06,-167.868849567246,1.01738822480455,3,"Optimization has converged.",314,0.528
"315","CoopBreed","Interval.final",0.483935860050185,0.0477891583414541,-168.168865513098,1.01736759219771,0.0435181639983278,0.145725204097703,-167.923875102786,1.02686837644305,3,"Optimization may not have converged.  Consider increasing maxit.",315,0.528
"316","CoopBreed","Interval.final",1.22606260971565e-05,0.0477891583414541,-168.168865513098,1.01736759219771,0.0154279071967613,0.666780870867436,-158.607733384713,1.07115954788954,3,"Optimization has converged.",316,0.528
"317","CoopBreed","Interval.final",0.000887084863284609,0.0477891583414541,-168.168865513098,1.01736759219771,0.0302476301347127,0.295220403532177,-162.644087996022,0.960602252761663,3,"Optimization has converged.",317,0.528
"318","CoopBreed","Interval.final",0.0573012502690842,0.0477891583414541,-168.168865513098,1.01736759219771,0.0283426059416981,0.448622848701791,-166.361953948787,1.01736211922939,3,"Optimization has converged.",318,0.528
"319","CoopBreed","Interval.final",0.0979510220302855,0.0477891583414541,-168.168865513098,1.01736759219771,0.04911161805605,4.77891583414541e-06,-166.79956938783,1.01735033248831,3,"Optimization has converged.",319,0.528
"320","CoopBreed","Interval.final",0.0410531157930389,0.0477891583414541,-168.168865513098,1.01736759219771,0.0383852025645045,0.215866885153956,-166.081954998827,1.01733685488948,3,"Optimization has converged.",320,0.528
"321","CoopBreed","Interval.final",0.00228551116692109,0.0477891583414541,-168.168865513098,1.01736759219771,0.0301173037595964,0.395659855672509,-163.516452932576,0.989102604254433,3,"Optimization may not have converged.  Consider increasing maxit.",321,0.528
"322","CoopBreed","Interval.final",7.2316063391152e-05,0.0477891583414541,-168.168865513098,1.01736759219771,0.019957855002015,0.588676196047405,-160.294233447253,0.907930322126046,3,"Optimization has converged.",322,0.528
"323","CoopBreed","Interval.final",0.633567877144277,0.0477891583414541,-168.168865513098,1.01736759219771,0.0499746959136704,4.77891583414541e-06,-168.055238789744,1.01734356210893,3,"Optimization has converged.",323,0.528
"324","CoopBreed","Interval.final",0.0224390308233071,0.0477891583414541,-168.168865513098,1.01736759219771,0.0389493485188115,0.211155724835691,-165.563156681991,1.04220356516616,3,"Optimization has converged.",324,0.528
"325","CoopBreed","Interval.final",0.00159879265037308,0.0477891583414541,-168.168865513098,1.01736759219771,0.025757262629898,0.479557824968436,-163.188296892659,1.01738828925098,3,"Optimization has converged.",325,0.528
"326","CoopBreed","Interval.final",0.0795516996532779,0.0477891583414541,-168.168865513098,1.01736759219771,0.0377408419679537,0.227842670262105,-166.631847067325,1.01745373758091,3,"Optimization has converged.",326,0.528
"327","CoopBreed","Interval.final",0.322183968107512,0.0477891583414541,-168.168865513098,1.01736759219771,0.0407945282338788,0.20067201711183,-167.678835461509,1.01736313310782,3,"Optimization has converged.",327,0.528
"328","CoopBreed","Interval.final",0.403953507967757,0.0477891583414541,-168.168865513098,1.01736759219771,0.0392258469396283,0.234420017707179,-167.820602559728,0.994251408316281,3,"Optimization has converged.",328,0.528
"329","CoopBreed","Interval.final",0.21560721806062,0.0477891583414541,-168.168865513098,1.01736759219771,0.0389998436873851,0.207767237772917,-167.402180000059,1.01736622894976,3,"Optimization may not have converged.  Consider increasing maxit.",329,0.528
"330","CoopBreed","Interval.final",0.178319291398454,0.0477891583414541,-168.168865513098,1.01736759219771,0.0493997539884944,4.77891583414541e-06,-167.263077521201,1.01736663136412,3,"Optimization has converged.",330,0.528
"331","CoopBreed","Interval.final",0.684501086312558,0.0477891583414541,-168.168865513098,1.01736759219771,0.0501023860888635,4.77891583414541e-06,-168.086313999065,1.0173773177301,3,"Optimization has converged.",331,0.528
"332","CoopBreed","Interval.final",0.0517575077408136,0.0477891583414541,-168.168865513098,1.01736759219771,0.0383344770498724,0.226396428191667,-166.277070630743,1.01702167977195,3,"Optimization has converged.",332,0.528
"333","CoopBreed","Interval.final",0.00167460529243122,0.0477891583414541,-168.168865513098,1.01736759219771,0.0273837077555398,0.405704246633043,-163.23093124233,1.01736485484451,3,"Optimization has converged.",333,0.528
"334","CoopBreed","Interval.final",0.0099206713625659,0.0477891583414541,-168.168865513098,1.01736759219771,0.0348330582299215,0.260318289245142,-164.844322612859,1.01711835326555,3,"Optimization has converged.",334,0.528
"335","CoopBreed","Interval.final",0.11916251139979,0.0477891583414541,-168.168865513098,1.01736759219771,0.0396971474634401,0.183830114362408,-166.954718451691,1.0678899350903,3,"Optimization has converged.",335,0.528
"336","CoopBreed","Interval.final",0.136176152367319,0.0477891583414541,-168.168865513098,1.01736759219771,0.0493146164031251,4.77891583414541e-06,-167.058542981227,1.01736773973706,3,"Optimization has converged.",336,0.528
"337","CoopBreed","Interval.final",0.0105570617967744,0.0477891583414541,-168.168865513098,1.01736759219771,0.0327204483782223,0.322955363582694,-164.899668561576,1.01736947284539,3,"Optimization has converged.",337,0.528
"338","CoopBreed","Interval.final",0.154838568214021,0.0477891583414541,-168.168865513098,1.01736759219771,0.0394087857113529,0.229231191145056,-167.156903545986,1.01729158602379,3,"Optimization has converged.",338,0.528
"339","CoopBreed","Interval.final",0.897510462588667,0.0477891583414541,-168.168865513098,1.01736759219771,0.0485737893179184,0.031383471564539,-168.160569907119,1.01735938067308,3,"Optimization has converged.",339,0.528
"340","CoopBreed","Interval.final",0.00255301823021547,0.0477891583414541,-168.168865513098,1.01736759219771,0.0373963829133295,0.199906244445785,-163.6177640406,1.01657773077346,3,"Optimization has converged.",340,0.528
"341","CoopBreed","Interval.final",0.000326336476543734,0.0477891583414541,-168.168865513098,1.01736759219771,0.0313112072152019,0.314957635402237,-161.71244753387,1.04743861880227,3,"Optimization has converged.",341,0.528
"342","CoopBreed","Interval.final",0.297602834098235,0.0477891583414541,-168.168865513098,1.01736759219771,0.0498735490408647,4.77891583414541e-06,-167.62641295572,1.01736703743098,3,"Optimization has converged.",342,0.528
"343","CoopBreed","Interval.final",0.002222043995805,0.0477891583414541,-168.168865513098,1.01736759219771,0.0347255092601592,0.246380569824782,-163.490649966651,1.01763272821151,3,"Optimization has converged.",343,0.528
"344","CoopBreed","Interval.final",0.00350894391148518,0.0477891583414541,-168.168865513098,1.01736759219771,0.0256317985585723,0.458437702753599,-163.907906280502,1.10382031771238,3,"Optimization has converged.",344,0.528
"345","CoopBreed","Interval.final",0.0052954376519457,0.0477891583414541,-168.168865513098,1.01736759219771,0.0339674977634011,0.293379867512503,-164.281027175409,1.01737605786382,3,"Optimization has converged.",345,0.528
"346","CoopBreed","Interval.final",0.0252811728658283,0.0477891583414541,-168.168865513098,1.01736759219771,0.0350188955562585,0.283516026238145,-165.666604138059,1.03639321025139,3,"Optimization has converged.",346,0.528
"347","CoopBreed","Interval.final",0.773896696284932,0.0477891583414541,-168.168865513098,1.01736759219771,0.0499732771150703,0.00780357001358598,-168.127600149025,1.01748734935499,3,"Optimization has converged.",347,0.528
"348","CoopBreed","Interval.final",0.00115119363993428,0.0477891583414541,-168.168865513098,1.01736759219771,0.0352099880691928,0.256460423610706,-162.885325008224,0.955391672792042,3,"Optimization has converged.",348,0.528
"349","CoopBreed","Interval.final",0.537846774905007,0.0477891583414541,-168.168865513098,1.01736759219771,0.0428388523122075,0.150515991667657,-167.979092947417,1.01736393281224,3,"Optimization has converged.",349,0.528
"350","CoopBreed","Interval.final",0.150185218318483,0.0477891583414541,-168.168865513098,1.01736759219771,0.049490578674068,4.77891583414541e-06,-167.133681206373,1.01736304678846,3,"Optimization has converged.",350,0.528
"351","CoopBreed","Interval.final",4.48024012315589e-06,0.0477891583414541,-168.168865513098,1.01736759219771,0.0223680599788501,0.539279791521452,-157.645087636653,0.929054408195868,3,"Optimization may not have converged.  Consider increasing maxit.",351,0.528
"352","CoopBreed","Interval.final",0.0016665664183783,0.0477891583414541,-168.168865513098,1.01736759219771,0.0363288603289962,0.210730074452161,-163.226504149463,1.01677874257076,3,"Optimization has converged.",352,0.528
"353","CoopBreed","Interval.final",6.13800624493982e-05,0.0477891583414541,-168.168865513098,1.01736759219771,0.0240590044040838,0.510349867408393,-160.139071888659,1.01740147168677,3,"Optimization has converged.",353,0.528
"354","CoopBreed","Interval.final",0.582102206979098,0.0477891583414541,-168.168865513098,1.01736759219771,0.0498634860495157,4.77891583414541e-06,-168.017441306131,1.01736920073241,3,"Optimization has converged.",354,0.528
"355","CoopBreed","Interval.final",0.960054924092652,0.0477891583414541,-168.168865513098,1.01736759219771,0.0481624676021053,0.0398227623672794,-168.167611276524,1.01736502270554,3,"Optimization has converged.",355,0.528
"356","CoopBreed","Interval.final",0.607863631528175,0.0477891583414541,-168.168865513098,1.01736759219771,0.0497498452132102,4.77891583414541e-06,-168.037216694483,1.01736760252535,3,"Optimization has converged.",356,0.528
"357","CoopBreed","Interval.final",0.342954785029085,0.0477891583414541,-168.168865513098,1.01736759219771,0.0441268998138387,0.116289868654471,-167.719188137578,1.01736413484406,3,"Optimization has converged.",357,0.528
"358","CoopBreed","Interval.final",0.018039382787048,0.0477891583414541,-168.168865513098,1.01736759219771,0.0355128231008689,0.266943717688998,-165.37270524891,1.06398268069229,3,"Optimization has converged.",358,0.528
"359","CoopBreed","Interval.final",0.322112088218539,0.0477891583414541,-168.168865513098,1.01736759219771,0.0496688630806485,4.77891583414541e-06,-167.678689856971,1.01737021278458,3,"Optimization may not have converged.  Consider increasing maxit.",359,0.528
"360","CoopBreed","Interval.final",0.00279897063075872,0.0477891583414541,-168.168865513098,1.01736759219771,0.0368777042231684,0.209184225062297,-163.701821103578,1.01741356530266,3,"Optimization may not have converged.  Consider increasing maxit.",360,0.528
"361","CoopBreed","Interval.final",0.0216536092201922,0.0477891583414541,-168.168865513098,1.01736759219771,0.0399358773600425,0.190171472240782,-165.53216267989,1.01725199802651,3,"Optimization has converged.",361,0.528
"362","CoopBreed","Interval.final",0.75884310268543,0.0477891583414541,-168.168865513098,1.01736759219771,0.0493657966617721,0.0141120786999701,-168.121740904385,1.01734994997512,3,"Optimization has converged.",362,0.528
"363","CoopBreed","Interval.final",0.00714238768350486,0.0477891583414541,-168.168865513098,1.01736759219771,0.033534650886151,0.309790794276192,-164.550461876655,0.98178928355426,3,"Optimization has converged.",363,0.528
"364","CoopBreed","Interval.final",6.12012199494615e-05,0.0477891583414541,-168.168865513098,1.01736759219771,0.0278053711958599,0.395804775540436,-160.136309212216,1.05040990407843,3,"Optimization has converged.",364,0.528
"365","CoopBreed","Interval.final",0.688346848283992,0.0477891583414541,-168.168865513098,1.01736759219771,0.0503371196483331,4.77891583414541e-06,-168.088425097384,1.01737177353562,3,"Optimization has converged.",365,0.528
"366","CoopBreed","Interval.final",0.000317401672217556,0.0477891583414541,-168.168865513098,1.01736759219771,0.0285092981657865,0.377952549246088,-161.686463470654,1.01734284868853,3,"Optimization has converged.",366,0.528
"367","CoopBreed","Interval.final",0.0770472953949748,0.0477891583414541,-168.168865513098,1.01736759219771,0.0389596435866141,0.207122095968776,-166.605809583454,1.0177290868057,3,"Optimization may not have converged.  Consider increasing maxit.",367,0.528
"368","CoopBreed","Interval.final",0.00288755641208957,0.0477891583414541,-168.168865513098,1.01736759219771,0.0351865346621335,0.260761976393169,-163.730270499724,1.01731850902581,3,"Optimization has converged.",368,0.528
"369","CoopBreed","Interval.final",0.17442141478371,0.0477891583414541,-168.168865513098,1.01736759219771,0.0348674997086911,0.319878342207034,-167.246602586996,0.935336316990089,3,"Optimization has converged.",369,0.528
"370","CoopBreed","Interval.final",0.0286887568539818,0.0477891583414541,-168.168865513098,1.01736759219771,0.0396641586518395,0.165598251290347,-165.775768670132,1.02906170089663,3,"Optimization has converged.",370,0.528
"371","CoopBreed","Interval.final",0.00612878832090407,0.0477891583414541,-168.168865513098,1.01736759219771,0.0393186469125238,0.186325354353249,-164.412844998291,0.985279214764976,3,"Optimization has converged.",371,0.528
"372","CoopBreed","Interval.final",0.0673999422623285,0.0477891583414541,-168.168865513098,1.01736759219771,0.0380954345919166,0.204886213540387,-166.496249091139,1.01739034412772,3,"Optimization has converged.",372,0.528
"373","CoopBreed","Interval.final",5.07401120913492e-06,0.0477891583414541,-168.168865513098,1.01736759219771,0.0276058759660099,0.387002247147042,-157.764293205504,1.017182585826,3,"Optimization has converged.",373,0.528
"374","CoopBreed","Interval.final",0.427558536816921,0.0477891583414541,-168.168865513098,1.01736759219771,0.0499068217459161,4.77891583414541e-06,-167.85414243037,1.01738576485479,3,"Optimization has converged.",374,0.528
"375","CoopBreed","Interval.final",0.000751699725448687,0.0477891583414541,-168.168865513098,1.01736759219771,0.035262805801863,0.250502048914581,-162.490437612557,1.01708916756826,3,"Optimization has converged.",375,0.528
"376","CoopBreed","Interval.final",0.390497929456759,0.0477891583414541,-168.168865513098,1.01736759219771,0.04992600670427,4.77891583414541e-06,-167.800170031348,1.01737581336388,3,"Optimization has converged.",376,0.528
"377","CoopBreed","Interval.final",0.00554954103793448,0.0477891583414541,-168.168865513098,1.01736759219771,0.0350349226274809,0.26225652442985,-164.323341790267,1.01736367123296,3,"Optimization has converged.",377,0.528
"378","CoopBreed","Interval.final",0.281682879044463,0.0477891583414541,-168.168865513098,1.01736759219771,0.0394612786278766,0.25925898757502,-167.589389239912,1.01737126977794,3,"Optimization has converged.",378,0.528
"379","CoopBreed","Interval.final",0.0487770932116929,0.0477891583414541,-168.168865513098,1.01736759219771,0.0390727873377994,0.181694590240511,-166.22736151297,1.02733045677638,3,"Optimization has converged.",379,0.528
"380","CoopBreed","Interval.final",0.539021495203832,0.0477891583414541,-168.168865513098,1.01736759219771,0.0450095222184054,0.100434646205464,-167.980187352306,1.01736565318371,3,"Optimization has converged.",380,0.528
"381","CoopBreed","Interval.final",0.263451568504,0.0477891583414541,-168.168865513098,1.01736759219771,0.0413077475328244,0.183698680168781,-167.543601283652,1.05539621493959,3,"Optimization has converged.",381,0.528
"382","CoopBreed","Interval.final",0.331104315423723,0.0477891583414541,-168.168865513098,1.01736759219771,0.0501664518866234,4.77891583414541e-06,-167.696578552249,1.01736965523539,3,"Optimization has converged.",382,0.528
"383","CoopBreed","Interval.final",0.00829160643192697,0.0477891583414541,-168.168865513098,1.01736759219771,0.0334338521058952,0.350075013861792,-164.684173824598,0.994315702737658,3,"Optimization has converged.",383,0.528
"384","CoopBreed","Interval.final",0.0221067135577463,0.0477891583414541,-168.168865513098,1.01736759219771,0.035286916704208,0.264737826359874,-165.550182245367,1.03580968298153,3,"Optimization has converged.",384,0.528
"385","CoopBreed","Interval.final",0.293139548241719,0.0477891583414541,-168.168865513098,1.01736759219771,0.0494094300301878,4.77891583414541e-06,-167.616292532754,1.01736778031523,3,"Optimization has converged.",385,0.528
"386","CoopBreed","Interval.final",0.33086458572341,0.0477891583414541,-168.168865513098,1.01736759219771,0.0424867369920825,0.150387773447026,-167.696110040197,1.01738084736641,3,"Optimization has converged.",386,0.528
"387","CoopBreed","Interval.final",0.273035431055792,0.0477891583414541,-168.168865513098,1.01736759219771,0.0396184362483265,0.20436726775953,-167.56814895116,1.02372171794398,3,"Optimization may not have converged.  Consider increasing maxit.",387,0.528
"388","CoopBreed","Interval.final",0.93405362769472,0.0477891583414541,-168.168865513098,1.01736759219771,0.0484653993627113,0.0318666957666734,-168.165442075343,1.01737316339711,3,"Optimization has converged.",388,0.528
"389","CoopBreed","Interval.final",0.0111089549791068,0.0477891583414541,-168.168865513098,1.01736759219771,0.0364870638914251,0.251128518828268,-164.944963360661,1.01737462657939,3,"Optimization has converged.",389,0.528
"390","CoopBreed","Interval.final",0.785491213338152,0.0477891583414541,-168.168865513098,1.01736759219771,0.0502129827458629,4.77891583414541e-06,-168.131827225164,1.01736779808625,3,"Optimization has converged.",390,0.528
"391","CoopBreed","Interval.final",0.0242018285343716,0.0477891583414541,-168.168865513098,1.01736759219771,0.033056952593705,0.339844235923343,-165.628810300285,1.0102247568334,3,"Optimization has converged.",391,0.528
"392","CoopBreed","Interval.final",2.35651719176791e-05,0.0477891583414541,-168.168865513098,1.01736759219771,0.0304420792974537,0.307146135856039,-159.230364587978,0.966461080426732,3,"Optimization has converged.",392,0.528
"393","CoopBreed","Interval.final",0.00952577376178242,0.0477891583414541,-168.168865513098,1.01736759219771,0.0306145538656307,0.407945856668987,-164.808117946709,1.01735999598785,3,"Optimization has converged.",393,0.528
"394","CoopBreed","Interval.final",0.50609388202668,0.0477891583414541,-168.168865513098,1.01736759219771,0.0498497012355645,4.77891583414541e-06,-167.947798121426,1.01739510411445,3,"Optimization has converged.",394,0.528
"395","CoopBreed","Interval.final",0.420778586728762,0.0477891583414541,-168.168865513098,1.01736759219771,0.0441759272568341,0.134438141606302,-167.844795684307,1.01739533718634,3,"Optimization has converged.",395,0.528
"396","CoopBreed","Interval.final",0.422955479688466,0.0477891583414541,-168.168865513098,1.01736759219771,0.049884335612126,4.77891583414541e-06,-167.847821191446,1.01736596251754,3,"Optimization has converged.",396,0.528
"397","CoopBreed","Interval.final",0.0151870867343643,0.0477891583414541,-168.168865513098,1.01736759219771,0.0356893758097726,0.261675735433763,-165.221548591731,1.01734016094904,3,"Optimization has converged.",397,0.528
"398","CoopBreed","Interval.final",0.215046526308438,0.0477891583414541,-168.168865513098,1.01736759219771,0.0413876381143187,0.1672551207712,-167.400303935887,1.05019370960063,3,"Optimization has converged.",398,0.528
"399","CoopBreed","Interval.final",0.000292733087732414,0.0477891583414541,-168.168865513098,1.01736759219771,0.0250523610299142,0.553918767589303,-161.610701055693,1.01738493091511,3,"Optimization has converged.",399,0.528
"400","CoopBreed","Interval.final",0.337500511627929,0.0477891583414541,-168.168865513098,1.01736759219771,0.0493926775374605,4.77891583414541e-06,-167.708914144559,1.01737057870415,3,"Optimization has converged.",400,0.528
"401","CoopBreed","Interval.final",0.892147561387701,0.0477891583414541,-168.168865513098,1.01736759219771,0.0485513662096658,0.0338699293048619,-168.1596735578,1.01736666152705,3,"Optimization has converged.",401,0.528
"402","CoopBreed","Interval.final",0.455651173901378,0.0477891583414541,-168.168865513098,1.01736759219771,0.0499103708356621,4.77891583414541e-06,-167.890587455761,1.01738279693772,3,"Optimization has converged.",402,0.528
"403","CoopBreed","Interval.final",0.0377906072525761,0.0477891583414541,-168.168865513098,1.01736759219771,0.0360999105186619,0.254285660249826,-166.011654515713,0.983403660084065,3,"Optimization has converged.",403,0.528
"404","CoopBreed","Interval.final",0.136891228190492,0.0477891583414541,-168.168865513098,1.01736759219771,0.0394409170687105,0.208455694509581,-167.062584871591,1.01735298406909,3,"Optimization has converged.",404,0.528
"405","CoopBreed","Interval.final",0.00646013710115748,0.0477891583414541,-168.168865513098,1.01736759219771,0.0312313853548745,0.367564562164305,-164.46023903783,0.912650793032834,3,"Optimization has converged.",405,0.528
"406","CoopBreed","Interval.final",0.0554494159398869,0.0477891583414541,-168.168865513098,1.01736759219771,0.0404372515168049,0.169608138497619,-166.334605738761,1.01738621287058,3,"Optimization has converged.",406,0.528
"407","CoopBreed","Interval.final",0.00508716823895848,0.0477891583414541,-168.168865513098,1.01736759219771,0.0370319528245271,0.202243474097509,-164.244771740304,1.01717557414578,3,"Optimization has converged.",407,0.528
"408","CoopBreed","Interval.final",0.189939736318391,0.0477891583414541,-168.168865513098,1.01736759219771,0.0405925401700698,0.183241290869661,-167.309823021206,1.0174543539673,3,"Optimization has converged.",408,0.528
"409","CoopBreed","Interval.final",0.0978413229780122,0.0477891583414541,-168.168865513098,1.01736759219771,0.0372605168044792,0.261392942006366,-166.79867408571,0.98246226971654,3,"Optimization has converged.",409,0.528
"410","CoopBreed","Interval.final",0.639963243655925,0.0477891583414541,-168.168865513098,1.01736759219771,0.0406508262685703,0.188461921434676,-168.059470392388,1.01737589900033,3,"Optimization has converged.",410,0.528
"411","CoopBreed","Interval.final",0.0208258370995666,0.0477891583414541,-168.168865513098,1.01736759219771,0.0330375209119633,0.346155772091532,-165.498211343448,1.01729462632877,3,"Optimization has converged.",411,0.528
"412","CoopBreed","Interval.final",0.0123210100093395,0.0477891583414541,-168.168865513098,1.01736759219771,0.0333709846437239,0.349492958110532,-165.036825282424,1.01738228822699,3,"Optimization has converged.",412,0.528
"413","CoopBreed","Interval.final",0.084007985084399,0.0477891583414541,-168.168865513098,1.01736759219771,0.0371577841697969,0.254930850925265,-166.676063949134,1.04510507573367,3,"Optimization has converged.",413,0.528
"414","CoopBreed","Interval.final",0.000724247196419568,0.0477891583414541,-168.168865513098,1.01736759219771,0.0293007736473315,0.385705923944062,-162.455881989554,1.01735772305677,3,"Optimization has converged.",414,0.528
"415","CoopBreed","Interval.final",0.0113790552688549,0.0477891583414541,-168.168865513098,1.01736759219771,0.0336524771863899,0.295697047021043,-164.96629628585,0.984963350769159,3,"Optimization has converged.",415,0.528
"416","CoopBreed","Interval.final",6.32183718117141e-07,0.0477891583414541,-168.168865513098,1.01736759219771,0.0201172257868075,0.471621488534541,-155.763103298699,1.01741451980761,3,"Optimization has converged.",416,0.528
"417","CoopBreed","Interval.final",0.0112866088388607,0.0477891583414541,-168.168865513098,1.01736759219771,0.0362827024874537,0.26230564595563,-164.95905377321,1.01736092047959,3,"Optimization has converged.",417,0.528
"418","CoopBreed","Interval.final",3.06400944308909e-05,0.0477891583414541,-168.168865513098,1.01736759219771,0.025422667110634,0.43079133468843,-159.480018861356,0.9652130241538,3,"Optimization may not have converged.  Consider increasing maxit.",418,0.528
"419","CoopBreed","Interval.final",0.836801645338647,0.0477891583414541,-168.168865513098,1.01736759219771,0.049756781519965,0.00206901176774127,-168.147650343772,1.01737949660267,3,"Optimization may not have converged.  Consider increasing maxit.",419,0.528
"420","CoopBreed","Interval.final",0.148284450347311,0.0477891583414541,-168.168865513098,1.01736759219771,0.0494235216386981,4.77891583414541e-06,-167.123960199517,1.017369002355,3,"Optimization has converged.",420,0.528
"421","CoopBreed","Interval.final",0.645244457614917,0.0477891583414541,-168.168865513098,1.01736759219771,0.0499834236264619,4.77891583414541e-06,-168.062891263088,1.01712624623432,3,"Optimization may not have converged.  Consider increasing maxit.",421,0.528
"422","CoopBreed","Interval.final",0.156668112788956,0.0477891583414541,-168.168865513098,1.01736759219771,0.0406057102466553,0.177537971708774,-167.165817929712,1.06729036570412,3,"Optimization has converged.",422,0.528
"423","CoopBreed","Interval.final",0.00340706503309343,0.0477891583414541,-168.168865513098,1.01736759219771,0.0324758105112397,0.300425619398208,-163.8810891195,0.960817381823938,3,"Optimization may not have converged.  Consider increasing maxit.",423,0.528
"424","CoopBreed","Interval.final",0.00787294431742457,0.0477891583414541,-168.168865513098,1.01736759219771,0.0349880160613205,0.295338792153354,-164.637790359879,1.01724755458231,3,"Optimization has converged.",424,0.528
"425","CoopBreed","Interval.final",0.60583351822313,0.0477891583414541,-168.168865513098,1.01736759219771,0.0500870441929675,4.77891583414541e-06,-168.035722078281,1.0173436270365,3,"Optimization has converged.",425,0.528
"426","CoopBreed","Interval.final",0.71024536642841,0.0477891583414541,-168.168865513098,1.01736759219771,0.0498195989875711,0.00502972149042837,-168.09984951529,1.01735962272718,3,"Optimization has converged.",426,0.528
"427","CoopBreed","Interval.final",0.374512827849794,0.0477891583414541,-168.168865513098,1.01736759219771,0.0435534571402605,0.136908472688672,-167.774547413725,1.01729212930592,3,"Optimization has converged.",427,0.528
"428","CoopBreed","Interval.final",0.341926276418019,0.0477891583414541,-168.168865513098,1.01736759219771,0.0498947711079432,4.77891583414541e-06,-167.717267676329,1.01737456771367,3,"Optimization has converged.",428,0.528
"429","CoopBreed","Interval.final",0.0127734682862355,0.0477891583414541,-168.168865513098,1.01736759219771,0.0242366093294797,0.586041381816832,-165.068757231642,1.08304078479787,3,"Optimization has converged.",429,0.528
"430","CoopBreed","Interval.final",0.00014893528941817,0.0477891583414541,-168.168865513098,1.01736759219771,0.0344154235705406,0.225263218367189,-160.976055243269,1.01742773750975,3,"Optimization has converged.",430,0.528
"431","CoopBreed","Interval.final",0.262953583094598,0.0477891583414541,-168.168865513098,1.01736759219771,0.0494402325039587,4.77891583414541e-06,-167.542295467019,1.01736708392629,3,"Optimization has converged.",431,0.528
"432","CoopBreed","Interval.final",0.00159292300862291,0.0477891583414541,-168.168865513098,1.01736759219771,0.0353973000734593,0.253553300961788,-163.184911038599,1.01757885895095,3,"Optimization has converged.",432,0.528
"433","CoopBreed","Interval.final",0.0385240819382637,0.0477891583414541,-168.168865513098,1.01736759219771,0.0332073494304829,0.341250109066427,-166.027999699423,1.01736774863204,3,"Optimization has converged.",433,0.528
"434","CoopBreed","Interval.final",0.44990165801229,0.0477891583414541,-168.168865513098,1.01736759219771,0.049654921489693,4.77891583414541e-06,-167.883415709818,1.01737096499023,3,"Optimization has converged.",434,0.528
"435","CoopBreed","Interval.final",0.0040550725680845,0.0477891583414541,-168.168865513098,1.01736759219771,0.0382184762614812,0.211688519630733,-164.039371486468,1.01735543750822,3,"Optimization has converged.",435,0.528
"436","CoopBreed","Interval.final",1.21357036616701e-05,0.0477891583414541,-168.168865513098,1.01736759219771,0.0299407655699043,0.310470477840552,-158.597959926158,1.05098248918663,3,"Optimization has converged.",436,0.528
"437","CoopBreed","Interval.final",1.16947129532151e-05,0.0477891583414541,-168.168865513098,1.01736759219771,0.0258627160740396,0.465031396220002,-158.562631928392,1.01736231530482,3,"Optimization has converged.",437,0.528
"438","CoopBreed","Interval.final",0.00011449858169448,0.0477891583414541,-168.168865513098,1.01736759219771,0.0158284510920573,0.661815091860289,-160.728266870838,1.15323595874054,3,"Optimization may not have converged.  Consider increasing maxit.",438,0.528
"439","CoopBreed","Interval.final",0.587842019857794,0.0477891583414541,-168.168865513098,1.01736759219771,0.0449370569042785,0.108179791031788,-168.022002012497,1.0173190972159,3,"Optimization has converged.",439,0.528
"440","CoopBreed","Interval.final",0.925314928213393,0.0477891583414541,-168.168865513098,1.01736759219771,0.0468801192100882,0.0687466934012713,-168.164471828844,1.01736624575207,3,"Optimization has converged.",440,0.528
"441","CoopBreed","Interval.final",0.479221758820761,0.0477891583414541,-168.168865513098,1.01736759219771,0.0501155460948645,4.77891583414541e-06,-167.918548602316,1.0173822638673,3,"Optimization may not have converged.  Consider increasing maxit.",441,0.528
"442","CoopBreed","Interval.final",0.363173506055168,0.0477891583414541,-168.168865513098,1.01736759219771,0.0497829604738236,4.77891583414541e-06,-167.755420760894,1.01736451405918,3,"Optimization has converged.",442,0.528
"443","CoopBreed","Interval.final",8.0253521094046e-08,0.0477891583414541,-168.168865513098,1.01736759219771,0.0178299386272838,0.525246707372492,-153.768894574949,0.957281008334201,3,"Optimization has converged.",443,0.528
"444","CoopBreed","Interval.final",0.000447719065764627,0.0477891583414541,-168.168865513098,1.01736759219771,0.0326592293853766,0.278629914813315,-162.008007817394,1.01749570609987,3,"Optimization has converged.",444,0.528
"445","CoopBreed","Interval.final",0.00309134849133897,0.0477891583414541,-168.168865513098,1.01736759219771,0.0364189038106993,0.215004397752618,-163.792488481987,1.01691901003677,3,"Optimization has converged.",445,0.528
"446","CoopBreed","Interval.final",0.0179662130588817,0.0477891583414541,-168.168865513098,1.01736759219771,0.0359679550040708,0.239915222789408,-165.369145205512,1.0172641937944,3,"Optimization has converged.",446,0.528
"447","CoopBreed","Interval.final",0.0282342857570235,0.0477891583414541,-168.168865513098,1.01736759219771,0.0371618010880409,0.223922589669027,-165.762013215747,1.01719011095017,3,"Optimization has converged.",447,0.528
"448","CoopBreed","Interval.final",0.234355561602679,0.0477891583414541,-168.168865513098,1.01736759219771,0.0414878692760743,0.176578311678425,-167.461750830892,1.01767340668878,3,"Optimization may not have converged.  Consider increasing maxit.",448,0.528
"449","CoopBreed","Interval.final",0.310308940676222,0.0477891583414541,-168.168865513098,1.01736759219771,0.049647590903709,4.77891583414541e-06,-167.654185317395,1.01737016108385,3,"Optimization has converged.",449,0.528
"450","CoopBreed","Interval.final",0.00126149263999327,0.0477891583414541,-168.168865513098,1.01736759219771,0.0307325209664274,0.375826202564051,-162.969846397674,0.956127517739569,3,"Optimization has converged.",450,0.528
"451","CoopBreed","Interval.final",4.46887399168282e-05,0.0477891583414541,-168.168865513098,1.01736759219771,0.0257496105407656,0.422831243799793,-159.838330383612,1.01780002619932,3,"Optimization has converged.",451,0.528
"452","CoopBreed","Interval.final",0.306363145084338,0.0477891583414541,-168.168865513098,1.01736759219771,0.0398843727126547,0.199664186485117,-167.645720647214,1.01736705205354,3,"Optimization has converged.",452,0.528
"453","CoopBreed","Interval.final",0.0498374722153166,0.0477891583414541,-168.168865513098,1.01736759219771,0.0399256684123727,0.18322196138372,-166.245406215925,1.01744756594752,3,"Optimization has converged.",453,0.528
"454","CoopBreed","Interval.final",0.00182600441837428,0.0477891583414541,-168.168865513098,1.01736759219771,0.033775664457256,0.27487049127357,-163.310512227249,1.10525156881004,3,"Optimization has converged.",454,0.528
"455","CoopBreed","Interval.final",0.237297139951896,0.0477891583414541,-168.168865513098,1.01736759219771,0.0496046306488331,4.77891583414541e-06,-167.470575839332,1.01736866241358,3,"Optimization may not have converged.  Consider increasing maxit.",455,0.528
"456","CoopBreed","Interval.final",0.415825874823658,0.0477891583414541,-168.168865513098,1.01736759219771,0.049855414255683,4.77891583414541e-06,-167.837824505937,1.01736467140084,3,"Optimization may not have converged.  Consider increasing maxit.",456,0.528
"457","CoopBreed","Interval.final",0.00201245339802333,0.0477891583414541,-168.168865513098,1.01736759219771,0.027506779011564,0.41075986132325,-163.399794406987,1.01682889100477,3,"Optimization has converged.",457,0.528
"458","CoopBreed","Interval.final",0.40776004725859,0.0477891583414541,-168.168865513098,1.01736759219771,0.0411094607842235,0.194912569968993,-167.826204414971,1.01736085646886,3,"Optimization has converged.",458,0.528
"459","CoopBreed","Interval.final",0.582766190094205,0.0477891583414541,-168.168865513098,1.01736759219771,0.0446473870709671,0.113422896785955,-168.017973530304,1.03199039024595,3,"Optimization has converged.",459,0.528
"460","CoopBreed","Interval.final",2.2482913575329e-06,0.0477891583414541,-168.168865513098,1.01736759219771,0.0248765069116837,0.399672763409194,-156.983737456043,0.996865688116761,3,"Optimization has converged.",460,0.528
"461","CoopBreed","Interval.final",0.343762528927478,0.0477891583414541,-168.168865513098,1.01736759219771,0.0437516477510927,0.127580121728196,-167.720690939629,1.01736739214871,3,"Optimization has converged.",461,0.528
"462","CoopBreed","Interval.final",0.00715890159245456,0.0477891583414541,-168.168865513098,1.01736759219771,0.0324434973455004,0.324023436365484,-164.552534992497,0.987489815677782,3,"Optimization has converged.",462,0.528
"463","CoopBreed","Interval.final",0.00624485907946543,0.0477891583414541,-168.168865513098,1.01736759219771,0.036938193975992,0.215720069155498,-164.429738382951,1.05807683172321,3,"Optimization has converged.",463,0.528
"464","CoopBreed","Interval.final",0.015253629354799,0.0477891583414541,-168.168865513098,1.01736759219771,0.032731467618643,0.321316403136689,-165.22539817363,0.987985200437876,3,"Optimization has converged.",464,0.528
"465","CoopBreed","Interval.final",0.151441295633085,0.0477891583414541,-168.168865513098,1.01736759219771,0.0414712839173475,0.170996588203697,-167.140029073111,1.01734843315669,3,"Optimization has converged.",465,0.528
"466","CoopBreed","Interval.final",0.575267569746335,0.0477891583414541,-168.168865513098,1.01736759219771,0.0499301344885708,4.77891583414541e-06,-168.011891505253,1.01738300000893,3,"Optimization has converged.",466,0.528
"467","CoopBreed","Interval.final",0.0111701388027778,0.0477891583414541,-168.168865513098,1.01736759219771,0.036187559033175,0.254656299918565,-164.949842026174,1.05186132952057,3,"Optimization has converged.",467,0.528
"468","CoopBreed","Interval.final",0.52067248038636,0.0477891583414541,-168.168865513098,1.01736759219771,0.0503245661977737,4.77891583414541e-06,-167.962584996912,1.01737170977042,3,"Optimization has converged.",468,0.528
"469","CoopBreed","Interval.final",0.457345448570701,0.0477891583414541,-168.168865513098,1.01736759219771,0.0413199656146201,0.189127381386068,-167.892673786471,1.01737436786519,3,"Optimization has converged.",469,0.528
"470","CoopBreed","Interval.final",0.0263195450212791,0.0477891583414541,-168.168865513098,1.01736759219771,0.0376806267676246,0.203794648106569,-165.701414184374,1.01733018892971,3,"Optimization has converged.",470,0.528
"471","CoopBreed","Interval.final",2.31637928055659e-06,0.0477891583414541,-168.168865513098,1.01736759219771,0.0224040921864256,0.460384977620909,-157.012385145569,1.0175134804187,3,"Optimization has converged.",471,0.528
"472","CoopBreed","Interval.final",0.00162730450430093,0.0477891583414541,-168.168865513098,1.01736759219771,0.0274450621901865,0.4756091954089,-163.204566592733,1.05151348594128,3,"Optimization has converged.",472,0.528
"473","CoopBreed","Interval.final",0.208348428154402,0.0477891583414541,-168.168865513098,1.01736759219771,0.0432198236135341,0.13118734261288,-167.377432778488,1.01736349802938,3,"Optimization has converged.",473,0.528
"474","CoopBreed","Interval.final",0.000354400806557279,0.0477891583414541,-168.168865513098,1.01736759219771,0.0262704597222154,0.40846104970845,-161.789630878115,0.991907021014862,3,"Optimization may not have converged.  Consider increasing maxit.",474,0.528
"475","CoopBreed","Interval.final",0.255534045943751,0.0477891583414541,-168.168865513098,1.01736759219771,0.0419465376945734,0.16124754808934,-167.522469481669,1.01723944658393,3,"Optimization has converged.",475,0.528
"476","CoopBreed","Interval.final",0.0479985463557473,0.0477891583414541,-168.168865513098,1.01736759219771,0.0327758624973244,0.319471947954318,-166.213847114619,0.979159850599315,3,"Optimization has converged.",476,0.528
"477","CoopBreed","Interval.final",0.908297133641099,0.0477891583414541,-168.168865513098,1.01736759219771,0.0462859374231615,0.080292655560246,-168.162231524192,1.01736689446763,3,"Optimization has converged.",477,0.528
"478","CoopBreed","Interval.final",1.37806640178081e-05,0.0477891583414541,-168.168865513098,1.01736759219771,0.025937103182605,0.400406547101816,-158.719239153242,0.968177903594509,3,"Optimization has converged.",478,0.528
"479","CoopBreed","Interval.final",0.000344645466615695,0.0477891583414541,-168.168865513098,1.01736759219771,0.0286141809654048,0.375606440730123,-161.763523297648,1.01740316937151,3,"Optimization may not have converged.  Consider increasing maxit.",479,0.528
"480","CoopBreed","Interval.final",7.10669689329909e-06,0.0477891583414541,-168.168865513098,1.01736759219771,0.018525668057086,0.579342560680222,-158.086715660256,1.01739589826686,3,"Optimization has converged.",480,0.528
"481","CoopBreed","Interval.final",2.47555168132394e-06,0.0477891583414541,-168.168865513098,1.01736759219771,0.0257221565388754,0.398668810948282,-157.07618898118,1.01735833614346,3,"Optimization has converged.",481,0.528
"482","CoopBreed","Interval.final",0.501580503865756,0.0477891583414541,-168.168865513098,1.01736759219771,0.0428907788948001,0.160189621957565,-167.943070143202,1.01736070074068,3,"Optimization has converged.",482,0.528
"483","CoopBreed","Interval.final",0.397091490196765,0.0477891583414541,-168.168865513098,1.01736759219771,0.0396648821511384,0.215280202296548,-167.810307428523,1.03176758663746,3,"Optimization has converged.",483,0.528
"484","CoopBreed","Interval.final",0.00300269486587271,0.0477891583414541,-168.168865513098,1.01736759219771,0.0187103086240298,0.688954233797803,-163.765950425954,0.967391761519081,3,"Optimization has converged.",484,0.528
"485","CoopBreed","Interval.final",0.511313870101152,0.0477891583414541,-168.168865513098,1.01736759219771,0.0426514639976576,0.162849417168017,-167.953176831648,1.01736479084535,3,"Optimization has converged.",485,0.528
"486","CoopBreed","Interval.final",0.456224512768909,0.0477891583414541,-168.168865513098,1.01736759219771,0.0498872363039669,4.77891583414541e-06,-167.891294832094,1.01736667728707,3,"Optimization has converged.",486,0.528
"487","CoopBreed","Interval.final",0.688211984098176,0.0477891583414541,-168.168865513098,1.01736759219771,0.0448466602200222,0.116829792639475,-168.088351602235,1.01734121710129,3,"Optimization has converged.",487,0.528
"488","CoopBreed","Interval.final",0.00091365029116194,0.0477891583414541,-168.168865513098,1.01736759219771,0.0349518108778716,0.248346759582268,-162.671436677713,1.05818721871005,3,"Optimization has converged.",488,0.528
"489","CoopBreed","Interval.final",0.867538075763039,0.0477891583414541,-168.168865513098,1.01736759219771,0.0466786169311558,0.0693221028049473,-168.154956652104,1.01736727251899,3,"Optimization has converged.",489,0.528
"490","CoopBreed","Interval.final",0.001324280564248,0.0477891583414541,-168.168865513098,1.01736759219771,0.0328655363707992,0.313042473597475,-163.014679519605,0.997472348366996,3,"Optimization has converged.",490,0.528
"491","CoopBreed","Interval.final",0.0107734813567829,0.0477891583414541,-168.168865513098,1.01736759219771,0.0326555244964771,0.353803230115753,-164.917713670071,1.05314319834764,3,"Optimization has converged.",491,0.528
"492","CoopBreed","Interval.final",0.000136837833815472,0.0477891583414541,-168.168865513098,1.01736759219771,0.0193869028849445,0.6165294387197,-160.89627251102,1.00975716108554,3,"Optimization has converged.",492,0.528
"493","CoopBreed","Interval.final",0.167107641391108,0.0477891583414541,-168.168865513098,1.01736759219771,0.0490794469339183,4.77891583414541e-06,-167.214515086404,1.01736915343053,3,"Optimization has converged.",493,0.528
"494","CoopBreed","Interval.final",0.769011898801003,0.0477891583414541,-168.168865513098,1.01736759219771,0.0498060319184215,4.77891583414541e-06,-168.125745177374,1.01736481930527,3,"Optimization has converged.",494,0.528
"495","CoopBreed","Interval.final",0.0613293321126221,0.0477891583414541,-168.168865513098,1.01736759219771,0.0355996785339721,0.28733841006043,-166.418332396091,1.01736976465566,3,"Optimization has converged.",495,0.528
"496","CoopBreed","Interval.final",0.229707901785649,0.0477891583414541,-168.168865513098,1.01736759219771,0.0413407496965623,0.174794137448833,-167.447530937745,1.01765413074196,3,"Optimization may not have converged.  Consider increasing maxit.",496,0.528
"497","CoopBreed","Interval.final",0.0719883633132104,0.0477891583414541,-168.168865513098,1.01736759219771,0.0400867425857588,0.191550896070456,-166.550320142156,1.05304318382372,3,"Optimization has converged.",497,0.528
"498","CoopBreed","Interval.final",0.0396647863327539,0.0477891583414541,-168.168865513098,1.01736759219771,0.0388708064947657,0.218021478698366,-166.052782410234,1.01737275471474,3,"Optimization has converged.",498,0.528
"499","CoopBreed","Interval.final",0.00222222292804909,0.0477891583414541,-168.168865513098,1.01736759219771,0.0314336592706815,0.322595297029836,-163.490723758624,1.07284079124007,3,"Optimization has converged.",499,0.528
"500","CoopBreed","Interval.final",0.0573778195404862,0.0477891583414541,-168.168865513098,1.01736759219771,0.0415034292394533,0.156323362463113,-166.363064456807,1.01762206896598,3,"Optimization may not have converged.  Consider increasing maxit.",500,0.528
"501","CoopBreed","Interval.final",0.0105461652045928,0.0477891583414541,-168.168865513098,1.01736759219771,0.0331151461475074,0.342180643927974,-164.898749995674,0.989498243803147,3,"Optimization may not have converged.  Consider increasing maxit.",501,0.528
"502","CoopBreed","Interval.final",0.159852513715855,0.0477891583414541,-168.168865513098,1.01736759219771,0.0494201983933069,4.77891583414541e-06,-167.181055142319,1.01737117641427,3,"Optimization has converged.",502,0.528
"503","CoopBreed","Interval.final",0.797812853227442,0.0477891583414541,-168.168865513098,1.01736759219771,0.0457278715653829,0.0868187095780424,-168.136051749374,1.0173769874435,3,"Optimization has converged.",503,0.528
"504","CoopBreed","Interval.final",0.00765401567172926,0.0477891583414541,-168.168865513098,1.01736759219771,0.0368257926868231,0.21979051558634,-164.612520381121,1.01725232671307,3,"Optimization has converged.",504,0.528
"505","CoopBreed","Interval.final",0.204316701723322,0.0477891583414541,-168.168865513098,1.01736759219771,0.0494706588698405,4.77891583414541e-06,-167.363242372082,1.01736643435918,3,"Optimization has converged.",505,0.528
"506","CoopBreed","Interval.final",0.596569114534601,0.0477891583414541,-168.168865513098,1.01736759219771,0.0499087192883749,4.77891583414541e-06,-168.028764715484,1.01736712481037,3,"Optimization has converged.",506,0.528
"507","CoopBreed","Interval.final",0.00707081314713108,0.0477891583414541,-168.168865513098,1.01736759219771,0.0388445763172682,0.175147190575515,-164.541419608093,1.01732347203994,3,"Optimization has converged.",507,0.528
"508","CoopBreed","Interval.final",0.596852404114864,0.0477891583414541,-168.168865513098,1.01736759219771,0.0451040359166049,0.0975889342299077,-168.028980816269,1.01736792228051,3,"Optimization has converged.",508,0.528
"509","CoopBreed","Interval.final",0.00853947497913369,0.0477891583414541,-168.168865513098,1.01736759219771,0.0329632513365497,0.344973795242723,-164.710518980468,0.98731888159193,3,"Optimization has converged.",509,0.528
"510","CoopBreed","Interval.final",0.0899059529924602,0.0477891583414541,-168.168865513098,1.01736759219771,0.0494486171024447,4.77891583414541e-06,-166.730837255172,1.01736987529036,3,"Optimization has converged.",510,0.528
"511","CoopBreed","Interval.final",0.312297741071855,0.0477891583414541,-168.168865513098,1.01736759219771,0.0500415069510265,4.77891583414541e-06,-167.658398886394,1.01736230755523,3,"Optimization has converged.",511,0.528
"512","CoopBreed","Interval.final",0.342602695537448,0.0477891583414541,-168.168865513098,1.01736759219771,0.0496455204140502,4.77891583414541e-06,-167.718531581384,1.01736934470132,3,"Optimization has converged.",512,0.528
"513","CoopBreed","Interval.final",7.12952268858111e-05,0.0477891583414541,-168.168865513098,1.01736759219771,0.0316580385612747,0.27690922010713,-160.280785458968,1.01725980712153,3,"Optimization has converged.",513,0.528
"514","CoopBreed","Interval.final",2.60336801642973e-05,0.0477891583414541,-168.168865513098,1.01736759219771,0.0283306166926048,0.353093046898443,-159.325133971107,1.01742406431288,3,"Optimization has converged.",514,0.528
"515","CoopBreed","Interval.final",0.00098054908167375,0.0477891583414541,-168.168865513098,1.01736759219771,0.0342964954746536,0.26247454463749,-162.736895978641,1.11467923924845,3,"Optimization has converged.",515,0.528
"516","CoopBreed","Interval.final",0.166686674599964,0.0477891583414541,-168.168865513098,1.01736759219771,0.049319575066477,4.77891583414541e-06,-167.212619372223,1.01736994291826,3,"Optimization has converged.",516,0.528
"517","CoopBreed","Interval.final",0.89504776164923,0.0477891583414541,-168.168865513098,1.01736759219771,0.0471072547169631,0.0638138969313637,-168.160164102,1.01736773462209,3,"Optimization has converged.",517,0.528
"518","CoopBreed","Interval.final",0.846309919714387,0.0477891583414541,-168.168865513098,1.01736759219771,0.0469210612876809,0.0679607619249405,-168.150080707335,1.01736759020154,3,"Optimization has converged.",518,0.528
"519","CoopBreed","Interval.final",0.00267428194814944,0.0477891583414541,-168.168865513098,1.01736759219771,0.0328227179307337,0.286470828211068,-163.660188332421,0.952675883513708,3,"Optimization has converged.",519,0.528
"520","CoopBreed","Interval.final",0.0225298765670867,0.0477891583414541,-168.168865513098,1.01736759219771,0.036153858961607,0.263587164178762,-165.566668872303,1.01830000683613,3,"Optimization has converged.",520,0.528
"521","CoopBreed","Interval.final",0.643390571301311,0.0477891583414541,-168.168865513098,1.01736759219771,0.0498893929932998,4.77891583414541e-06,-168.061697938563,1.0173615898084,3,"Optimization may not have converged.  Consider increasing maxit.",521,0.528
"522","CoopBreed","Interval.final",0.0143554233481443,0.0477891583414541,-168.168865513098,1.01736759219771,0.035008444746404,0.278936575708628,-165.171915129575,1.03000961411836,3,"Optimization has converged.",522,0.528
"523","CoopBreed","Interval.final",0.375189104974204,0.0477891583414541,-168.168865513098,1.01736759219771,0.0493324498202781,4.77891583414541e-06,-167.775662538764,1.01736616548931,3,"Optimization has converged.",523,0.528
"524","CoopBreed","Interval.final",0.161748196062398,0.0477891583414541,-168.168865513098,1.01736759219771,0.0493590737949898,4.77891583414541e-06,-167.189962694043,1.01736854913757,3,"Optimization has converged.",524,0.528
"525","CoopBreed","Interval.final",0.744294284274362,0.0477891583414541,-168.168865513098,1.01736759219771,0.0454666404702964,0.0945009618671776,-168.115671451981,1.00035077022142,3,"Optimization has converged.",525,0.528
"526","CoopBreed","Interval.final",0.41484040851171,0.0477891583414541,-168.168865513098,1.01736759219771,0.044304112729755,0.120370535507102,-167.836422692594,1.01736769982192,3,"Optimization has converged.",526,0.528
"527","CoopBreed","Interval.final",0.902652279814619,0.0477891583414541,-168.168865513098,1.01736759219771,0.0487317325002729,0.0259913079069322,-168.16138545465,1.01715714363384,3,"Optimization has converged.",527,0.528
"528","CoopBreed","Interval.final",0.166120956896634,0.0477891583414541,-168.168865513098,1.01736759219771,0.0491966236428246,4.77891583414541e-06,-167.210063160902,1.01736878637173,3,"Optimization has converged.",528,0.528
"529","CoopBreed","Interval.final",0.720038840740164,0.0477891583414541,-168.168865513098,1.01736759219771,0.0492686954634601,0.0182747230889677,-168.104637765869,1.01737190173282,3,"Optimization has converged.",529,0.528
"530","CoopBreed","Interval.final",0.475251989276437,0.0477891583414541,-168.168865513098,1.01736759219771,0.0498054126166956,4.77891583414541e-06,-167.91399615911,1.0173665127258,3,"Optimization has converged.",530,0.528
"531","CoopBreed","Interval.final",0.000652940674100829,0.0477891583414541,-168.168865513098,1.01736759219771,0.0356886441014874,0.200033596153535,-162.359544661139,1.09413037379999,3,"Optimization has converged.",531,0.528
"532","CoopBreed","Interval.final",0.00183573087299826,0.0477891583414541,-168.168865513098,1.01736759219771,0.0233847643106493,0.554716550975652,-163.315393807073,0.905807611265527,3,"Optimization has converged.",532,0.528
"533","CoopBreed","Interval.final",0.129821334282991,0.0477891583414541,-168.168865513098,1.01736759219771,0.0494657540421604,4.77891583414541e-06,-167.021545670693,1.01736721317163,3,"Optimization has converged.",533,0.528
"534","CoopBreed","Interval.final",0.0472860923044237,0.0477891583414541,-168.168865513098,1.01736759219771,0.0384244810249623,0.225018147055368,-166.201275735295,0.991298449010038,3,"Optimization has converged.",534,0.528
"535","CoopBreed","Interval.final",0.127241537230075,0.0477891583414541,-168.168865513098,1.01736759219771,0.0493538278526394,4.77891583414541e-06,-167.005945638569,1.01736977371822,3,"Optimization has converged.",535,0.528
"536","CoopBreed","Interval.final",0.336790603968089,0.0477891583414541,-168.168865513098,1.01736759219771,0.0495799396819831,4.77891583414541e-06,-167.707560514131,1.01736976523179,3,"Optimization has converged.",536,0.528
"537","CoopBreed","Interval.final",0.000132594605448034,0.0477891583414541,-168.168865513098,1.01736759219771,0.0286463682857724,0.360897404172917,-160.86659471065,1.01734398728927,3,"Optimization has converged.",537,0.528
"538","CoopBreed","Interval.final",0.172837194258643,0.0477891583414541,-168.168865513098,1.01736759219771,0.0492383940394083,4.77891583414541e-06,-167.239784999757,1.01736670918345,3,"Optimization has converged.",538,0.528
"539","CoopBreed","Interval.final",0.4803467387876,0.0477891583414541,-168.168865513098,1.01736759219771,0.050026536061053,4.77891583414541e-06,-167.9198275195,1.01736590229202,3,"Optimization has converged.",539,0.528
"540","CoopBreed","Interval.final",0.2441582844467,0.0477891583414541,-168.168865513098,1.01736759219771,0.0495813409244074,4.77891583414541e-06,-167.490653766594,1.01736848812355,3,"Optimization has converged.",540,0.528
"541","CoopBreed","Interval.final",0.30425819286052,0.0477891583414541,-168.168865513098,1.01736759219771,0.049424458989628,4.77891583414541e-06,-167.641146972453,1.01736732064863,3,"Optimization has converged.",541,0.528
"542","CoopBreed","Interval.final",0.000258016682994513,0.0477891583414541,-168.168865513098,1.01736759219771,0.0284264811922466,0.423890196562765,-161.49239142337,0.972420338923131,3,"Optimization has converged.",542,0.528
"543","CoopBreed","Interval.final",0.00217859689632826,0.0477891583414541,-168.168865513098,1.01736759219771,0.0307997835998406,0.349891897480547,-163.472551520152,1.02553947775836,3,"Optimization has converged.",543,0.528
"544","CoopBreed","Interval.final",0.00524805043148547,0.0477891583414541,-168.168865513098,1.01736759219771,0.0316168010253417,0.371515212373222,-164.272907376389,0.961185847067357,3,"Optimization has converged.",544,0.528
"545","CoopBreed","Interval.final",0.288226627317928,0.0477891583414541,-168.168865513098,1.01736759219771,0.0496119359226123,4.77891583414541e-06,-167.604922323257,1.01736895445768,3,"Optimization has converged.",545,0.528
"546","CoopBreed","Interval.final",0.00497202323863931,0.0477891583414541,-168.168865513098,1.01736759219771,0.0359850559920203,0.238538237366497,-164.224072296436,1.01727931044099,3,"Optimization has converged.",546,0.528
"547","CoopBreed","Interval.final",0.725870552985647,0.0477891583414541,-168.168865513098,1.01736759219771,0.049904613840924,4.77891583414541e-06,-168.107396967068,1.01736280698019,3,"Optimization has converged.",547,0.528
"548","CoopBreed","Interval.final",0.411907301237469,0.0477891583414541,-168.168865513098,1.01736759219771,0.0429049425810579,0.148050026047646,-167.832221077146,1.01731601970847,3,"Optimization has converged.",548,0.528
"549","CoopBreed","Interval.final",0.000313862349191361,0.0477891583414541,-168.168865513098,1.01736759219771,0.033530204763821,0.259491131538943,-161.675965932005,1.01730339777864,3,"Optimization has converged.",549,0.528
"550","CoopBreed","Interval.final",0.389235932429778,0.0477891583414541,-168.168865513098,1.01736759219771,0.0397465411275657,0.23153137425767,-167.798201713555,1.01736616350118,3,"Optimization has converged.",550,0.528
"551","CoopBreed","Interval.final",0.108870854133297,0.0477891583414541,-168.168865513098,1.01736759219771,0.0493151576138849,4.77891583414541e-06,-166.883597633254,1.01736712908491,3,"Optimization has converged.",551,0.528
"552","CoopBreed","Interval.final",0.0168789301267775,0.0477891583414541,-168.168865513098,1.01736759219771,0.0393717712955532,0.192214026620836,-165.314406014517,1.01728583109972,3,"Optimization has converged.",552,0.528
"553","CoopBreed","Interval.final",0.101270466279489,0.0477891583414541,-168.168865513098,1.01736759219771,0.0391694763723445,0.214890296827505,-166.82615508095,1.01729586573387,3,"Optimization has converged.",553,0.528
"554","CoopBreed","Interval.final",0.000308100181227873,0.0477891583414541,-168.168865513098,1.01736759219771,0.0116763369908239,0.801400195628873,-161.658617455118,1.01799079443377,3,"Optimization may not have converged.  Consider increasing maxit.",554,0.528
"555","CoopBreed","Interval.final",0.210119937650921,0.0477891583414541,-168.168865513098,1.01736759219771,0.0494375052273364,4.77891583414541e-06,-167.383565640847,1.01736694854409,3,"Optimization has converged.",555,0.528
"556","CoopBreed","Interval.final",0.263077955708963,0.0477891583414541,-168.168865513098,1.01736759219771,0.0495124660245609,4.77891583414541e-06,-167.542621884169,1.01736937376729,3,"Optimization has converged.",556,0.528
"557","CoopBreed","Interval.final",0.355668626393377,0.0477891583414541,-168.168865513098,1.01736759219771,0.0393807981695717,0.211573444857082,-167.742300947638,0.98476575068198,3,"Optimization may not have converged.  Consider increasing maxit.",557,0.528
"558","CoopBreed","Interval.final",0.000167593125765968,0.0477891583414541,-168.168865513098,1.01736759219771,0.0322401427886102,0.292866078310821,-161.087131792583,1.01722174147915,3,"Optimization may not have converged.  Consider increasing maxit.",558,0.528
"559","CoopBreed","Interval.final",0.000181249017483249,0.0477891583414541,-168.168865513098,1.01736759219771,0.0237535262864357,0.547871943063247,-161.160799952542,1.06728606884257,3,"Optimization has converged.",559,0.528
"560","CoopBreed","Interval.final",0.000309759061048823,0.0477891583414541,-168.168865513098,1.01736759219771,0.0320854130872959,0.32333048498982,-161.663645246661,1.01737877986039,3,"Optimization may not have converged.  Consider increasing maxit.",560,0.528
"561","CoopBreed","Interval.final",0.303963152584518,0.0477891583414541,-168.168865513098,1.01736759219771,0.0431174286957167,0.145482474290318,-167.640502632486,1.01735656130936,3,"Optimization has converged.",561,0.528
"562","CoopBreed","Interval.final",0.00167376943188427,0.0477891583414541,-168.168865513098,1.01736759219771,0.0305167866339487,0.359927566561936,-163.230471929206,1.05304588302867,3,"Optimization has converged.",562,0.528
"563","CoopBreed","Interval.final",0.0655952225581464,0.0477891583414541,-168.168865513098,1.01736759219771,0.0394058115367122,0.203338892287323,-166.473894086245,1.01731871430457,3,"Optimization has converged.",563,0.528
"564","CoopBreed","Interval.final",0.689135161321433,0.0477891583414541,-168.168865513098,1.01736759219771,0.0499494990738008,4.77891583414541e-06,-168.088853914897,1.01736662637598,3,"Optimization has converged.",564,0.528
"565","CoopBreed","Interval.final",9.24130730062178e-05,0.0477891583414541,-168.168865513098,1.01736759219771,0.0254671295835065,0.488373716266597,-160.526011526263,0.99919826249013,3,"Optimization has converged.",565,0.528
"566","CoopBreed","Interval.final",0.0135325554862191,0.0477891583414541,-168.168865513098,1.01736759219771,0.0366702450046124,0.238836359908013,-165.119804070978,0.940253265503886,3,"Optimization has converged.",566,0.528
"567","CoopBreed","Interval.final",0.203380876905486,0.0477891583414541,-168.168865513098,1.01736759219771,0.0402681957580291,0.200851945668066,-167.359901285117,1.01736354424315,3,"Optimization has converged.",567,0.528
"568","CoopBreed","Interval.final",0.010373459296293,0.0477891583414541,-168.168865513098,1.01736759219771,0.0290684642234397,0.41503659895942,-164.884059766492,1.06990690403328,3,"Optimization has converged.",568,0.528
"569","CoopBreed","Interval.final",0.383989274374536,0.0477891583414541,-168.168865513098,1.01736759219771,0.0498347557689808,4.77891583414541e-06,-167.789919915369,1.0173700812588,3,"Optimization has converged.",569,0.528
"570","CoopBreed","Interval.final",0.00184255914540871,0.0477891583414541,-168.168865513098,1.01736759219771,0.0292997674232209,0.371787530143624,-163.318805191367,1.01832600643932,3,"Optimization has converged.",570,0.528
"571","CoopBreed","Interval.final",0.0071939901611945,0.0477891583414541,-168.168865513098,1.01736759219771,0.036338926100251,0.261161122471552,-164.556923751789,0.94162285849901,3,"Optimization has converged.",571,0.528
"572","CoopBreed","Interval.final",0.151498259292003,0.0477891583414541,-168.168865513098,1.01736759219771,0.0493766217828046,4.77891583414541e-06,-167.140315538086,1.01736720419596,3,"Optimization has converged.",572,0.528
"573","CoopBreed","Interval.final",0.648395379163296,0.0477891583414541,-168.168865513098,1.01736759219771,0.0499522597473793,4.77891583414541e-06,-168.064900937961,1.0170920381214,3,"Optimization has converged.",573,0.528
"574","CoopBreed","Interval.final",0.000967072711434528,0.0477891583414541,-168.168865513098,1.01736759219771,0.0345666844987052,0.242996297339012,-162.724080459822,1.01755720016068,3,"Optimization has converged.",574,0.528
"575","CoopBreed","Interval.final",0.260148830426867,0.0477891583414541,-168.168865513098,1.01736759219771,0.0497628812843464,4.77891583414541e-06,-167.534883115549,1.01736748278595,3,"Optimization may not have converged.  Consider increasing maxit.",575,0.528
"576","CoopBreed","Interval.final",0.0247171589898684,0.0477891583414541,-168.168865513098,1.01736759219771,0.0372307372115996,0.23083203776963,-165.647068526982,1.01738648148452,3,"Optimization has converged.",576,0.528
"577","CoopBreed","Interval.final",0.249523362890164,0.0477891583414541,-168.168865513098,1.01736759219771,0.041121041430359,0.174993900058564,-167.505880335477,1.0173650942637,3,"Optimization may not have converged.  Consider increasing maxit.",577,0.528
"578","CoopBreed","Interval.final",0.00749780070174412,0.0477891583414541,-168.168865513098,1.01736759219771,0.0346988626058521,0.303637750456141,-164.59403321133,1.01735618713302,3,"Optimization has converged.",578,0.528
"579","CoopBreed","Interval.final",0.57710825324336,0.0477891583414541,-168.168865513098,1.01736759219771,0.043567579001109,0.14018797008257,-168.013399037907,1.01737019809039,3,"Optimization has converged.",579,0.528
"580","CoopBreed","Interval.final",0.400915774595281,0.0477891583414541,-168.168865513098,1.01736759219771,0.0500008001106134,4.77891583414541e-06,-167.816076581471,1.01736197893449,3,"Optimization has converged.",580,0.528
"581","CoopBreed","Interval.final",0.000457601880013504,0.0477891583414541,-168.168865513098,1.01736759219771,0.0308830494599705,0.320033345057562,-162.028383393502,0.992638853092192,3,"Optimization has converged.",581,0.528
"582","CoopBreed","Interval.final",0.011242195840995,0.0477891583414541,-168.168865513098,1.01736759219771,0.0394131464693783,0.16322737318567,-164.955552655774,1.01736824043073,3,"Optimization has converged.",582,0.528
"583","CoopBreed","Interval.final",0.712654292226758,0.0477891583414541,-168.168865513098,1.01736759219771,0.0501037098851531,4.77891583414541e-06,-168.101045409432,1.01737716265554,3,"Optimization has converged.",583,0.528
"584","CoopBreed","Interval.final",0.495646543109325,0.0477891583414541,-168.168865513098,1.01736759219771,0.0432852264335196,0.141360073082461,-167.936742821963,1.01736501411406,3,"Optimization has converged.",584,0.528
"585","CoopBreed","Interval.final",0.280934675304903,0.0477891583414541,-168.168865513098,1.01736759219771,0.0496719190895225,4.77891583414541e-06,-167.587584121794,1.01736370610745,3,"Optimization may not have converged.  Consider increasing maxit.",585,0.528
"586","CoopBreed","Interval.final",0.000215125989894773,0.0477891583414541,-168.168865513098,1.01736759219771,0.0256606547750133,0.432368222973309,-161.321801144435,1.01744654486524,3,"Optimization may not have converged.  Consider increasing maxit.",586,0.528
"587","CoopBreed","Interval.final",0.451538336620929,0.0477891583414541,-168.168865513098,1.01736759219771,0.0498672052285838,4.77891583414541e-06,-167.88547179687,1.01736821123921,3,"Optimization has converged.",587,0.528
"588","CoopBreed","Interval.final",0.102136650906286,0.0477891583414541,-168.168865513098,1.01736759219771,0.0342300176764787,0.327349707585431,-166.832935945499,0.969157830139896,3,"Optimization has converged.",588,0.528
"589","CoopBreed","Interval.final",0.300052268205164,0.0477891583414541,-168.168865513098,1.01736759219771,0.0411686843558334,0.184775445656291,-167.631884585506,1.01737492052609,3,"Optimization has converged.",589,0.528
"590","CoopBreed","Interval.final",0.000346026064788565,0.0477891583414541,-168.168865513098,1.01736759219771,0.0312050772841802,0.306414977196123,-161.767263046221,1.01749286852287,3,"Optimization has converged.",590,0.528
"591","CoopBreed","Interval.final",0.534499427697635,0.0477891583414541,-168.168865513098,1.01736759219771,0.043807591955611,0.129810498942153,-167.975950429826,1.01736924511387,3,"Optimization has converged.",591,0.528
"592","CoopBreed","Interval.final",0.583261286836218,0.0477891583414541,-168.168865513098,1.01736759219771,0.0502174406584928,4.77891583414541e-06,-168.018369587909,1.01736581439604,3,"Optimization has converged.",592,0.528
"593","CoopBreed","Interval.final",0.0136123133207507,0.0477891583414541,-168.168865513098,1.01736759219771,0.0312988378379022,0.388582743041335,-165.124995763218,0.963626675891423,3,"Optimization has converged.",593,0.528
"594","CoopBreed","Interval.final",6.43976928176317e-05,0.0477891583414541,-168.168865513098,1.01736759219771,0.0271452893161949,0.407000906192716,-160.184504227599,1.0562689286455,3,"Optimization has converged.",594,0.528
"595","CoopBreed","Interval.final",0.000888230786892825,0.0477891583414541,-168.168865513098,1.01736759219771,0.0301128951169625,0.379691727227548,-162.645284695163,1.01737056470093,3,"Optimization has converged.",595,0.528
"596","CoopBreed","Interval.final",0.240274514335045,0.0477891583414541,-168.168865513098,1.01736759219771,0.0494101855452769,4.77891583414541e-06,-167.479374185973,1.01737057348115,3,"Optimization has converged.",596,0.528
"597","CoopBreed","Interval.final",0.000433651171586867,0.0477891583414541,-168.168865513098,1.01736759219771,0.032922064969441,0.270762679246626,-161.978207023079,0.932498799554306,3,"Optimization has converged.",597,0.528
"598","CoopBreed","Interval.final",0.0319329950903791,0.0477891583414541,-168.168865513098,1.01736759219771,0.0353918763828881,0.292002528619082,-165.867820255071,0.978060550756501,3,"Optimization may not have converged.  Consider increasing maxit.",598,0.528
"599","CoopBreed","Interval.final",0.549030285405395,0.0477891583414541,-168.168865513098,1.01736759219771,0.0441930715155652,0.131010652060397,-167.989336891683,1.0079470869162,3,"Optimization has converged.",599,0.528
"600","CoopBreed","Interval.final",0.0188217117393939,0.0477891583414541,-168.168865513098,1.01736759219771,0.032222895808825,0.394563689795645,-165.409863014795,1.01723696981315,3,"Optimization has converged.",600,0.528
"601","CoopBreed","Interval.final",0.00386631990006951,0.0477891583414541,-168.168865513098,1.01736759219771,0.0382102336913119,0.184119522184248,-163.996087889288,1.01737394657262,3,"Optimization has converged.",601,0.528
"602","CoopBreed","Interval.final",0.706407096187485,0.0477891583414541,-168.168865513098,1.01736759219771,0.0440624073125029,0.121223222980739,-168.097919406678,1.04633519607898,3,"Optimization has converged.",602,0.528
"603","CoopBreed","Interval.final",0.0001410930638743,0.0477891583414541,-168.168865513098,1.01736759219771,0.0314378326424522,0.301190910979431,-160.925117973712,1.01739391569602,3,"Optimization has converged.",603,0.528
"604","CoopBreed","Interval.final",0.021948332056506,0.0477891583414541,-168.168865513098,1.01736759219771,0.0384140439969566,0.19644348562933,-165.543927395096,1.0343560084387,3,"Optimization has converged.",604,0.528
"605","CoopBreed","Interval.final",0.116132917190316,0.0477891583414541,-168.168865513098,1.01736759219771,0.049351577842456,4.77891583414541e-06,-166.934508579389,1.01737126829286,3,"Optimization has converged.",605,0.528
"606","CoopBreed","Interval.final",0.00156438125424656,0.0477891583414541,-168.168865513098,1.01736759219771,0.0379579529584229,0.193210324774236,-163.168264750096,1.05011864357039,3,"Optimization has converged.",606,0.528
"607","CoopBreed","Interval.final",0.132200680975467,0.0477891583414541,-168.168865513098,1.01736759219771,0.0387989421812512,0.268637694159721,-167.035630298545,1.01736933946087,3,"Optimization has converged.",607,0.528
"608","CoopBreed","Interval.final",0.00144871096414983,0.0477891583414541,-168.168865513098,1.01736759219771,0.0381899870011597,0.168085029492453,-163.097498251266,1.01739454934459,3,"Optimization has converged.",608,0.528
"609","CoopBreed","Interval.final",0.0059191906862763,0.0477891583414541,-168.168865513098,1.01736759219771,0.0261907828744536,0.52012609397157,-164.381495351521,1.05781789723154,3,"Optimization has converged.",609,0.528
"610","CoopBreed","Interval.final",0.1403932587743,0.0477891583414541,-168.168865513098,1.01736759219771,0.0491249677440654,4.77891583414541e-06,-167.08204376264,1.01737002261043,3,"Optimization has converged.",610,0.528
"611","CoopBreed","Interval.final",0.170947497521492,0.0477891583414541,-168.168865513098,1.01736759219771,0.0430096773249856,0.129036862026898,-167.231558210544,1.01737550936901,3,"Optimization has converged.",611,0.528
"612","CoopBreed","Interval.final",0.154990268315747,0.0477891583414541,-168.168865513098,1.01736759219771,0.0354394213299728,0.307286034450642,-167.157647234509,1.05710913141652,3,"Optimization may not have converged.  Consider increasing maxit.",612,0.528
"613","CoopBreed","Interval.final",0.203663912153419,0.0477891583414541,-168.168865513098,1.01736759219771,0.0408398614337057,0.208300572476735,-167.360913687122,1.01754218683342,3,"Optimization has converged.",613,0.528
"614","CoopBreed","Interval.final",0.479755028138804,0.0477891583414541,-168.168865513098,1.01736759219771,0.0496228942648989,4.77891583414541e-06,-167.919155454073,1.01740461739436,3,"Optimization has converged.",614,0.528
"615","CoopBreed","Interval.final",0.0427815111821533,0.0477891583414541,-168.168865513098,1.01736759219771,0.0383260769270835,0.209134029765073,-166.116858137746,1.05095433623268,3,"Optimization has converged.",615,0.528
"616","CoopBreed","Interval.final",0.0344857116356358,0.0477891583414541,-168.168865513098,1.01736759219771,0.0404686159103538,0.167085338290764,-165.933635648823,1.01752235448647,3,"Optimization has converged.",616,0.528
"617","CoopBreed","Interval.final",0.00225241014650335,0.0477891583414541,-168.168865513098,1.01736759219771,0.0290920838749182,0.3966957982467,-163.503087517487,0.915229245530024,3,"Optimization has converged.",617,0.528
"618","CoopBreed","Interval.final",3.26682788034875e-06,0.0477891583414541,-168.168865513098,1.01736759219771,0.0182909585119987,0.633665891826831,-157.34231893593,1.0173575053381,3,"Optimization may not have converged.  Consider increasing maxit.",618,0.528
"619","CoopBreed","Interval.final",0.939008667672507,0.0477891583414541,-168.168865513098,1.01736759219771,0.0484141893620078,0.0357101136333442,-168.165938171909,1.01736727433512,3,"Optimization has converged.",619,0.528
"620","CoopBreed","Interval.final",1.30929067031261e-09,0.0477891583414541,-168.168865513098,1.01736759219771,0.0154553671962443,0.562586584528568,-149.769154553624,1.0336743500468,3,"Optimization has converged.",620,0.528
"621","CoopBreed","Interval.final",0.000406530076862459,0.0477891583414541,-168.168865513098,1.01736759219771,0.0198315090456513,0.626469290583652,-161.917896490314,1.1260841054262,3,"Optimization has converged.",621,0.528
"622","CoopBreed","Interval.final",0.00996313145497925,0.0477891583414541,-168.168865513098,1.01736759219771,0.036945106263519,0.229357440492507,-164.848127148795,1.0173943423566,3,"Optimization has converged.",622,0.528
"623","CoopBreed","Interval.final",0.000172341020059079,0.0477891583414541,-168.168865513098,1.01736759219771,0.0199866227238418,0.58924919217573,-161.113409043298,0.910126891635745,3,"Optimization has converged.",623,0.528
"624","CoopBreed","Interval.final",0.0551773242421986,0.0477891583414541,-168.168865513098,1.01736759219771,0.0388647742968953,0.226204429324243,-166.33050594692,1.01734811681407,3,"Optimization may not have converged.  Consider increasing maxit.",624,0.528
"625","CoopBreed","Interval.final",0.659853082340974,0.0477891583414541,-168.168865513098,1.01736759219771,0.0499259292232863,4.77891583414541e-06,-168.07201445918,1.01736822973217,3,"Optimization has converged.",625,0.528
"626","CoopBreed","Interval.final",0.0742492247410487,0.0477891583414541,-168.168865513098,1.01736759219771,0.0392336216881732,0.217596295236778,-166.575619931113,1.01710178409793,3,"Optimization has converged.",626,0.528
"627","CoopBreed","Interval.final",0.21993231586185,0.0477891583414541,-168.168865513098,1.01736759219771,0.0495722533427339,4.77891583414541e-06,-167.416459111111,1.01737181283589,3,"Optimization has converged.",627,0.528
"628","CoopBreed","Interval.final",0.00113195101656883,0.0477891583414541,-168.168865513098,1.01736759219771,0.0320348817190425,0.306138615280872,-162.869743397792,1.01743589149548,3,"Optimization has converged.",628,0.528
"629","CoopBreed","Interval.final",1.6839384823688e-05,0.0477891583414541,-168.168865513098,1.01736759219771,0.0243599121081945,0.481220890464053,-158.910355646267,1.01737102496087,3,"Optimization has converged.",629,0.528
"630","CoopBreed","Interval.final",0.00195841391213848,0.0477891583414541,-168.168865513098,1.01736759219771,0.0325898326830782,0.272523769805285,-163.374810315786,1.01735486003888,3,"Optimization has converged.",630,0.528
"631","CoopBreed","Interval.final",0.0250500088513946,0.0477891583414541,-168.168865513098,1.01736759219771,0.0395974406354079,0.160619237574405,-165.658652630757,1.03613127581761,3,"Optimization has converged.",631,0.528
"632","CoopBreed","Interval.final",0.457848803852615,0.0477891583414541,-168.168865513098,1.01736759219771,0.044209533525797,0.120426176929937,-167.893291271428,1.01736828286897,3,"Optimization has converged.",632,0.528
"633","CoopBreed","Interval.final",0.000225451733213055,0.0477891583414541,-168.168865513098,1.01736759219771,0.0346837735688734,0.23008849828971,-161.365815399217,1.01706425181792,3,"Optimization has converged.",633,0.528
"634","CoopBreed","Interval.final",0.0177922600652096,0.0477891583414541,-168.168865513098,1.01736759219771,0.0332513498176231,0.331474866150772,-165.360621142952,1.01726191461074,3,"Optimization has converged.",634,0.528
"635","CoopBreed","Interval.final",0.00864341889404687,0.0477891583414541,-168.168865513098,1.01736759219771,0.0354899434191608,0.267448158846269,-164.721334758681,0.980687790929769,3,"Optimization has converged.",635,0.528
"636","CoopBreed","Interval.final",0.000289786354392231,0.0477891583414541,-168.168865513098,1.01736759219771,0.0324388670724696,0.272694979778499,-161.601223539756,1.0599663716881,3,"Optimization has converged.",636,0.528
"637","CoopBreed","Interval.final",0.000204124368647354,0.0477891583414541,-168.168865513098,1.01736759219771,0.0326542838328479,0.285783989006012,-161.272499534694,1.01780409982273,3,"Optimization has converged.",637,0.528
"638","CoopBreed","Interval.final",0.00231467299584717,0.0477891583414541,-168.168865513098,1.01736759219771,0.0369461524796204,0.222686147262238,-163.528066079406,1.01737343708344,3,"Optimization has converged.",638,0.528
"639","CoopBreed","Interval.final",5.20637822739641e-05,0.0477891583414541,-168.168865513098,1.01736759219771,0.0268482391857473,0.370596580754386,-159.983144279004,1.01732035121492,3,"Optimization has converged.",639,0.528
"640","CoopBreed","Interval.final",0.00102140781136392,0.0477891583414541,-168.168865513098,1.01736759219771,0.0212990845879876,0.570703253125567,-162.774689561695,1.01730065576597,3,"Optimization has converged.",640,0.528
"641","CoopBreed","Interval.final",0.0380870739091075,0.0477891583414541,-168.168865513098,1.01736759219771,0.0412439292486749,0.150878021440972,-166.018300856885,1.01712268847803,3,"Optimization has converged.",641,0.528
"642","CoopBreed","Interval.final",0.286588775217245,0.0477891583414541,-168.168865513098,1.01736759219771,0.0402362175452716,0.209525424312798,-167.601076781777,1.01736350226411,3,"Optimization has converged.",642,0.528
"643","CoopBreed","Interval.final",0.0271798123051093,0.0477891583414541,-168.168865513098,1.01736759219771,0.0338450936659376,0.330486914768656,-165.729189234635,1.01734333344548,3,"Optimization has converged.",643,0.528
"644","CoopBreed","Interval.final",0.231442364181838,0.0477891583414541,-168.168865513098,1.01736759219771,0.0493749543632683,4.77891583414541e-06,-167.452877940848,1.01736838389823,3,"Optimization has converged.",644,0.528
"645","CoopBreed","Interval.final",0.41384185000204,0.0477891583414541,-168.168865513098,1.01736759219771,0.0494767593223755,4.77891583414541e-06,-167.834997218894,1.01737497702731,3,"Optimization has converged.",645,0.528
"646","CoopBreed","Interval.final",0.00037528848576231,0.0477891583414541,-168.168865513098,1.01736759219771,0.0286634608637763,0.383346539969564,-161.843175337289,0.925330120807149,3,"Optimization has converged.",646,0.528
"647","CoopBreed","Interval.final",0.00796210292935015,0.0477891583414541,-168.168865513098,1.01736759219771,0.0250127203655029,0.537449551413569,-164.647876273021,1.01707090804589,3,"Optimization has converged.",647,0.528
"648","CoopBreed","Interval.final",0.571391433699529,0.0477891583414541,-168.168865513098,1.01736759219771,0.0499023145331882,4.77891583414541e-06,-168.00868555911,1.0173922652232,3,"Optimization has converged.",648,0.528
"649","CoopBreed","Interval.final",0.0879995760603594,0.0477891583414541,-168.168865513098,1.01736759219771,0.0329651229770717,0.357592024967284,-166.713569592158,1.01736970913309,3,"Optimization has converged.",649,0.528
"650","CoopBreed","Interval.final",0.0501055897524985,0.0477891583414541,-168.168865513098,1.01736759219771,0.038629782536515,0.215431889930881,-166.24990461417,1.0176114984641,3,"Optimization has converged.",650,0.528
"651","CoopBreed","Interval.final",0.0256031752385237,0.0477891583414541,-168.168865513098,1.01736759219771,0.0358815633379748,0.259589263607416,-165.677555336118,1.01736915541972,3,"Optimization has converged.",651,0.528
"652","CoopBreed","Interval.final",3.44632556195016e-05,0.0477891583414541,-168.168865513098,1.01736759219771,0.0270161830421636,0.473491925098153,-159.591727059232,1.01647513880777,3,"Optimization has converged.",652,0.528
"653","CoopBreed","Interval.final",0.217362237794985,0.0477891583414541,-168.168865513098,1.01736759219771,0.0398984098224574,0.197883499371347,-167.408014930956,1.01736727593326,3,"Optimization has converged.",653,0.528
"654","CoopBreed","Interval.final",0.00102960534351161,0.0477891583414541,-168.168865513098,1.01736759219771,0.0349691994987884,0.236190565055614,-162.782087740342,1.01763697798534,3,"Optimization has converged.",654,0.528
"655","CoopBreed","Interval.final",0.464819859083862,0.0477891583414541,-168.168865513098,1.01736759219771,0.0496858128707658,4.77891583414541e-06,-167.90173372577,1.01736675881593,3,"Optimization has converged.",655,0.528
"656","CoopBreed","Interval.final",0.837750713456659,0.0477891583414541,-168.168865513098,1.01736759219771,0.0468705982132096,0.0662258080501947,-168.147899844847,1.01736743710013,3,"Optimization has converged.",656,0.528
"657","CoopBreed","Interval.final",0.333709333292121,0.0477891583414541,-168.168865513098,1.01736759219771,0.0499006278137968,4.77891583414541e-06,-167.701640657148,1.01736703664354,3,"Optimization has converged.",657,0.528
"658","CoopBreed","Interval.final",0.447974249417775,0.0477891583414541,-168.168865513098,1.01736759219771,0.043100461090599,0.14438701751281,-167.880979385147,1.0173495719969,3,"Optimization has converged.",658,0.528
"659","CoopBreed","Interval.final",0.679651682544678,0.0477891583414541,-168.168865513098,1.01736759219771,0.0497777784271632,4.77891583414541e-06,-168.083606416202,1.0173688873637,3,"Optimization has converged.",659,0.528
"660","CoopBreed","Interval.final",0.00231889527631152,0.0477891583414541,-168.168865513098,1.01736759219771,0.0330201141871246,0.345992192638278,-163.529735210454,1.01734538264606,3,"Optimization has converged.",660,0.528
"661","CoopBreed","Interval.final",0.684397438505909,0.0477891583414541,-168.168865513098,1.01736759219771,0.0499268546769261,4.77891583414541e-06,-168.086256661786,1.01737674422534,3,"Optimization has converged.",661,0.528
"662","CoopBreed","Interval.final",0.389712851504247,0.0477891583414541,-168.168865513098,1.01736759219771,0.0500300248066101,4.77891583414541e-06,-167.798946628697,1.01742496864971,3,"Optimization has converged.",662,0.528
"663","CoopBreed","Interval.final",0.0132936871439261,0.0477891583414541,-168.168865513098,1.01736759219771,0.0378119740864715,0.21338377374059,-165.104065029226,1.01733998729567,3,"Optimization has converged.",663,0.528
"664","CoopBreed","Interval.final",0.72376238477059,0.0477891583414541,-168.168865513098,1.01736759219771,0.044422539990169,0.126460702398177,-168.106407379621,1.01737483267326,3,"Optimization has converged.",664,0.528
"665","CoopBreed","Interval.final",0.263078453723491,0.0477891583414541,-168.168865513098,1.01736759219771,0.0495559333723462,4.77891583414541e-06,-167.542623190828,1.01736715158524,3,"Optimization has converged.",665,0.528
"666","CoopBreed","Interval.final",0.00719507245310662,0.0477891583414541,-168.168865513098,1.01736759219771,0.0333136633393741,0.300401783116036,-164.557058773223,1.02537895337079,3,"Optimization has converged.",666,0.528
"667","CoopBreed","Interval.final",0.375300091991995,0.0477891583414541,-168.168865513098,1.01736759219771,0.0497618341187741,4.77891583414541e-06,-167.775845277765,1.01737031943071,3,"Optimization has converged.",667,0.528
"668","CoopBreed","Interval.final",0.630936596981446,0.0477891583414541,-168.168865513098,1.01736759219771,0.0501320622597511,4.77891583414541e-06,-168.053469110136,1.01737328134435,3,"Optimization may not have converged.  Consider increasing maxit.",668,0.528
"669","CoopBreed","Interval.final",0.000526802980695638,0.0477891583414541,-168.168865513098,1.01736759219771,0.0302955697322715,0.344881323537422,-162.159707864202,1.10525263225971,3,"Optimization has converged.",669,0.528
"670","CoopBreed","Interval.final",0.0853729726070531,0.0477891583414541,-168.168865513098,1.01736759219771,0.0387726930458288,0.219532449031742,-166.68910258778,1.01779911960311,3,"Optimization has converged.",670,0.528
"671","CoopBreed","Interval.final",0.00462865174332088,0.0477891583414541,-168.168865513098,1.01736759219771,0.023477625216458,0.600485334772958,-164.159314554166,1.01710229358113,3,"Optimization has converged.",671,0.528
"672","CoopBreed","Interval.final",0.000965688410350234,0.0477891583414541,-168.168865513098,1.01736759219771,0.0370855196331223,0.202735404699869,-162.722753827856,1.01772224186966,3,"Optimization has converged.",672,0.528
"673","CoopBreed","Interval.final",2.83876362582908e-06,0.0477891583414541,-168.168865513098,1.01736759219771,0.0283157526963969,0.270376405844455,-157.20758342116,1.01742218782839,3,"Optimization has converged.",673,0.528
"674","CoopBreed","Interval.final",0.000316449543622853,0.0477891583414541,-168.168865513098,1.01736759219771,0.032947859450197,0.254272379097732,-161.683651132201,1.01715254014903,3,"Optimization has converged.",674,0.528
"675","CoopBreed","Interval.final",0.459818432326668,0.0477891583414541,-168.168865513098,1.01736759219771,0.0432453138987253,0.132352399480228,-167.895697212394,1.02621902893187,3,"Optimization has converged.",675,0.528
"676","CoopBreed","Interval.final",0.787805346409464,0.0477891583414541,-168.168865513098,1.01736759219771,0.0458428805908049,0.0915716761584098,-168.132641535769,1.01736681370897,3,"Optimization has converged.",676,0.528
"677","CoopBreed","Interval.final",0.0256276787971917,0.0477891583414541,-168.168865513098,1.01736759219771,0.0359656123507865,0.255038879917251,-165.678382829424,1.0321520142958,3,"Optimization has converged.",677,0.528
"678","CoopBreed","Interval.final",2.91466401833874e-05,0.0477891583414541,-168.168865513098,1.01736759219771,0.0160277180302565,0.642726308739393,-159.43252628775,1.09953254550132,3,"Optimization has converged.",678,0.528
"679","CoopBreed","Interval.final",0.0485183764307819,0.0477891583414541,-168.168865513098,1.01736759219771,0.0408581387731841,0.160392531689434,-166.222895995531,0.984618401873895,3,"Optimization has converged.",679,0.528
"680","CoopBreed","Interval.final",0.272857316550962,0.0477891583414541,-168.168865513098,1.01736759219771,0.0407070155111315,0.197981795675458,-167.567702602248,1.01736765207461,3,"Optimization has converged.",680,0.528
"681","CoopBreed","Interval.final",0.171768813232727,0.0477891583414541,-168.168865513098,1.01736759219771,0.0390443716284049,0.224861726369117,-167.235146582963,1.01737527576032,3,"Optimization has converged.",681,0.528
"682","CoopBreed","Interval.final",0.000625070602536519,0.0477891583414541,-168.168865513098,1.01736759219771,0.0355587670677433,0.212485242005508,-162.31896914904,1.01732339397119,3,"Optimization may not have converged.  Consider increasing maxit.",682,0.528
"683","CoopBreed","Interval.final",0.955038770680777,0.0477891583414541,-168.168865513098,1.01736759219771,0.0481218040579976,0.0412998184603166,-168.167276138348,1.01737479153023,3,"Optimization has converged.",683,0.528
"684","CoopBreed","Interval.final",0.0712425484156791,0.0477891583414541,-168.168865513098,1.01736759219771,0.0358129000082081,0.278565513615319,-166.541786864181,1.0173640055542,3,"Optimization has converged.",684,0.528
"685","CoopBreed","Interval.final",0.00474985412990201,0.0477891583414541,-168.168865513098,1.01736759219771,0.0316310685777963,0.338680612918701,-164.182715368293,1.01724644572529,3,"Optimization has converged.",685,0.528
"686","CoopBreed","Interval.final",0.00842203295944445,0.0477891583414541,-168.168865513098,1.01736759219771,0.0334391261065196,0.335039829108775,-164.698135370463,1.0446181702301,3,"Optimization has converged.",686,0.528
"687","CoopBreed","Interval.final",0.010526127746136,0.0477891583414541,-168.168865513098,1.01736759219771,0.031731259746263,0.371530136904471,-164.897058325577,1.0174098592942,3,"Optimization may not have converged.  Consider increasing maxit.",687,0.528
"688","CoopBreed","Interval.final",0.358654287818465,0.0477891583414541,-168.168865513098,1.01736759219771,0.0501374570043922,4.77891583414541e-06,-167.747565620147,1.01736365008162,3,"Optimization has converged.",688,0.528
"689","CoopBreed","Interval.final",0.726345884453629,0.0477891583414541,-168.168865513098,1.01736759219771,0.0462709416961319,0.0789734143569588,-168.107618864741,1.01736800018472,3,"Optimization has converged.",689,0.528
"690","CoopBreed","Interval.final",5.0143293901327e-05,0.0477891583414541,-168.168865513098,1.01736759219771,0.0279006524399693,0.365295863002784,-159.947522987161,1.01743737024249,3,"Optimization has converged.",690,0.528
"691","CoopBreed","Interval.final",0.183074829604574,0.0477891583414541,-168.168865513098,1.01736759219771,0.0495089914680413,4.77891583414541e-06,-167.282622973063,1.01736720300085,3,"Optimization has converged.",691,0.528
"692","CoopBreed","Interval.final",0.174414201585458,0.0477891583414541,-168.168865513098,1.01736759219771,0.0495132191696767,4.77891583414541e-06,-167.246571707214,1.01737099934258,3,"Optimization has converged.",692,0.528
"693","CoopBreed","Interval.final",0.224970714504862,0.0477891583414541,-168.168865513098,1.01736759219771,0.049817571737771,4.77891583414541e-06,-167.432676008657,1.01736676549052,3,"Optimization has converged.",693,0.528
"694","CoopBreed","Interval.final",0.2116345913066,0.0477891583414541,-168.168865513098,1.01736759219771,0.0378532245775194,0.272938620393701,-167.388760910735,1.01735788057331,3,"Optimization has converged.",694,0.528
"695","CoopBreed","Interval.final",0.59173612080484,0.0477891583414541,-168.168865513098,1.01736759219771,0.0498468267971157,4.77891583414541e-06,-168.025044940922,1.01724770285535,3,"Optimization has converged.",695,0.528
"696","CoopBreed","Interval.final",0.00140263272969775,0.0477891583414541,-168.168865513098,1.01736759219771,0.0314596715040542,0.336537222067398,-163.067700190216,0.991404137319302,3,"Optimization has converged.",696,0.528
"697","CoopBreed","Interval.final",0.0309849535006393,0.0477891583414541,-168.168865513098,1.01736759219771,0.0367451454700132,0.284360901995672,-165.841967463264,1.12780816465412,3,"Optimization has converged.",697,0.528
"698","CoopBreed","Interval.final",0.0368194792397349,0.0477891583414541,-168.168865513098,1.01736759219771,0.0390391524596169,0.207310931618707,-165.98949436783,1.01713537616181,3,"Optimization has converged.",698,0.528
"699","CoopBreed","Interval.final",0.0382029814794609,0.0477891583414541,-168.168865513098,1.01736759219771,0.0339365629090044,0.314258014808242,-166.020884601722,1.0173666655408,3,"Optimization has converged.",699,0.528
"700","CoopBreed","Interval.final",0.208867654346095,0.0477891583414541,-168.168865513098,1.01736759219771,0.0496323782468669,4.77891583414541e-06,-167.379236684362,1.01736744188465,3,"Optimization has converged.",700,0.528
"701","CoopBreed","Interval.final",0.000529371725689096,0.0477891583414541,-168.168865513098,1.01736759219771,0.0276657818396563,0.39465151830634,-162.164240805156,1.01743387831806,3,"Optimization has converged.",701,0.528
"702","CoopBreed","Interval.final",0.509484373396091,0.0477891583414541,-168.168865513098,1.01736759219771,0.0427029867213323,0.152375630923223,-167.951302528988,1.01100686116382,3,"Optimization may not have converged.  Consider increasing maxit.",702,0.528
"703","CoopBreed","Interval.final",0.000639198929007746,0.0477891583414541,-168.168865513098,1.01736759219771,0.0273778100935267,0.456787751302746,-162.339761654972,1.01737617970287,3,"Optimization has converged.",703,0.528
"704","CoopBreed","Interval.final",0.0626136844081141,0.0477891583414541,-168.168865513098,1.01736759219771,0.0398625066909416,0.196027040908561,-166.435483448203,1.01739355645756,3,"Optimization has converged.",704,0.528
"705","CoopBreed","Interval.final",4.41395884514123e-05,0.0477891583414541,-168.168865513098,1.01736759219771,0.0271084310551677,0.464735087782512,-159.826602880813,1.01746691674382,3,"Optimization has converged.",705,0.528
"706","CoopBreed","Interval.final",0.00166802248741432,0.0477891583414541,-168.168865513098,1.01736759219771,0.0386208180642237,0.152779646054483,-163.2273076243,1.01744804962856,3,"Optimization may not have converged.  Consider increasing maxit.",706,0.528
"707","CoopBreed","Interval.final",0.0104306839893025,0.0477891583414541,-168.168865513098,1.01736759219771,0.0351299972581251,0.291926573998458,-164.888954858428,1.01736558403132,3,"Optimization has converged.",707,0.528
"708","CoopBreed","Interval.final",0.226721328889964,0.0477891583414541,-168.168865513098,1.01736759219771,0.0389165612134977,0.216293899474836,-167.43820902774,1.01737016112197,3,"Optimization has converged.",708,0.528
"709","CoopBreed","Interval.final",0.000182142620234492,0.0477891583414541,-168.168865513098,1.01736759219771,0.0337978600055151,0.217686598692212,-161.16542383254,1.00997616427333,3,"Optimization has converged.",709,0.528
"710","CoopBreed","Interval.final",0.0404865117517903,0.0477891583414541,-168.168865513098,1.01736759219771,0.0388715981139073,0.192593640814317,-166.070176069731,1.01756050590171,3,"Optimization has converged.",710,0.528
"711","CoopBreed","Interval.final",5.66687757232738e-08,0.0477891583414541,-168.168865513098,1.01736759219771,0.0116772046394938,0.716583123679266,-153.431812380775,1.01734920063867,3,"Optimization has converged.",711,0.528
"712","CoopBreed","Interval.final",0.136608947339672,0.0477891583414541,-168.168865513098,1.01736759219771,0.0360493226065966,0.278931094327418,-167.060992140017,1.01737910357414,3,"Optimization has converged.",712,0.528
"713","CoopBreed","Interval.final",0.109666126577013,0.0477891583414541,-168.168865513098,1.01736759219771,0.0491160118376121,4.77891583414541e-06,-166.889352493273,1.0173653623407,3,"Optimization has converged.",713,0.528
"714","CoopBreed","Interval.final",0.465054128075414,0.0477891583414541,-168.168865513098,1.01736759219771,0.0501846262544346,4.77891583414541e-06,-167.902013940912,1.01737732779426,3,"Optimization has converged.",714,0.528
"715","CoopBreed","Interval.final",0.000118087525869067,0.0477891583414541,-168.168865513098,1.01736759219771,0.0239498382713771,0.548398030247929,-160.757373594326,1.0173705696134,3,"Optimization has converged.",715,0.528
"716","CoopBreed","Interval.final",0.0104839887017564,0.0477891583414541,-168.168865513098,1.01736759219771,0.0331634527100928,0.374801718257603,-164.893489919965,1.01672201887833,3,"Optimization has converged.",716,0.528
"717","CoopBreed","Interval.final",0.00161248848952125,0.0477891583414541,-168.168865513098,1.01736759219771,0.0376828014946826,0.200690836619286,-163.196148506963,1.01737831538475,3,"Optimization has converged.",717,0.528
"718","CoopBreed","Interval.final",0.0229025675724203,0.0477891583414541,-168.168865513098,1.01736759219771,0.0335772136548366,0.36890439060608,-165.580925493088,1.01726439285678,3,"Optimization has converged.",718,0.528
"719","CoopBreed","Interval.final",0.0129417653364769,0.0477891583414541,-168.168865513098,1.01736759219771,0.0372946583250276,0.225403068315136,-165.080339014954,1.01735432928863,3,"Optimization has converged.",719,0.528
"720","CoopBreed","Interval.final",0.021433075157521,0.0477891583414541,-168.168865513098,1.01736759219771,0.0355666774112288,0.261352950486762,-165.52325044744,1.01740918010245,3,"Optimization has converged.",720,0.528
"721","CoopBreed","Interval.final",0.120907924675735,0.0477891583414541,-168.168865513098,1.01736759219771,0.0490354449387302,4.77891583414541e-06,-166.966105402117,1.01736760768305,3,"Optimization has converged.",721,0.528
"722","CoopBreed","Interval.final",0.88682043912927,0.0477891583414541,-168.168865513098,1.01736759219771,0.0488780301427729,0.0266982668366689,-168.158736794698,1.01737636848479,3,"Optimization has converged.",722,0.528
"723","CoopBreed","Interval.final",0.0310308464037209,0.0477891583414541,-168.168865513098,1.01736759219771,0.0355655715261586,0.269484068151347,-165.843237841191,0.945584762944613,3,"Optimization has converged.",723,0.528
"724","CoopBreed","Interval.final",0.200985076164231,0.0477891583414541,-168.168865513098,1.01736759219771,0.0388401282928014,0.222468965818258,-167.351264622623,1.01736337450546,3,"Optimization has converged.",724,0.528
"725","CoopBreed","Interval.final",0.905801434130419,0.0477891583414541,-168.168865513098,1.01736759219771,0.0485368218203404,0.0336854867636087,-168.161863808683,1.01739571833137,3,"Optimization has converged.",725,0.528
"726","CoopBreed","Interval.final",0.00350895473406438,0.0477891583414541,-168.168865513098,1.01736759219771,0.03555756894214,0.240310741850117,-163.907909087032,1.01727165707039,3,"Optimization has converged.",726,0.528
"727","CoopBreed","Interval.final",0.0950633646530956,0.0477891583414541,-168.168865513098,1.01736759219771,0.0367043852673477,0.248260304494777,-166.775629979894,0.987755442652771,3,"Optimization has converged.",727,0.528
"728","CoopBreed","Interval.final",0.00107385746947414,0.0477891583414541,-168.168865513098,1.01736759219771,0.0333781661614542,0.273943431310653,-162.821023374558,1.08603965007996,3,"Optimization may not have converged.  Consider increasing maxit.",728,0.528
"729","CoopBreed","Interval.final",0.0108321562516259,0.0477891583414541,-168.168865513098,1.01736759219771,0.0317576462227037,0.370206031715829,-164.922541954604,0.937949598107828,3,"Optimization has converged.",729,0.528
"730","CoopBreed","Interval.final",0.236970585525442,0.0477891583414541,-168.168865513098,1.01736759219771,0.0497082336843171,4.77891583414541e-06,-167.469602701906,1.01736903835743,3,"Optimization has converged.",730,0.528
"731","CoopBreed","Interval.final",0.156832293973548,0.0477891583414541,-168.168865513098,1.01736759219771,0.0415666078753131,0.17644121923583,-167.166612109175,1.01739161999084,3,"Optimization has converged.",731,0.528
"732","CoopBreed","Interval.final",1.04222076962185e-05,0.0477891583414541,-168.168865513098,1.01736759219771,0.0210686891143165,0.591138709977942,-158.452649324507,1.01738116137927,3,"Optimization has converged.",732,0.528
"733","CoopBreed","Interval.final",4.44406732082573e-05,0.0477891583414541,-168.168865513098,1.01736759219771,0.020169791849507,0.579091625691379,-159.833050796193,0.914518224118719,3,"Optimization has converged.",733,0.528
"734","CoopBreed","Interval.final",0.00631859785899474,0.0477891583414541,-168.168865513098,1.01736759219771,0.0321817856675941,0.343037996599014,-164.440304953694,1.03612163037271,3,"Optimization has converged.",734,0.528
"735","CoopBreed","Interval.final",0.00105978307043405,0.0477891583414541,-168.168865513098,1.01736759219771,0.0342070033302691,0.242817974642121,-162.808818677439,1.01733394409489,3,"Optimization has converged.",735,0.528
"736","CoopBreed","Interval.final",0.0080272446501789,0.0477891583414541,-168.168865513098,1.01736759219771,0.0372299639204137,0.215040150464597,-164.655172560548,1.04020203389814,3,"Optimization has converged.",736,0.528
"737","CoopBreed","Interval.final",0.0265562625611422,0.0477891583414541,-168.168865513098,1.01736759219771,0.036156523032532,0.228954363844355,-165.709150034223,1.01743167061363,3,"Optimization has converged.",737,0.528
"738","CoopBreed","Interval.final",0.00114965686620181,0.0477891583414541,-168.168865513098,1.01736759219771,0.0368853030032238,0.19299515517967,-162.884090331345,1.01742183976735,3,"Optimization may not have converged.  Consider increasing maxit.",738,0.528
"739","CoopBreed","Interval.final",0.04238660124342,0.0477891583414541,-168.168865513098,1.01736759219771,0.0348608295190289,0.306724140196247,-166.109015654171,1.01737346085647,3,"Optimization has converged.",739,0.528
"740","CoopBreed","Interval.final",0.718144199986663,0.0477891583414541,-168.168865513098,1.01736759219771,0.0498686483464998,4.77891583414541e-06,-168.103726622693,1.01737735109078,3,"Optimization has converged.",740,0.528
"741","CoopBreed","Interval.final",0.000234430092724529,0.0477891583414541,-168.168865513098,1.01736759219771,0.02546947695137,0.451453164267595,-161.402465769176,1.01738735033269,3,"Optimization has converged.",741,0.528
"742","CoopBreed","Interval.final",0.255474191179795,0.0477891583414541,-168.168865513098,1.01736759219771,0.0499553341822537,4.77891583414541e-06,-167.522306660102,1.01736876629506,3,"Optimization has converged.",742,0.528
"743","CoopBreed","Interval.final",0.349936983712786,0.0477891583414541,-168.168865513098,1.01736759219771,0.0497391324354946,4.77891583414541e-06,-167.732022691772,1.0173666827575,3,"Optimization has converged.",743,0.528
"744","CoopBreed","Interval.final",0.446610992633916,0.0477891583414541,-168.168865513098,1.01736759219771,0.0426403516023427,0.14884686484693,-167.879246305327,1.01736276841411,3,"Optimization has converged.",744,0.528
"745","CoopBreed","Interval.final",0.263176866150248,0.0477891583414541,-168.168865513098,1.01736759219771,0.0497471023895473,4.77891583414541e-06,-167.542881338878,1.01736735046372,3,"Optimization has converged.",745,0.528
"746","CoopBreed","Interval.final",0.0534329994246027,0.0477891583414541,-168.168865513098,1.01736759219771,0.0374120260695469,0.246916487243621,-166.303703065354,1.01743726539267,3,"Optimization may not have converged.  Consider increasing maxit.",746,0.528
"747","CoopBreed","Interval.final",0.000173058999047824,0.0477891583414541,-168.168865513098,1.01736759219771,0.0339130832322828,0.227188658611908,-161.11731912183,1.01734050601958,3,"Optimization may not have converged.  Consider increasing maxit.",747,0.528
"748","CoopBreed","Interval.final",0.00230017769309354,0.0477891583414541,-168.168865513098,1.01736759219771,0.0262235209742207,0.472430534828916,-163.522312270176,1.01733213392042,3,"Optimization has converged.",748,0.528
"749","CoopBreed","Interval.final",0.269756315690833,0.0477891583414541,-168.168865513098,1.01736759219771,0.0492209488548471,4.77891583414541e-06,-167.559872647781,1.01736840521937,3,"Optimization has converged.",749,0.528
"750","CoopBreed","Interval.final",0.575295440385248,0.0477891583414541,-168.168865513098,1.01736759219771,0.0498327777158712,4.77891583414541e-06,-168.011914402743,1.01735827085483,3,"Optimization has converged.",750,0.528
"751","CoopBreed","Interval.final",0.10761907217733,0.0477891583414541,-168.168865513098,1.01736759219771,0.040033830737933,0.185712324178738,-166.874445105358,1.01720364813987,3,"Optimization may not have converged.  Consider increasing maxit.",751,0.528
"752","CoopBreed","Interval.final",0.196202714115855,0.0477891583414541,-168.168865513098,1.01736759219771,0.0377161812402697,0.280702795909445,-167.33365710291,1.01736682725839,3,"Optimization has converged.",752,0.528
"753","CoopBreed","Interval.final",0.00193690467680014,0.0477891583414541,-168.168865513098,1.01736759219771,0.0320191699997862,0.335482979503961,-163.364670919779,1.01735967849935,3,"Optimization has converged.",753,0.528
"754","CoopBreed","Interval.final",0.00891914643005936,0.0477891583414541,-168.168865513098,1.01736759219771,0.0347355389448794,0.250548068585089,-164.749392667552,1.01841136269616,3,"Optimization has converged.",754,0.528
"755","CoopBreed","Interval.final",0.441857875348619,0.0477891583414541,-168.168865513098,1.01736759219771,0.0500236083522234,4.77891583414541e-06,-167.873139108075,1.01736521714372,3,"Optimization may not have converged.  Consider increasing maxit.",755,0.528
"756","CoopBreed","Interval.final",0.0506940626730945,0.0477891583414541,-168.168865513098,1.01736759219771,0.0358099561769345,0.255474167583641,-166.259689293229,1.00296471653138,3,"Optimization has converged.",756,0.528
"757","CoopBreed","Interval.final",0.346424124208464,0.0477891583414541,-168.168865513098,1.01736759219771,0.040720721186456,0.222849576774233,-167.725609233391,1.01736663455523,3,"Optimization has converged.",757,0.528
"758","CoopBreed","Interval.final",0.144119122137061,0.0477891583414541,-168.168865513098,1.01736759219771,0.0490242510640407,4.77891583414541e-06,-167.102156756936,1.01736737948578,3,"Optimization has converged.",758,0.528
"759","CoopBreed","Interval.final",0.0833831503029693,0.0477891583414541,-168.168865513098,1.01736759219771,0.0366862012664296,0.266574365929446,-166.670018796837,1.05093535576094,3,"Optimization has converged.",759,0.528
"760","CoopBreed","Interval.final",3.24393653123904e-06,0.0477891583414541,-168.168865513098,1.01736759219771,0.0112648179322727,0.80643635637267,-157.335574712576,1.0172348427207,3,"Optimization has converged.",760,0.528
"761","CoopBreed","Interval.final",0.371677648439128,0.0477891583414541,-168.168865513098,1.01736759219771,0.0499812493019646,4.77891583414541e-06,-167.769841548935,1.01736737685865,3,"Optimization has converged.",761,0.528
"762","CoopBreed","Interval.final",0.586606158520269,0.0477891583414541,-168.168865513098,1.01736759219771,0.0453253825933424,0.0976981787543995,-168.021027665607,1.01736805632351,3,"Optimization has converged.",762,0.528
"763","CoopBreed","Interval.final",1.93827569694871e-06,0.0477891583414541,-168.168865513098,1.01736759219771,0.022528957077822,0.478152663268667,-156.841229065108,1.01737812256289,3,"Optimization has converged.",763,0.528
"764","CoopBreed","Interval.final",0.00017693797844501,0.0477891583414541,-168.168865513098,1.01736759219771,0.0276154339089909,0.411972609210431,-161.13816524474,1.01739917665023,3,"Optimization has converged.",764,0.528
"765","CoopBreed","Interval.final",0.333082193437273,0.0477891583414541,-168.168865513098,1.01736759219771,0.0410164118682497,0.191912554550002,-167.70042681901,1.01737082717382,3,"Optimization has converged.",765,0.528
"766","CoopBreed","Interval.final",0.0496285779658011,0.0477891583414541,-168.168865513098,1.01736759219771,0.0389710774118615,0.21725583596363,-166.241883692051,1.02956879498532,3,"Optimization has converged.",766,0.528
"767","CoopBreed","Interval.final",0.00268787048000075,0.0477891583414541,-168.168865513098,1.01736759219771,0.0310649781270419,0.376065803891247,-163.664820111433,1.07576277558171,3,"Optimization has converged.",767,0.528
"768","CoopBreed","Interval.final",0.0140721786763469,0.0477891583414541,-168.168865513098,1.01736759219771,0.0341666207629157,0.291274023348641,-165.154332589962,1.01744058269619,3,"Optimization has converged.",768,0.528
"769","CoopBreed","Interval.final",0.10143968908639,0.0477891583414541,-168.168865513098,1.01736759219771,0.0400486838800773,0.203739457204908,-166.827484801497,1.01763504359252,3,"Optimization has converged.",769,0.528
"770","CoopBreed","Interval.final",0.117824684599668,0.0477891583414541,-168.168865513098,1.01736759219771,0.0360313554679615,0.292794364333844,-166.94586490369,1.01736399448921,3,"Optimization has converged.",770,0.528
"771","CoopBreed","Interval.final",0.0375947531060206,0.0477891583414541,-168.168865513098,1.01736759219771,0.0398137842841846,0.188561626912482,-166.007233718138,1.01741931143214,3,"Optimization has converged.",771,0.528
"772","CoopBreed","Interval.final",0.152931665282772,0.0477891583414541,-168.168865513098,1.01736759219771,0.0490642340875997,4.77891583414541e-06,-167.147484120029,1.01737066223622,3,"Optimization has converged.",772,0.528
"773","CoopBreed","Interval.final",0.0154525450880681,0.0477891583414541,-168.168865513098,1.01736759219771,0.0358958265758678,0.299724539527278,-165.236803408295,0.956658621974488,3,"Optimization may not have converged.  Consider increasing maxit.",773,0.528
"774","CoopBreed","Interval.final",1.79571007491329e-05,0.0477891583414541,-168.168865513098,1.01736759219771,0.0228975090846516,0.508309813488447,-158.971591307965,1.01737555059171,3,"Optimization has converged.",774,0.528
"775","CoopBreed","Interval.final",0.692225477966792,0.0477891583414541,-168.168865513098,1.01736759219771,0.0499862279141242,4.77891583414541e-06,-168.090522154325,1.01736402275988,3,"Optimization has converged.",775,0.528
"776","CoopBreed","Interval.final",0.00210838955151664,0.0477891583414541,-168.168865513098,1.01736759219771,0.0299255226172676,0.401117021880855,-163.442517461752,1.017382381545,3,"Optimization has converged.",776,0.528
"777","CoopBreed","Interval.final",0.0115336840305663,0.0477891583414541,-168.168865513098,1.01736759219771,0.0274908084410619,0.47676611218934,-164.978276402332,0.951117164368276,3,"Optimization has converged.",777,0.528
"778","CoopBreed","Interval.final",0.561191699788251,0.0477891583414541,-168.168865513098,1.01736759219771,0.0424149427365693,0.175189699837369,-168.000042981027,0.98520459618746,3,"Optimization has converged.",778,0.528
"779","CoopBreed","Interval.final",0.480800243253771,0.0477891583414541,-168.168865513098,1.01736759219771,0.0500933896109485,4.77891583414541e-06,-167.920341692327,1.01736526860521,3,"Optimization has converged.",779,0.528
"780","CoopBreed","Interval.final",7.82675641086819e-05,0.0477891583414541,-168.168865513098,1.01736759219771,0.0292441997655129,0.337278220479776,-160.369022260791,1.01691097694442,3,"Optimization has converged.",780,0.528
"781","CoopBreed","Interval.final",0.0260827909474185,0.0477891583414541,-168.168865513098,1.01736759219771,0.0377260824425727,0.247681231137292,-165.693604477472,1.04299754946247,3,"Optimization has converged.",781,0.528
"782","CoopBreed","Interval.final",0.0292830386234599,0.0477891583414541,-168.168865513098,1.01736759219771,0.0349034905294017,0.342886161441201,-165.793417378601,1.01776187907276,3,"Optimization has converged.",782,0.528
"783","CoopBreed","Interval.final",0.035476714350334,0.0477891583414541,-168.168865513098,1.01736759219771,0.0275508401289153,0.493296688430012,-165.957824280236,0.879787380206752,3,"Optimization has converged.",783,0.528
"784","CoopBreed","Interval.final",0.0148676403369241,0.0477891583414541,-168.168865513098,1.01736759219771,0.0370130170930012,0.234275295619778,-165.202822992497,1.0173513550062,3,"Optimization has converged.",784,0.528
"785","CoopBreed","Interval.final",0.224254018532175,0.0477891583414541,-168.168865513098,1.01736759219771,0.0392754525041508,0.210853820616834,-167.43039588429,1.01736580402214,3,"Optimization has converged.",785,0.528
"786","CoopBreed","Interval.final",0.763129456064461,0.0477891583414541,-168.168865513098,1.01736759219771,0.0496159960590864,0.0114397846543526,-168.123452423649,1.01732622930818,3,"Optimization has converged.",786,0.528
"787","CoopBreed","Interval.final",0.254464454139296,0.0477891583414541,-168.168865513098,1.01736759219771,0.0432641340883082,0.141141471768248,-167.51955278936,1.0204461461796,3,"Optimization has converged.",787,0.528
"788","CoopBreed","Interval.final",0.000949490030829991,0.0477891583414541,-168.168865513098,1.01736759219771,0.0299124551876477,0.390452610319704,-162.707085773464,1.10560606238285,3,"Optimization has converged.",788,0.528
"789","CoopBreed","Interval.final",0.0997601717245915,0.0477891583414541,-168.168865513098,1.01736759219771,0.0345623272736122,0.350895509836472,-166.814178832692,0.960157526471522,3,"Optimization has converged.",789,0.528
"790","CoopBreed","Interval.final",0.00132103649621642,0.0477891583414541,-168.168865513098,1.01736759219771,0.0349346260973966,0.262240811645637,-163.012416342887,1.01773784748756,3,"Optimization has converged.",790,0.528
"791","CoopBreed","Interval.final",0.303827452575561,0.0477891583414541,-168.168865513098,1.01736759219771,0.0415270545985725,0.159890475632316,-167.640206004998,1.04043459282947,3,"Optimization has converged.",791,0.528
"792","CoopBreed","Interval.final",0.000157149919278573,0.0477891583414541,-168.168865513098,1.01736759219771,0.0307520289561398,0.339293899130558,-161.026593273708,1.01651711434518,3,"Optimization has converged.",792,0.528
"793","CoopBreed","Interval.final",0.660873590314329,0.0477891583414541,-168.168865513098,1.01736759219771,0.0452418070029394,0.109168265257189,-168.072633437357,1.02078303418782,3,"Optimization has converged.",793,0.528
"794","CoopBreed","Interval.final",2.56972003651447e-05,0.0477891583414541,-168.168865513098,1.01736759219771,0.0268913450909951,0.3772032139611,-159.31276108567,1.09081173537631,3,"Optimization has converged.",794,0.528
"795","CoopBreed","Interval.final",0.0271204828307834,0.0477891583414541,-168.168865513098,1.01736759219771,0.040235200205503,0.188448081324413,-165.727303229621,1.01732283348299,3,"Optimization may not have converged.  Consider increasing maxit.",795,0.528
"796","CoopBreed","Interval.final",0.000690803294870937,0.0477891583414541,-168.168865513098,1.01736759219771,0.0337468720167935,0.271835630553509,-162.411950940774,1.04876150398754,3,"Optimization has converged.",796,0.528
"797","CoopBreed","Interval.final",0.146190921926199,0.0477891583414541,-168.168865513098,1.01736759219771,0.0499351165857512,4.77891583414541e-06,-167.113089173943,1.0173689912246,3,"Optimization has converged.",797,0.528
"798","CoopBreed","Interval.final",0.833185163592755,0.0477891583414541,-168.168865513098,1.01736759219771,0.049408167699554,0.011821099281446,-168.146685487669,1.01736258359498,3,"Optimization has converged.",798,0.528
"799","CoopBreed","Interval.final",0.000274662008686599,0.0477891583414541,-168.168865513098,1.01736759219771,0.0304426013236245,0.319972430891634,-161.550997521545,1.01744144092757,3,"Optimization may not have converged.  Consider increasing maxit.",799,0.528
"800","CoopBreed","Interval.final",0.0257277983793385,0.0477891583414541,-168.168865513098,1.01736759219771,0.0361600060976067,0.290188728485985,-165.681755383197,1.01738727020924,3,"Optimization has converged.",800,0.528
"801","CoopBreed","Interval.final",0.502281877111904,0.0477891583414541,-168.168865513098,1.01736759219771,0.0495199416104815,4.77891583414541e-06,-167.943809623632,1.01736688562411,3,"Optimization has converged.",801,0.528
"802","CoopBreed","Interval.final",0.00588184049672655,0.0477891583414541,-168.168865513098,1.01736759219771,0.0297636802892303,0.381435440526948,-164.37579013444,1.09111752799453,3,"Optimization has converged.",802,0.528
"803","CoopBreed","Interval.final",0.156277357032627,0.0477891583414541,-168.168865513098,1.01736759219771,0.040715130729896,0.181541251714703,-167.163923950847,1.0180001774736,3,"Optimization has converged.",803,0.528
"804","CoopBreed","Interval.final",0.738393660092631,0.0477891583414541,-168.168865513098,1.01736759219771,0.0496834846157475,0.0101601244611222,-168.113093754468,1.01735185079587,3,"Optimization has converged.",804,0.528
"805","CoopBreed","Interval.final",0.00116305644144557,0.0477891583414541,-168.168865513098,1.01736759219771,0.0378503055583719,0.170722477588257,-162.894800089598,1.01730663988694,3,"Optimization has converged.",805,0.528
"806","CoopBreed","Interval.final",0.0329873740779363,0.0477891583414541,-168.168865513098,1.01736759219771,0.0362642460804338,0.27269216228426,-165.895648353622,0.95270957758673,3,"Optimization has converged.",806,0.528
"807","CoopBreed","Interval.final",0.0153047529474038,0.0477891583414541,-168.168865513098,1.01736759219771,0.0332336741890056,0.345309297404418,-165.22834401219,1.01768807811011,3,"Optimization has converged.",807,0.528
"808","CoopBreed","Interval.final",0.115660587022318,0.0477891583414541,-168.168865513098,1.01736759219771,0.0382604836925098,0.262412823803448,-166.931305319808,1.03675764451555,3,"Optimization has converged.",808,0.528
"809","CoopBreed","Interval.final",0.893940381719162,0.0477891583414541,-168.168865513098,1.01736759219771,0.0485020603809424,0.0322222713468991,-168.159978413807,1.01740583085061,3,"Optimization has converged.",809,0.528
"810","CoopBreed","Interval.final",0.282142487535587,0.0477891583414541,-168.168865513098,1.01736759219771,0.0422379279292192,0.177075474442274,-167.590495090919,1.04651295456861,3,"Optimization has converged.",810,0.528
"811","CoopBreed","Interval.final",0.00549948668203648,0.0477891583414541,-168.168865513098,1.01736759219771,0.0363974249139978,0.218590891085639,-164.315164883548,1.01732252570994,3,"Optimization has converged.",811,0.528
"812","CoopBreed","Interval.final",0.011625230552025,0.0477891583414541,-168.168865513098,1.01736759219771,0.0360824582564269,0.24658482818656,-164.985291666511,1.01737706864182,3,"Optimization has converged.",812,0.528
"813","CoopBreed","Interval.final",0.2996727356575,0.0477891583414541,-168.168865513098,1.01736759219771,0.0495697441920601,4.77891583414541e-06,-167.631040541577,1.01736766938836,3,"Optimization has converged.",813,0.528
"814","CoopBreed","Interval.final",0.00927722684296209,0.0477891583414541,-168.168865513098,1.01736759219771,0.0364750223960788,0.285459228894261,-164.784533616903,0.994425815011562,3,"Optimization has converged.",814,0.528
"815","CoopBreed","Interval.final",0.0664858063750067,0.0477891583414541,-168.168865513098,1.01736759219771,0.0412485782816575,0.158102619073644,-166.485006731091,1.01697222963081,3,"Optimization has converged.",815,0.528
"816","CoopBreed","Interval.final",0.752749744144522,0.0477891583414541,-168.168865513098,1.01736759219771,0.0496792358446005,0.0108690354936408,-168.119248071921,1.01742118248061,3,"Optimization has converged.",816,0.528
"817","CoopBreed","Interval.final",0.0255963920220841,0.0477891583414541,-168.168865513098,1.01736759219771,0.0359907317841621,0.278239617554533,-165.67732611927,1.03442942202162,3,"Optimization has converged.",817,0.528
"818","CoopBreed","Interval.final",0.508495095971286,0.0477891583414541,-168.168865513098,1.01736759219771,0.049904118973073,4.77891583414541e-06,-167.95028417144,1.01734342623681,3,"Optimization has converged.",818,0.528
"819","CoopBreed","Interval.final",0.737345324702655,0.0477891583414541,-168.168865513098,1.01736759219771,0.0504350548641661,4.77891583414541e-06,-168.112628696419,1.01738656671677,3,"Optimization may not have converged.  Consider increasing maxit.",819,0.528
"820","CoopBreed","Interval.final",0.000175229597720736,0.0477891583414541,-168.168865513098,1.01736759219771,0.0299536140617915,0.335165427235156,-161.129041491597,1.01738339050772,3,"Optimization has converged.",820,0.528
"821","CoopBreed","Interval.final",0.317800202821088,0.0477891583414541,-168.168865513098,1.01736759219771,0.0405286285363249,0.206006739005004,-167.669876379068,1.01736779487244,3,"Optimization has converged.",821,0.528
"822","CoopBreed","Interval.final",0.299871855282141,0.0477891583414541,-168.168865513098,1.01736759219771,0.0494869099669502,4.77891583414541e-06,-167.631483535979,1.01737093565376,3,"Optimization has converged.",822,0.528
"823","CoopBreed","Interval.final",0.426769527542477,0.0477891583414541,-168.168865513098,1.01736759219771,0.0499076175929108,4.77891583414541e-06,-167.853066192518,1.01736556301801,3,"Optimization has converged.",823,0.528
"824","CoopBreed","Interval.final",0.515504300509906,0.0477891583414541,-168.168865513098,1.01736759219771,0.049984893856743,4.77891583414541e-06,-167.957426352005,1.01734679253483,3,"Optimization has converged.",824,0.528
"825","CoopBreed","Interval.final",0.0163148134069595,0.0477891583414541,-168.168865513098,1.01736759219771,0.0376094249799847,0.207018705634925,-165.284554014593,1.01734318289876,3,"Optimization has converged.",825,0.528
"826","CoopBreed","Interval.final",0.00028649596829216,0.0477891583414541,-168.168865513098,1.01736759219771,0.037497278780466,0.16577634474579,-161.590525242202,1.01721054751468,3,"Optimization has converged.",826,0.528
"827","CoopBreed","Interval.final",0.743218055389524,0.0477891583414541,-168.168865513098,1.01736759219771,0.0452559130292253,0.101843906865353,-168.115206337133,1.01736850277763,3,"Optimization has converged.",827,0.528
"828","CoopBreed","Interval.final",2.36904547498965e-06,0.0477891583414541,-168.168865513098,1.01736759219771,0.0189098128878013,0.639692278299194,-157.0339706252,1.08306675225911,3,"Optimization has converged.",828,0.528
"829","CoopBreed","Interval.final",0.000195979860569074,0.0477891583414541,-168.168865513098,1.01736759219771,0.0285476966643316,0.357494754089273,-161.234245154429,1.01730545077581,3,"Optimization may not have converged.  Consider increasing maxit.",829,0.528
"830","CoopBreed","Interval.final",0.0781314138241255,0.0477891583414541,-168.168865513098,1.01736759219771,0.0411033990377789,0.168045205757489,-166.617191029369,1.01765374469955,3,"Optimization has converged.",830,0.528
"831","CoopBreed","Interval.final",0.000812234874100232,0.0477891583414541,-168.168865513098,1.01736759219771,0.0326505802578698,0.320433452415535,-162.562333358419,1.01735562548808,3,"Optimization has converged.",831,0.528
"832","CoopBreed","Interval.final",0.00102051185992073,0.0477891583414541,-168.168865513098,1.01736759219771,0.0329155763134415,0.276711443482089,-162.773877338253,1.01734832447225,3,"Optimization has converged.",832,0.528
"833","CoopBreed","Interval.final",0.451254020080977,0.0477891583414541,-168.168865513098,1.01736759219771,0.0498880155098267,4.77891583414541e-06,-167.885115458721,1.01736778632259,3,"Optimization has converged.",833,0.528
"834","CoopBreed","Interval.final",0.00646411309195044,0.0477891583414541,-168.168865513098,1.01736759219771,0.0360933037789905,0.22950604197897,-164.460792549092,1.0174441016247,3,"Optimization has converged.",834,0.528
"835","CoopBreed","Interval.final",0.525382801962242,0.0477891583414541,-168.168865513098,1.01736759219771,0.0431850149124687,0.139919357837102,-167.967208599557,0.998929120467267,3,"Optimization has converged.",835,0.528
"836","CoopBreed","Interval.final",0.403911432762921,0.0477891583414541,-168.168865513098,1.01736759219771,0.0436205584188782,0.133309663555799,-167.820540209726,1.01744049500493,3,"Optimization has converged.",836,0.528
"837","CoopBreed","Interval.final",0.0124008691867286,0.0477891583414541,-168.168865513098,1.01736759219771,0.0308827579618574,0.393509868071261,-165.042547959804,0.971699884659627,3,"Optimization has converged.",837,0.528
"838","CoopBreed","Interval.final",0.181746510316299,0.0477891583414541,-168.168865513098,1.01736759219771,0.0374675358965317,0.29263371887123,-167.277223201335,1.01737252189168,3,"Optimization has converged.",838,0.528
"839","CoopBreed","Interval.final",0.167277344899157,0.0477891583414541,-168.168865513098,1.01736759219771,0.0388072895223935,0.225490622755378,-167.215277755925,1.01737968667282,3,"Optimization has converged.",839,0.528
"840","CoopBreed","Interval.final",0.000553865308595129,0.0477891583414541,-168.168865513098,1.01736759219771,0.0288279718977431,0.362008793969041,-162.206380707594,1.06703337164857,3,"Optimization has converged.",840,0.528
"841","CoopBreed","Interval.final",0.000245127309893639,0.0477891583414541,-168.168865513098,1.01736759219771,0.0305168571095135,0.326400977594449,-161.444329160573,1.01771621348959,3,"Optimization has converged.",841,0.528
"842","CoopBreed","Interval.final",3.50235545761417e-06,0.0477891583414541,-168.168865513098,1.01736759219771,0.0207332011977842,0.572339534177071,-157.409078766882,1.12455101395036,3,"Optimization has converged.",842,0.528
"843","CoopBreed","Interval.final",0.00194151586042372,0.0477891583414541,-168.168865513098,1.01736759219771,0.0356522720543974,0.2311771414442,-163.366854199107,1.01751553659477,3,"Optimization has converged.",843,0.528
"844","CoopBreed","Interval.final",0.213419220913505,0.0477891583414541,-168.168865513098,1.01736759219771,0.0405496325610616,0.173088020163014,-167.394825892125,1.01753120624348,3,"Optimization has converged.",844,0.528
"845","CoopBreed","Interval.final",0.208657564030175,0.0477891583414541,-168.168865513098,1.01736759219771,0.0495023735073162,4.77891583414541e-06,-167.378507424209,1.0173698069201,3,"Optimization has converged.",845,0.528
"846","CoopBreed","Interval.final",0.0440344544035341,0.0477891583414541,-168.168865513098,1.01736759219771,0.0332628367958424,0.291949802617792,-166.141245422713,1.01737157483789,3,"Optimization has converged.",846,0.528
"847","CoopBreed","Interval.final",0.49738273235335,0.0477891583414541,-168.168865513098,1.01736759219771,0.0501033226377646,4.77891583414541e-06,-167.938607313667,1.01736660515583,3,"Optimization has converged.",847,0.528
"848","CoopBreed","Interval.final",0.0413490022661687,0.0477891583414541,-168.168865513098,1.01736759219771,0.0320082456133454,0.446154435737791,-166.088038405556,1.0955599165967,3,"Optimization has converged.",848,0.528
"849","CoopBreed","Interval.final",0.000161436233164115,0.0477891583414541,-168.168865513098,1.01736759219771,0.0322667008793156,0.291978665004808,-161.051917071117,1.01721634359489,3,"Optimization has converged.",849,0.528
"850","CoopBreed","Interval.final",0.879591999431099,0.0477891583414541,-168.168865513098,1.01736759219771,0.0498801971128307,4.77891583414541e-06,-168.157391440948,1.01732831924372,3,"Optimization may not have converged.  Consider increasing maxit.",850,0.528
"851","CoopBreed","Interval.final",0.390341921670778,0.0477891583414541,-168.168865513098,1.01736759219771,0.0498506470012147,4.77891583414541e-06,-167.799927201679,1.01736348476014,3,"Optimization has converged.",851,0.528
"852","CoopBreed","Interval.final",0.333262011690501,0.0477891583414541,-168.168865513098,1.01736759219771,0.0497142158065808,4.77891583414541e-06,-167.700775171579,1.01736669161774,3,"Optimization has converged.",852,0.528
"853","CoopBreed","Interval.final",0.00534947920575634,0.0477891583414541,-168.168865513098,1.01736759219771,0.033092864570327,0.340872215027292,-164.290197276183,1.00820762919349,3,"Optimization has converged.",853,0.528
"854","CoopBreed","Interval.final",0.1033587276527,0.0477891583414541,-168.168865513098,1.01736759219771,0.0493345586419505,4.77891583414541e-06,-166.842396659029,1.01736797167166,3,"Optimization has converged.",854,0.528
"855","CoopBreed","Interval.final",0.403934831603583,0.0477891583414541,-168.168865513098,1.01736759219771,0.0501240130555777,4.77891583414541e-06,-167.820574884945,1.01736182394051,3,"Optimization has converged.",855,0.528
"856","CoopBreed","Interval.final",8.1114613763388e-06,0.0477891583414541,-168.168865513098,1.01736759219771,0.0225871219997598,0.539488206697869,-158.213158674413,1.13460434333114,3,"Optimization has converged.",856,0.528
"857","CoopBreed","Interval.final",0.000385455057185671,0.0477891583414541,-168.168865513098,1.01736759219771,0.0307541576654518,0.32427309266201,-161.86815854417,1.01691136476379,3,"Optimization may not have converged.  Consider increasing maxit.",857,0.528
"858","CoopBreed","Interval.final",0.0038583959151954,0.0477891583414541,-168.168865513098,1.01736759219771,0.038114421285616,0.195941300124778,-163.994224092246,0.99414431481043,3,"Optimization may not have converged.  Consider increasing maxit.",858,0.528
"859","CoopBreed","Interval.final",0.000553941874860533,0.0477891583414541,-168.168865513098,1.01736759219771,0.029435527929247,0.349000965803224,-162.206509464339,1.01735797867016,3,"Optimization has converged.",859,0.528
"860","CoopBreed","Interval.final",0.00217362178084356,0.0477891583414541,-168.168865513098,1.01736759219771,0.0220282721275729,0.509358545136641,-163.470455751424,1.01732178944838,3,"Optimization has converged.",860,0.528
"861","CoopBreed","Interval.final",0.00610676097576084,0.0477891583414541,-168.168865513098,1.01736759219771,0.033708849860816,0.297346851798937,-164.409602216828,0.918105950575478,3,"Optimization has converged.",861,0.528
"862","CoopBreed","Interval.final",0.0105280241100108,0.0477891583414541,-168.168865513098,1.01736759219771,0.0376680784959867,0.201247644553627,-164.89721856824,1.01091266916539,3,"Optimization has converged.",862,0.528
"863","CoopBreed","Interval.final",0.0156330982715945,0.0477891583414541,-168.168865513098,1.01736759219771,0.0343124209620908,0.310166514337523,-165.247025594421,1.01736577611059,3,"Optimization has converged.",863,0.528
"864","CoopBreed","Interval.final",0.227104993211111,0.0477891583414541,-168.168865513098,1.01736759219771,0.0398853927239148,0.188596798531841,-167.43941479053,1.01737416251197,3,"Optimization has converged.",864,0.528
"865","CoopBreed","Interval.final",0.00380584432305809,0.0477891583414541,-168.168865513098,1.01736759219771,0.0359778651771179,0.263622873335127,-163.981764035511,1.01733762212971,3,"Optimization has converged.",865,0.528
"866","CoopBreed","Interval.final",4.68933617094935e-05,0.0477891583414541,-168.168865513098,1.01736759219771,0.032644122994295,0.262841096909148,-159.883996693877,1.01649868213448,3,"Optimization has converged.",866,0.528
"867","CoopBreed","Interval.final",0.000354314208327467,0.0477891583414541,-168.168865513098,1.01736759219771,0.0290851048982457,0.401788503467594,-161.789402324466,1.01737910333984,3,"Optimization has converged.",867,0.528
"868","CoopBreed","Interval.final",0.693177084129986,0.0477891583414541,-168.168865513098,1.01736759219771,0.0447797720718969,0.109907643936236,-168.091031765164,1.0157995892982,3,"Optimization has converged.",868,0.528
"869","CoopBreed","Interval.final",0.00113072627995612,0.0477891583414541,-168.168865513098,1.01736759219771,0.0360185079582328,0.223892982816545,-162.868742621767,1.01741722836321,3,"Optimization has converged.",869,0.528
"870","CoopBreed","Interval.final",0.000409380278383773,0.0477891583414541,-168.168865513098,1.01736759219771,0.0295455263257163,0.410227440062779,-161.924422596164,1.04574492486843,3,"Optimization has converged.",870,0.528
"871","CoopBreed","Interval.final",0.0101938536894326,0.0477891583414541,-168.168865513098,1.01736759219771,0.0334480402502405,0.303158108819718,-164.868514235113,1.01738412292456,3,"Optimization has converged.",871,0.528
"872","CoopBreed","Interval.final",0.107878990110267,0.0477891583414541,-168.168865513098,1.01736759219771,0.0490701496060592,4.77891583414541e-06,-166.876355105206,1.01736675036128,3,"Optimization has converged.",872,0.528
"873","CoopBreed","Interval.final",0.00107283759248387,0.0477891583414541,-168.168865513098,1.01736759219771,0.0310545222746081,0.353047013162908,-162.820144434948,1.04348707390251,3,"Optimization has converged.",873,0.528
"874","CoopBreed","Interval.final",1.06520405978878e-05,0.0477891583414541,-168.168865513098,1.01736759219771,0.0308571388208686,0.282150441565962,-158.473478410702,0.956246653698451,3,"Optimization has converged.",874,0.528
"875","CoopBreed","Interval.final",0.223720664939857,0.0477891583414541,-168.168865513098,1.01736759219771,0.0494620634266294,4.77891583414541e-06,-167.428693375228,1.01736701671156,3,"Optimization may not have converged.  Consider increasing maxit.",875,0.528
"876","CoopBreed","Interval.final",0.0019191410919478,0.0477891583414541,-168.168865513098,1.01736759219771,0.0355190725921448,0.218867146359057,-163.356210777808,1.02991527030817,3,"Optimization has converged.",876,0.528
"877","CoopBreed","Interval.final",0.000100662597924557,0.0477891583414541,-168.168865513098,1.01736759219771,0.0317323851475411,0.287381016309304,-160.606747024464,1.01732857079268,3,"Optimization has converged.",877,0.528
"878","CoopBreed","Interval.final",0.00154253967900576,0.0477891583414541,-168.168865513098,1.01736759219771,0.0308294107960239,0.370871738454116,-163.155317066869,1.00788236549422,3,"Optimization has converged.",878,0.528
"879","CoopBreed","Interval.final",0.261798837852015,0.0477891583414541,-168.168865513098,1.01736759219771,0.0495090145798595,4.77891583414541e-06,-167.539255651055,1.01736384578915,3,"Optimization has converged.",879,0.528
"880","CoopBreed","Interval.final",0.0798545969511468,0.0477891583414541,-168.168865513098,1.01736759219771,0.0416230901606948,0.167114134892294,-166.634936217629,1.01725352302291,3,"Optimization has converged.",880,0.528
"881","CoopBreed","Interval.final",6.2974895433638e-06,0.0477891583414541,-168.168865513098,1.01736759219771,0.0233766922781007,0.407490773528231,-157.971072723184,1.01702493978989,3,"Optimization has converged.",881,0.528
"882","CoopBreed","Interval.final",0.0059329873106948,0.0477891583414541,-168.168865513098,1.01736759219771,0.0302558400805062,0.412560311956402,-164.383593492905,0.929603452197885,3,"Optimization has converged.",882,0.528
"883","CoopBreed","Interval.final",0.0117947194003108,0.0477891583414541,-168.168865513098,1.01736759219771,0.0381927281295776,0.208123629887292,-164.998131267505,1.01726576591674,3,"Optimization has converged.",883,0.528
"884","CoopBreed","Interval.final",0.483915177299684,0.0477891583414541,-168.168865513098,1.01736759219771,0.0500986648453944,4.77891583414541e-06,-167.92385191971,1.01737115551646,3,"Optimization has converged.",884,0.528
"885","CoopBreed","Interval.final",0.0380313580915318,0.0477891583414541,-168.168865513098,1.01736759219771,0.0394999981652323,0.191467629246852,-166.017055937624,1.01729285717249,3,"Optimization has converged.",885,0.528
"886","CoopBreed","Interval.final",0.00056436383874403,0.0477891583414541,-168.168865513098,1.01736759219771,0.0311509486768359,0.346327688027965,-162.223869842498,1.04632457032863,3,"Optimization has converged.",886,0.528
"887","CoopBreed","Interval.final",0.000204690695502171,0.0477891583414541,-168.168865513098,1.01736759219771,0.0127733975197987,0.921645461474453,-161.27510208825,1.06968441421952,3,"Optimization may not have converged.  Consider increasing maxit.",887,0.528
"888","CoopBreed","Interval.final",4.91556437660703e-06,0.0477891583414541,-168.168865513098,1.01736759219771,0.026147005387994,0.389746494671148,-157.733911322714,1.01700755879156,3,"Optimization has converged.",888,0.528
"889","CoopBreed","Interval.final",0.00753076907915074,0.0477891583414541,-168.168865513098,1.01736759219771,0.0371932880369414,0.217652551583135,-164.597967408237,1.05312949691002,3,"Optimization has converged.",889,0.528
"890","CoopBreed","Interval.final",0.00395760574790368,0.0477891583414541,-168.168865513098,1.01736759219771,0.035314465448238,0.272830614141802,-164.017283218733,1.0173732571872,3,"Optimization has converged.",890,0.528
"891","CoopBreed","Interval.final",0.607173917617424,0.0477891583414541,-168.168865513098,1.01736759219771,0.049916545181466,4.77891583414541e-06,-168.036710107629,1.01736993264796,3,"Optimization has converged.",891,0.528
"892","CoopBreed","Interval.final",0.276257319334239,0.0477891583414541,-168.168865513098,1.01736759219771,0.0495291431679636,4.77891583414541e-06,-167.576160381359,1.01736791963947,3,"Optimization has converged.",892,0.528
"893","CoopBreed","Interval.final",0.000206235253965105,0.0477891583414541,-168.168865513098,1.01736759219771,0.0353361485968585,0.247801848903199,-161.282163397928,1.01732964242211,3,"Optimization may not have converged.  Consider increasing maxit.",893,0.528
"894","CoopBreed","Interval.final",0.0528523483078008,0.0477891583414541,-168.168865513098,1.01736759219771,0.0313963577520097,0.441202632799145,-166.294574793751,1.04298571711744,3,"Optimization has converged.",894,0.528
"895","CoopBreed","Interval.final",0.197111609387347,0.0477891583414541,-168.168865513098,1.01736759219771,0.0428730307558287,0.13712436995871,-167.337041929843,1.01737070190051,3,"Optimization has converged.",895,0.528
"896","CoopBreed","Interval.final",0.795141788143942,0.0477891583414541,-168.168865513098,1.01736759219771,0.0459213284195645,0.0905421216438305,-168.135159152476,1.01736497014874,3,"Optimization has converged.",896,0.528
"897","CoopBreed","Interval.final",0.187214857757784,0.0477891583414541,-168.168865513098,1.01736759219771,0.0495062629544521,4.77891583414541e-06,-167.299165470084,1.01736538383421,3,"Optimization may not have converged.  Consider increasing maxit.",897,0.528
"898","CoopBreed","Interval.final",0.00997191700438224,0.0477891583414541,-168.168865513098,1.01736759219771,0.0319195108194524,0.397269441582903,-164.848912282031,1.01739860626589,3,"Optimization has converged.",898,0.528
"899","CoopBreed","Interval.final",0.0483996946495766,0.0477891583414541,-168.168865513098,1.01736759219771,0.0393816094362203,0.183896735944344,-166.220839100722,1.01733788191695,3,"Optimization has converged.",899,0.528
"900","CoopBreed","Interval.final",0.685383384657791,0.0477891583414541,-168.168865513098,1.01736759219771,0.0506109831598884,4.77891583414541e-06,-168.086801142246,1.01737838653867,3,"Optimization has converged.",900,0.528
"901","CoopBreed","Interval.final",0.31076650509527,0.0477891583414541,-168.168865513098,1.01736759219771,0.0495320999673444,4.77891583414541e-06,-167.655157845462,1.01736935029826,3,"Optimization has converged.",901,0.528
"902","CoopBreed","Interval.final",0.496606065234191,0.0477891583414541,-168.168865513098,1.01736759219771,0.0497856426869074,4.77891583414541e-06,-167.93777461065,1.0173710742346,3,"Optimization has converged.",902,0.528
"903","CoopBreed","Interval.final",0.049410754008367,0.0477891583414541,-168.168865513098,1.01736759219771,0.0381841792205719,0.230925421987061,-166.238193868729,1.01696147953978,3,"Optimization has converged.",903,0.528
"904","CoopBreed","Interval.final",0.00756507533308657,0.0477891583414541,-168.168865513098,1.01736759219771,0.036291204589855,0.226897300707218,-164.602042609312,1.01734740769105,3,"Optimization has converged.",904,0.528
"905","CoopBreed","Interval.final",0.49286397425483,0.0477891583414541,-168.168865513098,1.01736759219771,0.0427471909077044,0.150945214365055,-167.933731591818,1.06227758936383,3,"Optimization has converged.",905,0.528
"906","CoopBreed","Interval.final",0.0258156751317866,0.0477891583414541,-168.168865513098,1.01736759219771,0.037951496944211,0.21460708195116,-165.684704318761,0.97624184427311,3,"Optimization has converged.",906,0.528
"907","CoopBreed","Interval.final",0.168321242030681,0.0477891583414541,-168.168865513098,1.01736759219771,0.0407999740395059,0.171907039668944,-167.219949753716,1.01736230450432,3,"Optimization may not have converged.  Consider increasing maxit.",907,0.528
"908","CoopBreed","Interval.final",1.35788358135733e-08,0.0477891583414541,-168.168865513098,1.01736759219771,0.0140308586359484,0.635013138298295,-152.045521564668,0.795001681978662,3,"Optimization may not have converged.  Consider increasing maxit.",908,0.528
"909","CoopBreed","Interval.final",0.00382759735694425,0.0477891583414541,-168.168865513098,1.01736759219771,0.0380269589134385,0.220706506773522,-163.986942810886,0.977907788610146,3,"Optimization has converged.",909,0.528
"910","CoopBreed","Interval.final",0.00077689446043547,0.0477891583414541,-168.168865513098,1.01736759219771,0.0277616273603815,0.450878651026323,-162.521047063218,0.977666037281766,3,"Optimization has converged.",910,0.528
"911","CoopBreed","Interval.final",0.0138522822606466,0.0477891583414541,-168.168865513098,1.01736759219771,0.0361030406778521,0.258341559738462,-165.140429466894,1.01735917712265,3,"Optimization has converged.",911,0.528
"912","CoopBreed","Interval.final",0.0599712263449145,0.0477891583414541,-168.168865513098,1.01736759219771,0.0375204784245079,0.239306408019859,-166.399775437375,1.01734833530633,3,"Optimization has converged.",912,0.528
"913","CoopBreed","Interval.final",0.0174218780371974,0.0477891583414541,-168.168865513098,1.01736759219771,0.0373147056329002,0.227687490884278,-165.342181424023,1.01739115636223,3,"Optimization has converged.",913,0.528
"914","CoopBreed","Interval.final",0.141365723350807,0.0477891583414541,-168.168865513098,1.01736759219771,0.0382043241036309,0.246430687105122,-167.087350701356,1.01736649514056,3,"Optimization has converged.",914,0.528
"915","CoopBreed","Interval.final",3.1517889842204e-07,0.0477891583414541,-168.168865513098,1.01736759219771,0.0147717229139413,0.594075284507698,-155.091667939225,1.01733145137064,3,"Optimization may not have converged.  Consider increasing maxit.",915,0.528
"916","CoopBreed","Interval.final",0.0314421557513493,0.0477891583414541,-168.168865513098,1.01736759219771,0.0329095755503813,0.356704189446063,-165.854536726129,1.01736253909829,3,"Optimization has converged.",916,0.528
"917","CoopBreed","Interval.final",0.576633746986707,0.0477891583414541,-168.168865513098,1.01736759219771,0.0498578777839167,0.00287284394873642,-168.013011326863,1.01732422229226,3,"Optimization has converged.",917,0.528
"918","CoopBreed","Interval.final",0.241518752462642,0.0477891583414541,-168.168865513098,1.01736759219771,0.0423415165827726,0.143063635514137,-167.48301183402,1.01737601867316,3,"Optimization has converged.",918,0.528
"919","CoopBreed","Interval.final",0.00101229344235213,0.0477891583414541,-168.168865513098,1.01736759219771,0.0345558411464984,0.282430361349786,-162.766393119036,1.01753049016603,3,"Optimization has converged.",919,0.528
"920","CoopBreed","Interval.final",0.112680665613661,0.0477891583414541,-168.168865513098,1.01736759219771,0.0394235407374622,0.238470147674714,-166.910757382609,1.04899467828775,3,"Optimization has converged.",920,0.528
"921","CoopBreed","Interval.final",0.177979456238409,0.0477891583414541,-168.168865513098,1.01736759219771,0.0495028350842064,4.77891583414541e-06,-167.261657765724,1.01736866361392,3,"Optimization has converged.",921,0.528
"922","CoopBreed","Interval.final",0.00282649259009054,0.0477891583414541,-168.168865513098,1.01736759219771,0.0309392950977303,0.345645924096694,-163.710756580364,0.937572101804767,3,"Optimization has converged.",922,0.528
"923","CoopBreed","Interval.final",0.411548299265417,0.0477891583414541,-168.168865513098,1.01736759219771,0.0497614484122237,4.77891583414541e-06,-167.831703780857,1.0173582628719,3,"Optimization has converged.",923,0.528
"924","CoopBreed","Interval.final",0.296104025593373,0.0477891583414541,-168.168865513098,1.01736759219771,0.0501575434691802,4.77891583414541e-06,-167.623036251189,1.01736617917957,3,"Optimization has converged.",924,0.528
"925","CoopBreed","Interval.final",0.337854662397437,0.0477891583414541,-168.168865513098,1.01736759219771,0.0498156724200015,4.77891583414541e-06,-167.709588001829,1.01736850291289,3,"Optimization has converged.",925,0.528
"926","CoopBreed","Interval.final",0.00717484996598614,0.0477891583414541,-168.168865513098,1.01736759219771,0.0364857693616905,0.252792796611579,-164.554532479487,1.01734313053624,3,"Optimization has converged.",926,0.528
"927","CoopBreed","Interval.final",0.0130142498842495,0.0477891583414541,-168.168865513098,1.01736759219771,0.0409146718239425,0.151095256366057,-165.085279605304,1.01744461762719,3,"Optimization has converged.",927,0.528
"928","CoopBreed","Interval.final",0.00105261954752633,0.0477891583414541,-168.168865513098,1.01736759219771,0.0319872513295478,0.328562697409825,-162.802543681487,1.06139283838276,3,"Optimization has converged.",928,0.528
"929","CoopBreed","Interval.final",0.0267333261845935,0.0477891583414541,-168.168865513098,1.01736759219771,0.0395396961417024,0.181397199019287,-165.714889702766,1.01734067425883,3,"Optimization has converged.",929,0.528
"930","CoopBreed","Interval.final",0.102758883610194,0.0477891583414541,-168.168865513098,1.01736759219771,0.040223031535652,0.181911888084753,-166.837768347277,1.01750318020428,3,"Optimization has converged.",930,0.528
"931","CoopBreed","Interval.final",0.00478624527636475,0.0477891583414541,-168.168865513098,1.01736759219771,0.0375550493647757,0.203776087677459,-164.189622873479,1.01734416814185,3,"Optimization has converged.",931,0.528
"932","CoopBreed","Interval.final",0.000751196079373673,0.0477891583414541,-168.168865513098,1.01736759219771,0.0354698969050015,0.218798704793046,-162.489815209961,1.01685828938391,3,"Optimization has converged.",932,0.528
"933","CoopBreed","Interval.final",0.461975320795258,0.0477891583414541,-168.168865513098,1.01736759219771,0.0499583486164418,4.77891583414541e-06,-167.898313232643,1.01736927711593,3,"Optimization has converged.",933,0.528
"934","CoopBreed","Interval.final",0.00720611488650069,0.0477891583414541,-168.168865513098,1.01736759219771,0.0375337668589048,0.232054516722625,-164.558435188243,1.01738343283175,3,"Optimization has converged.",934,0.528
"935","CoopBreed","Interval.final",0.265494149986402,0.0477891583414541,-168.168865513098,1.01736759219771,0.0495210737891163,4.77891583414541e-06,-167.548925430047,1.01736767254319,3,"Optimization has converged.",935,0.528
"936","CoopBreed","Interval.final",0.000524198770526693,0.0477891583414541,-168.168865513098,1.01736759219771,0.0326743723440754,0.265046520071957,-162.155089506068,1.01742679290039,3,"Optimization has converged.",936,0.528
"937","CoopBreed","Interval.final",0.474160493789167,0.0477891583414541,-168.168865513098,1.01736759219771,0.0432203346179631,0.130836107855527,-167.912733590698,1.01736523767595,3,"Optimization has converged.",937,0.528
"938","CoopBreed","Interval.final",0.720858285874457,0.0477891583414541,-168.168865513098,1.01736759219771,0.0463999225689654,0.0754566034335394,-168.105029598764,1.01736766714087,3,"Optimization may not have converged.  Consider increasing maxit.",938,0.528
"939","CoopBreed","Interval.final",0.00549324211256752,0.0477891583414541,-168.168865513098,1.01736759219771,0.037983971646528,0.177638758596639,-164.314139446799,1.01748927624717,3,"Optimization has converged.",939,0.528
"940","CoopBreed","Interval.final",0.0872690742821692,0.0477891583414541,-168.168865513098,1.01736759219771,0.0490774577085178,4.77891583414541e-06,-166.706845115374,1.0173645240807,3,"Optimization has converged.",940,0.528
"941","CoopBreed","Interval.final",0.429515412277485,0.0477891583414541,-168.168865513098,1.01736759219771,0.0422362033995604,0.156612211415177,-167.856798798431,1.01736456305389,3,"Optimization has converged.",941,0.528
"942","CoopBreed","Interval.final",0.239855662630053,0.0477891583414541,-168.168865513098,1.01736759219771,0.0498128135101582,4.77891583414541e-06,-167.478144476895,1.01736847716254,3,"Optimization has converged.",942,0.528
"943","CoopBreed","Interval.final",0.0175063575710787,0.0477891583414541,-168.168865513098,1.01736759219771,0.0147261547613308,0.726867450450593,-165.346422674959,1.16915881395056,3,"Optimization has converged.",943,0.528
"944","CoopBreed","Interval.final",0.00303025307219276,0.0477891583414541,-168.168865513098,1.01736759219771,0.0275793753848424,0.457472070709579,-163.774284184583,1.01736865227764,3,"Optimization has converged.",944,0.528
"945","CoopBreed","Interval.final",0.477705523017872,0.0477891583414541,-168.168865513098,1.01736759219771,0.0500310323809132,4.77891583414541e-06,-167.916817100939,1.01736638890614,3,"Optimization has converged.",945,0.528
"946","CoopBreed","Interval.final",0.090590731684755,0.0477891583414541,-168.168865513098,1.01736759219771,0.0494174071091253,4.77891583414541e-06,-166.736943129532,1.01737030523391,3,"Optimization has converged.",946,0.528
"947","CoopBreed","Interval.final",0.00132287174527607,0.0477891583414541,-168.168865513098,1.01736759219771,0.035231618584923,0.228688424226164,-163.013697367741,0.987330547922993,3,"Optimization has converged.",947,0.528
"948","CoopBreed","Interval.final",0.180778932369088,0.0477891583414541,-168.168865513098,1.01736759219771,0.0495819227718592,4.77891583414541e-06,-167.273261032257,1.01736781238633,3,"Optimization has converged.",948,0.528
"949","CoopBreed","Interval.final",0.144860785068599,0.0477891583414541,-168.168865513098,1.01736759219771,0.0402489507897335,0.191774061656973,-167.106090576642,1.01778583477393,3,"Optimization has converged.",949,0.528
"950","CoopBreed","Interval.final",0.000232638761687908,0.0477891583414541,-168.168865513098,1.01736759219771,0.0302652782429556,0.312450918919555,-161.395267681921,1.01797549789523,3,"Optimization has converged.",950,0.528
"951","CoopBreed","Interval.final",0.628736797499374,0.0477891583414541,-168.168865513098,1.01736759219771,0.0450824266294169,0.100757941052173,-168.051976689324,1.01736540344626,3,"Optimization may not have converged.  Consider increasing maxit.",951,0.528
"952","CoopBreed","Interval.final",0.376282543829321,0.0477891583414541,-168.168865513098,1.01736759219771,0.0416991010570008,0.17633132617767,-167.777459572495,1.01736315874213,3,"Optimization has converged.",952,0.528
"953","CoopBreed","Interval.final",0.000813773853336278,0.0477891583414541,-168.168865513098,1.01736759219771,0.0326528441298841,0.264794626587795,-162.56408976619,1.05556000839621,3,"Optimization has converged.",953,0.528
"954","CoopBreed","Interval.final",0.0822934576726975,0.0477891583414541,-168.168865513098,1.01736759219771,0.040926114940773,0.173102695455547,-166.659358235195,0.993676011691735,3,"Optimization has converged.",954,0.528
"955","CoopBreed","Interval.final",0.275576342891245,0.0477891583414541,-168.168865513098,1.01736759219771,0.0389091467443943,0.245270895699971,-167.57447689958,0.998879909052668,3,"Optimization has converged.",955,0.528
"956","CoopBreed","Interval.final",0.0133432471328413,0.0477891583414541,-168.168865513098,1.01736759219771,0.0385060088906395,0.194161956065228,-165.107354318629,1.01739073909874,3,"Optimization has converged.",956,0.528
"957","CoopBreed","Interval.final",0.0135143066273942,0.0477891583414541,-168.168865513098,1.01736759219771,0.0348171690045982,0.273841997675498,-165.118611770781,1.01736588293627,3,"Optimization has converged.",957,0.528
"958","CoopBreed","Interval.final",0.892441251689313,0.0477891583414541,-168.168865513098,1.01736759219771,0.0492456357530008,0.0165639695138962,-168.159723856209,1.01735400203404,3,"Optimization has converged.",958,0.528
"959","CoopBreed","Interval.final",0.000213629985623288,0.0477891583414541,-168.168865513098,1.01736759219771,0.0259353195229801,0.399232936850429,-161.315248325704,1.09339119671313,3,"Optimization has converged.",959,0.528
"960","CoopBreed","Interval.final",0.476527654858238,0.0477891583414541,-168.168865513098,1.01736759219771,0.0428257263839249,0.147522459675564,-167.91546580327,1.05028651840998,3,"Optimization has converged.",960,0.528
"961","CoopBreed","Interval.final",0.947319075989429,0.0477891583414541,-168.168865513098,1.01736759219771,0.0472541267111052,0.059064229276597,-168.166682640086,1.01736739478661,3,"Optimization has converged.",961,0.528
"962","CoopBreed","Interval.final",0.467735566130239,0.0477891583414541,-168.168865513098,1.01736759219771,0.0499213460270043,4.77891583414541e-06,-167.905205269855,1.01736766904225,3,"Optimization has converged.",962,0.528
"963","CoopBreed","Interval.final",0.603642644858252,0.0477891583414541,-168.168865513098,1.01736759219771,0.0437921747608088,0.13163557680299,-168.034097101765,1.04928123840033,3,"Optimization has converged.",963,0.528
"964","CoopBreed","Interval.final",0.000890835846147841,0.0477891583414541,-168.168865513098,1.01736759219771,0.033727052751453,0.299365179235709,-162.647999387096,0.967573092127563,3,"Optimization has converged.",964,0.528
"965","CoopBreed","Interval.final",0.388563320695051,0.0477891583414541,-168.168865513098,1.01736759219771,0.0444505859146025,0.113610350907411,-167.797148919811,1.01736582357469,3,"Optimization has converged.",965,0.528
"966","CoopBreed","Interval.final",6.43598959862099e-09,0.0477891583414541,-168.168865513098,1.01736759219771,0.0111224277753383,0.605543265703372,-151.319760710583,0.937054134980668,3,"Optimization may not have converged.  Consider increasing maxit.",966,0.528
"967","CoopBreed","Interval.final",0.000814019597229421,0.0477891583414541,-168.168865513098,1.01736759219771,0.0258068179473008,0.493250286027869,-162.564369918177,0.900001083626284,3,"Optimization has converged.",967,0.528
"968","CoopBreed","Interval.final",0.00104656553296341,0.0477891583414541,-168.168865513098,1.01736759219771,0.0332824514276694,0.289267177465939,-162.797206807749,1.01816991237805,3,"Optimization may not have converged.  Consider increasing maxit.",968,0.528
"969","CoopBreed","Interval.final",6.62900383408344e-05,0.0477891583414541,-168.168865513098,1.01736759219771,0.0301562942961489,0.328698974897987,-160.211914847105,1.01744985867586,3,"Optimization has converged.",969,0.528
"970","CoopBreed","Interval.final",0.0216370789958458,0.0477891583414541,-168.168865513098,1.01736759219771,0.0379000375374254,0.208080856548282,-165.531497925097,0.977277534678515,3,"Optimization has converged.",970,0.528
"971","CoopBreed","Interval.final",0.0285879223136333,0.0477891583414541,-168.168865513098,1.01736759219771,0.0369988043363476,0.232670776165392,-165.77273639313,1.01731681528451,3,"Optimization has converged.",971,0.528
"972","CoopBreed","Interval.final",0.469173586072445,0.0477891583414541,-168.168865513098,1.01736759219771,0.049857412812979,4.77891583414541e-06,-167.906904677557,1.01736743462627,3,"Optimization has converged.",972,0.528
"973","CoopBreed","Interval.final",0.0193008738759652,0.0477891583414541,-168.168865513098,1.01736759219771,0.0388138760069625,0.181413354749858,-165.431841664203,1.00470634626575,3,"Optimization has converged.",973,0.528
"974","CoopBreed","Interval.final",0.032795770914806,0.0477891583414541,-168.168865513098,1.01736759219771,0.0396124570725346,0.187732762096849,-165.890661069888,1.01747621213732,3,"Optimization may not have converged.  Consider increasing maxit.",974,0.528
"975","CoopBreed","Interval.final",1.02042984437632e-05,0.0477891583414541,-168.168865513098,1.01736759219771,0.0251607831842154,0.434218275260445,-158.432470435811,1.1311222990829,3,"Optimization has converged.",975,0.528
"976","CoopBreed","Interval.final",0.0168667634262395,0.0477891583414541,-168.168865513098,1.01736759219771,0.03647313536464,0.242388289657129,-165.313773096869,1.0173696539796,3,"Optimization has converged.",976,0.528
"977","CoopBreed","Interval.final",4.01462442589419e-08,0.0477891583414541,-168.168865513098,1.01736759219771,0.0218792362180781,0.403312880387925,-153.097677821702,1.01733076074575,3,"Optimization has converged.",977,0.528
"978","CoopBreed","Interval.final",0.035446099086236,0.0477891583414541,-168.168865513098,1.01736759219771,0.0406147194124597,0.173190486918672,-165.957087648398,1.01717867528541,3,"Optimization has converged.",978,0.528
"979","CoopBreed","Interval.final",0.0435851298580743,0.0477891583414541,-168.168865513098,1.01736759219771,0.0352536075338029,0.285943431064449,-166.132584698006,1.0173659103389,3,"Optimization has converged.",979,0.528
"980","CoopBreed","Interval.final",0.0018000309640843,0.0477891583414541,-168.168865513098,1.01736759219771,0.0265534768697881,0.465771816254105,-163.297346212637,1.06000849082811,3,"Optimization has converged.",980,0.528
"981","CoopBreed","Interval.final",0.00686092391221971,0.0477891583414541,-168.168865513098,1.01736759219771,0.035693161185904,0.227035378164492,-164.514354272329,1.01739368175196,3,"Optimization has converged.",981,0.528
"982","CoopBreed","Interval.final",0.215129251093127,0.0477891583414541,-168.168865513098,1.01736759219771,0.0498548434555494,4.77891583414541e-06,-167.400581097207,1.01736510811743,3,"Optimization may not have converged.  Consider increasing maxit.",982,0.528
"983","CoopBreed","Interval.final",0.0838548246080027,0.0477891583414541,-168.168865513098,1.01736759219771,0.0394298640061904,0.207638181885203,-166.674586657301,1.0172917938188,3,"Optimization has converged.",983,0.528
"984","CoopBreed","Interval.final",0.207490644946766,0.0477891583414541,-168.168865513098,1.01736759219771,0.0420870652589608,0.149133157856646,-167.374440971993,1.01741547488378,3,"Optimization has converged.",984,0.528
"985","CoopBreed","Interval.final",0.000861878433641564,0.0477891583414541,-168.168865513098,1.01736759219771,0.0360237762330437,0.233435478263088,-162.617361834692,0.978185291999376,3,"Optimization has converged.",985,0.528
"986","CoopBreed","Interval.final",0.0634771052461652,0.0477891583414541,-168.168865513098,1.01736759219771,0.0411230532159433,0.145681152049487,-166.446804066413,1.01735684683779,3,"Optimization has converged.",986,0.528
"987","CoopBreed","Interval.final",0.000273121600452362,0.0477891583414541,-168.168865513098,1.01736759219771,0.031898594920071,0.320748873135637,-161.54572639,1.08586530066848,3,"Optimization has converged.",987,0.528
"988","CoopBreed","Interval.final",9.15942193915561e-06,0.0477891583414541,-168.168865513098,1.01736759219771,0.0248950715901938,0.429985605237302,-158.329279113689,1.0173534828628,3,"Optimization has converged.",988,0.528
"989","CoopBreed","Interval.final",0.625329752043601,0.0477891583414541,-168.168865513098,1.01736759219771,0.049949574447793,4.77891583414541e-06,-168.049641821456,1.017352448816,3,"Optimization has converged.",989,0.528
"990","CoopBreed","Interval.final",0.000144605993211934,0.0477891583414541,-168.168865513098,1.01736759219771,0.0302363700519135,0.333910182800717,-160.948278990412,0.945758424682506,3,"Optimization has converged.",990,0.528
"991","CoopBreed","Interval.final",0.0042749653241843,0.0477891583414541,-168.168865513098,1.01736759219771,0.034496565188638,0.274732045751022,-164.087281940231,1.01735770337996,3,"Optimization has converged.",991,0.528
"992","CoopBreed","Interval.final",0.0993637754614854,0.0477891583414541,-168.168865513098,1.01736759219771,0.0391916576433376,0.21281670490524,-166.811002685821,1.01689145414024,3,"Optimization has converged.",992,0.528
"993","CoopBreed","Interval.final",0.0337708194960296,0.0477891583414541,-168.168865513098,1.01736759219771,0.0351304252274249,0.256823624149052,-165.915730775014,1.01737493152938,3,"Optimization has converged.",993,0.528
"994","CoopBreed","Interval.final",0.13265402646952,0.0477891583414541,-168.168865513098,1.01736759219771,0.0494333966819427,4.77891583414541e-06,-167.038281799608,1.01736876465038,3,"Optimization has converged.",994,0.528
"995","CoopBreed","Interval.final",2.21256814891936e-05,0.0477891583414541,-168.168865513098,1.01736759219771,0.028485111331833,0.404205419569967,-159.170380296521,1.01742738532047,3,"Optimization has converged.",995,0.528
"996","CoopBreed","Interval.final",0.207376855042273,0.0477891583414541,-168.168865513098,1.01736759219771,0.0375745731682504,0.257630828649559,-167.374042993151,1.01736697505972,3,"Optimization has converged.",996,0.528
"997","CoopBreed","Interval.final",0.195460742129156,0.0477891583414541,-168.168865513098,1.01736759219771,0.0415970040396714,0.172955489984979,-167.330880271709,1.01735228643345,3,"Optimization may not have converged.  Consider increasing maxit.",997,0.528
"998","CoopBreed","Interval.final",0.305180566618901,0.0477891583414541,-168.168865513098,1.01736759219771,0.040088913735526,0.205472793553784,-167.6431561478,1.01465280628365,3,"Optimization has converged.",998,0.528
"999","CoopBreed","Interval.final",0.718282036868633,0.0477891583414541,-168.168865513098,1.01736759219771,0.0452735135604132,0.0933139513088617,-168.103793153782,1.0173713652879,3,"Optimization has converged.",999,0.528
"1000","CoopBreed","Interval.final",1.54452987143455e-05,0.0477891583414541,-168.168865513098,1.01736759219771,0.0188605775985261,0.633536499016573,-158.827985854303,1.01737650033911,3,"Optimization has converged.",1000,0.528
