"","DiscreteTrait","ContinuousTrait","Pval","ERRate","ERloglik","ERace","ARDRate0","ARDRate1","ARDloglik","ARDace","k2","convergence","simmapnumber","phylanovaP"
"1","CoopBreed","Song.rep.final",0.00717902314434498,0.271176037583503,-427.033464120866,1.2218035337268,0.282816885902649,0.0490339420367173,-423.419653016746,0.848205440563037,3,"Optimization has converged.",1,"not evaluated"
"2","CoopBreed","Song.rep.final",0.101898046048523,0.271176037583503,-427.033464120866,1.2218035337268,0.284014198829386,0.111193659564313,-425.695672945471,1.27551420001116,3,"Optimization has converged.",2,"not evaluated"
"3","CoopBreed","Song.rep.final",0.0195308594438891,0.271176037583503,-427.033464120866,1.2218035337268,0.285268566573981,2.7117603758342e-05,-424.306789976876,1.22183091790601,3,"Optimization has converged.",3,"not evaluated"
"4","CoopBreed","Song.rep.final",0.439288013457264,0.271176037583503,-427.033464120866,1.2218035337268,0.277575640257458,0.175623345765085,-426.734393378165,1.22107252870347,3,"Optimization has converged.",4,"not evaluated"
"5","CoopBreed","Song.rep.final",0.686667137029444,0.271176037583503,-427.033464120866,1.2218035337268,0.269018276487396,0.323002282610584,-426.952105552874,1.22189916573423,3,"Optimization has converged.",5,"not evaluated"
"6","CoopBreed","Song.rep.final",0.94446480719883,0.271176037583503,-427.033464120866,1.2218035337268,0.270769786291861,0.279768642348546,-427.031037909225,1.22180721737982,3,"Optimization has converged.",6,"not evaluated"
"7","CoopBreed","Song.rep.final",0.0388673717058861,0.271176037583503,-427.033464120866,1.2218035337268,0.283448442244794,0.0316843528804546,-424.900136642976,1.03163405804038,3,"Optimization has converged.",7,"not evaluated"
"8","CoopBreed","Song.rep.final",0.0309321510879385,0.271176037583503,-427.033464120866,1.2218035337268,0.286831881643732,0.0100890387970934,-424.705101998725,1.16160448581599,3,"Optimization has converged.",8,"not evaluated"
"9","CoopBreed","Song.rep.final",0.296699672641079,0.271176037583503,-427.033464120866,1.2218035337268,0.278972152511747,0.142771914374155,-426.488979428313,1.35331975364098,3,"Optimization has converged.",9,"not evaluated"
"10","CoopBreed","Song.rep.final",0.967589411838666,0.271176037583503,-427.033464120866,1.2218035337268,0.271433396654086,0.266531035245917,-427.032638648235,1.22178919026359,3,"Optimization has converged.",10,"not evaluated"
"11","CoopBreed","Song.rep.final",8.72421604741076e-05,0.271176037583503,-427.033464120866,1.2218035337268,0.285457215577386,0.0210403544695639,-419.33621743958,1.65414463625292,3,"Optimization has converged.",11,"not evaluated"
"12","CoopBreed","Song.rep.final",0.0162819070042031,0.271176037583503,-427.033464120866,1.2218035337268,0.28150906878311,0.0641033396996053,-424.147378559864,1.13220104426592,3,"Optimization has converged.",12,"not evaluated"
"13","CoopBreed","Song.rep.final",0.00960800630677499,0.271176037583503,-427.033464120866,1.2218035337268,0.282720902106605,0.00799631318314955,-423.680380938153,1.02960506213479,3,"Optimization has converged.",13,"not evaluated"
"14","CoopBreed","Song.rep.final",0.556094512465388,0.271176037583503,-427.033464120866,1.2218035337268,0.27483699434753,0.207363136910389,-426.860208329627,1.22176879861,3,"Optimization has converged.",14,"not evaluated"
"15","CoopBreed","Song.rep.final",0.00555023162487401,0.271176037583503,-427.033464120866,1.2218035337268,0.279893704271887,2.7117603758342e-05,-423.188052686003,1.22180061461086,3,"Optimization has converged.",15,"not evaluated"
"16","CoopBreed","Song.rep.final",0.00210939646292956,0.271176037583503,-427.033464120866,1.2218035337268,0.277627192818391,0.0149754778202038,-422.307553945157,0.955817967118091,3,"Optimization has converged.",16,"not evaluated"
"17","CoopBreed","Song.rep.final",0.376648167625461,0.271176037583503,-427.033464120866,1.2218035337268,0.278316108753741,0.165457830359418,-426.642657435808,1.2221686245165,3,"Optimization has converged.",17,"not evaluated"
"18","CoopBreed","Song.rep.final",0.00307161367919219,0.271176037583503,-427.033464120866,1.2218035337268,0.27938107670185,2.7117603758342e-05,-422.651247075719,0.979142185671422,3,"Optimization has converged.",18,"not evaluated"
"19","CoopBreed","Song.rep.final",0.945577965841502,0.271176037583503,-427.033464120866,1.2218035337268,0.27160183026447,0.260763512533227,-427.031134347095,1.22179819560178,3,"Optimization has converged.",19,"not evaluated"
"20","CoopBreed","Song.rep.final",0.424339794818583,0.271176037583503,-427.033464120866,1.2218035337268,0.266698502952594,0.425449211912733,-426.714331662036,1.22253452728387,3,"Optimization has converged.",20,"not evaluated"
"21","CoopBreed","Song.rep.final",0.0125619152999083,0.271176037583503,-427.033464120866,1.2218035337268,0.291895142660163,0.0528840854005128,-423.918572786316,1.22184938266699,3,"Optimization has converged.",21,"not evaluated"
"22","CoopBreed","Song.rep.final",0.0144971279352328,0.271176037583503,-427.033464120866,1.2218035337268,0.283238432389533,0.031107726898917,-424.045176582121,1.22177874104514,3,"Optimization has converged.",22,"not evaluated"
"23","CoopBreed","Song.rep.final",0.303659753321586,0.271176037583503,-427.033464120866,1.2218035337268,0.278964293331465,0.0901907079974817,-426.504437801254,1.15581843507748,3,"Optimization has converged.",23,"not evaluated"
"24","CoopBreed","Song.rep.final",0.067347194567682,0.271176037583503,-427.033464120866,1.2218035337268,0.284838270994246,0.0161493081520083,-425.360203431169,1.15696614513295,3,"Optimization has converged.",24,"not evaluated"
"25","CoopBreed","Song.rep.final",0.240213497538996,0.271176037583503,-427.033464120866,1.2218035337268,0.279860892083918,0.126017918770535,-426.343793816396,1.40853345530174,3,"Optimization has converged.",25,"not evaluated"
"26","CoopBreed","Song.rep.final",0.978284977003576,0.271176037583503,-427.033464120866,1.2218035337268,0.27134581376563,0.267903591551331,-427.033093681002,1.2218036448672,3,"Optimization has converged.",26,"not evaluated"
"27","CoopBreed","Song.rep.final",0.140636563885524,0.271176037583503,-427.033464120866,1.2218035337268,0.283259643699696,0.0398980918244642,-425.947974000823,1.22158492763316,3,"Optimization has converged.",27,"not evaluated"
"28","CoopBreed","Song.rep.final",0.151936209095288,0.271176037583503,-427.033464120866,1.2218035337268,0.284370848948832,0.0503740604530213,-426.007112490445,1.03931256915987,3,"Optimization has converged.",28,"not evaluated"
"29","CoopBreed","Song.rep.final",0.741985325411666,0.271176037583503,-427.033464120866,1.2218035337268,0.273279361948812,0.237042207014777,-426.979269438747,1.22163272565427,3,"Optimization has converged.",29,"not evaluated"
"30","CoopBreed","Song.rep.final",0.000239087185056502,0.271176037583503,-427.033464120866,1.2218035337268,0.283034437536969,0.000527687041061444,-420.285521635388,0.790123564621339,3,"Optimization has converged.",30,"not evaluated"
"31","CoopBreed","Song.rep.final",0.000592926078601317,0.271176037583503,-427.033464120866,1.2218035337268,0.296975752699803,0.0103189345803334,-421.134436212658,0.98537412765851,3,"Optimization has converged.",31,"not evaluated"
"32","CoopBreed","Song.rep.final",0.0515428260150013,0.271176037583503,-427.033464120866,1.2218035337268,0.282248123637089,0.0533047922258533,-425.138191014474,1.32082430274428,3,"Optimization has converged.",32,"not evaluated"
"33","CoopBreed","Song.rep.final",0.376937072773925,0.271176037583503,-427.033464120866,1.2218035337268,0.277566926112398,0.131420175475708,-426.643130371657,1.22173373681201,3,"Optimization has converged.",33,"not evaluated"
"34","CoopBreed","Song.rep.final",0.215689013082788,0.271176037583503,-427.033464120866,1.2218035337268,0.280504269842657,0.174401251321552,-426.267051807205,1.28242857621337,3,"Optimization has converged.",34,"not evaluated"
"35","CoopBreed","Song.rep.final",0.0554035159013996,0.271176037583503,-427.033464120866,1.2218035337268,0.286951789078213,2.71176037583503e-05,-425.198514237053,0.630469372038775,3,"Optimization has converged.",35,"not evaluated"
"36","CoopBreed","Song.rep.final",0.00428171115171172,0.271176037583503,-427.033464120866,1.2218035337268,0.284686861818383,2.7117603758342e-05,-422.953310380516,0.842427897762639,3,"Optimization has converged.",36,"not evaluated"
"37","CoopBreed","Song.rep.final",0.0104545482564904,0.271176037583503,-427.033464120866,1.2218035337268,0.27615762045713,0.0213367368988044,-423.755586722882,1.22172455319537,3,"Optimization has converged.",37,"not evaluated"
"38","CoopBreed","Song.rep.final",0.0335621994930468,0.271176037583503,-427.033464120866,1.2218035337268,0.283309015202673,0.0892603528597976,-424.775029653394,1.2217708913519,3,"Optimization has converged.",38,"not evaluated"
"39","CoopBreed","Song.rep.final",0.00703983278495489,0.271176037583503,-427.033464120866,1.2218035337268,0.278395871500999,2.7117603758342e-05,-423.402075318818,1.2217896802763,3,"Optimization has converged.",39,"not evaluated"
"40","CoopBreed","Song.rep.final",0.0243877149405823,0.271176037583503,-427.033464120866,1.2218035337268,0.277426417352636,2.7117603758342e-05,-424.500041008454,1.22163857111853,3,"Optimization has converged.",40,"not evaluated"
"41","CoopBreed","Song.rep.final",0.000785401069582228,0.271176037583503,-427.033464120866,1.2218035337268,0.279035473027936,0.0208220679189524,-421.395754397498,1.06553643929585,3,"Optimization has converged.",41,"not evaluated"
"42","CoopBreed","Song.rep.final",0.153028494209554,0.271176037583503,-427.033464120866,1.2218035337268,0.28284300600661,0.102798006982677,-426.012564230324,1.24966264830433,3,"Optimization has converged.",42,"not evaluated"
"43","CoopBreed","Song.rep.final",0.844264818438544,0.271176037583503,-427.033464120866,1.2218035337268,0.269808961105728,0.292391172868597,-427.014169540046,1.22180652014079,3,"Optimization has converged.",43,"not evaluated"
"44","CoopBreed","Song.rep.final",0.322187929319327,0.271176037583503,-427.033464120866,1.2218035337268,0.2780418103655,0.178088962717014,-426.543442092119,1.35134311363904,3,"Optimization has converged.",44,"not evaluated"
"45","CoopBreed","Song.rep.final",0.32374198022361,0.271176037583503,-427.033464120866,1.2218035337268,0.277785057961144,0.177740629045736,-426.546579587925,1.22191165691054,3,"Optimization has converged.",45,"not evaluated"
"46","CoopBreed","Song.rep.final",0.00680902185253845,0.271176037583503,-427.033464120866,1.2218035337268,0.279822772422682,2.7117603758342e-05,-423.37212962832,1.22254209312727,3,"Optimization has converged.",46,"not evaluated"
"47","CoopBreed","Song.rep.final",0.000227687477823592,0.271176037583503,-427.033464120866,1.2218035337268,0.283308745364955,0.00124860321553382,-420.239676228122,1.22172348823085,3,"Optimization has converged.",47,"not evaluated"
"48","CoopBreed","Song.rep.final",0.00158660874930596,0.271176037583503,-427.033464120866,1.2218035337268,0.288404244544015,0.0144178872334934,-422.045853179488,1.05344011010403,3,"Optimization has converged.",48,"not evaluated"
"49","CoopBreed","Song.rep.final",0.019462623409073,0.271176037583503,-427.033464120866,1.2218035337268,0.280071878429271,0.0345721229073287,-424.303732450078,1.22151868156733,3,"Optimization has converged.",49,"not evaluated"
"50","CoopBreed","Song.rep.final",0.00926891320490803,0.271176037583503,-427.033464120866,1.2218035337268,0.28110175306571,0.0427880755900908,-423.64833220888,1.03124940882801,3,"Optimization has converged.",50,"not evaluated"
"51","CoopBreed","Song.rep.final",0.356730398754526,0.271176037583503,-427.033464120866,1.2218035337268,0.278024574158923,0.0952302166184778,-426.60877872514,1.2221586701108,3,"Optimization has converged.",51,"not evaluated"
"52","CoopBreed","Song.rep.final",8.38456432637447e-05,0.271176037583503,-427.033464120866,1.2218035337268,0.287383656291348,0.019508856010776,-419.298694596753,0.919479934519878,3,"Optimization has converged.",52,"not evaluated"
"53","CoopBreed","Song.rep.final",0.269669044068014,0.271176037583503,-427.033464120866,1.2218035337268,0.277703098799249,0.131542454203886,-426.424249270307,1.17491861634659,3,"Optimization has converged.",53,"not evaluated"
"54","CoopBreed","Song.rep.final",0.604288577083239,0.271176037583503,-427.033464120866,1.2218035337268,0.274634795979548,0.192971218149041,-426.899176098732,1.17425452703205,3,"Optimization has converged.",54,"not evaluated"
"55","CoopBreed","Song.rep.final",0.000339635717548804,0.271176037583503,-427.033464120866,1.2218035337268,0.294652215478856,0.0531991055951391,-420.614423516014,1.51792909570808,3,"Optimization has converged.",55,"not evaluated"
"56","CoopBreed","Song.rep.final",0.00902317479449278,0.271176037583503,-427.033464120866,1.2218035337268,0.283051474287323,0.0378865047753449,-423.624347084578,0.944782610004914,3,"Optimization has converged.",56,"not evaluated"
"57","CoopBreed","Song.rep.final",0.015627817280966,0.271176037583503,-427.033464120866,1.2218035337268,0.282259095999743,0.0504053084677864,-424.111326944506,1.18375590819415,3,"Optimization has converged.",57,"not evaluated"
"58","CoopBreed","Song.rep.final",0.0227042438299589,0.271176037583503,-427.033464120866,1.2218035337268,0.287633860255072,2.7117603758342e-05,-424.437967771267,1.22182375225826,3,"Optimization has converged.",58,"not evaluated"
"59","CoopBreed","Song.rep.final",1.36659303765963e-05,0.271176037583503,-427.033464120866,1.2218035337268,0.300723366605705,0.045202975262623,-417.575863037575,1.3227303800367,3,"Optimization has converged.",59,"not evaluated"
"60","CoopBreed","Song.rep.final",0.00259577917929414,0.271176037583503,-427.033464120866,1.2218035337268,0.288828161305737,0.0783605845593904,-422.497551768047,1.22180246230987,3,"Optimization has converged.",60,"not evaluated"
"61","CoopBreed","Song.rep.final",0.0434896342340111,0.271176037583503,-427.033464120866,1.2218035337268,0.291049883856586,0.0746816866763029,-424.995330526205,1.30858425319029,3,"Optimization has converged.",61,"not evaluated"
"62","CoopBreed","Song.rep.final",0.000397702667458665,0.271176037583503,-427.033464120866,1.2218035337268,0.283449163272562,2.71176037583503e-05,-420.761986137344,0.0145522475197501,3,"Optimization has converged.",62,"not evaluated"
"63","CoopBreed","Song.rep.final",0.000289892718889656,0.271176037583503,-427.033464120866,1.2218035337268,0.284128001691751,0.00130126220430605,-420.466165932343,1.22131283992328,3,"Optimization may not have converged.  Consider increasing maxit.",63,"not evaluated"
"64","CoopBreed","Song.rep.final",0.0375035735026979,0.271176037583503,-427.033464120866,1.2218035337268,0.284624225737097,2.7117603758342e-05,-424.869765991578,1.22148631288141,3,"Optimization has converged.",64,"not evaluated"
"65","CoopBreed","Song.rep.final",0.677145498726607,0.271176037583503,-427.033464120866,1.2218035337268,0.273760999460626,0.225747627092493,-426.946785672918,1.22142043902918,3,"Optimization has converged.",65,"not evaluated"
"66","CoopBreed","Song.rep.final",0.0249924263626136,0.271176037583503,-427.033464120866,1.2218035337268,0.290366404308923,0.115412206571164,-424.521258680469,1.29762212079666,3,"Optimization has converged.",66,"not evaluated"
"67","CoopBreed","Song.rep.final",0.018906081659987,0.271176037583503,-427.033464120866,1.2218035337268,0.276441583479751,2.7117603758342e-05,-424.278373222232,1.3441856795913,3,"Optimization has converged.",67,"not evaluated"
"68","CoopBreed","Song.rep.final",0.00933057363762406,0.271176037583503,-427.033464120866,1.2218035337268,0.281595791641874,0.0528169056234003,-423.65424834344,1.22179866642895,3,"Optimization has converged.",68,"not evaluated"
"69","CoopBreed","Song.rep.final",0.0423686243731749,0.271176037583503,-427.033464120866,1.2218035337268,0.282681213594595,0.0620154217425051,-424.973255434986,1.0821662779981,3,"Optimization has converged.",69,"not evaluated"
"70","CoopBreed","Song.rep.final",0.116857020959347,0.271176037583503,-427.033464120866,1.2218035337268,0.281697015335145,0.0848975646678969,-425.803990103661,1.22179418338732,3,"Optimization has converged.",70,"not evaluated"
"71","CoopBreed","Song.rep.final",0.021006081602292,0.271176037583503,-427.033464120866,1.2218035337268,0.291048432701836,0.0593048204206745,-424.370320268122,1.33974466911534,3,"Optimization has converged.",71,"not evaluated"
"72","CoopBreed","Song.rep.final",0.0247494340453138,0.271176037583503,-427.033464120866,1.2218035337268,0.288512616276988,0.035210903680392,-424.512797465014,1.08543885582988,3,"Optimization has converged.",72,"not evaluated"
"73","CoopBreed","Song.rep.final",0.611130594024491,0.271176037583503,-427.033464120866,1.2218035337268,0.275492821096055,0.207168648123731,-426.904198197188,1.18938932390004,3,"Optimization has converged.",73,"not evaluated"
"74","CoopBreed","Song.rep.final",0.21118376293326,0.271176037583503,-427.033464120866,1.2218035337268,0.278547171970753,0.141024858680578,-426.251817793839,1.06647019301574,3,"Optimization has converged.",74,"not evaluated"
"75","CoopBreed","Song.rep.final",0.32010990185531,0.271176037583503,-427.033464120866,1.2218035337268,0.278133066426407,0.162483393447551,-426.539215423521,1.10077769610617,3,"Optimization has converged.",75,"not evaluated"
"76","CoopBreed","Song.rep.final",0.857670292671638,0.271176037583503,-427.033464120866,1.2218035337268,0.270049804827205,0.300539027875115,-427.017382600777,1.22180096756398,3,"Optimization has converged.",76,"not evaluated"
"77","CoopBreed","Song.rep.final",0.896088014429486,0.271176037583503,-427.033464120866,1.2218035337268,0.270449857581786,0.288675254528643,-427.02493532537,1.2218406310477,3,"Optimization has converged.",77,"not evaluated"
"78","CoopBreed","Song.rep.final",0.220016623113081,0.271176037583503,-427.033464120866,1.2218035337268,0.280811642164893,0.112143425770005,-426.28133271885,1.22160970193727,3,"Optimization has converged.",78,"not evaluated"
"79","CoopBreed","Song.rep.final",0.948692957701683,0.271176037583503,-427.033464120866,1.2218035337268,0.271570509422448,0.263294545642398,-427.031393774055,1.22182462339059,3,"Optimization has converged.",79,"not evaluated"
"80","CoopBreed","Song.rep.final",0.823182416952518,0.271176037583503,-427.033464120866,1.2218035337268,0.272657849556849,0.237401849935868,-427.008498343656,1.22180822589809,3,"Optimization has converged.",80,"not evaluated"
"81","CoopBreed","Song.rep.final",0.649236902184726,0.271176037583503,-427.033464120866,1.2218035337268,0.273906346995055,0.210420403310135,-426.930032342557,1.19655779861288,3,"Optimization has converged.",81,"not evaluated"
"82","CoopBreed","Song.rep.final",0.00532199856847218,0.271176037583503,-427.033464120866,1.2218035337268,0.284238486442127,0.0695627132181214,-423.150144663611,1.22191678437956,3,"Optimization has converged.",82,"not evaluated"
"83","CoopBreed","Song.rep.final",0.7922457282288,0.271176037583503,-427.033464120866,1.2218035337268,0.269639665365321,0.305717084515247,-426.998775515753,1.22180358787297,3,"Optimization has converged.",83,"not evaluated"
"84","CoopBreed","Song.rep.final",0.947439352298333,0.271176037583503,-427.033464120866,1.2218035337268,0.271614725795305,0.263628301855482,-427.031291218386,1.22179857958167,3,"Optimization has converged.",84,"not evaluated"
"85","CoopBreed","Song.rep.final",0.908255111113977,0.271176037583503,-427.033464120866,1.2218035337268,0.270432675892436,0.287185596335002,-427.026824023569,1.22180206360916,3,"Optimization has converged.",85,"not evaluated"
"86","CoopBreed","Song.rep.final",0.0111640899369126,0.271176037583503,-427.033464120866,1.2218035337268,0.285283739826198,0.0477196804722165,-423.813959533462,1.22169451718559,3,"Optimization has converged.",86,"not evaluated"
"87","CoopBreed","Song.rep.final",0.0275179944186481,0.271176037583503,-427.033464120866,1.2218035337268,0.288532311721019,2.71176037583503e-05,-424.604457102761,0.254300608783974,3,"Optimization has converged.",87,"not evaluated"
"88","CoopBreed","Song.rep.final",0.00208509484579344,0.271176037583503,-427.033464120866,1.2218035337268,0.28523719832908,0.0435891435881966,-422.296926256895,1.31547899796394,3,"Optimization has converged.",88,"not evaluated"
"89","CoopBreed","Song.rep.final",7.60479851996824e-06,0.271176037583503,-427.033464120866,1.2218035337268,0.292708393460078,0.0242467223326569,-417.016094410658,1.18183887353809,3,"Optimization may not have converged.  Consider increasing maxit.",89,"not evaluated"
"90","CoopBreed","Song.rep.final",0.0059416044250034,0.271176037583503,-427.033464120866,1.2218035337268,0.286913170380356,0.0138554498212723,-423.249500036735,0.782704381170778,3,"Optimization has converged.",90,"not evaluated"
"91","CoopBreed","Song.rep.final",0.184556581275292,0.271176037583503,-427.033464120866,1.2218035337268,0.280501456255162,0.154986045016503,-426.153191739386,1.13169266902289,3,"Optimization has converged.",91,"not evaluated"
"92","CoopBreed","Song.rep.final",0.405417215193071,0.271176037583503,-427.033464120866,1.2218035337268,0.276444510426782,0.187965141909976,-426.687364311684,1.15900239673533,3,"Optimization has converged.",92,"not evaluated"
"93","CoopBreed","Song.rep.final",0.00213545544214727,0.271176037583503,-427.033464120866,1.2218035337268,0.280881798798195,2.7117603758342e-05,-422.318813084845,1.22179376424083,3,"Optimization has converged.",93,"not evaluated"
"94","CoopBreed","Song.rep.final",0.00347762947291009,0.271176037583503,-427.033464120866,1.2218035337268,0.281409909063873,0.0142382782538875,-422.764347296564,0.932779549984272,3,"Optimization has converged.",94,"not evaluated"
"95","CoopBreed","Song.rep.final",0.771850536939047,0.271176037583503,-427.033464120866,1.2218035337268,0.272983448302129,0.23593111613257,-426.991427121644,1.22169904723663,3,"Optimization has converged.",95,"not evaluated"
"96","CoopBreed","Song.rep.final",0.0352947112103801,0.271176037583503,-427.033464120866,1.2218035337268,0.278697262768372,0.0458161504977216,-424.818033912534,1.2219550929981,3,"Optimization has converged.",96,"not evaluated"
"97","CoopBreed","Song.rep.final",0.508453638837061,0.271176037583503,-427.033464120866,1.2218035337268,0.276439731910082,0.18913485129285,-426.814840028832,1.22190736643467,3,"Optimization has converged.",97,"not evaluated"
"98","CoopBreed","Song.rep.final",0.0387202938454823,0.271176037583503,-427.033464120866,1.2218035337268,0.282921341818566,2.7117603758342e-05,-424.896915526875,1.22169285191248,3,"Optimization has converged.",98,"not evaluated"
"99","CoopBreed","Song.rep.final",0.0431030087409437,0.271176037583503,-427.033464120866,1.2218035337268,0.284261505941773,0.0467910382587518,-424.987785336095,1.3249313317091,3,"Optimization has converged.",99,"not evaluated"
"100","CoopBreed","Song.rep.final",0.0010197753456197,0.271176037583503,-427.033464120866,1.2218035337268,0.290553290971949,2.71176037583503e-05,-421.637807719814,0.0021193658085969,3,"Optimization has converged.",100,"not evaluated"
"101","CoopBreed","Song.rep.final",0.980636630309562,0.271176037583503,-427.033464120866,1.2218035337268,0.271035283079322,0.274247211523709,-427.033169585786,1.22180806683312,3,"Optimization has converged.",101,"not evaluated"
"102","CoopBreed","Song.rep.final",0.0629896721138931,0.271176037583503,-427.033464120866,1.2218035337268,0.281233596776864,2.7117603758342e-05,-425.305032088164,1.02017664105987,3,"Optimization has converged.",102,"not evaluated"
"103","CoopBreed","Song.rep.final",0.0727666637733252,0.271176037583503,-427.033464120866,1.2218035337268,0.288172392134475,0.109494983022983,-425.423723236226,1.11331745858522,3,"Optimization has converged.",103,"not evaluated"
"104","CoopBreed","Song.rep.final",0.741465105969848,0.271176037583503,-427.033464120866,1.2218035337268,0.273829699779126,0.221214885966059,-426.979042567556,1.22176158530868,3,"Optimization has converged.",104,"not evaluated"
"105","CoopBreed","Song.rep.final",0.00810072884226649,0.271176037583503,-427.033464120866,1.2218035337268,0.285774326279924,0.0491170088265492,-423.527929527039,1.40133701798486,3,"Optimization has converged.",105,"not evaluated"
"106","CoopBreed","Song.rep.final",0.0841322473278955,0.271176037583503,-427.033464120866,1.2218035337268,0.284743585859977,0.091962565682728,-425.541858977175,0.995259286060226,3,"Optimization has converged.",106,"not evaluated"
"107","CoopBreed","Song.rep.final",0.00644315570914247,0.271176037583503,-427.033464120866,1.2218035337268,0.28053337318201,0.00910040797068285,-423.322469686702,0.927507723464953,3,"Optimization has converged.",107,"not evaluated"
"108","CoopBreed","Song.rep.final",0.261813171708603,0.271176037583503,-427.033464120866,1.2218035337268,0.279712761710664,0.148099681698348,-426.403892093942,1.22184319823137,3,"Optimization has converged.",108,"not evaluated"
"109","CoopBreed","Song.rep.final",0.469720193207185,0.271176037583503,-427.033464120866,1.2218035337268,0.278227781359116,0.153150852659323,-426.772147053743,1.15620835568607,3,"Optimization has converged.",109,"not evaluated"
"110","CoopBreed","Song.rep.final",0.0054608738811655,0.271176037583503,-427.033464120866,1.2218035337268,0.277969158341772,0.00850905978196407,-423.173403664138,1.4609189580676,3,"Optimization has converged.",110,"not evaluated"
"111","CoopBreed","Song.rep.final",0.045130935557333,0.271176037583503,-427.033464120866,1.2218035337268,0.285002516689511,0.0476055248788822,-425.026594156041,1.22196268024982,3,"Optimization has converged.",111,"not evaluated"
"112","CoopBreed","Song.rep.final",0.000380076007327979,0.271176037583503,-427.033464120866,1.2218035337268,0.293728856782999,0.000923634682696841,-420.719622696672,1.22137478074513,3,"Optimization may not have converged.  Consider increasing maxit.",112,"not evaluated"
"113","CoopBreed","Song.rep.final",0.0112030524120543,0.271176037583503,-427.033464120866,1.2218035337268,0.279514042509124,2.7117603758342e-05,-423.817053763219,1.07004719932457,3,"Optimization has converged.",113,"not evaluated"
"114","CoopBreed","Song.rep.final",0.141601296811617,0.271176037583503,-427.033464120866,1.2218035337268,0.277853595810346,0.116800670442723,-425.953228711276,1.22147340527973,3,"Optimization has converged.",114,"not evaluated"
"115","CoopBreed","Song.rep.final",0.0183886725064847,0.271176037583503,-427.033464120866,1.2218035337268,0.278819523823198,0.0104096914599745,-424.254095456574,1.22169287274533,3,"Optimization has converged.",115,"not evaluated"
"116","CoopBreed","Song.rep.final",0.00771087287769848,0.271176037583503,-427.033464120866,1.2218035337268,0.277025499108923,2.7117603758342e-05,-423.483752132953,1.03279614144036,3,"Optimization has converged.",116,"not evaluated"
"117","CoopBreed","Song.rep.final",0.0660071129504408,0.271176037583503,-427.033464120866,1.2218035337268,0.281824443889983,0.0862845654913447,-425.343652133576,1.22182330409634,3,"Optimization has converged.",117,"not evaluated"
"118","CoopBreed","Song.rep.final",0.432327737463267,0.271176037583503,-427.033464120866,1.2218035337268,0.266985479497262,0.429563848544973,-426.725183111046,1.22179329966613,3,"Optimization has converged.",118,"not evaluated"
"119","CoopBreed","Song.rep.final",0.0138338271172272,0.271176037583503,-427.033464120866,1.2218035337268,0.284284308851551,2.7117603758342e-05,-424.003850923038,0.80966839683019,3,"Optimization has converged.",119,"not evaluated"
"120","CoopBreed","Song.rep.final",0.0461560498191358,0.271176037583503,-427.033464120866,1.2218035337268,0.283078528067441,0.0576207397362317,-425.045519016258,1.01081028609868,3,"Optimization has converged.",120,"not evaluated"
"121","CoopBreed","Song.rep.final",0.0298746152952831,0.271176037583503,-427.033464120866,1.2218035337268,0.278550270715692,2.7117603758342e-05,-424.675217690559,1.1510212035975,3,"Optimization has converged.",121,"not evaluated"
"122","CoopBreed","Song.rep.final",4.18461512389313e-05,0.271176037583503,-427.033464120866,1.2218035337268,0.296783476357553,0.0324187363005313,-418.640584169211,1.29131373633457,3,"Optimization has converged.",122,"not evaluated"
"123","CoopBreed","Song.rep.final",0.482931642912465,0.271176037583503,-427.033464120866,1.2218035337268,0.275979051212604,0.167459537359894,-426.787346205153,1.22174902408437,3,"Optimization has converged.",123,"not evaluated"
"124","CoopBreed","Song.rep.final",0.0863821292821233,0.271176037583503,-427.033464120866,1.2218035337268,0.284959537601779,0.0685723856765513,-425.563196730111,1.22208493056808,3,"Optimization has converged.",124,"not evaluated"
"125","CoopBreed","Song.rep.final",0.438022223109511,0.271176037583503,-427.033464120866,1.2218035337268,0.276609729698466,0.162762176698474,-426.732735055172,1.22168635274885,3,"Optimization has converged.",125,"not evaluated"
"126","CoopBreed","Song.rep.final",0.0288453297624669,0.271176037583503,-427.033464120866,1.2218035337268,0.280604569023244,0.0565503341082619,-424.645053786722,1.22184689512787,3,"Optimization has converged.",126,"not evaluated"
"127","CoopBreed","Song.rep.final",0.00087008160153107,0.271176037583503,-427.033464120866,1.2218035337268,0.285563702629486,0.0314202965369974,-421.490743958856,1.42999853243023,3,"Optimization has converged.",127,"not evaluated"
"128","CoopBreed","Song.rep.final",0.542232663110605,0.271176037583503,-427.033464120866,1.2218035337268,0.267319083210107,0.362992272912019,-426.847755409332,1.22234906824596,3,"Optimization has converged.",128,"not evaluated"
"129","CoopBreed","Song.rep.final",0.0130615943848495,0.271176037583503,-427.033464120866,1.2218035337268,0.287406170123458,0.0724874254598083,-423.953089994912,1.29355436291513,3,"Optimization has converged.",129,"not evaluated"
"130","CoopBreed","Song.rep.final",0.465915002950257,0.271176037583503,-427.033464120866,1.2218035337268,0.277227970635445,0.147706763765962,-426.767640328225,1.16273378801288,3,"Optimization has converged.",130,"not evaluated"
"131","CoopBreed","Song.rep.final",0.998397774208534,0.271176037583503,-427.033464120866,1.2218035337268,0.271216585459624,0.271102946678633,-427.033462104646,1.22180354468358,3,"Optimization has converged.",131,"not evaluated"
"132","CoopBreed","Song.rep.final",4.44548944885117e-05,0.271176037583503,-427.033464120866,1.2218035337268,0.290061644723438,0.000785974396662854,-418.697952874222,2.62015454305063,3,"Optimization may not have converged.  Consider increasing maxit.",132,"not evaluated"
"133","CoopBreed","Song.rep.final",0.0215720121543201,0.271176037583503,-427.033464120866,1.2218035337268,0.281924004448675,0.0645049069265687,-424.393474783273,1.22168096673615,3,"Optimization has converged.",133,"not evaluated"
"134","CoopBreed","Song.rep.final",0.0893298633335273,0.271176037583503,-427.033464120866,1.2218035337268,0.28702734883494,0.0929594076693013,-425.590259915577,1.22154619272174,3,"Optimization has converged.",134,"not evaluated"
"135","CoopBreed","Song.rep.final",0.894011082894638,0.271176037583503,-427.033464120866,1.2218035337268,0.272014216491851,0.251092301355098,-427.024588936546,1.22169817911791,3,"Optimization has converged.",135,"not evaluated"
"136","CoopBreed","Song.rep.final",0.128172270254508,0.271176037583503,-427.033464120866,1.2218035337268,0.278682632011798,0.102157945953089,-425.876212672377,1.22178035881398,3,"Optimization has converged.",136,"not evaluated"
"137","CoopBreed","Song.rep.final",0.987902935382734,0.271176037583503,-427.033464120866,1.2218035337268,0.271278089521167,0.268803344908305,-427.033349177699,1.22180274697372,3,"Optimization has converged.",137,"not evaluated"
"138","CoopBreed","Song.rep.final",0.835379326293787,0.271176037583503,-427.033464120866,1.2218035337268,0.272526803751433,0.240855087119521,-427.011872155643,1.20642247570117,3,"Optimization has converged.",138,"not evaluated"
"139","CoopBreed","Song.rep.final",0.0282611745610885,0.271176037583503,-427.033464120866,1.2218035337268,0.282738202479969,0.0246267210462149,-424.627432059237,1.29165509448056,3,"Optimization has converged.",139,"not evaluated"
"140","CoopBreed","Song.rep.final",0.878677250354258,0.271176037583503,-427.033464120866,1.2218035337268,0.270301273887128,0.296858702930966,-427.021813682088,1.22182496899221,3,"Optimization has converged.",140,"not evaluated"
"141","CoopBreed","Song.rep.final",0.760168782301104,0.271176037583503,-427.033464120866,1.2218035337268,0.273238142563763,0.234994577759432,-426.986872545226,1.22148474956437,3,"Optimization has converged.",141,"not evaluated"
"142","CoopBreed","Song.rep.final",0.00432366263891196,0.271176037583503,-427.033464120866,1.2218035337268,0.287265583345135,0.00816808851898945,-422.962151186331,0.621735520493852,3,"Optimization has converged.",142,"not evaluated"
"143","CoopBreed","Song.rep.final",0.101027406755546,0.271176037583503,-427.033464120866,1.2218035337268,0.284002066338575,0.0849839482835501,-425.688839517711,1.46259885371921,3,"Optimization has converged.",143,"not evaluated"
"144","CoopBreed","Song.rep.final",0.678096046083196,0.271176037583503,-427.033464120866,1.2218035337268,0.273750810497023,0.21134841570288,-426.947325622224,1.20856273993951,3,"Optimization has converged.",144,"not evaluated"
"145","CoopBreed","Song.rep.final",0.0470204979661772,0.271176037583503,-427.033464120866,1.2218035337268,0.281897786655056,0.0124871823410933,-425.061136684468,1.22163901939003,3,"Optimization has converged.",145,"not evaluated"
"146","CoopBreed","Song.rep.final",0.00387925634170677,0.271176037583503,-427.033464120866,1.2218035337268,0.285718791400581,0.0285856945057825,-422.863720937258,1.36951105045783,3,"Optimization has converged.",146,"not evaluated"
"147","CoopBreed","Song.rep.final",0.901888475029342,0.271176037583503,-427.033464120866,1.2218035337268,0.269942915869845,0.291300276266437,-427.025865623872,1.22189375066816,3,"Optimization has converged.",147,"not evaluated"
"148","CoopBreed","Song.rep.final",0.934113978667352,0.271176037583503,-427.033464120866,1.2218035337268,0.270673636821994,0.281457933112177,-427.030046960465,1.22182195376576,3,"Optimization has converged.",148,"not evaluated"
"149","CoopBreed","Song.rep.final",0.796611108853954,0.271176037583503,-427.033464120866,1.2218035337268,0.273075722521844,0.219073669190003,-427.000250347741,1.22174073673576,3,"Optimization has converged.",149,"not evaluated"
"150","CoopBreed","Song.rep.final",0.000566663535818423,0.271176037583503,-427.033464120866,1.2218035337268,0.279883670107725,2.71176037583503e-05,-421.092255563669,0.523130324118943,3,"Optimization has converged.",150,"not evaluated"
"151","CoopBreed","Song.rep.final",0.0962213670658741,0.271176037583503,-427.033464120866,1.2218035337268,0.277758562632036,0.11365102260705,-425.649922649443,1.22179723293583,3,"Optimization has converged.",151,"not evaluated"
"152","CoopBreed","Song.rep.final",0.166815833595695,0.271176037583503,-427.033464120866,1.2218035337268,0.28375676276497,2.71176037583503e-05,-426.077800196219,1.0659752605198,3,"Optimization has converged.",152,"not evaluated"
"153","CoopBreed","Song.rep.final",0.0113583248888074,0.271176037583503,-427.033464120866,1.2218035337268,0.285919397248275,0.0413193181595998,-423.829276083406,1.45000807148563,3,"Optimization has converged.",153,"not evaluated"
"154","CoopBreed","Song.rep.final",0.898738642793007,0.271176037583503,-427.033464120866,1.2218035337268,0.272125009811925,0.254754761827656,-427.025367214179,1.22179464748576,3,"Optimization has converged.",154,"not evaluated"
"155","CoopBreed","Song.rep.final",0.871806195249985,0.271176037583503,-427.033464120866,1.2218035337268,0.272201881167586,0.252658628499656,-427.020444843328,1.22178376607458,3,"Optimization has converged.",155,"not evaluated"
"156","CoopBreed","Song.rep.final",0.103940818794828,0.271176037583503,-427.033464120866,1.2218035337268,0.28114177184013,0.0858134909760642,-425.711458575651,1.22182499387584,3,"Optimization has converged.",156,"not evaluated"
"157","CoopBreed","Song.rep.final",0.00670689152090671,0.271176037583503,-427.033464120866,1.2218035337268,0.279964097130969,2.7117603758342e-05,-423.358546674255,1.04911341832783,3,"Optimization has converged.",157,"not evaluated"
"158","CoopBreed","Song.rep.final",0.0360787958336737,0.271176037583503,-427.033464120866,1.2218035337268,0.28301735683812,0.0376224640179937,-424.836775897419,1.22176551622209,3,"Optimization has converged.",158,"not evaluated"
"159","CoopBreed","Song.rep.final",0.00426136363938286,0.271176037583503,-427.033464120866,1.2218035337268,0.277278421261216,2.7117603758342e-05,-422.948990564041,1.10394969381713,3,"Optimization has converged.",159,"not evaluated"
"160","CoopBreed","Song.rep.final",0.00575168047166751,0.271176037583503,-427.033464120866,1.2218035337268,0.294303840681505,0.0721440548875825,-423.220214003128,1.36864591016179,3,"Optimization has converged.",160,"not evaluated"
"161","CoopBreed","Song.rep.final",0.578555330042866,0.271176037583503,-427.033464120866,1.2218035337268,0.27473570803016,0.198616280723313,-426.879176124185,1.2218238914405,3,"Optimization has converged.",161,"not evaluated"
"162","CoopBreed","Song.rep.final",0.431672251652114,0.271176037583503,-427.033464120866,1.2218035337268,0.276296125542906,0.195572148045346,-426.724304095763,1.27343973500145,3,"Optimization has converged.",162,"not evaluated"
"163","CoopBreed","Song.rep.final",0.0300820466716266,0.271176037583503,-427.033464120866,1.2218035337268,0.280641913245219,0.0203504407520776,-424.681165415192,1.22166847478707,3,"Optimization has converged.",163,"not evaluated"
"164","CoopBreed","Song.rep.final",0.689465507643044,0.271176037583503,-427.033464120866,1.2218035337268,0.273957249948757,0.21511867033359,-426.953631825445,1.1858628006379,3,"Optimization has converged.",164,"not evaluated"
"165","CoopBreed","Song.rep.final",0.518682464663839,0.271176037583503,-427.033464120866,1.2218035337268,0.275438711478806,0.167804797182858,-426.825207946586,1.17980041154275,3,"Optimization has converged.",165,"not evaluated"
"166","CoopBreed","Song.rep.final",0.00563683547314653,0.271176037583503,-427.033464120866,1.2218035337268,0.283497941862209,0.0286617331587896,-423.202022530261,1.34476739471133,3,"Optimization has converged.",166,"not evaluated"
"167","CoopBreed","Song.rep.final",0.071845386359752,0.271176037583503,-427.033464120866,1.2218035337268,0.287484429470997,0.0782311353987718,-425.413290235954,1.00603700313175,3,"Optimization has converged.",167,"not evaluated"
"168","CoopBreed","Song.rep.final",0.00487431191567907,0.271176037583503,-427.033464120866,1.2218035337268,0.284595204818269,0.042371011149433,-423.070718686437,0.779446445181418,3,"Optimization has converged.",168,"not evaluated"
"169","CoopBreed","Song.rep.final",0.00528716024821066,0.271176037583503,-427.033464120866,1.2218035337268,0.283702852010909,0.0485312798033822,-423.144212802756,0.768807486558721,3,"Optimization has converged.",169,"not evaluated"
"170","CoopBreed","Song.rep.final",0.00104751827949137,0.271176037583503,-427.033464120866,1.2218035337268,0.286658708055787,2.7117603758342e-05,-421.662647369565,1.09534470828956,3,"Optimization has converged.",170,"not evaluated"
"171","CoopBreed","Song.rep.final",0.141001720334055,0.271176037583503,-427.033464120866,1.2218035337268,0.282190500744096,0.115109535707809,-425.949967686114,1.38922300402545,3,"Optimization has converged.",171,"not evaluated"
"172","CoopBreed","Song.rep.final",0.00447096673271192,0.271176037583503,-427.033464120866,1.2218035337268,0.289936621653913,2.7117603758342e-05,-422.992516594004,1.22187081372571,3,"Optimization has converged.",172,"not evaluated"
"173","CoopBreed","Song.rep.final",0.0030670948997083,0.271176037583503,-427.033464120866,1.2218035337268,0.280295589836773,0.0425377293894383,-422.649904494817,1.22184068962962,3,"Optimization has converged.",173,"not evaluated"
"174","CoopBreed","Song.rep.final",0.84925364750025,0.271176037583503,-427.033464120866,1.2218035337268,0.272309730327683,0.247249756211955,-427.015400665468,1.2215675748561,3,"Optimization has converged.",174,"not evaluated"
"175","CoopBreed","Song.rep.final",0.00430002117549487,0.271176037583503,-427.033464120866,1.2218035337268,0.284477580607806,0.00801381901446268,-422.957179808672,1.12345876870632,3,"Optimization has converged.",175,"not evaluated"
"176","CoopBreed","Song.rep.final",0.416209770891336,0.271176037583503,-427.033464120866,1.2218035337268,0.276962689272214,0.171160640115919,-426.702967869287,1.13123707745495,3,"Optimization has converged.",176,"not evaluated"
"177","CoopBreed","Song.rep.final",0.00609230050943493,0.271176037583503,-427.033464120866,1.2218035337268,0.289908538606896,0.0951447707113459,-423.272065513567,1.46767252083573,3,"Optimization has converged.",177,"not evaluated"
"178","CoopBreed","Song.rep.final",0.00135634491822433,0.271176037583503,-427.033464120866,1.2218035337268,0.27992307352148,2.7117603758342e-05,-421.90135018865,0.911469722652874,3,"Optimization has converged.",178,"not evaluated"
"179","CoopBreed","Song.rep.final",0.0534263242975679,0.271176037583503,-427.033464120866,1.2218035337268,0.282169839909222,0.0510433497975783,-425.168197333011,1.22185774509673,3,"Optimization has converged.",179,"not evaluated"
"180","CoopBreed","Song.rep.final",0.0124857593338562,0.271176037583503,-427.033464120866,1.2218035337268,0.28174043699946,0.0665612396767903,-423.913188396335,1.00554915697374,3,"Optimization has converged.",180,"not evaluated"
"181","CoopBreed","Song.rep.final",0.918148217517929,0.271176037583503,-427.033464120866,1.2218035337268,0.270501899758914,0.289019895591884,-427.028183634256,1.22185439094174,3,"Optimization has converged.",181,"not evaluated"
"182","CoopBreed","Song.rep.final",0.0374214134051554,0.271176037583503,-427.033464120866,1.2218035337268,0.280771674039765,0.0640892344752269,-424.867899546547,1.22182824499396,3,"Optimization has converged.",182,"not evaluated"
"183","CoopBreed","Song.rep.final",0.0792418878568949,0.271176037583503,-427.033464120866,1.2218035337268,0.276389679749405,2.7117603758342e-05,-425.493272867967,1.2215760032102,3,"Optimization has converged.",183,"not evaluated"
"184","CoopBreed","Song.rep.final",0.00125499881199416,0.271176037583503,-427.033464120866,1.2218035337268,0.276769091119014,2.7117603758342e-05,-421.829679867655,1.43563302046954,3,"Optimization has converged.",184,"not evaluated"
"185","CoopBreed","Song.rep.final",0.118903087077844,0.271176037583503,-427.033464120866,1.2218035337268,0.281944624551332,0.0339224870398708,-425.817608845942,1.16108643977576,3,"Optimization has converged.",185,"not evaluated"
"186","CoopBreed","Song.rep.final",0.560654096168685,0.271176037583503,-427.033464120866,1.2218035337268,0.274881836693016,0.202693368097505,-426.864177640262,1.22138976687023,3,"Optimization has converged.",186,"not evaluated"
"187","CoopBreed","Song.rep.final",0.0041374516807301,0.271176037583503,-427.033464120866,1.2218035337268,0.278626870036349,0.00123572555512258,-422.922221883321,2.16924710475149,3,"Optimization has converged.",187,"not evaluated"
"188","CoopBreed","Song.rep.final",0.0733332516650769,0.271176037583503,-427.033464120866,1.2218035337268,0.295018757979943,2.71176037583503e-05,-425.430069438079,1.22154393495419,3,"Optimization has converged.",188,"not evaluated"
"189","CoopBreed","Song.rep.final",0.00594133540991694,0.271176037583503,-427.033464120866,1.2218035337268,0.286914399668814,0.00513610453136052,-423.249459233948,1.34626123008647,3,"Optimization has converged.",189,"not evaluated"
"190","CoopBreed","Song.rep.final",0.645147484149244,0.271176037583503,-427.033464120866,1.2218035337268,0.27447003504329,0.225076389444475,-426.927427650957,1.24802871716615,3,"Optimization has converged.",190,"not evaluated"
"191","CoopBreed","Song.rep.final",0.0144615408788633,0.271176037583503,-427.033464120866,1.2218035337268,0.286263257790442,0.0497558718970061,-424.043009256213,1.58953226187269,3,"Optimization has converged.",191,"not evaluated"
"192","CoopBreed","Song.rep.final",0.00424671389595085,0.271176037583503,-427.033464120866,1.2218035337268,0.281582174475844,0.0431906862614465,-422.945867374829,1.22169431057269,3,"Optimization has converged.",192,"not evaluated"
"193","CoopBreed","Song.rep.final",0.00152373032352694,0.271176037583503,-427.033464120866,1.2218035337268,0.283588616886105,0.0129527295950723,-422.008615807125,0.997388437293244,3,"Optimization has converged.",193,"not evaluated"
"194","CoopBreed","Song.rep.final",0.250727816871214,0.271176037583503,-427.033464120866,1.2218035337268,0.277935340010275,0.133645736451356,-426.373842239908,1.12587028772672,3,"Optimization has converged.",194,"not evaluated"
"195","CoopBreed","Song.rep.final",0.648098129729826,0.271176037583503,-427.033464120866,1.2218035337268,0.268394616322188,0.338617659199951,-426.929310951816,1.22188765610046,3,"Optimization has converged.",195,"not evaluated"
"196","CoopBreed","Song.rep.final",0.221972117311256,0.271176037583503,-427.033464120866,1.2218035337268,0.279889100203898,0.145750359139012,-426.287676191316,1.22164516760974,3,"Optimization has converged.",196,"not evaluated"
"197","CoopBreed","Song.rep.final",0.0432979918381564,0.271176037583503,-427.033464120866,1.2218035337268,0.284933696131648,0.0538177075692565,-424.991599386745,1.22179984036891,3,"Optimization has converged.",197,"not evaluated"
"198","CoopBreed","Song.rep.final",0.000458508615105823,0.271176037583503,-427.033464120866,1.2218035337268,0.295052729774582,0.06710526705794,-420.894829143166,1.2990197969517,3,"Optimization has converged.",198,"not evaluated"
"199","CoopBreed","Song.rep.final",0.000216954849308624,0.271176037583503,-427.033464120866,1.2218035337268,0.285430967162664,0.00122822136173946,-420.194348455565,1.22198870895494,3,"Optimization has converged.",199,"not evaluated"
"200","CoopBreed","Song.rep.final",0.231854867933662,0.271176037583503,-427.033464120866,1.2218035337268,0.280911767825615,0.150242224834557,-426.318741105825,1.12364903130811,3,"Optimization has converged.",200,"not evaluated"
"201","CoopBreed","Song.rep.final",0.0648489356381135,0.271176037583503,-427.033464120866,1.2218035337268,0.279302586717701,0.0692841388500665,-425.329055811204,1.22165516692332,3,"Optimization has converged.",201,"not evaluated"
"202","CoopBreed","Song.rep.final",0.0055373749458024,0.271176037583503,-427.033464120866,1.2218035337268,0.291548453221677,0.0648762581785589,-423.185959877273,1.31152334680572,3,"Optimization has converged.",202,"not evaluated"
"203","CoopBreed","Song.rep.final",0.881632087921736,0.271176037583503,-427.033464120866,1.2218035337268,0.272212462089454,0.244660378605818,-427.02237843033,1.22173065396002,3,"Optimization has converged.",203,"not evaluated"
"204","CoopBreed","Song.rep.final",0.653385506522623,0.271176037583503,-427.033464120866,1.2218035337268,0.274424026658547,0.204619626800548,-426.93263489366,1.22176848982157,3,"Optimization has converged.",204,"not evaluated"
"205","CoopBreed","Song.rep.final",0.00868884714748878,0.271176037583503,-427.033464120866,1.2218035337268,0.278896058536514,2.7117603758342e-05,-423.590618620046,1.22181916954439,3,"Optimization has converged.",205,"not evaluated"
"206","CoopBreed","Song.rep.final",0.00481520841859423,0.271176037583503,-427.033464120866,1.2218035337268,0.283569415149734,0.0378307602285347,-423.059680929173,1.17073643409696,3,"Optimization has converged.",206,"not evaluated"
"207","CoopBreed","Song.rep.final",0.545956489193592,0.271176037583503,-427.033464120866,1.2218035337268,0.275235190821348,0.182609499285364,-426.851158620541,1.22051841330665,3,"Optimization has converged.",207,"not evaluated"
"208","CoopBreed","Song.rep.final",0.00011521677398168,0.271176037583503,-427.033464120866,1.2218035337268,0.290627207848254,0.0237512554518771,-419.598762913268,0.690397186414287,3,"Optimization has converged.",208,"not evaluated"
"209","CoopBreed","Song.rep.final",0.0062318910073255,0.271176037583503,-427.033464120866,1.2218035337268,0.277880401960448,2.7117603758342e-05,-423.292465540062,0.627773327811292,3,"Optimization has converged.",209,"not evaluated"
"210","CoopBreed","Song.rep.final",0.0186183868380363,0.271176037583503,-427.033464120866,1.2218035337268,0.287799491183233,0.0469402456089547,-424.264960048488,1.22165391279174,3,"Optimization has converged.",210,"not evaluated"
"211","CoopBreed","Song.rep.final",0.00633741946906272,0.271176037583503,-427.033464120866,1.2218035337268,0.283423569889853,0.0448247555292778,-423.307580486207,1.28887774968205,3,"Optimization has converged.",211,"not evaluated"
"212","CoopBreed","Song.rep.final",0.00748563148649285,0.271176037583503,-427.033464120866,1.2218035337268,0.282581336143088,0.0438685800797006,-423.457175167191,1.09352277436193,3,"Optimization has converged.",212,"not evaluated"
"213","CoopBreed","Song.rep.final",0.755343206361351,0.271176037583503,-427.033464120866,1.2218035337268,0.2731726122417,0.232163566745493,-426.984916296489,1.22166505490425,3,"Optimization has converged.",213,"not evaluated"
"214","CoopBreed","Song.rep.final",0.422826862287171,0.271176037583503,-427.033464120866,1.2218035337268,0.276380412297904,0.172680768355102,-426.712241691047,1.22177237625812,3,"Optimization has converged.",214,"not evaluated"
"215","CoopBreed","Song.rep.final",1.08907702407035e-05,0.271176037583503,-427.033464120866,1.2218035337268,0.287693855601605,0.0124379643205721,-417.359239928442,1.71431180317796,3,"Optimization has converged.",215,"not evaluated"
"216","CoopBreed","Song.rep.final",0.00910856319688183,0.271176037583503,-427.033464120866,1.2218035337268,0.284739922699351,0.0258013635839785,-423.632756382099,1.07141014451969,3,"Optimization has converged.",216,"not evaluated"
"217","CoopBreed","Song.rep.final",0.0685364269992605,0.271176037583503,-427.033464120866,1.2218035337268,0.28102350666236,0.0500937776947447,-425.374599442015,1.22181962364864,3,"Optimization has converged.",217,"not evaluated"
"218","CoopBreed","Song.rep.final",0.00772355377522038,0.271176037583503,-427.033464120866,1.2218035337268,0.284629476340647,2.71176037583503e-05,-423.485224706359,0.616679285439641,3,"Optimization has converged.",218,"not evaluated"
"219","CoopBreed","Song.rep.final",0.023964523672818,0.271176037583503,-427.033464120866,1.2218035337268,0.296124204582008,0.0171384405244392,-424.484865064483,1.22180110728217,3,"Optimization has converged.",219,"not evaluated"
"220","CoopBreed","Song.rep.final",0.187927597339255,0.271176037583503,-427.033464120866,1.2218035337268,0.283673958247156,0.0906145242839617,-426.166569101169,1.22118803766805,3,"Optimization has converged.",220,"not evaluated"
"221","CoopBreed","Song.rep.final",0.00102744021774366,0.271176037583503,-427.033464120866,1.2218035337268,0.293470930732034,0.0518016623683334,-421.644738151953,1.57881661451566,3,"Optimization has converged.",221,"not evaluated"
"222","CoopBreed","Song.rep.final",0.397169595561899,0.271176037583503,-427.033464120866,1.2218035337268,0.276476341751457,0.148290823577511,-426.675024666057,1.22143006549546,3,"Optimization has converged.",222,"not evaluated"
"223","CoopBreed","Song.rep.final",0.933120955567863,0.271176037583503,-427.033464120866,1.2218035337268,0.270724578210062,0.281133296804097,-427.029942934519,1.22180713529372,3,"Optimization has converged.",223,"not evaluated"
"224","CoopBreed","Song.rep.final",0.00441468951635933,0.271176037583503,-427.033464120866,1.2218035337268,0.276505439110286,2.7117603758342e-05,-422.981037486006,1.22183804383287,3,"Optimization has converged.",224,"not evaluated"
"225","CoopBreed","Song.rep.final",0.439349628411813,0.271176037583503,-427.033464120866,1.2218035337268,0.276658476384807,0.179485815178755,-426.734473913428,1.22152697761294,3,"Optimization has converged.",225,"not evaluated"
"226","CoopBreed","Song.rep.final",0.106437377155395,0.271176037583503,-427.033464120866,1.2218035337268,0.283474954080469,2.7117603758342e-05,-425.730295754657,1.22200922063667,3,"Optimization has converged.",226,"not evaluated"
"227","CoopBreed","Song.rep.final",0.0812026597068922,0.271176037583503,-427.033464120866,1.2218035337268,0.285524065653299,0.0324532256156425,-425.513131761234,1.10000201489148,3,"Optimization has converged.",227,"not evaluated"
"228","CoopBreed","Song.rep.final",0.021012750223432,0.271176037583503,-427.033464120866,1.2218035337268,0.281989391500628,0.0218773350948874,-424.37059685122,1.16143759922265,3,"Optimization has converged.",228,"not evaluated"
"229","CoopBreed","Song.rep.final",0.217220201891813,0.271176037583503,-427.033464120866,1.2218035337268,0.280515711353271,0.128886929347121,-426.272143400974,1.2217050308842,3,"Optimization has converged.",229,"not evaluated"
"230","CoopBreed","Song.rep.final",0.00247262952486577,0.271176037583503,-427.033464120866,1.2218035337268,0.278928233974562,2.7117603758342e-05,-422.453095568602,1.16484651976466,3,"Optimization may not have converged.  Consider increasing maxit.",230,"not evaluated"
"231","CoopBreed","Song.rep.final",0.095792080303915,0.271176037583503,-427.033464120866,1.2218035337268,0.284599187857551,0.0689346722630047,-425.646343826119,0.862256509382082,3,"Optimization has converged.",231,"not evaluated"
"232","CoopBreed","Song.rep.final",0.417881016172878,0.271176037583503,-427.033464120866,1.2218035337268,0.276713666455875,0.146660207014485,-426.705330736242,1.17240166164789,3,"Optimization has converged.",232,"not evaluated"
"233","CoopBreed","Song.rep.final",0.0577554973946714,0.271176037583503,-427.033464120866,1.2218035337268,0.296133473281857,2.71176037583503e-05,-425.233117718594,0.814543157086845,3,"Optimization has converged.",233,"not evaluated"
"234","CoopBreed","Song.rep.final",0.00911832779779636,0.271176037583503,-427.033464120866,1.2218035337268,0.274694822804097,2.7117603758342e-05,-423.633712880903,1.13085046576489,3,"Optimization has converged.",234,"not evaluated"
"235","CoopBreed","Song.rep.final",0.019365012098026,0.271176037583503,-427.033464120866,1.2218035337268,0.276808107426917,2.7117603758342e-05,-424.299339355409,1.14995697939974,3,"Optimization has converged.",235,"not evaluated"
"236","CoopBreed","Song.rep.final",0.0129245617750101,0.271176037583503,-427.033464120866,1.2218035337268,0.281893506320008,0.0314353079204946,-423.943760841187,1.22183303269318,3,"Optimization has converged.",236,"not evaluated"
"237","CoopBreed","Song.rep.final",0.0128828686658141,0.271176037583503,-427.033464120866,1.2218035337268,0.289160929347377,0.0248609575918348,-423.940902199905,1.22196216891608,3,"Optimization has converged.",237,"not evaluated"
"238","CoopBreed","Song.rep.final",0.000704604053456039,0.271176037583503,-427.033464120866,1.2218035337268,0.290276312246612,2.71176037583503e-05,-421.294932821859,2.63755222542252,3,"Optimization has converged.",238,"not evaluated"
"239","CoopBreed","Song.rep.final",0.444232566756876,0.271176037583503,-427.033464120866,1.2218035337268,0.27619280298694,0.193181082129462,-426.740801542644,1.30012503884504,3,"Optimization has converged.",239,"not evaluated"
"240","CoopBreed","Song.rep.final",0.000107568004873388,0.271176037583503,-427.033464120866,1.2218035337268,0.282895505766198,0.00125209051559729,-419.533962732214,1.22177715878388,3,"Optimization has converged.",240,"not evaluated"
"241","CoopBreed","Song.rep.final",0.00197460611625559,0.271176037583503,-427.033464120866,1.2218035337268,0.290313513235884,0.0460464350864224,-422.246967678023,1.22173618669226,3,"Optimization has converged.",241,"not evaluated"
"242","CoopBreed","Song.rep.final",0.000121687921752141,0.271176037583503,-427.033464120866,1.2218035337268,0.284402035868799,0.0042115449294188,-419.650290484295,0.811017852177859,3,"Optimization has converged.",242,"not evaluated"
"243","CoopBreed","Song.rep.final",0.0382797235312764,0.271176037583503,-427.033464120866,1.2218035337268,0.280742022667265,0.0417043281056518,-424.887189382131,1.22179835552589,3,"Optimization has converged.",243,"not evaluated"
"244","CoopBreed","Song.rep.final",0.00845203069602117,0.271176037583503,-427.033464120866,1.2218035337268,0.282256219016877,0.0147262618946134,-423.565913798432,1.22179460965514,3,"Optimization has converged.",244,"not evaluated"
"245","CoopBreed","Song.rep.final",0.878434656795832,0.271176037583503,-427.033464120866,1.2218035337268,0.270235089499134,0.292138191743494,-427.021766678323,1.22202146913322,3,"Optimization has converged.",245,"not evaluated"
"246","CoopBreed","Song.rep.final",0.229511406946281,0.271176037583503,-427.033464120866,1.2218035337268,0.281627929857418,0.116428748737901,-426.311520724151,1.25264543196096,3,"Optimization has converged.",246,"not evaluated"
"247","CoopBreed","Song.rep.final",0.611851109545921,0.271176037583503,-427.033464120866,1.2218035337268,0.274609156762712,0.204367738170758,-426.904720049292,1.22128774299363,3,"Optimization has converged.",247,"not evaluated"
"248","CoopBreed","Song.rep.final",0.00117743125958596,0.271176037583503,-427.033464120866,1.2218035337268,0.2838194891921,2.71176037583503e-05,-421.770750008086,0.0037023451353639,3,"Optimization has converged.",248,"not evaluated"
"249","CoopBreed","Song.rep.final",0.666317732000161,0.271176037583503,-427.033464120866,1.2218035337268,0.268656314936141,0.330905644439721,-426.94049430381,1.22185994957975,3,"Optimization has converged.",249,"not evaluated"
"250","CoopBreed","Song.rep.final",0.852348005972051,0.271176037583503,-427.033464120866,1.2218035337268,0.272385050413654,0.247892842785085,-427.016143164173,1.22194837785954,3,"Optimization has converged.",250,"not evaluated"
"251","CoopBreed","Song.rep.final",0.137709389975756,0.271176037583503,-427.033464120866,1.2218035337268,0.283094445709052,0.0331845515815623,-425.931779140114,1.06333300804656,3,"Optimization has converged.",251,"not evaluated"
"252","CoopBreed","Song.rep.final",0.608892794044223,0.271176037583503,-427.033464120866,1.2218035337268,0.274700010536891,0.202934753374414,-426.902568926961,1.2218240976297,3,"Optimization has converged.",252,"not evaluated"
"253","CoopBreed","Song.rep.final",0.0120051244847335,0.271176037583503,-427.033464120866,1.2218035337268,0.282309461783532,2.7117603758342e-05,-423.878408042523,1.56069103856194,3,"Optimization has converged.",253,"not evaluated"
"254","CoopBreed","Song.rep.final",0.254941909259087,0.271176037583503,-427.033464120866,1.2218035337268,0.278960477873872,0.137638768714918,-426.385455242206,1.22159784323899,3,"Optimization has converged.",254,"not evaluated"
"255","CoopBreed","Song.rep.final",0.324559117099653,0.271176037583503,-427.033464120866,1.2218035337268,0.278808741739238,0.103343089608216,-426.548221352105,1.22093704230017,3,"Optimization has converged.",255,"not evaluated"
"256","CoopBreed","Song.rep.final",0.0676142340975649,0.271176037583503,-427.033464120866,1.2218035337268,0.279137351914484,0.0905826427356345,-425.363459558485,1.07492217980555,3,"Optimization has converged.",256,"not evaluated"
"257","CoopBreed","Song.rep.final",0.00592213559469143,0.271176037583503,-427.033464120866,1.2218035337268,0.285082364487888,0.030364585861322,-423.246542228976,0.678724679557965,3,"Optimization has converged.",257,"not evaluated"
"258","CoopBreed","Song.rep.final",0.995731856151697,0.271176037583503,-427.033464120866,1.2218035337268,0.271211175529563,0.270410795657028,-427.033449813091,1.22180337800003,3,"Optimization has converged.",258,"not evaluated"
"259","CoopBreed","Song.rep.final",0.205586523752948,0.271176037583503,-427.033464120866,1.2218035337268,0.279299141330592,0.0572146958734386,-426.232345764485,1.22134221105589,3,"Optimization has converged.",259,"not evaluated"
"260","CoopBreed","Song.rep.final",0.11125957458527,0.271176037583503,-427.033464120866,1.2218035337268,0.283815871724167,0.132492742319501,-425.765344995915,1.37775803566801,3,"Optimization has converged.",260,"not evaluated"
"261","CoopBreed","Song.rep.final",0.0118353254372856,0.271176037583503,-427.033464120866,1.2218035337268,0.283446338353089,2.7117603758342e-05,-423.865777850003,1.22205795226764,3,"Optimization has converged.",261,"not evaluated"
"262","CoopBreed","Song.rep.final",0.00149816263126483,0.271176037583503,-427.033464120866,1.2218035337268,0.290793031156472,0.0244257848391381,-421.993027174033,1.22175087605135,3,"Optimization has converged.",262,"not evaluated"
"263","CoopBreed","Song.rep.final",0.147042431653362,0.271176037583503,-427.033464120866,1.2218035337268,0.282230497725964,0.0893042844330863,-425.982130464854,1.22176995234805,3,"Optimization has converged.",263,"not evaluated"
"264","CoopBreed","Song.rep.final",0.952666583861903,0.271176037583503,-427.033464120866,1.2218035337268,0.27082823532236,0.278147075514608,-427.031702406366,1.22180461680779,3,"Optimization has converged.",264,"not evaluated"
"265","CoopBreed","Song.rep.final",0.110445623124655,0.271176037583503,-427.033464120866,1.2218035337268,0.284327841350806,0.0735614025857956,-425.759547453086,1.26687227583585,3,"Optimization has converged.",265,"not evaluated"
"266","CoopBreed","Song.rep.final",0.0136759672105635,0.271176037583503,-427.033464120866,1.2218035337268,0.286547442072871,0.0711137879446687,-423.993715406929,1.22175788439191,3,"Optimization has converged.",266,"not evaluated"
"267","CoopBreed","Song.rep.final",0.00143843451030054,0.271176037583503,-427.033464120866,1.2218035337268,0.288311291499051,0.0484239879243454,-421.955535226883,1.08906225778652,3,"Optimization has converged.",267,"not evaluated"
"268","CoopBreed","Song.rep.final",0.024026928829073,0.271176037583503,-427.033464120866,1.2218035337268,0.28184865411272,0.0367267994030648,-424.487120356114,1.16088108675935,3,"Optimization has converged.",268,"not evaluated"
"269","CoopBreed","Song.rep.final",0.0142142057943516,0.271176037583503,-427.033464120866,1.2218035337268,0.281286753475204,0.0259931005655955,-424.027792664048,0.92882831082231,3,"Optimization has converged.",269,"not evaluated"
"270","CoopBreed","Song.rep.final",0.372444014443038,0.271176037583503,-427.033464120866,1.2218035337268,0.27831932799507,0.173650926348876,-426.63571712258,1.22154758128001,3,"Optimization has converged.",270,"not evaluated"
"271","CoopBreed","Song.rep.final",0.664204812333322,0.271176037583503,-427.033464120866,1.2218035337268,0.275212683446063,0.218546688313333,-426.939236131852,1.19741001248101,3,"Optimization has converged.",271,"not evaluated"
"272","CoopBreed","Song.rep.final",0.000178081803639198,0.271176037583503,-427.033464120866,1.2218035337268,0.292422059884009,0.036590481111825,-420.008823091869,0.939399778750607,3,"Optimization has converged.",272,"not evaluated"
"273","CoopBreed","Song.rep.final",0.0145376771926152,0.271176037583503,-427.033464120866,1.2218035337268,0.278089196790187,0.0031472048606474,-424.047639451383,1.06690966513625,3,"Optimization has converged.",273,"not evaluated"
"274","CoopBreed","Song.rep.final",8.39648192345496e-05,0.271176037583503,-427.033464120866,1.2218035337268,0.289892332132674,0.00116343340024088,-419.300036881618,1.22183572022041,3,"Optimization has converged.",274,"not evaluated"
"275","CoopBreed","Song.rep.final",0.0129499554594641,0.271176037583503,-427.033464120866,1.2218035337268,0.281748360191188,2.7117603758342e-05,-423.945497289886,1.22176693975143,3,"Optimization has converged.",275,"not evaluated"
"276","CoopBreed","Song.rep.final",0.079839993940809,0.271176037583503,-427.033464120866,1.2218035337268,0.286550883979537,0.0651868432747486,-425.499386183984,0.90163236444185,3,"Optimization has converged.",276,"not evaluated"
"277","CoopBreed","Song.rep.final",0.908353051354581,0.271176037583503,-427.033464120866,1.2218035337268,0.271889987624639,0.254424380845516,-427.026838255738,1.22185833801664,3,"Optimization has converged.",277,"not evaluated"
"278","CoopBreed","Song.rep.final",0.00097262744088553,0.271176037583503,-427.033464120866,1.2218035337268,0.284856024813244,0.0426401256465897,-421.59398314856,1.02829808175031,3,"Optimization has converged.",278,"not evaluated"
"279","CoopBreed","Song.rep.final",0.501162954399638,0.271176037583503,-427.033464120866,1.2218035337268,0.276024647212413,0.197929636788204,-426.807227678694,1.30180086324893,3,"Optimization has converged.",279,"not evaluated"
"280","CoopBreed","Song.rep.final",0.781201451532061,0.271176037583503,-427.033464120866,1.2218035337268,0.269549452630354,0.308199440328703,-426.99489056786,1.22180435800349,3,"Optimization has converged.",280,"not evaluated"
"281","CoopBreed","Song.rep.final",0.691867557645196,0.271176037583503,-427.033464120866,1.2218035337268,0.268850371822568,0.325970255577153,-426.954928588249,1.22204836028428,3,"Optimization has converged.",281,"not evaluated"
"282","CoopBreed","Song.rep.final",0.957774441863628,0.271176037583503,-427.033464120866,1.2218035337268,0.270877795528226,0.277764194783908,-427.032062448767,1.22181208761939,3,"Optimization has converged.",282,"not evaluated"
"283","CoopBreed","Song.rep.final",0.00480124551111343,0.271176037583503,-427.033464120866,1.2218035337268,0.284303790018729,0.0117512065285713,-423.057053159905,1.22212523024783,3,"Optimization has converged.",283,"not evaluated"
"284","CoopBreed","Song.rep.final",0.00107657158918501,0.271176037583503,-427.033464120866,1.2218035337268,0.2791697891928,2.7117603758342e-05,-421.687956929173,1.15581365935095,3,"Optimization has converged.",284,"not evaluated"
"285","CoopBreed","Song.rep.final",0.0800832266140705,0.271176037583503,-427.033464120866,1.2218035337268,0.282532225447277,0.035482080914492,-425.501858193341,0.970658830662563,3,"Optimization has converged.",285,"not evaluated"
"286","CoopBreed","Song.rep.final",0.00365423279093337,0.271176037583503,-427.033464120866,1.2218035337268,0.279539775468234,0.0399057532403117,-422.809409817737,1.07016705177567,3,"Optimization has converged.",286,"not evaluated"
"287","CoopBreed","Song.rep.final",0.0299069378886493,0.271176037583503,-427.033464120866,1.2218035337268,0.288461428911324,2.7117603758342e-05,-424.676147308394,0.873328050309513,3,"Optimization has converged.",287,"not evaluated"
"288","CoopBreed","Song.rep.final",0.0333211957193063,0.271176037583503,-427.033464120866,1.2218035337268,0.285151561642895,0.0685302205225124,-424.768864242003,1.22186108588806,3,"Optimization has converged.",288,"not evaluated"
"289","CoopBreed","Song.rep.final",0.322473037792601,0.271176037583503,-427.033464120866,1.2218035337268,0.281370405246955,0.135606787154182,-426.544019195298,1.12004945655832,3,"Optimization has converged.",289,"not evaluated"
"290","CoopBreed","Song.rep.final",0.0124608080155671,0.271176037583503,-427.033464120866,1.2218035337268,0.278593632082299,2.7117603758342e-05,-423.911416943206,1.22175761776128,3,"Optimization has converged.",290,"not evaluated"
"291","CoopBreed","Song.rep.final",0.975131575716758,0.271176037583503,-427.033464120866,1.2218035337268,0.271359422382327,0.266643670937093,-427.032978243034,1.22180177206726,3,"Optimization has converged.",291,"not evaluated"
"292","CoopBreed","Song.rep.final",0.655594280117294,0.271176037583503,-427.033464120866,1.2218035337268,0.274085241482122,0.204842216107642,-426.934004289672,1.19517836365539,3,"Optimization has converged.",292,"not evaluated"
"293","CoopBreed","Song.rep.final",0.0151738199071772,0.271176037583503,-427.033464120866,1.2218035337268,0.283452435643257,0.0564933900124241,-424.08537761848,1.22172925725119,3,"Optimization has converged.",293,"not evaluated"
"294","CoopBreed","Song.rep.final",3.89393303635659e-05,0.271176037583503,-427.033464120866,1.2218035337268,0.291225149223225,2.71176037583503e-05,-418.572263443064,0.00242880487085144,3,"Optimization has converged.",294,"not evaluated"
"295","CoopBreed","Song.rep.final",0.807389131771399,0.271176037583503,-427.033464120866,1.2218035337268,0.273631245214395,0.253297629730095,-427.003745974693,1.22188419131086,3,"Optimization has converged.",295,"not evaluated"
"296","CoopBreed","Song.rep.final",0.58557543853649,0.271176037583503,-427.033464120866,1.2218035337268,0.27549563225543,0.220699146035042,-426.88481046423,1.23421568411829,3,"Optimization has converged.",296,"not evaluated"
"297","CoopBreed","Song.rep.final",0.956458660521717,0.271176037583503,-427.033464120866,1.2218035337268,0.271560451741792,0.264319992681995,-427.031973645155,1.22177772608376,3,"Optimization has converged.",297,"not evaluated"
"298","CoopBreed","Song.rep.final",0.00945508139206646,0.271176037583503,-427.033464120866,1.2218035337268,0.288610838580164,0.0854057768636904,-423.666073382208,1.09671120534812,3,"Optimization has converged.",298,"not evaluated"
"299","CoopBreed","Song.rep.final",0.754111018512071,0.271176037583503,-427.033464120866,1.2218035337268,0.273132422351104,0.234759223217294,-426.98440970341,1.22178751589272,3,"Optimization has converged.",299,"not evaluated"
"300","CoopBreed","Song.rep.final",0.00995845202603059,0.271176037583503,-427.033464120866,1.2218035337268,0.277150470145801,2.7117603758342e-05,-423.712307283008,1.22179459553662,3,"Optimization has converged.",300,"not evaluated"
"301","CoopBreed","Song.rep.final",1.4061579608009e-06,0.271176037583503,-427.033464120866,1.2218035337268,0.284766977267087,0.00112589666120887,-415.397349751567,1.22138461197657,3,"Optimization may not have converged.  Consider increasing maxit.",301,"not evaluated"
"302","CoopBreed","Song.rep.final",0.0278088195609238,0.271176037583503,-427.033464120866,1.2218035337268,0.280874355913403,0.0138806345923171,-424.613523794873,1.22171174429874,3,"Optimization has converged.",302,"not evaluated"
"303","CoopBreed","Song.rep.final",0.0800076831603705,0.271176037583503,-427.033464120866,1.2218035337268,0.285024004125408,0.0612068690714891,-425.501091301426,1.0295420235402,3,"Optimization has converged.",303,"not evaluated"
"304","CoopBreed","Song.rep.final",0.0977805294319614,0.271176037583503,-427.033464120866,1.2218035337268,0.285061354798178,0.0713838616507896,-425.662776059083,0.985616319092626,3,"Optimization has converged.",304,"not evaluated"
"305","CoopBreed","Song.rep.final",0.59354314737754,0.271176037583503,-427.033464120866,1.2218035337268,0.275258613920844,0.188138746116304,-426.891041677646,1.17524864828749,3,"Optimization has converged.",305,"not evaluated"
"306","CoopBreed","Song.rep.final",0.000342182060560393,0.271176037583503,-427.033464120866,1.2218035337268,0.291029112627393,0.00126102631066256,-420.621411375424,1.22208193391857,3,"Optimization has converged.",306,"not evaluated"
"307","CoopBreed","Song.rep.final",0.261870749285106,0.271176037583503,-427.033464120866,1.2218035337268,0.277648150120802,0.135322699452792,-426.404044047712,1.19010836188737,3,"Optimization has converged.",307,"not evaluated"
"308","CoopBreed","Song.rep.final",0.672436241307683,0.271176037583503,-427.033464120866,1.2218035337268,0.267980046880345,0.340543545083182,-426.944081334697,1.22180840925916,3,"Optimization has converged.",308,"not evaluated"
"309","CoopBreed","Song.rep.final",0.000719017439007059,0.271176037583503,-427.033464120866,1.2218035337268,0.283051857779563,0.0178925396993237,-421.313747821976,1.22185597918549,3,"Optimization has converged.",309,"not evaluated"
"310","CoopBreed","Song.rep.final",0.696526005790531,0.271176037583503,-427.033464120866,1.2218035337268,0.268990941376175,0.318041626111124,-426.957408561193,1.22180509179835,3,"Optimization has converged.",310,"not evaluated"
"311","CoopBreed","Song.rep.final",0.0309099976662889,0.271176037583503,-427.033464120866,1.2218035337268,0.281389261251083,2.7117603758342e-05,-424.704486966242,1.05244650178752,3,"Optimization has converged.",311,"not evaluated"
"312","CoopBreed","Song.rep.final",0.0558093994269582,0.271176037583503,-427.033464120866,1.2218035337268,0.279181057129064,0.032056146308482,-425.204595799229,1.32926528931019,3,"Optimization has converged.",312,"not evaluated"
"313","CoopBreed","Song.rep.final",0.0315039094851581,0.271176037583503,-427.033464120866,1.2218035337268,0.278834415196942,2.7117603758342e-05,-424.720818420161,1.36294061314772,3,"Optimization has converged.",313,"not evaluated"
"314","CoopBreed","Song.rep.final",0.0207090979819251,0.271176037583503,-427.033464120866,1.2218035337268,0.288472015882025,0.056114097031217,-424.357909759389,0.878985703450464,3,"Optimization has converged.",314,"not evaluated"
"315","CoopBreed","Song.rep.final",0.270347178346168,0.271176037583503,-427.033464120866,1.2218035337268,0.282962620526777,0.0902663169490014,-426.425971824978,1.22099123625257,3,"Optimization has converged.",315,"not evaluated"
"316","CoopBreed","Song.rep.final",0.046767590628428,0.271176037583503,-427.033464120866,1.2218035337268,0.280950995206941,0.0623395687918011,-425.056599032852,1.22174805392106,3,"Optimization has converged.",316,"not evaluated"
"317","CoopBreed","Song.rep.final",0.786036013504297,0.271176037583503,-427.033464120866,1.2218035337268,0.269567605934757,0.304159375110647,-426.996618414922,1.22180630266757,3,"Optimization has converged.",317,"not evaluated"
"318","CoopBreed","Song.rep.final",0.0353216947655366,0.271176037583503,-427.033464120866,1.2218035337268,0.281738339017785,0.060875705910015,-424.818686109323,1.22181738492706,3,"Optimization has converged.",318,"not evaluated"
"319","CoopBreed","Song.rep.final",0.519120989093398,0.271176037583503,-427.033464120866,1.2218035337268,0.2752944027759,0.176275400663434,-426.825644451988,1.18141569211799,3,"Optimization has converged.",319,"not evaluated"
"320","CoopBreed","Song.rep.final",0.0408226173179,0.271176037583503,-427.033464120866,1.2218035337268,0.283408944390095,2.7117603758342e-05,-424.941782577788,0.988341318869577,3,"Optimization has converged.",320,"not evaluated"
"321","CoopBreed","Song.rep.final",0.0461806150666753,0.271176037583503,-427.033464120866,1.2218035337268,0.286203772775473,0.0485241088259521,-425.045967069982,1.32462187428647,3,"Optimization has converged.",321,"not evaluated"
"322","CoopBreed","Song.rep.final",0.0747484549679111,0.271176037583503,-427.033464120866,1.2218035337268,0.283458430378707,0.0673738059754403,-425.44569363265,1.09058599855022,3,"Optimization has converged.",322,"not evaluated"
"323","CoopBreed","Song.rep.final",0.00154207784140927,0.271176037583503,-427.033464120866,1.2218035337268,0.292462019527695,2.71176037583503e-05,-422.01963989696,0.00104880605780672,3,"Optimization has converged.",323,"not evaluated"
"324","CoopBreed","Song.rep.final",0.159377732756225,0.271176037583503,-427.033464120866,1.2218035337268,0.282455101060682,0.156335868984454,-426.043403964992,1.27911244098918,3,"Optimization has converged.",324,"not evaluated"
"325","CoopBreed","Song.rep.final",0.762360365474024,0.271176037583503,-427.033464120866,1.2218035337268,0.273390394791994,0.229303313930626,-426.987746481842,1.22174721231727,3,"Optimization has converged.",325,"not evaluated"
"326","CoopBreed","Song.rep.final",0.0374001426218478,0.271176037583503,-427.033464120866,1.2218035337268,0.287526429608559,0.0887753992530676,-424.867415634909,1.40978368285411,3,"Optimization has converged.",326,"not evaluated"
"327","CoopBreed","Song.rep.final",0.0380522210565952,0.271176037583503,-427.033464120866,1.2218035337268,0.283522312137874,0.0831400320604142,-424.882120933099,0.89320580039616,3,"Optimization has converged.",327,"not evaluated"
"328","CoopBreed","Song.rep.final",0.00518190216952367,0.271176037583503,-427.033464120866,1.2218035337268,0.280252851600666,0.0101156603543993,-423.126045624063,0.541217327590462,3,"Optimization has converged.",328,"not evaluated"
"329","CoopBreed","Song.rep.final",0.308409879014326,0.271176037583503,-427.033464120866,1.2218035337268,0.278712594140085,0.135073965121142,-426.514727545022,1.14892602043365,3,"Optimization has converged.",329,"not evaluated"
"330","CoopBreed","Song.rep.final",0.492980006439497,0.271176037583503,-427.033464120866,1.2218035337268,0.278055008803776,0.196847381334595,-426.798456336664,1.25518964772941,3,"Optimization has converged.",330,"not evaluated"
"331","CoopBreed","Song.rep.final",0.000104092111862475,0.271176037583503,-427.033464120866,1.2218035337268,0.289926692698001,2.71176037583503e-05,-419.502966514837,0.00112366947354226,3,"Optimization has converged.",331,"not evaluated"
"332","CoopBreed","Song.rep.final",0.0152234513015171,0.271176037583503,-427.033464120866,1.2218035337268,0.286559010960402,0.0122685563416881,-424.088253087452,1.22178387350203,3,"Optimization has converged.",332,"not evaluated"
"333","CoopBreed","Song.rep.final",0.00369637872246259,0.271176037583503,-427.033464120866,1.2218035337268,0.294252647450269,0.00135241243744052,-422.819836449032,2.56281170582129,3,"Optimization has converged.",333,"not evaluated"
"334","CoopBreed","Song.rep.final",0.165545835418007,0.271176037583503,-427.033464120866,1.2218035337268,0.280780223797429,0.092225962183663,-426.072052834971,1.03742708689705,3,"Optimization has converged.",334,"not evaluated"
"335","CoopBreed","Song.rep.final",0.2542992557242,0.271176037583503,-427.033464120866,1.2218035337268,0.2768943360231,0.0737077839515913,-426.383699567883,1.10557235515431,3,"Optimization has converged.",335,"not evaluated"
"336","CoopBreed","Song.rep.final",0.699946981612492,0.271176037583503,-427.033464120866,1.2218035337268,0.273594853331527,0.230964420335261,-426.959200609896,1.22179629954269,3,"Optimization has converged.",336,"not evaluated"
"337","CoopBreed","Song.rep.final",0.932469491986466,0.271176037583503,-427.033464120866,1.2218035337268,0.270680350114472,0.280579269704331,-427.029873835975,1.22180428685782,3,"Optimization has converged.",337,"not evaluated"
"338","CoopBreed","Song.rep.final",0.299650252480189,0.271176037583503,-427.033464120866,1.2218035337268,0.277974022984361,0.169840174920678,-426.495589105752,1.22154215423511,3,"Optimization has converged.",338,"not evaluated"
"339","CoopBreed","Song.rep.final",0.0321870188727344,0.271176037583503,-427.033464120866,1.2218035337268,0.284709539116031,0.0627024954007624,-424.73921006206,1.22167794980075,3,"Optimization has converged.",339,"not evaluated"
"340","CoopBreed","Song.rep.final",0.478055462267641,0.271176037583503,-427.033464120866,1.2218035337268,0.275956726412967,0.172199655775839,-426.781816126398,1.22137437854601,3,"Optimization has converged.",340,"not evaluated"
"341","CoopBreed","Song.rep.final",0.00640188552501302,0.271176037583503,-427.033464120866,1.2218035337268,0.284895681156934,2.7117603758342e-05,-423.316688132064,1.22179605060547,3,"Optimization has converged.",341,"not evaluated"
"342","CoopBreed","Song.rep.final",0.000173206736774917,0.271176037583503,-427.033464120866,1.2218035337268,0.280804184922741,0.00124709684024055,-419.98272027494,1.22203022144818,3,"Optimization has converged.",342,"not evaluated"
"343","CoopBreed","Song.rep.final",0.0765035484893242,0.271176037583503,-427.033464120866,1.2218035337268,0.286750087356946,0.072020375903513,-425.464634696733,1.0631880988595,3,"Optimization has converged.",343,"not evaluated"
"344","CoopBreed","Song.rep.final",0.858891354616626,0.271176037583503,-427.033464120866,1.2218035337268,0.270154081343648,0.294708852922,-427.017660260606,1.22181929492031,3,"Optimization has converged.",344,"not evaluated"
"345","CoopBreed","Song.rep.final",0.167860711012187,0.271176037583503,-427.033464120866,1.2218035337268,0.282945926059712,0.128917993236163,-426.082491342878,1.22132653273602,3,"Optimization has converged.",345,"not evaluated"
"346","CoopBreed","Song.rep.final",0.320485244633665,0.271176037583503,-427.033464120866,1.2218035337268,0.27911828408288,0.0965791939199119,-426.539981532349,1.17646193413424,3,"Optimization has converged.",346,"not evaluated"
"347","CoopBreed","Song.rep.final",0.712714704630596,0.271176037583503,-427.033464120866,1.2218035337268,0.273768420039151,0.231871041386107,-426.965673855902,1.22168207392493,3,"Optimization has converged.",347,"not evaluated"
"348","CoopBreed","Song.rep.final",0.237445782129792,0.271176037583503,-427.033464120866,1.2218035337268,0.279763784504221,0.139506941096978,-426.335616865595,1.30745198160164,3,"Optimization has converged.",348,"not evaluated"
"349","CoopBreed","Song.rep.final",0.0191141331146147,0.271176037583503,-427.033464120866,1.2218035337268,0.278362327240274,2.7117603758342e-05,-424.287942444543,0.879569051083915,3,"Optimization has converged.",349,"not evaluated"
"350","CoopBreed","Song.rep.final",0.911250409592048,0.271176037583503,-427.033464120866,1.2218035337268,0.271860237474409,0.258419825138026,-427.027252290086,1.22179613292575,3,"Optimization has converged.",350,"not evaluated"
"351","CoopBreed","Song.rep.final",0.692692783319201,0.271176037583503,-427.033464120866,1.2218035337268,0.268266963957311,0.32179954697852,-426.955371256997,1.22179580699546,3,"Optimization has converged.",351,"not evaluated"
"352","CoopBreed","Song.rep.final",0.104890716530118,0.271176037583503,-427.033464120866,1.2218035337268,0.288246703418608,0.0348433380247525,-425.718683660815,1.05295804259461,3,"Optimization has converged.",352,"not evaluated"
"353","CoopBreed","Song.rep.final",0.210985014736247,0.271176037583503,-427.033464120866,1.2218035337268,0.281904732039206,0.0920872055319968,-426.251136882831,1.01143003469598,3,"Optimization has converged.",353,"not evaluated"
"354","CoopBreed","Song.rep.final",0.112408740034811,0.271176037583503,-427.033464120866,1.2218035337268,0.284313734237343,0.118739472271526,-425.773451182417,1.35711495681824,3,"Optimization has converged.",354,"not evaluated"
"355","CoopBreed","Song.rep.final",0.26063318482396,0.271176037583503,-427.033464120866,1.2218035337268,0.279500859283793,0.162395923053751,-426.40076882151,1.11219026512107,3,"Optimization has converged.",355,"not evaluated"
"356","CoopBreed","Song.rep.final",0.00088612647058678,0.271176037583503,-427.033464120866,1.2218035337268,0.280306913722565,2.7117603758342e-05,-421.507684544352,0.203401113701736,3,"Optimization has converged.",356,"not evaluated"
"357","CoopBreed","Song.rep.final",0.014900432878681,0.271176037583503,-427.033464120866,1.2218035337268,0.279299685049152,2.7117603758342e-05,-424.069362852175,1.22175591833579,3,"Optimization has converged.",357,"not evaluated"
"358","CoopBreed","Song.rep.final",0.822174305505784,0.271176037583503,-427.033464120866,1.2218035337268,0.2725831246094,0.245490965836361,-427.008207995725,1.22216011446835,3,"Optimization has converged.",358,"not evaluated"
"359","CoopBreed","Song.rep.final",0.221930277103819,0.271176037583503,-427.033464120866,1.2218035337268,0.297398093056536,2.71176037583503e-05,-426.287541165442,1.11195867363593,3,"Optimization has converged.",359,"not evaluated"
"360","CoopBreed","Song.rep.final",0.498674055504667,0.271176037583503,-427.033464120866,1.2218035337268,0.275795321956526,0.181422092206106,-426.804585560599,1.22132177609581,3,"Optimization has converged.",360,"not evaluated"
"361","CoopBreed","Song.rep.final",0.912159286971025,0.271176037583503,-427.033464120866,1.2218035337268,0.271843639183547,0.259554816772597,-427.027379383053,1.22176661334698,3,"Optimization has converged.",361,"not evaluated"
"362","CoopBreed","Song.rep.final",0.00453927733416556,0.271176037583503,-427.033464120866,1.2218035337268,0.281616791805431,0.0229090896277095,-423.006254133583,1.10746790213536,3,"Optimization has converged.",362,"not evaluated"
"363","CoopBreed","Song.rep.final",0.00162501631094636,0.271176037583503,-427.033464120866,1.2218035337268,0.286532549896797,2.7117603758342e-05,-422.067870188664,1.22174058150198,3,"Optimization has converged.",363,"not evaluated"
"364","CoopBreed","Song.rep.final",0.523217786882657,0.271176037583503,-427.033464120866,1.2218035337268,0.275042517544585,0.211316946928936,-426.829691211933,1.22179192815026,3,"Optimization has converged.",364,"not evaluated"
"365","CoopBreed","Song.rep.final",0.0352435619202083,0.271176037583503,-427.033464120866,1.2218035337268,0.284433157160175,0.0960093538724549,-424.816796193497,1.22199886374141,3,"Optimization has converged.",365,"not evaluated"
"366","CoopBreed","Song.rep.final",0.831100709250831,0.271176037583503,-427.033464120866,1.2218035337268,0.272447282064529,0.249682101144849,-427.010717791396,1.22178076390983,3,"Optimization has converged.",366,"not evaluated"
"367","CoopBreed","Song.rep.final",0.00724213575401679,0.271176037583503,-427.033464120866,1.2218035337268,0.281996148927515,0.00534692186020892,-423.427508782483,1.05920904024379,3,"Optimization has converged.",367,"not evaluated"
"368","CoopBreed","Song.rep.final",0.0436738350655022,0.271176037583503,-427.033464120866,1.2218035337268,0.283630686473712,0.0820958597887401,-424.998900517523,1.22139669692008,3,"Optimization has converged.",368,"not evaluated"
"369","CoopBreed","Song.rep.final",0.00234983452759487,0.271176037583503,-427.033464120866,1.2218035337268,0.276532926871814,2.7117603758342e-05,-422.406471297693,1.22179377448298,3,"Optimization has converged.",369,"not evaluated"
"370","CoopBreed","Song.rep.final",0.00443798672055841,0.271176037583503,-427.033464120866,1.2218035337268,0.281262194388058,0.0294802389167228,-422.985807489388,1.22152528595847,3,"Optimization has converged.",370,"not evaluated"
"371","CoopBreed","Song.rep.final",0.0244712874781697,0.271176037583503,-427.033464120866,1.2218035337268,0.281040817165803,0.00254094772188467,-424.503005655328,1.14885121145243,3,"Optimization has converged.",371,"not evaluated"
"372","CoopBreed","Song.rep.final",0.021890715470662,0.271176037583503,-427.033464120866,1.2218035337268,0.282821898499048,0.0447068304573092,-424.406238986959,1.22179101739697,3,"Optimization has converged.",372,"not evaluated"
"373","CoopBreed","Song.rep.final",0.0208154243419335,0.271176037583503,-427.033464120866,1.2218035337268,0.282533415463476,0.0145841954047648,-424.362374025722,0.9471541314154,3,"Optimization has converged.",373,"not evaluated"
"374","CoopBreed","Song.rep.final",0.533451117654384,0.271176037583503,-427.033464120866,1.2218035337268,0.275697159424452,0.173716195126578,-426.839557516659,1.15071298450508,3,"Optimization has converged.",374,"not evaluated"
"375","CoopBreed","Song.rep.final",0.166208747866429,0.271176037583503,-427.033464120866,1.2218035337268,0.281983651259738,0.114615558764299,-426.075059107136,1.14466834481043,3,"Optimization has converged.",375,"not evaluated"
"376","CoopBreed","Song.rep.final",0.0513397817096136,0.271176037583503,-427.033464120866,1.2218035337268,0.282567068036136,0.0066292808963302,-425.134887208359,0.99684986257447,3,"Optimization has converged.",376,"not evaluated"
"377","CoopBreed","Song.rep.final",0.67108195981828,0.271176037583503,-427.033464120866,1.2218035337268,0.273713547613754,0.217656328994222,-426.94329455608,1.21277975657088,3,"Optimization has converged.",377,"not evaluated"
"378","CoopBreed","Song.rep.final",0.263613594246377,0.271176037583503,-427.033464120866,1.2218035337268,0.279306093198043,0.127806929218562,-426.408624094435,1.22210233770693,3,"Optimization has converged.",378,"not evaluated"
"379","CoopBreed","Song.rep.final",0.0206954159404124,0.271176037583503,-427.033464120866,1.2218035337268,0.283723943643507,0.0337666069211299,-424.357333577355,1.22190997147629,3,"Optimization has converged.",379,"not evaluated"
"380","CoopBreed","Song.rep.final",0.582074141811738,0.271176037583503,-427.033464120866,1.2218035337268,0.275914089005572,0.171196919888869,-426.882017391017,1.22163334157491,3,"Optimization has converged.",380,"not evaluated"
"381","CoopBreed","Song.rep.final",0.00225849510684483,0.271176037583503,-427.033464120866,1.2218035337268,0.27885650403807,0.0153433557596402,-422.37015797427,1.2218206282163,3,"Optimization has converged.",381,"not evaluated"
"382","CoopBreed","Song.rep.final",0.119397165283889,0.271176037583503,-427.033464120866,1.2218035337268,0.287653334116057,0.0519322645576453,-425.82085862841,1.04086653867456,3,"Optimization has converged.",382,"not evaluated"
"383","CoopBreed","Song.rep.final",0.00480664898182898,0.271176037583503,-427.033464120866,1.2218035337268,0.280295261240417,2.7117603758342e-05,-423.058070996052,0.793856812642978,3,"Optimization has converged.",383,"not evaluated"
"384","CoopBreed","Song.rep.final",0.362196002147494,0.271176037583503,-427.033464120866,1.2218035337268,0.277925820599433,0.129536751134952,-426.618331775595,1.22153643670242,3,"Optimization has converged.",384,"not evaluated"
"385","CoopBreed","Song.rep.final",0.458646354960309,0.271176037583503,-427.033464120866,1.2218035337268,0.276133583200503,0.175718820193182,-426.758866072808,1.13451145370494,3,"Optimization has converged.",385,"not evaluated"
"386","CoopBreed","Song.rep.final",0.583073842430092,0.271176037583503,-427.033464120866,1.2218035337268,0.274894309523519,0.200585409223887,-426.882818327314,1.22159259868394,3,"Optimization has converged.",386,"not evaluated"
"387","CoopBreed","Song.rep.final",0.000597125832906019,0.271176037583503,-427.033464120866,1.2218035337268,0.290032280774929,0.0064147222300913,-421.141006067958,1.22224461531163,3,"Optimization has converged.",387,"not evaluated"
"388","CoopBreed","Song.rep.final",0.172248536610187,0.271176037583503,-427.033464120866,1.2218035337268,0.277998772751818,0.119062215988513,-426.101832018974,1.22142945886159,3,"Optimization has converged.",388,"not evaluated"
"389","CoopBreed","Song.rep.final",0.0977790544451592,0.271176037583503,-427.033464120866,1.2218035337268,0.278821445305351,0.0908845240738443,-425.662764005442,1.12923799522154,3,"Optimization has converged.",389,"not evaluated"
"390","CoopBreed","Song.rep.final",0.0221396910320023,0.271176037583503,-427.033464120866,1.2218035337268,0.295272596559722,2.71176037583503e-05,-424.416077369981,1.4731288897016,3,"Optimization has converged.",390,"not evaluated"
"391","CoopBreed","Song.rep.final",0.120350762279986,0.271176037583503,-427.033464120866,1.2218035337268,0.282638098815169,0.0846770932226519,-425.827089005428,1.00806197839126,3,"Optimization has converged.",391,"not evaluated"
"392","CoopBreed","Song.rep.final",0.0140876770996715,0.271176037583503,-427.033464120866,1.2218035337268,0.288418215200809,2.7117603758342e-05,-424.019902650121,0.280746256082221,3,"Optimization has converged.",392,"not evaluated"
"393","CoopBreed","Song.rep.final",0.000634534770935483,0.271176037583503,-427.033464120866,1.2218035337268,0.289958754466419,0.0636870096044616,-421.1975478354,1.22175642565573,3,"Optimization has converged.",393,"not evaluated"
"394","CoopBreed","Song.rep.final",0.27235951707147,0.271176037583503,-427.033464120866,1.2218035337268,0.282349391285143,0.164456143998852,-426.431051803107,1.32875312039161,3,"Optimization has converged.",394,"not evaluated"
"395","CoopBreed","Song.rep.final",0.111788305293883,0.271176037583503,-427.033464120866,1.2218035337268,0.283375852073279,0.116331736846969,-425.769086042957,1.38863806330144,3,"Optimization has converged.",395,"not evaluated"
"396","CoopBreed","Song.rep.final",0.0024705624890577,0.271176037583503,-427.033464120866,1.2218035337268,0.290057105057587,0.0245262268027534,-422.452330348754,0.904503543366816,3,"Optimization has converged.",396,"not evaluated"
"397","CoopBreed","Song.rep.final",0.203330442099325,0.271176037583503,-427.033464120866,1.2218035337268,0.279973462555867,0.0546818269880104,-426.224319316026,1.087997010389,3,"Optimization has converged.",397,"not evaluated"
"398","CoopBreed","Song.rep.final",0.0015665150298492,0.271176037583503,-427.033464120866,1.2218035337268,0.286021296401199,0.0292058098434845,-422.034118428788,0.998597989260576,3,"Optimization has converged.",398,"not evaluated"
"399","CoopBreed","Song.rep.final",0.146251893257486,0.271176037583503,-427.033464120866,1.2218035337268,0.281772719934318,0.116224835741653,-425.978006863712,1.00017693220034,3,"Optimization has converged.",399,"not evaluated"
"400","CoopBreed","Song.rep.final",0.0214988836216065,0.271176037583503,-427.033464120866,1.2218035337268,0.280979430027396,0.021371998358712,-424.390518412037,1.2217745430359,3,"Optimization has converged.",400,"not evaluated"
"401","CoopBreed","Song.rep.final",0.210533067347561,0.271176037583503,-427.033464120866,1.2218035337268,0.28190017948926,0.087266589697658,-426.249585677432,1.10228136703754,3,"Optimization has converged.",401,"not evaluated"
"402","CoopBreed","Song.rep.final",0.108188881563018,0.271176037583503,-427.033464120866,1.2218035337268,0.285645106312828,0.0664234066209512,-425.743224349421,1.22198708350218,3,"Optimization has converged.",402,"not evaluated"
"403","CoopBreed","Song.rep.final",0.0108293880969215,0.271176037583503,-427.033464120866,1.2218035337268,0.282357062929526,2.7117603758342e-05,-423.786913377959,1.22183890257019,3,"Optimization has converged.",403,"not evaluated"
"404","CoopBreed","Song.rep.final",0.00826378050111943,0.271176037583503,-427.033464120866,1.2218035337268,0.280425887365788,0.00414138832338911,-423.545764723644,1.22173474790524,3,"Optimization has converged.",404,"not evaluated"
"405","CoopBreed","Song.rep.final",0.56558103342437,0.271176037583503,-427.033464120866,1.2218035337268,0.275440126273252,0.172355532168618,-426.868397833268,1.1726805860051,3,"Optimization has converged.",405,"not evaluated"
"406","CoopBreed","Song.rep.final",0.0014009373085558,0.271176037583503,-427.033464120866,1.2218035337268,0.281825280554896,0.024012446861701,-421.931183576683,1.083016788971,3,"Optimization has converged.",406,"not evaluated"
"407","CoopBreed","Song.rep.final",0.117625503689417,0.271176037583503,-427.033464120866,1.2218035337268,0.282289520935645,0.0824644352146733,-425.80913585884,1.15917651729821,3,"Optimization has converged.",407,"not evaluated"
"408","CoopBreed","Song.rep.final",0.00364771454764378,0.271176037583503,-427.033464120866,1.2218035337268,0.282583877765363,2.7117603758342e-05,-422.807786334071,1.22179981634565,3,"Optimization has converged.",408,"not evaluated"
"409","CoopBreed","Song.rep.final",0.538383502679524,0.271176037583503,-427.033464120866,1.2218035337268,0.275518678421391,0.205857165687427,-426.844192128275,1.26112764877223,3,"Optimization has converged.",409,"not evaluated"
"410","CoopBreed","Song.rep.final",0.001602041198979,0.271176037583503,-427.033464120866,1.2218035337268,0.289996574368787,0.0164291361724203,-422.054763990037,0.933660267848896,3,"Optimization has converged.",410,"not evaluated"
"411","CoopBreed","Song.rep.final",0.110498015756221,0.271176037583503,-427.033464120866,1.2218035337268,0.279067162331113,0.0908317239456777,-425.759922044107,1.22154967077698,3,"Optimization has converged.",411,"not evaluated"
"412","CoopBreed","Song.rep.final",0.0829195703793012,0.271176037583503,-427.033464120866,1.2218035337268,0.277290999391962,0.0917453541120924,-425.530100654901,1.19280598334168,3,"Optimization has converged.",412,"not evaluated"
"413","CoopBreed","Song.rep.final",0.0014318343250885,0.271176037583503,-427.033464120866,1.2218035337268,0.283963698690388,2.7117603758342e-05,-421.951295853591,1.22179610843205,3,"Optimization has converged.",413,"not evaluated"
"414","CoopBreed","Song.rep.final",0.0137093745129307,0.271176037583503,-427.033464120866,1.2218035337268,0.278454348868859,2.7117603758342e-05,-423.995870352155,1.22180804210276,3,"Optimization has converged.",414,"not evaluated"
"415","CoopBreed","Song.rep.final",0.071797433908947,0.271176037583503,-427.033464120866,1.2218035337268,0.284904975613738,0.0510388439911823,-425.412743277238,1.03308378097571,3,"Optimization has converged.",415,"not evaluated"
"416","CoopBreed","Song.rep.final",0.347123574446933,0.271176037583503,-427.033464120866,1.2218035337268,0.278396532672241,0.0900409309112056,-426.591491853482,1.22170705377961,3,"Optimization has converged.",416,"not evaluated"
"417","CoopBreed","Song.rep.final",0.396634073048389,0.271176037583503,-427.033464120866,1.2218035337268,0.277883109007652,0.167150909879691,-426.674210614434,1.32117698754688,3,"Optimization has converged.",417,"not evaluated"
"418","CoopBreed","Song.rep.final",0.157343163714886,0.271176037583503,-427.033464120866,1.2218035337268,0.278582595926497,0.040286723428982,-426.033675871722,1.10576058521376,3,"Optimization has converged.",418,"not evaluated"
"419","CoopBreed","Song.rep.final",0.0685514836888784,0.271176037583503,-427.033464120866,1.2218035337268,0.277709691229562,0.0774106909965884,-425.37477999084,1.22173561867273,3,"Optimization has converged.",419,"not evaluated"
"420","CoopBreed","Song.rep.final",0.0032796227575247,0.271176037583503,-427.033464120866,1.2218035337268,0.280685820214423,2.7117603758342e-05,-422.710970057593,1.12245523212084,3,"Optimization has converged.",420,"not evaluated"
"421","CoopBreed","Song.rep.final",0.0861630369491248,0.271176037583503,-427.033464120866,1.2218035337268,0.285837773466025,0.149356791130497,-425.561145445146,1.50874075174302,3,"Optimization has converged.",421,"not evaluated"
"422","CoopBreed","Song.rep.final",0.0744703506984021,0.271176037583503,-427.033464120866,1.2218035337268,0.282285199732134,0.0729919768161273,-425.442648505269,1.09547285587659,3,"Optimization has converged.",422,"not evaluated"
"423","CoopBreed","Song.rep.final",0.869656145321583,0.271176037583503,-427.033464120866,1.2218035337268,0.272155892562378,0.249040471038025,-427.020000492045,1.2217897555983,3,"Optimization has converged.",423,"not evaluated"
"424","CoopBreed","Song.rep.final",0.00865938200640102,0.271176037583503,-427.033464120866,1.2218035337268,0.276600207718,2.7117603758342e-05,-423.587582591897,1.22173928578168,3,"Optimization has converged.",424,"not evaluated"
"425","CoopBreed","Song.rep.final",0.292699457924039,0.271176037583503,-427.033464120866,1.2218035337268,0.278724784039786,0.144879159151326,-426.47988256607,1.10133905834409,3,"Optimization has converged.",425,"not evaluated"
"426","CoopBreed","Song.rep.final",0.0428172844624665,0.271176037583503,-427.033464120866,1.2218035337268,0.28191131834942,0.0647168469697567,-424.982163401081,1.35237509224575,3,"Optimization has converged.",426,"not evaluated"
"427","CoopBreed","Song.rep.final",0.0136140698288983,0.271176037583503,-427.033464120866,1.2218035337268,0.288159054731014,0.0306177290433479,-423.989708355317,1.18102232611805,3,"Optimization has converged.",427,"not evaluated"
"428","CoopBreed","Song.rep.final",0.0157796576416783,0.271176037583503,-427.033464120866,1.2218035337268,0.275960468643016,2.7117603758342e-05,-424.119832748308,1.02610244821219,3,"Optimization has converged.",428,"not evaluated"
"429","CoopBreed","Song.rep.final",0.553887125987581,0.271176037583503,-427.033464120866,1.2218035337268,0.274781390767212,0.212100280715921,-426.858264420444,1.2216962655355,3,"Optimization has converged.",429,"not evaluated"
"430","CoopBreed","Song.rep.final",0.98541613653057,0.271176037583503,-427.033464120866,1.2218035337268,0.271330680240754,0.269029426771778,-427.033297056653,1.22180124971674,3,"Optimization has converged.",430,"not evaluated"
"431","CoopBreed","Song.rep.final",0.69010922158294,0.271176037583503,-427.033464120866,1.2218035337268,0.268842140024966,0.323394277665095,-426.953980545629,1.24864511278333,3,"Optimization has converged.",431,"not evaluated"
"432","CoopBreed","Song.rep.final",0.00858600613772409,0.271176037583503,-427.033464120866,1.2218035337268,0.28294573754974,0.0358868050908284,-423.57997590409,1.22194598670909,3,"Optimization has converged.",432,"not evaluated"
"433","CoopBreed","Song.rep.final",0.219008735713439,0.271176037583503,-427.033464120866,1.2218035337268,0.278117571964389,0.117141513021572,-426.278036845177,1.17169552857711,3,"Optimization has converged.",433,"not evaluated"
"434","CoopBreed","Song.rep.final",0.635170075074338,0.271176037583503,-427.033464120866,1.2218035337268,0.274493801247753,0.212322732881666,-426.920906750211,1.22193469786225,3,"Optimization has converged.",434,"not evaluated"
"435","CoopBreed","Song.rep.final",0.65229452183156,0.271176037583503,-427.033464120866,1.2218035337268,0.274366954362286,0.216690790334944,-426.931954351492,1.22187079891354,3,"Optimization has converged.",435,"not evaluated"
"436","CoopBreed","Song.rep.final",0.000189981506683648,0.271176037583503,-427.033464120866,1.2218035337268,0.284672113474101,0.0251603013913849,-420.069631303349,1.41154235892898,3,"Optimization has converged.",436,"not evaluated"
"437","CoopBreed","Song.rep.final",0.0193570358938077,0.271176037583503,-427.033464120866,1.2218035337268,0.281938725938808,0.0749208858349592,-424.298979367324,1.22175179986242,3,"Optimization has converged.",437,"not evaluated"
"438","CoopBreed","Song.rep.final",0.0339420123614201,0.271176037583503,-427.033464120866,1.2218035337268,0.288622982313802,0.0587898595454161,-424.784652831995,1.22192241354087,3,"Optimization has converged.",438,"not evaluated"
"439","CoopBreed","Song.rep.final",0.000114294926120758,0.271176037583503,-427.033464120866,1.2218035337268,0.285918272573228,0.00113759834068273,-419.591186384022,0.179022036044411,3,"Optimization has converged.",439,"not evaluated"
"440","CoopBreed","Song.rep.final",0.000127443117226873,0.271176037583503,-427.033464120866,1.2218035337268,0.284776079136046,0.0272003016181997,-419.69385051621,1.22197811570301,3,"Optimization has converged.",440,"not evaluated"
"441","CoopBreed","Song.rep.final",0.0260631914698548,0.271176037583503,-427.033464120866,1.2218035337268,0.287753910865128,0.0429819710100036,-424.557553267238,1.28824920751803,3,"Optimization has converged.",441,"not evaluated"
"442","CoopBreed","Song.rep.final",0.00350827982600052,0.271176037583503,-427.033464120866,1.2218035337268,0.279067443180475,2.7117603758342e-05,-422.772332659586,1.52265286023498,3,"Optimization has converged.",442,"not evaluated"
"443","CoopBreed","Song.rep.final",0.0133986811937282,0.271176037583503,-427.033464120866,1.2218035337268,0.284693717706107,0.0346275271893941,-423.97561722579,1.22171464318869,3,"Optimization has converged.",443,"not evaluated"
"444","CoopBreed","Song.rep.final",0.298910173697264,0.271176037583503,-427.033464120866,1.2218035337268,0.279705649307407,0.160108923820246,-426.49393911863,1.17753663801408,3,"Optimization has converged.",444,"not evaluated"
"445","CoopBreed","Song.rep.final",0.748036410054701,0.271176037583503,-427.033464120866,1.2218035337268,0.26921912904014,0.312385476872094,-426.981869896206,1.22181097277155,3,"Optimization has converged.",445,"not evaluated"
"446","CoopBreed","Song.rep.final",0.920522305789973,0.271176037583503,-427.033464120866,1.2218035337268,0.270593782541674,0.282289959341658,-427.028486513827,1.22180921591426,3,"Optimization has converged.",446,"not evaluated"
"447","CoopBreed","Song.rep.final",0.141069020523441,0.271176037583503,-427.033464120866,1.2218035337268,0.282172971955283,0.0544531265781591,-425.950334499411,1.4390558361218,3,"Optimization has converged.",447,"not evaluated"
"448","CoopBreed","Song.rep.final",0.0210622665694039,0.271176037583503,-427.033464120866,1.2218035337268,0.281006170295278,2.7117603758342e-05,-424.372647719445,1.22182134768151,3,"Optimization has converged.",448,"not evaluated"
"449","CoopBreed","Song.rep.final",0.959781220795146,0.271176037583503,-427.033464120866,1.2218035337268,0.27158816550789,0.265665108224459,-427.032192622744,1.22179670123344,3,"Optimization has converged.",449,"not evaluated"
"450","CoopBreed","Song.rep.final",0.00167114776682913,0.271176037583503,-427.033464120866,1.2218035337268,0.277571373661009,0.0100362130083501,-422.09362839875,1.2217226828293,3,"Optimization has converged.",450,"not evaluated"
"451","CoopBreed","Song.rep.final",0.00310288175231596,0.271176037583503,-427.033464120866,1.2218035337268,0.288404642339291,2.7117603758342e-05,-422.660482552594,1.39386305406372,3,"Optimization has converged.",451,"not evaluated"
"452","CoopBreed","Song.rep.final",0.448878655723173,0.271176037583503,-427.033464120866,1.2218035337268,0.277171607274457,0.183135691088793,-426.746723228652,1.22165863269757,3,"Optimization has converged.",452,"not evaluated"
"453","CoopBreed","Song.rep.final",0.740208111295651,0.271176037583503,-427.033464120866,1.2218035337268,0.273288880255221,0.236624417680776,-426.978492213635,1.22170304066845,3,"Optimization has converged.",453,"not evaluated"
"454","CoopBreed","Song.rep.final",0.00482127426381325,0.271176037583503,-427.033464120866,1.2218035337268,0.281100771064894,2.7117603758342e-05,-423.060820081853,1.22179823753837,3,"Optimization has converged.",454,"not evaluated"
"455","CoopBreed","Song.rep.final",0.0130466655818404,0.271176037583503,-427.033464120866,1.2218035337268,0.283332344564568,0.0586307804523273,-423.952078540301,1.22168095763487,3,"Optimization has converged.",455,"not evaluated"
"456","CoopBreed","Song.rep.final",0.00880804835249352,0.271176037583503,-427.033464120866,1.2218035337268,0.292359244406689,0.0753703210320832,-423.602794246187,1.26306267268487,3,"Optimization has converged.",456,"not evaluated"
"457","CoopBreed","Song.rep.final",0.0691020307050795,0.271176037583503,-427.033464120866,1.2218035337268,0.281297281148946,0.0459835144831611,-425.38135277187,1.22170339604376,3,"Optimization has converged.",457,"not evaluated"
"458","CoopBreed","Song.rep.final",0.0233004300405611,0.271176037583503,-427.033464120866,1.2218035337268,0.279407536361091,0.0543477080325338,-424.460480630998,1.2417220654982,3,"Optimization has converged.",458,"not evaluated"
"459","CoopBreed","Song.rep.final",0.718557991513323,0.271176037583503,-427.033464120866,1.2218035337268,0.27337786125806,0.230906683810767,-426.968524843871,1.22169690763857,3,"Optimization has converged.",459,"not evaluated"
"460","CoopBreed","Song.rep.final",0.00968156995665559,0.271176037583503,-427.033464120866,1.2218035337268,0.294520938646622,0.0349740204019602,-423.687180609678,0.623797720891167,3,"Optimization has converged.",460,"not evaluated"
"461","CoopBreed","Song.rep.final",0.00625624087983881,0.271176037583503,-427.033464120866,1.2218035337268,0.280208796929849,0.0143730677970123,-423.2959762576,1.22178884147679,3,"Optimization has converged.",461,"not evaluated"
"462","CoopBreed","Song.rep.final",0.201152793277521,0.271176037583503,-427.033464120866,1.2218035337268,0.280771454440655,0.148187474851052,-426.216471770988,1.30231978693575,3,"Optimization has converged.",462,"not evaluated"
"463","CoopBreed","Song.rep.final",0.0781263502789141,0.271176037583503,-427.033464120866,1.2218035337268,0.282425812312739,0.0350368030187733,-425.481736874225,1.22169062629191,3,"Optimization has converged.",463,"not evaluated"
"464","CoopBreed","Song.rep.final",0.311967098127917,0.271176037583503,-427.033464120866,1.2218035337268,0.277374345088252,0.133178077977712,-426.52229940535,1.22206343380205,3,"Optimization has converged.",464,"not evaluated"
"465","CoopBreed","Song.rep.final",0.0020633409028552,0.271176037583503,-427.033464120866,1.2218035337268,0.283005119080446,2.7117603758342e-05,-422.287305635798,0.762533864443598,3,"Optimization has converged.",465,"not evaluated"
"466","CoopBreed","Song.rep.final",0.074050638255668,0.271176037583503,-427.033464120866,1.2218035337268,0.283297337204704,0.0662703334371518,-425.438029628324,1.25150207664262,3,"Optimization has converged.",466,"not evaluated"
"467","CoopBreed","Song.rep.final",0.001715866090978,0.271176037583503,-427.033464120866,1.2218035337268,0.278132220518721,2.7117603758342e-05,-422.117918971538,1.03682868656045,3,"Optimization has converged.",467,"not evaluated"
"468","CoopBreed","Song.rep.final",0.0219980819806016,0.271176037583503,-427.033464120866,1.2218035337268,0.28228744973554,0.0103994067355053,-424.410495764667,1.07406503655429,3,"Optimization has converged.",468,"not evaluated"
"469","CoopBreed","Song.rep.final",0.651171084348727,0.271176037583503,-427.033464120866,1.2218035337268,0.268339870748583,0.334381723496273,-426.93125068595,1.25748292204837,3,"Optimization has converged.",469,"not evaluated"
"470","CoopBreed","Song.rep.final",0.20026145548984,0.271176037583503,-427.033464120866,1.2218035337268,0.281562482073319,0.164962959435408,-426.213230801582,1.22173661417762,3,"Optimization has converged.",470,"not evaluated"
"471","CoopBreed","Song.rep.final",0.00458918949020122,0.271176037583503,-427.033464120866,1.2218035337268,0.284607765030217,2.7117603758342e-05,-423.016159216451,1.22216842500354,3,"Optimization has converged.",471,"not evaluated"
"472","CoopBreed","Song.rep.final",0.00639277010442759,0.271176037583503,-427.033464120866,1.2218035337268,0.294997871714132,2.71176037583503e-05,-423.315406020075,0.0015372827663536,3,"Optimization has converged.",472,"not evaluated"
"473","CoopBreed","Song.rep.final",0.00638836427941939,0.271176037583503,-427.033464120866,1.2218035337268,0.283230496520975,0.0289889173660373,-423.31478565806,1.07842425615326,3,"Optimization has converged.",473,"not evaluated"
"474","CoopBreed","Song.rep.final",0.00699085940220849,0.271176037583503,-427.033464120866,1.2218035337268,0.279774835071488,0.0465293285417362,-423.395806130988,1.22175949339072,3,"Optimization has converged.",474,"not evaluated"
"475","CoopBreed","Song.rep.final",0.363419885990886,0.271176037583503,-427.033464120866,1.2218035337268,0.278294871479408,0.157245799224972,-426.620443736189,1.12786450620836,3,"Optimization has converged.",475,"not evaluated"
"476","CoopBreed","Song.rep.final",0.790604201924259,0.271176037583503,-427.033464120866,1.2218035337268,0.269705036075308,0.309515418581867,-426.998212064458,1.22179685856485,3,"Optimization has converged.",476,"not evaluated"
"477","CoopBreed","Song.rep.final",0.00133748905592221,0.271176037583503,-427.033464120866,1.2218035337268,0.283254404449576,0.034288077970025,-421.888435259049,1.22192427075627,3,"Optimization has converged.",477,"not evaluated"
"478","CoopBreed","Song.rep.final",0.131426707283725,0.271176037583503,-427.033464120866,1.2218035337268,0.280868889983863,0.107616233292084,-425.895678589296,1.13440153575287,3,"Optimization has converged.",478,"not evaluated"
"479","CoopBreed","Song.rep.final",0.0382114439781046,0.271176037583503,-427.033464120866,1.2218035337268,0.288003468044259,0.0366400663731254,-424.88567152869,1.17690526840059,3,"Optimization has converged.",479,"not evaluated"
"480","CoopBreed","Song.rep.final",0.001737160415066,0.271176037583503,-427.033464120866,1.2218035337268,0.286138986497139,0.0392036915273519,-422.129261301374,1.76978502623809,3,"Optimization has converged.",480,"not evaluated"
"481","CoopBreed","Song.rep.final",0.0548417291001569,0.271176037583503,-427.033464120866,1.2218035337268,0.282194605155223,2.71176037583503e-05,-425.190018288594,0.845472514038821,3,"Optimization has converged.",481,"not evaluated"
"482","CoopBreed","Song.rep.final",0.00239460265990551,0.271176037583503,-427.033464120866,1.2218035337268,0.291007003602712,0.0326570228328127,-422.423749804587,1.3584888204613,3,"Optimization has converged.",482,"not evaluated"
"483","CoopBreed","Song.rep.final",0.00673266830286717,0.271176037583503,-427.033464120866,1.2218035337268,0.294466446477559,0.0802047067752625,-423.36199471892,1.51889544552624,3,"Optimization has converged.",483,"not evaluated"
"484","CoopBreed","Song.rep.final",0.0134309932444741,0.271176037583503,-427.033464120866,1.2218035337268,0.279985150826,0.00751110139885668,-423.977745930426,0.417793625636503,3,"Optimization has converged.",484,"not evaluated"
"485","CoopBreed","Song.rep.final",0.49349769176539,0.271176037583503,-427.033464120866,1.2218035337268,0.276132768030365,0.201960733322608,-426.799018499905,1.14739624357289,3,"Optimization has converged.",485,"not evaluated"
"486","CoopBreed","Song.rep.final",0.049463946703632,0.271176037583503,-427.033464120866,1.2218035337268,0.279014975696028,0.040787248814071,-425.103695116103,1.12865098145272,3,"Optimization has converged.",486,"not evaluated"
"487","CoopBreed","Song.rep.final",0.0640219587959747,0.271176037583503,-427.033464120866,1.2218035337268,0.288858533778093,0.0738398108302765,-425.318462283068,1.13036634895611,3,"Optimization has converged.",487,"not evaluated"
"488","CoopBreed","Song.rep.final",0.315126671046179,0.271176037583503,-427.033464120866,1.2218035337268,0.277560453721379,0.0981539924229405,-426.528931059437,1.22073184885547,3,"Optimization has converged.",488,"not evaluated"
"489","CoopBreed","Song.rep.final",0.000282169133553386,0.271176037583503,-427.033464120866,1.2218035337268,0.293914808163818,0.0301141051257707,-420.440865563405,1.49061032685749,3,"Optimization has converged.",489,"not evaluated"
"490","CoopBreed","Song.rep.final",0.177870675967186,0.271176037583503,-427.033464120866,1.2218035337268,0.283049701371995,0.0974340970236824,-426.125801252313,1.22124096681819,3,"Optimization has converged.",490,"not evaluated"
"491","CoopBreed","Song.rep.final",0.393254940768035,0.271176037583503,-427.033464120866,1.2218035337268,0.277789070242465,0.166797610262619,-426.6690371774,1.15648793770117,3,"Optimization has converged.",491,"not evaluated"
"492","CoopBreed","Song.rep.final",0.016674193686025,0.271176037583503,-427.033464120866,1.2218035337268,0.283675811939481,0.0213757814945389,-424.168290943586,1.12264636775792,3,"Optimization has converged.",492,"not evaluated"
"493","CoopBreed","Song.rep.final",0.00263228295103187,0.271176037583503,-427.033464120866,1.2218035337268,0.277083133210502,2.7117603758342e-05,-422.510318651615,1.22181792286208,3,"Optimization has converged.",493,"not evaluated"
"494","CoopBreed","Song.rep.final",0.00704232207765917,0.271176037583503,-427.033464120866,1.2218035337268,0.2789987910607,2.7117603758342e-05,-423.402392787555,1.12516144925891,3,"Optimization has converged.",494,"not evaluated"
"495","CoopBreed","Song.rep.final",0.0932180815387337,0.271176037583503,-427.033464120866,1.2218035337268,0.2793135529073,0.112884312162622,-425.624512320248,1.22172625833737,3,"Optimization has converged.",495,"not evaluated"
"496","CoopBreed","Song.rep.final",0.120907869059369,0.271176037583503,-427.033464120866,1.2218035337268,0.278928616178075,0.108629147827283,-425.830703649954,1.22147396220228,3,"Optimization has converged.",496,"not evaluated"
"497","CoopBreed","Song.rep.final",0.0308159156194548,0.271176037583503,-427.033464120866,1.2218035337268,0.281056409279752,2.7117603758342e-05,-424.701869890444,1.22179616685503,3,"Optimization has converged.",497,"not evaluated"
"498","CoopBreed","Song.rep.final",0.0634637842730061,0.271176037583503,-427.033464120866,1.2218035337268,0.2855643549099,0.0912740479636904,-425.311229267598,1.4529898651226,3,"Optimization has converged.",498,"not evaluated"
"499","CoopBreed","Song.rep.final",0.00553039592533339,0.271176037583503,-427.033464120866,1.2218035337268,0.281306136393023,2.7117603758342e-05,-423.184821757292,1.45319254165034,3,"Optimization has converged.",499,"not evaluated"
"500","CoopBreed","Song.rep.final",0.00213834870622616,0.271176037583503,-427.033464120866,1.2218035337268,0.280062141475236,0.0247484074117423,-422.320054555644,1.22178767824998,3,"Optimization has converged.",500,"not evaluated"
