"","DiscreteTrait","ContinuousTrait","Pval","ERRate","ERloglik","ERace","ARDRate0","ARDRate1","ARDloglik","ARDace","k2","convergence","simmapnumber","phylanovaP"
"1","CoopBreed","Syll.song.max",0.000111639040658718,0.12660507052173,-289.984927050459,1.2663103954483,0.0864490699108046,2.95190137751344,-282.52047214171,1.2938882120909,3,"Optimization has converged.",1,"not evaluated"
"2","CoopBreed","Syll.song.max",1.5889036040399e-08,0.12660507052173,-289.984927050459,1.2663103954483,0.0788906560638641,1.98563719215565,-274.014203065888,1.26631293078917,3,"Optimization has converged.",2,"not evaluated"
"3","CoopBreed","Syll.song.max",7.9693272410263e-09,0.12660507052173,-289.984927050459,1.2663103954483,0.0851113860571288,1.002275829472,-273.343636309271,1.26587843832041,3,"Optimization has converged.",3,"not evaluated"
"4","CoopBreed","Syll.song.max",1.02693907417745e-12,0.12660507052173,-289.984927050459,1.2663103954483,0.0800657527229333,1.1664736598905,-264.588950805083,1.30356595849177,3,"Optimization has converged.",4,"not evaluated"
"5","CoopBreed","Syll.song.max",2.04596891809499e-09,0.12660507052173,-289.984927050459,1.2663103954483,0.0804122792488202,1.24854109144091,-272.020221330785,1.26658742717368,3,"Optimization has converged.",5,"not evaluated"
"6","CoopBreed","Syll.song.max",1.52148445707203e-07,0.12660507052173,-289.984927050459,1.2663103954483,0.0862409549223141,1.26141476288975,-276.20399005231,1.47811776647709,3,"Optimization has converged.",6,"not evaluated"
"7","CoopBreed","Syll.song.max",1.63644084836842e-11,0.12660507052173,-289.984927050459,1.2663103954483,0.0831080588658104,0.997660090114122,-267.303105469244,1.2666919959661,3,"Optimization has converged.",7,"not evaluated"
"8","CoopBreed","Syll.song.max",0.917734618078669,0.12660507052173,-289.984927050459,1.2663103954483,0.12754828975664,0.113814343432012,-289.97959287346,1.26641457047327,3,"Optimization has converged.",8,"not evaluated"
"9","CoopBreed","Syll.song.max",1.19510728016009e-07,0.12660507052173,-289.984927050459,1.2663103954483,0.0859830126888996,1.37077924914714,-275.970424992419,1.26651969520745,3,"Optimization has converged.",9,"not evaluated"
"10","CoopBreed","Syll.song.max",4.91720711960318e-11,0.12660507052173,-289.984927050459,1.2663103954483,0.0806239596144832,1.1950414474245,-268.37999330088,1.44328852377508,3,"Optimization has converged.",10,"not evaluated"
"11","CoopBreed","Syll.song.max",3.08430668148570e-09,0.12660507052173,-289.984927050459,1.2663103954483,0.0850539467825707,1.27037077982923,-272.419983813313,1.43565498186461,3,"Optimization has converged.",11,"not evaluated"
"12","CoopBreed","Syll.song.max",5.0563659389977e-12,0.12660507052173,-289.984927050459,1.2663103954483,0.0828743367621635,0.628133603344619,-266.152422959962,1.26653254082623,3,"Optimization has converged.",12,"not evaluated"
"13","CoopBreed","Syll.song.max",1.89511859941433e-10,0.12660507052173,-289.984927050459,1.2663103954483,0.0844677281971502,1.41350650306437,-269.69897363067,1.26683281831641,3,"Optimization has converged.",13,"not evaluated"
"14","CoopBreed","Syll.song.max",1.29883527661011e-10,0.12660507052173,-289.984927050459,1.2663103954483,0.079117602408342,1.71372817638163,-269.32978328362,1.31653098151824,3,"Optimization has converged.",14,"not evaluated"
"15","CoopBreed","Syll.song.max",0.000207275160298865,0.12660507052173,-289.984927050459,1.2663103954483,0.083061406488847,1.82472438194665,-283.102949161889,1.26650586058687,3,"Optimization has converged.",15,"not evaluated"
"16","CoopBreed","Syll.song.max",1.87342235601533e-10,0.12660507052173,-289.984927050459,1.2663103954483,0.0845153488016584,1.05922643298762,-269.687724073496,1.26622853058063,3,"Optimization has converged.",16,"not evaluated"
"17","CoopBreed","Syll.song.max",6.73752936006751e-11,0.12660507052173,-289.984927050459,1.2663103954483,0.0819604065192862,0.940303625943072,-268.688066175929,1.2416545191732,3,"Optimization has converged.",17,"not evaluated"
"18","CoopBreed","Syll.song.max",4.42189925097622e-10,0.12660507052173,-289.984927050459,1.2663103954483,0.0853682814543813,0.614747197264466,-270.526376558931,1.40518140576502,3,"Optimization has converged.",18,"not evaluated"
"19","CoopBreed","Syll.song.max",1.23649817404245e-10,0.12660507052173,-289.984927050459,1.2663103954483,0.0832238942973897,0.730775282136216,-269.281710629752,1.26643074082015,3,"Optimization has converged.",19,"not evaluated"
"20","CoopBreed","Syll.song.max",2.31479109688972e-09,0.12660507052173,-289.984927050459,1.2663103954483,0.0849229033610696,0.84330958262738,-272.140476742648,1.26579261960191,3,"Optimization has converged.",20,"not evaluated"
"21","CoopBreed","Syll.song.max",7.34216601850736e-12,0.12660507052173,-289.984927050459,1.2663103954483,0.0833130868392747,0.584077455318849,-266.517976953049,1.28528576179288,3,"Optimization has converged.",21,"not evaluated"
"22","CoopBreed","Syll.song.max",0.535981075973976,0.12660507052173,-289.984927050459,1.2663103954483,0.128841408497084,0.0937440491322879,-289.793407353351,1.26639093412042,3,"Optimization has converged.",22,"not evaluated"
"23","CoopBreed","Syll.song.max",4.13006156085573e-05,0.12660507052173,-289.984927050459,1.2663103954483,0.0877307649976606,2.03327880225314,-281.579596320373,0.877495601304997,3,"Optimization has converged.",23,"not evaluated"
"24","CoopBreed","Syll.song.max",0.389586402134138,0.12660507052173,-289.984927050459,1.2663103954483,0.122113244484162,0.228748306139517,-289.614810787775,1.26597878306399,3,"Optimization has converged.",24,"not evaluated"
"25","CoopBreed","Syll.song.max",2.57273561633308e-08,0.12660507052173,-289.984927050459,1.2663103954483,0.0845125725331391,1.38132459891962,-274.482083808091,1.26644419032521,3,"Optimization has converged.",25,"not evaluated"
"26","CoopBreed","Syll.song.max",1.63351910237236e-08,0.12660507052173,-289.984927050459,1.2663103954483,0.0845689862005372,1.70490452911426,-274.041098780274,1.26634874782219,3,"Optimization has converged.",26,"not evaluated"
"27","CoopBreed","Syll.song.max",3.87687115874149e-07,0.12660507052173,-289.984927050459,1.2663103954483,0.0845895197075536,4.3259837375109,-277.107590372751,1.37239555327821,3,"Optimization has converged.",27,"not evaluated"
"28","CoopBreed","Syll.song.max",3.00118601548457e-07,0.12660507052173,-289.984927050459,1.2663103954483,0.0855571723616077,1.9597490118156,-276.860454131037,1.26651514209819,3,"Optimization has converged.",28,"not evaluated"
"29","CoopBreed","Syll.song.max",1.15569080049803e-10,0.12660507052173,-289.984927050459,1.2663103954483,0.0829494216763777,0.692529902308757,-269.215649541338,1.2669727200548,3,"Optimization has converged.",29,"not evaluated"
"30","CoopBreed","Syll.song.max",1.82522648292042e-11,0.12660507052173,-289.984927050459,1.2663103954483,0.0822919938624073,0.670002352639845,-267.410017951517,1.26609581810972,3,"Optimization has converged.",30,"not evaluated"
"31","CoopBreed","Syll.song.max",1.15523471120336e-11,0.12660507052173,-289.984927050459,1.2663103954483,0.0838498327071611,0.883395835989354,-266.962051943943,1.3182853437354,3,"Optimization has converged.",31,"not evaluated"
"32","CoopBreed","Syll.song.max",8.02156508748724e-11,0.12660507052173,-289.984927050459,1.2663103954483,0.0842256795615543,0.901886753063229,-268.858655703151,1.3662407544039,3,"Optimization has converged.",32,"not evaluated"
"33","CoopBreed","Syll.song.max",1.69033263603338e-09,0.12660507052173,-289.984927050459,1.2663103954483,0.0846143164924791,0.964413755639882,-271.834174438583,1.30695522575886,3,"Optimization has converged.",33,"not evaluated"
"34","CoopBreed","Syll.song.max",1.40873751964451e-11,0.12660507052173,-289.984927050459,1.2663103954483,0.0830085851389713,0.719630394379372,-267.156371691696,1.30947942330888,3,"Optimization has converged.",34,"not evaluated"
"35","CoopBreed","Syll.song.max",6.99987524004682e-07,0.12660507052173,-289.984927050459,1.2663103954483,0.0853935664231869,2.95011218269113,-277.677345247606,1.31956599759965,3,"Optimization has converged.",35,"not evaluated"
"36","CoopBreed","Syll.song.max",1.05619546940134e-07,0.12660507052173,-289.984927050459,1.2663103954483,0.0858550112458748,1.4443916159954,-275.850851402325,1.26654494909981,3,"Optimization has converged.",36,"not evaluated"
"37","CoopBreed","Syll.song.max",0.000152610887923098,0.12660507052173,-289.984927050459,1.2663103954483,0.0903868505793642,1.48987383869311,-282.815068148216,1.26577129534917,3,"Optimization has converged.",37,"not evaluated"
"38","CoopBreed","Syll.song.max",1.85368034153994e-12,0.12660507052173,-289.984927050459,1.2663103954483,0.0823207717841346,0.827391521911571,-265.168420020501,1.28424489868279,3,"Optimization has converged.",38,"not evaluated"
"39","CoopBreed","Syll.song.max",3.36132229141385e-12,0.12660507052173,-289.984927050459,1.2663103954483,0.083131188379119,1.00306542198459,-265.75212264823,1.29799551155781,3,"Optimization has converged.",39,"not evaluated"
"40","CoopBreed","Syll.song.max",4.7673096258284e-10,0.12660507052173,-289.984927050459,1.2663103954483,0.0839725506830079,0.723953409671527,-270.599786222737,1.29901051037365,3,"Optimization has converged.",40,"not evaluated"
"41","CoopBreed","Syll.song.max",1.43211913555478e-11,0.12660507052173,-289.984927050459,1.2663103954483,0.0836447949841554,1.06093056780758,-267.172493799346,1.43641915993905,3,"Optimization has converged.",41,"not evaluated"
"42","CoopBreed","Syll.song.max",7.5592330169728e-09,0.12660507052173,-289.984927050459,1.2663103954483,0.0843667877747053,1.28928385803798,-273.292266033009,1.32737358279788,3,"Optimization has converged.",42,"not evaluated"
"43","CoopBreed","Syll.song.max",2.71456572569374e-10,0.12660507052173,-289.984927050459,1.2663103954483,0.0830050517496591,1.2523179143218,-270.049985003744,1.28617210370442,3,"Optimization has converged.",43,"not evaluated"
"44","CoopBreed","Syll.song.max",2.46841557114883e-11,0.12660507052173,-289.984927050459,1.2663103954483,0.0842331450997936,0.60518928243729,-267.705566706648,1.26669746979256,3,"Optimization has converged.",44,"not evaluated"
"45","CoopBreed","Syll.song.max",0.0768242156405503,0.12660507052173,-289.984927050459,1.2663103954483,0.133078875639575,0.052953786083919,-288.419507781849,1.25190260777907,3,"Optimization has converged.",45,"not evaluated"
"46","CoopBreed","Syll.song.max",4.75491599185521e-11,0.12660507052173,-289.984927050459,1.2663103954483,0.0795157859884457,0.965464916405505,-268.347159284595,1.26622829746825,3,"Optimization has converged.",46,"not evaluated"
"47","CoopBreed","Syll.song.max",8.33524857585133e-07,0.12660507052173,-289.984927050459,1.2663103954483,0.0868655371242786,1.47944915256697,-277.845539402285,1.2663925595943,3,"Optimization has converged.",47,"not evaluated"
"48","CoopBreed","Syll.song.max",3.65529192983727e-05,0.12660507052173,-289.984927050459,1.2663103954483,0.0917853139665726,0.429727255395279,-281.463689046558,1.26616508560901,3,"Optimization has converged.",48,"not evaluated"
"49","CoopBreed","Syll.song.max",9.03705689929412e-11,0.12660507052173,-289.984927050459,1.2663103954483,0.0839996300986281,0.955988851179436,-268.975207574852,1.32541676308684,3,"Optimization has converged.",49,"not evaluated"
"50","CoopBreed","Syll.song.max",3.24371263030412e-11,0.12660507052173,-289.984927050459,1.2663103954483,0.0831385574965822,1.15614918659067,-267.972918561368,1.51128220114555,3,"Optimization has converged.",50,"not evaluated"
"51","CoopBreed","Syll.song.max",3.86695745544633e-12,0.12660507052173,-289.984927050459,1.2663103954483,0.0817670584501923,0.680864553506175,-265.889520252926,1.4299840610552,3,"Optimization has converged.",51,"not evaluated"
"52","CoopBreed","Syll.song.max",4.74530483997594e-08,0.12660507052173,-289.984927050459,1.2663103954483,0.0861133622826797,1.22796109964873,-275.075855719473,1.1747853663924,3,"Optimization has converged.",52,"not evaluated"
"53","CoopBreed","Syll.song.max",2.86708853363572e-08,0.12660507052173,-289.984927050459,1.2663103954483,0.0853720982320551,1.34004799904433,-274.587200458635,1.30691685287034,3,"Optimization has converged.",53,"not evaluated"
"54","CoopBreed","Syll.song.max",6.23727645262653e-10,0.12660507052173,-289.984927050459,1.2663103954483,0.0840795784115898,0.828640921235086,-270.862051877215,1.49646786194825,3,"Optimization has converged.",54,"not evaluated"
"55","CoopBreed","Syll.song.max",7.15638923866914e-12,0.12660507052173,-289.984927050459,1.2663103954483,0.0799647881181355,0.641935103095352,-266.492862752692,1.26613779600336,3,"Optimization has converged.",55,"not evaluated"
"56","CoopBreed","Syll.song.max",3.81653301578845e-11,0.12660507052173,-289.984927050459,1.2663103954483,0.0842871850793302,0.569289014191907,-268.132063543658,1.44972943178623,3,"Optimization has converged.",56,"not evaluated"
"57","CoopBreed","Syll.song.max",5.04014708566013e-06,0.12660507052173,-289.984927050459,1.2663103954483,0.0876662466298734,1.4809824375352,-279.573942148128,1.26615530358073,3,"Optimization has converged.",57,"not evaluated"
"58","CoopBreed","Syll.song.max",1.35678957746089e-11,0.12660507052173,-289.984927050459,1.2663103954483,0.0837865000291297,0.597784383054225,-267.11957249818,1.14020286741091,3,"Optimization has converged.",58,"not evaluated"
"59","CoopBreed","Syll.song.max",1.35269019474045e-07,0.12660507052173,-289.984927050459,1.2663103954483,0.0851747658425674,1.52220177640742,-276.090254404019,1.26650055459473,3,"Optimization has converged.",59,"not evaluated"
"60","CoopBreed","Syll.song.max",8.82494733174519e-13,0.12660507052173,-289.984927050459,1.2663103954483,0.078356289764228,0.802407289797834,-264.440181400775,1.38684267592972,3,"Optimization has converged.",60,"not evaluated"
"61","CoopBreed","Syll.song.max",7.61640663124952e-11,0.12660507052173,-289.984927050459,1.2663103954483,0.0837754570962159,1.30831438356243,-268.807973989598,1.266208452242,3,"Optimization has converged.",61,"not evaluated"
"62","CoopBreed","Syll.song.max",0.166412280913203,0.12660507052173,-289.984927050459,1.2663103954483,0.131711575060704,0.0491828474050685,-289.027442296134,1.2663008844444,3,"Optimization has converged.",62,"not evaluated"
"63","CoopBreed","Syll.song.max",6.4260064104343e-06,0.12660507052173,-289.984927050459,1.2663103954483,0.0815853469046677,4.5907633094078,-279.806463846833,1.2971429839707,3,"Optimization has converged.",63,"not evaluated"
"64","CoopBreed","Syll.song.max",0.0420176378017367,0.12660507052173,-289.984927050459,1.2663103954483,0.135229948598994,0.00109833722498862,-287.917680259958,1.26625716397977,3,"Optimization may not have converged.  Consider increasing maxit.",64,"not evaluated"
"65","CoopBreed","Syll.song.max",4.12230524063507e-10,0.12660507052173,-289.984927050459,1.2663103954483,0.0837791456458231,0.853833061716311,-270.457896021629,1.26709301652277,3,"Optimization has converged.",65,"not evaluated"
"66","CoopBreed","Syll.song.max",1.11698300368032e-12,0.12660507052173,-289.984927050459,1.2663103954483,0.0797096703491716,0.719158989703293,-264.671431573496,1.37999897967401,3,"Optimization has converged.",66,"not evaluated"
"67","CoopBreed","Syll.song.max",9.79450511083911e-08,0.12660507052173,-289.984927050459,1.2663103954483,0.0869529746788342,0.817722671324776,-275.777834831433,1.12103077620934,3,"Optimization has converged.",67,"not evaluated"
"68","CoopBreed","Syll.song.max",2.59072825456878e-10,0.12660507052173,-289.984927050459,1.2663103954483,0.0851253267098736,1.15711091043954,-270.004383334349,1.29081029849438,3,"Optimization has converged.",68,"not evaluated"
"69","CoopBreed","Syll.song.max",0.000917740918729486,0.12660507052173,-289.984927050459,1.2663103954483,0.0876349676537023,2.62180913808229,-284.491637893684,1.36060082479843,3,"Optimization has converged.",69,"not evaluated"
"70","CoopBreed","Syll.song.max",1.46849079838906e-11,0.12660507052173,-289.984927050459,1.2663103954483,0.0831990035028614,0.875450878759577,-267.197056477242,1.32031289066739,3,"Optimization has converged.",70,"not evaluated"
"71","CoopBreed","Syll.song.max",6.15662383979391e-07,0.12660507052173,-289.984927050459,1.2663103954483,0.0874525350266774,0.786157124883603,-277.55364142844,1.26628212652807,3,"Optimization has converged.",71,"not evaluated"
"72","CoopBreed","Syll.song.max",3.42735765187665e-09,0.12660507052173,-289.984927050459,1.2663103954483,0.0845912594028158,1.79821790792776,-272.522662601559,1.26848371513505,3,"Optimization has converged.",72,"not evaluated"
"73","CoopBreed","Syll.song.max",2.36003142031588e-11,0.12660507052173,-289.984927050459,1.2663103954483,0.0832760724157166,1.07403078837672,-267.661610746695,1.32935119982889,3,"Optimization has converged.",73,"not evaluated"
"74","CoopBreed","Syll.song.max",9.82896722800903e-09,0.12660507052173,-289.984927050459,1.2663103954483,0.0843705853667815,2.14447003932839,-273.547532292666,1.28973774273391,3,"Optimization has converged.",74,"not evaluated"
"75","CoopBreed","Syll.song.max",3.08094493587096e-07,0.12660507052173,-289.984927050459,1.2663103954483,0.0848933629410135,2.81768449475358,-276.885779732542,1.30871023013199,3,"Optimization has converged.",75,"not evaluated"
"76","CoopBreed","Syll.song.max",0.000123148821196228,0.12660507052173,-289.984927050459,1.2663103954483,0.0860530015117778,4.19249669259134,-282.613004052715,1.31893420763066,3,"Optimization has converged.",76,"not evaluated"
"77","CoopBreed","Syll.song.max",4.35785477265329e-09,0.12660507052173,-289.984927050459,1.2663103954483,0.0856437625082117,0.827599411931193,-272.756455473553,1.26637160220649,3,"Optimization has converged.",77,"not evaluated"
"78","CoopBreed","Syll.song.max",5.80933389423286e-06,0.12660507052173,-289.984927050459,1.2663103954483,0.0897637382514694,0.695348725254564,-279.709919598271,1.37958619371687,3,"Optimization has converged.",78,"not evaluated"
"79","CoopBreed","Syll.song.max",1.62861392003491e-09,0.12660507052173,-289.984927050459,1.2663103954483,0.0846557911569534,1.10832180402605,-271.797927329447,1.26629722690184,3,"Optimization has converged.",79,"not evaluated"
"80","CoopBreed","Syll.song.max",1.61321058015644e-11,0.12660507052173,-289.984927050459,1.2663103954483,0.0839282551097442,0.833916331418866,-267.289104384768,1.20224107037837,3,"Optimization has converged.",80,"not evaluated"
"81","CoopBreed","Syll.song.max",2.17458964825535e-10,0.12660507052173,-289.984927050459,1.2663103954483,0.0839602606581773,1.16664950415737,-269.833356037532,1.318412243605,3,"Optimization has converged.",81,"not evaluated"
"82","CoopBreed","Syll.song.max",8.64545905352197e-10,0.12660507052173,-289.984927050459,1.2663103954483,0.0843687444531576,0.852460021845559,-271.180538607815,1.26635465699321,3,"Optimization has converged.",82,"not evaluated"
"83","CoopBreed","Syll.song.max",9.37397606930865e-10,0.12660507052173,-289.984927050459,1.2663103954483,0.0819913615679316,1.46064382597823,-271.259438876286,1.26639821427823,3,"Optimization has converged.",83,"not evaluated"
"84","CoopBreed","Syll.song.max",1.2974710946352e-07,0.12660507052173,-289.984927050459,1.2663103954483,0.0864842157778588,0.768938298516053,-276.049935719851,1.2664515431675,3,"Optimization has converged.",84,"not evaluated"
"85","CoopBreed","Syll.song.max",5.26205410390986e-10,0.12660507052173,-289.984927050459,1.2663103954483,0.0843451577114938,0.906432642733626,-270.696148664884,1.42074222840111,3,"Optimization has converged.",85,"not evaluated"
"86","CoopBreed","Syll.song.max",6.82463548845236e-08,0.12660507052173,-289.984927050459,1.2663103954483,0.0854050412919529,1.33869112053142,-275.427987960523,1.29566453851395,3,"Optimization has converged.",86,"not evaluated"
"87","CoopBreed","Syll.song.max",2.07133895704304e-12,0.12660507052173,-289.984927050459,1.2663103954483,0.0825507767503573,0.664612468201148,-265.277324174161,1.33200989129527,3,"Optimization has converged.",87,"not evaluated"
"88","CoopBreed","Syll.song.max",2.92114369117989e-10,0.12660507052173,-289.984927050459,1.2663103954483,0.0840766169679527,0.891628400181935,-270.121609339726,1.26667389056329,3,"Optimization has converged.",88,"not evaluated"
"89","CoopBreed","Syll.song.max",1.99069394930426e-08,0.12660507052173,-289.984927050459,1.2663103954483,0.0885604980027328,0.683396195065084,-274.233119993696,1.05943365641836,3,"Optimization has converged.",89,"not evaluated"
"90","CoopBreed","Syll.song.max",2.74661507572033e-09,0.12660507052173,-289.984927050459,1.2663103954483,0.0857952684983544,0.475092769329163,-272.307069766675,1.02953986944807,3,"Optimization has converged.",90,"not evaluated"
"91","CoopBreed","Syll.song.max",0.00258230914998106,0.12660507052173,-289.984927050459,1.2663103954483,0.0881851347776538,2.53720457758912,-285.444257580691,1.33178839421994,3,"Optimization has converged.",91,"not evaluated"
"92","CoopBreed","Syll.song.max",1.83045336965461e-12,0.12660507052173,-289.984927050459,1.2663103954483,0.0821825598590117,1.68931774941056,-265.156050663655,1.33021796581316,3,"Optimization has converged.",92,"not evaluated"
"93","CoopBreed","Syll.song.max",0.00015729675162763,0.12660507052173,-289.984927050459,1.2663103954483,0.0892430631202577,1.56445699182012,-282.843533752765,1.26641911180653,3,"Optimization has converged.",93,"not evaluated"
"94","CoopBreed","Syll.song.max",1.319189745341e-08,0.12660507052173,-289.984927050459,1.2663103954483,0.086390817611593,0.722478287332695,-273.833496685871,1.45700702999847,3,"Optimization has converged.",94,"not evaluated"
"95","CoopBreed","Syll.song.max",4.37843712615296e-11,0.12660507052173,-289.984927050459,1.2663103954483,0.0846107527649191,0.743781617030005,-268.266456137299,1.26721189260751,3,"Optimization has converged.",95,"not evaluated"
"96","CoopBreed","Syll.song.max",8.25791414030803e-12,0.12660507052173,-289.984927050459,1.2663103954483,0.0838021724858429,0.730697270502652,-266.633150439398,1.19477580480163,3,"Optimization has converged.",96,"not evaluated"
"97","CoopBreed","Syll.song.max",1.96274751718578e-08,0.12660507052173,-289.984927050459,1.2663103954483,0.0841685076960517,3.07819256662442,-274.219393455596,1.26895392853125,3,"Optimization has converged.",97,"not evaluated"
"98","CoopBreed","Syll.song.max",4.89001711452886e-09,0.12660507052173,-289.984927050459,1.2663103954483,0.0844978916759942,1.34341802016584,-272.868573996591,1.26641691886697,3,"Optimization has converged.",98,"not evaluated"
"99","CoopBreed","Syll.song.max",1.65200927401512e-11,0.12660507052173,-289.984927050459,1.2663103954483,0.0834921417504802,0.657800686146056,-267.312377803361,1.30065442828172,3,"Optimization has converged.",99,"not evaluated"
"100","CoopBreed","Syll.song.max",2.43703249516494e-13,0.12660507052173,-289.984927050459,1.2663103954483,0.0812362111475175,1.66197604447917,-263.176673982736,1.28168831998643,3,"Optimization has converged.",100,"not evaluated"
"101","CoopBreed","Syll.song.max",0.00868128501760498,0.12660507052173,-289.984927050459,1.2663103954483,0.0919663405624689,1.23145800567635,-286.541303369498,1.26630031553361,3,"Optimization has converged.",101,"not evaluated"
"102","CoopBreed","Syll.song.max",8.13502783487165e-12,0.12660507052173,-289.984927050459,1.2663103954483,0.0829214588259017,0.98689898601856,-266.618459811559,1.31175741173638,3,"Optimization has converged.",102,"not evaluated"
"103","CoopBreed","Syll.song.max",7.72004217252507e-11,0.12660507052173,-289.984927050459,1.2663103954483,0.0853400136703569,0.693487092871771,-268.821190241065,1.26638203318196,3,"Optimization has converged.",103,"not evaluated"
"104","CoopBreed","Syll.song.max",6.51489259589336e-10,0.12660507052173,-289.984927050459,1.2663103954483,0.0856626032667931,0.631752664719218,-270.904538648296,1.2665076615356,3,"Optimization has converged.",104,"not evaluated"
"105","CoopBreed","Syll.song.max",2.48655155810879e-11,0.12660507052173,-289.984927050459,1.2663103954483,0.0783000030689002,0.794053408641814,-267.712732739029,1.26669664338974,3,"Optimization has converged.",105,"not evaluated"
"106","CoopBreed","Syll.song.max",3.85799192886418e-05,0.12660507052173,-289.984927050459,1.2663103954483,0.0909535374394999,0.758994287711951,-281.514924852068,1.01837896306073,3,"Optimization has converged.",106,"not evaluated"
"107","CoopBreed","Syll.song.max",9.30968685035735e-12,0.12660507052173,-289.984927050459,1.2663103954483,0.0837845050157329,0.679243513788676,-266.750610669055,1.3360346087936,3,"Optimization has converged.",107,"not evaluated"
"108","CoopBreed","Syll.song.max",2.14621838843821e-08,0.12660507052173,-289.984927050459,1.2663103954483,0.086965892794226,0.535323357133649,-274.306149214472,1.26639913693222,3,"Optimization has converged.",108,"not evaluated"
"109","CoopBreed","Syll.song.max",1.01256196522619e-08,0.12660507052173,-289.984927050459,1.2663103954483,0.0848722586564002,1.31469775546024,-273.576434175744,1.24578508257434,3,"Optimization has converged.",109,"not evaluated"
"110","CoopBreed","Syll.song.max",3.07288522105549e-12,0.12660507052173,-289.984927050459,1.2663103954483,0.0817936962891733,0.679662021616638,-265.664149098814,1.26668880001165,3,"Optimization has converged.",110,"not evaluated"
"111","CoopBreed","Syll.song.max",4.85460144466591e-10,0.12660507052173,-289.984927050459,1.2663103954483,0.0801062867955204,1.29095130031607,-270.61749514053,1.26643869511404,3,"Optimization has converged.",111,"not evaluated"
"112","CoopBreed","Syll.song.max",3.55549337448482e-07,0.12660507052173,-289.984927050459,1.2663103954483,0.0887650635456771,0.595257977206229,-277.024075953887,1.17796549628234,3,"Optimization has converged.",112,"not evaluated"
"113","CoopBreed","Syll.song.max",4.66603120116055e-07,0.12660507052173,-289.984927050459,1.2663103954483,0.0871534032501862,1.05405377545025,-277.286344112897,1.26645298416037,3,"Optimization has converged.",113,"not evaluated"
"114","CoopBreed","Syll.song.max",5.00148573618213e-08,0.12660507052173,-289.984927050459,1.2663103954483,0.0863092542808935,1.21197363260407,-275.12682228131,1.31041764192754,3,"Optimization has converged.",114,"not evaluated"
"115","CoopBreed","Syll.song.max",3.97832709335932e-07,0.12660507052173,-289.984927050459,1.2663103954483,0.0868663529207719,1.27002079691391,-277.132518301764,1.26633566487837,3,"Optimization has converged.",115,"not evaluated"
"116","CoopBreed","Syll.song.max",0.862893468059494,0.12660507052173,-289.984927050459,1.2663103954483,0.1252860166753,0.148022411719075,-289.970015772894,1.26636216716192,3,"Optimization has converged.",116,"not evaluated"
"117","CoopBreed","Syll.song.max",3.24373446133281e-11,0.12660507052173,-289.984927050459,1.2663103954483,0.0839291018366237,0.824264138171693,-267.97292514812,1.29211267435408,3,"Optimization has converged.",117,"not evaluated"
"118","CoopBreed","Syll.song.max",2.19332395429253e-11,0.12660507052173,-289.984927050459,1.2663103954483,0.0838203497739894,1.62292051958721,-267.589892954137,1.30780576922867,3,"Optimization has converged.",118,"not evaluated"
"119","CoopBreed","Syll.song.max",1.51834871730778e-11,0.12660507052173,-289.984927050459,1.2663103954483,0.0838885832997208,0.548631065348396,-267.229755207233,1.26614725758427,3,"Optimization has converged.",119,"not evaluated"
"120","CoopBreed","Syll.song.max",1.04929029509126e-08,0.12660507052173,-289.984927050459,1.2663103954483,0.0847961738194327,1.55402905230713,-273.611064467484,1.37342935188688,3,"Optimization has converged.",120,"not evaluated"
"121","CoopBreed","Syll.song.max",5.17509413842039e-11,0.12660507052173,-289.984927050459,1.2663103954483,0.0830184893704966,1.03511453983803,-268.429999834136,1.31626942270751,3,"Optimization has converged.",121,"not evaluated"
"122","CoopBreed","Syll.song.max",1.94198170300341e-08,0.12660507052173,-289.984927050459,1.2663103954483,0.0853633355686033,1.28476464196792,-274.209066459563,1.35149730945355,3,"Optimization has converged.",122,"not evaluated"
"123","CoopBreed","Syll.song.max",1.136063252753e-10,0.12660507052173,-289.984927050459,1.2663103954483,0.0846854660262029,0.648841499284941,-269.19890580678,1.48138342975426,3,"Optimization has converged.",123,"not evaluated"
"124","CoopBreed","Syll.song.max",2.85686092699241e-11,0.12660507052173,-289.984927050459,1.2663103954483,0.0791195235752983,1.1308285338261,-267.848623755436,1.26642721860366,3,"Optimization has converged.",124,"not evaluated"
"125","CoopBreed","Syll.song.max",8.48610753874722e-13,0.12660507052173,-289.984927050459,1.2663103954483,0.0789152184468404,0.570484349953042,-264.40175390272,1.26628853135082,3,"Optimization has converged.",125,"not evaluated"
"126","CoopBreed","Syll.song.max",1.28851207005313e-10,0.12660507052173,-289.984927050459,1.2663103954483,0.0840569357219663,1.5157397725226,-269.321984047928,1.4541288825484,3,"Optimization has converged.",126,"not evaluated"
"127","CoopBreed","Syll.song.max",3.86140803694736e-06,0.12660507052173,-289.984927050459,1.2663103954483,0.0822803229998886,3.31602242032808,-279.318705223659,1.34534572098711,3,"Optimization has converged.",127,"not evaluated"
"128","CoopBreed","Syll.song.max",3.78955268491132e-11,0.12660507052173,-289.984927050459,1.2663103954483,0.0807355316901654,0.679877400626103,-268.12512137008,1.26718134216861,3,"Optimization has converged.",128,"not evaluated"
"129","CoopBreed","Syll.song.max",2.06390351831366e-09,0.12660507052173,-289.984927050459,1.2663103954483,0.0832312037121018,1.55097853524654,-272.028723899818,1.26636902747705,3,"Optimization has converged.",129,"not evaluated"
"130","CoopBreed","Syll.song.max",1.08309750108538e-10,0.12660507052173,-289.984927050459,1.2663103954483,0.0821636494951903,0.714535449499789,-269.152234836908,1.26751444849374,3,"Optimization has converged.",130,"not evaluated"
"131","CoopBreed","Syll.song.max",0.64281396119839,0.12660507052173,-289.984927050459,1.2663103954483,0.128227289845162,0.101159504024605,-289.877386664415,1.26628514004272,3,"Optimization has converged.",131,"not evaluated"
"132","CoopBreed","Syll.song.max",1.26496172539803e-09,0.12660507052173,-289.984927050459,1.2663103954483,0.0864383507099271,0.454807297563468,-271.551640151344,1.12378298462303,3,"Optimization has converged.",132,"not evaluated"
"133","CoopBreed","Syll.song.max",1.04967285712154e-08,0.12660507052173,-289.984927050459,1.2663103954483,0.0860039891923993,0.784167624316105,-273.611418751251,1.20505062532442,3,"Optimization has converged.",133,"not evaluated"
"134","CoopBreed","Syll.song.max",6.93572243519794e-11,0.12660507052173,-289.984927050459,1.2663103954483,0.0834190978865172,1.21161248330206,-268.716420123542,1.30408313107639,3,"Optimization has converged.",134,"not evaluated"
"135","CoopBreed","Syll.song.max",0.0114222046336825,0.12660507052173,-289.984927050459,1.2663103954483,0.0896277148227446,2.69946473143502,-286.785717619627,1.26647909773318,3,"Optimization has converged.",135,"not evaluated"
"136","CoopBreed","Syll.song.max",2.91959773343446e-10,0.12660507052173,-289.984927050459,1.2663103954483,0.0859155043666355,0.557801264973864,-270.121092396561,1.26631465375487,3,"Optimization has converged.",136,"not evaluated"
"137","CoopBreed","Syll.song.max",0.000329016046534144,0.12660507052173,-289.984927050459,1.2663103954483,0.0877785124250105,1.6708362896582,-283.536162054448,1.22406697186262,3,"Optimization has converged.",137,"not evaluated"
"138","CoopBreed","Syll.song.max",5.14478270844509e-11,0.12660507052173,-289.984927050459,1.2663103954483,0.0836231639754667,1.69703588530681,-268.424253157199,1.3177818089687,3,"Optimization has converged.",138,"not evaluated"
"139","CoopBreed","Syll.song.max",9.30893464662701e-05,0.12660507052173,-289.984927050459,1.2663103954483,0.0869868052989358,1.87007022922579,-282.34895927302,1.35338275603008,3,"Optimization has converged.",139,"not evaluated"
"140","CoopBreed","Syll.song.max",2.2765674484021e-07,0.12660507052173,-289.984927050459,1.2663103954483,0.0906323662690725,0.439910880332254,-276.593536127144,1.07950225105105,3,"Optimization has converged.",140,"not evaluated"
"141","CoopBreed","Syll.song.max",2.04368636982524e-11,0.12660507052173,-289.984927050459,1.2663103954483,0.0822096196012514,0.862733884306463,-267.520710073483,1.3925041687306,3,"Optimization has converged.",141,"not evaluated"
"142","CoopBreed","Syll.song.max",8.9583415989148e-07,0.12660507052173,-289.984927050459,1.2663103954483,0.0849758759003683,4.53311549444242,-277.914962437975,1.31736451037422,3,"Optimization has converged.",142,"not evaluated"
"143","CoopBreed","Syll.song.max",5.08761944538782e-10,0.12660507052173,-289.984927050459,1.2663103954483,0.0844556798648362,0.996094397119488,-270.663249989408,1.30669735604765,3,"Optimization has converged.",143,"not evaluated"
"144","CoopBreed","Syll.song.max",0.0220545288889565,0.12660507052173,-289.984927050459,1.2663103954483,0.0938400178574301,1.15407168099551,-287.364188031534,1.40392038874206,3,"Optimization has converged.",144,"not evaluated"
"145","CoopBreed","Syll.song.max",1.41152680187598e-12,0.12660507052173,-289.984927050459,1.2663103954483,0.0790296556107131,0.743147176750405,-264.901080549531,1.26633318836725,3,"Optimization has converged.",145,"not evaluated"
"146","CoopBreed","Syll.song.max",3.3279175823829e-08,0.12660507052173,-289.984927050459,1.2663103954483,0.0851622844015096,1.90709793933809,-274.73179946645,1.26654182639824,3,"Optimization has converged.",146,"not evaluated"
"147","CoopBreed","Syll.song.max",3.88215732215208e-12,0.12660507052173,-289.984927050459,1.2663103954483,0.0783335993174864,0.894567438039368,-265.893366447557,1.36325147443095,3,"Optimization has converged.",147,"not evaluated"
"148","CoopBreed","Syll.song.max",1.9531422426731e-08,0.12660507052173,-289.984927050459,1.2663103954483,0.0849582956544137,1.28926111869947,-274.214630352783,1.28956321238656,3,"Optimization has converged.",148,"not evaluated"
"149","CoopBreed","Syll.song.max",4.05599147137058e-06,0.12660507052173,-289.984927050459,1.2663103954483,0.0874541380249484,1.20831909595116,-279.365825830967,1.44159628944763,3,"Optimization has converged.",149,"not evaluated"
"150","CoopBreed","Syll.song.max",0.416066984563491,0.12660507052173,-289.984927050459,1.2663103954483,0.128640009956563,0.0596676351543861,-289.654228269504,1.25534648180943,3,"Optimization has converged.",150,"not evaluated"
"151","CoopBreed","Syll.song.max",1.97382109047288e-09,0.12660507052173,-289.984927050459,1.2663103954483,0.0867366781899177,0.576030317865772,-271.985245865657,1.14288651786877,3,"Optimization has converged.",151,"not evaluated"
"152","CoopBreed","Syll.song.max",6.63205321029932e-13,0.12660507052173,-289.984927050459,1.2663103954483,0.078406335267177,0.711799196408633,-264.159777424374,1.26571817851736,3,"Optimization has converged.",152,"not evaluated"
"153","CoopBreed","Syll.song.max",5.3381196035921e-09,0.12660507052173,-289.984927050459,1.2663103954483,0.0859047736241539,1.13786514347647,-272.953881976905,1.04950814167542,3,"Optimization has converged.",153,"not evaluated"
"154","CoopBreed","Syll.song.max",0.449305085820246,0.12660507052173,-289.984927050459,1.2663103954483,0.128474563644259,0.0712723928366262,-289.6987248948,1.26625032271928,3,"Optimization has converged.",154,"not evaluated"
"155","CoopBreed","Syll.song.max",1.42219539976886e-09,0.12660507052173,-289.984927050459,1.2663103954483,0.0837209401838096,2.28720050941434,-271.665842466216,1.31811515478568,3,"Optimization has converged.",155,"not evaluated"
"156","CoopBreed","Syll.song.max",4.00589173585565e-08,0.12660507052173,-289.984927050459,1.2663103954483,0.0865120099038782,0.791386444767402,-274.911627796195,1.26641025321812,3,"Optimization has converged.",156,"not evaluated"
"157","CoopBreed","Syll.song.max",9.42727069072983e-14,0.12660507052173,-289.984927050459,1.2663103954483,0.0802924976014113,0.919268604979387,-262.243447321324,1.30387433105275,3,"Optimization has converged.",157,"not evaluated"
"158","CoopBreed","Syll.song.max",6.8498960941106e-13,0.12660507052173,-289.984927050459,1.2663103954483,0.079275172311171,0.98320030194574,-264.191503626939,1.46611560562295,3,"Optimization has converged.",158,"not evaluated"
"159","CoopBreed","Syll.song.max",0.854349793972698,0.12660507052173,-289.984927050459,1.2663103954483,0.12462550392252,0.157283160759885,-289.968077842695,1.26637221901885,3,"Optimization has converged.",159,"not evaluated"
"160","CoopBreed","Syll.song.max",3.3118974339134e-12,0.12660507052173,-289.984927050459,1.2663103954483,0.0829965112175103,0.623710979096959,-265.73759783541,1.44262443717799,3,"Optimization has converged.",160,"not evaluated"
"161","CoopBreed","Syll.song.max",4.62501529605388e-09,0.12660507052173,-289.984927050459,1.2663103954483,0.0854839471282652,0.836397166436669,-272.814358037653,1.26694129663225,3,"Optimization has converged.",161,"not evaluated"
"162","CoopBreed","Syll.song.max",0.0970674135945762,0.12660507052173,-289.984927050459,1.2663103954483,0.131388927789105,0.045851287673605,-288.608388141813,1.26633623197734,3,"Optimization has converged.",162,"not evaluated"
"163","CoopBreed","Syll.song.max",1.26112964534576e-12,0.12660507052173,-289.984927050459,1.2663103954483,0.0824275810952757,0.789944363277346,-264.790535285396,1.41582362329975,3,"Optimization has converged.",163,"not evaluated"
"164","CoopBreed","Syll.song.max",1.05598612732204e-05,0.12660507052173,-289.984927050459,1.2663103954483,0.0870572987774294,1.76688755307568,-280.281240717254,1.26638934328238,3,"Optimization has converged.",164,"not evaluated"
"165","CoopBreed","Syll.song.max",1.22526326001416e-06,0.12660507052173,-289.984927050459,1.2663103954483,0.0867018214684685,1.58822541864668,-278.216362578788,1.41553901126142,3,"Optimization has converged.",165,"not evaluated"
"166","CoopBreed","Syll.song.max",8.59966969408586e-11,0.12660507052173,-289.984927050459,1.2663103954483,0.0846995667378285,0.702476438836598,-268.926701608466,1.26737148019835,3,"Optimization has converged.",166,"not evaluated"
"167","CoopBreed","Syll.song.max",1.48541276856905e-07,0.12660507052173,-289.984927050459,1.2663103954483,0.0873031154974677,0.76923824097937,-276.180785308622,1.26555190113256,3,"Optimization has converged.",167,"not evaluated"
"168","CoopBreed","Syll.song.max",6.58594967004396e-11,0.12660507052173,-289.984927050459,1.2663103954483,0.0837662257055147,0.664199307664087,-268.665811593092,1.48042236771679,3,"Optimization has converged.",168,"not evaluated"
"169","CoopBreed","Syll.song.max",1.26215803849261e-09,0.12660507052173,-289.984927050459,1.2663103954483,0.0864875515947152,0.49583240500395,-271.549477119209,1.05424695649648,3,"Optimization has converged.",169,"not evaluated"
"170","CoopBreed","Syll.song.max",1.41578699326782e-07,0.12660507052173,-289.984927050459,1.2663103954483,0.0867796239902121,1.05069081498623,-276.134353268166,1.53222787258696,3,"Optimization has converged.",170,"not evaluated"
"171","CoopBreed","Syll.song.max",1.25727765807466e-11,0.12660507052173,-289.984927050459,1.2663103954483,0.0815064106672368,0.680044585569866,-267.044964398735,1.22555798855814,3,"Optimization has converged.",171,"not evaluated"
"172","CoopBreed","Syll.song.max",5.06044562107533e-10,0.12660507052173,-289.984927050459,1.2663103954483,0.0842432502711545,1.14154130321377,-270.658023505706,1.32475611626732,3,"Optimization has converged.",172,"not evaluated"
"173","CoopBreed","Syll.song.max",4.12437935336451e-12,0.12660507052173,-289.984927050459,1.2663103954483,0.0837559008773241,0.702951420665852,-265.95270456171,1.31809875318292,3,"Optimization may not have converged.  Consider increasing maxit.",173,"not evaluated"
"174","CoopBreed","Syll.song.max",5.29148279034513e-07,0.12660507052173,-289.984927050459,1.2663103954483,0.0877254053441103,0.968673740897113,-277.407655098617,1.26604058347327,3,"Optimization has converged.",174,"not evaluated"
"175","CoopBreed","Syll.song.max",1.29165814048771e-05,0.12660507052173,-289.984927050459,1.2663103954483,0.0895281130750684,0.784929859626527,-280.473526964928,1.22366445019193,3,"Optimization has converged.",175,"not evaluated"
"176","CoopBreed","Syll.song.max",0.000332809267815668,0.12660507052173,-289.984927050459,1.2663103954483,0.0874883234361415,2.88131818466951,-283.546888899795,1.11010756397357,3,"Optimization has converged.",176,"not evaluated"
"177","CoopBreed","Syll.song.max",0.394863308123969,0.12660507052173,-289.984927050459,1.2663103954483,0.129979955964272,0.0687323381137172,-289.622970461726,1.2663591872217,3,"Optimization has converged.",177,"not evaluated"
"178","CoopBreed","Syll.song.max",6.36865803693897e-10,0.12660507052173,-289.984927050459,1.2663103954483,0.0854758884832121,0.486880145350029,-270.882389748053,1.26377572230573,3,"Optimization has converged.",178,"not evaluated"
"179","CoopBreed","Syll.song.max",8.77107222959509e-06,0.12660507052173,-289.984927050459,1.2663103954483,0.0876999291563301,1.47600756995531,-280.103942997248,1.26646252602867,3,"Optimization has converged.",179,"not evaluated"
"180","CoopBreed","Syll.song.max",4.24017835555354e-11,0.12660507052173,-289.984927050459,1.2663103954483,0.0813823725485066,0.618957671793367,-268.235061917489,1.26628973063642,3,"Optimization has converged.",180,"not evaluated"
"181","CoopBreed","Syll.song.max",6.41908925228633e-11,0.12660507052173,-289.984927050459,1.2663103954483,0.0814698687297191,0.474410877957578,-268.640712789236,1.2659082720191,3,"Optimization has converged.",181,"not evaluated"
"182","CoopBreed","Syll.song.max",8.34764558247029e-10,0.12660507052173,-289.984927050459,1.2663103954483,0.0848522495473827,0.971539582966341,-271.146349314662,1.26628944078104,3,"Optimization has converged.",182,"not evaluated"
"183","CoopBreed","Syll.song.max",2.17485399329126e-10,0.12660507052173,-289.984927050459,1.2663103954483,0.0855039030424937,0.86285484268681,-269.833474775666,1.32319215587335,3,"Optimization has converged.",183,"not evaluated"
"184","CoopBreed","Syll.song.max",3.75395654984587e-10,0.12660507052173,-289.984927050459,1.2663103954483,0.0845330095442401,1.02877459158193,-270.366521724271,1.26601922613094,3,"Optimization has converged.",184,"not evaluated"
"185","CoopBreed","Syll.song.max",7.50836439092319e-11,0.12660507052173,-289.984927050459,1.2663103954483,0.0838605387488543,1.15808762352901,-268.794002720799,1.14315841712606,3,"Optimization has converged.",185,"not evaluated"
"186","CoopBreed","Syll.song.max",1.10152804721964e-10,0.12660507052173,-289.984927050459,1.2663103954483,0.0834399897470231,1.70782260480791,-269.168729226607,1.32262009895616,3,"Optimization has converged.",186,"not evaluated"
"187","CoopBreed","Syll.song.max",3.49620883492378e-09,0.12660507052173,-289.984927050459,1.2663103954483,0.0865331414960648,0.569819085401766,-272.542025461757,1.26653060741232,3,"Optimization has converged.",187,"not evaluated"
"188","CoopBreed","Syll.song.max",3.58155460429226e-08,0.12660507052173,-289.984927050459,1.2663103954483,0.0857761314261049,1.28705862355084,-274.803042129773,1.43085104160334,3,"Optimization has converged.",188,"not evaluated"
"189","CoopBreed","Syll.song.max",1.51171712994466e-05,0.12660507052173,-289.984927050459,1.2663103954483,0.0872221757863444,2.70825722826376,-280.62357451654,1.26635577263397,3,"Optimization has converged.",189,"not evaluated"
"190","CoopBreed","Syll.song.max",3.01182009530911e-10,0.12660507052173,-289.984927050459,1.2663103954483,0.0860281506295043,0.785394904644041,-270.151460559865,1.35703758056914,3,"Optimization has converged.",190,"not evaluated"
"191","CoopBreed","Syll.song.max",2.6778973247039e-12,0.12660507052173,-289.984927050459,1.2663103954483,0.0827857729232745,1.24785909992843,-265.529226934005,1.43429302213203,3,"Optimization has converged.",191,"not evaluated"
"192","CoopBreed","Syll.song.max",1.27907284675916e-10,0.12660507052173,-289.984927050459,1.2663103954483,0.0848218395061796,0.56789839890754,-269.314797725862,1.26666384129445,3,"Optimization may not have converged.  Consider increasing maxit.",192,"not evaluated"
"193","CoopBreed","Syll.song.max",1.51017089097636e-11,0.12660507052173,-289.984927050459,1.2663103954483,0.0828429313316774,2.17673308168988,-267.22446623073,1.32130452332912,3,"Optimization has converged.",193,"not evaluated"
"194","CoopBreed","Syll.song.max",1.60762299226809e-10,0.12660507052173,-289.984927050459,1.2663103954483,0.0815684772259601,1.43354232879812,-269.538221903145,1.26590495256522,3,"Optimization has converged.",194,"not evaluated"
"195","CoopBreed","Syll.song.max",0.836991354499086,0.12660507052173,-289.984927050459,1.2663103954483,0.127714674767388,0.107718517371063,-289.963761876892,1.26641467206525,3,"Optimization has converged.",195,"not evaluated"
"196","CoopBreed","Syll.song.max",2.85742021191165e-12,0.12660507052173,-289.984927050459,1.2663103954483,0.0835041105418426,0.686523364867614,-265.592860110294,1.46648757492795,3,"Optimization has converged.",196,"not evaluated"
"197","CoopBreed","Syll.song.max",2.15384855185196e-11,0.12660507052173,-289.984927050459,1.2663103954483,0.0833501091424825,1.21598327738615,-267.572111862751,1.327691367826,3,"Optimization has converged.",197,"not evaluated"
"198","CoopBreed","Syll.song.max",1.16727933930091e-08,0.12660507052173,-289.984927050459,1.2663103954483,0.0859239731650445,0.765981868858362,-273.714623625152,1.29812756178436,3,"Optimization has converged.",198,"not evaluated"
"199","CoopBreed","Syll.song.max",7.50015882731367e-05,0.12660507052173,-289.984927050459,1.2663103954483,0.0914785223425037,0.622378201180515,-282.144780720667,1.12357458139914,3,"Optimization has converged.",199,"not evaluated"
"200","CoopBreed","Syll.song.max",7.02585611037487e-10,0.12660507052173,-289.984927050459,1.2663103954483,0.0830674158934149,1.7726064423572,-270.978201254876,1.51559816551806,3,"Optimization has converged.",200,"not evaluated"
"201","CoopBreed","Syll.song.max",2.55203205360799e-10,0.12660507052173,-289.984927050459,1.2663103954483,0.0850918706383612,0.55374429371729,-269.989685473225,1.38517335694998,3,"Optimization has converged.",201,"not evaluated"
"202","CoopBreed","Syll.song.max",1.95370848526647e-12,0.12660507052173,-289.984927050459,1.2663103954483,0.0797694066072667,0.687039283777705,-265.219974783566,1.26666207097074,3,"Optimization has converged.",202,"not evaluated"
"203","CoopBreed","Syll.song.max",2.29714752196543e-09,0.12660507052173,-289.984927050459,1.2663103954483,0.085223262092556,0.534612553213831,-272.133023898263,1.06922044070663,3,"Optimization has converged.",203,"not evaluated"
"204","CoopBreed","Syll.song.max",2.18870083239124e-08,0.12660507052173,-289.984927050459,1.2663103954483,0.0846876827996191,1.26574223843738,-274.325176494832,1.27946619251164,3,"Optimization has converged.",204,"not evaluated"
"205","CoopBreed","Syll.song.max",5.82355104615577e-06,0.12660507052173,-289.984927050459,1.2663103954483,0.0792224029855553,3.88198027787342,-279.712259107709,1.32093044791159,3,"Optimization has converged.",205,"not evaluated"
"206","CoopBreed","Syll.song.max",2.30742843259809e-06,0.12660507052173,-289.984927050459,1.2663103954483,0.0897695974725807,0.494666196719741,-278.824729245114,1.11457850401949,3,"Optimization has converged.",206,"not evaluated"
"207","CoopBreed","Syll.song.max",1.37304682636312e-08,0.12660507052173,-289.984927050459,1.2663103954483,0.0850136213910024,2.16719117321898,-273.872371485711,1.34651091685392,3,"Optimization has converged.",207,"not evaluated"
"208","CoopBreed","Syll.song.max",3.50268101998588e-09,0.12660507052173,-289.984927050459,1.2663103954483,0.0843965350741697,1.57212600293466,-272.543825944227,1.26648359742904,3,"Optimization has converged.",208,"not evaluated"
"209","CoopBreed","Syll.song.max",1.67431513410281e-08,0.12660507052173,-289.984927050459,1.2663103954483,0.0856014644147314,1.7457013224587,-274.065055611315,1.26640133027855,3,"Optimization has converged.",209,"not evaluated"
"210","CoopBreed","Syll.song.max",2.23460131715529e-08,0.12660507052173,-289.984927050459,1.2663103954483,0.0854885864298552,1.51208401312155,-274.345323268219,1.26629466737692,3,"Optimization has converged.",210,"not evaluated"
"211","CoopBreed","Syll.song.max",5.79658112135017e-08,0.12660507052173,-289.984927050459,1.2663103954483,0.0858578669900813,1.45230405250239,-275.269802987218,1.58195265859682,3,"Optimization has converged.",211,"not evaluated"
"212","CoopBreed","Syll.song.max",1.46470351715763e-09,0.12660507052173,-289.984927050459,1.2663103954483,0.0850683049527872,1.13432983568997,-271.694547422154,1.28137424437993,3,"Optimization has converged.",212,"not evaluated"
"213","CoopBreed","Syll.song.max",6.81102211737934e-13,0.12660507052173,-289.984927050459,1.2663103954483,0.0825135076830672,0.781724131920131,-264.185916790499,1.2756263243963,3,"Optimization has converged.",213,"not evaluated"
"214","CoopBreed","Syll.song.max",1.84028517774255e-08,0.12660507052173,-289.984927050459,1.2663103954483,0.086094680661257,1.1834871869769,-274.156839562732,1.00781794914537,3,"Optimization has converged.",214,"not evaluated"
"215","CoopBreed","Syll.song.max",0.326341942970371,0.12660507052173,-289.984927050459,1.2663103954483,0.134818430749278,0.0644839581138581,-289.503247379829,1.31231531877677,3,"Optimization has converged.",215,"not evaluated"
"216","CoopBreed","Syll.song.max",3.27106852961783e-10,0.12660507052173,-289.984927050459,1.2663103954483,0.0838802102902779,1.79386058359146,-270.232087808646,1.26644179990061,3,"Optimization has converged.",216,"not evaluated"
"217","CoopBreed","Syll.song.max",9.1512488496397e-12,0.12660507052173,-289.984927050459,1.2663103954483,0.0799123247707996,0.806306290186462,-266.733793235438,1.23379114971456,3,"Optimization has converged.",217,"not evaluated"
"218","CoopBreed","Syll.song.max",1.5115039621564e-08,0.12660507052173,-289.984927050459,1.2663103954483,0.0862900310244337,0.743488982287332,-273.965697625261,1.26697742555325,3,"Optimization has converged.",218,"not evaluated"
"219","CoopBreed","Syll.song.max",8.63540872363623e-09,0.12660507052173,-289.984927050459,1.2663103954483,0.0846066861230296,1.53100624400421,-273.421680835426,1.41176421972715,3,"Optimization has converged.",219,"not evaluated"
"220","CoopBreed","Syll.song.max",8.20261162378414e-06,0.12660507052173,-289.984927050459,1.2663103954483,0.0869408257502622,1.79007121142699,-280.039901879815,1.50975182557635,3,"Optimization has converged.",220,"not evaluated"
"221","CoopBreed","Syll.song.max",2.78651730018326e-12,0.12660507052173,-289.984927050459,1.2663103954483,0.0787373623660976,0.710208227794711,-265.568219456076,1.48049000604124,3,"Optimization has converged.",221,"not evaluated"
"222","CoopBreed","Syll.song.max",7.9533572675322e-05,0.12660507052173,-289.984927050459,1.2663103954483,0.0872594846286699,2.05277521533367,-282.200253371242,1.2358378275169,3,"Optimization has converged.",222,"not evaluated"
"223","CoopBreed","Syll.song.max",2.82627713308108e-05,0.12660507052173,-289.984927050459,1.2663103954483,0.0892973937796648,1.16428936799602,-281.219314358796,1.01667534335685,3,"Optimization has converged.",223,"not evaluated"
"224","CoopBreed","Syll.song.max",5.12645808721935e-11,0.12660507052173,-289.984927050459,1.2663103954483,0.0845861239166469,0.593841059130203,-268.420762572965,1.26935531128817,3,"Optimization has converged.",224,"not evaluated"
"225","CoopBreed","Syll.song.max",3.85760494485757e-09,0.12660507052173,-289.984927050459,1.2663103954483,0.083677388255808,1.22247106738164,-272.637779744994,1.18055711076831,3,"Optimization has converged.",225,"not evaluated"
"226","CoopBreed","Syll.song.max",2.40089854661873e-12,0.12660507052173,-289.984927050459,1.2663103954483,0.0806519993251395,0.693928288698665,-265.422141488969,1.41301647249057,3,"Optimization has converged.",226,"not evaluated"
"227","CoopBreed","Syll.song.max",0.00401047803318258,0.12660507052173,-289.984927050459,1.2663103954483,0.0912019445003166,1.24284913229528,-285.845394665528,1.43815829465345,3,"Optimization has converged.",227,"not evaluated"
"228","CoopBreed","Syll.song.max",7.48141803534709e-12,0.12660507052173,-289.984927050459,1.2663103954483,0.0824048646551598,0.851093429120696,-266.536388155138,1.28260903251041,3,"Optimization has converged.",228,"not evaluated"
"229","CoopBreed","Syll.song.max",5.08711173750435e-07,0.12660507052173,-289.984927050459,1.2663103954483,0.0861943787617445,1.44808592189255,-277.369673407269,1.26629579743894,3,"Optimization has converged.",229,"not evaluated"
"230","CoopBreed","Syll.song.max",2.6228595898475e-11,0.12660507052173,-289.984927050459,1.2663103954483,0.0788423845349056,1.1474422799005,-267.764974560138,0.955850438722324,3,"Optimization has converged.",230,"not evaluated"
"231","CoopBreed","Syll.song.max",1.07060956804729e-08,0.12660507052173,-289.984927050459,1.2663103954483,0.0848081438198584,1.56810902890427,-273.630613221605,0.997501203141125,3,"Optimization has converged.",231,"not evaluated"
"232","CoopBreed","Syll.song.max",4.01538655441814e-12,0.12660507052173,-289.984927050459,1.2663103954483,0.0826253582681664,1.0282532706997,-265.926447963846,1.2973379632207,3,"Optimization has converged.",232,"not evaluated"
"233","CoopBreed","Syll.song.max",2.78727685545238e-11,0.12660507052173,-289.984927050459,1.2663103954483,0.0803074541146401,0.79846822052199,-267.82448804933,1.30262445810139,3,"Optimization has converged.",233,"not evaluated"
"234","CoopBreed","Syll.song.max",5.32723449400009e-08,0.12660507052173,-289.984927050459,1.2663103954483,0.0861733851947528,0.99299872520969,-275.187977404668,1.26630476455755,3,"Optimization has converged.",234,"not evaluated"
"235","CoopBreed","Syll.song.max",4.3606150642657e-12,0.12660507052173,-289.984927050459,1.2663103954483,0.0820740900153291,0.934160790152239,-266.007307876869,1.29992087631467,3,"Optimization has converged.",235,"not evaluated"
"236","CoopBreed","Syll.song.max",9.81741343440122e-09,0.12660507052173,-289.984927050459,1.2663103954483,0.0852031665433104,1.27655761726202,-273.546389041496,1.36525733830281,3,"Optimization has converged.",236,"not evaluated"
"237","CoopBreed","Syll.song.max",2.09006959846094e-06,0.12660507052173,-289.984927050459,1.2663103954483,0.087558112041868,1.42300421829771,-278.729717907052,1.26675567549092,3,"Optimization has converged.",237,"not evaluated"
"238","CoopBreed","Syll.song.max",0.0151254576497948,0.12660507052173,-289.984927050459,1.2663103954483,0.0943987491592031,0.948243301946557,-287.034029274704,1.00980723293802,3,"Optimization has converged.",238,"not evaluated"
"239","CoopBreed","Syll.song.max",5.20334213682575e-11,0.12660507052173,-289.984927050459,1.2663103954483,0.080857788577676,0.503397225188449,-268.435325061112,1.26621768682842,3,"Optimization has converged.",239,"not evaluated"
"240","CoopBreed","Syll.song.max",2.07090229614159e-07,0.12660507052173,-289.984927050459,1.2663103954483,0.0863064295603897,1.31056278662314,-276.502040380936,1.32745835696744,3,"Optimization has converged.",240,"not evaluated"
"241","CoopBreed","Syll.song.max",0.189364290189248,0.12660507052173,-289.984927050459,1.2663103954483,0.130904623120377,0.051971242652352,-289.123648763712,1.26623255944718,3,"Optimization has converged.",241,"not evaluated"
"242","CoopBreed","Syll.song.max",0.679497454810287,0.12660507052173,-289.984927050459,1.2663103954483,0.12808380795713,0.0914599494152973,-289.899581004501,1.26628031581123,3,"Optimization has converged.",242,"not evaluated"
"243","CoopBreed","Syll.song.max",0.467287544595397,0.12660507052173,-289.984927050459,1.2663103954483,0.129718407527618,0.0701656072211216,-289.720735633928,1.26622676872744,3,"Optimization has converged.",243,"not evaluated"
"244","CoopBreed","Syll.song.max",6.41947967665837e-05,0.12660507052173,-289.984927050459,1.2663103954483,0.0871649621957241,2.62602858396225,-281.997578857986,1.26669281870718,3,"Optimization has converged.",244,"not evaluated"
"245","CoopBreed","Syll.song.max",4.85849166653008e-06,0.12660507052173,-289.984927050459,1.2663103954483,0.0848385115402674,5.318888909585,-279.538787901973,1.26876904417697,3,"Optimization has converged.",245,"not evaluated"
"246","CoopBreed","Syll.song.max",1.36873769390957e-10,0.12660507052173,-289.984927050459,1.2663103954483,0.0798898840102594,0.757458564784065,-269.381016508319,1.2658331839034,3,"Optimization has converged.",246,"not evaluated"
"247","CoopBreed","Syll.song.max",1.17437409922439e-07,0.12660507052173,-289.984927050459,1.2663103954483,0.0872745620601871,0.80523908906982,-275.95349123593,1.16185869226012,3,"Optimization has converged.",247,"not evaluated"
"248","CoopBreed","Syll.song.max",0.0972759099589348,0.12660507052173,-289.984927050459,1.2663103954483,0.131050896693969,0.0435902076690303,-288.61010361111,1.26633645421207,3,"Optimization has converged.",248,"not evaluated"
"249","CoopBreed","Syll.song.max",8.62432016806084e-13,0.12660507052173,-289.984927050459,1.2663103954483,0.0791231479377746,0.614189815998375,-264.417610700918,1.26635391332306,3,"Optimization has converged.",249,"not evaluated"
"250","CoopBreed","Syll.song.max",2.54682120865396e-09,0.12660507052173,-289.984927050459,1.2663103954483,0.086000060091063,0.723948769370506,-272.233519082717,1.03351241144035,3,"Optimization has converged.",250,"not evaluated"
"251","CoopBreed","Syll.song.max",6.98746430862581e-09,0.12660507052173,-289.984927050459,1.2663103954483,0.0846460150163075,0.798863770062882,-273.215780051264,1.33529127521462,3,"Optimization has converged.",251,"not evaluated"
"252","CoopBreed","Syll.song.max",4.07653829756016e-08,0.12660507052173,-289.984927050459,1.2663103954483,0.0849965336534708,1.41902558767604,-274.928579451467,1.26633927698243,3,"Optimization has converged.",252,"not evaluated"
"253","CoopBreed","Syll.song.max",9.25941159005645e-11,0.12660507052173,-289.984927050459,1.2663103954483,0.0799968813278664,0.766783561576786,-268.998972828918,1.2662427277827,3,"Optimization has converged.",253,"not evaluated"
"254","CoopBreed","Syll.song.max",1.19446354026827e-08,0.12660507052173,-289.984927050459,1.2663103954483,0.0841725478223959,1.23504939433348,-273.736994123985,1.39241036514183,3,"Optimization has converged.",254,"not evaluated"
"255","CoopBreed","Syll.song.max",1.018393658716e-11,0.12660507052173,-289.984927050459,1.2663103954483,0.0834113495789668,0.668183260296941,-266.83854503541,1.26625059246687,3,"Optimization has converged.",255,"not evaluated"
"256","CoopBreed","Syll.song.max",1.95824972392423e-12,0.12660507052173,-289.984927050459,1.2663103954483,0.0789179297634773,0.845853958568701,-265.222252216011,1.26640642145146,3,"Optimization has converged.",256,"not evaluated"
"257","CoopBreed","Syll.song.max",4.90514488174854e-10,0.12660507052173,-289.984927050459,1.2663103954483,0.0828115972279727,0.848485817454902,-270.627603736903,1.31170772225453,3,"Optimization has converged.",257,"not evaluated"
"258","CoopBreed","Syll.song.max",1.23661961202269e-06,0.12660507052173,-289.984927050459,1.2663103954483,0.0872217606773294,1.10771925841959,-278.225237968248,1.26613882338898,3,"Optimization has converged.",258,"not evaluated"
"259","CoopBreed","Syll.song.max",3.82569250579474e-10,0.12660507052173,-289.984927050459,1.2663103954483,0.084636878518795,1.02779752060055,-270.385001100548,1.29872070401573,3,"Optimization may not have converged.  Consider increasing maxit.",259,"not evaluated"
"260","CoopBreed","Syll.song.max",1.08685035649074e-09,0.12660507052173,-289.984927050459,1.2663103954483,0.0833864407045068,1.82665572677629,-271.403687898413,1.2677785597034,3,"Optimization has converged.",260,"not evaluated"
"261","CoopBreed","Syll.song.max",4.00549553595348e-10,0.12660507052173,-289.984927050459,1.2663103954483,0.0849488153802672,0.600772022048135,-270.429836006115,1.45110911602303,3,"Optimization has converged.",261,"not evaluated"
"262","CoopBreed","Syll.song.max",1.30758547659619e-11,0.12660507052173,-289.984927050459,1.2663103954483,0.0835571418937133,0.72529324041786,-267.083392726219,1.26646604198005,3,"Optimization has converged.",262,"not evaluated"
"263","CoopBreed","Syll.song.max",7.06746102429488e-10,0.12660507052173,-289.984927050459,1.2663103954483,0.0834552052732717,1.96540987341162,-270.983961024263,1.32955530573662,3,"Optimization has converged.",263,"not evaluated"
"264","CoopBreed","Syll.song.max",7.51524899048007e-11,0.12660507052173,-289.984927050459,1.2663103954483,0.084120042002759,0.540076279947802,-268.794898974264,1.31463816661323,3,"Optimization has converged.",264,"not evaluated"
"265","CoopBreed","Syll.song.max",8.20149835665485e-09,0.12660507052173,-289.984927050459,1.2663103954483,0.0858380165035594,0.703293162810781,-273.371557701954,1.26649172295072,3,"Optimization has converged.",265,"not evaluated"
"266","CoopBreed","Syll.song.max",6.26979841220137e-09,0.12660507052173,-289.984927050459,1.2663103954483,0.0869707470574225,1.24877626684821,-273.110376126036,1.26656300585531,3,"Optimization has converged.",266,"not evaluated"
"267","CoopBreed","Syll.song.max",1.49214949925551e-10,0.12660507052173,-289.984927050459,1.2663103954483,0.08053956101752,1.5218026182077,-269.465383161821,1.10770343518024,3,"Optimization has converged.",267,"not evaluated"
"268","CoopBreed","Syll.song.max",0.109499087009136,0.12660507052173,-289.984927050459,1.2663103954483,0.133872866677297,0.0514603984441235,-288.704209089291,1.26642325762243,3,"Optimization has converged.",268,"not evaluated"
"269","CoopBreed","Syll.song.max",3.34388617455845e-10,0.12660507052173,-289.984927050459,1.2663103954483,0.0837576326627793,0.915933382525739,-270.253584933443,1.45453444530494,3,"Optimization has converged.",269,"not evaluated"
"270","CoopBreed","Syll.song.max",4.14512294400324e-12,0.12660507052173,-289.984927050459,1.2663103954483,0.0781601773717004,1.47453717235326,-265.957622994599,1.26631417125723,3,"Optimization has converged.",270,"not evaluated"
"271","CoopBreed","Syll.song.max",1.32593648413615e-08,0.12660507052173,-289.984927050459,1.2663103954483,0.0847813295537246,1.35380496338874,-273.83845280128,1.3227898103483,3,"Optimization has converged.",271,"not evaluated"
"272","CoopBreed","Syll.song.max",2.59478591650494e-10,0.12660507052173,-289.984927050459,1.2663103954483,0.0832683327337362,1.45654425989071,-270.005911794352,1.37493327263184,3,"Optimization has converged.",272,"not evaluated"
"273","CoopBreed","Syll.song.max",8.01948532514077e-11,0.12660507052173,-289.984927050459,1.2663103954483,0.0838014941181482,0.575014748698142,-268.858402143874,1.2662630965319,3,"Optimization has converged.",273,"not evaluated"
"274","CoopBreed","Syll.song.max",2.37489512856059e-13,0.12660507052173,-289.984927050459,1.2663103954483,0.0782007499673467,0.57028168187371,-263.151302940973,1.40879577889159,3,"Optimization has converged.",274,"not evaluated"
"275","CoopBreed","Syll.song.max",3.26189470512249e-08,0.12660507052173,-289.984927050459,1.2663103954483,0.0863875907882334,0.911975177769639,-274.712361542525,1.06727238705499,3,"Optimization has converged.",275,"not evaluated"
"276","CoopBreed","Syll.song.max",1.81707159101088e-09,0.12660507052173,-289.984927050459,1.2663103954483,0.0838361841194499,1.74133652325835,-271.904625731464,1.34753322686928,3,"Optimization has converged.",276,"not evaluated"
"277","CoopBreed","Syll.song.max",1.11748153903802e-09,0.12660507052173,-289.984927050459,1.2663103954483,0.0847204976526355,0.768407455967707,-271.430786621103,1.26713737759621,3,"Optimization has converged.",277,"not evaluated"
"278","CoopBreed","Syll.song.max",3.1862665218207e-05,0.12660507052173,-289.984927050459,1.2663103954483,0.0870878435453373,1.56209967894664,-281.333258049375,1.2667979720735,3,"Optimization has converged.",278,"not evaluated"
"279","CoopBreed","Syll.song.max",1.91444920952555e-09,0.12660507052173,-289.984927050459,1.2663103954483,0.0846134571210809,1.3029796360631,-271.955489885601,1.3290052386771,3,"Optimization has converged.",279,"not evaluated"
"280","CoopBreed","Syll.song.max",1.21436257081809e-09,0.12660507052173,-289.984927050459,1.2663103954483,0.084207329170963,1.28766876975601,-271.511844100598,1.26658541497273,3,"Optimization has converged.",280,"not evaluated"
"281","CoopBreed","Syll.song.max",3.92631796148587e-07,0.12660507052173,-289.984927050459,1.2663103954483,0.086103459620369,1.64923385686072,-277.119820210463,1.3589869420442,3,"Optimization has converged.",281,"not evaluated"
"282","CoopBreed","Syll.song.max",1.25983497579036e-07,0.12660507052173,-289.984927050459,1.2663103954483,0.0867088741909242,1.06359589346628,-276.021457494911,1.48094776565827,3,"Optimization has converged.",282,"not evaluated"
"283","CoopBreed","Syll.song.max",3.69922563744518e-12,0.12660507052173,-289.984927050459,1.2663103954483,0.0826953822615531,0.761054283282013,-265.846043127409,1.07784551856759,3,"Optimization has converged.",283,"not evaluated"
"284","CoopBreed","Syll.song.max",1.89194795220511e-10,0.12660507052173,-289.984927050459,1.2663103954483,0.0853932310650593,0.543118616093849,-269.697337710374,1.09693887787705,3,"Optimization has converged.",284,"not evaluated"
"285","CoopBreed","Syll.song.max",7.19215839897026e-10,0.12660507052173,-289.984927050459,1.2663103954483,0.0835125546571222,2.77858533638537,-271.001022899919,1.4147579710594,3,"Optimization has converged.",285,"not evaluated"
"286","CoopBreed","Syll.song.max",2.56820495533096e-12,0.12660507052173,-289.984927050459,1.2663103954483,0.0825688830497809,0.623626771319548,-265.488208955152,1.30383980888602,3,"Optimization has converged.",286,"not evaluated"
"287","CoopBreed","Syll.song.max",1.87688863148143e-08,0.12660507052173,-289.984927050459,1.2663103954483,0.0839130380285556,2.67789222718772,-274.175963237498,1.26762352566346,3,"Optimization has converged.",287,"not evaluated"
"288","CoopBreed","Syll.song.max",3.23090459307479e-11,0.12660507052173,-289.984927050459,1.2663103954483,0.0840249759630426,0.628352591156734,-267.969046512815,1.2667244755524,3,"Optimization has converged.",288,"not evaluated"
"289","CoopBreed","Syll.song.max",5.25653602910488e-09,0.12660507052173,-289.984927050459,1.2663103954483,0.0841266238064029,1.58915589610558,-272.938897824884,1.43861652621026,3,"Optimization has converged.",289,"not evaluated"
"290","CoopBreed","Syll.song.max",2.20100075762442e-11,0.12660507052173,-289.984927050459,1.2663103954483,0.0837019323802596,0.874648950596251,-267.593313625485,1.26752878805854,3,"Optimization has converged.",290,"not evaluated"
"291","CoopBreed","Syll.song.max",7.03592856929764e-10,0.12660507052173,-289.984927050459,1.2663103954483,0.082050036753123,0.404354824688611,-270.979598809309,1.26606748342538,3,"Optimization has converged.",291,"not evaluated"
"292","CoopBreed","Syll.song.max",6.48077266026465e-12,0.12660507052173,-289.984927050459,1.2663103954483,0.0794053440061025,1.41673826526342,-266.395681459796,1.3235251618826,3,"Optimization has converged.",292,"not evaluated"
"293","CoopBreed","Syll.song.max",8.60024702784336e-09,0.12660507052173,-289.984927050459,1.2663103954483,0.085811387629109,0.616200288449023,-273.417714120685,1.26539261214809,3,"Optimization has converged.",293,"not evaluated"
"294","CoopBreed","Syll.song.max",7.98848736066393e-11,0.12660507052173,-289.984927050459,1.2663103954483,0.0842019463933767,0.830211376547973,-268.854615130289,1.29337185028722,3,"Optimization has converged.",294,"not evaluated"
"295","CoopBreed","Syll.song.max",1.94349099774586e-06,0.12660507052173,-289.984927050459,1.2663103954483,0.0873644865299721,1.73936140780598,-278.65987208098,1.26610796547845,3,"Optimization has converged.",295,"not evaluated"
"296","CoopBreed","Syll.song.max",4.44596085341031e-11,0.12660507052173,-289.984927050459,1.2663103954483,0.0842857365248596,0.765540391452457,-268.281429778949,1.2662927265876,3,"Optimization has converged.",296,"not evaluated"
"297","CoopBreed","Syll.song.max",1.04007721324774e-08,0.12660507052173,-289.984927050459,1.2663103954483,0.085022870085892,1.21138417997225,-273.602493097002,1.2980292813318,3,"Optimization has converged.",297,"not evaluated"
"298","CoopBreed","Syll.song.max",1.48129174398935e-09,0.12660507052173,-289.984927050459,1.2663103954483,0.0850920319398584,0.862085900295196,-271.70552347822,1.3194044313692,3,"Optimization has converged.",298,"not evaluated"
"299","CoopBreed","Syll.song.max",2.04437872642618e-08,0.12660507052173,-289.984927050459,1.2663103954483,0.0854000642839467,1.69832293600392,-274.258955268001,1.3696295792471,3,"Optimization has converged.",299,"not evaluated"
"300","CoopBreed","Syll.song.max",4.26827009439243e-11,0.12660507052173,-289.984927050459,1.2663103954483,0.0803023536933641,0.547258990637158,-268.241522805928,1.26629755448692,3,"Optimization has converged.",300,"not evaluated"
"301","CoopBreed","Syll.song.max",5.38863756909185e-08,0.12660507052173,-289.984927050459,1.2663103954483,0.0837941421361673,1.08643607110115,-275.199084206452,1.43793137240776,3,"Optimization has converged.",301,"not evaluated"
"302","CoopBreed","Syll.song.max",8.57835430328626e-12,0.12660507052173,-289.984927050459,1.2663103954483,0.0785956805850839,0.894643524120196,-266.670452239505,1.42218040576469,3,"Optimization has converged.",302,"not evaluated"
"303","CoopBreed","Syll.song.max",0.375866104103859,0.12660507052173,-289.984927050459,1.2663103954483,0.128671902746289,0.058929188866091,-289.592837569564,1.26629034538546,3,"Optimization has converged.",303,"not evaluated"
"304","CoopBreed","Syll.song.max",1.09091564222967e-13,0.12660507052173,-289.984927050459,1.2663103954483,0.0780756061161892,0.828439029176145,-262.386936486622,1.26621100736596,3,"Optimization has converged.",304,"not evaluated"
"305","CoopBreed","Syll.song.max",0.125741021447577,0.12660507052173,-289.984927050459,1.2663103954483,0.13257551953769,0.0587837034110447,-288.812770777527,1.33213678056247,3,"Optimization has converged.",305,"not evaluated"
"306","CoopBreed","Syll.song.max",1.04400477387454e-06,0.12660507052173,-289.984927050459,1.2663103954483,0.0857742745984572,1.40971606813858,-278.062314048702,1.26628242265535,3,"Optimization has converged.",306,"not evaluated"
"307","CoopBreed","Syll.song.max",2.83139810151934e-10,0.12660507052173,-289.984927050459,1.2663103954483,0.0833148851861056,1.44520736656729,-270.091136770324,1.33645892672756,3,"Optimization has converged.",307,"not evaluated"
"308","CoopBreed","Syll.song.max",2.94604408122949e-11,0.12660507052173,-289.984927050459,1.2663103954483,0.0845483521954011,0.836131477463745,-267.878711282292,1.26652768066745,3,"Optimization has converged.",308,"not evaluated"
"309","CoopBreed","Syll.song.max",7.01944167382258e-14,0.12660507052173,-289.984927050459,1.2663103954483,0.0702604614585497,1.09517433474791,-261.953550644489,1.16509703075512,3,"Optimization has converged.",309,"not evaluated"
"310","CoopBreed","Syll.song.max",1.35241648271905e-09,0.12660507052173,-289.984927050459,1.2663103954483,0.0855842259165859,1.05282687087113,-271.616805789638,1.26510959351375,3,"Optimization has converged.",310,"not evaluated"
"311","CoopBreed","Syll.song.max",3.07332443639244e-05,0.12660507052173,-289.984927050459,1.2663103954483,0.0857187993891043,4.5882614239036,-281.29896505512,1.35779255120282,3,"Optimization has converged.",311,"not evaluated"
"312","CoopBreed","Syll.song.max",5.55319464878473e-10,0.12660507052173,-289.984927050459,1.2663103954483,0.0837228470476171,1.14535640021055,-270.748699552309,1.26647301445668,3,"Optimization has converged.",312,"not evaluated"
"313","CoopBreed","Syll.song.max",0.000159460604727915,0.12660507052173,-289.984927050459,1.2663103954483,0.0884646409546773,2.04171078736872,-282.856391675112,1.26630274473521,3,"Optimization has converged.",313,"not evaluated"
"314","CoopBreed","Syll.song.max",2.01349123873591e-12,0.12660507052173,-289.984927050459,1.2663103954483,0.0820301111605371,1.00371955185601,-265.249540302505,1.28617893907966,3,"Optimization has converged.",314,"not evaluated"
"315","CoopBreed","Syll.song.max",1.10593115273918e-12,0.12660507052173,-289.984927050459,1.2663103954483,0.0789284478868221,0.59870329025127,-264.661673673213,1.26626177104442,3,"Optimization has converged.",315,"not evaluated"
"316","CoopBreed","Syll.song.max",5.96113448496497e-09,0.12660507052173,-289.984927050459,1.2663103954483,0.0863323865650002,0.893067960536616,-273.061270202025,1.26621007715772,3,"Optimization has converged.",316,"not evaluated"
"317","CoopBreed","Syll.song.max",6.47102940586052e-07,0.12660507052173,-289.984927050459,1.2663103954483,0.0854056758712199,2.04024171022578,-277.601644958391,1.26648885609733,3,"Optimization has converged.",317,"not evaluated"
"318","CoopBreed","Syll.song.max",1.02831022762256e-11,0.12660507052173,-289.984927050459,1.2663103954483,0.0817876501825212,1.25421159826245,-266.848038314218,1.3437641424193,3,"Optimization has converged.",318,"not evaluated"
"319","CoopBreed","Syll.song.max",4.61089918961359e-11,0.12660507052173,-289.984927050459,1.2663103954483,0.0833451521744605,1.48085216347017,-268.317069072965,1.32524730084136,3,"Optimization has converged.",319,"not evaluated"
"320","CoopBreed","Syll.song.max",1.10199446093297e-10,0.12660507052173,-289.984927050459,1.2663103954483,0.0834006615357049,1.54808036795432,-269.169143049752,1.34733313281192,3,"Optimization has converged.",320,"not evaluated"
"321","CoopBreed","Syll.song.max",2.01705645841778e-12,0.12660507052173,-289.984927050459,1.2663103954483,0.0793566979935677,0.630657449590742,-265.25127561648,1.36759511982401,3,"Optimization has converged.",321,"not evaluated"
"322","CoopBreed","Syll.song.max",4.27647722003045e-10,0.12660507052173,-289.984927050459,1.2663103954483,0.0841315249138315,0.889943562566581,-270.493736500467,1.04507312104318,3,"Optimization has converged.",322,"not evaluated"
"323","CoopBreed","Syll.song.max",3.04950011228406e-07,0.12660507052173,-289.984927050459,1.2663103954483,0.0856674173624526,1.35620928746747,-276.875874513884,1.44654170675937,3,"Optimization has converged.",323,"not evaluated"
"324","CoopBreed","Syll.song.max",1.0749299675624e-11,0.12660507052173,-289.984927050459,1.2663103954483,0.0836954248111481,0.574706705887946,-266.89147421103,1.26690851371134,3,"Optimization has converged.",324,"not evaluated"
"325","CoopBreed","Syll.song.max",1.12810628306334e-11,0.12660507052173,-289.984927050459,1.2663103954483,0.0799669857508288,0.843238144312563,-266.938774184991,1.04362620232907,3,"Optimization has converged.",325,"not evaluated"
"326","CoopBreed","Syll.song.max",9.06438406227501e-12,0.12660507052173,-289.984927050459,1.2663103954483,0.083789700141454,0.620832208986637,-266.724448845191,1.2666944898078,3,"Optimization has converged.",326,"not evaluated"
"327","CoopBreed","Syll.song.max",0.0172697359539722,0.12660507052173,-289.984927050459,1.2663103954483,0.0960382954483526,0.677758657913563,-287.150550944362,1.26626982851941,3,"Optimization has converged.",327,"not evaluated"
"328","CoopBreed","Syll.song.max",0.813383217288753,0.12660507052173,-289.984927050459,1.2663103954483,0.127873029261536,0.110404880404739,-289.957064007969,1.26615959600466,3,"Optimization has converged.",328,"not evaluated"
"329","CoopBreed","Syll.song.max",3.02411290455261e-10,0.12660507052173,-289.984927050459,1.2663103954483,0.0841218926522455,0.897862387912012,-270.155438009398,1.2664174829818,3,"Optimization has converged.",329,"not evaluated"
"330","CoopBreed","Syll.song.max",5.33943995198609e-11,0.12660507052173,-289.984927050459,1.2663103954483,0.0839403101437507,1.15756783072765,-268.460582825121,1.28659469754327,3,"Optimization has converged.",330,"not evaluated"
"331","CoopBreed","Syll.song.max",0.335501809509713,0.12660507052173,-289.984927050459,1.2663103954483,0.129943206995225,0.0751914423572381,-289.521154820411,1.2662953497513,3,"Optimization has converged.",331,"not evaluated"
"332","CoopBreed","Syll.song.max",9.58815872490858e-10,0.12660507052173,-289.984927050459,1.2663103954483,0.0861973709014788,0.645358099071402,-271.281469714027,1.26664656242241,3,"Optimization has converged.",332,"not evaluated"
"333","CoopBreed","Syll.song.max",2.23000626919268e-09,0.12660507052173,-289.984927050459,1.2663103954483,0.0840209995884941,1.30217399198132,-272.104128822952,1.44410791841896,3,"Optimization has converged.",333,"not evaluated"
"334","CoopBreed","Syll.song.max",3.48778969485219e-12,0.12660507052173,-289.984927050459,1.2663103954483,0.0786204885874815,1.27463626617663,-265.788336753446,1.26646024258714,3,"Optimization has converged.",334,"not evaluated"
"335","CoopBreed","Syll.song.max",1.96650589698981e-08,0.12660507052173,-289.984927050459,1.2663103954483,0.0848792116895499,1.49488802610866,-274.221250823785,1.26666813746657,3,"Optimization has converged.",335,"not evaluated"
"336","CoopBreed","Syll.song.max",4.30775374738183e-10,0.12660507052173,-289.984927050459,1.2663103954483,0.0821976869761165,1.20687320708853,-270.500849356562,1.00646823955454,3,"Optimization has converged.",336,"not evaluated"
"337","CoopBreed","Syll.song.max",1.81362827204122e-08,0.12660507052173,-289.984927050459,1.2663103954483,0.0851692112275748,0.942708069855289,-274.142671193555,1.20364743987198,3,"Optimization has converged.",337,"not evaluated"
"338","CoopBreed","Syll.song.max",6.08347976776614e-11,0.12660507052173,-289.984927050459,1.2663103954483,0.0796411721367455,0.759830488952865,-268.588190522818,1.26646889437078,3,"Optimization has converged.",338,"not evaluated"
"339","CoopBreed","Syll.song.max",0.703049851367925,0.12660507052173,-289.984927050459,1.2663103954483,0.124948011437918,0.155303567767874,-289.912267762747,1.28608957898574,3,"Optimization has converged.",339,"not evaluated"
"340","CoopBreed","Syll.song.max",1.31580825980911e-10,0.12660507052173,-289.984927050459,1.2663103954483,0.0815160994288293,0.741107571377013,-269.342472563492,1.26605309026272,3,"Optimization has converged.",340,"not evaluated"
"341","CoopBreed","Syll.song.max",1.0484578510839e-11,0.12660507052173,-289.984927050459,1.2663103954483,0.0778151203145115,1.35498718266088,-266.867046935944,1.26646784358527,3,"Optimization has converged.",341,"not evaluated"
"342","CoopBreed","Syll.song.max",4.0575383514948e-09,0.12660507052173,-289.984927050459,1.2663103954483,0.0850349198827309,1.01115280392234,-272.686962221762,1.41447400214343,3,"Optimization has converged.",342,"not evaluated"
"343","CoopBreed","Syll.song.max",6.43376440574256e-10,0.12660507052173,-289.984927050459,1.2663103954483,0.0837126138949569,1.87817182627584,-270.892313076549,1.36403211681315,3,"Optimization has converged.",343,"not evaluated"
"344","CoopBreed","Syll.song.max",1.14696419719276e-10,0.12660507052173,-289.984927050459,1.2663103954483,0.0843904251195729,1.22922380110425,-269.208240534238,1.28379045412465,3,"Optimization has converged.",344,"not evaluated"
"345","CoopBreed","Syll.song.max",4.13336040647115e-08,0.12660507052173,-289.984927050459,1.2663103954483,0.0870502290147571,0.542080608790912,-274.942001718458,1.29628430996671,3,"Optimization has converged.",345,"not evaluated"
"346","CoopBreed","Syll.song.max",5.21112532041155e-10,0.12660507052173,-289.984927050459,1.2663103954483,0.0811972795172995,1.07520107924106,-270.686657636637,1.2666553486116,3,"Optimization has converged.",346,"not evaluated"
"347","CoopBreed","Syll.song.max",8.54007032110656e-13,0.12660507052173,-289.984927050459,1.2663103954483,0.0830425345021338,0.72885341746678,-264.407975462444,1.32088978533141,3,"Optimization has converged.",347,"not evaluated"
"348","CoopBreed","Syll.song.max",7.50140151713953e-13,0.12660507052173,-289.984927050459,1.2663103954483,0.0817457443959651,0.803199320241654,-264.280689691641,1.26666955799794,3,"Optimization has converged.",348,"not evaluated"
"349","CoopBreed","Syll.song.max",0.505747057968066,0.12660507052173,-289.984927050459,1.2663103954483,0.12869444862933,0.0938372101371238,-289.763498905549,1.26628002040198,3,"Optimization has converged.",349,"not evaluated"
"350","CoopBreed","Syll.song.max",1.00671397804468e-11,0.12660507052173,-289.984927050459,1.2663103954483,0.0827563151379552,1.11658195342286,-266.827244528894,1.37444436971832,3,"Optimization has converged.",350,"not evaluated"
"351","CoopBreed","Syll.song.max",2.10399067422757e-10,0.12660507052173,-289.984927050459,1.2663103954483,0.0846413878498623,0.999011905210139,-269.8011157714,1.26634610536347,3,"Optimization has converged.",351,"not evaluated"
"352","CoopBreed","Syll.song.max",1.92962522462497e-10,0.12660507052173,-289.984927050459,1.2663103954483,0.0841035814584661,0.937235115866503,-269.716602498481,1.40542427099051,3,"Optimization has converged.",352,"not evaluated"
"353","CoopBreed","Syll.song.max",7.91105524702287e-10,0.12660507052173,-289.984927050459,1.2663103954483,0.0844707511802209,0.949550527020157,-271.093954264985,1.2660642285875,3,"Optimization has converged.",353,"not evaluated"
"354","CoopBreed","Syll.song.max",1.98028047740803e-09,0.12660507052173,-289.984927050459,1.2663103954483,0.0846292837293349,0.855029815082732,-271.988428965503,1.2681607253248,3,"Optimization has converged.",354,"not evaluated"
"355","CoopBreed","Syll.song.max",7.89392865251505e-12,0.12660507052173,-289.984927050459,1.2663103954483,0.082591801796836,1.35856100671841,-266.588980533476,1.3343835131065,3,"Optimization has converged.",355,"not evaluated"
"356","CoopBreed","Syll.song.max",3.49123859731191e-07,0.12660507052173,-289.984927050459,1.2663103954483,0.0858156237489603,1.27198697837285,-277.006472940338,1.30582960286829,3,"Optimization has converged.",356,"not evaluated"
"357","CoopBreed","Syll.song.max",2.09748529589802e-09,0.12660507052173,-289.984927050459,1.2663103954483,0.0841371393480281,1.26043779187009,-272.044447487783,1.31023377293183,3,"Optimization has converged.",357,"not evaluated"
"358","CoopBreed","Syll.song.max",2.02502529132838e-09,0.12660507052173,-289.984927050459,1.2663103954483,0.0816341977090658,0.768387928034665,-272.010197244503,1.26628658675235,3,"Optimization has converged.",358,"not evaluated"
"359","CoopBreed","Syll.song.max",2.20409925165167e-08,0.12660507052173,-289.984927050459,1.2663103954483,0.0864436170342388,0.896896047540496,-274.331982007841,1.26644292539921,3,"Optimization has converged.",359,"not evaluated"
"360","CoopBreed","Syll.song.max",8.03048191002168e-10,0.12660507052173,-289.984927050459,1.2663103954483,0.085140866278244,1.08839258666183,-271.108568868008,1.2950386640482,3,"Optimization has converged.",360,"not evaluated"
"361","CoopBreed","Syll.song.max",1.37649190467114e-09,0.12660507052173,-289.984927050459,1.2663103954483,0.0856113622123813,1.12370263936869,-271.634005169008,1.32867605374318,3,"Optimization has converged.",361,"not evaluated"
"362","CoopBreed","Syll.song.max",3.47696844906239e-10,0.12660507052173,-289.984927050459,1.2663103954483,0.086418445183317,0.520175604789862,-270.291689302649,1.05324953867287,3,"Optimization has converged.",362,"not evaluated"
"363","CoopBreed","Syll.song.max",7.0743490980624e-07,0.12660507052173,-289.984927050459,1.2663103954483,0.0891015819397198,0.446021670715791,-277.687542278668,1.26624104407089,3,"Optimization has converged.",363,"not evaluated"
"364","CoopBreed","Syll.song.max",1.16971868355207e-10,0.12660507052173,-289.984927050459,1.2663103954483,0.0841431431055935,0.863462178420444,-269.227442837348,1.26645556290819,3,"Optimization has converged.",364,"not evaluated"
"365","CoopBreed","Syll.song.max",4.23874363277123e-07,0.12660507052173,-289.984927050459,1.2663103954483,0.0855494694748126,2.09567001648512,-277.193695661251,1.31287279098196,3,"Optimization has converged.",365,"not evaluated"
"366","CoopBreed","Syll.song.max",2.98442613226433e-06,0.12660507052173,-289.984927050459,1.2663103954483,0.0865064407340725,2.36919930373879,-279.071654842167,1.26631223207013,3,"Optimization has converged.",366,"not evaluated"
"367","CoopBreed","Syll.song.max",2.75082518858358e-09,0.12660507052173,-289.984927050459,1.2663103954483,0.0863278438702155,0.987065660768473,-272.308561345676,1.26701778668401,3,"Optimization has converged.",367,"not evaluated"
"368","CoopBreed","Syll.song.max",0.680348342991614,0.12660507052173,-289.984927050459,1.2663103954483,0.127760973553961,0.0869072681464499,-289.900060064205,1.26625701949483,3,"Optimization has converged.",368,"not evaluated"
"369","CoopBreed","Syll.song.max",1.08191986283543e-11,0.12660507052173,-289.984927050459,1.2663103954483,0.0840132481953078,0.629436297983371,-266.897823714777,1.39529869059164,3,"Optimization has converged.",369,"not evaluated"
"370","CoopBreed","Syll.song.max",2.00103471017408e-10,0.12660507052173,-289.984927050459,1.2663103954483,0.0794482410742147,1.3517810285211,-269.752103299062,1.26669635049258,3,"Optimization has converged.",370,"not evaluated"
"371","CoopBreed","Syll.song.max",1.03884616511159e-11,0.12660507052173,-289.984927050459,1.2663103954483,0.0830096230925788,1.27762622363551,-266.858024656508,1.3196295094324,3,"Optimization has converged.",371,"not evaluated"
"372","CoopBreed","Syll.song.max",1.15280725541244e-09,0.12660507052173,-289.984927050459,1.2663103954483,0.0852138970292366,0.966867347087,-271.461129930383,1.26642390216284,3,"Optimization has converged.",372,"not evaluated"
"373","CoopBreed","Syll.song.max",4.40189818470213e-12,0.12660507052173,-289.984927050459,1.2663103954483,0.0823165856154458,0.673563254022163,-266.016545258023,1.26675603036835,3,"Optimization has converged.",373,"not evaluated"
"374","CoopBreed","Syll.song.max",4.83116920310461e-10,0.12660507052173,-289.984927050459,1.2663103954483,0.0844988361439653,0.824673156708837,-270.61277293312,1.46291368596991,3,"Optimization has converged.",374,"not evaluated"
"375","CoopBreed","Syll.song.max",0.480326011520533,0.12660507052173,-289.984927050459,1.2663103954483,0.130611084898989,0.0812931913316195,-289.735865537745,1.26638008908439,3,"Optimization has converged.",375,"not evaluated"
"376","CoopBreed","Syll.song.max",1.1665440738607e-10,0.12660507052173,-289.984927050459,1.2663103954483,0.0840617796333302,0.898833093109374,-269.224786372408,1.26614211806613,3,"Optimization has converged.",376,"not evaluated"
"377","CoopBreed","Syll.song.max",3.71478254654705e-10,0.12660507052173,-289.984927050459,1.2663103954483,0.0793263348872422,1.48525672907053,-270.35628058133,1.2452179058501,3,"Optimization has converged.",377,"not evaluated"
"378","CoopBreed","Syll.song.max",7.04799086685022e-13,0.12660507052173,-289.984927050459,1.2663103954483,0.0793318338283023,0.614936304928584,-264.219489209056,1.34923832526631,3,"Optimization has converged.",378,"not evaluated"
"379","CoopBreed","Syll.song.max",1.53653372068214e-08,0.12660507052173,-289.984927050459,1.2663103954483,0.0856671484611054,0.983452858740706,-273.981650471418,1.26643723077958,3,"Optimization has converged.",379,"not evaluated"
"380","CoopBreed","Syll.song.max",9.37665647712212e-09,0.12660507052173,-289.984927050459,1.2663103954483,0.0874299345462075,0.442699801637503,-273.501738772647,1.2663777579383,3,"Optimization has converged.",380,"not evaluated"
"381","CoopBreed","Syll.song.max",0.547517606687679,0.12660507052173,-289.984927050459,1.2663103954483,0.123760561068583,0.159917978597776,-289.804035496278,1.26631068067185,3,"Optimization has converged.",381,"not evaluated"
"382","CoopBreed","Syll.song.max",4.27776100786111e-11,0.12660507052173,-289.984927050459,1.2663103954483,0.0833017859530237,0.996107271205929,-268.243696029217,1.32813413176977,3,"Optimization has converged.",382,"not evaluated"
"383","CoopBreed","Syll.song.max",9.06191505422476e-12,0.12660507052173,-289.984927050459,1.2663103954483,0.0790914875045845,0.617826591167504,-266.724181936143,1.26716096162221,3,"Optimization has converged.",383,"not evaluated"
"384","CoopBreed","Syll.song.max",0.00402348330837022,0.12660507052173,-289.984927050459,1.2663103954483,0.0898788193736296,2.07280199698226,-285.848333875755,1.09805170678194,3,"Optimization has converged.",384,"not evaluated"
"385","CoopBreed","Syll.song.max",8.5984403117245e-07,0.12660507052173,-289.984927050459,1.2663103954483,0.0880705685499586,1.15754581531272,-277.875477764637,1.26625087999058,3,"Optimization has converged.",385,"not evaluated"
"386","CoopBreed","Syll.song.max",0.345703136831768,0.12660507052173,-289.984927050459,1.2663103954483,0.129675998544873,0.0766198102666915,-289.540343539381,1.26609486055364,3,"Optimization has converged.",386,"not evaluated"
"387","CoopBreed","Syll.song.max",1.40975472052451e-06,0.12660507052173,-289.984927050459,1.2663103954483,0.0885005104264879,0.787749534480643,-278.351269279357,1.26630657071941,3,"Optimization has converged.",387,"not evaluated"
"388","CoopBreed","Syll.song.max",0.0595803023895844,0.12660507052173,-289.984927050459,1.2663103954483,0.132234770975774,0.0367032031330329,-288.210412497877,1.26622834059316,3,"Optimization has converged.",388,"not evaluated"
"389","CoopBreed","Syll.song.max",3.27774829776221e-10,0.12660507052173,-289.984927050459,1.2663103954483,0.0788290212085511,3.25811488885071,-270.234079658624,1.33208161878468,3,"Optimization has converged.",389,"not evaluated"
"390","CoopBreed","Syll.song.max",5.34890514850744e-10,0.12660507052173,-289.984927050459,1.2663103954483,0.0842011476366744,0.589687645891187,-270.712123947984,1.26594458665967,3,"Optimization has converged.",390,"not evaluated"
"391","CoopBreed","Syll.song.max",2.9797420682557e-11,0.12660507052173,-289.984927050459,1.2663103954483,0.0838031194439563,0.779988779942649,-267.8898431832,1.2664718684871,3,"Optimization has converged.",391,"not evaluated"
"392","CoopBreed","Syll.song.max",8.39574318738877e-12,0.12660507052173,-289.984927050459,1.2663103954483,0.0825824396995803,0.594485551243966,-266.649369328281,1.46166522575247,3,"Optimization has converged.",392,"not evaluated"
"393","CoopBreed","Syll.song.max",1.51697686268089e-06,0.12660507052173,-289.984927050459,1.2663103954483,0.0866923729513027,2.32266343861668,-278.42175297133,1.26608947103707,3,"Optimization has converged.",393,"not evaluated"
"394","CoopBreed","Syll.song.max",6.98336841309318e-12,0.12660507052173,-289.984927050459,1.2663103954483,0.0796204541985433,0.682318039098707,-266.468879077148,1.4036729719956,3,"Optimization has converged.",394,"not evaluated"
"395","CoopBreed","Syll.song.max",1.35201943644038e-11,0.12660507052173,-289.984927050459,1.2663103954483,0.0810182175470147,0.584026167853687,-267.116122986344,1.26666875710166,3,"Optimization has converged.",395,"not evaluated"
"396","CoopBreed","Syll.song.max",0.802982588588685,0.12660507052173,-289.984927050459,1.2663103954483,0.125458081105897,0.160733350599625,-289.953804682773,1.26637027048979,3,"Optimization has converged.",396,"not evaluated"
"397","CoopBreed","Syll.song.max",2.13305778714602e-12,0.12660507052173,-289.984927050459,1.2663103954483,0.0832016144883294,0.777547474799061,-265.30612384483,1.44721508131033,3,"Optimization has converged.",397,"not evaluated"
"398","CoopBreed","Syll.song.max",0.440510037474871,0.12660507052173,-289.984927050459,1.2663103954483,0.135903827190777,0.0468266427688039,-289.687450351436,1.3317429595021,3,"Optimization has converged.",398,"not evaluated"
"399","CoopBreed","Syll.song.max",4.84553106293515e-11,0.12660507052173,-289.984927050459,1.2663103954483,0.0838666851837515,0.787553917410696,-268.365627935205,1.30754674057158,3,"Optimization has converged.",399,"not evaluated"
"400","CoopBreed","Syll.song.max",1.2573306849402e-10,0.12660507052173,-289.984927050459,1.2663103954483,0.0836543154574218,2.16562326660676,-269.298040823346,1.27481770047467,3,"Optimization has converged.",400,"not evaluated"
"401","CoopBreed","Syll.song.max",2.60304701448642e-09,0.12660507052173,-289.984927050459,1.2663103954483,0.0864176662622833,0.41678076759417,-272.254786202458,1.12379953644833,3,"Optimization has converged.",401,"not evaluated"
"402","CoopBreed","Syll.song.max",5.50657685811431e-11,0.12660507052173,-289.984927050459,1.2663103954483,0.0840977327937384,0.729622522757574,-268.490733679674,1.37814696848518,3,"Optimization has converged.",402,"not evaluated"
"403","CoopBreed","Syll.song.max",7.85502726401727e-06,0.12660507052173,-289.984927050459,1.2663103954483,0.0859030223035161,1.39778855615614,-279.998510222493,1.26594315222075,3,"Optimization has converged.",403,"not evaluated"
"404","CoopBreed","Syll.song.max",1.99501306642513e-06,0.12660507052173,-289.984927050459,1.2663103954483,0.0863513196058601,1.55115558579699,-278.685007467669,1.35310873077191,3,"Optimization has converged.",404,"not evaluated"
"405","CoopBreed","Syll.song.max",1.37090513578198e-12,0.12660507052173,-289.984927050459,1.2663103954483,0.0805162640329344,0.806593185869789,-264.872429812528,1.26674690534835,3,"Optimization has converged.",405,"not evaluated"
"406","CoopBreed","Syll.song.max",0.541282398413105,0.12660507052173,-289.984927050459,1.2663103954483,0.123502027264379,0.217505621116311,-289.79834297467,1.26645996728673,3,"Optimization has converged.",406,"not evaluated"
"407","CoopBreed","Syll.song.max",4.44784407287557e-09,0.12660507052173,-289.984927050459,1.2663103954483,0.0829437387906507,0.527782728538676,-272.776346947229,1.26677895484046,3,"Optimization has converged.",407,"not evaluated"
"408","CoopBreed","Syll.song.max",5.35404007369449e-06,0.12660507052173,-289.984927050459,1.2663103954483,0.0802295187624473,8.5497405674642,-279.631792079269,1.2662618237298,3,"Optimization has converged.",408,"not evaluated"
"409","CoopBreed","Syll.song.max",1.1932759382052e-06,0.12660507052173,-289.984927050459,1.2663103954483,0.0865458097623288,2.43101446556883,-278.190912717077,1.26653806812895,3,"Optimization has converged.",409,"not evaluated"
"410","CoopBreed","Syll.song.max",2.3759599079782e-10,0.12660507052173,-289.984927050459,1.2663103954483,0.0844470781959667,0.694635417323658,-269.919862241629,1.26640465240876,3,"Optimization has converged.",410,"not evaluated"
"411","CoopBreed","Syll.song.max",8.87865683209258e-13,0.12660507052173,-289.984927050459,1.2663103954483,0.0823006031707024,0.737823453113441,-264.446136647664,1.26965207466366,3,"Optimization has converged.",411,"not evaluated"
"412","CoopBreed","Syll.song.max",7.52451593305208e-09,0.12660507052173,-289.984927050459,1.2663103954483,0.0865997057925376,0.667950288857107,-273.287789804397,1.23799711590461,3,"Optimization may not have converged.  Consider increasing maxit.",412,"not evaluated"
"413","CoopBreed","Syll.song.max",4.49304705530772e-10,0.12660507052173,-289.984927050459,1.2663103954483,0.0842972936375093,1.22228635450241,-270.541956224447,1.32540172216168,3,"Optimization has converged.",413,"not evaluated"
"414","CoopBreed","Syll.song.max",1.20257427235169e-07,0.12660507052173,-289.984927050459,1.2663103954483,0.0855125812418255,2.1114249636917,-275.97645161942,1.53045275496412,3,"Optimization has converged.",414,"not evaluated"
"415","CoopBreed","Syll.song.max",1.88856585474247e-12,0.12660507052173,-289.984927050459,1.2663103954483,0.0830385130320536,0.862833423888017,-265.186709635597,1.29383044691978,3,"Optimization has converged.",415,"not evaluated"
"416","CoopBreed","Syll.song.max",0.00025082778922034,0.12660507052173,-289.984927050459,1.2663103954483,0.090074152252954,1.17662586572288,-283.281953538249,1.18956486180842,3,"Optimization has converged.",416,"not evaluated"
"417","CoopBreed","Syll.song.max",1.61478616060507e-09,0.12660507052173,-289.984927050459,1.2663103954483,0.085091375103279,0.792959273358732,-271.789617854898,1.1697782716665,3,"Optimization has converged.",417,"not evaluated"
"418","CoopBreed","Syll.song.max",3.53259053587056e-10,0.12660507052173,-289.984927050459,1.2663103954483,0.0842506057484258,0.545867442644119,-270.307184266056,1.26650704595566,3,"Optimization has converged.",418,"not evaluated"
"419","CoopBreed","Syll.song.max",8.9914651066745e-07,0.12660507052173,-289.984927050459,1.2663103954483,0.083755386517094,5.86098262655156,-277.918516126774,1.3084442503602,3,"Optimization has converged.",419,"not evaluated"
"420","CoopBreed","Syll.song.max",0.669373770256019,0.12660507052173,-289.984927050459,1.2663103954483,0.129689992684654,0.0906220741328753,-289.893759292397,1.31451956928958,3,"Optimization has converged.",420,"not evaluated"
"421","CoopBreed","Syll.song.max",0.781147756239757,0.12660507052173,-289.984927050459,1.2663103954483,0.129103883933845,0.0864941760906047,-289.946334067705,1.26312578832581,3,"Optimization has converged.",421,"not evaluated"
"422","CoopBreed","Syll.song.max",1.80005386009941e-06,0.12660507052173,-289.984927050459,1.2663103954483,0.0851984263636062,4.1916675641658,-278.586207394329,1.34327252772173,3,"Optimization has converged.",422,"not evaluated"
"423","CoopBreed","Syll.song.max",5.87153275101281e-07,0.12660507052173,-289.984927050459,1.2663103954483,0.0856903838981197,2.41667659315578,-277.507939214509,1.26653150822306,3,"Optimization has converged.",423,"not evaluated"
"424","CoopBreed","Syll.song.max",4.04879854722859e-08,0.12660507052173,-289.984927050459,1.2663103954483,0.0851411477645589,1.86087917749786,-274.921958650094,1.17983151593482,3,"Optimization has converged.",424,"not evaluated"
"425","CoopBreed","Syll.song.max",9.50088982559261e-08,0.12660507052173,-289.984927050459,1.2663103954483,0.0868606503128293,0.905145413774569,-275.748372040173,1.26629176207618,3,"Optimization has converged.",425,"not evaluated"
"426","CoopBreed","Syll.song.max",2.34421796170942e-08,0.12660507052173,-289.984927050459,1.2663103954483,0.0853544549279878,1.61651174659863,-274.391806840206,1.26714548078252,3,"Optimization has converged.",426,"not evaluated"
"427","CoopBreed","Syll.song.max",2.629905182403e-08,0.12660507052173,-289.984927050459,1.2663103954483,0.084593187247707,2.3113918152838,-274.50341205707,1.30301568894497,3,"Optimization has converged.",427,"not evaluated"
"428","CoopBreed","Syll.song.max",2.03979725505688e-10,0.12660507052173,-289.984927050459,1.2663103954483,0.0793462229094019,1.43543602275604,-269.770846418542,1.42170458154376,3,"Optimization has converged.",428,"not evaluated"
"429","CoopBreed","Syll.song.max",0.0676644709922359,0.12660507052173,-289.984927050459,1.2663103954483,0.0955884216916396,0.81209060867518,-288.31553351155,1.26595578003978,3,"Optimization has converged.",429,"not evaluated"
"430","CoopBreed","Syll.song.max",0.0855820097330132,0.12660507052173,-289.984927050459,1.2663103954483,0.134253762458161,0.0459433588841876,-288.507140970978,1.26637041059869,3,"Optimization has converged.",430,"not evaluated"
"431","CoopBreed","Syll.song.max",2.15093695252683e-05,0.12660507052173,-289.984927050459,1.2663103954483,0.0863344136351349,2.4248707281021,-280.959551171304,1.47791927231234,3,"Optimization has converged.",431,"not evaluated"
"432","CoopBreed","Syll.song.max",2.98887369967627e-11,0.12660507052173,-289.984927050459,1.2663103954483,0.085084703804382,1.22554348637075,-267.892838059726,1.31030060175703,3,"Optimization has converged.",432,"not evaluated"
"433","CoopBreed","Syll.song.max",1.44203007727841e-12,0.12660507052173,-289.984927050459,1.2663103954483,0.0829216728483211,0.840726410134443,-264.92205740701,1.34123835010228,3,"Optimization has converged.",433,"not evaluated"
"434","CoopBreed","Syll.song.max",1.10706716464671e-09,0.12660507052173,-289.984927050459,1.2663103954483,0.0851064058880517,1.22038851113743,-271.4216576148,1.39287017233882,3,"Optimization has converged.",434,"not evaluated"
"435","CoopBreed","Syll.song.max",1.49973237192845e-11,0.12660507052173,-289.984927050459,1.2663103954483,0.0835381719573372,0.572245033834343,-267.2176733581,1.26828409105685,3,"Optimization has converged.",435,"not evaluated"
"436","CoopBreed","Syll.song.max",6.01168064304214e-10,0.12660507052173,-289.984927050459,1.2663103954483,0.0849599025743361,0.719083198916292,-270.82610789447,1.26653943521082,3,"Optimization may not have converged.  Consider increasing maxit.",436,"not evaluated"
"437","CoopBreed","Syll.song.max",0.000410531444844753,0.12660507052173,-289.984927050459,1.2663103954483,0.089298602889405,1.53773218923621,-283.743106973039,1.26619914998578,3,"Optimization has converged.",437,"not evaluated"
"438","CoopBreed","Syll.song.max",1.91544910653836e-11,0.12660507052173,-289.984927050459,1.2663103954483,0.0830088806036069,1.12224101796423,-267.457260539342,1.29214834039493,3,"Optimization has converged.",438,"not evaluated"
"439","CoopBreed","Syll.song.max",3.79086095618621e-10,0.12660507052173,-289.984927050459,1.2663103954483,0.0833420117329973,1.23252939762658,-270.376072128316,1.35307083257102,3,"Optimization has converged.",439,"not evaluated"
"440","CoopBreed","Syll.song.max",3.1797692600841e-11,0.12660507052173,-289.984927050459,1.2663103954483,0.0837873166573146,1.04532294928692,-267.953432939798,1.26708578553579,3,"Optimization has converged.",440,"not evaluated"
"441","CoopBreed","Syll.song.max",1.26922096177969e-09,0.12660507052173,-289.984927050459,1.2663103954483,0.084586503579257,1.4211439653927,-271.554916965392,1.51712390107786,3,"Optimization has converged.",441,"not evaluated"
"442","CoopBreed","Syll.song.max",1.14984767704999e-08,0.12660507052173,-289.984927050459,1.2663103954483,0.0854797350355699,1.0845464858423,-273.700002427628,1.26624286534252,3,"Optimization has converged.",442,"not evaluated"
"443","CoopBreed","Syll.song.max",1.29981109128847e-09,0.12660507052173,-289.984927050459,1.2663103954483,0.0849423923204532,1.42366707774247,-271.578132696965,1.34619318795588,3,"Optimization has converged.",443,"not evaluated"
"444","CoopBreed","Syll.song.max",1.75239933087686e-08,0.12660507052173,-289.984927050459,1.2663103954483,0.0855598882266885,0.648118729562159,-274.109321388487,1.02371154807861,3,"Optimization has converged.",444,"not evaluated"
"445","CoopBreed","Syll.song.max",1.88899924102064e-06,0.12660507052173,-289.984927050459,1.2663103954483,0.0891563192158141,0.67288499289662,-278.632549940848,1.26675064853079,3,"Optimization has converged.",445,"not evaluated"
"446","CoopBreed","Syll.song.max",6.08392708557313e-07,0.12660507052173,-289.984927050459,1.2663103954483,0.0868680773736703,1.3942630500122,-277.54219235713,1.26688202802533,3,"Optimization has converged.",446,"not evaluated"
"447","CoopBreed","Syll.song.max",6.2578055775465e-10,0.12660507052173,-289.984927050459,1.2663103954483,0.0813930919915266,0.623930419980703,-270.865257899643,1.26544017021276,3,"Optimization has converged.",447,"not evaluated"
"448","CoopBreed","Syll.song.max",9.47899455877836e-12,0.12660507052173,-289.984927050459,1.2663103954483,0.0799117539948922,0.565965561225883,-266.768268173028,1.26659317233437,3,"Optimization has converged.",448,"not evaluated"
"449","CoopBreed","Syll.song.max",2.20068573176429e-12,0.12660507052173,-289.984927050459,1.2663103954483,0.0831626262710951,0.679520797467954,-265.336738608659,1.26727325659644,3,"Optimization has converged.",449,"not evaluated"
"450","CoopBreed","Syll.song.max",0.746725765182921,0.12660507052173,-289.984927050459,1.2663103954483,0.128525175517304,0.0897981732261621,-289.932775567617,1.26634918515992,3,"Optimization has converged.",450,"not evaluated"
"451","CoopBreed","Syll.song.max",4.01732214920701e-12,0.12660507052173,-289.984927050459,1.2663103954483,0.0835312334368298,0.710641739194648,-265.926920443859,1.33264427358656,3,"Optimization has converged.",451,"not evaluated"
"452","CoopBreed","Syll.song.max",2.99827073402714e-08,0.12660507052173,-289.984927050459,1.2663103954483,0.0852115323570592,2.19167153101986,-274.630607228925,1.35548747772948,3,"Optimization has converged.",452,"not evaluated"
"453","CoopBreed","Syll.song.max",1.12947929733236e-10,0.12660507052173,-289.984927050459,1.2663103954483,0.084954958288194,0.88600443764258,-269.193224285777,1.42163464037126,3,"Optimization has converged.",453,"not evaluated"
"454","CoopBreed","Syll.song.max",2.94982612393266e-08,0.12660507052173,-289.984927050459,1.2663103954483,0.083559757568726,1.32298723694711,-274.614803091903,1.36442455377464,3,"Optimization has converged.",454,"not evaluated"
"455","CoopBreed","Syll.song.max",4.56361545475618e-08,0.12660507052173,-289.984927050459,1.2663103954483,0.083635598779868,4.00731835308596,-275.038009447576,1.31236441751466,3,"Optimization has converged.",455,"not evaluated"
"456","CoopBreed","Syll.song.max",5.77734932228096e-12,0.12660507052173,-289.984927050459,1.2663103954483,0.0833505426279135,0.635081028786212,-266.283076363891,1.26644061115635,3,"Optimization has converged.",456,"not evaluated"
"457","CoopBreed","Syll.song.max",2.91310019564155e-08,0.12660507052173,-289.984927050459,1.2663103954483,0.0866363662933169,0.791859275852531,-274.602647701103,1.47189900327244,3,"Optimization has converged.",457,"not evaluated"
"458","CoopBreed","Syll.song.max",1.90720418789156e-11,0.12660507052173,-289.984927050459,1.2663103954483,0.0829172582847705,1.92024322662626,-267.453036792653,1.3305268960879,3,"Optimization has converged.",458,"not evaluated"
"459","CoopBreed","Syll.song.max",1.79109361245342e-11,0.12660507052173,-289.984927050459,1.2663103954483,0.0832381522664647,1.45822888286089,-267.39153311754,1.32299032727067,3,"Optimization has converged.",459,"not evaluated"
"460","CoopBreed","Syll.song.max",8.78780224366395e-12,0.12660507052173,-289.984927050459,1.2663103954483,0.0836463126611965,0.942320629385138,-266.694087404885,1.34896180898744,3,"Optimization has converged.",460,"not evaluated"
"461","CoopBreed","Syll.song.max",3.62301085198714e-11,0.12660507052173,-289.984927050459,1.2663103954483,0.0846996295209373,0.594494876514613,-268.081142302933,1.26594313674686,3,"Optimization has converged.",461,"not evaluated"
"462","CoopBreed","Syll.song.max",9.36937871579446e-12,0.12660507052173,-289.984927050459,1.2663103954483,0.0826980045772515,0.679180091172372,-266.756872490658,1.28892680722406,3,"Optimization has converged.",462,"not evaluated"
"463","CoopBreed","Syll.song.max",1.4988327950489e-11,0.12660507052173,-289.984927050459,1.2663103954483,0.0795325475969335,0.708790555377485,-267.217085744842,1.26659033405983,3,"Optimization has converged.",463,"not evaluated"
"464","CoopBreed","Syll.song.max",3.80450811392322e-10,0.12660507052173,-289.984927050459,1.2663103954483,0.0863815939199288,0.516565566890877,-270.379580287621,1.26452618443235,3,"Optimization has converged.",464,"not evaluated"
"465","CoopBreed","Syll.song.max",6.42813964491245e-06,0.12660507052173,-289.984927050459,1.2663103954483,0.0889141052906733,1.28296133711715,-279.806781411877,1.26620245682779,3,"Optimization has converged.",465,"not evaluated"
"466","CoopBreed","Syll.song.max",0.96126641989737,0.12660507052173,-289.984927050459,1.2663103954483,0.126262401102259,0.131923720194837,-289.983747798689,1.26631557228372,3,"Optimization has converged.",466,"not evaluated"
"467","CoopBreed","Syll.song.max",0.708007620111498,0.12660507052173,-289.984927050459,1.2663103954483,0.128787548183246,0.0863648836164518,-289.914789470947,1.26631769457834,3,"Optimization has converged.",467,"not evaluated"
"468","CoopBreed","Syll.song.max",3.03472353934381e-08,0.12660507052173,-289.984927050459,1.2663103954483,0.0869810210910417,0.56998767473044,-274.642331506262,1.1384861039681,3,"Optimization has converged.",468,"not evaluated"
"469","CoopBreed","Syll.song.max",1.75737451004385e-11,0.12660507052173,-289.984927050459,1.2663103954483,0.0829443882233412,0.858861223190121,-267.372922875801,1.26633130933499,3,"Optimization has converged.",469,"not evaluated"
"470","CoopBreed","Syll.song.max",4.86185553317131e-10,0.12660507052173,-289.984927050459,1.2663103954483,0.0798004659097178,1.69158251206395,-270.618952403609,1.27093450293264,3,"Optimization has converged.",470,"not evaluated"
"471","CoopBreed","Syll.song.max",1.1321026330426e-08,0.12660507052173,-289.984927050459,1.2663103954483,0.0843770965373503,0.84829808347969,-273.684888543884,1.26621631070358,3,"Optimization has converged.",471,"not evaluated"
"472","CoopBreed","Syll.song.max",0.000750824716054539,0.12660507052173,-289.984927050459,1.2663103954483,0.0885203139540583,2.54202256502385,-284.305417548784,0.943468052149742,3,"Optimization has converged.",472,"not evaluated"
"473","CoopBreed","Syll.song.max",1.86868380518682e-11,0.12660507052173,-289.984927050459,1.2663103954483,0.0833415449598225,1.30073744262802,-267.433058104806,1.26645558064651,3,"Optimization has converged.",473,"not evaluated"
"474","CoopBreed","Syll.song.max",9.37140270692133e-09,0.12660507052173,-289.984927050459,1.2663103954483,0.0846446277322856,1.58296976524271,-273.501193961206,1.29797709662667,3,"Optimization has converged.",474,"not evaluated"
"475","CoopBreed","Syll.song.max",1.62302839473024e-11,0.12660507052173,-289.984927050459,1.2663103954483,0.0841635807358535,0.654855885136549,-267.295046128886,1.42508500115627,3,"Optimization has converged.",475,"not evaluated"
"476","CoopBreed","Syll.song.max",0.000198206625836063,0.12660507052173,-289.984927050459,1.2663103954483,0.0906111893231969,1.13313755662507,-283.060922528693,1.31359841273991,3,"Optimization has converged.",476,"not evaluated"
"477","CoopBreed","Syll.song.max",0.000892996904306042,0.12660507052173,-289.984927050459,1.2663103954483,0.0838502837517463,1.5358589525416,-284.466306846689,1.26633357660811,3,"Optimization has converged.",477,"not evaluated"
"478","CoopBreed","Syll.song.max",3.75869248358481e-05,0.12660507052173,-289.984927050459,1.2663103954483,0.0867341887644119,3.13955436207728,-281.490172400802,1.4955481511292,3,"Optimization has converged.",478,"not evaluated"
"479","CoopBreed","Syll.song.max",5.05693365260089e-09,0.12660507052173,-289.984927050459,1.2663103954483,0.0866910425514127,0.445968504113287,-272.901232639223,1.05450559068311,3,"Optimization has converged.",479,"not evaluated"
"480","CoopBreed","Syll.song.max",5.03013820285798e-08,0.12660507052173,-289.984927050459,1.2663103954483,0.0869880610680525,0.797591377590566,-275.132359200545,1.17393523762025,3,"Optimization has converged.",480,"not evaluated"
"481","CoopBreed","Syll.song.max",0.000186055704423909,0.12660507052173,-289.984927050459,1.2663103954483,0.0868471834262005,5.33721814373828,-283.001467807029,1.346817430748,3,"Optimization has converged.",481,"not evaluated"
"482","CoopBreed","Syll.song.max",3.25950902132362e-08,0.12660507052173,-289.984927050459,1.2663103954483,0.0852803232354207,0.95162590529935,-274.711651811333,1.30304922137228,3,"Optimization has converged.",482,"not evaluated"
"483","CoopBreed","Syll.song.max",1.47972182594898e-07,0.12660507052173,-289.984927050459,1.2663103954483,0.0856655069501013,1.64537720505768,-276.17707285093,1.3329876433514,3,"Optimization has converged.",483,"not evaluated"
"484","CoopBreed","Syll.song.max",6.63653048210947e-12,0.12660507052173,-289.984927050459,1.2663103954483,0.082961899942553,0.927206184350931,-266.418956451465,1.26664059448166,3,"Optimization has converged.",484,"not evaluated"
"485","CoopBreed","Syll.song.max",7.30245843279373e-13,0.12660507052173,-289.984927050459,1.2663103954483,0.082073331466892,1.20854550329949,-264.25430560043,1.32690879254695,3,"Optimization has converged.",485,"not evaluated"
"486","CoopBreed","Syll.song.max",0.00361963262634191,0.12660507052173,-289.984927050459,1.2663103954483,0.0920985126744749,1.23710917072915,-285.752221065377,1.26628138896829,3,"Optimization has converged.",486,"not evaluated"
"487","CoopBreed","Syll.song.max",2.46928321105933e-10,0.12660507052173,-289.984927050459,1.2663103954483,0.0846975759472226,0.574008591726449,-269.957491911358,1.03761289026801,3,"Optimization has converged.",487,"not evaluated"
"488","CoopBreed","Syll.song.max",3.05200065070762e-10,0.12660507052173,-289.984927050459,1.2663103954483,0.0853294072426841,0.630490414763389,-270.164401656258,1.266197692709,3,"Optimization has converged.",488,"not evaluated"
"489","CoopBreed","Syll.song.max",5.67325740112611e-07,0.12660507052173,-289.984927050459,1.2663103954483,0.0874345969091922,0.912582479188036,-277.474822816355,1.26640245316309,3,"Optimization has converged.",489,"not evaluated"
"490","CoopBreed","Syll.song.max",0.000124537128941069,0.12660507052173,-289.984927050459,1.2663103954483,0.0869853147927623,2.93516356434414,-282.623571832905,1.26680531817439,3,"Optimization has converged.",490,"not evaluated"
"491","CoopBreed","Syll.song.max",4.27744701887674e-10,0.12660507052173,-289.984927050459,1.2663103954483,0.08512772984121,0.902924261658046,-270.493957831846,1.3249630461902,3,"Optimization has converged.",491,"not evaluated"
"492","CoopBreed","Syll.song.max",1.0255961707416e-06,0.12660507052173,-289.984927050459,1.2663103954483,0.0873204142688626,1.5410924638472,-278.045191248243,1.38083234036937,3,"Optimization has converged.",492,"not evaluated"
"493","CoopBreed","Syll.song.max",5.91533767584599e-10,0.12660507052173,-289.984927050459,1.2663103954483,0.0854213219776595,0.91167084633986,-270.810344259618,1.39511811998775,3,"Optimization has converged.",493,"not evaluated"
"494","CoopBreed","Syll.song.max",4.72861619140802e-07,0.12660507052173,-289.984927050459,1.2663103954483,0.085249425580853,2.33374602572357,-277.299195307711,1.33137123092893,3,"Optimization has converged.",494,"not evaluated"
"495","CoopBreed","Syll.song.max",1.39855794958151e-07,0.12660507052173,-289.984927050459,1.2663103954483,0.0856343331928589,1.23868103819774,-276.122510328888,1.30752543640399,3,"Optimization has converged.",495,"not evaluated"
"496","CoopBreed","Syll.song.max",3.80283009743944e-09,0.12660507052173,-289.984927050459,1.2663103954483,0.0858476025421964,0.716611296294407,-272.623859508012,1.26627917260904,3,"Optimization has converged.",496,"not evaluated"
"497","CoopBreed","Syll.song.max",0.000266992820381728,0.12660507052173,-289.984927050459,1.2663103954483,0.0886592989763,1.83608715242985,-283.340514768473,1.3025088506536,3,"Optimization has converged.",497,"not evaluated"
"498","CoopBreed","Syll.song.max",0.000149257691355278,0.12660507052173,-289.984927050459,1.2663103954483,0.0879052064773311,2.75063653940552,-282.794152635387,1.26635044475851,3,"Optimization has converged.",498,"not evaluated"
"499","CoopBreed","Syll.song.max",4.81809259047464e-08,0.12660507052173,-289.984927050459,1.2663103954483,0.0858535064613621,1.20668165505731,-275.090611765505,1.35967162841583,3,"Optimization has converged.",499,"not evaluated"
"500","CoopBreed","Syll.song.max",3.20285552579925e-11,0.12660507052173,-289.984927050459,1.2663103954483,0.0833431881704662,0.556945099535375,-267.960512946594,1.40852615770685,3,"Optimization has converged.",500,"not evaluated"
